rank= 48 Lx=Ly=12 pg= 0.700 ids=  48 TEE1=-0.097 TEE2=-0.007 TEE3= 0.000  TEE4= 0.000  TEE5= 0.000  TEE6= 0.000
rank= 49 Lx=Ly=12 pg= 0.700 ids=  49 TEE1=-0.479 TEE2=-0.472 TEE3=-0.389  TEE4=-0.208  TEE5=-0.104  TEE6= 0.000
rank= 37 Lx=Ly=12 pg= 0.700 ids=  37 TEE1=-0.028 TEE2= 0.000 TEE3= 0.000  TEE4= 0.000  TEE5= 0.000  TEE6= 0.000
rank= 41 Lx=Ly=12 pg= 0.700 ids=  41 TEE1=-0.021 TEE2= 0.000 TEE3= 0.000  TEE4= 0.000  TEE5= 0.000  TEE6= 0.000
rank= 43 Lx=Ly=12 pg= 0.700 ids=  43 TEE1=-0.104 TEE2=-0.042 TEE3= 0.062  TEE4= 0.139  TEE5= 0.257  TEE6= 0.299
rank= 32 Lx=Ly=12 pg= 0.700 ids=  32 TEE1=-0.028 TEE2= 0.000 TEE3= 0.000  TEE4= 0.000  TEE5= 0.000  TEE6= 0.000
rank= 34 Lx=Ly=12 pg= 0.700 ids=  34 TEE1=-0.160 TEE2= 0.007 TEE3= 0.028  TEE4= 0.035  TEE5= 0.042  TEE6= 0.042
rank= 45 Lx=Ly=12 pg= 0.700 ids=  45 TEE1=-0.042 TEE2= 0.007 TEE3= 0.007  TEE4= 0.000  TEE5= 0.000  TEE6= 0.000
rank= 39 Lx=Ly=12 pg= 0.700 ids=  39 TEE1=-0.021 TEE2= 0.007 TEE3= 0.014  TEE4= 0.007  TEE5= 0.007  TEE6= 0.000
rank= 35 Lx=Ly=12 pg= 0.700 ids=  35 TEE1=-0.167 TEE2=-0.028 TEE3= 0.007  TEE4= 0.000  TEE5= 0.000  TEE6= 0.000
rank= 36 Lx=Ly=12 pg= 0.700 ids=  36 TEE1= 0.007 TEE2= 0.000 TEE3= 0.000  TEE4= 0.000  TEE5= 0.000  TEE6= 0.000
rank= 42 Lx=Ly=12 pg= 0.700 ids=  42 TEE1=-0.215 TEE2=-0.167 TEE3=-0.076  TEE4= 0.076  TEE5= 0.194  TEE6= 0.229
rank= 40 Lx=Ly=12 pg= 0.700 ids=  40 TEE1=-0.174 TEE2=-0.042 TEE3= 0.007  TEE4= 0.007  TEE5= 0.007  TEE6= 0.000
rank= 47 Lx=Ly=12 pg= 0.700 ids=  47 TEE1=-0.007 TEE2= 0.021 TEE3= 0.021  TEE4= 0.007  TEE5= 0.007  TEE6= 0.007
rank= 44 Lx=Ly=12 pg= 0.700 ids=  44 TEE1=-0.049 TEE2=-0.007 TEE3= 0.000  TEE4= 0.000  TEE5= 0.014  TEE6= 0.000
rank= 33 Lx=Ly=12 pg= 0.700 ids=  33 TEE1=-0.278 TEE2=-0.139 TEE3= 0.007  TEE4= 0.312  TEE5= 0.528  TEE6= 0.597
rank= 46 Lx=Ly=12 pg= 0.700 ids=  46 TEE1=-0.035 TEE2= 0.014 TEE3= 0.021  TEE4= 0.014  TEE5= 0.021  TEE6= 0.000
rank= 38 Lx=Ly=12 pg= 0.700 ids=  38 TEE1=-0.062 TEE2= 0.000 TEE3= 0.000  TEE4= 0.000  TEE5= 0.000  TEE6= 0.000
rank= 23 Lx=Ly=12 pg= 0.700 ids=  23 TEE1=-0.076 TEE2= 0.000 TEE3= 0.000  TEE4= 0.000  TEE5= 0.000  TEE6= 0.000
rank=  3 Lx=Ly=12 pg= 0.700 ids=   3 TEE1=-0.014 TEE2= 0.083 TEE3= 0.083  TEE4= 0.056  TEE5= 0.056  TEE6= 0.069
rank=  0 Lx=Ly=12 pg= 0.700 ids=   0 TEE1= 0.028 TEE2= 0.049 TEE3= 0.069  TEE4= 0.090  TEE5= 0.097  TEE6= 0.083
rank=  9 Lx=Ly=12 pg= 0.700 ids=   9 TEE1=-0.160 TEE2=-0.021 TEE3= 0.028  TEE4= 0.097  TEE5= 0.146  TEE6= 0.271
rank= 18 Lx=Ly=12 pg= 0.700 ids=  18 TEE1=-0.208 TEE2=-0.090 TEE3=-0.021  TEE4= 0.000  TEE5= 0.000  TEE6= 0.000
rank= 19 Lx=Ly=12 pg= 0.700 ids=  19 TEE1=-0.007 TEE2= 0.000 TEE3= 0.000  TEE4= 0.000  TEE5= 0.000  TEE6= 0.000
rank=  1 Lx=Ly=12 pg= 0.700 ids=   1 TEE1=-0.125 TEE2=-0.056 TEE3= 0.014  TEE4= 0.056  TEE5= 0.062  TEE6= 0.194
rank=  7 Lx=Ly=12 pg= 0.700 ids=   7 TEE1=-0.007 TEE2= 0.000 TEE3= 0.000  TEE4= 0.000  TEE5= 0.000  TEE6= 0.000
rank= 21 Lx=Ly=12 pg= 0.700 ids=  21 TEE1=-0.090 TEE2=-0.014 TEE3= 0.007  TEE4= 0.000  TEE5= 0.014  TEE6= 0.014
rank= 17 Lx=Ly=12 pg= 0.700 ids=  17 TEE1=-0.007 TEE2= 0.000 TEE3= 0.000  TEE4= 0.000  TEE5= 0.000  TEE6= 0.000
rank= 15 Lx=Ly=12 pg= 0.700 ids=  15 TEE1= 0.000 TEE2= 0.000 TEE3= 0.007  TEE4= 0.007  TEE5= 0.007  TEE6= 0.000
rank= 27 Lx=Ly=12 pg= 0.700 ids=  27 TEE1= 0.007 TEE2= 0.056 TEE3= 0.062  TEE4= 0.028  TEE5= 0.028  TEE6= 0.083
rank= 31 Lx=Ly=12 pg= 0.700 ids=  31 TEE1= 0.000 TEE2= 0.000 TEE3= 0.000  TEE4= 0.000  TEE5= 0.000  TEE6= 0.000
rank=  5 Lx=Ly=12 pg= 0.700 ids=   5 TEE1=-0.160 TEE2= 0.000 TEE3= 0.208  TEE4= 0.424  TEE5= 0.618  TEE6= 0.729
rank= 25 Lx=Ly=12 pg= 0.700 ids=  25 TEE1=-0.014 TEE2= 0.000 TEE3= 0.000  TEE4= 0.000  TEE5= 0.000  TEE6= 0.000
rank= 29 Lx=Ly=12 pg= 0.700 ids=  29 TEE1=-0.056 TEE2=-0.007 TEE3= 0.000  TEE4= 0.007  TEE5= 0.000  TEE6= 0.000
rank= 10 Lx=Ly=12 pg= 0.700 ids=  10 TEE1=-0.028 TEE2= 0.007 TEE3= 0.000  TEE4= 0.000  TEE5= 0.000  TEE6= 0.000
rank=  4 Lx=Ly=12 pg= 0.700 ids=   4 TEE1=-0.132 TEE2=-0.014 TEE3= 0.000  TEE4= 0.000  TEE5= 0.000  TEE6= 0.000
rank= 16 Lx=Ly=12 pg= 0.700 ids=  16 TEE1=-0.035 TEE2= 0.000 TEE3= 0.000  TEE4= 0.000  TEE5= 0.000  TEE6= 0.000
rank= 13 Lx=Ly=12 pg= 0.700 ids=  13 TEE1=-0.424 TEE2=-0.333 TEE3=-0.201  TEE4=-0.062  TEE5= 0.083  TEE6= 0.208
rank= 20 Lx=Ly=12 pg= 0.700 ids=  20 TEE1=-0.021 TEE2= 0.000 TEE3= 0.000  TEE4= 0.000  TEE5= 0.000  TEE6= 0.000
rank=  6 Lx=Ly=12 pg= 0.700 ids=   6 TEE1=-0.146 TEE2=-0.028 TEE3= 0.049  TEE4= 0.111  TEE5= 0.153  TEE6= 0.229
rank= 11 Lx=Ly=12 pg= 0.700 ids=  11 TEE1=-0.264 TEE2=-0.132 TEE3=-0.007  TEE4= 0.069  TEE5= 0.118  TEE6= 0.174
rank= 30 Lx=Ly=12 pg= 0.700 ids=  30 TEE1= 0.028 TEE2= 0.007 TEE3= 0.007  TEE4= 0.000  TEE5= 0.007  TEE6= 0.014
rank= 22 Lx=Ly=12 pg= 0.700 ids=  22 TEE1=-0.097 TEE2= 0.000 TEE3= 0.007  TEE4= 0.000  TEE5= 0.000  TEE6= 0.007
rank= 12 Lx=Ly=12 pg= 0.700 ids=  12 TEE1=-0.049 TEE2= 0.042 TEE3= 0.069  TEE4= 0.083  TEE5= 0.097  TEE6= 0.090
rank= 28 Lx=Ly=12 pg= 0.700 ids=  28 TEE1=-0.215 TEE2=-0.014 TEE3=-0.007  TEE4= 0.000  TEE5= 0.000  TEE6= 0.000
rank=  8 Lx=Ly=12 pg= 0.700 ids=   8 TEE1=-0.062 TEE2= 0.000 TEE3= 0.028  TEE4= 0.028  TEE5= 0.021  TEE6= 0.028
rank= 24 Lx=Ly=12 pg= 0.700 ids=  24 TEE1=-0.021 TEE2= 0.000 TEE3= 0.000  TEE4= 0.000  TEE5= 0.000  TEE6= 0.000
rank=  2 Lx=Ly=12 pg= 0.700 ids=   2 TEE1=-0.097 TEE2=-0.021 TEE3= 0.097  TEE4= 0.208  TEE5= 0.278  TEE6= 0.375
rank= 14 Lx=Ly=12 pg= 0.700 ids=  14 TEE1=-0.118 TEE2= 0.035 TEE3= 0.167  TEE4= 0.306  TEE5= 0.361  TEE6= 0.465
rank= 26 Lx=Ly=12 pg= 0.700 ids=  26 TEE1=-0.181 TEE2=-0.028 TEE3= 0.021  TEE4= 0.049  TEE5= 0.049  TEE6= 0.042
rank= 48 Lx=Ly=12 pg= 0.710 ids=  48 TEE1=-0.049 TEE2= 0.007 TEE3= 0.000  TEE4= 0.000  TEE5= 0.000  TEE6= 0.000
rank= 49 Lx=Ly=12 pg= 0.710 ids=  49 TEE1=-0.292 TEE2=-0.104 TEE3=-0.021  TEE4=-0.007  TEE5= 0.007  TEE6= 0.007
rank= 37 Lx=Ly=12 pg= 0.710 ids=  37 TEE1=-0.028 TEE2= 0.000 TEE3= 0.000  TEE4= 0.000  TEE5= 0.000  TEE6= 0.000
rank= 32 Lx=Ly=12 pg= 0.710 ids=  32 TEE1= 0.007 TEE2= 0.014 TEE3= 0.014  TEE4= 0.000  TEE5= 0.014  TEE6= 0.007
rank= 34 Lx=Ly=12 pg= 0.710 ids=  34 TEE1=-0.111 TEE2=-0.021 TEE3= 0.007  TEE4= 0.000  TEE5= 0.000  TEE6= 0.000
rank= 35 Lx=Ly=12 pg= 0.710 ids=  35 TEE1=-0.111 TEE2= 0.000 TEE3= 0.028  TEE4= 0.007  TEE5= 0.007  TEE6= 0.014
rank= 43 Lx=Ly=12 pg= 0.710 ids=  43 TEE1=-0.146 TEE2=-0.042 TEE3=-0.007  TEE4= 0.007  TEE5= 0.014  TEE6= 0.007
rank= 41 Lx=Ly=12 pg= 0.710 ids=  41 TEE1= 0.007 TEE2=-0.007 TEE3= 0.007  TEE4= 0.007  TEE5= 0.000  TEE6= 0.000
rank= 45 Lx=Ly=12 pg= 0.710 ids=  45 TEE1=-0.049 TEE2= 0.000 TEE3= 0.000  TEE4= 0.000  TEE5= 0.000  TEE6= 0.000
rank= 39 Lx=Ly=12 pg= 0.710 ids=  39 TEE1=-0.014 TEE2= 0.000 TEE3= 0.000  TEE4= 0.000  TEE5= 0.000  TEE6= 0.000
rank= 42 Lx=Ly=12 pg= 0.710 ids=  42 TEE1=-0.049 TEE2= 0.007 TEE3= 0.000  TEE4= 0.000  TEE5= 0.000  TEE6= 0.000
rank= 47 Lx=Ly=12 pg= 0.710 ids=  47 TEE1=-0.097 TEE2=-0.007 TEE3= 0.000  TEE4= 0.000  TEE5= 0.000  TEE6= 0.000
rank= 33 Lx=Ly=12 pg= 0.710 ids=  33 TEE1=-0.049 TEE2= 0.028 TEE3= 0.014  TEE4= 0.007  TEE5= 0.007  TEE6= 0.028
rank= 36 Lx=Ly=12 pg= 0.710 ids=  36 TEE1=-0.083 TEE2= 0.000 TEE3= 0.014  TEE4= 0.021  TEE5= 0.014  TEE6= 0.007
rank= 23 Lx=Ly=12 pg= 0.710 ids=  23 TEE1=-0.104 TEE2=-0.007 TEE3= 0.049  TEE4= 0.062  TEE5= 0.062  TEE6= 0.062
rank= 40 Lx=Ly=12 pg= 0.710 ids=  40 TEE1=-0.132 TEE2=-0.035 TEE3=-0.014  TEE4= 0.007  TEE5= 0.014  TEE6= 0.014
rank= 46 Lx=Ly=12 pg= 0.710 ids=  46 TEE1=-0.104 TEE2= 0.000 TEE3= 0.000  TEE4= 0.000  TEE5= 0.000  TEE6= 0.000
rank= 38 Lx=Ly=12 pg= 0.710 ids=  38 TEE1=-0.042 TEE2= 0.000 TEE3= 0.000  TEE4= 0.000  TEE5= 0.000  TEE6= 0.000
rank= 44 Lx=Ly=12 pg= 0.710 ids=  44 TEE1=-0.215 TEE2=-0.007 TEE3= 0.083  TEE4= 0.076  TEE5= 0.083  TEE6= 0.062
rank=  0 Lx=Ly=12 pg= 0.710 ids=   0 TEE1=-0.208 TEE2=-0.069 TEE3=-0.014  TEE4=-0.007  TEE5= 0.000  TEE6= 0.000
rank=  3 Lx=Ly=12 pg= 0.710 ids=   3 TEE1=-0.021 TEE2=-0.007 TEE3= 0.000  TEE4= 0.007  TEE5= 0.000  TEE6= 0.000
rank=  9 Lx=Ly=12 pg= 0.710 ids=   9 TEE1= 0.000 TEE2= 0.000 TEE3= 0.000  TEE4= 0.000  TEE5= 0.000  TEE6= 0.000
rank= 17 Lx=Ly=12 pg= 0.710 ids=  17 TEE1=-0.056 TEE2= 0.014 TEE3= 0.049  TEE4= 0.042  TEE5= 0.028  TEE6= 0.035
rank=  1 Lx=Ly=12 pg= 0.710 ids=   1 TEE1=-0.056 TEE2= 0.000 TEE3= 0.000  TEE4= 0.000  TEE5= 0.000  TEE6= 0.000
rank= 19 Lx=Ly=12 pg= 0.710 ids=  19 TEE1=-0.014 TEE2= 0.028 TEE3= 0.056  TEE4= 0.056  TEE5= 0.056  TEE6= 0.062
rank= 21 Lx=Ly=12 pg= 0.710 ids=  21 TEE1= 0.000 TEE2= 0.000 TEE3= 0.000  TEE4= 0.000  TEE5= 0.000  TEE6= 0.000
rank= 18 Lx=Ly=12 pg= 0.710 ids=  18 TEE1=-0.174 TEE2=-0.028 TEE3= 0.000  TEE4= 0.000  TEE5= 0.000  TEE6= 0.000
rank=  7 Lx=Ly=12 pg= 0.710 ids=   7 TEE1=-0.188 TEE2=-0.014 TEE3= 0.014  TEE4= 0.021  TEE5= 0.035  TEE6= 0.014
rank= 29 Lx=Ly=12 pg= 0.710 ids=  29 TEE1= 0.000 TEE2= 0.000 TEE3= 0.000  TEE4= 0.000  TEE5= 0.000  TEE6= 0.000
rank= 15 Lx=Ly=12 pg= 0.710 ids=  15 TEE1=-0.014 TEE2= 0.000 TEE3= 0.000  TEE4= 0.000  TEE5= 0.000  TEE6= 0.000
rank= 28 Lx=Ly=12 pg= 0.710 ids=  28 TEE1=-0.118 TEE2= 0.056 TEE3= 0.083  TEE4= 0.083  TEE5= 0.083  TEE6= 0.118
rank= 27 Lx=Ly=12 pg= 0.710 ids=  27 TEE1=-0.090 TEE2= 0.000 TEE3= 0.000  TEE4= 0.007  TEE5= 0.000  TEE6= 0.000
rank=  5 Lx=Ly=12 pg= 0.710 ids=   5 TEE1=-0.021 TEE2= 0.000 TEE3= 0.000  TEE4= 0.000  TEE5= 0.000  TEE6= 0.000
rank=  4 Lx=Ly=12 pg= 0.710 ids=   4 TEE1=-0.153 TEE2= 0.007 TEE3= 0.083  TEE4= 0.111  TEE5= 0.104  TEE6= 0.097
rank= 31 Lx=Ly=12 pg= 0.710 ids=  31 TEE1=-0.049 TEE2= 0.000 TEE3= 0.007  TEE4= 0.000  TEE5= 0.014  TEE6= 0.014
rank= 13 Lx=Ly=12 pg= 0.710 ids=  13 TEE1=-0.125 TEE2=-0.007 TEE3= 0.007  TEE4= 0.000  TEE5= 0.007  TEE6= 0.000
rank=  6 Lx=Ly=12 pg= 0.710 ids=   6 TEE1=-0.104 TEE2=-0.028 TEE3= 0.000  TEE4= 0.000  TEE5= 0.000  TEE6= 0.000
rank= 25 Lx=Ly=12 pg= 0.710 ids=  25 TEE1=-0.042 TEE2= 0.000 TEE3= 0.000  TEE4= 0.000  TEE5= 0.007  TEE6= 0.000
rank=  2 Lx=Ly=12 pg= 0.710 ids=   2 TEE1= 0.000 TEE2= 0.000 TEE3= 0.000  TEE4= 0.000  TEE5= 0.000  TEE6= 0.000
rank= 10 Lx=Ly=12 pg= 0.710 ids=  10 TEE1=-0.056 TEE2= 0.000 TEE3= 0.000  TEE4= 0.000  TEE5= 0.000  TEE6= 0.000
rank= 11 Lx=Ly=12 pg= 0.710 ids=  11 TEE1=-0.035 TEE2= 0.000 TEE3= 0.000  TEE4= 0.000  TEE5= 0.000  TEE6= 0.000
rank= 14 Lx=Ly=12 pg= 0.710 ids=  14 TEE1=-0.028 TEE2= 0.000 TEE3= 0.000  TEE4= 0.000  TEE5= 0.000  TEE6= 0.000
rank= 24 Lx=Ly=12 pg= 0.710 ids=  24 TEE1=-0.049 TEE2= 0.000 TEE3= 0.000  TEE4= 0.000  TEE5= 0.000  TEE6= 0.000
rank= 12 Lx=Ly=12 pg= 0.710 ids=  12 TEE1=-0.090 TEE2= 0.007 TEE3= 0.021  TEE4= 0.014  TEE5= 0.014  TEE6= 0.014
rank= 16 Lx=Ly=12 pg= 0.710 ids=  16 TEE1=-0.049 TEE2=-0.014 TEE3= 0.000  TEE4= 0.000  TEE5= 0.007  TEE6= 0.014
rank=  8 Lx=Ly=12 pg= 0.710 ids=   8 TEE1=-0.181 TEE2=-0.021 TEE3= 0.000  TEE4= 0.007  TEE5= 0.000  TEE6= 0.000
rank= 22 Lx=Ly=12 pg= 0.710 ids=  22 TEE1=-0.181 TEE2= 0.007 TEE3= 0.035  TEE4= 0.056  TEE5= 0.062  TEE6= 0.076
rank= 30 Lx=Ly=12 pg= 0.710 ids=  30 TEE1=-0.111 TEE2=-0.028 TEE3= 0.000  TEE4= 0.000  TEE5= 0.000  TEE6= 0.000
rank= 20 Lx=Ly=12 pg= 0.710 ids=  20 TEE1=-0.049 TEE2=-0.007 TEE3= 0.000  TEE4= 0.007  TEE5= 0.007  TEE6= 0.007
rank= 26 Lx=Ly=12 pg= 0.710 ids=  26 TEE1=-0.104 TEE2= 0.000 TEE3= 0.000  TEE4= 0.000  TEE5= 0.007  TEE6= 0.000
rank= 48 Lx=Ly=12 pg= 0.720 ids=  48 TEE1= 0.000 TEE2= 0.000 TEE3= 0.000  TEE4= 0.000  TEE5= 0.000  TEE6= 0.000
rank= 49 Lx=Ly=12 pg= 0.720 ids=  49 TEE1=-0.306 TEE2=-0.111 TEE3=-0.021  TEE4= 0.000  TEE5= 0.007  TEE6= 0.000
rank= 37 Lx=Ly=12 pg= 0.720 ids=  37 TEE1=-0.056 TEE2= 0.007 TEE3= 0.007  TEE4= 0.000  TEE5= 0.007  TEE6= 0.007
rank= 23 Lx=Ly=12 pg= 0.720 ids=  23 TEE1=-0.014 TEE2= 0.000 TEE3= 0.000  TEE4= 0.000  TEE5= 0.000  TEE6= 0.000
rank= 32 Lx=Ly=12 pg= 0.720 ids=  32 TEE1=-0.021 TEE2= 0.014 TEE3= 0.000  TEE4= 0.000  TEE5= 0.000  TEE6= 0.007
rank= 35 Lx=Ly=12 pg= 0.720 ids=  35 TEE1=-0.083 TEE2= 0.014 TEE3= 0.021  TEE4= 0.028  TEE5= 0.028  TEE6= 0.021
rank= 41 Lx=Ly=12 pg= 0.720 ids=  41 TEE1=-0.007 TEE2= 0.007 TEE3= 0.021  TEE4= 0.007  TEE5= 0.007  TEE6= 0.014
rank= 34 Lx=Ly=12 pg= 0.720 ids=  34 TEE1=-0.188 TEE2=-0.021 TEE3= 0.000  TEE4= 0.007  TEE5= 0.000  TEE6= 0.000
rank= 43 Lx=Ly=12 pg= 0.720 ids=  43 TEE1=-0.076 TEE2= 0.000 TEE3= 0.000  TEE4= 0.014  TEE5= 0.014  TEE6= 0.000
rank= 42 Lx=Ly=12 pg= 0.720 ids=  42 TEE1=-0.028 TEE2= 0.014 TEE3= 0.021  TEE4= 0.021  TEE5= 0.028  TEE6= 0.021
rank= 45 Lx=Ly=12 pg= 0.720 ids=  45 TEE1=-0.229 TEE2=-0.028 TEE3= 0.000  TEE4= 0.000  TEE5= 0.007  TEE6= 0.007
rank= 39 Lx=Ly=12 pg= 0.720 ids=  39 TEE1=-0.069 TEE2= 0.000 TEE3= 0.000  TEE4= 0.000  TEE5= 0.000  TEE6= 0.000
rank= 33 Lx=Ly=12 pg= 0.720 ids=  33 TEE1=-0.146 TEE2=-0.007 TEE3= 0.021  TEE4= 0.021  TEE5= 0.007  TEE6= 0.014
rank= 36 Lx=Ly=12 pg= 0.720 ids=  36 TEE1=-0.042 TEE2=-0.007 TEE3= 0.000  TEE4= 0.000  TEE5= 0.007  TEE6= 0.000
rank= 47 Lx=Ly=12 pg= 0.720 ids=  47 TEE1=-0.160 TEE2=-0.035 TEE3= 0.000  TEE4= 0.000  TEE5= 0.000  TEE6= 0.007
rank= 40 Lx=Ly=12 pg= 0.720 ids=  40 TEE1=-0.083 TEE2= 0.000 TEE3= 0.007  TEE4= 0.000  TEE5= 0.000  TEE6= 0.000
rank= 46 Lx=Ly=12 pg= 0.720 ids=  46 TEE1=-0.014 TEE2= 0.007 TEE3= 0.000  TEE4= 0.000  TEE5= 0.000  TEE6= 0.000
rank=  0 Lx=Ly=12 pg= 0.720 ids=   0 TEE1=-0.076 TEE2= 0.035 TEE3= 0.042  TEE4= 0.007  TEE5= 0.028  TEE6= 0.042
rank= 44 Lx=Ly=12 pg= 0.720 ids=  44 TEE1=-0.028 TEE2= 0.035 TEE3= 0.021  TEE4= 0.021  TEE5= 0.042  TEE6= 0.035
rank= 38 Lx=Ly=12 pg= 0.720 ids=  38 TEE1=-0.139 TEE2= 0.028 TEE3= 0.028  TEE4= 0.021  TEE5= 0.021  TEE6= 0.014
rank=  3 Lx=Ly=12 pg= 0.720 ids=   3 TEE1=-0.042 TEE2= 0.000 TEE3= 0.000  TEE4= 0.000  TEE5= 0.000  TEE6= 0.000
rank= 17 Lx=Ly=12 pg= 0.720 ids=  17 TEE1=-0.076 TEE2=-0.007 TEE3= 0.000  TEE4= 0.000  TEE5= 0.000  TEE6= 0.000
rank=  9 Lx=Ly=12 pg= 0.720 ids=   9 TEE1=-0.160 TEE2=-0.042 TEE3= 0.007  TEE4= 0.007  TEE5= 0.007  TEE6= 0.007
rank= 19 Lx=Ly=12 pg= 0.720 ids=  19 TEE1=-0.042 TEE2= 0.021 TEE3= 0.028  TEE4= 0.014  TEE5= 0.007  TEE6= 0.021
rank=  1 Lx=Ly=12 pg= 0.720 ids=   1 TEE1=-0.028 TEE2= 0.007 TEE3= 0.000  TEE4= 0.000  TEE5= 0.000  TEE6= 0.000
rank= 21 Lx=Ly=12 pg= 0.720 ids=  21 TEE1=-0.188 TEE2=-0.014 TEE3= 0.097  TEE4= 0.160  TEE5= 0.160  TEE6= 0.194
rank= 18 Lx=Ly=12 pg= 0.720 ids=  18 TEE1=-0.146 TEE2=-0.014 TEE3= 0.000  TEE4= 0.000  TEE5= 0.000  TEE6= 0.000
rank= 28 Lx=Ly=12 pg= 0.720 ids=  28 TEE1=-0.069 TEE2= 0.014 TEE3= 0.007  TEE4= 0.007  TEE5= 0.007  TEE6= 0.021
rank=  7 Lx=Ly=12 pg= 0.720 ids=   7 TEE1=-0.007 TEE2= 0.000 TEE3= 0.000  TEE4= 0.000  TEE5= 0.000  TEE6= 0.000
rank=  6 Lx=Ly=12 pg= 0.720 ids=   6 TEE1=-0.076 TEE2= 0.000 TEE3= 0.000  TEE4= 0.000  TEE5= 0.000  TEE6= 0.000
rank=  4 Lx=Ly=12 pg= 0.720 ids=   4 TEE1=-0.194 TEE2=-0.056 TEE3=-0.007  TEE4= 0.007  TEE5= 0.014  TEE6= 0.000
rank=  5 Lx=Ly=12 pg= 0.720 ids=   5 TEE1=-0.097 TEE2=-0.007 TEE3= 0.000  TEE4= 0.000  TEE5= 0.007  TEE6= 0.007
rank= 13 Lx=Ly=12 pg= 0.720 ids=  13 TEE1=-0.035 TEE2= 0.000 TEE3= 0.000  TEE4= 0.000  TEE5= 0.000  TEE6= 0.000
rank= 29 Lx=Ly=12 pg= 0.720 ids=  29 TEE1=-0.007 TEE2= 0.000 TEE3= 0.000  TEE4= 0.000  TEE5= 0.000  TEE6= 0.000
rank= 27 Lx=Ly=12 pg= 0.720 ids=  27 TEE1=-0.056 TEE2= 0.021 TEE3= 0.049  TEE4= 0.014  TEE5= 0.056  TEE6= 0.076
rank= 15 Lx=Ly=12 pg= 0.720 ids=  15 TEE1=-0.062 TEE2= 0.000 TEE3= 0.000  TEE4= 0.000  TEE5= 0.000  TEE6= 0.000
rank= 31 Lx=Ly=12 pg= 0.720 ids=  31 TEE1= 0.007 TEE2= 0.007 TEE3= 0.007  TEE4= 0.007  TEE5= 0.000  TEE6= 0.000
rank=  2 Lx=Ly=12 pg= 0.720 ids=   2 TEE1=-0.139 TEE2=-0.007 TEE3= 0.000  TEE4= 0.000  TEE5= 0.000  TEE6= 0.007
rank= 25 Lx=Ly=12 pg= 0.720 ids=  25 TEE1=-0.069 TEE2= 0.021 TEE3= 0.021  TEE4= 0.000  TEE5= 0.007  TEE6= 0.007
rank= 11 Lx=Ly=12 pg= 0.720 ids=  11 TEE1=-0.028 TEE2= 0.000 TEE3= 0.000  TEE4= 0.000  TEE5= 0.000  TEE6= 0.000
rank= 10 Lx=Ly=12 pg= 0.720 ids=  10 TEE1=-0.153 TEE2=-0.021 TEE3= 0.035  TEE4= 0.049  TEE5= 0.035  TEE6= 0.014
rank= 30 Lx=Ly=12 pg= 0.720 ids=  30 TEE1=-0.076 TEE2= 0.000 TEE3= 0.007  TEE4= 0.000  TEE5= 0.000  TEE6= 0.007
rank= 14 Lx=Ly=12 pg= 0.720 ids=  14 TEE1=-0.056 TEE2= 0.007 TEE3= 0.007  TEE4= 0.007  TEE5= 0.000  TEE6= 0.007
rank=  8 Lx=Ly=12 pg= 0.720 ids=   8 TEE1=-0.028 TEE2= 0.000 TEE3= 0.007  TEE4= 0.000  TEE5= 0.000  TEE6= 0.000
rank= 24 Lx=Ly=12 pg= 0.720 ids=  24 TEE1=-0.056 TEE2= 0.000 TEE3= 0.000  TEE4= 0.000  TEE5= 0.000  TEE6= 0.000
rank= 49 Lx=Ly=12 pg= 0.730 ids=  49 TEE1=-0.111 TEE2=-0.007 TEE3= 0.000  TEE4= 0.000  TEE5= 0.000  TEE6= 0.000
rank= 12 Lx=Ly=12 pg= 0.720 ids=  12 TEE1=-0.146 TEE2= 0.028 TEE3= 0.076  TEE4= 0.021  TEE5= 0.049  TEE6= 0.042
rank= 16 Lx=Ly=12 pg= 0.720 ids=  16 TEE1=-0.049 TEE2= 0.000 TEE3= 0.007  TEE4= 0.007  TEE5= 0.014  TEE6= 0.000
rank= 48 Lx=Ly=12 pg= 0.730 ids=  48 TEE1=-0.111 TEE2=-0.007 TEE3= 0.007  TEE4= 0.007  TEE5= 0.000  TEE6= 0.000
rank= 22 Lx=Ly=12 pg= 0.720 ids=  22 TEE1=-0.271 TEE2=-0.118 TEE3=-0.028  TEE4= 0.000  TEE5= 0.007  TEE6= 0.007
rank= 20 Lx=Ly=12 pg= 0.720 ids=  20 TEE1=-0.222 TEE2=-0.076 TEE3=-0.021  TEE4= 0.000  TEE5= 0.000  TEE6= 0.000
rank= 26 Lx=Ly=12 pg= 0.720 ids=  26 TEE1=-0.014 TEE2= 0.000 TEE3= 0.000  TEE4= 0.000  TEE5= 0.007  TEE6= 0.007
rank= 23 Lx=Ly=12 pg= 0.730 ids=  23 TEE1=-0.076 TEE2= 0.000 TEE3= 0.007  TEE4= 0.000  TEE5= 0.007  TEE6= 0.000
rank= 37 Lx=Ly=12 pg= 0.730 ids=  37 TEE1=-0.042 TEE2= 0.021 TEE3= 0.014  TEE4= 0.021  TEE5= 0.021  TEE6= 0.014
rank= 32 Lx=Ly=12 pg= 0.730 ids=  32 TEE1=-0.132 TEE2=-0.007 TEE3= 0.000  TEE4= 0.000  TEE5= 0.007  TEE6= 0.000
rank= 35 Lx=Ly=12 pg= 0.730 ids=  35 TEE1=-0.181 TEE2=-0.021 TEE3= 0.007  TEE4= 0.007  TEE5= 0.014  TEE6= 0.007
rank= 41 Lx=Ly=12 pg= 0.730 ids=  41 TEE1=-0.042 TEE2= 0.000 TEE3= 0.000  TEE4= 0.000  TEE5= 0.000  TEE6= 0.000
rank= 42 Lx=Ly=12 pg= 0.730 ids=  42 TEE1=-0.035 TEE2= 0.007 TEE3= 0.007  TEE4= 0.000  TEE5= 0.000  TEE6= 0.007
rank= 34 Lx=Ly=12 pg= 0.730 ids=  34 TEE1=-0.146 TEE2=-0.014 TEE3= 0.000  TEE4= 0.000  TEE5= 0.000  TEE6= 0.000
rank= 43 Lx=Ly=12 pg= 0.730 ids=  43 TEE1=-0.042 TEE2= 0.049 TEE3= 0.049  TEE4= 0.049  TEE5= 0.035  TEE6= 0.049
rank= 45 Lx=Ly=12 pg= 0.730 ids=  45 TEE1=-0.035 TEE2= 0.007 TEE3= 0.000  TEE4= 0.007  TEE5= 0.000  TEE6= 0.000
rank= 39 Lx=Ly=12 pg= 0.730 ids=  39 TEE1=-0.090 TEE2= 0.000 TEE3= 0.000  TEE4= 0.000  TEE5= 0.000  TEE6= 0.000
rank= 33 Lx=Ly=12 pg= 0.730 ids=  33 TEE1=-0.208 TEE2= 0.014 TEE3= 0.153  TEE4= 0.194  TEE5= 0.153  TEE6= 0.167
rank=  0 Lx=Ly=12 pg= 0.730 ids=   0 TEE1=-0.215 TEE2=-0.069 TEE3=-0.007  TEE4=-0.007  TEE5= 0.000  TEE6= 0.000
rank= 36 Lx=Ly=12 pg= 0.730 ids=  36 TEE1=-0.104 TEE2=-0.028 TEE3= 0.007  TEE4= 0.007  TEE5= 0.014  TEE6= 0.007
rank= 47 Lx=Ly=12 pg= 0.730 ids=  47 TEE1=-0.062 TEE2= 0.007 TEE3= 0.007  TEE4= 0.007  TEE5= 0.007  TEE6= 0.000
rank= 40 Lx=Ly=12 pg= 0.730 ids=  40 TEE1=-0.097 TEE2= 0.000 TEE3= 0.000  TEE4= 0.000  TEE5= 0.007  TEE6= 0.000
rank=  3 Lx=Ly=12 pg= 0.730 ids=   3 TEE1=-0.104 TEE2= 0.076 TEE3= 0.118  TEE4= 0.104  TEE5= 0.097  TEE6= 0.146
rank= 46 Lx=Ly=12 pg= 0.730 ids=  46 TEE1=-0.146 TEE2= 0.000 TEE3= 0.035  TEE4= 0.056  TEE5= 0.056  TEE6= 0.035
rank= 44 Lx=Ly=12 pg= 0.730 ids=  44 TEE1=-0.118 TEE2=-0.007 TEE3= 0.000  TEE4= 0.007  TEE5= 0.000  TEE6= 0.000
rank= 38 Lx=Ly=12 pg= 0.730 ids=  38 TEE1=-0.236 TEE2=-0.062 TEE3= 0.000  TEE4= 0.000  TEE5= 0.000  TEE6= 0.014
rank= 17 Lx=Ly=12 pg= 0.730 ids=  17 TEE1=-0.167 TEE2= 0.028 TEE3= 0.042  TEE4= 0.021  TEE5= 0.028  TEE6= 0.056
rank=  1 Lx=Ly=12 pg= 0.730 ids=   1 TEE1=-0.056 TEE2= 0.000 TEE3= 0.000  TEE4= 0.000  TEE5= 0.000  TEE6= 0.000
rank= 19 Lx=Ly=12 pg= 0.730 ids=  19 TEE1=-0.049 TEE2= 0.000 TEE3= 0.000  TEE4= 0.000  TEE5= 0.000  TEE6= 0.000
rank=  9 Lx=Ly=12 pg= 0.730 ids=   9 TEE1=-0.035 TEE2= 0.000 TEE3= 0.000  TEE4= 0.000  TEE5= 0.000  TEE6= 0.000
rank= 21 Lx=Ly=12 pg= 0.730 ids=  21 TEE1=-0.125 TEE2=-0.007 TEE3= 0.021  TEE4= 0.014  TEE5= 0.014  TEE6= 0.007
rank= 18 Lx=Ly=12 pg= 0.730 ids=  18 TEE1=-0.035 TEE2= 0.007 TEE3= 0.007  TEE4= 0.007  TEE5= 0.000  TEE6= 0.007
rank=  4 Lx=Ly=12 pg= 0.730 ids=   4 TEE1=-0.243 TEE2=-0.021 TEE3= 0.021  TEE4= 0.028  TEE5= 0.042  TEE6= 0.035
rank=  7 Lx=Ly=12 pg= 0.730 ids=   7 TEE1=-0.326 TEE2=-0.146 TEE3=-0.035  TEE4=-0.014  TEE5= 0.014  TEE6= 0.028
rank=  6 Lx=Ly=12 pg= 0.730 ids=   6 TEE1= 0.000 TEE2= 0.000 TEE3= 0.000  TEE4= 0.000  TEE5= 0.000  TEE6= 0.000
rank= 28 Lx=Ly=12 pg= 0.730 ids=  28 TEE1=-0.083 TEE2=-0.028 TEE3= 0.000  TEE4= 0.000  TEE5= 0.007  TEE6= 0.000
rank=  5 Lx=Ly=12 pg= 0.730 ids=   5 TEE1=-0.118 TEE2= 0.035 TEE3= 0.076  TEE4= 0.111  TEE5= 0.125  TEE6= 0.146
rank= 49 Lx=Ly=12 pg= 0.740 ids=  49 TEE1=-0.278 TEE2=-0.174 TEE3=-0.028  TEE4= 0.090  TEE5= 0.194  TEE6= 0.215
rank=  2 Lx=Ly=12 pg= 0.730 ids=   2 TEE1=-0.139 TEE2=-0.014 TEE3= 0.007  TEE4= 0.000  TEE5= 0.000  TEE6= 0.000
rank= 13 Lx=Ly=12 pg= 0.730 ids=  13 TEE1=-0.188 TEE2=-0.035 TEE3= 0.000  TEE4= 0.000  TEE5= 0.000  TEE6= 0.007
rank= 25 Lx=Ly=12 pg= 0.730 ids=  25 TEE1=-0.035 TEE2= 0.000 TEE3= 0.007  TEE4= 0.000  TEE5= 0.007  TEE6= 0.000
rank= 29 Lx=Ly=12 pg= 0.730 ids=  29 TEE1=-0.083 TEE2= 0.021 TEE3= 0.014  TEE4= 0.028  TEE5= 0.028  TEE6= 0.014
rank= 48 Lx=Ly=12 pg= 0.740 ids=  48 TEE1=-0.403 TEE2=-0.090 TEE3=-0.014  TEE4= 0.000  TEE5= 0.000  TEE6= 0.000
rank= 27 Lx=Ly=12 pg= 0.730 ids=  27 TEE1=-0.035 TEE2= 0.014 TEE3= 0.014  TEE4= 0.000  TEE5= 0.007  TEE6= 0.007
rank= 31 Lx=Ly=12 pg= 0.730 ids=  31 TEE1=-0.319 TEE2=-0.167 TEE3=-0.028  TEE4= 0.007  TEE5= 0.014  TEE6= 0.028
rank= 15 Lx=Ly=12 pg= 0.730 ids=  15 TEE1=-0.236 TEE2=-0.069 TEE3= 0.000  TEE4=-0.007  TEE5= 0.014  TEE6= 0.007
rank= 11 Lx=Ly=12 pg= 0.730 ids=  11 TEE1=-0.236 TEE2=-0.028 TEE3= 0.014  TEE4= 0.028  TEE5= 0.035  TEE6= 0.014
rank= 10 Lx=Ly=12 pg= 0.730 ids=  10 TEE1=-0.194 TEE2=-0.035 TEE3= 0.000  TEE4= 0.000  TEE5= 0.000  TEE6= 0.000
rank=  8 Lx=Ly=12 pg= 0.730 ids=   8 TEE1=-0.035 TEE2= 0.014 TEE3= 0.014  TEE4= 0.014  TEE5= 0.014  TEE6= 0.000
rank= 30 Lx=Ly=12 pg= 0.730 ids=  30 TEE1=-0.083 TEE2=-0.014 TEE3= 0.007  TEE4= 0.000  TEE5= 0.000  TEE6= 0.000
rank= 14 Lx=Ly=12 pg= 0.730 ids=  14 TEE1=-0.215 TEE2=-0.076 TEE3= 0.028  TEE4= 0.062  TEE5= 0.097  TEE6= 0.104
rank= 24 Lx=Ly=12 pg= 0.730 ids=  24 TEE1=-0.111 TEE2=-0.007 TEE3= 0.007  TEE4= 0.000  TEE5= 0.000  TEE6= 0.000
rank= 12 Lx=Ly=12 pg= 0.730 ids=  12 TEE1=-0.132 TEE2=-0.049 TEE3= 0.000  TEE4= 0.014  TEE5= 0.007  TEE6= 0.000
rank= 16 Lx=Ly=12 pg= 0.730 ids=  16 TEE1=-0.188 TEE2=-0.014 TEE3= 0.000  TEE4= 0.000  TEE5= 0.000  TEE6= 0.000
rank= 22 Lx=Ly=12 pg= 0.730 ids=  22 TEE1=-0.139 TEE2=-0.007 TEE3= 0.000  TEE4= 0.000  TEE5= 0.000  TEE6= 0.000
rank= 26 Lx=Ly=12 pg= 0.730 ids=  26 TEE1=-0.125 TEE2= 0.000 TEE3= 0.000  TEE4= 0.007  TEE5= 0.007  TEE6= 0.000
rank= 20 Lx=Ly=12 pg= 0.730 ids=  20 TEE1=-0.139 TEE2=-0.028 TEE3= 0.000  TEE4= 0.000  TEE5= 0.000  TEE6= 0.000
rank= 23 Lx=Ly=12 pg= 0.740 ids=  23 TEE1=-0.215 TEE2=-0.014 TEE3= 0.028  TEE4= 0.021  TEE5= 0.042  TEE6= 0.049
rank= 37 Lx=Ly=12 pg= 0.740 ids=  37 TEE1=-0.222 TEE2=-0.021 TEE3= 0.042  TEE4= 0.028  TEE5= 0.042  TEE6= 0.056
rank= 35 Lx=Ly=12 pg= 0.740 ids=  35 TEE1=-0.326 TEE2=-0.111 TEE3= 0.021  TEE4= 0.014  TEE5= 0.042  TEE6= 0.056
rank= 42 Lx=Ly=12 pg= 0.740 ids=  42 TEE1=-0.076 TEE2= 0.000 TEE3= 0.007  TEE4= 0.000  TEE5= 0.000  TEE6= 0.000
rank= 32 Lx=Ly=12 pg= 0.740 ids=  32 TEE1=-0.368 TEE2=-0.153 TEE3=-0.028  TEE4=-0.007  TEE5= 0.000  TEE6= 0.000
rank= 34 Lx=Ly=12 pg= 0.740 ids=  34 TEE1=-0.257 TEE2=-0.056 TEE3=-0.007  TEE4= 0.007  TEE5= 0.007  TEE6= 0.000
rank= 41 Lx=Ly=12 pg= 0.740 ids=  41 TEE1=-0.306 TEE2=-0.208 TEE3=-0.076  TEE4=-0.028  TEE5= 0.021  TEE6= 0.000
rank=  0 Lx=Ly=12 pg= 0.740 ids=   0 TEE1=-0.056 TEE2= 0.000 TEE3= 0.000  TEE4= 0.000  TEE5= 0.000  TEE6= 0.000
rank= 33 Lx=Ly=12 pg= 0.740 ids=  33 TEE1=-0.201 TEE2=-0.021 TEE3= 0.000  TEE4= 0.000  TEE5= 0.000  TEE6= 0.000
rank= 45 Lx=Ly=12 pg= 0.740 ids=  45 TEE1=-0.340 TEE2=-0.215 TEE3=-0.118  TEE4=-0.028  TEE5= 0.035  TEE6= 0.062
rank=  3 Lx=Ly=12 pg= 0.740 ids=   3 TEE1=-0.229 TEE2=-0.049 TEE3= 0.007  TEE4= 0.000  TEE5= 0.000  TEE6= 0.000
rank= 47 Lx=Ly=12 pg= 0.740 ids=  47 TEE1=-0.090 TEE2= 0.014 TEE3= 0.021  TEE4= 0.021  TEE5= 0.028  TEE6= 0.028
rank= 39 Lx=Ly=12 pg= 0.740 ids=  39 TEE1=-0.188 TEE2=-0.028 TEE3=-0.007  TEE4= 0.000  TEE5= 0.000  TEE6= 0.000
rank= 36 Lx=Ly=12 pg= 0.740 ids=  36 TEE1=-0.222 TEE2=-0.014 TEE3= 0.062  TEE4= 0.104  TEE5= 0.146  TEE6= 0.153
rank= 43 Lx=Ly=12 pg= 0.740 ids=  43 TEE1=-0.389 TEE2=-0.097 TEE3= 0.028  TEE4= 0.062  TEE5= 0.097  TEE6= 0.111
rank= 40 Lx=Ly=12 pg= 0.740 ids=  40 TEE1=-0.167 TEE2=-0.062 TEE3=-0.007  TEE4= 0.007  TEE5= 0.000  TEE6= 0.000
rank= 46 Lx=Ly=12 pg= 0.740 ids=  46 TEE1=-0.174 TEE2= 0.000 TEE3= 0.069  TEE4= 0.111  TEE5= 0.132  TEE6= 0.111
rank= 44 Lx=Ly=12 pg= 0.740 ids=  44 TEE1=-0.222 TEE2=-0.076 TEE3= 0.007  TEE4= 0.035  TEE5= 0.021  TEE6= 0.014
rank= 38 Lx=Ly=12 pg= 0.740 ids=  38 TEE1=-0.340 TEE2=-0.104 TEE3= 0.007  TEE4= 0.014  TEE5= 0.021  TEE6= 0.028
rank= 19 Lx=Ly=12 pg= 0.740 ids=  19 TEE1=-0.292 TEE2=-0.104 TEE3= 0.014  TEE4= 0.049  TEE5= 0.104  TEE6= 0.097
rank= 17 Lx=Ly=12 pg= 0.740 ids=  17 TEE1=-0.444 TEE2=-0.326 TEE3=-0.243  TEE4=-0.188  TEE5=-0.076  TEE6= 0.007
rank=  1 Lx=Ly=12 pg= 0.740 ids=   1 TEE1=-0.312 TEE2=-0.056 TEE3= 0.028  TEE4= 0.028  TEE5= 0.028  TEE6= 0.042
rank=  9 Lx=Ly=12 pg= 0.740 ids=   9 TEE1=-0.222 TEE2=-0.062 TEE3= 0.007  TEE4= 0.035  TEE5= 0.028  TEE6= 0.007
rank= 21 Lx=Ly=12 pg= 0.740 ids=  21 TEE1=-0.160 TEE2=-0.007 TEE3= 0.035  TEE4= 0.028  TEE5= 0.014  TEE6= 0.007
rank= 49 Lx=Ly=12 pg= 0.750 ids=  49 TEE1=-0.229 TEE2= 0.021 TEE3= 0.153  TEE4= 0.257  TEE5= 0.333  TEE6= 0.521
rank= 18 Lx=Ly=12 pg= 0.740 ids=  18 TEE1=-0.069 TEE2= 0.042 TEE3= 0.035  TEE4= 0.021  TEE5= 0.028  TEE6= 0.035
rank= 48 Lx=Ly=12 pg= 0.750 ids=  48 TEE1=-0.090 TEE2= 0.007 TEE3= 0.014  TEE4= 0.021  TEE5= 0.007  TEE6= 0.007
rank=  7 Lx=Ly=12 pg= 0.740 ids=   7 TEE1=-0.285 TEE2=-0.076 TEE3= 0.014  TEE4= 0.000  TEE5= 0.007  TEE6= 0.021
rank= 28 Lx=Ly=12 pg= 0.740 ids=  28 TEE1=-0.083 TEE2= 0.007 TEE3= 0.021  TEE4= 0.000  TEE5= 0.007  TEE6= 0.000
rank=  4 Lx=Ly=12 pg= 0.740 ids=   4 TEE1=-0.201 TEE2=-0.035 TEE3= 0.007  TEE4= 0.007  TEE5= 0.000  TEE6= 0.000
rank=  6 Lx=Ly=12 pg= 0.740 ids=   6 TEE1=-0.278 TEE2=-0.090 TEE3= 0.014  TEE4= 0.028  TEE5= 0.062  TEE6= 0.069
rank=  5 Lx=Ly=12 pg= 0.740 ids=   5 TEE1=-0.264 TEE2=-0.069 TEE3= 0.028  TEE4= 0.056  TEE5= 0.042  TEE6= 0.035
rank=  2 Lx=Ly=12 pg= 0.740 ids=   2 TEE1=-0.104 TEE2=-0.007 TEE3= 0.007  TEE4= 0.000  TEE5= 0.000  TEE6= 0.014
rank= 13 Lx=Ly=12 pg= 0.740 ids=  13 TEE1=-0.153 TEE2=-0.056 TEE3=-0.007  TEE4= 0.000  TEE5= 0.000  TEE6= 0.007
rank= 27 Lx=Ly=12 pg= 0.740 ids=  27 TEE1=-0.056 TEE2= 0.007 TEE3= 0.014  TEE4= 0.021  TEE5= 0.021  TEE6= 0.021
rank= 25 Lx=Ly=12 pg= 0.740 ids=  25 TEE1=-0.167 TEE2=-0.007 TEE3= 0.014  TEE4= 0.007  TEE5= 0.000  TEE6= 0.007
rank= 29 Lx=Ly=12 pg= 0.740 ids=  29 TEE1=-0.153 TEE2=-0.021 TEE3= 0.014  TEE4= 0.021  TEE5= 0.042  TEE6= 0.028
rank= 15 Lx=Ly=12 pg= 0.740 ids=  15 TEE1=-0.181 TEE2=-0.021 TEE3= 0.028  TEE4= 0.007  TEE5= 0.014  TEE6= 0.007
rank= 31 Lx=Ly=12 pg= 0.740 ids=  31 TEE1=-0.153 TEE2=-0.014 TEE3= 0.000  TEE4= 0.000  TEE5= 0.000  TEE6= 0.007
rank= 11 Lx=Ly=12 pg= 0.740 ids=  11 TEE1=-0.222 TEE2=-0.028 TEE3= 0.111  TEE4= 0.139  TEE5= 0.104  TEE6= 0.083
rank= 10 Lx=Ly=12 pg= 0.740 ids=  10 TEE1=-0.285 TEE2=-0.049 TEE3=-0.028  TEE4= 0.014  TEE5= 0.014  TEE6= 0.014
rank=  8 Lx=Ly=12 pg= 0.740 ids=   8 TEE1=-0.083 TEE2= 0.000 TEE3= 0.000  TEE4= 0.007  TEE5= 0.000  TEE6= 0.007
rank= 30 Lx=Ly=12 pg= 0.740 ids=  30 TEE1=-0.340 TEE2=-0.049 TEE3=-0.007  TEE4= 0.000  TEE5= 0.007  TEE6= 0.000
rank= 24 Lx=Ly=12 pg= 0.740 ids=  24 TEE1=-0.264 TEE2=-0.090 TEE3=-0.007  TEE4= 0.000  TEE5= 0.000  TEE6= 0.007
rank= 14 Lx=Ly=12 pg= 0.740 ids=  14 TEE1=-0.403 TEE2=-0.208 TEE3=-0.049  TEE4=-0.021  TEE5= 0.028  TEE6=-0.007
rank= 12 Lx=Ly=12 pg= 0.740 ids=  12 TEE1=-0.097 TEE2=-0.021 TEE3= 0.000  TEE4= 0.007  TEE5= 0.007  TEE6= 0.000
rank= 16 Lx=Ly=12 pg= 0.740 ids=  16 TEE1=-0.410 TEE2=-0.215 TEE3=-0.042  TEE4= 0.000  TEE5= 0.007  TEE6= 0.000
rank= 22 Lx=Ly=12 pg= 0.740 ids=  22 TEE1=-0.340 TEE2=-0.104 TEE3= 0.083  TEE4= 0.215  TEE5= 0.375  TEE6= 0.444
rank= 26 Lx=Ly=12 pg= 0.740 ids=  26 TEE1=-0.278 TEE2=-0.049 TEE3=-0.014  TEE4= 0.007  TEE5= 0.007  TEE6= 0.007
rank= 20 Lx=Ly=12 pg= 0.740 ids=  20 TEE1=-0.104 TEE2= 0.000 TEE3= 0.007  TEE4= 0.000  TEE5= 0.000  TEE6= 0.007
rank= 23 Lx=Ly=12 pg= 0.750 ids=  23 TEE1=-0.417 TEE2=-0.188 TEE3=-0.035  TEE4= 0.076  TEE5= 0.069  TEE6= 0.062
rank= 37 Lx=Ly=12 pg= 0.750 ids=  37 TEE1=-0.194 TEE2=-0.035 TEE3= 0.007  TEE4= 0.014  TEE5= 0.021  TEE6= 0.000
rank= 42 Lx=Ly=12 pg= 0.750 ids=  42 TEE1=-0.194 TEE2=-0.028 TEE3= 0.000  TEE4= 0.007  TEE5= 0.000  TEE6= 0.000
rank=  0 Lx=Ly=12 pg= 0.750 ids=   0 TEE1=-0.188 TEE2=-0.035 TEE3= 0.000  TEE4= 0.000  TEE5= 0.000  TEE6= 0.000
rank= 35 Lx=Ly=12 pg= 0.750 ids=  35 TEE1=-0.618 TEE2=-0.431 TEE3=-0.271  TEE4=-0.139  TEE5=-0.076  TEE6=-0.007
rank= 32 Lx=Ly=12 pg= 0.750 ids=  32 TEE1=-0.257 TEE2=-0.097 TEE3= 0.000  TEE4= 0.000  TEE5= 0.000  TEE6= 0.000
rank= 34 Lx=Ly=12 pg= 0.750 ids=  34 TEE1=-0.319 TEE2=-0.139 TEE3=-0.056  TEE4=-0.007  TEE5= 0.000  TEE6= 0.000
rank= 41 Lx=Ly=12 pg= 0.750 ids=  41 TEE1=-0.278 TEE2=-0.097 TEE3=-0.007  TEE4= 0.014  TEE5= 0.028  TEE6= 0.042
rank=  3 Lx=Ly=12 pg= 0.750 ids=   3 TEE1=-0.382 TEE2=-0.139 TEE3=-0.035  TEE4=-0.014  TEE5= 0.000  TEE6= 0.007
rank= 33 Lx=Ly=12 pg= 0.750 ids=  33 TEE1=-0.493 TEE2=-0.292 TEE3=-0.153  TEE4=-0.104  TEE5=-0.049  TEE6= 0.000
rank= 45 Lx=Ly=12 pg= 0.750 ids=  45 TEE1=-0.479 TEE2=-0.403 TEE3=-0.250  TEE4=-0.104  TEE5=-0.028  TEE6=-0.014
rank= 39 Lx=Ly=12 pg= 0.750 ids=  39 TEE1=-0.417 TEE2=-0.181 TEE3=-0.014  TEE4= 0.035  TEE5= 0.021  TEE6= 0.014
rank= 47 Lx=Ly=12 pg= 0.750 ids=  47 TEE1=-0.597 TEE2=-0.361 TEE3=-0.215  TEE4=-0.090  TEE5=-0.021  TEE6=-0.028
rank= 36 Lx=Ly=12 pg= 0.750 ids=  36 TEE1=-0.347 TEE2=-0.104 TEE3=-0.028  TEE4=-0.007  TEE5=-0.007  TEE6=-0.007
rank= 40 Lx=Ly=12 pg= 0.750 ids=  40 TEE1=-0.382 TEE2=-0.097 TEE3= 0.014  TEE4= 0.021  TEE5= 0.014  TEE6= 0.028
rank= 43 Lx=Ly=12 pg= 0.750 ids=  43 TEE1=-0.333 TEE2=-0.049 TEE3= 0.021  TEE4= 0.035  TEE5= 0.014  TEE6= 0.021
rank= 46 Lx=Ly=12 pg= 0.750 ids=  46 TEE1=-0.285 TEE2=-0.069 TEE3= 0.014  TEE4= 0.007  TEE5= 0.014  TEE6= 0.007
rank= 19 Lx=Ly=12 pg= 0.750 ids=  19 TEE1=-0.090 TEE2=-0.007 TEE3= 0.000  TEE4= 0.000  TEE5= 0.000  TEE6= 0.000
rank= 49 Lx=Ly=12 pg= 0.760 ids=  49 TEE1=-0.111 TEE2=-0.014 TEE3= 0.000  TEE4= 0.000  TEE5= 0.000  TEE6= 0.000
rank=  1 Lx=Ly=12 pg= 0.750 ids=   1 TEE1=-0.181 TEE2= 0.076 TEE3= 0.181  TEE4= 0.222  TEE5= 0.285  TEE6= 0.312
rank= 38 Lx=Ly=12 pg= 0.750 ids=  38 TEE1=-0.451 TEE2=-0.347 TEE3=-0.229  TEE4=-0.090  TEE5= 0.035  TEE6= 0.062
rank= 17 Lx=Ly=12 pg= 0.750 ids=  17 TEE1=-0.333 TEE2=-0.201 TEE3=-0.090  TEE4=-0.014  TEE5= 0.000  TEE6= 0.000
rank= 44 Lx=Ly=12 pg= 0.750 ids=  44 TEE1=-0.576 TEE2=-0.340 TEE3=-0.153  TEE4=-0.049  TEE5= 0.000  TEE6= 0.000
rank=  9 Lx=Ly=12 pg= 0.750 ids=   9 TEE1=-0.528 TEE2=-0.181 TEE3=-0.028  TEE4=-0.021  TEE5=-0.007  TEE6= 0.014
rank= 48 Lx=Ly=12 pg= 0.760 ids=  48 TEE1=-0.535 TEE2=-0.243 TEE3=-0.076  TEE4= 0.014  TEE5= 0.007  TEE6=-0.007
rank= 21 Lx=Ly=12 pg= 0.750 ids=  21 TEE1=-0.431 TEE2=-0.132 TEE3=-0.021  TEE4= 0.007  TEE5= 0.014  TEE6= 0.021
rank= 18 Lx=Ly=12 pg= 0.750 ids=  18 TEE1=-0.299 TEE2=-0.042 TEE3= 0.028  TEE4= 0.014  TEE5= 0.021  TEE6= 0.028
rank=  7 Lx=Ly=12 pg= 0.750 ids=   7 TEE1=-0.229 TEE2=-0.035 TEE3= 0.014  TEE4= 0.007  TEE5= 0.007  TEE6= 0.007
rank= 28 Lx=Ly=12 pg= 0.750 ids=  28 TEE1=-0.382 TEE2=-0.132 TEE3=-0.035  TEE4=-0.007  TEE5= 0.007  TEE6= 0.007
rank=  4 Lx=Ly=12 pg= 0.750 ids=   4 TEE1=-0.472 TEE2=-0.306 TEE3=-0.153  TEE4=-0.062  TEE5=-0.028  TEE6= 0.000
rank=  6 Lx=Ly=12 pg= 0.750 ids=   6 TEE1=-0.083 TEE2=-0.007 TEE3= 0.000  TEE4= 0.000  TEE5= 0.000  TEE6= 0.000
rank=  5 Lx=Ly=12 pg= 0.750 ids=   5 TEE1=-0.361 TEE2=-0.215 TEE3=-0.083  TEE4=-0.021  TEE5=-0.007  TEE6= 0.000
rank=  2 Lx=Ly=12 pg= 0.750 ids=   2 TEE1=-0.264 TEE2=-0.083 TEE3= 0.021  TEE4= 0.035  TEE5= 0.056  TEE6= 0.076
rank= 13 Lx=Ly=12 pg= 0.750 ids=  13 TEE1=-0.368 TEE2=-0.174 TEE3=-0.069  TEE4=-0.035  TEE5= 0.007  TEE6= 0.007
rank= 27 Lx=Ly=12 pg= 0.750 ids=  27 TEE1=-0.333 TEE2=-0.132 TEE3=-0.028  TEE4= 0.007  TEE5= 0.014  TEE6= 0.000
rank= 25 Lx=Ly=12 pg= 0.750 ids=  25 TEE1=-0.514 TEE2=-0.188 TEE3= 0.014  TEE4= 0.007  TEE5= 0.000  TEE6= 0.014
rank= 31 Lx=Ly=12 pg= 0.750 ids=  31 TEE1=-0.417 TEE2=-0.201 TEE3=-0.083  TEE4=-0.014  TEE5= 0.007  TEE6= 0.000
rank= 29 Lx=Ly=12 pg= 0.750 ids=  29 TEE1=-0.528 TEE2=-0.188 TEE3=-0.028  TEE4=-0.007  TEE5= 0.000  TEE6= 0.000
rank= 11 Lx=Ly=12 pg= 0.750 ids=  11 TEE1=-0.569 TEE2=-0.375 TEE3=-0.229  TEE4=-0.153  TEE5=-0.097  TEE6=-0.028
rank= 15 Lx=Ly=12 pg= 0.750 ids=  15 TEE1=-0.340 TEE2=-0.104 TEE3=-0.035  TEE4= 0.000  TEE5= 0.028  TEE6= 0.028
rank= 10 Lx=Ly=12 pg= 0.750 ids=  10 TEE1=-0.389 TEE2=-0.118 TEE3= 0.028  TEE4= 0.021  TEE5= 0.035  TEE6= 0.049
rank= 30 Lx=Ly=12 pg= 0.750 ids=  30 TEE1=-0.264 TEE2=-0.042 TEE3= 0.021  TEE4= 0.028  TEE5= 0.035  TEE6= 0.007
rank= 24 Lx=Ly=12 pg= 0.750 ids=  24 TEE1=-0.243 TEE2=-0.042 TEE3= 0.056  TEE4= 0.049  TEE5= 0.042  TEE6= 0.028
rank=  8 Lx=Ly=12 pg= 0.750 ids=   8 TEE1=-0.167 TEE2= 0.000 TEE3= 0.000  TEE4= 0.000  TEE5= 0.000  TEE6= 0.000
rank= 14 Lx=Ly=12 pg= 0.750 ids=  14 TEE1=-0.312 TEE2=-0.076 TEE3= 0.000  TEE4=-0.007  TEE5= 0.000  TEE6= 0.000
rank= 16 Lx=Ly=12 pg= 0.750 ids=  16 TEE1=-0.257 TEE2=-0.090 TEE3= 0.007  TEE4= 0.035  TEE5= 0.028  TEE6= 0.021
rank= 22 Lx=Ly=12 pg= 0.750 ids=  22 TEE1=-0.201 TEE2=-0.042 TEE3= 0.021  TEE4= 0.000  TEE5= 0.007  TEE6= 0.007
rank= 12 Lx=Ly=12 pg= 0.750 ids=  12 TEE1=-0.604 TEE2=-0.306 TEE3=-0.083  TEE4= 0.062  TEE5= 0.160  TEE6= 0.236
rank= 26 Lx=Ly=12 pg= 0.750 ids=  26 TEE1=-0.174 TEE2=-0.062 TEE3=-0.007  TEE4= 0.028  TEE5= 0.014  TEE6= 0.007
rank= 20 Lx=Ly=12 pg= 0.750 ids=  20 TEE1=-0.417 TEE2=-0.153 TEE3=-0.021  TEE4= 0.021  TEE5= 0.021  TEE6= 0.000
rank= 23 Lx=Ly=12 pg= 0.760 ids=  23 TEE1=-0.451 TEE2=-0.188 TEE3=-0.021  TEE4= 0.021  TEE5= 0.035  TEE6= 0.042
rank= 37 Lx=Ly=12 pg= 0.760 ids=  37 TEE1=-0.576 TEE2=-0.375 TEE3=-0.236  TEE4=-0.125  TEE5=-0.042  TEE6=-0.035
rank= 42 Lx=Ly=12 pg= 0.760 ids=  42 TEE1=-0.347 TEE2=-0.083 TEE3=-0.028  TEE4=-0.007  TEE5= 0.000  TEE6= 0.000
rank=  0 Lx=Ly=12 pg= 0.760 ids=   0 TEE1=-0.472 TEE2=-0.167 TEE3=-0.042  TEE4=-0.007  TEE5= 0.007  TEE6= 0.000
rank= 34 Lx=Ly=12 pg= 0.760 ids=  34 TEE1=-0.215 TEE2=-0.042 TEE3= 0.069  TEE4= 0.090  TEE5= 0.125  TEE6= 0.097
rank= 35 Lx=Ly=12 pg= 0.760 ids=  35 TEE1=-0.528 TEE2=-0.194 TEE3=-0.069  TEE4= 0.000  TEE5= 0.000  TEE6= 0.000
rank=  3 Lx=Ly=12 pg= 0.760 ids=   3 TEE1=-0.361 TEE2=-0.174 TEE3=-0.062  TEE4=-0.021  TEE5=-0.007  TEE6= 0.021
rank= 32 Lx=Ly=12 pg= 0.760 ids=  32 TEE1=-0.465 TEE2=-0.215 TEE3=-0.028  TEE4= 0.028  TEE5= 0.007  TEE6= 0.007
rank= 41 Lx=Ly=12 pg= 0.760 ids=  41 TEE1=-0.236 TEE2=-0.069 TEE3=-0.007  TEE4= 0.014  TEE5= 0.042  TEE6= 0.035
rank= 33 Lx=Ly=12 pg= 0.760 ids=  33 TEE1=-0.590 TEE2=-0.389 TEE3=-0.174  TEE4= 0.014  TEE5= 0.097  TEE6= 0.132
rank= 39 Lx=Ly=12 pg= 0.760 ids=  39 TEE1=-0.153 TEE2=-0.014 TEE3= 0.000  TEE4= 0.000  TEE5= 0.000  TEE6= 0.000
rank= 45 Lx=Ly=12 pg= 0.760 ids=  45 TEE1=-0.438 TEE2=-0.243 TEE3=-0.097  TEE4=-0.056  TEE5=-0.042  TEE6= 0.000
rank= 47 Lx=Ly=12 pg= 0.760 ids=  47 TEE1=-0.431 TEE2=-0.271 TEE3=-0.194  TEE4=-0.181  TEE5=-0.035  TEE6= 0.076
rank= 40 Lx=Ly=12 pg= 0.760 ids=  40 TEE1=-0.076 TEE2= 0.000 TEE3= 0.007  TEE4= 0.000  TEE5= 0.007  TEE6= 0.014
rank= 49 Lx=Ly=12 pg= 0.770 ids=  49 TEE1=-0.396 TEE2=-0.146 TEE3= 0.000  TEE4= 0.028  TEE5= 0.035  TEE6= 0.035
rank= 19 Lx=Ly=12 pg= 0.760 ids=  19 TEE1=-0.285 TEE2=-0.146 TEE3=-0.035  TEE4=-0.021  TEE5= 0.007  TEE6= 0.021
rank= 43 Lx=Ly=12 pg= 0.760 ids=  43 TEE1=-0.396 TEE2=-0.174 TEE3=-0.056  TEE4=-0.028  TEE5= 0.000  TEE6= 0.000
rank=  1 Lx=Ly=12 pg= 0.760 ids=   1 TEE1=-0.243 TEE2=-0.139 TEE3=-0.035  TEE4=-0.007  TEE5=-0.007  TEE6= 0.007
rank= 48 Lx=Ly=12 pg= 0.770 ids=  48 TEE1=-0.215 TEE2=-0.069 TEE3= 0.028  TEE4= 0.014  TEE5= 0.007  TEE6= 0.014
rank= 17 Lx=Ly=12 pg= 0.760 ids=  17 TEE1=-0.368 TEE2=-0.104 TEE3=-0.021  TEE4= 0.000  TEE5= 0.014  TEE6= 0.014
rank= 36 Lx=Ly=12 pg= 0.760 ids=  36 TEE1=-0.451 TEE2=-0.264 TEE3=-0.146  TEE4=-0.097  TEE5=-0.014  TEE6=-0.007
rank= 46 Lx=Ly=12 pg= 0.760 ids=  46 TEE1=-0.417 TEE2=-0.174 TEE3=-0.035  TEE4=-0.014  TEE5= 0.021  TEE6= 0.035
rank=  9 Lx=Ly=12 pg= 0.760 ids=   9 TEE1=-0.326 TEE2=-0.035 TEE3= 0.076  TEE4= 0.097  TEE5= 0.111  TEE6= 0.132
rank= 38 Lx=Ly=12 pg= 0.760 ids=  38 TEE1=-0.438 TEE2=-0.264 TEE3=-0.118  TEE4=-0.076  TEE5=-0.042  TEE6= 0.007
rank= 21 Lx=Ly=12 pg= 0.760 ids=  21 TEE1=-0.403 TEE2=-0.326 TEE3=-0.194  TEE4=-0.097  TEE5=-0.028  TEE6= 0.007
rank= 44 Lx=Ly=12 pg= 0.760 ids=  44 TEE1=-0.403 TEE2=-0.153 TEE3= 0.056  TEE4= 0.181  TEE5= 0.188  TEE6= 0.222
rank= 18 Lx=Ly=12 pg= 0.760 ids=  18 TEE1=-0.347 TEE2=-0.090 TEE3=-0.021  TEE4= 0.007  TEE5= 0.014  TEE6= 0.000
rank=  7 Lx=Ly=12 pg= 0.760 ids=   7 TEE1=-0.549 TEE2=-0.264 TEE3=-0.097  TEE4= 0.021  TEE5= 0.069  TEE6= 0.056
rank= 28 Lx=Ly=12 pg= 0.760 ids=  28 TEE1=-0.479 TEE2=-0.257 TEE3=-0.090  TEE4=-0.035  TEE5= 0.069  TEE6= 0.132
rank=  5 Lx=Ly=12 pg= 0.760 ids=   5 TEE1=-0.444 TEE2=-0.243 TEE3=-0.076  TEE4=-0.021  TEE5= 0.028  TEE6= 0.021
rank=  4 Lx=Ly=12 pg= 0.760 ids=   4 TEE1=-0.535 TEE2=-0.340 TEE3=-0.125  TEE4=-0.090  TEE5=-0.028  TEE6= 0.035
rank=  2 Lx=Ly=12 pg= 0.760 ids=   2 TEE1=-0.715 TEE2=-0.646 TEE3=-0.576  TEE4=-0.493  TEE5=-0.299  TEE6=-0.208
rank=  6 Lx=Ly=12 pg= 0.760 ids=   6 TEE1=-0.507 TEE2=-0.250 TEE3=-0.104  TEE4=-0.028  TEE5= 0.000  TEE6= 0.014
rank= 13 Lx=Ly=12 pg= 0.760 ids=  13 TEE1=-0.465 TEE2=-0.181 TEE3=-0.049  TEE4=-0.014  TEE5= 0.014  TEE6= 0.000
rank= 25 Lx=Ly=12 pg= 0.760 ids=  25 TEE1=-0.340 TEE2=-0.062 TEE3= 0.042  TEE4= 0.104  TEE5= 0.167  TEE6= 0.201
rank= 31 Lx=Ly=12 pg= 0.760 ids=  31 TEE1=-0.257 TEE2=-0.042 TEE3= 0.014  TEE4= 0.000  TEE5= 0.000  TEE6= 0.000
rank= 27 Lx=Ly=12 pg= 0.760 ids=  27 TEE1=-0.715 TEE2=-0.618 TEE3=-0.451  TEE4=-0.333  TEE5=-0.146  TEE6= 0.000
rank= 29 Lx=Ly=12 pg= 0.760 ids=  29 TEE1=-0.361 TEE2=-0.104 TEE3= 0.035  TEE4= 0.062  TEE5= 0.090  TEE6= 0.090
rank= 11 Lx=Ly=12 pg= 0.760 ids=  11 TEE1=-0.389 TEE2=-0.181 TEE3=-0.007  TEE4= 0.097  TEE5= 0.153  TEE6= 0.201
rank= 15 Lx=Ly=12 pg= 0.760 ids=  15 TEE1=-0.368 TEE2=-0.264 TEE3=-0.153  TEE4=-0.104  TEE5= 0.000  TEE6= 0.007
rank= 10 Lx=Ly=12 pg= 0.760 ids=  10 TEE1=-0.500 TEE2=-0.257 TEE3=-0.153  TEE4=-0.083  TEE5= 0.021  TEE6= 0.104
rank= 24 Lx=Ly=12 pg= 0.760 ids=  24 TEE1=-0.319 TEE2=-0.083 TEE3= 0.083  TEE4= 0.167  TEE5= 0.160  TEE6= 0.160
rank=  8 Lx=Ly=12 pg= 0.760 ids=   8 TEE1=-0.215 TEE2=-0.049 TEE3=-0.007  TEE4= 0.007  TEE5= 0.000  TEE6= 0.000
rank= 30 Lx=Ly=12 pg= 0.760 ids=  30 TEE1=-0.410 TEE2=-0.097 TEE3= 0.000  TEE4=-0.007  TEE5=-0.007  TEE6= 0.007
rank= 16 Lx=Ly=12 pg= 0.760 ids=  16 TEE1=-0.271 TEE2=-0.056 TEE3=-0.014  TEE4= 0.000  TEE5= 0.000  TEE6= 0.000
rank= 14 Lx=Ly=12 pg= 0.760 ids=  14 TEE1=-0.562 TEE2=-0.431 TEE3=-0.229  TEE4=-0.125  TEE5=-0.049  TEE6=-0.014
rank= 22 Lx=Ly=12 pg= 0.760 ids=  22 TEE1=-0.215 TEE2= 0.049 TEE3= 0.208  TEE4= 0.382  TEE5= 0.438  TEE6= 0.528
rank= 12 Lx=Ly=12 pg= 0.760 ids=  12 TEE1=-0.583 TEE2=-0.493 TEE3=-0.299  TEE4=-0.090  TEE5= 0.049  TEE6= 0.104
rank= 20 Lx=Ly=12 pg= 0.760 ids=  20 TEE1=-0.222 TEE2= 0.000 TEE3= 0.056  TEE4= 0.035  TEE5= 0.062  TEE6= 0.062
rank= 26 Lx=Ly=12 pg= 0.760 ids=  26 TEE1=-0.764 TEE2=-0.611 TEE3=-0.458  TEE4=-0.368  TEE5=-0.319  TEE6=-0.243
rank= 23 Lx=Ly=12 pg= 0.770 ids=  23 TEE1=-0.354 TEE2=-0.118 TEE3=-0.049  TEE4=-0.021  TEE5= 0.007  TEE6= 0.007
rank= 37 Lx=Ly=12 pg= 0.770 ids=  37 TEE1=-0.222 TEE2=-0.111 TEE3= 0.021  TEE4= 0.146  TEE5= 0.194  TEE6= 0.229
rank= 42 Lx=Ly=12 pg= 0.770 ids=  42 TEE1=-0.528 TEE2=-0.312 TEE3=-0.125  TEE4=-0.042  TEE5= 0.007  TEE6= 0.000
rank=  3 Lx=Ly=12 pg= 0.770 ids=   3 TEE1=-0.382 TEE2=-0.132 TEE3= 0.076  TEE4= 0.118  TEE5= 0.174  TEE6= 0.250
rank= 34 Lx=Ly=12 pg= 0.770 ids=  34 TEE1=-0.542 TEE2=-0.340 TEE3=-0.125  TEE4=-0.049  TEE5=-0.014  TEE6= 0.000
rank= 35 Lx=Ly=12 pg= 0.770 ids=  35 TEE1=-0.549 TEE2=-0.514 TEE3=-0.382  TEE4=-0.236  TEE5=-0.083  TEE6=-0.014
rank=  0 Lx=Ly=12 pg= 0.770 ids=   0 TEE1=-0.618 TEE2=-0.375 TEE3=-0.139  TEE4= 0.000  TEE5= 0.035  TEE6= 0.056
rank= 32 Lx=Ly=12 pg= 0.770 ids=  32 TEE1=-0.306 TEE2=-0.181 TEE3=-0.069  TEE4=-0.028  TEE5= 0.000  TEE6= 0.000
rank= 41 Lx=Ly=12 pg= 0.770 ids=  41 TEE1=-0.660 TEE2=-0.431 TEE3=-0.278  TEE4=-0.125  TEE5=-0.014  TEE6=-0.014
rank= 49 Lx=Ly=12 pg= 0.780 ids=  49 TEE1=-0.611 TEE2=-0.486 TEE3=-0.361  TEE4=-0.306  TEE5=-0.201  TEE6=-0.125
rank= 39 Lx=Ly=12 pg= 0.770 ids=  39 TEE1=-0.424 TEE2=-0.201 TEE3= 0.007  TEE4= 0.104  TEE5= 0.201  TEE6= 0.292
rank= 33 Lx=Ly=12 pg= 0.770 ids=  33 TEE1=-0.778 TEE2=-0.660 TEE3=-0.521  TEE4=-0.410  TEE5=-0.257  TEE6=-0.167
rank= 47 Lx=Ly=12 pg= 0.770 ids=  47 TEE1=-0.618 TEE2=-0.382 TEE3=-0.174  TEE4=-0.056  TEE5=-0.028  TEE6=-0.007
rank= 45 Lx=Ly=12 pg= 0.770 ids=  45 TEE1=-0.674 TEE2=-0.569 TEE3=-0.375  TEE4=-0.201  TEE5=-0.111  TEE6=-0.042
rank= 40 Lx=Ly=12 pg= 0.770 ids=  40 TEE1=-0.458 TEE2=-0.319 TEE3=-0.215  TEE4=-0.153  TEE5=-0.049  TEE6= 0.014
rank= 19 Lx=Ly=12 pg= 0.770 ids=  19 TEE1=-0.549 TEE2=-0.333 TEE3=-0.139  TEE4=-0.021  TEE5=-0.021  TEE6= 0.014
rank= 48 Lx=Ly=12 pg= 0.780 ids=  48 TEE1=-0.812 TEE2=-0.625 TEE3=-0.444  TEE4=-0.250  TEE5=-0.132  TEE6=-0.049
rank=  1 Lx=Ly=12 pg= 0.770 ids=   1 TEE1=-0.458 TEE2=-0.243 TEE3=-0.076  TEE4= 0.076  TEE5= 0.139  TEE6= 0.181
rank= 17 Lx=Ly=12 pg= 0.770 ids=  17 TEE1=-0.368 TEE2=-0.153 TEE3=-0.035  TEE4=-0.007  TEE5=-0.007  TEE6= 0.000
rank=  9 Lx=Ly=12 pg= 0.770 ids=   9 TEE1=-0.333 TEE2=-0.076 TEE3=-0.007  TEE4= 0.007  TEE5= 0.014  TEE6= 0.007
rank= 36 Lx=Ly=12 pg= 0.770 ids=  36 TEE1=-0.542 TEE2=-0.299 TEE3=-0.208  TEE4=-0.111  TEE5= 0.014  TEE6= 0.188
rank= 43 Lx=Ly=12 pg= 0.770 ids=  43 TEE1=-0.382 TEE2=-0.062 TEE3= 0.000  TEE4= 0.007  TEE5= 0.000  TEE6= 0.000
rank= 21 Lx=Ly=12 pg= 0.770 ids=  21 TEE1=-0.285 TEE2=-0.007 TEE3= 0.007  TEE4= 0.014  TEE5= 0.007  TEE6= 0.014
rank= 46 Lx=Ly=12 pg= 0.770 ids=  46 TEE1=-0.611 TEE2=-0.597 TEE3=-0.438  TEE4=-0.299  TEE5=-0.215  TEE6=-0.104
rank= 38 Lx=Ly=12 pg= 0.770 ids=  38 TEE1=-0.396 TEE2=-0.174 TEE3=-0.042  TEE4=-0.007  TEE5= 0.000  TEE6=-0.007
rank= 44 Lx=Ly=12 pg= 0.770 ids=  44 TEE1=-0.521 TEE2=-0.340 TEE3=-0.215  TEE4=-0.125  TEE5=-0.042  TEE6=-0.007
rank= 18 Lx=Ly=12 pg= 0.770 ids=  18 TEE1=-0.549 TEE2=-0.382 TEE3=-0.236  TEE4=-0.104  TEE5=-0.028  TEE6=-0.014
rank=  7 Lx=Ly=12 pg= 0.770 ids=   7 TEE1=-0.681 TEE2=-0.590 TEE3=-0.444  TEE4=-0.257  TEE5=-0.111  TEE6= 0.062
rank= 28 Lx=Ly=12 pg= 0.770 ids=  28 TEE1=-0.597 TEE2=-0.354 TEE3=-0.181  TEE4=-0.167  TEE5=-0.076  TEE6= 0.014
rank=  5 Lx=Ly=12 pg= 0.770 ids=   5 TEE1=-0.604 TEE2=-0.285 TEE3=-0.146  TEE4=-0.028  TEE5= 0.049  TEE6= 0.132
rank=  4 Lx=Ly=12 pg= 0.770 ids=   4 TEE1=-0.444 TEE2=-0.243 TEE3=-0.097  TEE4=-0.049  TEE5=-0.014  TEE6= 0.007
rank= 13 Lx=Ly=12 pg= 0.770 ids=  13 TEE1=-0.507 TEE2=-0.319 TEE3=-0.069  TEE4= 0.056  TEE5= 0.097  TEE6= 0.097
rank=  2 Lx=Ly=12 pg= 0.770 ids=   2 TEE1=-0.792 TEE2=-0.757 TEE3=-0.674  TEE4=-0.535  TEE5=-0.472  TEE6=-0.382
rank= 25 Lx=Ly=12 pg= 0.770 ids=  25 TEE1=-0.569 TEE2=-0.389 TEE3=-0.215  TEE4=-0.111  TEE5=-0.049  TEE6=-0.028
rank= 27 Lx=Ly=12 pg= 0.770 ids=  27 TEE1=-0.521 TEE2=-0.271 TEE3=-0.056  TEE4= 0.000  TEE5= 0.007  TEE6= 0.069
rank= 31 Lx=Ly=12 pg= 0.770 ids=  31 TEE1=-0.285 TEE2=-0.076 TEE3=-0.007  TEE4=-0.007  TEE5=-0.007  TEE6= 0.000
rank= 29 Lx=Ly=12 pg= 0.770 ids=  29 TEE1=-0.535 TEE2=-0.285 TEE3=-0.076  TEE4=-0.007  TEE5= 0.007  TEE6= 0.028
rank=  6 Lx=Ly=12 pg= 0.770 ids=   6 TEE1=-0.451 TEE2=-0.264 TEE3=-0.028  TEE4= 0.069  TEE5= 0.153  TEE6= 0.174
rank= 11 Lx=Ly=12 pg= 0.770 ids=  11 TEE1=-0.674 TEE2=-0.590 TEE3=-0.521  TEE4=-0.493  TEE5=-0.312  TEE6=-0.257
rank= 15 Lx=Ly=12 pg= 0.770 ids=  15 TEE1=-0.722 TEE2=-0.667 TEE3=-0.569  TEE4=-0.493  TEE5=-0.326  TEE6=-0.181
rank= 10 Lx=Ly=12 pg= 0.770 ids=  10 TEE1=-0.458 TEE2=-0.222 TEE3=-0.090  TEE4=-0.014  TEE5=-0.007  TEE6= 0.021
rank= 24 Lx=Ly=12 pg= 0.770 ids=  24 TEE1=-0.514 TEE2=-0.194 TEE3= 0.000  TEE4= 0.062  TEE5= 0.097  TEE6= 0.111
rank= 30 Lx=Ly=12 pg= 0.770 ids=  30 TEE1=-0.306 TEE2=-0.174 TEE3=-0.111  TEE4=-0.035  TEE5= 0.007  TEE6= 0.000
rank= 16 Lx=Ly=12 pg= 0.770 ids=  16 TEE1=-0.431 TEE2=-0.250 TEE3=-0.056  TEE4= 0.014  TEE5= 0.069  TEE6= 0.076
rank=  8 Lx=Ly=12 pg= 0.770 ids=   8 TEE1=-0.486 TEE2=-0.271 TEE3=-0.028  TEE4= 0.090  TEE5= 0.139  TEE6= 0.167
rank= 14 Lx=Ly=12 pg= 0.770 ids=  14 TEE1=-0.465 TEE2=-0.132 TEE3= 0.014  TEE4= 0.035  TEE5= 0.042  TEE6= 0.056
rank= 22 Lx=Ly=12 pg= 0.770 ids=  22 TEE1=-0.444 TEE2=-0.264 TEE3=-0.062  TEE4= 0.125  TEE5= 0.160  TEE6= 0.174
rank= 23 Lx=Ly=12 pg= 0.780 ids=  23 TEE1=-0.708 TEE2=-0.458 TEE3=-0.229  TEE4=-0.125  TEE5=-0.028  TEE6= 0.090
rank= 37 Lx=Ly=12 pg= 0.780 ids=  37 TEE1=-0.639 TEE2=-0.431 TEE3=-0.236  TEE4=-0.153  TEE5=-0.104  TEE6=-0.069
rank= 26 Lx=Ly=12 pg= 0.770 ids=  26 TEE1=-0.340 TEE2=-0.250 TEE3=-0.139  TEE4=-0.049  TEE5=-0.014  TEE6= 0.000
rank= 12 Lx=Ly=12 pg= 0.770 ids=  12 TEE1=-0.757 TEE2=-0.549 TEE3=-0.347  TEE4=-0.188  TEE5=-0.062  TEE6=-0.021
rank= 20 Lx=Ly=12 pg= 0.770 ids=  20 TEE1=-0.632 TEE2=-0.486 TEE3=-0.264  TEE4=-0.132  TEE5=-0.035  TEE6=-0.035
rank= 42 Lx=Ly=12 pg= 0.780 ids=  42 TEE1=-0.576 TEE2=-0.451 TEE3=-0.222  TEE4=-0.028  TEE5= 0.049  TEE6= 0.111
rank=  3 Lx=Ly=12 pg= 0.780 ids=   3 TEE1=-0.639 TEE2=-0.493 TEE3=-0.299  TEE4=-0.160  TEE5=-0.062  TEE6=-0.014
rank= 32 Lx=Ly=12 pg= 0.780 ids=  32 TEE1=-0.465 TEE2=-0.257 TEE3=-0.104  TEE4=-0.042  TEE5= 0.035  TEE6= 0.042
rank= 35 Lx=Ly=12 pg= 0.780 ids=  35 TEE1=-0.556 TEE2=-0.507 TEE3=-0.472  TEE4=-0.361  TEE5=-0.208  TEE6=-0.014
rank= 34 Lx=Ly=12 pg= 0.780 ids=  34 TEE1=-0.771 TEE2=-0.667 TEE3=-0.507  TEE4=-0.410  TEE5=-0.319  TEE6=-0.201
rank=  0 Lx=Ly=12 pg= 0.780 ids=   0 TEE1=-0.660 TEE2=-0.514 TEE3=-0.340  TEE4=-0.125  TEE5=-0.049  TEE6=-0.014
rank= 41 Lx=Ly=12 pg= 0.780 ids=  41 TEE1=-0.597 TEE2=-0.444 TEE3=-0.306  TEE4=-0.194  TEE5=-0.097  TEE6=-0.021
rank= 49 Lx=Ly=12 pg= 0.790 ids=  49 TEE1=-0.861 TEE2=-0.882 TEE3=-0.826  TEE4=-0.764  TEE5=-0.715  TEE6=-0.722
rank= 39 Lx=Ly=12 pg= 0.780 ids=  39 TEE1=-0.528 TEE2=-0.382 TEE3=-0.250  TEE4=-0.132  TEE5=-0.056  TEE6= 0.007
rank= 33 Lx=Ly=12 pg= 0.780 ids=  33 TEE1=-0.736 TEE2=-0.694 TEE3=-0.576  TEE4=-0.451  TEE5=-0.396  TEE6=-0.208
rank= 48 Lx=Ly=12 pg= 0.790 ids=  48 TEE1=-0.653 TEE2=-0.556 TEE3=-0.375  TEE4=-0.222  TEE5=-0.125  TEE6=-0.056
rank=  9 Lx=Ly=12 pg= 0.780 ids=   9 TEE1=-0.306 TEE2=-0.090 TEE3=-0.007  TEE4= 0.042  TEE5= 0.042  TEE6= 0.062
rank= 40 Lx=Ly=12 pg= 0.780 ids=  40 TEE1=-0.743 TEE2=-0.660 TEE3=-0.438  TEE4=-0.326  TEE5=-0.181  TEE6=-0.146
rank= 45 Lx=Ly=12 pg= 0.780 ids=  45 TEE1=-0.708 TEE2=-0.639 TEE3=-0.542  TEE4=-0.438  TEE5=-0.292  TEE6=-0.090
rank= 47 Lx=Ly=12 pg= 0.780 ids=  47 TEE1=-0.778 TEE2=-0.785 TEE3=-0.715  TEE4=-0.681  TEE5=-0.556  TEE6=-0.403
rank=  1 Lx=Ly=12 pg= 0.780 ids=   1 TEE1=-0.715 TEE2=-0.660 TEE3=-0.556  TEE4=-0.382  TEE5=-0.188  TEE6=-0.042
rank= 19 Lx=Ly=12 pg= 0.780 ids=  19 TEE1=-0.778 TEE2=-0.819 TEE3=-0.799  TEE4=-0.674  TEE5=-0.500  TEE6=-0.396
rank= 17 Lx=Ly=12 pg= 0.780 ids=  17 TEE1=-0.535 TEE2=-0.257 TEE3=-0.035  TEE4= 0.069  TEE5= 0.104  TEE6= 0.076
rank= 36 Lx=Ly=12 pg= 0.780 ids=  36 TEE1=-0.319 TEE2=-0.160 TEE3= 0.007  TEE4= 0.035  TEE5= 0.076  TEE6= 0.097
rank= 21 Lx=Ly=12 pg= 0.780 ids=  21 TEE1=-0.556 TEE2=-0.340 TEE3=-0.215  TEE4=-0.146  TEE5=-0.056  TEE6= 0.000
rank= 43 Lx=Ly=12 pg= 0.780 ids=  43 TEE1=-0.576 TEE2=-0.285 TEE3=-0.125  TEE4=-0.035  TEE5= 0.000  TEE6=-0.007
rank= 46 Lx=Ly=12 pg= 0.780 ids=  46 TEE1=-0.549 TEE2=-0.229 TEE3=-0.056  TEE4=-0.021  TEE5= 0.014  TEE6= 0.042
rank= 18 Lx=Ly=12 pg= 0.780 ids=  18 TEE1=-0.618 TEE2=-0.451 TEE3=-0.278  TEE4=-0.069  TEE5= 0.062  TEE6= 0.208
rank= 38 Lx=Ly=12 pg= 0.780 ids=  38 TEE1=-0.681 TEE2=-0.340 TEE3=-0.118  TEE4=-0.042  TEE5=-0.007  TEE6= 0.000
rank= 44 Lx=Ly=12 pg= 0.780 ids=  44 TEE1=-0.403 TEE2=-0.174 TEE3=-0.049  TEE4= 0.000  TEE5= 0.000  TEE6= 0.000
rank=  7 Lx=Ly=12 pg= 0.780 ids=   7 TEE1=-0.507 TEE2=-0.299 TEE3=-0.028  TEE4= 0.083  TEE5= 0.160  TEE6= 0.160
rank= 28 Lx=Ly=12 pg= 0.780 ids=  28 TEE1=-0.597 TEE2=-0.535 TEE3=-0.389  TEE4=-0.229  TEE5=-0.083  TEE6=-0.056
rank=  4 Lx=Ly=12 pg= 0.780 ids=   4 TEE1=-0.500 TEE2=-0.382 TEE3=-0.194  TEE4=-0.056  TEE5=-0.007  TEE6=-0.014
rank=  5 Lx=Ly=12 pg= 0.780 ids=   5 TEE1=-0.722 TEE2=-0.674 TEE3=-0.597  TEE4=-0.444  TEE5=-0.312  TEE6=-0.285
rank= 13 Lx=Ly=12 pg= 0.780 ids=  13 TEE1=-0.472 TEE2=-0.299 TEE3=-0.222  TEE4=-0.132  TEE5=-0.049  TEE6= 0.007
rank= 25 Lx=Ly=12 pg= 0.780 ids=  25 TEE1=-0.514 TEE2=-0.278 TEE3=-0.111  TEE4=-0.056  TEE5= 0.021  TEE6= 0.104
rank=  2 Lx=Ly=12 pg= 0.780 ids=   2 TEE1=-0.750 TEE2=-0.493 TEE3=-0.292  TEE4=-0.174  TEE5=-0.069  TEE6= 0.014
rank= 27 Lx=Ly=12 pg= 0.780 ids=  27 TEE1=-0.674 TEE2=-0.458 TEE3=-0.208  TEE4=-0.076  TEE5= 0.000  TEE6= 0.035
rank= 31 Lx=Ly=12 pg= 0.780 ids=  31 TEE1=-0.826 TEE2=-0.667 TEE3=-0.347  TEE4=-0.160  TEE5=-0.069  TEE6=-0.056
rank=  6 Lx=Ly=12 pg= 0.780 ids=   6 TEE1=-0.701 TEE2=-0.444 TEE3=-0.250  TEE4=-0.146  TEE5=-0.056  TEE6= 0.021
rank= 29 Lx=Ly=12 pg= 0.780 ids=  29 TEE1=-0.861 TEE2=-0.868 TEE3=-0.812  TEE4=-0.771  TEE5=-0.785  TEE6=-0.715
rank= 11 Lx=Ly=12 pg= 0.780 ids=  11 TEE1=-0.833 TEE2=-0.639 TEE3=-0.410  TEE4=-0.306  TEE5=-0.160  TEE6=-0.083
rank= 15 Lx=Ly=12 pg= 0.780 ids=  15 TEE1=-0.792 TEE2=-0.750 TEE3=-0.639  TEE4=-0.417  TEE5=-0.208  TEE6=-0.097
rank= 10 Lx=Ly=12 pg= 0.780 ids=  10 TEE1=-0.625 TEE2=-0.389 TEE3=-0.132  TEE4=-0.049  TEE5=-0.014  TEE6= 0.007
rank= 24 Lx=Ly=12 pg= 0.780 ids=  24 TEE1=-0.507 TEE2=-0.229 TEE3=-0.104  TEE4=-0.035  TEE5=-0.014  TEE6= 0.000
rank= 23 Lx=Ly=12 pg= 0.790 ids=  23 TEE1=-0.681 TEE2=-0.639 TEE3=-0.493  TEE4=-0.333  TEE5=-0.181  TEE6=-0.076
rank= 30 Lx=Ly=12 pg= 0.780 ids=  30 TEE1=-0.688 TEE2=-0.514 TEE3=-0.382  TEE4=-0.319  TEE5=-0.236  TEE6=-0.125
rank= 37 Lx=Ly=12 pg= 0.790 ids=  37 TEE1=-0.764 TEE2=-0.653 TEE3=-0.521  TEE4=-0.410  TEE5=-0.229  TEE6=-0.146
rank=  8 Lx=Ly=12 pg= 0.780 ids=   8 TEE1=-0.743 TEE2=-0.542 TEE3=-0.347  TEE4=-0.201  TEE5=-0.097  TEE6=-0.062
rank= 16 Lx=Ly=12 pg= 0.780 ids=  16 TEE1=-0.785 TEE2=-0.826 TEE3=-0.750  TEE4=-0.660  TEE5=-0.618  TEE6=-0.583
rank= 22 Lx=Ly=12 pg= 0.780 ids=  22 TEE1=-0.410 TEE2=-0.229 TEE3=-0.076  TEE4= 0.000  TEE5= 0.007  TEE6= 0.014
rank= 14 Lx=Ly=12 pg= 0.780 ids=  14 TEE1=-0.632 TEE2=-0.444 TEE3=-0.271  TEE4=-0.104  TEE5= 0.090  TEE6= 0.326
rank= 12 Lx=Ly=12 pg= 0.780 ids=  12 TEE1=-0.667 TEE2=-0.438 TEE3=-0.299  TEE4=-0.132  TEE5=-0.021  TEE6= 0.049
rank= 26 Lx=Ly=12 pg= 0.780 ids=  26 TEE1=-0.722 TEE2=-0.625 TEE3=-0.562  TEE4=-0.472  TEE5=-0.326  TEE6=-0.222
rank= 20 Lx=Ly=12 pg= 0.780 ids=  20 TEE1=-0.535 TEE2=-0.368 TEE3=-0.160  TEE4=-0.056  TEE5= 0.000  TEE6=-0.007
rank= 42 Lx=Ly=12 pg= 0.790 ids=  42 TEE1=-0.764 TEE2=-0.493 TEE3=-0.236  TEE4=-0.076  TEE5=-0.007  TEE6= 0.014
rank=  3 Lx=Ly=12 pg= 0.790 ids=   3 TEE1=-0.799 TEE2=-0.764 TEE3=-0.646  TEE4=-0.465  TEE5=-0.396  TEE6=-0.292
rank= 35 Lx=Ly=12 pg= 0.790 ids=  35 TEE1=-0.847 TEE2=-0.757 TEE3=-0.604  TEE4=-0.444  TEE5=-0.292  TEE6=-0.215
rank= 34 Lx=Ly=12 pg= 0.790 ids=  34 TEE1=-0.701 TEE2=-0.646 TEE3=-0.486  TEE4=-0.312  TEE5=-0.153  TEE6=-0.083
rank= 32 Lx=Ly=12 pg= 0.790 ids=  32 TEE1=-0.604 TEE2=-0.438 TEE3=-0.257  TEE4=-0.083  TEE5= 0.000  TEE6= 0.056
rank= 41 Lx=Ly=12 pg= 0.790 ids=  41 TEE1=-0.743 TEE2=-0.604 TEE3=-0.403  TEE4=-0.271  TEE5=-0.097  TEE6= 0.125
rank= 49 Lx=Ly=12 pg= 0.800 ids=  49 TEE1=-0.889 TEE2=-0.847 TEE3=-0.799  TEE4=-0.736  TEE5=-0.604  TEE6=-0.535
rank=  0 Lx=Ly=12 pg= 0.790 ids=   0 TEE1=-0.854 TEE2=-0.833 TEE3=-0.826  TEE4=-0.729  TEE5=-0.757  TEE6=-0.764
rank= 39 Lx=Ly=12 pg= 0.790 ids=  39 TEE1=-0.424 TEE2=-0.160 TEE3= 0.014  TEE4= 0.056  TEE5= 0.090  TEE6= 0.104
rank= 48 Lx=Ly=12 pg= 0.800 ids=  48 TEE1=-0.729 TEE2=-0.764 TEE3=-0.736  TEE4=-0.667  TEE5=-0.556  TEE6=-0.521
rank= 33 Lx=Ly=12 pg= 0.790 ids=  33 TEE1=-0.660 TEE2=-0.576 TEE3=-0.403  TEE4=-0.236  TEE5=-0.021  TEE6= 0.188
rank=  9 Lx=Ly=12 pg= 0.790 ids=   9 TEE1=-0.778 TEE2=-0.840 TEE3=-0.826  TEE4=-0.799  TEE5=-0.750  TEE6=-0.736
rank= 47 Lx=Ly=12 pg= 0.790 ids=  47 TEE1=-0.639 TEE2=-0.500 TEE3=-0.389  TEE4=-0.264  TEE5=-0.083  TEE6= 0.000
rank= 45 Lx=Ly=12 pg= 0.790 ids=  45 TEE1=-0.764 TEE2=-0.729 TEE3=-0.701  TEE4=-0.562  TEE5=-0.528  TEE6=-0.451
rank= 40 Lx=Ly=12 pg= 0.790 ids=  40 TEE1=-0.812 TEE2=-0.806 TEE3=-0.799  TEE4=-0.792  TEE5=-0.715  TEE6=-0.674
rank=  1 Lx=Ly=12 pg= 0.790 ids=   1 TEE1=-0.812 TEE2=-0.840 TEE3=-0.812  TEE4=-0.701  TEE5=-0.694  TEE6=-0.625
rank= 19 Lx=Ly=12 pg= 0.790 ids=  19 TEE1=-0.833 TEE2=-0.750 TEE3=-0.639  TEE4=-0.549  TEE5=-0.389  TEE6=-0.271
rank= 17 Lx=Ly=12 pg= 0.790 ids=  17 TEE1=-0.847 TEE2=-0.681 TEE3=-0.528  TEE4=-0.431  TEE5=-0.285  TEE6=-0.132
rank= 36 Lx=Ly=12 pg= 0.790 ids=  36 TEE1=-0.861 TEE2=-0.785 TEE3=-0.764  TEE4=-0.722  TEE5=-0.667  TEE6=-0.528
rank= 18 Lx=Ly=12 pg= 0.790 ids=  18 TEE1=-0.639 TEE2=-0.451 TEE3=-0.229  TEE4=-0.111  TEE5=-0.021  TEE6= 0.035
rank= 21 Lx=Ly=12 pg= 0.790 ids=  21 TEE1=-0.826 TEE2=-0.771 TEE3=-0.729  TEE4=-0.653  TEE5=-0.535  TEE6=-0.458
rank=  7 Lx=Ly=12 pg= 0.790 ids=   7 TEE1=-0.639 TEE2=-0.507 TEE3=-0.403  TEE4=-0.368  TEE5=-0.271  TEE6=-0.118
rank= 46 Lx=Ly=12 pg= 0.790 ids=  46 TEE1=-0.847 TEE2=-0.729 TEE3=-0.625  TEE4=-0.479  TEE5=-0.375  TEE6=-0.278
rank= 44 Lx=Ly=12 pg= 0.790 ids=  44 TEE1=-0.500 TEE2=-0.278 TEE3=-0.076  TEE4=-0.014  TEE5= 0.014  TEE6= 0.007
rank= 43 Lx=Ly=12 pg= 0.790 ids=  43 TEE1=-0.681 TEE2=-0.632 TEE3=-0.528  TEE4=-0.486  TEE5=-0.347  TEE6=-0.299
rank= 38 Lx=Ly=12 pg= 0.790 ids=  38 TEE1=-0.778 TEE2=-0.674 TEE3=-0.528  TEE4=-0.410  TEE5=-0.306  TEE6=-0.201
rank= 28 Lx=Ly=12 pg= 0.790 ids=  28 TEE1=-0.812 TEE2=-0.743 TEE3=-0.604  TEE4=-0.410  TEE5=-0.319  TEE6=-0.243
rank=  4 Lx=Ly=12 pg= 0.790 ids=   4 TEE1=-0.667 TEE2=-0.618 TEE3=-0.514  TEE4=-0.389  TEE5=-0.222  TEE6=-0.160
rank= 13 Lx=Ly=12 pg= 0.790 ids=  13 TEE1=-0.826 TEE2=-0.743 TEE3=-0.694  TEE4=-0.583  TEE5=-0.410  TEE6=-0.312
rank=  5 Lx=Ly=12 pg= 0.790 ids=   5 TEE1=-0.875 TEE2=-0.771 TEE3=-0.694  TEE4=-0.604  TEE5=-0.486  TEE6=-0.361
rank=  2 Lx=Ly=12 pg= 0.790 ids=   2 TEE1=-0.389 TEE2=-0.243 TEE3=-0.104  TEE4=-0.035  TEE5= 0.042  TEE6= 0.097
rank= 27 Lx=Ly=12 pg= 0.790 ids=  27 TEE1=-0.493 TEE2=-0.292 TEE3=-0.097  TEE4=-0.076  TEE5= 0.000  TEE6= 0.028
rank= 25 Lx=Ly=12 pg= 0.790 ids=  25 TEE1=-0.792 TEE2=-0.729 TEE3=-0.618  TEE4=-0.465  TEE5=-0.333  TEE6=-0.257
rank= 31 Lx=Ly=12 pg= 0.790 ids=  31 TEE1=-0.514 TEE2=-0.333 TEE3=-0.188  TEE4=-0.146  TEE5=-0.056  TEE6=-0.007
rank= 15 Lx=Ly=12 pg= 0.790 ids=  15 TEE1=-0.611 TEE2=-0.465 TEE3=-0.181  TEE4= 0.014  TEE5= 0.111  TEE6= 0.181
rank= 11 Lx=Ly=12 pg= 0.790 ids=  11 TEE1=-0.840 TEE2=-0.896 TEE3=-0.826  TEE4=-0.812  TEE5=-0.792  TEE6=-0.792
rank= 29 Lx=Ly=12 pg= 0.790 ids=  29 TEE1=-0.708 TEE2=-0.674 TEE3=-0.583  TEE4=-0.486  TEE5=-0.382  TEE6=-0.264
rank=  6 Lx=Ly=12 pg= 0.790 ids=   6 TEE1=-0.764 TEE2=-0.729 TEE3=-0.590  TEE4=-0.486  TEE5=-0.389  TEE6=-0.347
rank= 10 Lx=Ly=12 pg= 0.790 ids=  10 TEE1=-0.694 TEE2=-0.500 TEE3=-0.257  TEE4=-0.069  TEE5= 0.042  TEE6= 0.056
rank= 23 Lx=Ly=12 pg= 0.800 ids=  23 TEE1=-0.847 TEE2=-0.778 TEE3=-0.708  TEE4=-0.625  TEE5=-0.549  TEE6=-0.458
rank= 37 Lx=Ly=12 pg= 0.800 ids=  37 TEE1=-0.840 TEE2=-0.729 TEE3=-0.653  TEE4=-0.549  TEE5=-0.438  TEE6=-0.250
rank= 24 Lx=Ly=12 pg= 0.790 ids=  24 TEE1=-0.694 TEE2=-0.389 TEE3=-0.188  TEE4=-0.104  TEE5=-0.021  TEE6= 0.028
rank= 30 Lx=Ly=12 pg= 0.790 ids=  30 TEE1=-0.847 TEE2=-0.819 TEE3=-0.660  TEE4=-0.514  TEE5=-0.424  TEE6=-0.389
rank=  8 Lx=Ly=12 pg= 0.790 ids=   8 TEE1=-0.826 TEE2=-0.771 TEE3=-0.681  TEE4=-0.618  TEE5=-0.507  TEE6=-0.438
rank= 16 Lx=Ly=12 pg= 0.790 ids=  16 TEE1=-0.708 TEE2=-0.625 TEE3=-0.562  TEE4=-0.458  TEE5=-0.382  TEE6=-0.174
rank= 14 Lx=Ly=12 pg= 0.790 ids=  14 TEE1=-0.674 TEE2=-0.549 TEE3=-0.458  TEE4=-0.278  TEE5=-0.146  TEE6=-0.028
rank= 22 Lx=Ly=12 pg= 0.790 ids=  22 TEE1=-0.736 TEE2=-0.681 TEE3=-0.653  TEE4=-0.576  TEE5=-0.396  TEE6=-0.243
rank= 12 Lx=Ly=12 pg= 0.790 ids=  12 TEE1=-0.840 TEE2=-0.854 TEE3=-0.847  TEE4=-0.750  TEE5=-0.625  TEE6=-0.535
rank= 26 Lx=Ly=12 pg= 0.790 ids=  26 TEE1=-0.757 TEE2=-0.625 TEE3=-0.521  TEE4=-0.389  TEE5=-0.229  TEE6=-0.146
rank= 20 Lx=Ly=12 pg= 0.790 ids=  20 TEE1=-0.715 TEE2=-0.632 TEE3=-0.472  TEE4=-0.340  TEE5=-0.201  TEE6=-0.132
rank= 42 Lx=Ly=12 pg= 0.800 ids=  42 TEE1=-0.958 TEE2=-0.951 TEE3=-0.924  TEE4=-0.854  TEE5=-0.771  TEE6=-0.729
rank=  3 Lx=Ly=12 pg= 0.800 ids=   3 TEE1=-0.771 TEE2=-0.771 TEE3=-0.694  TEE4=-0.618  TEE5=-0.542  TEE6=-0.451
rank= 35 Lx=Ly=12 pg= 0.800 ids=  35 TEE1=-0.806 TEE2=-0.806 TEE3=-0.847  TEE4=-0.792  TEE5=-0.722  TEE6=-0.653
rank= 49 Lx=Ly=12 pg= 0.810 ids=  49 TEE1=-0.812 TEE2=-0.729 TEE3=-0.556  TEE4=-0.403  TEE5=-0.340  TEE6=-0.208
rank= 34 Lx=Ly=12 pg= 0.800 ids=  34 TEE1=-0.812 TEE2=-0.833 TEE3=-0.792  TEE4=-0.757  TEE5=-0.694  TEE6=-0.653
rank= 32 Lx=Ly=12 pg= 0.800 ids=  32 TEE1=-0.882 TEE2=-0.833 TEE3=-0.785  TEE4=-0.681  TEE5=-0.632  TEE6=-0.597
rank=  0 Lx=Ly=12 pg= 0.800 ids=   0 TEE1=-0.771 TEE2=-0.785 TEE3=-0.729  TEE4=-0.688  TEE5=-0.604  TEE6=-0.438
rank= 41 Lx=Ly=12 pg= 0.800 ids=  41 TEE1=-0.910 TEE2=-0.938 TEE3=-0.931  TEE4=-0.938  TEE5=-0.924  TEE6=-0.917
rank= 48 Lx=Ly=12 pg= 0.810 ids=  48 TEE1=-0.771 TEE2=-0.799 TEE3=-0.785  TEE4=-0.729  TEE5=-0.694  TEE6=-0.646
rank= 39 Lx=Ly=12 pg= 0.800 ids=  39 TEE1=-0.667 TEE2=-0.465 TEE3=-0.264  TEE4=-0.125  TEE5= 0.000  TEE6= 0.069
rank= 33 Lx=Ly=12 pg= 0.800 ids=  33 TEE1=-0.965 TEE2=-0.979 TEE3=-0.972  TEE4=-0.993  TEE5=-0.993  TEE6=-0.979
rank=  9 Lx=Ly=12 pg= 0.800 ids=   9 TEE1=-0.896 TEE2=-0.896 TEE3=-0.854  TEE4=-0.806  TEE5=-0.771  TEE6=-0.674
rank= 47 Lx=Ly=12 pg= 0.800 ids=  47 TEE1=-0.771 TEE2=-0.736 TEE3=-0.653  TEE4=-0.694  TEE5=-0.667  TEE6=-0.625
rank=  1 Lx=Ly=12 pg= 0.800 ids=   1 TEE1=-0.819 TEE2=-0.771 TEE3=-0.708  TEE4=-0.681  TEE5=-0.660  TEE6=-0.549
rank= 40 Lx=Ly=12 pg= 0.800 ids=  40 TEE1=-0.882 TEE2=-0.847 TEE3=-0.799  TEE4=-0.771  TEE5=-0.833  TEE6=-0.840
rank= 45 Lx=Ly=12 pg= 0.800 ids=  45 TEE1=-0.875 TEE2=-0.903 TEE3=-0.868  TEE4=-0.854  TEE5=-0.806  TEE6=-0.757
rank= 19 Lx=Ly=12 pg= 0.800 ids=  19 TEE1=-0.903 TEE2=-0.896 TEE3=-0.854  TEE4=-0.806  TEE5=-0.757  TEE6=-0.736
rank= 17 Lx=Ly=12 pg= 0.800 ids=  17 TEE1=-0.826 TEE2=-0.792 TEE3=-0.708  TEE4=-0.632  TEE5=-0.535  TEE6=-0.438
rank= 36 Lx=Ly=12 pg= 0.800 ids=  36 TEE1=-0.764 TEE2=-0.819 TEE3=-0.812  TEE4=-0.757  TEE5=-0.736  TEE6=-0.743
rank=  7 Lx=Ly=12 pg= 0.800 ids=   7 TEE1=-0.840 TEE2=-0.729 TEE3=-0.562  TEE4=-0.417  TEE5=-0.340  TEE6=-0.194
rank= 18 Lx=Ly=12 pg= 0.800 ids=  18 TEE1=-0.792 TEE2=-0.826 TEE3=-0.806  TEE4=-0.729  TEE5=-0.743  TEE6=-0.708
rank= 21 Lx=Ly=12 pg= 0.800 ids=  21 TEE1=-0.868 TEE2=-0.854 TEE3=-0.833  TEE4=-0.785  TEE5=-0.722  TEE6=-0.639
rank= 46 Lx=Ly=12 pg= 0.800 ids=  46 TEE1=-0.708 TEE2=-0.694 TEE3=-0.688  TEE4=-0.576  TEE5=-0.507  TEE6=-0.326
rank= 44 Lx=Ly=12 pg= 0.800 ids=  44 TEE1=-0.812 TEE2=-0.875 TEE3=-0.889  TEE4=-0.958  TEE5=-0.938  TEE6=-0.917
rank= 38 Lx=Ly=12 pg= 0.800 ids=  38 TEE1=-0.861 TEE2=-0.806 TEE3=-0.757  TEE4=-0.757  TEE5=-0.778  TEE6=-0.778
rank= 28 Lx=Ly=12 pg= 0.800 ids=  28 TEE1=-0.743 TEE2=-0.785 TEE3=-0.812  TEE4=-0.778  TEE5=-0.722  TEE6=-0.674
rank= 43 Lx=Ly=12 pg= 0.800 ids=  43 TEE1=-0.819 TEE2=-0.785 TEE3=-0.743  TEE4=-0.743  TEE5=-0.674  TEE6=-0.479
rank= 13 Lx=Ly=12 pg= 0.800 ids=  13 TEE1=-0.833 TEE2=-0.819 TEE3=-0.736  TEE4=-0.625  TEE5=-0.542  TEE6=-0.444
rank=  4 Lx=Ly=12 pg= 0.800 ids=   4 TEE1=-0.910 TEE2=-0.965 TEE3=-0.972  TEE4=-0.965  TEE5=-0.979  TEE6=-0.993
rank=  2 Lx=Ly=12 pg= 0.800 ids=   2 TEE1=-0.792 TEE2=-0.611 TEE3=-0.424  TEE4=-0.271  TEE5=-0.174  TEE6=-0.139
rank=  5 Lx=Ly=12 pg= 0.800 ids=   5 TEE1=-0.868 TEE2=-0.882 TEE3=-0.889  TEE4=-0.965  TEE5=-0.924  TEE6=-0.896
rank= 27 Lx=Ly=12 pg= 0.800 ids=  27 TEE1=-0.708 TEE2=-0.639 TEE3=-0.542  TEE4=-0.368  TEE5=-0.236  TEE6=-0.118
rank= 31 Lx=Ly=12 pg= 0.800 ids=  31 TEE1=-0.840 TEE2=-0.819 TEE3=-0.806  TEE4=-0.778  TEE5=-0.736  TEE6=-0.674
rank= 25 Lx=Ly=12 pg= 0.800 ids=  25 TEE1=-0.896 TEE2=-0.944 TEE3=-0.910  TEE4=-0.896  TEE5=-0.889  TEE6=-0.889
rank= 15 Lx=Ly=12 pg= 0.800 ids=  15 TEE1=-0.861 TEE2=-0.833 TEE3=-0.729  TEE4=-0.646  TEE5=-0.528  TEE6=-0.500
rank= 29 Lx=Ly=12 pg= 0.800 ids=  29 TEE1=-0.667 TEE2=-0.583 TEE3=-0.486  TEE4=-0.243  TEE5=-0.035  TEE6= 0.188
rank= 11 Lx=Ly=12 pg= 0.800 ids=  11 TEE1=-0.875 TEE2=-0.868 TEE3=-0.868  TEE4=-0.812  TEE5=-0.750  TEE6=-0.722
rank=  6 Lx=Ly=12 pg= 0.800 ids=   6 TEE1=-0.875 TEE2=-0.840 TEE3=-0.819  TEE4=-0.757  TEE5=-0.639  TEE6=-0.521
rank= 23 Lx=Ly=12 pg= 0.810 ids=  23 TEE1=-0.806 TEE2=-0.833 TEE3=-0.861  TEE4=-0.833  TEE5=-0.778  TEE6=-0.743
rank= 37 Lx=Ly=12 pg= 0.810 ids=  37 TEE1=-0.951 TEE2=-0.958 TEE3=-0.951  TEE4=-0.924  TEE5=-0.944  TEE6=-0.910
rank= 10 Lx=Ly=12 pg= 0.800 ids=  10 TEE1=-0.806 TEE2=-0.708 TEE3=-0.562  TEE4=-0.458  TEE5=-0.312  TEE6=-0.181
rank= 24 Lx=Ly=12 pg= 0.800 ids=  24 TEE1=-0.840 TEE2=-0.882 TEE3=-0.840  TEE4=-0.868  TEE5=-0.847  TEE6=-0.819
rank=  8 Lx=Ly=12 pg= 0.800 ids=   8 TEE1=-0.681 TEE2=-0.569 TEE3=-0.451  TEE4=-0.271  TEE5=-0.146  TEE6=-0.069
rank= 30 Lx=Ly=12 pg= 0.800 ids=  30 TEE1=-0.847 TEE2=-0.896 TEE3=-0.847  TEE4=-0.868  TEE5=-0.875  TEE6=-0.868
rank= 14 Lx=Ly=12 pg= 0.800 ids=  14 TEE1=-0.771 TEE2=-0.792 TEE3=-0.771  TEE4=-0.743  TEE5=-0.639  TEE6=-0.556
rank= 16 Lx=Ly=12 pg= 0.800 ids=  16 TEE1=-0.847 TEE2=-0.792 TEE3=-0.736  TEE4=-0.646  TEE5=-0.583  TEE6=-0.507
rank= 22 Lx=Ly=12 pg= 0.800 ids=  22 TEE1=-0.840 TEE2=-0.757 TEE3=-0.632  TEE4=-0.556  TEE5=-0.542  TEE6=-0.465
rank= 12 Lx=Ly=12 pg= 0.800 ids=  12 TEE1=-0.743 TEE2=-0.708 TEE3=-0.639  TEE4=-0.514  TEE5=-0.410  TEE6=-0.319
rank= 20 Lx=Ly=12 pg= 0.800 ids=  20 TEE1=-0.660 TEE2=-0.556 TEE3=-0.444  TEE4=-0.306  TEE5=-0.160  TEE6=-0.069
rank= 26 Lx=Ly=12 pg= 0.800 ids=  26 TEE1=-0.861 TEE2=-0.882 TEE3=-0.812  TEE4=-0.799  TEE5=-0.792  TEE6=-0.778
rank= 42 Lx=Ly=12 pg= 0.810 ids=  42 TEE1=-0.833 TEE2=-0.847 TEE3=-0.861  TEE4=-0.840  TEE5=-0.792  TEE6=-0.757
rank= 49 Lx=Ly=12 pg= 0.820 ids=  49 TEE1=-0.778 TEE2=-0.806 TEE3=-0.806  TEE4=-0.729  TEE5=-0.694  TEE6=-0.694
rank=  3 Lx=Ly=12 pg= 0.810 ids=   3 TEE1=-0.875 TEE2=-0.889 TEE3=-0.847  TEE4=-0.806  TEE5=-0.722  TEE6=-0.667
rank= 35 Lx=Ly=12 pg= 0.810 ids=  35 TEE1=-0.764 TEE2=-0.681 TEE3=-0.493  TEE4=-0.361  TEE5=-0.222  TEE6=-0.104
rank= 34 Lx=Ly=12 pg= 0.810 ids=  34 TEE1=-0.792 TEE2=-0.778 TEE3=-0.771  TEE4=-0.778  TEE5=-0.667  TEE6=-0.632
rank= 48 Lx=Ly=12 pg= 0.820 ids=  48 TEE1=-0.826 TEE2=-0.861 TEE3=-0.792  TEE4=-0.576  TEE5=-0.493  TEE6=-0.417
rank= 32 Lx=Ly=12 pg= 0.810 ids=  32 TEE1=-0.903 TEE2=-0.917 TEE3=-0.903  TEE4=-0.847  TEE5=-0.799  TEE6=-0.826
rank=  0 Lx=Ly=12 pg= 0.810 ids=   0 TEE1=-0.875 TEE2=-0.896 TEE3=-0.833  TEE4=-0.861  TEE5=-0.854  TEE6=-0.875
rank= 41 Lx=Ly=12 pg= 0.810 ids=  41 TEE1=-0.944 TEE2=-0.958 TEE3=-0.972  TEE4=-0.972  TEE5=-0.965  TEE6=-0.951
rank= 39 Lx=Ly=12 pg= 0.810 ids=  39 TEE1=-0.847 TEE2=-0.826 TEE3=-0.764  TEE4=-0.722  TEE5=-0.618  TEE6=-0.535
rank=  9 Lx=Ly=12 pg= 0.810 ids=   9 TEE1=-0.861 TEE2=-0.812 TEE3=-0.694  TEE4=-0.549  TEE5=-0.458  TEE6=-0.347
rank= 33 Lx=Ly=12 pg= 0.810 ids=  33 TEE1=-0.944 TEE2=-0.951 TEE3=-0.917  TEE4=-0.889  TEE5=-0.868  TEE6=-0.882
rank= 47 Lx=Ly=12 pg= 0.810 ids=  47 TEE1=-0.785 TEE2=-0.736 TEE3=-0.743  TEE4=-0.743  TEE5=-0.674  TEE6=-0.535
rank= 45 Lx=Ly=12 pg= 0.810 ids=  45 TEE1=-0.868 TEE2=-0.847 TEE3=-0.861  TEE4=-0.819  TEE5=-0.778  TEE6=-0.750
rank= 19 Lx=Ly=12 pg= 0.810 ids=  19 TEE1=-0.882 TEE2=-0.875 TEE3=-0.812  TEE4=-0.826  TEE5=-0.840  TEE6=-0.833
rank= 40 Lx=Ly=12 pg= 0.810 ids=  40 TEE1=-0.910 TEE2=-0.958 TEE3=-0.958  TEE4=-0.944  TEE5=-0.965  TEE6=-0.979
rank=  1 Lx=Ly=12 pg= 0.810 ids=   1 TEE1=-0.896 TEE2=-0.847 TEE3=-0.819  TEE4=-0.778  TEE5=-0.736  TEE6=-0.674
rank= 17 Lx=Ly=12 pg= 0.810 ids=  17 TEE1=-0.931 TEE2=-0.979 TEE3=-0.979  TEE4=-0.958  TEE5=-0.951  TEE6=-0.972
rank=  7 Lx=Ly=12 pg= 0.810 ids=   7 TEE1=-0.819 TEE2=-0.840 TEE3=-0.778  TEE4=-0.688  TEE5=-0.646  TEE6=-0.632
rank= 36 Lx=Ly=12 pg= 0.810 ids=  36 TEE1=-0.868 TEE2=-0.889 TEE3=-0.840  TEE4=-0.799  TEE5=-0.806  TEE6=-0.799
rank= 18 Lx=Ly=12 pg= 0.810 ids=  18 TEE1=-0.889 TEE2=-0.924 TEE3=-0.903  TEE4=-0.847  TEE5=-0.819  TEE6=-0.819
rank= 21 Lx=Ly=12 pg= 0.810 ids=  21 TEE1=-0.910 TEE2=-0.924 TEE3=-0.938  TEE4=-0.965  TEE5=-0.924  TEE6=-0.931
rank= 46 Lx=Ly=12 pg= 0.810 ids=  46 TEE1=-0.958 TEE2=-0.965 TEE3=-0.889  TEE4=-0.806  TEE5=-0.708  TEE6=-0.688
rank= 44 Lx=Ly=12 pg= 0.810 ids=  44 TEE1=-0.833 TEE2=-0.819 TEE3=-0.812  TEE4=-0.840  TEE5=-0.799  TEE6=-0.729
rank= 38 Lx=Ly=12 pg= 0.810 ids=  38 TEE1=-0.868 TEE2=-0.875 TEE3=-0.875  TEE4=-0.854  TEE5=-0.826  TEE6=-0.764
rank= 28 Lx=Ly=12 pg= 0.810 ids=  28 TEE1=-0.882 TEE2=-0.938 TEE3=-0.938  TEE4=-0.938  TEE5=-0.931  TEE6=-0.951
rank= 13 Lx=Ly=12 pg= 0.810 ids=  13 TEE1=-0.924 TEE2=-0.951 TEE3=-0.965  TEE4=-0.944  TEE5=-0.944  TEE6=-0.958
rank= 43 Lx=Ly=12 pg= 0.810 ids=  43 TEE1=-0.868 TEE2=-0.840 TEE3=-0.826  TEE4=-0.792  TEE5=-0.792  TEE6=-0.778
rank=  4 Lx=Ly=12 pg= 0.810 ids=   4 TEE1=-0.938 TEE2=-0.951 TEE3=-0.965  TEE4=-0.972  TEE5=-0.951  TEE6=-0.931
rank=  5 Lx=Ly=12 pg= 0.810 ids=   5 TEE1=-0.868 TEE2=-0.868 TEE3=-0.833  TEE4=-0.812  TEE5=-0.681  TEE6=-0.625
rank=  2 Lx=Ly=12 pg= 0.810 ids=   2 TEE1=-0.868 TEE2=-0.847 TEE3=-0.806  TEE4=-0.681  TEE5=-0.625  TEE6=-0.556
rank= 27 Lx=Ly=12 pg= 0.810 ids=  27 TEE1=-0.729 TEE2=-0.611 TEE3=-0.472  TEE4=-0.319  TEE5=-0.194  TEE6=-0.104
rank= 31 Lx=Ly=12 pg= 0.810 ids=  31 TEE1=-0.840 TEE2=-0.840 TEE3=-0.806  TEE4=-0.750  TEE5=-0.701  TEE6=-0.681
rank= 25 Lx=Ly=12 pg= 0.810 ids=  25 TEE1=-0.854 TEE2=-0.868 TEE3=-0.882  TEE4=-0.903  TEE5=-0.882  TEE6=-0.875
rank= 15 Lx=Ly=12 pg= 0.810 ids=  15 TEE1=-0.833 TEE2=-0.819 TEE3=-0.764  TEE4=-0.639  TEE5=-0.535  TEE6=-0.500
rank= 29 Lx=Ly=12 pg= 0.810 ids=  29 TEE1=-0.972 TEE2=-0.972 TEE3=-0.965  TEE4=-0.986  TEE5=-0.965  TEE6=-0.958
rank= 11 Lx=Ly=12 pg= 0.810 ids=  11 TEE1=-0.889 TEE2=-0.896 TEE3=-0.903  TEE4=-0.910  TEE5=-0.861  TEE6=-0.826
rank= 37 Lx=Ly=12 pg= 0.820 ids=  37 TEE1=-0.889 TEE2=-0.924 TEE3=-0.924  TEE4=-0.924  TEE5=-0.910  TEE6=-0.910
rank= 23 Lx=Ly=12 pg= 0.820 ids=  23 TEE1=-0.903 TEE2=-0.903 TEE3=-0.882  TEE4=-0.889  TEE5=-0.896  TEE6=-0.889
rank=  6 Lx=Ly=12 pg= 0.810 ids=   6 TEE1=-0.903 TEE2=-0.910 TEE3=-0.889  TEE4=-0.861  TEE5=-0.806  TEE6=-0.778
rank= 10 Lx=Ly=12 pg= 0.810 ids=  10 TEE1=-0.938 TEE2=-0.986 TEE3=-0.979  TEE4=-0.979  TEE5=-0.979  TEE6=-0.993
rank= 24 Lx=Ly=12 pg= 0.810 ids=  24 TEE1=-0.924 TEE2=-0.910 TEE3=-0.861  TEE4=-0.840  TEE5=-0.771  TEE6=-0.681
rank=  8 Lx=Ly=12 pg= 0.810 ids=   8 TEE1=-0.847 TEE2=-0.799 TEE3=-0.708  TEE4=-0.597  TEE5=-0.479  TEE6=-0.431
rank= 30 Lx=Ly=12 pg= 0.810 ids=  30 TEE1=-0.882 TEE2=-0.868 TEE3=-0.792  TEE4=-0.736  TEE5=-0.708  TEE6=-0.681
rank= 14 Lx=Ly=12 pg= 0.810 ids=  14 TEE1=-0.896 TEE2=-0.910 TEE3=-0.924  TEE4=-0.910  TEE5=-0.889  TEE6=-0.931
rank= 16 Lx=Ly=12 pg= 0.810 ids=  16 TEE1=-0.840 TEE2=-0.826 TEE3=-0.792  TEE4=-0.750  TEE5=-0.674  TEE6=-0.639
rank= 22 Lx=Ly=12 pg= 0.810 ids=  22 TEE1=-0.826 TEE2=-0.861 TEE3=-0.847  TEE4=-0.889  TEE5=-0.826  TEE6=-0.806
rank= 12 Lx=Ly=12 pg= 0.810 ids=  12 TEE1=-0.868 TEE2=-0.875 TEE3=-0.847  TEE4=-0.840  TEE5=-0.799  TEE6=-0.729
rank= 49 Lx=Ly=12 pg= 0.830 ids=  49 TEE1=-0.944 TEE2=-0.944 TEE3=-0.896  TEE4=-0.889  TEE5=-0.924  TEE6=-0.917
rank= 42 Lx=Ly=12 pg= 0.820 ids=  42 TEE1=-0.889 TEE2=-0.938 TEE3=-0.896  TEE4=-0.889  TEE5=-0.889  TEE6=-0.917
rank= 20 Lx=Ly=12 pg= 0.810 ids=  20 TEE1=-0.778 TEE2=-0.667 TEE3=-0.604  TEE4=-0.556  TEE5=-0.382  TEE6=-0.236
rank= 26 Lx=Ly=12 pg= 0.810 ids=  26 TEE1=-0.903 TEE2=-0.903 TEE3=-0.833  TEE4=-0.840  TEE5=-0.840  TEE6=-0.875
rank=  3 Lx=Ly=12 pg= 0.820 ids=   3 TEE1=-0.757 TEE2=-0.729 TEE3=-0.729  TEE4=-0.736  TEE5=-0.688  TEE6=-0.618
rank= 35 Lx=Ly=12 pg= 0.820 ids=  35 TEE1=-0.972 TEE2=-0.972 TEE3=-0.944  TEE4=-0.910  TEE5=-0.868  TEE6=-0.840
rank= 32 Lx=Ly=12 pg= 0.820 ids=  32 TEE1=-0.611 TEE2=-0.521 TEE3=-0.361  TEE4=-0.201  TEE5=-0.097  TEE6=-0.042
rank= 34 Lx=Ly=12 pg= 0.820 ids=  34 TEE1=-0.875 TEE2=-0.847 TEE3=-0.806  TEE4=-0.736  TEE5=-0.715  TEE6=-0.701
rank= 48 Lx=Ly=12 pg= 0.830 ids=  48 TEE1=-0.965 TEE2=-0.972 TEE3=-0.979  TEE4=-0.958  TEE5=-0.944  TEE6=-0.944
rank= 41 Lx=Ly=12 pg= 0.820 ids=  41 TEE1=-0.903 TEE2=-0.868 TEE3=-0.847  TEE4=-0.889  TEE5=-0.889  TEE6=-0.840
rank=  0 Lx=Ly=12 pg= 0.820 ids=   0 TEE1=-0.979 TEE2=-1.000 TEE3=-1.000  TEE4=-0.986  TEE5=-0.986  TEE6=-0.993
rank=  9 Lx=Ly=12 pg= 0.820 ids=   9 TEE1=-0.903 TEE2=-0.931 TEE3=-0.951  TEE4=-0.965  TEE5=-0.944  TEE6=-0.938
rank= 33 Lx=Ly=12 pg= 0.820 ids=  33 TEE1=-0.764 TEE2=-0.722 TEE3=-0.611  TEE4=-0.590  TEE5=-0.549  TEE6=-0.438
rank= 39 Lx=Ly=12 pg= 0.820 ids=  39 TEE1=-0.903 TEE2=-0.917 TEE3=-0.889  TEE4=-0.882  TEE5=-0.924  TEE6=-0.903
rank= 47 Lx=Ly=12 pg= 0.820 ids=  47 TEE1=-0.875 TEE2=-0.861 TEE3=-0.875  TEE4=-0.951  TEE5=-0.931  TEE6=-0.854
rank= 45 Lx=Ly=12 pg= 0.820 ids=  45 TEE1=-0.917 TEE2=-0.896 TEE3=-0.882  TEE4=-0.868  TEE5=-0.840  TEE6=-0.840
rank=  1 Lx=Ly=12 pg= 0.820 ids=   1 TEE1=-0.951 TEE2=-0.993 TEE3=-1.000  TEE4=-0.972  TEE5=-0.979  TEE6=-0.993
rank= 17 Lx=Ly=12 pg= 0.820 ids=  17 TEE1=-0.965 TEE2=-0.986 TEE3=-0.979  TEE4=-0.986  TEE5=-0.979  TEE6=-0.993
rank= 19 Lx=Ly=12 pg= 0.820 ids=  19 TEE1=-0.979 TEE2=-1.000 TEE3=-0.986  TEE4=-0.986  TEE5=-0.986  TEE6=-0.993
rank= 40 Lx=Ly=12 pg= 0.820 ids=  40 TEE1=-0.931 TEE2=-0.958 TEE3=-0.938  TEE4=-0.917  TEE5=-0.931  TEE6=-0.938
rank=  7 Lx=Ly=12 pg= 0.820 ids=   7 TEE1=-0.951 TEE2=-0.979 TEE3=-0.986  TEE4=-0.979  TEE5=-0.993  TEE6=-0.993
rank= 18 Lx=Ly=12 pg= 0.820 ids=  18 TEE1=-0.931 TEE2=-0.972 TEE3=-0.972  TEE4=-0.986  TEE5=-0.986  TEE6=-0.993
rank= 36 Lx=Ly=12 pg= 0.820 ids=  36 TEE1=-0.938 TEE2=-0.986 TEE3=-0.986  TEE4=-0.986  TEE5=-0.979  TEE6=-1.000
rank= 21 Lx=Ly=12 pg= 0.820 ids=  21 TEE1=-0.972 TEE2=-0.993 TEE3=-0.993  TEE4=-1.000  TEE5=-0.993  TEE6=-0.993
rank= 46 Lx=Ly=12 pg= 0.820 ids=  46 TEE1=-0.854 TEE2=-0.812 TEE3=-0.792  TEE4=-0.736  TEE5=-0.681  TEE6=-0.576
rank= 13 Lx=Ly=12 pg= 0.820 ids=  13 TEE1=-0.896 TEE2=-0.938 TEE3=-0.965  TEE4=-0.951  TEE5=-0.924  TEE6=-0.958
rank= 38 Lx=Ly=12 pg= 0.820 ids=  38 TEE1=-0.819 TEE2=-0.840 TEE3=-0.847  TEE4=-0.868  TEE5=-0.812  TEE6=-0.819
rank= 44 Lx=Ly=12 pg= 0.820 ids=  44 TEE1=-0.903 TEE2=-0.958 TEE3=-0.958  TEE4=-0.958  TEE5=-0.938  TEE6=-0.938
rank= 28 Lx=Ly=12 pg= 0.820 ids=  28 TEE1=-0.938 TEE2=-0.972 TEE3=-0.951  TEE4=-0.979  TEE5=-0.972  TEE6=-0.972
rank=  5 Lx=Ly=12 pg= 0.820 ids=   5 TEE1=-0.951 TEE2=-0.965 TEE3=-0.924  TEE4=-0.910  TEE5=-0.924  TEE6=-0.944
rank=  4 Lx=Ly=12 pg= 0.820 ids=   4 TEE1=-0.965 TEE2=-0.979 TEE3=-0.958  TEE4=-0.965  TEE5=-0.965  TEE6=-0.972
rank=  2 Lx=Ly=12 pg= 0.820 ids=   2 TEE1=-0.965 TEE2=-0.951 TEE3=-0.944  TEE4=-0.951  TEE5=-0.958  TEE6=-0.958
rank= 27 Lx=Ly=12 pg= 0.820 ids=  27 TEE1=-0.931 TEE2=-0.951 TEE3=-0.938  TEE4=-0.944  TEE5=-0.931  TEE6=-0.903
rank= 43 Lx=Ly=12 pg= 0.820 ids=  43 TEE1=-0.875 TEE2=-0.903 TEE3=-0.875  TEE4=-0.896  TEE5=-0.840  TEE6=-0.868
rank= 31 Lx=Ly=12 pg= 0.820 ids=  31 TEE1=-0.903 TEE2=-0.903 TEE3=-0.910  TEE4=-0.854  TEE5=-0.778  TEE6=-0.701
rank= 15 Lx=Ly=12 pg= 0.820 ids=  15 TEE1=-0.889 TEE2=-0.896 TEE3=-0.917  TEE4=-0.944  TEE5=-0.931  TEE6=-0.924
rank= 25 Lx=Ly=12 pg= 0.820 ids=  25 TEE1=-0.951 TEE2=-0.979 TEE3=-0.986  TEE4=-0.986  TEE5=-0.986  TEE6=-1.000
rank= 29 Lx=Ly=12 pg= 0.820 ids=  29 TEE1=-0.861 TEE2=-0.931 TEE3=-0.882  TEE4=-0.896  TEE5=-0.875  TEE6=-0.896
rank= 11 Lx=Ly=12 pg= 0.820 ids=  11 TEE1=-0.861 TEE2=-0.847 TEE3=-0.847  TEE4=-0.847  TEE5=-0.819  TEE6=-0.750
rank= 37 Lx=Ly=12 pg= 0.830 ids=  37 TEE1=-0.917 TEE2=-0.951 TEE3=-0.972  TEE4=-0.986  TEE5=-0.986  TEE6=-0.986
rank= 23 Lx=Ly=12 pg= 0.830 ids=  23 TEE1=-0.972 TEE2=-0.986 TEE3=-0.979  TEE4=-0.986  TEE5=-0.986  TEE6=-1.000
rank=  6 Lx=Ly=12 pg= 0.820 ids=   6 TEE1=-0.896 TEE2=-0.896 TEE3=-0.903  TEE4=-0.944  TEE5=-0.924  TEE6=-0.910
rank= 24 Lx=Ly=12 pg= 0.820 ids=  24 TEE1=-0.958 TEE2=-0.986 TEE3=-0.993  TEE4=-1.000  TEE5=-1.000  TEE6=-0.979
rank= 10 Lx=Ly=12 pg= 0.820 ids=  10 TEE1=-0.889 TEE2=-0.896 TEE3=-0.875  TEE4=-0.854  TEE5=-0.826  TEE6=-0.875
rank= 30 Lx=Ly=12 pg= 0.820 ids=  30 TEE1=-0.819 TEE2=-0.826 TEE3=-0.743  TEE4=-0.653  TEE5=-0.604  TEE6=-0.597
rank= 14 Lx=Ly=12 pg= 0.820 ids=  14 TEE1=-0.854 TEE2=-0.847 TEE3=-0.840  TEE4=-0.819  TEE5=-0.792  TEE6=-0.708
rank=  8 Lx=Ly=12 pg= 0.820 ids=   8 TEE1=-0.896 TEE2=-0.924 TEE3=-0.938  TEE4=-0.958  TEE5=-0.951  TEE6=-0.965
rank= 49 Lx=Ly=12 pg= 0.840 ids=  49 TEE1=-0.896 TEE2=-0.875 TEE3=-0.826  TEE4=-0.771  TEE5=-0.667  TEE6=-0.625
rank= 16 Lx=Ly=12 pg= 0.820 ids=  16 TEE1=-0.715 TEE2=-0.722 TEE3=-0.639  TEE4=-0.549  TEE5=-0.500  TEE6=-0.361
rank= 22 Lx=Ly=12 pg= 0.820 ids=  22 TEE1=-0.938 TEE2=-0.938 TEE3=-0.938  TEE4=-0.931  TEE5=-0.924  TEE6=-0.944
rank= 42 Lx=Ly=12 pg= 0.830 ids=  42 TEE1=-0.938 TEE2=-0.944 TEE3=-0.938  TEE4=-0.979  TEE5=-0.972  TEE6=-0.917
rank= 12 Lx=Ly=12 pg= 0.820 ids=  12 TEE1=-0.910 TEE2=-0.951 TEE3=-0.944  TEE4=-0.944  TEE5=-0.951  TEE6=-0.951
rank=  3 Lx=Ly=12 pg= 0.830 ids=   3 TEE1=-0.979 TEE2=-0.993 TEE3=-1.000  TEE4=-0.993  TEE5=-0.986  TEE6=-0.993
rank= 35 Lx=Ly=12 pg= 0.830 ids=  35 TEE1=-0.986 TEE2=-1.000 TEE3=-1.000  TEE4=-0.993  TEE5=-0.993  TEE6=-1.000
rank= 20 Lx=Ly=12 pg= 0.820 ids=  20 TEE1=-0.917 TEE2=-0.944 TEE3=-0.965  TEE4=-0.944  TEE5=-0.924  TEE6=-0.965
rank= 32 Lx=Ly=12 pg= 0.830 ids=  32 TEE1=-0.889 TEE2=-0.903 TEE3=-0.854  TEE4=-0.757  TEE5=-0.729  TEE6=-0.729
rank= 26 Lx=Ly=12 pg= 0.820 ids=  26 TEE1=-0.875 TEE2=-0.875 TEE3=-0.847  TEE4=-0.806  TEE5=-0.799  TEE6=-0.806
rank= 48 Lx=Ly=12 pg= 0.840 ids=  48 TEE1=-0.993 TEE2=-0.993 TEE3=-1.000  TEE4=-1.000  TEE5=-0.993  TEE6=-1.000
rank= 34 Lx=Ly=12 pg= 0.830 ids=  34 TEE1=-0.924 TEE2=-0.979 TEE3=-0.986  TEE4=-0.972  TEE5=-0.958  TEE6=-1.000
rank=  0 Lx=Ly=12 pg= 0.830 ids=   0 TEE1=-0.917 TEE2=-0.917 TEE3=-0.931  TEE4=-0.917  TEE5=-0.924  TEE6=-0.944
rank= 41 Lx=Ly=12 pg= 0.830 ids=  41 TEE1=-0.979 TEE2=-0.993 TEE3=-0.993  TEE4=-0.986  TEE5=-0.986  TEE6=-0.979
rank=  9 Lx=Ly=12 pg= 0.830 ids=   9 TEE1=-0.910 TEE2=-0.917 TEE3=-0.868  TEE4=-0.903  TEE5=-0.924  TEE6=-0.924
rank= 33 Lx=Ly=12 pg= 0.830 ids=  33 TEE1=-0.979 TEE2=-0.993 TEE3=-0.993  TEE4=-0.993  TEE5=-1.000  TEE6=-1.000
rank= 39 Lx=Ly=12 pg= 0.830 ids=  39 TEE1=-0.917 TEE2=-0.931 TEE3=-0.931  TEE4=-0.917  TEE5=-0.938  TEE6=-0.938
rank= 47 Lx=Ly=12 pg= 0.830 ids=  47 TEE1=-0.944 TEE2=-0.993 TEE3=-0.979  TEE4=-1.000  TEE5=-0.993  TEE6=-0.993
rank= 45 Lx=Ly=12 pg= 0.830 ids=  45 TEE1=-0.910 TEE2=-0.958 TEE3=-0.951  TEE4=-0.965  TEE5=-0.965  TEE6=-0.979
rank=  1 Lx=Ly=12 pg= 0.830 ids=   1 TEE1=-0.938 TEE2=-0.972 TEE3=-0.965  TEE4=-0.972  TEE5=-0.986  TEE6=-0.986
rank= 17 Lx=Ly=12 pg= 0.830 ids=  17 TEE1=-0.826 TEE2=-0.792 TEE3=-0.812  TEE4=-0.833  TEE5=-0.792  TEE6=-0.715
rank= 40 Lx=Ly=12 pg= 0.830 ids=  40 TEE1=-0.833 TEE2=-0.840 TEE3=-0.840  TEE4=-0.819  TEE5=-0.757  TEE6=-0.729
rank=  7 Lx=Ly=12 pg= 0.830 ids=   7 TEE1=-0.819 TEE2=-0.840 TEE3=-0.861  TEE4=-0.861  TEE5=-0.792  TEE6=-0.764
rank= 19 Lx=Ly=12 pg= 0.830 ids=  19 TEE1=-0.944 TEE2=-0.931 TEE3=-0.944  TEE4=-0.951  TEE5=-0.924  TEE6=-0.924
rank= 36 Lx=Ly=12 pg= 0.830 ids=  36 TEE1=-0.931 TEE2=-0.951 TEE3=-0.938  TEE4=-0.972  TEE5=-0.986  TEE6=-0.965
rank= 18 Lx=Ly=12 pg= 0.830 ids=  18 TEE1=-0.965 TEE2=-0.972 TEE3=-0.965  TEE4=-0.965  TEE5=-0.979  TEE6=-0.972
rank= 21 Lx=Ly=12 pg= 0.830 ids=  21 TEE1=-0.868 TEE2=-0.917 TEE3=-0.910  TEE4=-0.924  TEE5=-0.910  TEE6=-0.889
rank= 13 Lx=Ly=12 pg= 0.830 ids=  13 TEE1=-0.951 TEE2=-0.965 TEE3=-0.979  TEE4=-1.000  TEE5=-0.979  TEE6=-0.986
rank= 46 Lx=Ly=12 pg= 0.830 ids=  46 TEE1=-0.951 TEE2=-0.958 TEE3=-0.965  TEE4=-0.951  TEE5=-0.944  TEE6=-0.951
rank= 28 Lx=Ly=12 pg= 0.830 ids=  28 TEE1=-0.917 TEE2=-0.924 TEE3=-0.868  TEE4=-0.889  TEE5=-0.944  TEE6=-0.944
rank= 38 Lx=Ly=12 pg= 0.830 ids=  38 TEE1=-0.938 TEE2=-0.972 TEE3=-0.972  TEE4=-0.986  TEE5=-0.979  TEE6=-0.993
rank=  5 Lx=Ly=12 pg= 0.830 ids=   5 TEE1=-0.958 TEE2=-0.986 TEE3=-1.000  TEE4=-1.000  TEE5=-0.993  TEE6=-0.993
rank= 44 Lx=Ly=12 pg= 0.830 ids=  44 TEE1=-0.896 TEE2=-0.944 TEE3=-0.938  TEE4=-0.931  TEE5=-0.931  TEE6=-0.944
rank=  4 Lx=Ly=12 pg= 0.830 ids=   4 TEE1=-0.743 TEE2=-0.757 TEE3=-0.764  TEE4=-0.840  TEE5=-0.764  TEE6=-0.708
rank=  2 Lx=Ly=12 pg= 0.830 ids=   2 TEE1=-0.944 TEE2=-0.944 TEE3=-0.951  TEE4=-0.965  TEE5=-0.965  TEE6=-0.965
rank= 43 Lx=Ly=12 pg= 0.830 ids=  43 TEE1=-0.986 TEE2=-1.000 TEE3=-1.000  TEE4=-1.000  TEE5=-1.000  TEE6=-1.000
rank= 27 Lx=Ly=12 pg= 0.830 ids=  27 TEE1=-0.910 TEE2=-0.951 TEE3=-0.965  TEE4=-0.958  TEE5=-0.951  TEE6=-0.965
rank= 15 Lx=Ly=12 pg= 0.830 ids=  15 TEE1=-0.882 TEE2=-0.875 TEE3=-0.882  TEE4=-0.840  TEE5=-0.819  TEE6=-0.806
rank= 31 Lx=Ly=12 pg= 0.830 ids=  31 TEE1=-0.965 TEE2=-0.993 TEE3=-0.986  TEE4=-0.986  TEE5=-0.993  TEE6=-0.979
rank= 37 Lx=Ly=12 pg= 0.840 ids=  37 TEE1=-0.931 TEE2=-0.951 TEE3=-0.944  TEE4=-0.951  TEE5=-0.958  TEE6=-0.958
rank= 25 Lx=Ly=12 pg= 0.830 ids=  25 TEE1=-1.000 TEE2=-1.000 TEE3=-0.993  TEE4=-1.000  TEE5=-1.000  TEE6=-1.000
rank= 29 Lx=Ly=12 pg= 0.830 ids=  29 TEE1=-0.924 TEE2=-0.924 TEE3=-0.931  TEE4=-0.979  TEE5=-0.951  TEE6=-0.938
rank= 23 Lx=Ly=12 pg= 0.840 ids=  23 TEE1=-0.931 TEE2=-0.972 TEE3=-0.972  TEE4=-0.993  TEE5=-0.972  TEE6=-0.986
rank= 11 Lx=Ly=12 pg= 0.830 ids=  11 TEE1=-0.972 TEE2=-1.000 TEE3=-1.000  TEE4=-1.000  TEE5=-1.000  TEE6=-1.000
rank= 24 Lx=Ly=12 pg= 0.830 ids=  24 TEE1=-0.972 TEE2=-0.986 TEE3=-0.986  TEE4=-0.986  TEE5=-0.986  TEE6=-1.000
rank= 49 Lx=Ly=12 pg= 0.850 ids=  49 TEE1=-0.924 TEE2=-0.951 TEE3=-0.910  TEE4=-0.896  TEE5=-0.917  TEE6=-0.951
rank= 10 Lx=Ly=12 pg= 0.830 ids=  10 TEE1=-0.986 TEE2=-0.972 TEE3=-0.979  TEE4=-0.972  TEE5=-0.958  TEE6=-0.972
rank=  6 Lx=Ly=12 pg= 0.830 ids=   6 TEE1=-0.910 TEE2=-0.917 TEE3=-0.910  TEE4=-0.972  TEE5=-0.951  TEE6=-0.910
rank= 30 Lx=Ly=12 pg= 0.830 ids=  30 TEE1=-0.924 TEE2=-0.965 TEE3=-0.958  TEE4=-0.986  TEE5=-0.993  TEE6=-0.986
rank= 14 Lx=Ly=12 pg= 0.830 ids=  14 TEE1=-0.910 TEE2=-0.903 TEE3=-0.889  TEE4=-0.917  TEE5=-0.924  TEE6=-0.903
rank=  8 Lx=Ly=12 pg= 0.830 ids=   8 TEE1=-0.889 TEE2=-0.868 TEE3=-0.889  TEE4=-0.931  TEE5=-0.896  TEE6=-0.854
rank= 16 Lx=Ly=12 pg= 0.830 ids=  16 TEE1=-0.944 TEE2=-0.958 TEE3=-0.958  TEE4=-0.972  TEE5=-0.979  TEE6=-0.972
rank= 42 Lx=Ly=12 pg= 0.840 ids=  42 TEE1=-0.854 TEE2=-0.861 TEE3=-0.854  TEE4=-0.764  TEE5=-0.701  TEE6=-0.646
rank=  3 Lx=Ly=12 pg= 0.840 ids=   3 TEE1=-0.944 TEE2=-0.965 TEE3=-0.979  TEE4=-0.979  TEE5=-0.986  TEE6=-0.993
rank= 35 Lx=Ly=12 pg= 0.840 ids=  35 TEE1=-0.903 TEE2=-0.931 TEE3=-0.931  TEE4=-0.917  TEE5=-0.889  TEE6=-0.903
rank= 12 Lx=Ly=12 pg= 0.830 ids=  12 TEE1=-0.903 TEE2=-0.951 TEE3=-0.965  TEE4=-0.979  TEE5=-0.965  TEE6=-0.972
rank= 22 Lx=Ly=12 pg= 0.830 ids=  22 TEE1=-0.938 TEE2=-0.944 TEE3=-0.944  TEE4=-0.938  TEE5=-0.910  TEE6=-0.896
rank= 48 Lx=Ly=12 pg= 0.850 ids=  48 TEE1=-0.986 TEE2=-0.979 TEE3=-0.986  TEE4=-0.979  TEE5=-0.979  TEE6=-0.972
rank= 34 Lx=Ly=12 pg= 0.840 ids=  34 TEE1=-0.910 TEE2=-0.931 TEE3=-0.924  TEE4=-0.944  TEE5=-0.951  TEE6=-0.931
rank= 32 Lx=Ly=12 pg= 0.840 ids=  32 TEE1=-0.993 TEE2=-1.000 TEE3=-1.000  TEE4=-1.000  TEE5=-1.000  TEE6=-1.000
rank= 20 Lx=Ly=12 pg= 0.830 ids=  20 TEE1=-0.965 TEE2=-0.986 TEE3=-0.986  TEE4=-0.972  TEE5=-0.972  TEE6=-0.979
rank= 26 Lx=Ly=12 pg= 0.830 ids=  26 TEE1=-0.903 TEE2=-0.868 TEE3=-0.882  TEE4=-0.868  TEE5=-0.861  TEE6=-0.854
rank=  0 Lx=Ly=12 pg= 0.840 ids=   0 TEE1=-0.931 TEE2=-0.979 TEE3=-0.979  TEE4=-0.986  TEE5=-0.993  TEE6=-0.993
rank= 41 Lx=Ly=12 pg= 0.840 ids=  41 TEE1=-0.931 TEE2=-0.951 TEE3=-0.938  TEE4=-0.972  TEE5=-0.965  TEE6=-0.972
rank=  9 Lx=Ly=12 pg= 0.840 ids=   9 TEE1=-0.938 TEE2=-0.917 TEE3=-0.917  TEE4=-0.958  TEE5=-0.965  TEE6=-0.903
rank= 33 Lx=Ly=12 pg= 0.840 ids=  33 TEE1=-0.958 TEE2=-1.000 TEE3=-0.993  TEE4=-0.986  TEE5=-0.986  TEE6=-1.000
rank= 39 Lx=Ly=12 pg= 0.840 ids=  39 TEE1=-0.917 TEE2=-0.979 TEE3=-0.979  TEE4=-0.986  TEE5=-0.986  TEE6=-0.979
rank= 47 Lx=Ly=12 pg= 0.840 ids=  47 TEE1=-0.917 TEE2=-0.931 TEE3=-0.924  TEE4=-0.924  TEE5=-0.924  TEE6=-0.896
rank=  1 Lx=Ly=12 pg= 0.840 ids=   1 TEE1=-0.910 TEE2=-0.889 TEE3=-0.861  TEE4=-0.854  TEE5=-0.778  TEE6=-0.792
rank= 17 Lx=Ly=12 pg= 0.840 ids=  17 TEE1=-0.910 TEE2=-0.938 TEE3=-0.924  TEE4=-0.924  TEE5=-0.924  TEE6=-0.931
rank= 45 Lx=Ly=12 pg= 0.840 ids=  45 TEE1=-0.924 TEE2=-0.958 TEE3=-0.917  TEE4=-0.910  TEE5=-0.903  TEE6=-0.910
rank=  7 Lx=Ly=12 pg= 0.840 ids=   7 TEE1=-0.938 TEE2=-0.958 TEE3=-0.972  TEE4=-0.979  TEE5=-0.986  TEE6=-0.972
rank= 40 Lx=Ly=12 pg= 0.840 ids=  40 TEE1=-0.896 TEE2=-0.910 TEE3=-0.938  TEE4=-0.931  TEE5=-0.917  TEE6=-0.938
rank= 19 Lx=Ly=12 pg= 0.840 ids=  19 TEE1=-0.917 TEE2=-0.958 TEE3=-0.972  TEE4=-0.979  TEE5=-0.979  TEE6=-0.965
rank= 36 Lx=Ly=12 pg= 0.840 ids=  36 TEE1=-0.917 TEE2=-0.958 TEE3=-0.958  TEE4=-0.986  TEE5=-0.972  TEE6=-0.986
rank= 18 Lx=Ly=12 pg= 0.840 ids=  18 TEE1=-0.924 TEE2=-0.958 TEE3=-0.931  TEE4=-0.917  TEE5=-0.931  TEE6=-0.944
rank= 13 Lx=Ly=12 pg= 0.840 ids=  13 TEE1=-0.979 TEE2=-0.986 TEE3=-0.993  TEE4=-0.993  TEE5=-0.993  TEE6=-0.993
rank= 21 Lx=Ly=12 pg= 0.840 ids=  21 TEE1=-0.931 TEE2=-0.972 TEE3=-0.979  TEE4=-0.965  TEE5=-0.944  TEE6=-0.972
rank= 28 Lx=Ly=12 pg= 0.840 ids=  28 TEE1=-0.986 TEE2=-1.000 TEE3=-1.000  TEE4=-1.000  TEE5=-0.993  TEE6=-1.000
rank= 46 Lx=Ly=12 pg= 0.840 ids=  46 TEE1=-0.924 TEE2=-0.938 TEE3=-0.938  TEE4=-0.924  TEE5=-0.931  TEE6=-0.938
rank=  5 Lx=Ly=12 pg= 0.840 ids=   5 TEE1=-0.917 TEE2=-0.896 TEE3=-0.882  TEE4=-0.882  TEE5=-0.882  TEE6=-0.833
rank= 38 Lx=Ly=12 pg= 0.840 ids=  38 TEE1=-0.938 TEE2=-0.972 TEE3=-0.965  TEE4=-0.972  TEE5=-0.972  TEE6=-0.972
rank=  4 Lx=Ly=12 pg= 0.840 ids=   4 TEE1=-0.965 TEE2=-0.986 TEE3=-0.993  TEE4=-1.000  TEE5=-0.986  TEE6=-1.000
rank= 44 Lx=Ly=12 pg= 0.840 ids=  44 TEE1=-0.938 TEE2=-0.965 TEE3=-0.979  TEE4=-0.986  TEE5=-0.979  TEE6=-0.958
rank=  2 Lx=Ly=12 pg= 0.840 ids=   2 TEE1=-0.931 TEE2=-0.951 TEE3=-0.958  TEE4=-0.986  TEE5=-0.993  TEE6=-0.965
rank= 15 Lx=Ly=12 pg= 0.840 ids=  15 TEE1=-0.903 TEE2=-0.951 TEE3=-0.924  TEE4=-0.951  TEE5=-0.917  TEE6=-0.910
rank= 27 Lx=Ly=12 pg= 0.840 ids=  27 TEE1=-0.972 TEE2=-0.986 TEE3=-0.986  TEE4=-0.972  TEE5=-0.972  TEE6=-0.986
rank= 37 Lx=Ly=12 pg= 0.850 ids=  37 TEE1=-0.951 TEE2=-0.986 TEE3=-0.986  TEE4=-0.979  TEE5=-0.986  TEE6=-0.986
rank= 31 Lx=Ly=12 pg= 0.840 ids=  31 TEE1=-0.965 TEE2=-0.972 TEE3=-0.931  TEE4=-0.931  TEE5=-0.951  TEE6=-0.979
rank= 43 Lx=Ly=12 pg= 0.840 ids=  43 TEE1=-0.889 TEE2=-0.889 TEE3=-0.861  TEE4=-0.875  TEE5=-0.806  TEE6=-0.778
rank= 25 Lx=Ly=12 pg= 0.840 ids=  25 TEE1=-0.944 TEE2=-0.979 TEE3=-0.951  TEE4=-0.993  TEE5=-0.993  TEE6=-0.979
rank= 29 Lx=Ly=12 pg= 0.840 ids=  29 TEE1=-0.903 TEE2=-0.896 TEE3=-0.910  TEE4=-0.917  TEE5=-0.868  TEE6=-0.854
rank= 23 Lx=Ly=12 pg= 0.850 ids=  23 TEE1=-0.979 TEE2=-1.000 TEE3=-1.000  TEE4=-0.993  TEE5=-0.993  TEE6=-0.993
rank= 11 Lx=Ly=12 pg= 0.840 ids=  11 TEE1=-0.924 TEE2=-0.917 TEE3=-0.910  TEE4=-0.910  TEE5=-0.917  TEE6=-0.910
rank= 49 Lx=Ly=12 pg= 0.860 ids=  49 TEE1=-0.986 TEE2=-0.979 TEE3=-0.965  TEE4=-0.958  TEE5=-0.951  TEE6=-0.938
rank= 24 Lx=Ly=12 pg= 0.840 ids=  24 TEE1=-0.951 TEE2=-0.979 TEE3=-0.986  TEE4=-0.993  TEE5=-0.979  TEE6=-1.000
rank= 10 Lx=Ly=12 pg= 0.840 ids=  10 TEE1=-0.944 TEE2=-0.951 TEE3=-0.972  TEE4=-0.986  TEE5=-0.986  TEE6=-0.979
rank= 30 Lx=Ly=12 pg= 0.840 ids=  30 TEE1=-0.958 TEE2=-0.986 TEE3=-0.993  TEE4=-0.993  TEE5=-0.993  TEE6=-0.986
rank= 14 Lx=Ly=12 pg= 0.840 ids=  14 TEE1=-0.931 TEE2=-0.924 TEE3=-0.910  TEE4=-0.868  TEE5=-0.868  TEE6=-0.917
rank= 42 Lx=Ly=12 pg= 0.850 ids=  42 TEE1=-0.951 TEE2=-0.986 TEE3=-0.993  TEE4=-0.986  TEE5=-0.979  TEE6=-0.986
rank=  8 Lx=Ly=12 pg= 0.840 ids=   8 TEE1=-0.903 TEE2=-0.917 TEE3=-0.924  TEE4=-0.944  TEE5=-0.917  TEE6=-0.903
rank=  3 Lx=Ly=12 pg= 0.850 ids=   3 TEE1=-0.958 TEE2=-0.951 TEE3=-0.931  TEE4=-0.917  TEE5=-0.889  TEE6=-0.896
rank= 35 Lx=Ly=12 pg= 0.850 ids=  35 TEE1=-0.972 TEE2=-0.993 TEE3=-0.986  TEE4=-0.979  TEE5=-0.979  TEE6=-0.993
rank=  6 Lx=Ly=12 pg= 0.840 ids=   6 TEE1=-0.924 TEE2=-0.938 TEE3=-0.938  TEE4=-0.944  TEE5=-0.958  TEE6=-0.944
rank= 16 Lx=Ly=12 pg= 0.840 ids=  16 TEE1=-0.951 TEE2=-0.979 TEE3=-0.986  TEE4=-1.000  TEE5=-0.979  TEE6=-1.000
rank= 48 Lx=Ly=12 pg= 0.860 ids=  48 TEE1=-0.965 TEE2=-0.979 TEE3=-0.986  TEE4=-0.993  TEE5=-0.993  TEE6=-1.000
rank= 12 Lx=Ly=12 pg= 0.840 ids=  12 TEE1=-0.931 TEE2=-0.979 TEE3=-0.979  TEE4=-0.951  TEE5=-0.944  TEE6=-0.938
rank= 34 Lx=Ly=12 pg= 0.850 ids=  34 TEE1=-0.931 TEE2=-0.965 TEE3=-0.965  TEE4=-0.944  TEE5=-0.951  TEE6=-0.972
rank= 32 Lx=Ly=12 pg= 0.850 ids=  32 TEE1=-0.944 TEE2=-0.951 TEE3=-0.951  TEE4=-0.972  TEE5=-0.958  TEE6=-0.951
rank= 22 Lx=Ly=12 pg= 0.840 ids=  22 TEE1=-0.917 TEE2=-0.938 TEE3=-0.944  TEE4=-0.979  TEE5=-0.972  TEE6=-0.938
rank=  0 Lx=Ly=12 pg= 0.850 ids=   0 TEE1=-0.917 TEE2=-0.931 TEE3=-0.896  TEE4=-0.896  TEE5=-0.917  TEE6=-0.938
rank= 26 Lx=Ly=12 pg= 0.840 ids=  26 TEE1=-0.951 TEE2=-0.979 TEE3=-0.965  TEE4=-0.979  TEE5=-0.986  TEE6=-0.979
rank= 41 Lx=Ly=12 pg= 0.850 ids=  41 TEE1=-0.993 TEE2=-1.000 TEE3=-1.000  TEE4=-1.000  TEE5=-1.000  TEE6=-1.000
rank=  9 Lx=Ly=12 pg= 0.850 ids=   9 TEE1=-0.951 TEE2=-0.993 TEE3=-1.000  TEE4=-0.993  TEE5=-0.993  TEE6=-1.000
rank= 20 Lx=Ly=12 pg= 0.840 ids=  20 TEE1=-1.000 TEE2=-1.000 TEE3=-1.000  TEE4=-1.000  TEE5=-1.000  TEE6=-1.000
rank= 33 Lx=Ly=12 pg= 0.850 ids=  33 TEE1=-0.972 TEE2=-0.986 TEE3=-0.986  TEE4=-0.993  TEE5=-0.993  TEE6=-0.986
rank= 47 Lx=Ly=12 pg= 0.850 ids=  47 TEE1=-0.868 TEE2=-0.868 TEE3=-0.854  TEE4=-0.847  TEE5=-0.819  TEE6=-0.806
rank= 39 Lx=Ly=12 pg= 0.850 ids=  39 TEE1=-0.979 TEE2=-0.979 TEE3=-0.993  TEE4=-0.986  TEE5=-0.965  TEE6=-0.965
rank=  1 Lx=Ly=12 pg= 0.850 ids=   1 TEE1=-0.944 TEE2=-0.958 TEE3=-0.972  TEE4=-0.986  TEE5=-0.979  TEE6=-0.979
rank= 17 Lx=Ly=12 pg= 0.850 ids=  17 TEE1=-0.972 TEE2=-0.979 TEE3=-0.986  TEE4=-1.000  TEE5=-0.993  TEE6=-0.993
rank=  7 Lx=Ly=12 pg= 0.850 ids=   7 TEE1=-1.000 TEE2=-0.993 TEE3=-0.993  TEE4=-0.993  TEE5=-1.000  TEE6=-1.000
rank= 45 Lx=Ly=12 pg= 0.850 ids=  45 TEE1=-0.972 TEE2=-0.965 TEE3=-0.986  TEE4=-0.986  TEE5=-0.979  TEE6=-0.979
rank= 19 Lx=Ly=12 pg= 0.850 ids=  19 TEE1=-0.965 TEE2=-0.979 TEE3=-0.993  TEE4=-0.986  TEE5=-0.986  TEE6=-0.979
rank= 40 Lx=Ly=12 pg= 0.850 ids=  40 TEE1=-0.965 TEE2=-0.986 TEE3=-0.993  TEE4=-0.986  TEE5=-1.000  TEE6=-0.993
rank= 18 Lx=Ly=12 pg= 0.850 ids=  18 TEE1=-0.993 TEE2=-1.000 TEE3=-0.993  TEE4=-1.000  TEE5=-0.993  TEE6=-1.000
rank= 36 Lx=Ly=12 pg= 0.850 ids=  36 TEE1=-0.951 TEE2=-0.972 TEE3=-0.979  TEE4=-0.986  TEE5=-0.972  TEE6=-0.972
rank= 13 Lx=Ly=12 pg= 0.850 ids=  13 TEE1=-0.986 TEE2=-1.000 TEE3=-0.993  TEE4=-1.000  TEE5=-0.993  TEE6=-1.000
rank= 21 Lx=Ly=12 pg= 0.850 ids=  21 TEE1=-0.931 TEE2=-0.965 TEE3=-0.979  TEE4=-0.979  TEE5=-0.979  TEE6=-0.993
rank= 28 Lx=Ly=12 pg= 0.850 ids=  28 TEE1=-0.972 TEE2=-0.993 TEE3=-1.000  TEE4=-0.993  TEE5=-1.000  TEE6=-0.993
rank=  5 Lx=Ly=12 pg= 0.850 ids=   5 TEE1=-0.910 TEE2=-0.938 TEE3=-0.938  TEE4=-0.979  TEE5=-0.958  TEE6=-0.965
rank= 46 Lx=Ly=12 pg= 0.850 ids=  46 TEE1=-0.979 TEE2=-0.993 TEE3=-0.993  TEE4=-0.993  TEE5=-0.993  TEE6=-0.993
rank=  4 Lx=Ly=12 pg= 0.850 ids=   4 TEE1=-0.896 TEE2=-0.944 TEE3=-0.951  TEE4=-0.931  TEE5=-0.917  TEE6=-0.951
rank= 38 Lx=Ly=12 pg= 0.850 ids=  38 TEE1=-0.917 TEE2=-0.944 TEE3=-0.917  TEE4=-0.896  TEE5=-0.896  TEE6=-0.889
rank= 15 Lx=Ly=12 pg= 0.850 ids=  15 TEE1=-0.972 TEE2=-0.993 TEE3=-1.000  TEE4=-0.993  TEE5=-0.993  TEE6=-1.000
rank= 44 Lx=Ly=12 pg= 0.850 ids=  44 TEE1=-0.993 TEE2=-0.993 TEE3=-1.000  TEE4=-1.000  TEE5=-0.993  TEE6=-0.993
rank=  2 Lx=Ly=12 pg= 0.850 ids=   2 TEE1=-0.993 TEE2=-1.000 TEE3=-1.000  TEE4=-1.000  TEE5=-1.000  TEE6=-1.000
rank= 37 Lx=Ly=12 pg= 0.860 ids=  37 TEE1=-0.965 TEE2=-0.986 TEE3=-0.993  TEE4=-1.000  TEE5=-0.993  TEE6=-0.986
rank= 27 Lx=Ly=12 pg= 0.850 ids=  27 TEE1=-0.896 TEE2=-0.896 TEE3=-0.924  TEE4=-0.931  TEE5=-0.889  TEE6=-0.875
rank= 31 Lx=Ly=12 pg= 0.850 ids=  31 TEE1=-0.986 TEE2=-0.993 TEE3=-0.986  TEE4=-0.993  TEE5=-0.993  TEE6=-1.000
rank= 25 Lx=Ly=12 pg= 0.850 ids=  25 TEE1=-0.993 TEE2=-1.000 TEE3=-1.000  TEE4=-1.000  TEE5=-1.000  TEE6=-1.000
rank= 29 Lx=Ly=12 pg= 0.850 ids=  29 TEE1=-1.000 TEE2=-1.000 TEE3=-1.000  TEE4=-1.000  TEE5=-1.000  TEE6=-1.000
rank= 23 Lx=Ly=12 pg= 0.860 ids=  23 TEE1=-0.986 TEE2=-1.000 TEE3=-1.000  TEE4=-1.000  TEE5=-1.000  TEE6=-1.000
rank= 43 Lx=Ly=12 pg= 0.850 ids=  43 TEE1=-0.958 TEE2=-0.944 TEE3=-0.938  TEE4=-0.938  TEE5=-0.951  TEE6=-0.951
rank= 11 Lx=Ly=12 pg= 0.850 ids=  11 TEE1=-0.972 TEE2=-1.000 TEE3=-1.000  TEE4=-1.000  TEE5=-1.000  TEE6=-1.000
rank= 49 Lx=Ly=12 pg= 0.870 ids=  49 TEE1=-0.986 TEE2=-1.000 TEE3=-1.000  TEE4=-1.000  TEE5=-1.000  TEE6=-1.000
rank= 24 Lx=Ly=12 pg= 0.850 ids=  24 TEE1=-0.917 TEE2=-0.875 TEE3=-0.840  TEE4=-0.771  TEE5=-0.771  TEE6=-0.681
rank= 35 Lx=Ly=12 pg= 0.860 ids=  35 TEE1=-0.938 TEE2=-0.958 TEE3=-0.958  TEE4=-0.993  TEE5=-0.965  TEE6=-0.965
rank= 48 Lx=Ly=12 pg= 0.870 ids=  48 TEE1=-0.986 TEE2=-0.986 TEE3=-0.993  TEE4=-0.986  TEE5=-0.986  TEE6=-0.986
rank= 30 Lx=Ly=12 pg= 0.850 ids=  30 TEE1=-0.979 TEE2=-1.000 TEE3=-1.000  TEE4=-1.000  TEE5=-1.000  TEE6=-0.993
rank= 42 Lx=Ly=12 pg= 0.860 ids=  42 TEE1=-1.000 TEE2=-1.000 TEE3=-1.000  TEE4=-1.000  TEE5=-1.000  TEE6=-1.000
rank= 10 Lx=Ly=12 pg= 0.850 ids=  10 TEE1=-0.951 TEE2=-0.993 TEE3=-0.986  TEE4=-0.986  TEE5=-0.979  TEE6=-0.986
rank=  3 Lx=Ly=12 pg= 0.860 ids=   3 TEE1=-0.965 TEE2=-0.958 TEE3=-0.972  TEE4=-0.965  TEE5=-0.958  TEE6=-0.958
rank= 14 Lx=Ly=12 pg= 0.850 ids=  14 TEE1=-0.986 TEE2=-0.986 TEE3=-0.986  TEE4=-1.000  TEE5=-0.986  TEE6=-0.993
rank=  8 Lx=Ly=12 pg= 0.850 ids=   8 TEE1=-0.903 TEE2=-0.896 TEE3=-0.868  TEE4=-0.854  TEE5=-0.854  TEE6=-0.833
rank= 16 Lx=Ly=12 pg= 0.850 ids=  16 TEE1=-0.958 TEE2=-0.986 TEE3=-0.979  TEE4=-0.979  TEE5=-0.986  TEE6=-0.993
rank= 34 Lx=Ly=12 pg= 0.860 ids=  34 TEE1=-0.979 TEE2=-1.000 TEE3=-1.000  TEE4=-1.000  TEE5=-1.000  TEE6=-0.993
rank= 32 Lx=Ly=12 pg= 0.860 ids=  32 TEE1=-0.938 TEE2=-0.924 TEE3=-0.910  TEE4=-0.861  TEE5=-0.833  TEE6=-0.826
rank= 12 Lx=Ly=12 pg= 0.850 ids=  12 TEE1=-0.951 TEE2=-0.903 TEE3=-0.882  TEE4=-0.903  TEE5=-0.910  TEE6=-0.875
rank=  9 Lx=Ly=12 pg= 0.860 ids=   9 TEE1=-0.958 TEE2=-0.986 TEE3=-0.993  TEE4=-1.000  TEE5=-1.000  TEE6=-1.000
rank= 41 Lx=Ly=12 pg= 0.860 ids=  41 TEE1=-0.951 TEE2=-0.972 TEE3=-0.979  TEE4=-0.979  TEE5=-0.972  TEE6=-0.986
rank=  6 Lx=Ly=12 pg= 0.850 ids=   6 TEE1=-0.951 TEE2=-0.958 TEE3=-0.965  TEE4=-0.951  TEE5=-0.965  TEE6=-0.972
rank= 26 Lx=Ly=12 pg= 0.850 ids=  26 TEE1=-0.986 TEE2=-0.993 TEE3=-1.000  TEE4=-1.000  TEE5=-1.000  TEE6=-0.993
rank= 22 Lx=Ly=12 pg= 0.850 ids=  22 TEE1=-0.917 TEE2=-0.951 TEE3=-0.924  TEE4=-0.951  TEE5=-0.972  TEE6=-0.958
rank=  0 Lx=Ly=12 pg= 0.860 ids=   0 TEE1=-0.979 TEE2=-0.986 TEE3=-0.993  TEE4=-1.000  TEE5=-0.993  TEE6=-0.993
rank= 20 Lx=Ly=12 pg= 0.850 ids=  20 TEE1=-0.972 TEE2=-0.979 TEE3=-0.972  TEE4=-0.979  TEE5=-0.979  TEE6=-0.972
rank= 47 Lx=Ly=12 pg= 0.860 ids=  47 TEE1=-0.910 TEE2=-0.924 TEE3=-0.938  TEE4=-0.944  TEE5=-0.931  TEE6=-0.938
rank= 33 Lx=Ly=12 pg= 0.860 ids=  33 TEE1=-0.979 TEE2=-0.993 TEE3=-0.993  TEE4=-1.000  TEE5=-0.993  TEE6=-1.000
rank= 39 Lx=Ly=12 pg= 0.860 ids=  39 TEE1=-0.972 TEE2=-0.993 TEE3=-0.993  TEE4=-0.986  TEE5=-0.993  TEE6=-0.993
rank=  1 Lx=Ly=12 pg= 0.860 ids=   1 TEE1=-0.986 TEE2=-0.993 TEE3=-0.993  TEE4=-0.993  TEE5=-1.000  TEE6=-1.000
rank= 17 Lx=Ly=12 pg= 0.860 ids=  17 TEE1=-0.979 TEE2=-0.986 TEE3=-0.993  TEE4=-0.993  TEE5=-0.993  TEE6=-0.986
rank=  7 Lx=Ly=12 pg= 0.860 ids=   7 TEE1=-0.979 TEE2=-0.965 TEE3=-0.986  TEE4=-0.993  TEE5=-0.993  TEE6=-0.993
rank= 19 Lx=Ly=12 pg= 0.860 ids=  19 TEE1=-0.972 TEE2=-1.000 TEE3=-1.000  TEE4=-0.993  TEE5=-1.000  TEE6=-1.000
rank= 45 Lx=Ly=12 pg= 0.860 ids=  45 TEE1=-0.993 TEE2=-0.993 TEE3=-1.000  TEE4=-0.993  TEE5=-1.000  TEE6=-1.000
rank= 40 Lx=Ly=12 pg= 0.860 ids=  40 TEE1=-0.965 TEE2=-0.979 TEE3=-0.979  TEE4=-0.986  TEE5=-0.986  TEE6=-1.000
rank= 18 Lx=Ly=12 pg= 0.860 ids=  18 TEE1=-0.979 TEE2=-1.000 TEE3=-1.000  TEE4=-1.000  TEE5=-1.000  TEE6=-1.000
rank= 13 Lx=Ly=12 pg= 0.860 ids=  13 TEE1=-1.000 TEE2=-1.000 TEE3=-1.000  TEE4=-1.000  TEE5=-1.000  TEE6=-1.000
rank= 36 Lx=Ly=12 pg= 0.860 ids=  36 TEE1=-0.993 TEE2=-1.000 TEE3=-1.000  TEE4=-1.000  TEE5=-1.000  TEE6=-1.000
rank= 28 Lx=Ly=12 pg= 0.860 ids=  28 TEE1=-0.819 TEE2=-0.792 TEE3=-0.771  TEE4=-0.812  TEE5=-0.799  TEE6=-0.681
rank= 21 Lx=Ly=12 pg= 0.860 ids=  21 TEE1=-1.000 TEE2=-1.000 TEE3=-1.000  TEE4=-1.000  TEE5=-1.000  TEE6=-1.000
rank=  5 Lx=Ly=12 pg= 0.860 ids=   5 TEE1=-1.000 TEE2=-1.000 TEE3=-0.993  TEE4=-0.993  TEE5=-1.000  TEE6=-1.000
rank= 15 Lx=Ly=12 pg= 0.860 ids=  15 TEE1=-0.965 TEE2=-0.972 TEE3=-0.972  TEE4=-0.972  TEE5=-0.979  TEE6=-0.972
rank= 46 Lx=Ly=12 pg= 0.860 ids=  46 TEE1=-1.000 TEE2=-0.986 TEE3=-0.979  TEE4=-0.979  TEE5=-0.951  TEE6=-0.944
rank=  4 Lx=Ly=12 pg= 0.860 ids=   4 TEE1=-0.979 TEE2=-0.993 TEE3=-0.993  TEE4=-0.986  TEE5=-0.993  TEE6=-1.000
rank= 37 Lx=Ly=12 pg= 0.870 ids=  37 TEE1=-0.993 TEE2=-1.000 TEE3=-1.000  TEE4=-1.000  TEE5=-1.000  TEE6=-1.000
rank= 38 Lx=Ly=12 pg= 0.860 ids=  38 TEE1=-0.986 TEE2=-0.979 TEE3=-0.986  TEE4=-0.972  TEE5=-0.979  TEE6=-0.979
rank=  2 Lx=Ly=12 pg= 0.860 ids=   2 TEE1=-0.993 TEE2=-1.000 TEE3=-1.000  TEE4=-1.000  TEE5=-1.000  TEE6=-1.000
rank= 44 Lx=Ly=12 pg= 0.860 ids=  44 TEE1=-0.986 TEE2=-1.000 TEE3=-1.000  TEE4=-1.000  TEE5=-1.000  TEE6=-1.000
rank= 27 Lx=Ly=12 pg= 0.860 ids=  27 TEE1=-0.986 TEE2=-1.000 TEE3=-1.000  TEE4=-0.993  TEE5=-0.993  TEE6=-0.993
rank= 31 Lx=Ly=12 pg= 0.860 ids=  31 TEE1=-0.993 TEE2=-0.993 TEE3=-0.993  TEE4=-1.000  TEE5=-1.000  TEE6=-1.000
rank= 25 Lx=Ly=12 pg= 0.860 ids=  25 TEE1=-0.979 TEE2=-1.000 TEE3=-0.993  TEE4=-1.000  TEE5=-1.000  TEE6=-1.000
rank= 23 Lx=Ly=12 pg= 0.870 ids=  23 TEE1=-1.000 TEE2=-1.000 TEE3=-1.000  TEE4=-1.000  TEE5=-1.000  TEE6=-1.000
rank= 29 Lx=Ly=12 pg= 0.860 ids=  29 TEE1=-0.972 TEE2=-0.986 TEE3=-0.986  TEE4=-1.000  TEE5=-0.986  TEE6=-1.000
rank= 49 Lx=Ly=12 pg= 0.880 ids=  49 TEE1=-0.993 TEE2=-1.000 TEE3=-1.000  TEE4=-1.000  TEE5=-1.000  TEE6=-0.993
rank= 43 Lx=Ly=12 pg= 0.860 ids=  43 TEE1=-0.944 TEE2=-0.965 TEE3=-0.972  TEE4=-1.000  TEE5=-0.986  TEE6=-0.979
rank= 11 Lx=Ly=12 pg= 0.860 ids=  11 TEE1=-0.979 TEE2=-0.993 TEE3=-0.993  TEE4=-1.000  TEE5=-0.993  TEE6=-1.000
rank= 24 Lx=Ly=12 pg= 0.860 ids=  24 TEE1=-0.979 TEE2=-0.993 TEE3=-1.000  TEE4=-1.000  TEE5=-0.993  TEE6=-0.993
rank= 35 Lx=Ly=12 pg= 0.870 ids=  35 TEE1=-0.958 TEE2=-0.979 TEE3=-0.986  TEE4=-0.993  TEE5=-0.986  TEE6=-1.000
rank= 48 Lx=Ly=12 pg= 0.880 ids=  48 TEE1=-0.979 TEE2=-1.000 TEE3=-1.000  TEE4=-1.000  TEE5=-1.000  TEE6=-1.000
rank=  3 Lx=Ly=12 pg= 0.870 ids=   3 TEE1=-0.965 TEE2=-0.993 TEE3=-0.993  TEE4=-1.000  TEE5=-0.993  TEE6=-1.000
rank= 42 Lx=Ly=12 pg= 0.870 ids=  42 TEE1=-0.958 TEE2=-0.986 TEE3=-0.979  TEE4=-1.000  TEE5=-0.986  TEE6=-0.993
rank= 30 Lx=Ly=12 pg= 0.860 ids=  30 TEE1=-0.910 TEE2=-0.972 TEE3=-0.958  TEE4=-0.944  TEE5=-0.944  TEE6=-0.986
rank= 10 Lx=Ly=12 pg= 0.860 ids=  10 TEE1=-0.931 TEE2=-0.958 TEE3=-0.944  TEE4=-0.931  TEE5=-0.924  TEE6=-0.938
rank=  8 Lx=Ly=12 pg= 0.860 ids=   8 TEE1=-0.944 TEE2=-0.986 TEE3=-0.979  TEE4=-0.979  TEE5=-0.986  TEE6=-0.986
rank= 14 Lx=Ly=12 pg= 0.860 ids=  14 TEE1=-0.938 TEE2=-0.910 TEE3=-0.910  TEE4=-0.938  TEE5=-0.917  TEE6=-0.875
rank= 34 Lx=Ly=12 pg= 0.870 ids=  34 TEE1=-0.979 TEE2=-0.986 TEE3=-0.986  TEE4=-1.000  TEE5=-1.000  TEE6=-0.986
rank= 16 Lx=Ly=12 pg= 0.860 ids=  16 TEE1=-0.993 TEE2=-1.000 TEE3=-1.000  TEE4=-1.000  TEE5=-1.000  TEE6=-1.000
rank= 41 Lx=Ly=12 pg= 0.870 ids=  41 TEE1=-0.986 TEE2=-1.000 TEE3=-1.000  TEE4=-1.000  TEE5=-1.000  TEE6=-0.986
rank= 32 Lx=Ly=12 pg= 0.870 ids=  32 TEE1=-0.993 TEE2=-1.000 TEE3=-1.000  TEE4=-0.993  TEE5=-1.000  TEE6=-1.000
rank=  9 Lx=Ly=12 pg= 0.870 ids=   9 TEE1=-0.986 TEE2=-1.000 TEE3=-1.000  TEE4=-1.000  TEE5=-0.993  TEE6=-1.000
rank= 12 Lx=Ly=12 pg= 0.860 ids=  12 TEE1=-0.979 TEE2=-0.993 TEE3=-1.000  TEE4=-1.000  TEE5=-0.993  TEE6=-0.993
rank= 26 Lx=Ly=12 pg= 0.860 ids=  26 TEE1=-0.993 TEE2=-1.000 TEE3=-1.000  TEE4=-0.986  TEE5=-1.000  TEE6=-1.000
rank=  0 Lx=Ly=12 pg= 0.870 ids=   0 TEE1=-0.965 TEE2=-0.965 TEE3=-0.951  TEE4=-0.965  TEE5=-0.972  TEE6=-0.972
rank= 22 Lx=Ly=12 pg= 0.860 ids=  22 TEE1=-0.986 TEE2=-0.993 TEE3=-1.000  TEE4=-1.000  TEE5=-0.993  TEE6=-0.986
rank= 20 Lx=Ly=12 pg= 0.860 ids=  20 TEE1=-0.993 TEE2=-0.986 TEE3=-0.993  TEE4=-0.986  TEE5=-0.986  TEE6=-0.993
rank= 33 Lx=Ly=12 pg= 0.870 ids=  33 TEE1=-0.993 TEE2=-1.000 TEE3=-1.000  TEE4=-1.000  TEE5=-1.000  TEE6=-1.000
rank=  6 Lx=Ly=12 pg= 0.860 ids=   6 TEE1=-0.972 TEE2=-0.958 TEE3=-0.965  TEE4=-0.986  TEE5=-0.986  TEE6=-0.972
rank= 47 Lx=Ly=12 pg= 0.870 ids=  47 TEE1=-0.979 TEE2=-1.000 TEE3=-1.000  TEE4=-1.000  TEE5=-1.000  TEE6=-1.000
rank= 39 Lx=Ly=12 pg= 0.870 ids=  39 TEE1=-0.958 TEE2=-0.972 TEE3=-0.965  TEE4=-0.965  TEE5=-0.972  TEE6=-0.965
rank=  1 Lx=Ly=12 pg= 0.870 ids=   1 TEE1=-0.993 TEE2=-1.000 TEE3=-1.000  TEE4=-1.000  TEE5=-1.000  TEE6=-1.000
rank= 17 Lx=Ly=12 pg= 0.870 ids=  17 TEE1=-0.986 TEE2=-0.993 TEE3=-1.000  TEE4=-1.000  TEE5=-1.000  TEE6=-1.000
rank=  7 Lx=Ly=12 pg= 0.870 ids=   7 TEE1=-0.979 TEE2=-1.000 TEE3=-1.000  TEE4=-1.000  TEE5=-0.993  TEE6=-0.986
rank= 19 Lx=Ly=12 pg= 0.870 ids=  19 TEE1=-0.979 TEE2=-0.986 TEE3=-0.993  TEE4=-0.986  TEE5=-0.986  TEE6=-0.986
rank= 45 Lx=Ly=12 pg= 0.870 ids=  45 TEE1=-0.986 TEE2=-0.993 TEE3=-0.986  TEE4=-1.000  TEE5=-1.000  TEE6=-1.000
rank= 40 Lx=Ly=12 pg= 0.870 ids=  40 TEE1=-1.000 TEE2=-1.000 TEE3=-1.000  TEE4=-1.000  TEE5=-1.000  TEE6=-1.000
rank= 18 Lx=Ly=12 pg= 0.870 ids=  18 TEE1=-1.000 TEE2=-1.000 TEE3=-1.000  TEE4=-1.000  TEE5=-1.000  TEE6=-1.000
rank= 13 Lx=Ly=12 pg= 0.870 ids=  13 TEE1=-0.993 TEE2=-1.000 TEE3=-1.000  TEE4=-1.000  TEE5=-1.000  TEE6=-1.000
rank= 21 Lx=Ly=12 pg= 0.870 ids=  21 TEE1=-0.979 TEE2=-0.986 TEE3=-0.993  TEE4=-0.993  TEE5=-0.993  TEE6=-1.000
rank= 28 Lx=Ly=12 pg= 0.870 ids=  28 TEE1=-0.979 TEE2=-0.993 TEE3=-0.986  TEE4=-1.000  TEE5=-1.000  TEE6=-1.000
rank= 36 Lx=Ly=12 pg= 0.870 ids=  36 TEE1=-0.993 TEE2=-0.993 TEE3=-1.000  TEE4=-1.000  TEE5=-1.000  TEE6=-1.000
rank=  5 Lx=Ly=12 pg= 0.870 ids=   5 TEE1=-0.993 TEE2=-1.000 TEE3=-1.000  TEE4=-0.993  TEE5=-0.993  TEE6=-0.993
rank= 15 Lx=Ly=12 pg= 0.870 ids=  15 TEE1=-0.986 TEE2=-1.000 TEE3=-1.000  TEE4=-1.000  TEE5=-1.000  TEE6=-1.000
rank= 37 Lx=Ly=12 pg= 0.880 ids=  37 TEE1=-0.972 TEE2=-1.000 TEE3=-1.000  TEE4=-1.000  TEE5=-1.000  TEE6=-1.000
rank= 46 Lx=Ly=12 pg= 0.870 ids=  46 TEE1=-0.986 TEE2=-1.000 TEE3=-1.000  TEE4=-0.993  TEE5=-1.000  TEE6=-1.000
rank=  4 Lx=Ly=12 pg= 0.870 ids=   4 TEE1=-0.993 TEE2=-1.000 TEE3=-1.000  TEE4=-1.000  TEE5=-1.000  TEE6=-1.000
rank= 38 Lx=Ly=12 pg= 0.870 ids=  38 TEE1=-0.965 TEE2=-0.993 TEE3=-0.986  TEE4=-0.986  TEE5=-0.986  TEE6=-0.993
rank=  2 Lx=Ly=12 pg= 0.870 ids=   2 TEE1=-0.986 TEE2=-1.000 TEE3=-1.000  TEE4=-1.000  TEE5=-1.000  TEE6=-0.986
rank= 27 Lx=Ly=12 pg= 0.870 ids=  27 TEE1=-0.979 TEE2=-1.000 TEE3=-1.000  TEE4=-1.000  TEE5=-1.000  TEE6=-1.000
rank= 44 Lx=Ly=12 pg= 0.870 ids=  44 TEE1=-0.986 TEE2=-1.000 TEE3=-1.000  TEE4=-1.000  TEE5=-1.000  TEE6=-1.000
rank= 31 Lx=Ly=12 pg= 0.870 ids=  31 TEE1=-1.000 TEE2=-1.000 TEE3=-1.000  TEE4=-1.000  TEE5=-1.000  TEE6=-1.000
rank= 25 Lx=Ly=12 pg= 0.870 ids=  25 TEE1=-0.944 TEE2=-0.965 TEE3=-0.986  TEE4=-0.951  TEE5=-0.951  TEE6=-0.979
rank= 23 Lx=Ly=12 pg= 0.880 ids=  23 TEE1=-1.000 TEE2=-1.000 TEE3=-1.000  TEE4=-1.000  TEE5=-1.000  TEE6=-1.000
rank= 49 Lx=Ly=12 pg= 0.890 ids=  49 TEE1=-0.979 TEE2=-0.986 TEE3=-1.000  TEE4=-1.000  TEE5=-0.986  TEE6=-1.000
rank= 29 Lx=Ly=12 pg= 0.870 ids=  29 TEE1=-0.993 TEE2=-1.000 TEE3=-1.000  TEE4=-1.000  TEE5=-1.000  TEE6=-1.000
rank= 43 Lx=Ly=12 pg= 0.870 ids=  43 TEE1=-0.965 TEE2=-0.972 TEE3=-0.958  TEE4=-0.993  TEE5=-1.000  TEE6=-0.979
rank= 11 Lx=Ly=12 pg= 0.870 ids=  11 TEE1=-0.958 TEE2=-0.972 TEE3=-0.979  TEE4=-0.993  TEE5=-0.993  TEE6=-0.993
rank= 24 Lx=Ly=12 pg= 0.870 ids=  24 TEE1=-0.965 TEE2=-0.993 TEE3=-1.000  TEE4=-0.986  TEE5=-0.986  TEE6=-0.986
rank= 48 Lx=Ly=12 pg= 0.890 ids=  48 TEE1=-1.000 TEE2=-1.000 TEE3=-1.000  TEE4=-1.000  TEE5=-1.000  TEE6=-1.000
rank= 35 Lx=Ly=12 pg= 0.880 ids=  35 TEE1=-0.986 TEE2=-1.000 TEE3=-0.993  TEE4=-1.000  TEE5=-0.993  TEE6=-0.993
rank=  3 Lx=Ly=12 pg= 0.880 ids=   3 TEE1=-0.993 TEE2=-1.000 TEE3=-1.000  TEE4=-1.000  TEE5=-1.000  TEE6=-0.993
rank= 42 Lx=Ly=12 pg= 0.880 ids=  42 TEE1=-0.986 TEE2=-0.993 TEE3=-0.986  TEE4=-0.993  TEE5=-0.986  TEE6=-1.000
rank= 30 Lx=Ly=12 pg= 0.870 ids=  30 TEE1=-0.986 TEE2=-1.000 TEE3=-1.000  TEE4=-1.000  TEE5=-0.986  TEE6=-0.993
rank= 34 Lx=Ly=12 pg= 0.880 ids=  34 TEE1=-0.951 TEE2=-1.000 TEE3=-0.993  TEE4=-1.000  TEE5=-0.993  TEE6=-0.986
rank= 10 Lx=Ly=12 pg= 0.870 ids=  10 TEE1=-0.944 TEE2=-0.979 TEE3=-0.986  TEE4=-0.993  TEE5=-0.986  TEE6=-0.993
rank= 41 Lx=Ly=12 pg= 0.880 ids=  41 TEE1=-1.000 TEE2=-1.000 TEE3=-1.000  TEE4=-1.000  TEE5=-1.000  TEE6=-1.000
rank=  9 Lx=Ly=12 pg= 0.880 ids=   9 TEE1=-0.986 TEE2=-0.993 TEE3=-1.000  TEE4=-1.000  TEE5=-0.993  TEE6=-0.993
rank=  8 Lx=Ly=12 pg= 0.870 ids=   8 TEE1=-0.993 TEE2=-1.000 TEE3=-1.000  TEE4=-1.000  TEE5=-1.000  TEE6=-0.993
rank= 14 Lx=Ly=12 pg= 0.870 ids=  14 TEE1=-0.986 TEE2=-1.000 TEE3=-0.986  TEE4=-0.979  TEE5=-0.986  TEE6=-1.000
rank= 16 Lx=Ly=12 pg= 0.870 ids=  16 TEE1=-1.000 TEE2=-1.000 TEE3=-1.000  TEE4=-1.000  TEE5=-1.000  TEE6=-1.000
rank= 32 Lx=Ly=12 pg= 0.880 ids=  32 TEE1=-1.000 TEE2=-1.000 TEE3=-1.000  TEE4=-1.000  TEE5=-1.000  TEE6=-1.000
rank= 12 Lx=Ly=12 pg= 0.870 ids=  12 TEE1=-0.986 TEE2=-1.000 TEE3=-0.993  TEE4=-1.000  TEE5=-1.000  TEE6=-1.000
rank=  0 Lx=Ly=12 pg= 0.880 ids=   0 TEE1=-0.993 TEE2=-1.000 TEE3=-1.000  TEE4=-1.000  TEE5=-1.000  TEE6=-1.000
rank= 26 Lx=Ly=12 pg= 0.870 ids=  26 TEE1=-0.965 TEE2=-0.965 TEE3=-0.972  TEE4=-0.986  TEE5=-0.965  TEE6=-0.958
rank= 22 Lx=Ly=12 pg= 0.870 ids=  22 TEE1=-0.986 TEE2=-1.000 TEE3=-1.000  TEE4=-1.000  TEE5=-1.000  TEE6=-1.000
rank= 33 Lx=Ly=12 pg= 0.880 ids=  33 TEE1=-1.000 TEE2=-1.000 TEE3=-1.000  TEE4=-1.000  TEE5=-1.000  TEE6=-1.000
rank= 47 Lx=Ly=12 pg= 0.880 ids=  47 TEE1=-0.965 TEE2=-0.993 TEE3=-0.993  TEE4=-0.986  TEE5=-0.986  TEE6=-1.000
rank= 20 Lx=Ly=12 pg= 0.870 ids=  20 TEE1=-0.965 TEE2=-0.993 TEE3=-0.993  TEE4=-0.993  TEE5=-0.986  TEE6=-1.000
rank=  6 Lx=Ly=12 pg= 0.870 ids=   6 TEE1=-0.972 TEE2=-0.986 TEE3=-0.993  TEE4=-0.979  TEE5=-0.958  TEE6=-0.979
rank=  7 Lx=Ly=12 pg= 0.880 ids=   7 TEE1=-0.993 TEE2=-1.000 TEE3=-1.000  TEE4=-1.000  TEE5=-1.000  TEE6=-1.000
rank= 17 Lx=Ly=12 pg= 0.880 ids=  17 TEE1=-0.993 TEE2=-1.000 TEE3=-1.000  TEE4=-1.000  TEE5=-1.000  TEE6=-1.000
rank=  1 Lx=Ly=12 pg= 0.880 ids=   1 TEE1=-0.972 TEE2=-0.993 TEE3=-0.993  TEE4=-0.993  TEE5=-0.993  TEE6=-1.000
rank= 39 Lx=Ly=12 pg= 0.880 ids=  39 TEE1=-0.986 TEE2=-0.979 TEE3=-0.979  TEE4=-0.986  TEE5=-0.993  TEE6=-0.993
rank= 19 Lx=Ly=12 pg= 0.880 ids=  19 TEE1=-1.000 TEE2=-1.000 TEE3=-1.000  TEE4=-1.000  TEE5=-1.000  TEE6=-1.000
rank= 45 Lx=Ly=12 pg= 0.880 ids=  45 TEE1=-0.993 TEE2=-0.993 TEE3=-1.000  TEE4=-1.000  TEE5=-1.000  TEE6=-1.000
rank= 40 Lx=Ly=12 pg= 0.880 ids=  40 TEE1=-0.972 TEE2=-0.993 TEE3=-0.993  TEE4=-1.000  TEE5=-0.993  TEE6=-1.000
rank= 13 Lx=Ly=12 pg= 0.880 ids=  13 TEE1=-0.972 TEE2=-0.993 TEE3=-1.000  TEE4=-1.000  TEE5=-0.993  TEE6=-0.986
rank= 18 Lx=Ly=12 pg= 0.880 ids=  18 TEE1=-0.979 TEE2=-0.993 TEE3=-1.000  TEE4=-0.986  TEE5=-0.986  TEE6=-0.993
rank=  5 Lx=Ly=12 pg= 0.880 ids=   5 TEE1=-0.965 TEE2=-1.000 TEE3=-0.993  TEE4=-0.979  TEE5=-0.993  TEE6=-0.993
rank= 28 Lx=Ly=12 pg= 0.880 ids=  28 TEE1=-0.993 TEE2=-1.000 TEE3=-1.000  TEE4=-1.000  TEE5=-1.000  TEE6=-0.993
rank= 21 Lx=Ly=12 pg= 0.880 ids=  21 TEE1=-0.993 TEE2=-1.000 TEE3=-1.000  TEE4=-1.000  TEE5=-1.000  TEE6=-1.000
rank= 37 Lx=Ly=12 pg= 0.890 ids=  37 TEE1=-1.000 TEE2=-1.000 TEE3=-1.000  TEE4=-1.000  TEE5=-1.000  TEE6=-0.993
rank= 36 Lx=Ly=12 pg= 0.880 ids=  36 TEE1=-0.993 TEE2=-1.000 TEE3=-1.000  TEE4=-1.000  TEE5=-1.000  TEE6=-1.000
rank= 15 Lx=Ly=12 pg= 0.880 ids=  15 TEE1=-0.951 TEE2=-0.972 TEE3=-0.986  TEE4=-1.000  TEE5=-0.979  TEE6=-0.993
rank= 46 Lx=Ly=12 pg= 0.880 ids=  46 TEE1=-0.972 TEE2=-0.993 TEE3=-0.986  TEE4=-0.993  TEE5=-0.993  TEE6=-1.000
rank=  4 Lx=Ly=12 pg= 0.880 ids=   4 TEE1=-0.993 TEE2=-1.000 TEE3=-1.000  TEE4=-1.000  TEE5=-1.000  TEE6=-1.000
rank=  2 Lx=Ly=12 pg= 0.880 ids=   2 TEE1=-0.972 TEE2=-0.993 TEE3=-0.993  TEE4=-1.000  TEE5=-1.000  TEE6=-0.986
rank= 38 Lx=Ly=12 pg= 0.880 ids=  38 TEE1=-1.000 TEE2=-1.000 TEE3=-1.000  TEE4=-1.000  TEE5=-1.000  TEE6=-1.000
rank= 27 Lx=Ly=12 pg= 0.880 ids=  27 TEE1=-1.000 TEE2=-1.000 TEE3=-1.000  TEE4=-1.000  TEE5=-1.000  TEE6=-1.000
rank= 49 Lx=Ly=12 pg= 0.900 ids=  49 TEE1=-1.000 TEE2=-1.000 TEE3=-1.000  TEE4=-1.000  TEE5=-1.000  TEE6=-1.000
rank= 44 Lx=Ly=12 pg= 0.880 ids=  44 TEE1=-0.986 TEE2=-0.993 TEE3=-1.000  TEE4=-1.000  TEE5=-1.000  TEE6=-1.000
rank= 31 Lx=Ly=12 pg= 0.880 ids=  31 TEE1=-1.000 TEE2=-1.000 TEE3=-1.000  TEE4=-1.000  TEE5=-1.000  TEE6=-1.000
rank= 23 Lx=Ly=12 pg= 0.890 ids=  23 TEE1=-1.000 TEE2=-1.000 TEE3=-1.000  TEE4=-1.000  TEE5=-1.000  TEE6=-1.000
rank= 25 Lx=Ly=12 pg= 0.880 ids=  25 TEE1=-0.993 TEE2=-1.000 TEE3=-1.000  TEE4=-1.000  TEE5=-1.000  TEE6=-1.000
rank= 29 Lx=Ly=12 pg= 0.880 ids=  29 TEE1=-0.965 TEE2=-0.986 TEE3=-0.993  TEE4=-0.986  TEE5=-0.986  TEE6=-0.993
rank= 11 Lx=Ly=12 pg= 0.880 ids=  11 TEE1=-0.993 TEE2=-1.000 TEE3=-1.000  TEE4=-1.000  TEE5=-1.000  TEE6=-1.000
rank= 24 Lx=Ly=12 pg= 0.880 ids=  24 TEE1=-0.993 TEE2=-1.000 TEE3=-0.993  TEE4=-0.993  TEE5=-0.993  TEE6=-1.000
rank= 43 Lx=Ly=12 pg= 0.880 ids=  43 TEE1=-1.000 TEE2=-1.000 TEE3=-1.000  TEE4=-1.000  TEE5=-1.000  TEE6=-1.000
rank= 48 Lx=Ly=12 pg= 0.900 ids=  48 TEE1=-1.000 TEE2=-1.000 TEE3=-1.000  TEE4=-1.000  TEE5=-1.000  TEE6=-1.000
rank= 35 Lx=Ly=12 pg= 0.890 ids=  35 TEE1=-0.993 TEE2=-1.000 TEE3=-1.000  TEE4=-1.000  TEE5=-0.993  TEE6=-1.000
rank=  3 Lx=Ly=12 pg= 0.890 ids=   3 TEE1=-0.986 TEE2=-1.000 TEE3=-1.000  TEE4=-1.000  TEE5=-1.000  TEE6=-1.000
rank= 42 Lx=Ly=12 pg= 0.890 ids=  42 TEE1=-0.993 TEE2=-1.000 TEE3=-1.000  TEE4=-1.000  TEE5=-1.000  TEE6=-1.000
rank=  9 Lx=Ly=12 pg= 0.890 ids=   9 TEE1=-1.000 TEE2=-1.000 TEE3=-1.000  TEE4=-1.000  TEE5=-1.000  TEE6=-1.000
rank= 30 Lx=Ly=12 pg= 0.880 ids=  30 TEE1=-0.993 TEE2=-0.993 TEE3=-1.000  TEE4=-1.000  TEE5=-1.000  TEE6=-1.000
rank= 41 Lx=Ly=12 pg= 0.890 ids=  41 TEE1=-1.000 TEE2=-1.000 TEE3=-0.993  TEE4=-1.000  TEE5=-1.000  TEE6=-1.000
rank= 34 Lx=Ly=12 pg= 0.890 ids=  34 TEE1=-1.000 TEE2=-1.000 TEE3=-1.000  TEE4=-1.000  TEE5=-1.000  TEE6=-1.000
rank= 10 Lx=Ly=12 pg= 0.880 ids=  10 TEE1=-0.979 TEE2=-0.986 TEE3=-0.993  TEE4=-0.993  TEE5=-1.000  TEE6=-0.993
rank= 14 Lx=Ly=12 pg= 0.880 ids=  14 TEE1=-0.965 TEE2=-0.986 TEE3=-0.986  TEE4=-1.000  TEE5=-0.993  TEE6=-0.993
rank= 16 Lx=Ly=12 pg= 0.880 ids=  16 TEE1=-0.986 TEE2=-1.000 TEE3=-1.000  TEE4=-1.000  TEE5=-1.000  TEE6=-0.993
rank= 32 Lx=Ly=12 pg= 0.890 ids=  32 TEE1=-0.979 TEE2=-0.993 TEE3=-0.993  TEE4=-0.993  TEE5=-1.000  TEE6=-1.000
rank=  8 Lx=Ly=12 pg= 0.880 ids=   8 TEE1=-1.000 TEE2=-1.000 TEE3=-1.000  TEE4=-1.000  TEE5=-1.000  TEE6=-1.000
rank=  0 Lx=Ly=12 pg= 0.890 ids=   0 TEE1=-0.958 TEE2=-0.993 TEE3=-0.993  TEE4=-0.993  TEE5=-1.000  TEE6=-1.000
rank= 12 Lx=Ly=12 pg= 0.880 ids=  12 TEE1=-1.000 TEE2=-1.000 TEE3=-1.000  TEE4=-1.000  TEE5=-1.000  TEE6=-1.000
rank= 26 Lx=Ly=12 pg= 0.880 ids=  26 TEE1=-0.965 TEE2=-0.979 TEE3=-0.979  TEE4=-0.986  TEE5=-0.993  TEE6=-0.979
rank= 33 Lx=Ly=12 pg= 0.890 ids=  33 TEE1=-0.993 TEE2=-1.000 TEE3=-0.993  TEE4=-1.000  TEE5=-1.000  TEE6=-1.000
rank= 47 Lx=Ly=12 pg= 0.890 ids=  47 TEE1=-0.986 TEE2=-0.993 TEE3=-1.000  TEE4=-1.000  TEE5=-1.000  TEE6=-1.000
rank= 22 Lx=Ly=12 pg= 0.880 ids=  22 TEE1=-1.000 TEE2=-1.000 TEE3=-1.000  TEE4=-1.000  TEE5=-1.000  TEE6=-1.000
rank= 20 Lx=Ly=12 pg= 0.880 ids=  20 TEE1=-0.979 TEE2=-1.000 TEE3=-0.993  TEE4=-0.993  TEE5=-0.993  TEE6=-1.000
rank=  1 Lx=Ly=12 pg= 0.890 ids=   1 TEE1=-0.993 TEE2=-0.993 TEE3=-0.993  TEE4=-1.000  TEE5=-0.993  TEE6=-1.000
rank=  7 Lx=Ly=12 pg= 0.890 ids=   7 TEE1=-0.944 TEE2=-0.979 TEE3=-0.972  TEE4=-0.958  TEE5=-0.951  TEE6=-0.993
rank= 19 Lx=Ly=12 pg= 0.890 ids=  19 TEE1=-0.993 TEE2=-1.000 TEE3=-1.000  TEE4=-1.000  TEE5=-1.000  TEE6=-1.000
rank=  6 Lx=Ly=12 pg= 0.880 ids=   6 TEE1=-1.000 TEE2=-1.000 TEE3=-1.000  TEE4=-1.000  TEE5=-1.000  TEE6=-1.000
rank= 17 Lx=Ly=12 pg= 0.890 ids=  17 TEE1=-1.000 TEE2=-1.000 TEE3=-1.000  TEE4=-1.000  TEE5=-1.000  TEE6=-1.000
rank= 39 Lx=Ly=12 pg= 0.890 ids=  39 TEE1=-0.986 TEE2=-1.000 TEE3=-0.993  TEE4=-1.000  TEE5=-1.000  TEE6=-0.993
rank= 45 Lx=Ly=12 pg= 0.890 ids=  45 TEE1=-0.979 TEE2=-1.000 TEE3=-0.993  TEE4=-1.000  TEE5=-1.000  TEE6=-1.000
rank= 40 Lx=Ly=12 pg= 0.890 ids=  40 TEE1=-0.986 TEE2=-1.000 TEE3=-1.000  TEE4=-1.000  TEE5=-1.000  TEE6=-1.000
rank= 13 Lx=Ly=12 pg= 0.890 ids=  13 TEE1=-1.000 TEE2=-1.000 TEE3=-1.000  TEE4=-1.000  TEE5=-0.993  TEE6=-1.000
rank= 18 Lx=Ly=12 pg= 0.890 ids=  18 TEE1=-0.958 TEE2=-0.986 TEE3=-0.986  TEE4=-0.986  TEE5=-0.979  TEE6=-1.000
rank= 37 Lx=Ly=12 pg= 0.900 ids=  37 TEE1=-0.993 TEE2=-1.000 TEE3=-1.000  TEE4=-1.000  TEE5=-1.000  TEE6=-1.000
rank=  5 Lx=Ly=12 pg= 0.890 ids=   5 TEE1=-0.993 TEE2=-1.000 TEE3=-1.000  TEE4=-1.000  TEE5=-1.000  TEE6=-1.000
rank= 21 Lx=Ly=12 pg= 0.890 ids=  21 TEE1=-1.000 TEE2=-1.000 TEE3=-1.000  TEE4=-1.000  TEE5=-1.000  TEE6=-1.000
rank= 28 Lx=Ly=12 pg= 0.890 ids=  28 TEE1=-0.993 TEE2=-1.000 TEE3=-1.000  TEE4=-1.000  TEE5=-1.000  TEE6=-1.000
rank= 15 Lx=Ly=12 pg= 0.890 ids=  15 TEE1=-0.979 TEE2=-0.993 TEE3=-1.000  TEE4=-1.000  TEE5=-1.000  TEE6=-1.000
rank= 36 Lx=Ly=12 pg= 0.890 ids=  36 TEE1=-1.000 TEE2=-1.000 TEE3=-1.000  TEE4=-1.000  TEE5=-1.000  TEE6=-1.000
rank= 46 Lx=Ly=12 pg= 0.890 ids=  46 TEE1=-1.000 TEE2=-1.000 TEE3=-1.000  TEE4=-1.000  TEE5=-1.000  TEE6=-1.000
rank=  4 Lx=Ly=12 pg= 0.890 ids=   4 TEE1=-0.986 TEE2=-0.993 TEE3=-0.993  TEE4=-0.993  TEE5=-1.000  TEE6=-1.000
rank=  2 Lx=Ly=12 pg= 0.890 ids=   2 TEE1=-1.000 TEE2=-1.000 TEE3=-1.000  TEE4=-1.000  TEE5=-1.000  TEE6=-1.000
rank= 38 Lx=Ly=12 pg= 0.890 ids=  38 TEE1=-1.000 TEE2=-1.000 TEE3=-1.000  TEE4=-1.000  TEE5=-1.000  TEE6=-1.000
rank= 23 Lx=Ly=12 pg= 0.900 ids=  23 TEE1=-1.000 TEE2=-1.000 TEE3=-1.000  TEE4=-1.000  TEE5=-1.000  TEE6=-1.000
rank= 27 Lx=Ly=12 pg= 0.890 ids=  27 TEE1=-1.000 TEE2=-1.000 TEE3=-1.000  TEE4=-1.000  TEE5=-1.000  TEE6=-1.000
rank= 31 Lx=Ly=12 pg= 0.890 ids=  31 TEE1=-1.000 TEE2=-1.000 TEE3=-1.000  TEE4=-1.000  TEE5=-1.000  TEE6=-1.000
rank= 44 Lx=Ly=12 pg= 0.890 ids=  44 TEE1=-0.986 TEE2=-0.993 TEE3=-0.993  TEE4=-1.000  TEE5=-1.000  TEE6=-1.000
rank= 29 Lx=Ly=12 pg= 0.890 ids=  29 TEE1=-0.986 TEE2=-0.993 TEE3=-0.993  TEE4=-0.993  TEE5=-0.993  TEE6=-1.000
rank= 25 Lx=Ly=12 pg= 0.890 ids=  25 TEE1=-0.993 TEE2=-1.000 TEE3=-1.000  TEE4=-1.000  TEE5=-1.000  TEE6=-1.000
rank= 11 Lx=Ly=12 pg= 0.890 ids=  11 TEE1=-0.993 TEE2=-1.000 TEE3=-1.000  TEE4=-1.000  TEE5=-1.000  TEE6=-1.000
rank= 24 Lx=Ly=12 pg= 0.890 ids=  24 TEE1=-1.000 TEE2=-1.000 TEE3=-1.000  TEE4=-1.000  TEE5=-1.000  TEE6=-1.000
rank= 43 Lx=Ly=12 pg= 0.890 ids=  43 TEE1=-1.000 TEE2=-1.000 TEE3=-1.000  TEE4=-1.000  TEE5=-1.000  TEE6=-1.000
rank= 35 Lx=Ly=12 pg= 0.900 ids=  35 TEE1=-1.000 TEE2=-1.000 TEE3=-1.000  TEE4=-1.000  TEE5=-1.000  TEE6=-1.000
rank=  3 Lx=Ly=12 pg= 0.900 ids=   3 TEE1=-1.000 TEE2=-1.000 TEE3=-1.000  TEE4=-1.000  TEE5=-1.000  TEE6=-1.000
rank= 42 Lx=Ly=12 pg= 0.900 ids=  42 TEE1=-1.000 TEE2=-1.000 TEE3=-1.000  TEE4=-1.000  TEE5=-1.000  TEE6=-1.000
rank=  9 Lx=Ly=12 pg= 0.900 ids=   9 TEE1=-0.979 TEE2=-0.986 TEE3=-0.986  TEE4=-0.986  TEE5=-1.000  TEE6=-0.993
rank= 41 Lx=Ly=12 pg= 0.900 ids=  41 TEE1=-0.993 TEE2=-1.000 TEE3=-1.000  TEE4=-1.000  TEE5=-1.000  TEE6=-1.000
rank= 30 Lx=Ly=12 pg= 0.890 ids=  30 TEE1=-1.000 TEE2=-1.000 TEE3=-1.000  TEE4=-1.000  TEE5=-1.000  TEE6=-1.000
rank= 34 Lx=Ly=12 pg= 0.900 ids=  34 TEE1=-0.979 TEE2=-1.000 TEE3=-1.000  TEE4=-1.000  TEE5=-1.000  TEE6=-1.000
rank= 32 Lx=Ly=12 pg= 0.900 ids=  32 TEE1=-0.993 TEE2=-1.000 TEE3=-1.000  TEE4=-1.000  TEE5=-1.000  TEE6=-1.000
rank= 16 Lx=Ly=12 pg= 0.890 ids=  16 TEE1=-1.000 TEE2=-1.000 TEE3=-1.000  TEE4=-1.000  TEE5=-1.000  TEE6=-1.000
rank= 10 Lx=Ly=12 pg= 0.890 ids=  10 TEE1=-0.972 TEE2=-0.986 TEE3=-0.993  TEE4=-0.986  TEE5=-0.993  TEE6=-1.000
rank= 14 Lx=Ly=12 pg= 0.890 ids=  14 TEE1=-0.993 TEE2=-1.000 TEE3=-1.000  TEE4=-1.000  TEE5=-1.000  TEE6=-1.000
rank=  8 Lx=Ly=12 pg= 0.890 ids=   8 TEE1=-1.000 TEE2=-1.000 TEE3=-1.000  TEE4=-1.000  TEE5=-1.000  TEE6=-1.000
rank=  0 Lx=Ly=12 pg= 0.900 ids=   0 TEE1=-0.986 TEE2=-0.993 TEE3=-0.993  TEE4=-1.000  TEE5=-0.993  TEE6=-0.993
rank= 12 Lx=Ly=12 pg= 0.890 ids=  12 TEE1=-0.986 TEE2=-0.993 TEE3=-0.993  TEE4=-1.000  TEE5=-1.000  TEE6=-1.000
rank= 33 Lx=Ly=12 pg= 0.900 ids=  33 TEE1=-1.000 TEE2=-1.000 TEE3=-1.000  TEE4=-1.000  TEE5=-1.000  TEE6=-1.000
rank= 26 Lx=Ly=12 pg= 0.890 ids=  26 TEE1=-0.993 TEE2=-1.000 TEE3=-1.000  TEE4=-1.000  TEE5=-1.000  TEE6=-0.993
rank= 47 Lx=Ly=12 pg= 0.900 ids=  47 TEE1=-0.993 TEE2=-1.000 TEE3=-1.000  TEE4=-1.000  TEE5=-1.000  TEE6=-1.000
rank=  7 Lx=Ly=12 pg= 0.900 ids=   7 TEE1=-1.000 TEE2=-1.000 TEE3=-1.000  TEE4=-1.000  TEE5=-1.000  TEE6=-1.000
rank=  1 Lx=Ly=12 pg= 0.900 ids=   1 TEE1=-1.000 TEE2=-1.000 TEE3=-1.000  TEE4=-1.000  TEE5=-1.000  TEE6=-1.000
rank= 19 Lx=Ly=12 pg= 0.900 ids=  19 TEE1=-1.000 TEE2=-1.000 TEE3=-1.000  TEE4=-1.000  TEE5=-1.000  TEE6=-1.000
rank= 22 Lx=Ly=12 pg= 0.890 ids=  22 TEE1=-0.979 TEE2=-1.000 TEE3=-1.000  TEE4=-1.000  TEE5=-1.000  TEE6=-0.993
rank= 39 Lx=Ly=12 pg= 0.900 ids=  39 TEE1=-0.993 TEE2=-1.000 TEE3=-1.000  TEE4=-1.000  TEE5=-0.993  TEE6=-1.000
rank= 17 Lx=Ly=12 pg= 0.900 ids=  17 TEE1=-0.993 TEE2=-1.000 TEE3=-1.000  TEE4=-1.000  TEE5=-1.000  TEE6=-1.000
rank= 20 Lx=Ly=12 pg= 0.890 ids=  20 TEE1=-1.000 TEE2=-1.000 TEE3=-1.000  TEE4=-1.000  TEE5=-1.000  TEE6=-1.000
rank= 45 Lx=Ly=12 pg= 0.900 ids=  45 TEE1=-0.986 TEE2=-0.993 TEE3=-0.993  TEE4=-1.000  TEE5=-1.000  TEE6=-1.000
rank= 13 Lx=Ly=12 pg= 0.900 ids=  13 TEE1=-0.993 TEE2=-0.993 TEE3=-1.000  TEE4=-1.000  TEE5=-1.000  TEE6=-1.000
rank= 40 Lx=Ly=12 pg= 0.900 ids=  40 TEE1=-0.986 TEE2=-1.000 TEE3=-1.000  TEE4=-1.000  TEE5=-0.993  TEE6=-0.993
rank=  6 Lx=Ly=12 pg= 0.890 ids=   6 TEE1=-0.972 TEE2=-0.993 TEE3=-0.993  TEE4=-1.000  TEE5=-0.993  TEE6=-1.000
rank= 18 Lx=Ly=12 pg= 0.900 ids=  18 TEE1=-0.993 TEE2=-1.000 TEE3=-1.000  TEE4=-1.000  TEE5=-1.000  TEE6=-1.000
rank=  5 Lx=Ly=12 pg= 0.900 ids=   5 TEE1=-0.986 TEE2=-1.000 TEE3=-1.000  TEE4=-1.000  TEE5=-1.000  TEE6=-1.000
rank= 21 Lx=Ly=12 pg= 0.900 ids=  21 TEE1=-1.000 TEE2=-1.000 TEE3=-1.000  TEE4=-1.000  TEE5=-1.000  TEE6=-1.000
rank= 28 Lx=Ly=12 pg= 0.900 ids=  28 TEE1=-1.000 TEE2=-1.000 TEE3=-1.000  TEE4=-1.000  TEE5=-1.000  TEE6=-1.000
rank= 15 Lx=Ly=12 pg= 0.900 ids=  15 TEE1=-0.993 TEE2=-1.000 TEE3=-1.000  TEE4=-1.000  TEE5=-1.000  TEE6=-1.000
rank= 36 Lx=Ly=12 pg= 0.900 ids=  36 TEE1=-0.993 TEE2=-1.000 TEE3=-1.000  TEE4=-1.000  TEE5=-1.000  TEE6=-1.000
rank= 46 Lx=Ly=12 pg= 0.900 ids=  46 TEE1=-1.000 TEE2=-1.000 TEE3=-1.000  TEE4=-1.000  TEE5=-1.000  TEE6=-1.000
rank=  4 Lx=Ly=12 pg= 0.900 ids=   4 TEE1=-0.979 TEE2=-0.993 TEE3=-0.993  TEE4=-0.993  TEE5=-1.000  TEE6=-1.000
rank=  2 Lx=Ly=12 pg= 0.900 ids=   2 TEE1=-1.000 TEE2=-1.000 TEE3=-1.000  TEE4=-1.000  TEE5=-1.000  TEE6=-0.993
rank= 38 Lx=Ly=12 pg= 0.900 ids=  38 TEE1=-0.986 TEE2=-1.000 TEE3=-1.000  TEE4=-1.000  TEE5=-1.000  TEE6=-1.000
rank= 31 Lx=Ly=12 pg= 0.900 ids=  31 TEE1=-1.000 TEE2=-1.000 TEE3=-1.000  TEE4=-1.000  TEE5=-1.000  TEE6=-1.000
rank= 27 Lx=Ly=12 pg= 0.900 ids=  27 TEE1=-0.986 TEE2=-0.993 TEE3=-0.993  TEE4=-1.000  TEE5=-1.000  TEE6=-1.000
rank= 29 Lx=Ly=12 pg= 0.900 ids=  29 TEE1=-1.000 TEE2=-1.000 TEE3=-1.000  TEE4=-0.993  TEE5=-1.000  TEE6=-1.000
rank= 44 Lx=Ly=12 pg= 0.900 ids=  44 TEE1=-0.993 TEE2=-0.993 TEE3=-1.000  TEE4=-1.000  TEE5=-1.000  TEE6=-1.000
rank= 25 Lx=Ly=12 pg= 0.900 ids=  25 TEE1=-0.986 TEE2=-1.000 TEE3=-0.993  TEE4=-0.993  TEE5=-0.993  TEE6=-1.000
rank= 11 Lx=Ly=12 pg= 0.900 ids=  11 TEE1=-0.979 TEE2=-0.993 TEE3=-1.000  TEE4=-0.986  TEE5=-0.986  TEE6=-0.993
rank= 24 Lx=Ly=12 pg= 0.900 ids=  24 TEE1=-1.000 TEE2=-1.000 TEE3=-0.993  TEE4=-1.000  TEE5=-1.000  TEE6=-1.000
rank= 43 Lx=Ly=12 pg= 0.900 ids=  43 TEE1=-0.993 TEE2=-1.000 TEE3=-1.000  TEE4=-1.000  TEE5=-1.000  TEE6=-1.000
rank= 30 Lx=Ly=12 pg= 0.900 ids=  30 TEE1=-0.986 TEE2=-1.000 TEE3=-1.000  TEE4=-1.000  TEE5=-1.000  TEE6=-1.000
rank= 16 Lx=Ly=12 pg= 0.900 ids=  16 TEE1=-1.000 TEE2=-1.000 TEE3=-1.000  TEE4=-1.000  TEE5=-1.000  TEE6=-1.000
rank= 14 Lx=Ly=12 pg= 0.900 ids=  14 TEE1=-0.993 TEE2=-1.000 TEE3=-1.000  TEE4=-1.000  TEE5=-1.000  TEE6=-0.993
rank= 10 Lx=Ly=12 pg= 0.900 ids=  10 TEE1=-0.972 TEE2=-0.993 TEE3=-0.986  TEE4=-0.993  TEE5=-1.000  TEE6=-0.986
rank=  8 Lx=Ly=12 pg= 0.900 ids=   8 TEE1=-1.000 TEE2=-1.000 TEE3=-1.000  TEE4=-1.000  TEE5=-1.000  TEE6=-1.000
rank= 26 Lx=Ly=12 pg= 0.900 ids=  26 TEE1=-0.979 TEE2=-1.000 TEE3=-1.000  TEE4=-0.993  TEE5=-1.000  TEE6=-1.000
rank= 12 Lx=Ly=12 pg= 0.900 ids=  12 TEE1=-0.993 TEE2=-1.000 TEE3=-0.993  TEE4=-1.000  TEE5=-1.000  TEE6=-1.000
rank= 22 Lx=Ly=12 pg= 0.900 ids=  22 TEE1=-1.000 TEE2=-1.000 TEE3=-0.993  TEE4=-1.000  TEE5=-1.000  TEE6=-1.000
rank= 20 Lx=Ly=12 pg= 0.900 ids=  20 TEE1=-0.993 TEE2=-1.000 TEE3=-1.000  TEE4=-1.000  TEE5=-1.000  TEE6=-1.000
rank=  6 Lx=Ly=12 pg= 0.900 ids=   6 TEE1=-0.986 TEE2=-1.000 TEE3=-1.000  TEE4=-0.993  TEE5=-1.000  TEE6=-1.000
Lx=12, pg=0.700 :
  TEE1: ave=-0.0942 ± 0.0152, var=0.0113
  TEE2: ave=-0.0265 ± 0.0127, var=0.0080
  TEE3: ave=0.0079 ± 0.0112, var=0.0061
  TEE4: ave=0.0389 ± 0.0138, var=0.0093
  TEE5: ave=0.0633 ± 0.0190, var=0.0176
  TEE6: ave=0.0850 ± 0.0230, var=0.0259
Lx=12, pg=0.710 :
  TEE1: ave=-0.0804 ± 0.0095, var=0.0045
  TEE2: ave=-0.0056 ± 0.0033, var=0.0005
  TEE3: ave=0.0103 ± 0.0034, var=0.0006
  TEE4: ave=0.0118 ± 0.0036, var=0.0006
  TEE5: ave=0.0131 ± 0.0035, var=0.0006
  TEE6: ave=0.0132 ± 0.0038, var=0.0007
Lx=12, pg=0.720 :
  TEE1: ave=-0.0869 ± 0.0105, var=0.0055
  TEE2: ave=-0.0057 ± 0.0043, var=0.0009
  TEE3: ave=0.0093 ± 0.0030, var=0.0005
  TEE4: ave=0.0089 ± 0.0034, var=0.0006
  TEE5: ave=0.0115 ± 0.0036, var=0.0006
  TEE6: ave=0.0122 ± 0.0042, var=0.0009
Lx=12, pg=0.730 :
  TEE1: ave=-0.1240 ± 0.0109, var=0.0058
  TEE2: ave=-0.0133 ± 0.0058, var=0.0016
  TEE3: ave=0.0124 ± 0.0043, var=0.0009
  TEE4: ave=0.0156 ± 0.0051, var=0.0013
  TEE5: ave=0.0175 ± 0.0047, var=0.0011
  TEE6: ave=0.0181 ± 0.0055, var=0.0015
Lx=12, pg=0.740 :
  TEE1: ave=-0.2294 ± 0.0148, var=0.0107
  TEE2: ave=-0.0638 ± 0.0104, var=0.0053
  TEE3: ave=0.0019 ± 0.0071, var=0.0025
  TEE4: ave=0.0187 ± 0.0074, var=0.0027
  TEE5: ave=0.0339 ± 0.0094, var=0.0043
  TEE6: ave=0.0371 ± 0.0104, var=0.0053
Lx=12, pg=0.750 :
  TEE1: ave=-0.3456 ± 0.0198, var=0.0192
  TEE2: ave=-0.1392 ± 0.0171, var=0.0143
  TEE3: ave=-0.0365 ± 0.0128, var=0.0080
  TEE4: ave=0.0017 ± 0.0096, var=0.0045
  TEE5: ave=0.0204 ± 0.0098, var=0.0047
  TEE6: ave=0.0311 ± 0.0128, var=0.0080
Lx=12, pg=0.760 :
  TEE1: ave=-0.4050 ± 0.0212, var=0.0219
  TEE2: ave=-0.2006 ± 0.0228, var=0.0254
  TEE3: ave=-0.0787 ± 0.0200, var=0.0196
  TEE4: ave=-0.0238 ± 0.0186, var=0.0169
  TEE5: ave=0.0187 ± 0.0153, var=0.0115
  TEE6: ave=0.0415 ± 0.0152, var=0.0113
Lx=12, pg=0.770 :
  TEE1: ave=-0.4986 ± 0.0201, var=0.0197
  TEE2: ave=-0.3082 ± 0.0251, var=0.0310
  TEE3: ave=-0.1575 ± 0.0248, var=0.0302
  TEE4: ave=-0.0718 ± 0.0222, var=0.0242
  TEE5: ave=-0.0139 ± 0.0182, var=0.0162
  TEE6: ave=0.0242 ± 0.0166, var=0.0136
Lx=12, pg=0.780 :
  TEE1: ave=-0.6325 ± 0.0187, var=0.0170
  TEE2: ave=-0.4738 ± 0.0267, var=0.0348
  TEE3: ave=-0.3171 ± 0.0304, var=0.0454
  TEE4: ave=-0.2062 ± 0.0295, var=0.0425
  TEE5: ave=-0.1179 ± 0.0273, var=0.0366
  TEE6: ave=-0.0526 ± 0.0254, var=0.0316
Lx=12, pg=0.790 :
  TEE1: ave=-0.7279 ± 0.0166, var=0.0135
  TEE2: ave=-0.6331 ± 0.0249, var=0.0304
  TEE3: ave=-0.5126 ± 0.0322, var=0.0508
  TEE4: ave=-0.4042 ± 0.0338, var=0.0561
  TEE5: ave=-0.2992 ± 0.0355, var=0.0616
  TEE6: ave=-0.2207 ± 0.0367, var=0.0659
Lx=12, pg=0.800 :
  TEE1: ave=-0.8210 ± 0.0104, var=0.0052
  TEE2: ave=-0.7968 ± 0.0155, var=0.0117
  TEE3: ave=-0.7419 ± 0.0212, var=0.0221
  TEE4: ave=-0.6824 ± 0.0286, var=0.0402
  TEE5: ave=-0.6190 ± 0.0342, var=0.0573
  TEE6: ave=-0.5506 ± 0.0394, var=0.0761
Lx=12, pg=0.810 :
  TEE1: ave=-0.8693 ± 0.0077, var=0.0029
  TEE2: ave=-0.8654 ± 0.0115, var=0.0065
  TEE3: ave=-0.8324 ± 0.0163, var=0.0131
  TEE4: ave=-0.7965 ± 0.0217, var=0.0230
  TEE5: ave=-0.7482 ± 0.0264, var=0.0342
  TEE6: ave=-0.7142 ± 0.0315, var=0.0486
Lx=12, pg=0.820 :
  TEE1: ave=-0.8918 ± 0.0102, var=0.0051
  TEE2: ave=-0.9039 ± 0.0127, var=0.0079
  TEE3: ave=-0.8871 ± 0.0164, var=0.0132
  TEE4: ave=-0.8725 ± 0.0211, var=0.0218
  TEE5: ave=-0.8533 ± 0.0240, var=0.0282
  TEE6: ave=-0.8394 ± 0.0279, var=0.0380
Lx=12, pg=0.830 :
  TEE1: ave=-0.9275 ± 0.0069, var=0.0023
  TEE2: ave=-0.9421 ± 0.0076, var=0.0028
  TEE3: ave=-0.9406 ± 0.0077, var=0.0029
  TEE4: ave=-0.9463 ± 0.0080, var=0.0031
  TEE5: ave=-0.9389 ± 0.0098, var=0.0047
  TEE6: ave=-0.9332 ± 0.0115, var=0.0065
Lx=12, pg=0.840 :
  TEE1: ave=-0.9329 ± 0.0041, var=0.0008
  TEE2: ave=-0.9518 ± 0.0049, var=0.0012
  TEE3: ave=-0.9478 ± 0.0059, var=0.0017
  TEE4: ave=-0.9501 ± 0.0076, var=0.0028
  TEE5: ave=-0.9401 ± 0.0101, var=0.0050
  TEE6: ave=-0.9367 ± 0.0115, var=0.0064
Lx=12, pg=0.850 :
  TEE1: ave=-0.9574 ± 0.0044, var=0.0010
  TEE2: ave=-0.9694 ± 0.0048, var=0.0011
  TEE3: ave=-0.9671 ± 0.0059, var=0.0017
  TEE4: ave=-0.9657 ± 0.0068, var=0.0023
  TEE5: ave=-0.9636 ± 0.0070, var=0.0024
  TEE6: ave=-0.9629 ± 0.0085, var=0.0035
Lx=12, pg=0.860 :
  TEE1: ave=-0.9704 ± 0.0044, var=0.0010
  TEE2: ave=-0.9793 ± 0.0048, var=0.0011
  TEE3: ave=-0.9801 ± 0.0052, var=0.0013
  TEE4: ave=-0.9818 ± 0.0050, var=0.0012
  TEE5: ave=-0.9786 ± 0.0056, var=0.0015
  TEE6: ave=-0.9765 ± 0.0076, var=0.0028
Lx=12, pg=0.870 :
  TEE1: ave=-0.9808 ± 0.0020, var=0.0002
  TEE2: ave=-0.9926 ± 0.0015, var=0.0001
  TEE3: ave=-0.9929 ± 0.0016, var=0.0001
  TEE4: ave=-0.9942 ± 0.0015, var=0.0001
  TEE5: ave=-0.9928 ± 0.0016, var=0.0001
  TEE6: ave=-0.9938 ± 0.0014, var=0.0001
Lx=12, pg=0.880 :
  TEE1: ave=-0.9860 ± 0.0019, var=0.0002
  TEE2: ave=-0.9961 ± 0.0009, var=0.0000
  TEE3: ave=-0.9965 ± 0.0008, var=0.0000
  TEE4: ave=-0.9974 ± 0.0007, var=0.0000
  TEE5: ave=-0.9967 ± 0.0007, var=0.0000
  TEE6: ave=-0.9969 ± 0.0007, var=0.0000
Lx=12, pg=0.890 :
  TEE1: ave=-0.9903 ± 0.0018, var=0.0002
  TEE2: ave=-0.9974 ± 0.0007, var=0.0000
  TEE3: ave=-0.9974 ± 0.0007, var=0.0000
  TEE4: ave=-0.9981 ± 0.0009, var=0.0000
  TEE5: ave=-0.9975 ± 0.0011, var=0.0001
  TEE6: ave=-0.9993 ± 0.0003, var=0.0000
Lx=12, pg=0.900 :
  TEE1: ave=-0.9928 ± 0.0011, var=0.0001
  TEE2: ave=-0.9986 ± 0.0004, var=0.0000
  TEE3: ave=-0.9983 ± 0.0005, var=0.0000
  TEE4: ave=-0.9986 ± 0.0005, var=0.0000
  TEE5: ave=-0.9992 ± 0.0004, var=0.0000
  TEE6: ave=-0.9989 ± 0.0004, var=0.0000
pz= 0.0 Np= 21 Nd= 50 NT= 4320 time= 419
srun: Job step aborted: Waiting up to 42 seconds for job step to finish.
slurmstepd: error: *** JOB 2647117 ON c15u01n1 CANCELLED AT 2025-08-29T17:20:34 ***
