rank= 27 Lx=Ly=10 pg= 0.000 ids=  27 TEE= 0 R2x= 0.000 R2z= 1.000 R2x_loop= 0.000 R2z_loop= 1.000  dep_x=10.000 dep_z= 0.000
rank= 67 Lx=Ly=10 pg= 0.000 ids=  67 TEE= 0 R2x= 0.000 R2z= 1.000 R2x_loop= 0.000 R2z_loop= 1.000  dep_x=10.000 dep_z= 0.000
rank= 69 Lx=Ly=10 pg= 0.000 ids=  69 TEE= 0 R2x= 0.000 R2z= 1.000 R2x_loop= 0.000 R2z_loop= 1.000  dep_x=10.000 dep_z= 0.000
rank= 71 Lx=Ly=10 pg= 0.000 ids=  71 TEE= 0 R2x= 0.000 R2z= 1.000 R2x_loop= 0.000 R2z_loop= 1.000  dep_x=10.000 dep_z= 0.000
rank= 25 Lx=Ly=10 pg= 0.000 ids=  25 TEE= 0 R2x= 0.000 R2z= 1.000 R2x_loop= 0.000 R2z_loop= 1.000  dep_x=10.000 dep_z= 0.000
rank= 79 Lx=Ly=10 pg= 0.000 ids=  79 TEE= 0 R2x= 0.000 R2z= 1.000 R2x_loop= 0.000 R2z_loop= 1.000  dep_x=10.000 dep_z= 0.000
rank=127 Lx=Ly=10 pg= 0.000 ids= 127 TEE= 0 R2x= 0.000 R2z= 1.000 R2x_loop= 0.000 R2z_loop= 1.000  dep_x=10.000 dep_z= 0.000
rank=125 Lx=Ly=10 pg= 0.000 ids= 125 TEE= 0 R2x= 0.000 R2z= 1.000 R2x_loop= 0.000 R2z_loop= 1.000  dep_x=10.000 dep_z= 0.000
rank=115 Lx=Ly=10 pg= 0.000 ids= 115 TEE= 0 R2x= 0.000 R2z= 1.000 R2x_loop= 0.000 R2z_loop= 1.000  dep_x=10.000 dep_z= 0.000
rank= 75 Lx=Ly=10 pg= 0.000 ids=  75 TEE= 0 R2x= 0.000 R2z= 1.000 R2x_loop= 0.000 R2z_loop= 1.000  dep_x=10.000 dep_z= 0.000
rank= 93 Lx=Ly=10 pg= 0.000 ids=  93 TEE= 0 R2x= 0.000 R2z= 1.000 R2x_loop= 0.000 R2z_loop= 1.000  dep_x=10.000 dep_z= 0.000
rank=119 Lx=Ly=10 pg= 0.000 ids= 119 TEE= 0 R2x= 0.000 R2z= 1.000 R2x_loop= 0.000 R2z_loop= 1.000  dep_x=10.000 dep_z= 0.000
rank=113 Lx=Ly=10 pg= 0.000 ids= 113 TEE= 0 R2x= 0.000 R2z= 1.000 R2x_loop= 0.000 R2z_loop= 1.000  dep_x=10.000 dep_z= 0.000
rank=117 Lx=Ly=10 pg= 0.000 ids= 117 TEE= 0 R2x= 0.000 R2z= 1.000 R2x_loop= 0.000 R2z_loop= 1.000  dep_x=10.000 dep_z= 0.000
rank= 89 Lx=Ly=10 pg= 0.000 ids=  89 TEE= 0 R2x= 0.000 R2z= 1.000 R2x_loop= 0.000 R2z_loop= 1.000  dep_x=10.000 dep_z= 0.000
rank= 91 Lx=Ly=10 pg= 0.000 ids=  91 TEE= 0 R2x= 0.000 R2z= 1.000 R2x_loop= 0.000 R2z_loop= 1.000  dep_x=10.000 dep_z= 0.000
rank= 95 Lx=Ly=10 pg= 0.000 ids=  95 TEE= 0 R2x= 0.000 R2z= 1.000 R2x_loop= 0.000 R2z_loop= 1.000  dep_x=10.000 dep_z= 0.000
rank=109 Lx=Ly=10 pg= 0.000 ids= 109 TEE= 0 R2x= 0.000 R2z= 1.000 R2x_loop= 0.000 R2z_loop= 1.000  dep_x=10.000 dep_z= 0.000
rank=105 Lx=Ly=10 pg= 0.000 ids= 105 TEE= 0 R2x= 0.000 R2z= 1.000 R2x_loop= 0.000 R2z_loop= 1.000  dep_x=10.000 dep_z= 0.000
rank= 51 Lx=Ly=10 pg= 0.000 ids=  51 TEE= 0 R2x= 0.000 R2z= 1.000 R2x_loop= 0.000 R2z_loop= 1.000  dep_x=10.000 dep_z= 0.000
rank= 49 Lx=Ly=10 pg= 0.000 ids=  49 TEE= 0 R2x= 0.000 R2z= 1.000 R2x_loop= 0.000 R2z_loop= 1.000  dep_x=10.000 dep_z= 0.000
rank= 55 Lx=Ly=10 pg= 0.000 ids=  55 TEE= 0 R2x= 0.000 R2z= 1.000 R2x_loop= 0.000 R2z_loop= 1.000  dep_x=10.000 dep_z= 0.000
rank= 87 Lx=Ly=10 pg= 0.000 ids=  87 TEE= 0 R2x= 0.000 R2z= 1.000 R2x_loop= 0.000 R2z_loop= 1.000  dep_x=10.000 dep_z= 0.000
rank= 61 Lx=Ly=10 pg= 0.000 ids=  61 TEE= 0 R2x= 0.000 R2z= 1.000 R2x_loop= 0.000 R2z_loop= 1.000  dep_x=10.000 dep_z= 0.000
rank=  9 Lx=Ly=10 pg= 0.000 ids=   9 TEE= 0 R2x= 0.000 R2z= 1.000 R2x_loop= 0.000 R2z_loop= 1.000  dep_x=10.000 dep_z= 0.000
rank= 15 Lx=Ly=10 pg= 0.000 ids=  15 TEE= 0 R2x= 0.000 R2z= 1.000 R2x_loop= 0.000 R2z_loop= 1.000  dep_x=10.000 dep_z= 0.000
rank= 57 Lx=Ly=10 pg= 0.000 ids=  57 TEE= 0 R2x= 0.000 R2z= 1.000 R2x_loop= 0.000 R2z_loop= 1.000  dep_x=10.000 dep_z= 0.000
rank= 43 Lx=Ly=10 pg= 0.000 ids=  43 TEE= 0 R2x= 0.000 R2z= 1.000 R2x_loop= 0.000 R2z_loop= 1.000  dep_x=10.000 dep_z= 0.000
rank=  1 Lx=Ly=10 pg= 0.000 ids=   1 TEE= 0 R2x= 0.000 R2z= 1.000 R2x_loop= 0.000 R2z_loop= 1.000  dep_x=10.000 dep_z= 0.000
rank= 59 Lx=Ly=10 pg= 0.000 ids=  59 TEE= 0 R2x= 0.000 R2z= 1.000 R2x_loop= 0.000 R2z_loop= 1.000  dep_x=10.000 dep_z= 0.000
rank= 13 Lx=Ly=10 pg= 0.000 ids=  13 TEE= 0 R2x= 0.000 R2z= 1.000 R2x_loop= 0.000 R2z_loop= 1.000  dep_x=10.000 dep_z= 0.000
rank= 85 Lx=Ly=10 pg= 0.000 ids=  85 TEE= 0 R2x= 0.000 R2z= 1.000 R2x_loop= 0.000 R2z_loop= 1.000  dep_x=10.000 dep_z= 0.000
rank= 83 Lx=Ly=10 pg= 0.000 ids=  83 TEE= 0 R2x= 0.000 R2z= 1.000 R2x_loop= 0.000 R2z_loop= 1.000  dep_x=10.000 dep_z= 0.000
rank=  3 Lx=Ly=10 pg= 0.000 ids=   3 TEE= 0 R2x= 0.000 R2z= 1.000 R2x_loop= 0.000 R2z_loop= 1.000  dep_x=10.000 dep_z= 0.000
rank= 99 Lx=Ly=10 pg= 0.000 ids=  99 TEE= 0 R2x= 0.000 R2z= 1.000 R2x_loop= 0.000 R2z_loop= 1.000  dep_x=10.000 dep_z= 0.000
rank=  5 Lx=Ly=10 pg= 0.000 ids=   5 TEE= 0 R2x= 0.000 R2z= 1.000 R2x_loop= 0.000 R2z_loop= 1.000  dep_x=10.000 dep_z= 0.000
rank= 47 Lx=Ly=10 pg= 0.000 ids=  47 TEE= 0 R2x= 0.000 R2z= 1.000 R2x_loop= 0.000 R2z_loop= 1.000  dep_x=10.000 dep_z= 0.000
rank=103 Lx=Ly=10 pg= 0.000 ids= 103 TEE= 0 R2x= 0.000 R2z= 1.000 R2x_loop= 0.000 R2z_loop= 1.000  dep_x=10.000 dep_z= 0.000
rank= 73 Lx=Ly=10 pg= 0.000 ids=  73 TEE= 0 R2x= 0.000 R2z= 1.000 R2x_loop= 0.000 R2z_loop= 1.000  dep_x=10.000 dep_z= 0.000
rank= 45 Lx=Ly=10 pg= 0.000 ids=  45 TEE= 0 R2x= 0.000 R2z= 1.000 R2x_loop= 0.000 R2z_loop= 1.000  dep_x=10.000 dep_z= 0.000
rank= 41 Lx=Ly=10 pg= 0.000 ids=  41 TEE= 0 R2x= 0.000 R2z= 1.000 R2x_loop= 0.000 R2z_loop= 1.000  dep_x=10.000 dep_z= 0.000
rank= 23 Lx=Ly=10 pg= 0.000 ids=  23 TEE= 0 R2x= 0.000 R2z= 1.000 R2x_loop= 0.000 R2z_loop= 1.000  dep_x=10.000 dep_z= 0.000
rank= 17 Lx=Ly=10 pg= 0.000 ids=  17 TEE= 0 R2x= 0.000 R2z= 1.000 R2x_loop= 0.000 R2z_loop= 1.000  dep_x=10.000 dep_z= 0.000
rank= 21 Lx=Ly=10 pg= 0.000 ids=  21 TEE= 0 R2x= 0.000 R2z= 1.000 R2x_loop= 0.000 R2z_loop= 1.000  dep_x=10.000 dep_z= 0.000
rank= 35 Lx=Ly=10 pg= 0.000 ids=  35 TEE= 0 R2x= 0.000 R2z= 1.000 R2x_loop= 0.000 R2z_loop= 1.000  dep_x=10.000 dep_z= 0.000
rank= 65 Lx=Ly=10 pg= 0.000 ids=  65 TEE= 0 R2x= 0.000 R2z= 1.000 R2x_loop= 0.000 R2z_loop= 1.000  dep_x=10.000 dep_z= 0.000
rank= 97 Lx=Ly=10 pg= 0.000 ids=  97 TEE= 0 R2x= 0.000 R2z= 1.000 R2x_loop= 0.000 R2z_loop= 1.000  dep_x=10.000 dep_z= 0.000
rank= 37 Lx=Ly=10 pg= 0.000 ids=  37 TEE= 0 R2x= 0.000 R2z= 1.000 R2x_loop= 0.000 R2z_loop= 1.000  dep_x=10.000 dep_z= 0.000
rank= 11 Lx=Ly=10 pg= 0.000 ids=  11 TEE= 0 R2x= 0.000 R2z= 1.000 R2x_loop= 0.000 R2z_loop= 1.000  dep_x=10.000 dep_z= 0.000
rank= 53 Lx=Ly=10 pg= 0.000 ids=  53 TEE= 0 R2x= 0.000 R2z= 1.000 R2x_loop= 0.000 R2z_loop= 1.000  dep_x=10.000 dep_z= 0.000
rank= 77 Lx=Ly=10 pg= 0.000 ids=  77 TEE= 0 R2x= 0.000 R2z= 1.000 R2x_loop= 0.000 R2z_loop= 1.000  dep_x=10.000 dep_z= 0.000
rank= 39 Lx=Ly=10 pg= 0.000 ids=  39 TEE= 0 R2x= 0.000 R2z= 1.000 R2x_loop= 0.000 R2z_loop= 1.000  dep_x=10.000 dep_z= 0.000
rank= 63 Lx=Ly=10 pg= 0.000 ids=  63 TEE= 0 R2x= 0.000 R2z= 1.000 R2x_loop= 0.000 R2z_loop= 1.000  dep_x=10.000 dep_z= 0.000
rank= 33 Lx=Ly=10 pg= 0.000 ids=  33 TEE= 0 R2x= 0.000 R2z= 1.000 R2x_loop= 0.000 R2z_loop= 1.000  dep_x=10.000 dep_z= 0.000
rank= 19 Lx=Ly=10 pg= 0.000 ids=  19 TEE= 0 R2x= 0.000 R2z= 1.000 R2x_loop= 0.000 R2z_loop= 1.000  dep_x=10.000 dep_z= 0.000
rank= 80 Lx=Ly=10 pg= 0.000 ids=  80 TEE= 0 R2x= 0.000 R2z= 1.000 R2x_loop= 0.000 R2z_loop= 1.000  dep_x=10.000 dep_z= 0.000
rank= 84 Lx=Ly=10 pg= 0.000 ids=  84 TEE= 0 R2x= 0.000 R2z= 1.000 R2x_loop= 0.000 R2z_loop= 1.000  dep_x=10.000 dep_z= 0.000
rank=  4 Lx=Ly=10 pg= 0.000 ids=   4 TEE= 0 R2x= 0.000 R2z= 1.000 R2x_loop= 0.000 R2z_loop= 1.000  dep_x=10.000 dep_z= 0.000
rank=  0 Lx=Ly=10 pg= 0.000 ids=   0 TEE= 0 R2x= 0.000 R2z= 1.000 R2x_loop= 0.000 R2z_loop= 1.000  dep_x=10.000 dep_z= 0.000
rank= 48 Lx=Ly=10 pg= 0.000 ids=  48 TEE= 0 R2x= 0.000 R2z= 1.000 R2x_loop= 0.000 R2z_loop= 1.000  dep_x=10.000 dep_z= 0.000
rank= 70 Lx=Ly=10 pg= 0.000 ids=  70 TEE= 0 R2x= 0.000 R2z= 1.000 R2x_loop= 0.000 R2z_loop= 1.000  dep_x=10.000 dep_z= 0.000
rank=126 Lx=Ly=10 pg= 0.000 ids= 126 TEE= 0 R2x= 0.000 R2z= 1.000 R2x_loop= 0.000 R2z_loop= 1.000  dep_x=10.000 dep_z= 0.000
rank= 92 Lx=Ly=10 pg= 0.000 ids=  92 TEE= 0 R2x= 0.000 R2z= 1.000 R2x_loop= 0.000 R2z_loop= 1.000  dep_x=10.000 dep_z= 0.000
rank=  2 Lx=Ly=10 pg= 0.000 ids=   2 TEE= 0 R2x= 0.000 R2z= 1.000 R2x_loop= 0.000 R2z_loop= 1.000  dep_x=10.000 dep_z= 0.000
rank= 16 Lx=Ly=10 pg= 0.000 ids=  16 TEE= 0 R2x= 0.000 R2z= 1.000 R2x_loop= 0.000 R2z_loop= 1.000  dep_x=10.000 dep_z= 0.000
rank= 18 Lx=Ly=10 pg= 0.000 ids=  18 TEE= 0 R2x= 0.000 R2z= 1.000 R2x_loop= 0.000 R2z_loop= 1.000  dep_x=10.000 dep_z= 0.000
rank= 76 Lx=Ly=10 pg= 0.000 ids=  76 TEE= 0 R2x= 0.000 R2z= 1.000 R2x_loop= 0.000 R2z_loop= 1.000  dep_x=10.000 dep_z= 0.000
rank= 20 Lx=Ly=10 pg= 0.000 ids=  20 TEE= 0 R2x= 0.000 R2z= 1.000 R2x_loop= 0.000 R2z_loop= 1.000  dep_x=10.000 dep_z= 0.000
rank= 94 Lx=Ly=10 pg= 0.000 ids=  94 TEE= 0 R2x= 0.000 R2z= 1.000 R2x_loop= 0.000 R2z_loop= 1.000  dep_x=10.000 dep_z= 0.000
rank= 72 Lx=Ly=10 pg= 0.000 ids=  72 TEE= 0 R2x= 0.000 R2z= 1.000 R2x_loop= 0.000 R2z_loop= 1.000  dep_x=10.000 dep_z= 0.000
rank=  8 Lx=Ly=10 pg= 0.000 ids=   8 TEE= 0 R2x= 0.000 R2z= 1.000 R2x_loop= 0.000 R2z_loop= 1.000  dep_x=10.000 dep_z= 0.000
rank= 86 Lx=Ly=10 pg= 0.000 ids=  86 TEE= 0 R2x= 0.000 R2z= 1.000 R2x_loop= 0.000 R2z_loop= 1.000  dep_x=10.000 dep_z= 0.000
rank= 74 Lx=Ly=10 pg= 0.000 ids=  74 TEE= 0 R2x= 0.000 R2z= 1.000 R2x_loop= 0.000 R2z_loop= 1.000  dep_x=10.000 dep_z= 0.000
rank=100 Lx=Ly=10 pg= 0.000 ids= 100 TEE= 0 R2x= 0.000 R2z= 1.000 R2x_loop= 0.000 R2z_loop= 1.000  dep_x=10.000 dep_z= 0.000
rank=102 Lx=Ly=10 pg= 0.000 ids= 102 TEE= 0 R2x= 0.000 R2z= 1.000 R2x_loop= 0.000 R2z_loop= 1.000  dep_x=10.000 dep_z= 0.000
rank= 78 Lx=Ly=10 pg= 0.000 ids=  78 TEE= 0 R2x= 0.000 R2z= 1.000 R2x_loop= 0.000 R2z_loop= 1.000  dep_x=10.000 dep_z= 0.000
rank= 50 Lx=Ly=10 pg= 0.000 ids=  50 TEE= 0 R2x= 0.000 R2z= 1.000 R2x_loop= 0.000 R2z_loop= 1.000  dep_x=10.000 dep_z= 0.000
rank= 14 Lx=Ly=10 pg= 0.000 ids=  14 TEE= 0 R2x= 0.000 R2z= 1.000 R2x_loop= 0.000 R2z_loop= 1.000  dep_x=10.000 dep_z= 0.000
rank=106 Lx=Ly=10 pg= 0.000 ids= 106 TEE= 0 R2x= 0.000 R2z= 1.000 R2x_loop= 0.000 R2z_loop= 1.000  dep_x=10.000 dep_z= 0.000
rank=108 Lx=Ly=10 pg= 0.000 ids= 108 TEE= 0 R2x= 0.000 R2z= 1.000 R2x_loop= 0.000 R2z_loop= 1.000  dep_x=10.000 dep_z= 0.000
rank=104 Lx=Ly=10 pg= 0.000 ids= 104 TEE= 0 R2x= 0.000 R2z= 1.000 R2x_loop= 0.000 R2z_loop= 1.000  dep_x=10.000 dep_z= 0.000
rank= 12 Lx=Ly=10 pg= 0.000 ids=  12 TEE= 0 R2x= 0.000 R2z= 1.000 R2x_loop= 0.000 R2z_loop= 1.000  dep_x=10.000 dep_z= 0.000
rank= 90 Lx=Ly=10 pg= 0.000 ids=  90 TEE= 0 R2x= 0.000 R2z= 1.000 R2x_loop= 0.000 R2z_loop= 1.000  dep_x=10.000 dep_z= 0.000
rank=112 Lx=Ly=10 pg= 0.000 ids= 112 TEE= 0 R2x= 0.000 R2z= 1.000 R2x_loop= 0.000 R2z_loop= 1.000  dep_x=10.000 dep_z= 0.000
rank=107 Lx=Ly=10 pg= 0.000 ids= 107 TEE= 0 R2x= 0.000 R2z= 1.000 R2x_loop= 0.000 R2z_loop= 1.000  dep_x=10.000 dep_z= 0.000
rank= 26 Lx=Ly=10 pg= 0.000 ids=  26 TEE= 0 R2x= 0.000 R2z= 1.000 R2x_loop= 0.000 R2z_loop= 1.000  dep_x=10.000 dep_z= 0.000
rank=118 Lx=Ly=10 pg= 0.000 ids= 118 TEE= 0 R2x= 0.000 R2z= 1.000 R2x_loop= 0.000 R2z_loop= 1.000  dep_x=10.000 dep_z= 0.000
rank=120 Lx=Ly=10 pg= 0.000 ids= 120 TEE= 0 R2x= 0.000 R2z= 1.000 R2x_loop= 0.000 R2z_loop= 1.000  dep_x=10.000 dep_z= 0.000
rank= 68 Lx=Ly=10 pg= 0.000 ids=  68 TEE= 0 R2x= 0.000 R2z= 1.000 R2x_loop= 0.000 R2z_loop= 1.000  dep_x=10.000 dep_z= 0.000
rank= 42 Lx=Ly=10 pg= 0.000 ids=  42 TEE= 0 R2x= 0.000 R2z= 1.000 R2x_loop= 0.000 R2z_loop= 1.000  dep_x=10.000 dep_z= 0.000
rank=116 Lx=Ly=10 pg= 0.000 ids= 116 TEE= 0 R2x= 0.000 R2z= 1.000 R2x_loop= 0.000 R2z_loop= 1.000  dep_x=10.000 dep_z= 0.000
rank= 44 Lx=Ly=10 pg= 0.000 ids=  44 TEE= 0 R2x= 0.000 R2z= 1.000 R2x_loop= 0.000 R2z_loop= 1.000  dep_x=10.000 dep_z= 0.000
rank=124 Lx=Ly=10 pg= 0.000 ids= 124 TEE= 0 R2x= 0.000 R2z= 1.000 R2x_loop= 0.000 R2z_loop= 1.000  dep_x=10.000 dep_z= 0.000
rank= 98 Lx=Ly=10 pg= 0.000 ids=  98 TEE= 0 R2x= 0.000 R2z= 1.000 R2x_loop= 0.000 R2z_loop= 1.000  dep_x=10.000 dep_z= 0.000
rank= 96 Lx=Ly=10 pg= 0.000 ids=  96 TEE= 0 R2x= 0.000 R2z= 1.000 R2x_loop= 0.000 R2z_loop= 1.000  dep_x=10.000 dep_z= 0.000
rank=  6 Lx=Ly=10 pg= 0.000 ids=   6 TEE= 0 R2x= 0.000 R2z= 1.000 R2x_loop= 0.000 R2z_loop= 1.000  dep_x=10.000 dep_z= 0.000
rank= 62 Lx=Ly=10 pg= 0.000 ids=  62 TEE= 0 R2x= 0.000 R2z= 1.000 R2x_loop= 0.000 R2z_loop= 1.000  dep_x=10.000 dep_z= 0.000
rank= 40 Lx=Ly=10 pg= 0.000 ids=  40 TEE= 0 R2x= 0.000 R2z= 1.000 R2x_loop= 0.000 R2z_loop= 1.000  dep_x=10.000 dep_z= 0.000
rank= 28 Lx=Ly=10 pg= 0.000 ids=  28 TEE= 0 R2x= 0.000 R2z= 1.000 R2x_loop= 0.000 R2z_loop= 1.000  dep_x=10.000 dep_z= 0.000
rank= 64 Lx=Ly=10 pg= 0.000 ids=  64 TEE= 0 R2x= 0.000 R2z= 1.000 R2x_loop= 0.000 R2z_loop= 1.000  dep_x=10.000 dep_z= 0.000
rank=122 Lx=Ly=10 pg= 0.000 ids= 122 TEE= 0 R2x= 0.000 R2z= 1.000 R2x_loop= 0.000 R2z_loop= 1.000  dep_x=10.000 dep_z= 0.000
rank= 10 Lx=Ly=10 pg= 0.000 ids=  10 TEE= 0 R2x= 0.000 R2z= 1.000 R2x_loop= 0.000 R2z_loop= 1.000  dep_x=10.000 dep_z= 0.000
rank= 46 Lx=Ly=10 pg= 0.000 ids=  46 TEE= 0 R2x= 0.000 R2z= 1.000 R2x_loop= 0.000 R2z_loop= 1.000  dep_x=10.000 dep_z= 0.000
rank= 60 Lx=Ly=10 pg= 0.000 ids=  60 TEE= 0 R2x= 0.000 R2z= 1.000 R2x_loop= 0.000 R2z_loop= 1.000  dep_x=10.000 dep_z= 0.000
rank= 56 Lx=Ly=10 pg= 0.000 ids=  56 TEE= 0 R2x= 0.000 R2z= 1.000 R2x_loop= 0.000 R2z_loop= 1.000  dep_x=10.000 dep_z= 0.000
rank= 58 Lx=Ly=10 pg= 0.000 ids=  58 TEE= 0 R2x= 0.000 R2z= 1.000 R2x_loop= 0.000 R2z_loop= 1.000  dep_x=10.000 dep_z= 0.000
rank=101 Lx=Ly=10 pg= 0.000 ids= 101 TEE= 0 R2x= 0.000 R2z= 1.000 R2x_loop= 0.000 R2z_loop= 1.000  dep_x=10.000 dep_z= 0.000
rank= 30 Lx=Ly=10 pg= 0.000 ids=  30 TEE= 0 R2x= 0.000 R2z= 1.000 R2x_loop= 0.000 R2z_loop= 1.000  dep_x=10.000 dep_z= 0.000
rank= 32 Lx=Ly=10 pg= 0.000 ids=  32 TEE= 0 R2x= 0.000 R2z= 1.000 R2x_loop= 0.000 R2z_loop= 1.000  dep_x=10.000 dep_z= 0.000
rank= 34 Lx=Ly=10 pg= 0.000 ids=  34 TEE= 0 R2x= 0.000 R2z= 1.000 R2x_loop= 0.000 R2z_loop= 1.000  dep_x=10.000 dep_z= 0.000
rank=114 Lx=Ly=10 pg= 0.000 ids= 114 TEE= 0 R2x= 0.000 R2z= 1.000 R2x_loop= 0.000 R2z_loop= 1.000  dep_x=10.000 dep_z= 0.000
rank= 38 Lx=Ly=10 pg= 0.000 ids=  38 TEE= 0 R2x= 0.000 R2z= 1.000 R2x_loop= 0.000 R2z_loop= 1.000  dep_x=10.000 dep_z= 0.000
rank= 82 Lx=Ly=10 pg= 0.000 ids=  82 TEE= 0 R2x= 0.000 R2z= 1.000 R2x_loop= 0.000 R2z_loop= 1.000  dep_x=10.000 dep_z= 0.000
rank= 24 Lx=Ly=10 pg= 0.000 ids=  24 TEE= 0 R2x= 0.000 R2z= 1.000 R2x_loop= 0.000 R2z_loop= 1.000  dep_x=10.000 dep_z= 0.000
rank= 22 Lx=Ly=10 pg= 0.000 ids=  22 TEE= 0 R2x= 0.000 R2z= 1.000 R2x_loop= 0.000 R2z_loop= 1.000  dep_x=10.000 dep_z= 0.000
rank= 54 Lx=Ly=10 pg= 0.000 ids=  54 TEE= 0 R2x= 0.000 R2z= 1.000 R2x_loop= 0.000 R2z_loop= 1.000  dep_x=10.000 dep_z= 0.000
rank=121 Lx=Ly=10 pg= 0.000 ids= 121 TEE= 0 R2x= 0.000 R2z= 1.000 R2x_loop= 0.000 R2z_loop= 1.000  dep_x=10.000 dep_z= 0.000
rank=110 Lx=Ly=10 pg= 0.000 ids= 110 TEE= 0 R2x= 0.000 R2z= 1.000 R2x_loop= 0.000 R2z_loop= 1.000  dep_x=10.000 dep_z= 0.000
rank= 66 Lx=Ly=10 pg= 0.000 ids=  66 TEE= 0 R2x= 0.000 R2z= 1.000 R2x_loop= 0.000 R2z_loop= 1.000  dep_x=10.000 dep_z= 0.000
rank= 36 Lx=Ly=10 pg= 0.000 ids=  36 TEE= 0 R2x= 0.000 R2z= 1.000 R2x_loop= 0.000 R2z_loop= 1.000  dep_x=10.000 dep_z= 0.000
rank= 88 Lx=Ly=10 pg= 0.000 ids=  88 TEE= 0 R2x= 0.000 R2z= 1.000 R2x_loop= 0.000 R2z_loop= 1.000  dep_x=10.000 dep_z= 0.000
rank=  7 Lx=Ly=10 pg= 0.000 ids=   7 TEE= 0 R2x= 0.000 R2z= 1.000 R2x_loop= 0.000 R2z_loop= 1.000  dep_x=10.000 dep_z= 0.000
rank= 52 Lx=Ly=10 pg= 0.000 ids=  52 TEE= 0 R2x= 0.000 R2z= 1.000 R2x_loop= 0.000 R2z_loop= 1.000  dep_x=10.000 dep_z= 0.000
rank=123 Lx=Ly=10 pg= 0.000 ids= 123 TEE= 0 R2x= 0.000 R2z= 1.000 R2x_loop= 0.000 R2z_loop= 1.000  dep_x=10.000 dep_z= 0.000
rank= 81 Lx=Ly=10 pg= 0.000 ids=  81 TEE= 0 R2x= 0.000 R2z= 1.000 R2x_loop= 0.000 R2z_loop= 1.000  dep_x=10.000 dep_z= 0.000
rank= 29 Lx=Ly=10 pg= 0.000 ids=  29 TEE= 0 R2x= 0.000 R2z= 1.000 R2x_loop= 0.000 R2z_loop= 1.000  dep_x=10.000 dep_z= 0.000
rank=111 Lx=Ly=10 pg= 0.000 ids= 111 TEE= 0 R2x= 0.000 R2z= 1.000 R2x_loop= 0.000 R2z_loop= 1.000  dep_x=10.000 dep_z= 0.000
rank= 31 Lx=Ly=10 pg= 0.000 ids=  31 TEE= 0 R2x= 0.000 R2z= 1.000 R2x_loop= 0.000 R2z_loop= 1.000  dep_x=10.000 dep_z= 0.000
rank= 69 Lx=Ly=10 pg= 0.000 ids= 197 TEE= 0 R2x= 0.000 R2z= 1.000 R2x_loop= 0.000 R2z_loop= 1.000  dep_x=10.000 dep_z= 0.000
rank= 71 Lx=Ly=10 pg= 0.000 ids= 199 TEE= 0 R2x= 0.000 R2z= 1.000 R2x_loop= 0.000 R2z_loop= 1.000  dep_x=10.000 dep_z= 0.000
rank= 67 Lx=Ly=10 pg= 0.000 ids= 195 TEE= 0 R2x= 0.000 R2z= 1.000 R2x_loop= 0.000 R2z_loop= 1.000  dep_x=10.000 dep_z= 0.000
rank= 93 Lx=Ly=10 pg= 0.000 ids= 221 TEE= 0 R2x= 0.000 R2z= 1.000 R2x_loop= 0.000 R2z_loop= 1.000  dep_x=10.000 dep_z= 0.000
rank= 89 Lx=Ly=10 pg= 0.000 ids= 217 TEE= 0 R2x= 0.000 R2z= 1.000 R2x_loop= 0.000 R2z_loop= 1.000  dep_x=10.000 dep_z= 0.000
rank= 91 Lx=Ly=10 pg= 0.000 ids= 219 TEE= 0 R2x= 0.000 R2z= 1.000 R2x_loop= 0.000 R2z_loop= 1.000  dep_x=10.000 dep_z= 0.000
rank= 79 Lx=Ly=10 pg= 0.000 ids= 207 TEE= 0 R2x= 0.000 R2z= 1.000 R2x_loop= 0.000 R2z_loop= 1.000  dep_x=10.000 dep_z= 0.000
rank= 75 Lx=Ly=10 pg= 0.000 ids= 203 TEE= 0 R2x= 0.000 R2z= 1.000 R2x_loop= 0.000 R2z_loop= 1.000  dep_x=10.000 dep_z= 0.000
rank= 25 Lx=Ly=10 pg= 0.000 ids= 153 TEE= 0 R2x= 0.000 R2z= 1.000 R2x_loop= 0.000 R2z_loop= 1.000  dep_x=10.000 dep_z= 0.000
rank= 95 Lx=Ly=10 pg= 0.000 ids= 223 TEE= 0 R2x= 0.000 R2z= 1.000 R2x_loop= 0.000 R2z_loop= 1.000  dep_x=10.000 dep_z= 0.000
rank=119 Lx=Ly=10 pg= 0.000 ids= 247 TEE= 0 R2x= 0.000 R2z= 1.000 R2x_loop= 0.000 R2z_loop= 1.000  dep_x=10.000 dep_z= 0.000
rank=125 Lx=Ly=10 pg= 0.000 ids= 253 TEE= 0 R2x= 0.000 R2z= 1.000 R2x_loop= 0.000 R2z_loop= 1.000  dep_x=10.000 dep_z= 0.000
rank=117 Lx=Ly=10 pg= 0.000 ids= 245 TEE= 0 R2x= 0.000 R2z= 1.000 R2x_loop= 0.000 R2z_loop= 1.000  dep_x=10.000 dep_z= 0.000
rank=127 Lx=Ly=10 pg= 0.000 ids= 255 TEE= 0 R2x= 0.000 R2z= 1.000 R2x_loop= 0.000 R2z_loop= 1.000  dep_x=10.000 dep_z= 0.000
rank= 87 Lx=Ly=10 pg= 0.000 ids= 215 TEE= 0 R2x= 0.000 R2z= 1.000 R2x_loop= 0.000 R2z_loop= 1.000  dep_x=10.000 dep_z= 0.000
rank=  1 Lx=Ly=10 pg= 0.000 ids= 129 TEE= 0 R2x= 0.000 R2z= 1.000 R2x_loop= 0.000 R2z_loop= 1.000  dep_x=10.000 dep_z= 0.000
rank=  3 Lx=Ly=10 pg= 0.000 ids= 131 TEE= 0 R2x= 0.000 R2z= 1.000 R2x_loop= 0.000 R2z_loop= 1.000  dep_x=10.000 dep_z= 0.000
rank=  5 Lx=Ly=10 pg= 0.000 ids= 133 TEE= 0 R2x= 0.000 R2z= 1.000 R2x_loop= 0.000 R2z_loop= 1.000  dep_x=10.000 dep_z= 0.000
rank=115 Lx=Ly=10 pg= 0.000 ids= 243 TEE= 0 R2x= 0.000 R2z= 1.000 R2x_loop= 0.000 R2z_loop= 1.000  dep_x=10.000 dep_z= 0.000
rank=  9 Lx=Ly=10 pg= 0.000 ids= 137 TEE= 0 R2x= 0.000 R2z= 1.000 R2x_loop= 0.000 R2z_loop= 1.000  dep_x=10.000 dep_z= 0.000
rank= 85 Lx=Ly=10 pg= 0.000 ids= 213 TEE= 0 R2x= 0.000 R2z= 1.000 R2x_loop= 0.000 R2z_loop= 1.000  dep_x=10.000 dep_z= 0.000
rank= 15 Lx=Ly=10 pg= 0.000 ids= 143 TEE= 0 R2x= 0.000 R2z= 1.000 R2x_loop= 0.000 R2z_loop= 1.000  dep_x=10.000 dep_z= 0.000
rank= 13 Lx=Ly=10 pg= 0.000 ids= 141 TEE= 0 R2x= 0.000 R2z= 1.000 R2x_loop= 0.000 R2z_loop= 1.000  dep_x=10.000 dep_z= 0.000
rank= 35 Lx=Ly=10 pg= 0.000 ids= 163 TEE= 0 R2x= 0.000 R2z= 1.000 R2x_loop= 0.000 R2z_loop= 1.000  dep_x=10.000 dep_z= 0.000
rank= 49 Lx=Ly=10 pg= 0.000 ids= 177 TEE= 0 R2x= 0.000 R2z= 1.000 R2x_loop= 0.000 R2z_loop= 1.000  dep_x=10.000 dep_z= 0.000
rank= 51 Lx=Ly=10 pg= 0.000 ids= 179 TEE= 0 R2x= 0.000 R2z= 1.000 R2x_loop= 0.000 R2z_loop= 1.000  dep_x=10.000 dep_z= 0.000
rank= 55 Lx=Ly=10 pg= 0.000 ids= 183 TEE= 0 R2x= 0.000 R2z= 1.000 R2x_loop= 0.000 R2z_loop= 1.000  dep_x=10.000 dep_z= 0.000
rank=103 Lx=Ly=10 pg= 0.000 ids= 231 TEE= 0 R2x= 0.000 R2z= 1.000 R2x_loop= 0.000 R2z_loop= 1.000  dep_x=10.000 dep_z= 0.000
rank= 37 Lx=Ly=10 pg= 0.000 ids= 165 TEE= 0 R2x= 0.000 R2z= 1.000 R2x_loop= 0.000 R2z_loop= 1.000  dep_x=10.000 dep_z= 0.000
rank=109 Lx=Ly=10 pg= 0.000 ids= 237 TEE= 0 R2x= 0.000 R2z= 1.000 R2x_loop= 0.000 R2z_loop= 1.000  dep_x=10.000 dep_z= 0.000
rank= 17 Lx=Ly=10 pg= 0.000 ids= 145 TEE= 0 R2x= 0.000 R2z= 1.000 R2x_loop= 0.000 R2z_loop= 1.000  dep_x=10.000 dep_z= 0.000
rank= 23 Lx=Ly=10 pg= 0.000 ids= 151 TEE= 0 R2x= 0.000 R2z= 1.000 R2x_loop= 0.000 R2z_loop= 1.000  dep_x=10.000 dep_z= 0.000
rank= 61 Lx=Ly=10 pg= 0.000 ids= 189 TEE= 0 R2x= 0.000 R2z= 1.000 R2x_loop= 0.000 R2z_loop= 1.000  dep_x=10.000 dep_z= 0.000
rank= 21 Lx=Ly=10 pg= 0.000 ids= 149 TEE= 0 R2x= 0.000 R2z= 1.000 R2x_loop= 0.000 R2z_loop= 1.000  dep_x=10.000 dep_z= 0.000
rank= 59 Lx=Ly=10 pg= 0.000 ids= 187 TEE= 0 R2x= 0.000 R2z= 1.000 R2x_loop= 0.000 R2z_loop= 1.000  dep_x=10.000 dep_z= 0.000
rank=113 Lx=Ly=10 pg= 0.000 ids= 241 TEE= 0 R2x= 0.000 R2z= 1.000 R2x_loop= 0.000 R2z_loop= 1.000  dep_x=10.000 dep_z= 0.000
rank= 73 Lx=Ly=10 pg= 0.000 ids= 201 TEE= 0 R2x= 0.000 R2z= 1.000 R2x_loop= 0.000 R2z_loop= 1.000  dep_x=10.000 dep_z= 0.000
rank= 99 Lx=Ly=10 pg= 0.000 ids= 227 TEE= 0 R2x= 0.000 R2z= 1.000 R2x_loop= 0.000 R2z_loop= 1.000  dep_x=10.000 dep_z= 0.000
rank= 39 Lx=Ly=10 pg= 0.000 ids= 167 TEE= 0 R2x= 0.000 R2z= 1.000 R2x_loop= 0.000 R2z_loop= 1.000  dep_x=10.000 dep_z= 0.000
rank= 57 Lx=Ly=10 pg= 0.000 ids= 185 TEE= 0 R2x= 0.000 R2z= 1.000 R2x_loop= 0.000 R2z_loop= 1.000  dep_x=10.000 dep_z= 0.000
rank= 47 Lx=Ly=10 pg= 0.000 ids= 175 TEE= 0 R2x= 0.000 R2z= 1.000 R2x_loop= 0.000 R2z_loop= 1.000  dep_x=10.000 dep_z= 0.000
rank= 43 Lx=Ly=10 pg= 0.000 ids= 171 TEE= 0 R2x= 0.000 R2z= 1.000 R2x_loop= 0.000 R2z_loop= 1.000  dep_x=10.000 dep_z= 0.000
rank= 41 Lx=Ly=10 pg= 0.000 ids= 169 TEE= 0 R2x= 0.000 R2z= 1.000 R2x_loop= 0.000 R2z_loop= 1.000  dep_x=10.000 dep_z= 0.000
rank= 45 Lx=Ly=10 pg= 0.000 ids= 173 TEE= 0 R2x= 0.000 R2z= 1.000 R2x_loop= 0.000 R2z_loop= 1.000  dep_x=10.000 dep_z= 0.000
rank= 97 Lx=Ly=10 pg= 0.000 ids= 225 TEE= 0 R2x= 0.000 R2z= 1.000 R2x_loop= 0.000 R2z_loop= 1.000  dep_x=10.000 dep_z= 0.000
rank= 53 Lx=Ly=10 pg= 0.000 ids= 181 TEE= 0 R2x= 0.000 R2z= 1.000 R2x_loop= 0.000 R2z_loop= 1.000  dep_x=10.000 dep_z= 0.000
rank= 33 Lx=Ly=10 pg= 0.000 ids= 161 TEE= 0 R2x= 0.000 R2z= 1.000 R2x_loop= 0.000 R2z_loop= 1.000  dep_x=10.000 dep_z= 0.000
rank= 27 Lx=Ly=10 pg= 0.000 ids= 155 TEE= 0 R2x= 0.000 R2z= 1.000 R2x_loop= 0.000 R2z_loop= 1.000  dep_x=10.000 dep_z= 0.000
rank= 63 Lx=Ly=10 pg= 0.000 ids= 191 TEE= 0 R2x= 0.000 R2z= 1.000 R2x_loop= 0.000 R2z_loop= 1.000  dep_x=10.000 dep_z= 0.000
rank= 19 Lx=Ly=10 pg= 0.000 ids= 147 TEE= 0 R2x= 0.000 R2z= 1.000 R2x_loop= 0.000 R2z_loop= 1.000  dep_x=10.000 dep_z= 0.000
rank= 83 Lx=Ly=10 pg= 0.000 ids= 211 TEE= 0 R2x= 0.000 R2z= 1.000 R2x_loop= 0.000 R2z_loop= 1.000  dep_x=10.000 dep_z= 0.000
rank= 65 Lx=Ly=10 pg= 0.000 ids= 193 TEE= 0 R2x= 0.000 R2z= 1.000 R2x_loop= 0.000 R2z_loop= 1.000  dep_x=10.000 dep_z= 0.000
rank=105 Lx=Ly=10 pg= 0.000 ids= 233 TEE= 0 R2x= 0.000 R2z= 1.000 R2x_loop= 0.000 R2z_loop= 1.000  dep_x=10.000 dep_z= 0.000
rank=  4 Lx=Ly=10 pg= 0.000 ids= 132 TEE= 0 R2x= 0.000 R2z= 1.000 R2x_loop= 0.000 R2z_loop= 1.000  dep_x=10.000 dep_z= 0.000
rank= 70 Lx=Ly=10 pg= 0.000 ids= 198 TEE= 0 R2x= 0.000 R2z= 1.000 R2x_loop= 0.000 R2z_loop= 1.000  dep_x=10.000 dep_z= 0.000
rank=  2 Lx=Ly=10 pg= 0.000 ids= 130 TEE= 0 R2x= 0.000 R2z= 1.000 R2x_loop= 0.000 R2z_loop= 1.000  dep_x=10.000 dep_z= 0.000
rank= 48 Lx=Ly=10 pg= 0.000 ids= 176 TEE= 0 R2x= 0.000 R2z= 1.000 R2x_loop= 0.000 R2z_loop= 1.000  dep_x=10.000 dep_z= 0.000
rank=  0 Lx=Ly=10 pg= 0.000 ids= 128 TEE= 0 R2x= 0.000 R2z= 1.000 R2x_loop= 0.000 R2z_loop= 1.000  dep_x=10.000 dep_z= 0.000
rank= 80 Lx=Ly=10 pg= 0.000 ids= 208 TEE= 0 R2x= 0.000 R2z= 1.000 R2x_loop= 0.000 R2z_loop= 1.000  dep_x=10.000 dep_z= 0.000
rank= 84 Lx=Ly=10 pg= 0.000 ids= 212 TEE= 0 R2x= 0.000 R2z= 1.000 R2x_loop= 0.000 R2z_loop= 1.000  dep_x=10.000 dep_z= 0.000
rank= 14 Lx=Ly=10 pg= 0.000 ids= 142 TEE= 0 R2x= 0.000 R2z= 1.000 R2x_loop= 0.000 R2z_loop= 1.000  dep_x=10.000 dep_z= 0.000
rank= 92 Lx=Ly=10 pg= 0.000 ids= 220 TEE= 0 R2x= 0.000 R2z= 1.000 R2x_loop= 0.000 R2z_loop= 1.000  dep_x=10.000 dep_z= 0.000
rank= 12 Lx=Ly=10 pg= 0.000 ids= 140 TEE= 0 R2x= 0.000 R2z= 1.000 R2x_loop= 0.000 R2z_loop= 1.000  dep_x=10.000 dep_z= 0.000
rank= 94 Lx=Ly=10 pg= 0.000 ids= 222 TEE= 0 R2x= 0.000 R2z= 1.000 R2x_loop= 0.000 R2z_loop= 1.000  dep_x=10.000 dep_z= 0.000
rank= 76 Lx=Ly=10 pg= 0.000 ids= 204 TEE= 0 R2x= 0.000 R2z= 1.000 R2x_loop= 0.000 R2z_loop= 1.000  dep_x=10.000 dep_z= 0.000
rank= 16 Lx=Ly=10 pg= 0.000 ids= 144 TEE= 0 R2x= 0.000 R2z= 1.000 R2x_loop= 0.000 R2z_loop= 1.000  dep_x=10.000 dep_z= 0.000
rank= 18 Lx=Ly=10 pg= 0.000 ids= 146 TEE= 0 R2x= 0.000 R2z= 1.000 R2x_loop= 0.000 R2z_loop= 1.000  dep_x=10.000 dep_z= 0.000
rank= 72 Lx=Ly=10 pg= 0.000 ids= 200 TEE= 0 R2x= 0.000 R2z= 1.000 R2x_loop= 0.000 R2z_loop= 1.000  dep_x=10.000 dep_z= 0.000
rank= 50 Lx=Ly=10 pg= 0.000 ids= 178 TEE= 0 R2x= 0.000 R2z= 1.000 R2x_loop= 0.000 R2z_loop= 1.000  dep_x=10.000 dep_z= 0.000
rank= 42 Lx=Ly=10 pg= 0.000 ids= 170 TEE= 0 R2x= 0.000 R2z= 1.000 R2x_loop= 0.000 R2z_loop= 1.000  dep_x=10.000 dep_z= 0.000
rank=126 Lx=Ly=10 pg= 0.000 ids= 254 TEE= 0 R2x= 0.000 R2z= 1.000 R2x_loop= 0.000 R2z_loop= 1.000  dep_x=10.000 dep_z= 0.000
rank= 44 Lx=Ly=10 pg= 0.000 ids= 172 TEE= 0 R2x= 0.000 R2z= 1.000 R2x_loop= 0.000 R2z_loop= 1.000  dep_x=10.000 dep_z= 0.000
rank= 20 Lx=Ly=10 pg= 0.000 ids= 148 TEE= 0 R2x= 0.000 R2z= 1.000 R2x_loop= 0.000 R2z_loop= 1.000  dep_x=10.000 dep_z= 0.000
rank=106 Lx=Ly=10 pg= 0.000 ids= 234 TEE= 0 R2x= 0.000 R2z= 1.000 R2x_loop= 0.000 R2z_loop= 1.000  dep_x=10.000 dep_z= 0.000
rank= 90 Lx=Ly=10 pg= 0.000 ids= 218 TEE= 0 R2x= 0.000 R2z= 1.000 R2x_loop= 0.000 R2z_loop= 1.000  dep_x=10.000 dep_z= 0.000
rank=108 Lx=Ly=10 pg= 0.000 ids= 236 TEE= 0 R2x= 0.000 R2z= 1.000 R2x_loop= 0.000 R2z_loop= 1.000  dep_x=10.000 dep_z= 0.000
rank= 86 Lx=Ly=10 pg= 0.000 ids= 214 TEE= 0 R2x= 0.000 R2z= 1.000 R2x_loop= 0.000 R2z_loop= 1.000  dep_x=10.000 dep_z= 0.000
rank= 28 Lx=Ly=10 pg= 0.000 ids= 156 TEE= 0 R2x= 0.000 R2z= 1.000 R2x_loop= 0.000 R2z_loop= 1.000  dep_x=10.000 dep_z= 0.000
rank=  8 Lx=Ly=10 pg= 0.000 ids= 136 TEE= 0 R2x= 0.000 R2z= 1.000 R2x_loop= 0.000 R2z_loop= 1.000  dep_x=10.000 dep_z= 0.000
rank= 62 Lx=Ly=10 pg= 0.000 ids= 190 TEE= 0 R2x= 0.000 R2z= 1.000 R2x_loop= 0.000 R2z_loop= 1.000  dep_x=10.000 dep_z= 0.000
rank= 56 Lx=Ly=10 pg= 0.000 ids= 184 TEE= 0 R2x= 0.000 R2z= 1.000 R2x_loop= 0.000 R2z_loop= 1.000  dep_x=10.000 dep_z= 0.000
rank= 40 Lx=Ly=10 pg= 0.000 ids= 168 TEE= 0 R2x= 0.000 R2z= 1.000 R2x_loop= 0.000 R2z_loop= 1.000  dep_x=10.000 dep_z= 0.000
rank= 78 Lx=Ly=10 pg= 0.000 ids= 206 TEE= 0 R2x= 0.000 R2z= 1.000 R2x_loop= 0.000 R2z_loop= 1.000  dep_x=10.000 dep_z= 0.000
rank=104 Lx=Ly=10 pg= 0.000 ids= 232 TEE= 0 R2x= 0.000 R2z= 1.000 R2x_loop= 0.000 R2z_loop= 1.000  dep_x=10.000 dep_z= 0.000
rank=112 Lx=Ly=10 pg= 0.000 ids= 240 TEE= 0 R2x= 0.000 R2z= 1.000 R2x_loop= 0.000 R2z_loop= 1.000  dep_x=10.000 dep_z= 0.000
rank=120 Lx=Ly=10 pg= 0.000 ids= 248 TEE= 0 R2x= 0.000 R2z= 1.000 R2x_loop= 0.000 R2z_loop= 1.000  dep_x=10.000 dep_z= 0.000
rank=116 Lx=Ly=10 pg= 0.000 ids= 244 TEE= 0 R2x= 0.000 R2z= 1.000 R2x_loop= 0.000 R2z_loop= 1.000  dep_x=10.000 dep_z= 0.000
rank=118 Lx=Ly=10 pg= 0.000 ids= 246 TEE= 0 R2x= 0.000 R2z= 1.000 R2x_loop= 0.000 R2z_loop= 1.000  dep_x=10.000 dep_z= 0.000
rank=102 Lx=Ly=10 pg= 0.000 ids= 230 TEE= 0 R2x= 0.000 R2z= 1.000 R2x_loop= 0.000 R2z_loop= 1.000  dep_x=10.000 dep_z= 0.000
rank=100 Lx=Ly=10 pg= 0.000 ids= 228 TEE= 0 R2x= 0.000 R2z= 1.000 R2x_loop= 0.000 R2z_loop= 1.000  dep_x=10.000 dep_z= 0.000
rank= 46 Lx=Ly=10 pg= 0.000 ids= 174 TEE= 0 R2x= 0.000 R2z= 1.000 R2x_loop= 0.000 R2z_loop= 1.000  dep_x=10.000 dep_z= 0.000
rank=124 Lx=Ly=10 pg= 0.000 ids= 252 TEE= 0 R2x= 0.000 R2z= 1.000 R2x_loop= 0.000 R2z_loop= 1.000  dep_x=10.000 dep_z= 0.000
rank= 58 Lx=Ly=10 pg= 0.000 ids= 186 TEE= 0 R2x= 0.000 R2z= 1.000 R2x_loop= 0.000 R2z_loop= 1.000  dep_x=10.000 dep_z= 0.000
rank=122 Lx=Ly=10 pg= 0.000 ids= 250 TEE= 0 R2x= 0.000 R2z= 1.000 R2x_loop= 0.000 R2z_loop= 1.000  dep_x=10.000 dep_z= 0.000
rank= 74 Lx=Ly=10 pg= 0.000 ids= 202 TEE= 0 R2x= 0.000 R2z= 1.000 R2x_loop= 0.000 R2z_loop= 1.000  dep_x=10.000 dep_z= 0.000
rank= 60 Lx=Ly=10 pg= 0.000 ids= 188 TEE= 0 R2x= 0.000 R2z= 1.000 R2x_loop= 0.000 R2z_loop= 1.000  dep_x=10.000 dep_z= 0.000
rank= 96 Lx=Ly=10 pg= 0.000 ids= 224 TEE= 0 R2x= 0.000 R2z= 1.000 R2x_loop= 0.000 R2z_loop= 1.000  dep_x=10.000 dep_z= 0.000
rank= 98 Lx=Ly=10 pg= 0.000 ids= 226 TEE= 0 R2x= 0.000 R2z= 1.000 R2x_loop= 0.000 R2z_loop= 1.000  dep_x=10.000 dep_z= 0.000
rank= 26 Lx=Ly=10 pg= 0.000 ids= 154 TEE= 0 R2x= 0.000 R2z= 1.000 R2x_loop= 0.000 R2z_loop= 1.000  dep_x=10.000 dep_z= 0.000
rank= 34 Lx=Ly=10 pg= 0.000 ids= 162 TEE= 0 R2x= 0.000 R2z= 1.000 R2x_loop= 0.000 R2z_loop= 1.000  dep_x=10.000 dep_z= 0.000
rank= 82 Lx=Ly=10 pg= 0.000 ids= 210 TEE= 0 R2x= 0.000 R2z= 1.000 R2x_loop= 0.000 R2z_loop= 1.000  dep_x=10.000 dep_z= 0.000
rank=101 Lx=Ly=10 pg= 0.000 ids= 229 TEE= 0 R2x= 0.000 R2z= 1.000 R2x_loop= 0.000 R2z_loop= 1.000  dep_x=10.000 dep_z= 0.000
rank= 24 Lx=Ly=10 pg= 0.000 ids= 152 TEE= 0 R2x= 0.000 R2z= 1.000 R2x_loop= 0.000 R2z_loop= 1.000  dep_x=10.000 dep_z= 0.000
rank= 38 Lx=Ly=10 pg= 0.000 ids= 166 TEE= 0 R2x= 0.000 R2z= 1.000 R2x_loop= 0.000 R2z_loop= 1.000  dep_x=10.000 dep_z= 0.000
rank=114 Lx=Ly=10 pg= 0.000 ids= 242 TEE= 0 R2x= 0.000 R2z= 1.000 R2x_loop= 0.000 R2z_loop= 1.000  dep_x=10.000 dep_z= 0.000
rank= 32 Lx=Ly=10 pg= 0.000 ids= 160 TEE= 0 R2x= 0.000 R2z= 1.000 R2x_loop= 0.000 R2z_loop= 1.000  dep_x=10.000 dep_z= 0.000
rank= 11 Lx=Ly=10 pg= 0.000 ids= 139 TEE= 0 R2x= 0.000 R2z= 1.000 R2x_loop= 0.000 R2z_loop= 1.000  dep_x=10.000 dep_z= 0.000
rank=110 Lx=Ly=10 pg= 0.000 ids= 238 TEE= 0 R2x= 0.000 R2z= 1.000 R2x_loop= 0.000 R2z_loop= 1.000  dep_x=10.000 dep_z= 0.000
rank= 66 Lx=Ly=10 pg= 0.000 ids= 194 TEE= 0 R2x= 0.000 R2z= 1.000 R2x_loop= 0.000 R2z_loop= 1.000  dep_x=10.000 dep_z= 0.000
rank= 54 Lx=Ly=10 pg= 0.000 ids= 182 TEE= 0 R2x= 0.000 R2z= 1.000 R2x_loop= 0.000 R2z_loop= 1.000  dep_x=10.000 dep_z= 0.000
rank= 22 Lx=Ly=10 pg= 0.000 ids= 150 TEE= 0 R2x= 0.000 R2z= 1.000 R2x_loop= 0.000 R2z_loop= 1.000  dep_x=10.000 dep_z= 0.000
rank=  6 Lx=Ly=10 pg= 0.000 ids= 134 TEE= 0 R2x= 0.000 R2z= 1.000 R2x_loop= 0.000 R2z_loop= 1.000  dep_x=10.000 dep_z= 0.000
rank= 88 Lx=Ly=10 pg= 0.000 ids= 216 TEE= 0 R2x= 0.000 R2z= 1.000 R2x_loop= 0.000 R2z_loop= 1.000  dep_x=10.000 dep_z= 0.000
rank=121 Lx=Ly=10 pg= 0.000 ids= 249 TEE= 0 R2x= 0.000 R2z= 1.000 R2x_loop= 0.000 R2z_loop= 1.000  dep_x=10.000 dep_z= 0.000
rank= 77 Lx=Ly=10 pg= 0.000 ids= 205 TEE= 0 R2x= 0.000 R2z= 1.000 R2x_loop= 0.000 R2z_loop= 1.000  dep_x=10.000 dep_z= 0.000
rank=107 Lx=Ly=10 pg= 0.000 ids= 235 TEE= 0 R2x= 0.000 R2z= 1.000 R2x_loop= 0.000 R2z_loop= 1.000  dep_x=10.000 dep_z= 0.000
rank= 68 Lx=Ly=10 pg= 0.000 ids= 196 TEE= 0 R2x= 0.000 R2z= 1.000 R2x_loop= 0.000 R2z_loop= 1.000  dep_x=10.000 dep_z= 0.000
rank=  7 Lx=Ly=10 pg= 0.000 ids= 135 TEE= 0 R2x= 0.000 R2z= 1.000 R2x_loop= 0.000 R2z_loop= 1.000  dep_x=10.000 dep_z= 0.000
rank= 36 Lx=Ly=10 pg= 0.000 ids= 164 TEE= 0 R2x= 0.000 R2z= 1.000 R2x_loop= 0.000 R2z_loop= 1.000  dep_x=10.000 dep_z= 0.000
rank= 52 Lx=Ly=10 pg= 0.000 ids= 180 TEE= 0 R2x= 0.000 R2z= 1.000 R2x_loop= 0.000 R2z_loop= 1.000  dep_x=10.000 dep_z= 0.000
rank= 30 Lx=Ly=10 pg= 0.000 ids= 158 TEE= 0 R2x= 0.000 R2z= 1.000 R2x_loop= 0.000 R2z_loop= 1.000  dep_x=10.000 dep_z= 0.000
rank= 29 Lx=Ly=10 pg= 0.000 ids= 157 TEE= 0 R2x= 0.000 R2z= 1.000 R2x_loop= 0.000 R2z_loop= 1.000  dep_x=10.000 dep_z= 0.000
rank= 81 Lx=Ly=10 pg= 0.000 ids= 209 TEE= 0 R2x= 0.000 R2z= 1.000 R2x_loop= 0.000 R2z_loop= 1.000  dep_x=10.000 dep_z= 0.000
rank= 10 Lx=Ly=10 pg= 0.000 ids= 138 TEE= 0 R2x= 0.000 R2z= 1.000 R2x_loop= 0.000 R2z_loop= 1.000  dep_x=10.000 dep_z= 0.000
rank=123 Lx=Ly=10 pg= 0.000 ids= 251 TEE= 0 R2x= 0.000 R2z= 1.000 R2x_loop= 0.000 R2z_loop= 1.000  dep_x=10.000 dep_z= 0.000
rank= 64 Lx=Ly=10 pg= 0.000 ids= 192 TEE= 0 R2x= 0.000 R2z= 1.000 R2x_loop= 0.000 R2z_loop= 1.000  dep_x=10.000 dep_z= 0.000
rank=111 Lx=Ly=10 pg= 0.000 ids= 239 TEE= 0 R2x= 0.000 R2z= 1.000 R2x_loop= 0.000 R2z_loop= 1.000  dep_x=10.000 dep_z= 0.000
rank= 69 Lx=Ly=10 pg= 0.000 ids= 325 TEE= 0 R2x= 0.000 R2z= 1.000 R2x_loop= 0.000 R2z_loop= 1.000  dep_x=10.000 dep_z= 0.000
rank= 67 Lx=Ly=10 pg= 0.000 ids= 323 TEE= 0 R2x= 0.000 R2z= 1.000 R2x_loop= 0.000 R2z_loop= 1.000  dep_x=10.000 dep_z= 0.000
rank= 71 Lx=Ly=10 pg= 0.000 ids= 327 TEE= 0 R2x= 0.000 R2z= 1.000 R2x_loop= 0.000 R2z_loop= 1.000  dep_x=10.000 dep_z= 0.000
rank= 93 Lx=Ly=10 pg= 0.000 ids= 349 TEE= 0 R2x= 0.000 R2z= 1.000 R2x_loop= 0.000 R2z_loop= 1.000  dep_x=10.000 dep_z= 0.000
rank= 79 Lx=Ly=10 pg= 0.000 ids= 335 TEE= 0 R2x= 0.000 R2z= 1.000 R2x_loop= 0.000 R2z_loop= 1.000  dep_x=10.000 dep_z= 0.000
rank= 91 Lx=Ly=10 pg= 0.000 ids= 347 TEE= 0 R2x= 0.000 R2z= 1.000 R2x_loop= 0.000 R2z_loop= 1.000  dep_x=10.000 dep_z= 0.000
rank= 75 Lx=Ly=10 pg= 0.000 ids= 331 TEE= 0 R2x= 0.000 R2z= 1.000 R2x_loop= 0.000 R2z_loop= 1.000  dep_x=10.000 dep_z= 0.000
rank= 89 Lx=Ly=10 pg= 0.000 ids= 345 TEE= 0 R2x= 0.000 R2z= 1.000 R2x_loop= 0.000 R2z_loop= 1.000  dep_x=10.000 dep_z= 0.000
rank=109 Lx=Ly=10 pg= 0.000 ids= 365 TEE= 0 R2x= 0.000 R2z= 1.000 R2x_loop= 0.000 R2z_loop= 1.000  dep_x=10.000 dep_z= 0.000
rank= 25 Lx=Ly=10 pg= 0.000 ids= 281 TEE= 0 R2x= 0.000 R2z= 1.000 R2x_loop= 0.000 R2z_loop= 1.000  dep_x=10.000 dep_z= 0.000
rank= 17 Lx=Ly=10 pg= 0.000 ids= 273 TEE= 0 R2x= 0.000 R2z= 1.000 R2x_loop= 0.000 R2z_loop= 1.000  dep_x=10.000 dep_z= 0.000
rank= 23 Lx=Ly=10 pg= 0.000 ids= 279 TEE= 0 R2x= 0.000 R2z= 1.000 R2x_loop= 0.000 R2z_loop= 1.000  dep_x=10.000 dep_z= 0.000
rank= 87 Lx=Ly=10 pg= 0.000 ids= 343 TEE= 0 R2x= 0.000 R2z= 1.000 R2x_loop= 0.000 R2z_loop= 1.000  dep_x=10.000 dep_z= 0.000
rank=  1 Lx=Ly=10 pg= 0.000 ids= 257 TEE= 0 R2x= 0.000 R2z= 1.000 R2x_loop= 0.000 R2z_loop= 1.000  dep_x=10.000 dep_z= 0.000
rank=  5 Lx=Ly=10 pg= 0.000 ids= 261 TEE= 0 R2x= 0.000 R2z= 1.000 R2x_loop= 0.000 R2z_loop= 1.000  dep_x=10.000 dep_z= 0.000
rank=  3 Lx=Ly=10 pg= 0.000 ids= 259 TEE= 0 R2x= 0.000 R2z= 1.000 R2x_loop= 0.000 R2z_loop= 1.000  dep_x=10.000 dep_z= 0.000
rank= 21 Lx=Ly=10 pg= 0.000 ids= 277 TEE= 0 R2x= 0.000 R2z= 1.000 R2x_loop= 0.000 R2z_loop= 1.000  dep_x=10.000 dep_z= 0.000
rank= 85 Lx=Ly=10 pg= 0.000 ids= 341 TEE= 0 R2x= 0.000 R2z= 1.000 R2x_loop= 0.000 R2z_loop= 1.000  dep_x=10.000 dep_z= 0.000
rank= 37 Lx=Ly=10 pg= 0.000 ids= 293 TEE= 0 R2x= 0.000 R2z= 1.000 R2x_loop= 0.000 R2z_loop= 1.000  dep_x=10.000 dep_z= 0.000
rank= 35 Lx=Ly=10 pg= 0.000 ids= 291 TEE= 0 R2x= 0.000 R2z= 1.000 R2x_loop= 0.000 R2z_loop= 1.000  dep_x=10.000 dep_z= 0.000
rank= 49 Lx=Ly=10 pg= 0.000 ids= 305 TEE= 0 R2x= 0.000 R2z= 1.000 R2x_loop= 0.000 R2z_loop= 1.000  dep_x=10.000 dep_z= 0.000
rank= 55 Lx=Ly=10 pg= 0.000 ids= 311 TEE= 0 R2x= 0.000 R2z= 1.000 R2x_loop= 0.000 R2z_loop= 1.000  dep_x=10.000 dep_z= 0.000
rank= 51 Lx=Ly=10 pg= 0.000 ids= 307 TEE= 0 R2x= 0.000 R2z= 1.000 R2x_loop= 0.000 R2z_loop= 1.000  dep_x=10.000 dep_z= 0.000
rank=125 Lx=Ly=10 pg= 0.000 ids= 381 TEE= 0 R2x= 0.000 R2z= 1.000 R2x_loop= 0.000 R2z_loop= 1.000  dep_x=10.000 dep_z= 0.000
rank=127 Lx=Ly=10 pg= 0.000 ids= 383 TEE= 0 R2x= 0.000 R2z= 1.000 R2x_loop= 0.000 R2z_loop= 1.000  dep_x=10.000 dep_z= 0.000
rank=117 Lx=Ly=10 pg= 0.000 ids= 373 TEE= 0 R2x= 0.000 R2z= 1.000 R2x_loop= 0.000 R2z_loop= 1.000  dep_x=10.000 dep_z= 0.000
rank= 61 Lx=Ly=10 pg= 0.000 ids= 317 TEE= 0 R2x= 0.000 R2z= 1.000 R2x_loop= 0.000 R2z_loop= 1.000  dep_x=10.000 dep_z= 0.000
rank=119 Lx=Ly=10 pg= 0.000 ids= 375 TEE= 0 R2x= 0.000 R2z= 1.000 R2x_loop= 0.000 R2z_loop= 1.000  dep_x=10.000 dep_z= 0.000
rank= 59 Lx=Ly=10 pg= 0.000 ids= 315 TEE= 0 R2x= 0.000 R2z= 1.000 R2x_loop= 0.000 R2z_loop= 1.000  dep_x=10.000 dep_z= 0.000
rank=115 Lx=Ly=10 pg= 0.000 ids= 371 TEE= 0 R2x= 0.000 R2z= 1.000 R2x_loop= 0.000 R2z_loop= 1.000  dep_x=10.000 dep_z= 0.000
rank= 39 Lx=Ly=10 pg= 0.000 ids= 295 TEE= 0 R2x= 0.000 R2z= 1.000 R2x_loop= 0.000 R2z_loop= 1.000  dep_x=10.000 dep_z= 0.000
rank= 57 Lx=Ly=10 pg= 0.000 ids= 313 TEE= 0 R2x= 0.000 R2z= 1.000 R2x_loop= 0.000 R2z_loop= 1.000  dep_x=10.000 dep_z= 0.000
rank=103 Lx=Ly=10 pg= 0.000 ids= 359 TEE= 0 R2x= 0.000 R2z= 1.000 R2x_loop= 0.000 R2z_loop= 1.000  dep_x=10.000 dep_z= 0.000
rank= 99 Lx=Ly=10 pg= 0.000 ids= 355 TEE= 0 R2x= 0.000 R2z= 1.000 R2x_loop= 0.000 R2z_loop= 1.000  dep_x=10.000 dep_z= 0.000
rank= 47 Lx=Ly=10 pg= 0.000 ids= 303 TEE= 0 R2x= 0.000 R2z= 1.000 R2x_loop= 0.000 R2z_loop= 1.000  dep_x=10.000 dep_z= 0.000
rank=  9 Lx=Ly=10 pg= 0.000 ids= 265 TEE= 0 R2x= 0.000 R2z= 1.000 R2x_loop= 0.000 R2z_loop= 1.000  dep_x=10.000 dep_z= 0.000
rank= 73 Lx=Ly=10 pg= 0.000 ids= 329 TEE= 0 R2x= 0.000 R2z= 1.000 R2x_loop= 0.000 R2z_loop= 1.000  dep_x=10.000 dep_z= 0.000
rank= 15 Lx=Ly=10 pg= 0.000 ids= 271 TEE= 0 R2x= 0.000 R2z= 1.000 R2x_loop= 0.000 R2z_loop= 1.000  dep_x=10.000 dep_z= 0.000
rank=113 Lx=Ly=10 pg= 0.000 ids= 369 TEE= 0 R2x= 0.000 R2z= 1.000 R2x_loop= 0.000 R2z_loop= 1.000  dep_x=10.000 dep_z= 0.000
rank= 27 Lx=Ly=10 pg= 0.000 ids= 283 TEE= 0 R2x= 0.000 R2z= 1.000 R2x_loop= 0.000 R2z_loop= 1.000  dep_x=10.000 dep_z= 0.000
rank= 19 Lx=Ly=10 pg= 0.000 ids= 275 TEE= 0 R2x= 0.000 R2z= 1.000 R2x_loop= 0.000 R2z_loop= 1.000  dep_x=10.000 dep_z= 0.000
rank= 13 Lx=Ly=10 pg= 0.000 ids= 269 TEE= 0 R2x= 0.000 R2z= 1.000 R2x_loop= 0.000 R2z_loop= 1.000  dep_x=10.000 dep_z= 0.000
rank= 45 Lx=Ly=10 pg= 0.000 ids= 301 TEE= 0 R2x= 0.000 R2z= 1.000 R2x_loop= 0.000 R2z_loop= 1.000  dep_x=10.000 dep_z= 0.000
rank= 41 Lx=Ly=10 pg= 0.000 ids= 297 TEE= 0 R2x= 0.000 R2z= 1.000 R2x_loop= 0.000 R2z_loop= 1.000  dep_x=10.000 dep_z= 0.000
rank= 65 Lx=Ly=10 pg= 0.000 ids= 321 TEE= 0 R2x= 0.000 R2z= 1.000 R2x_loop= 0.000 R2z_loop= 1.000  dep_x=10.000 dep_z= 0.000
rank= 53 Lx=Ly=10 pg= 0.000 ids= 309 TEE= 0 R2x= 0.000 R2z= 1.000 R2x_loop= 0.000 R2z_loop= 1.000  dep_x=10.000 dep_z= 0.000
rank=105 Lx=Ly=10 pg= 0.000 ids= 361 TEE= 0 R2x= 0.000 R2z= 1.000 R2x_loop= 0.000 R2z_loop= 1.000  dep_x=10.000 dep_z= 0.000
rank= 33 Lx=Ly=10 pg= 0.000 ids= 289 TEE= 0 R2x= 0.000 R2z= 1.000 R2x_loop= 0.000 R2z_loop= 1.000  dep_x=10.000 dep_z= 0.000
rank= 63 Lx=Ly=10 pg= 0.000 ids= 319 TEE= 0 R2x= 0.000 R2z= 1.000 R2x_loop= 0.000 R2z_loop= 1.000  dep_x=10.000 dep_z= 0.000
rank= 97 Lx=Ly=10 pg= 0.000 ids= 353 TEE= 0 R2x= 0.000 R2z= 1.000 R2x_loop= 0.000 R2z_loop= 1.000  dep_x=10.000 dep_z= 0.000
rank= 43 Lx=Ly=10 pg= 0.000 ids= 299 TEE= 0 R2x= 0.000 R2z= 1.000 R2x_loop= 0.000 R2z_loop= 1.000  dep_x=10.000 dep_z= 0.000
rank= 31 Lx=Ly=10 pg= 0.000 ids= 159 TEE= 0 R2x= 0.000 R2z= 1.000 R2x_loop= 0.000 R2z_loop= 1.000  dep_x=10.000 dep_z= 0.000
rank=  4 Lx=Ly=10 pg= 0.000 ids= 260 TEE= 0 R2x= 0.000 R2z= 1.000 R2x_loop= 0.000 R2z_loop= 1.000  dep_x=10.000 dep_z= 0.000
rank=  2 Lx=Ly=10 pg= 0.000 ids= 258 TEE= 0 R2x= 0.000 R2z= 1.000 R2x_loop= 0.000 R2z_loop= 1.000  dep_x=10.000 dep_z= 0.000
rank=  0 Lx=Ly=10 pg= 0.000 ids= 256 TEE= 0 R2x= 0.000 R2z= 1.000 R2x_loop= 0.000 R2z_loop= 1.000  dep_x=10.000 dep_z= 0.000
rank= 70 Lx=Ly=10 pg= 0.000 ids= 326 TEE= 0 R2x= 0.000 R2z= 1.000 R2x_loop= 0.000 R2z_loop= 1.000  dep_x=10.000 dep_z= 0.000
rank= 14 Lx=Ly=10 pg= 0.000 ids= 270 TEE= 0 R2x= 0.000 R2z= 1.000 R2x_loop= 0.000 R2z_loop= 1.000  dep_x=10.000 dep_z= 0.000
rank= 16 Lx=Ly=10 pg= 0.000 ids= 272 TEE= 0 R2x= 0.000 R2z= 1.000 R2x_loop= 0.000 R2z_loop= 1.000  dep_x=10.000 dep_z= 0.000
rank= 12 Lx=Ly=10 pg= 0.000 ids= 268 TEE= 0 R2x= 0.000 R2z= 1.000 R2x_loop= 0.000 R2z_loop= 1.000  dep_x=10.000 dep_z= 0.000
rank= 48 Lx=Ly=10 pg= 0.000 ids= 304 TEE= 0 R2x= 0.000 R2z= 1.000 R2x_loop= 0.000 R2z_loop= 1.000  dep_x=10.000 dep_z= 0.000
rank= 18 Lx=Ly=10 pg= 0.000 ids= 274 TEE= 0 R2x= 0.000 R2z= 1.000 R2x_loop= 0.000 R2z_loop= 1.000  dep_x=10.000 dep_z= 0.000
rank= 92 Lx=Ly=10 pg= 0.000 ids= 348 TEE= 0 R2x= 0.000 R2z= 1.000 R2x_loop= 0.000 R2z_loop= 1.000  dep_x=10.000 dep_z= 0.000
rank= 76 Lx=Ly=10 pg= 0.000 ids= 332 TEE= 0 R2x= 0.000 R2z= 1.000 R2x_loop= 0.000 R2z_loop= 1.000  dep_x=10.000 dep_z= 0.000
rank= 80 Lx=Ly=10 pg= 0.000 ids= 336 TEE= 0 R2x= 0.000 R2z= 1.000 R2x_loop= 0.000 R2z_loop= 1.000  dep_x=10.000 dep_z= 0.000
rank= 72 Lx=Ly=10 pg= 0.000 ids= 328 TEE= 0 R2x= 0.000 R2z= 1.000 R2x_loop= 0.000 R2z_loop= 1.000  dep_x=10.000 dep_z= 0.000
rank= 94 Lx=Ly=10 pg= 0.000 ids= 350 TEE= 0 R2x= 0.000 R2z= 1.000 R2x_loop= 0.000 R2z_loop= 1.000  dep_x=10.000 dep_z= 0.000
rank= 84 Lx=Ly=10 pg= 0.000 ids= 340 TEE= 0 R2x= 0.000 R2z= 1.000 R2x_loop= 0.000 R2z_loop= 1.000  dep_x=10.000 dep_z= 0.000
rank= 42 Lx=Ly=10 pg= 0.000 ids= 298 TEE= 0 R2x= 0.000 R2z= 1.000 R2x_loop= 0.000 R2z_loop= 1.000  dep_x=10.000 dep_z= 0.000
rank=  8 Lx=Ly=10 pg= 0.000 ids= 264 TEE= 0 R2x= 0.000 R2z= 1.000 R2x_loop= 0.000 R2z_loop= 1.000  dep_x=10.000 dep_z= 0.000
rank= 20 Lx=Ly=10 pg= 0.000 ids= 276 TEE= 0 R2x= 0.000 R2z= 1.000 R2x_loop= 0.000 R2z_loop= 1.000  dep_x=10.000 dep_z= 0.000
rank= 44 Lx=Ly=10 pg= 0.000 ids= 300 TEE= 0 R2x= 0.000 R2z= 1.000 R2x_loop= 0.000 R2z_loop= 1.000  dep_x=10.000 dep_z= 0.000
rank= 78 Lx=Ly=10 pg= 0.000 ids= 334 TEE= 0 R2x= 0.000 R2z= 1.000 R2x_loop= 0.000 R2z_loop= 1.000  dep_x=10.000 dep_z= 0.000
rank= 40 Lx=Ly=10 pg= 0.000 ids= 296 TEE= 0 R2x= 0.000 R2z= 1.000 R2x_loop= 0.000 R2z_loop= 1.000  dep_x=10.000 dep_z= 0.000
rank= 28 Lx=Ly=10 pg= 0.000 ids= 284 TEE= 0 R2x= 0.000 R2z= 1.000 R2x_loop= 0.000 R2z_loop= 1.000  dep_x=10.000 dep_z= 0.000
rank= 90 Lx=Ly=10 pg= 0.000 ids= 346 TEE= 0 R2x= 0.000 R2z= 1.000 R2x_loop= 0.000 R2z_loop= 1.000  dep_x=10.000 dep_z= 0.000
rank= 50 Lx=Ly=10 pg= 0.000 ids= 306 TEE= 0 R2x= 0.000 R2z= 1.000 R2x_loop= 0.000 R2z_loop= 1.000  dep_x=10.000 dep_z= 0.000
rank=112 Lx=Ly=10 pg= 0.000 ids= 368 TEE= 0 R2x= 0.000 R2z= 1.000 R2x_loop= 0.000 R2z_loop= 1.000  dep_x=10.000 dep_z= 0.000
rank=126 Lx=Ly=10 pg= 0.000 ids= 382 TEE= 0 R2x= 0.000 R2z= 1.000 R2x_loop= 0.000 R2z_loop= 1.000  dep_x=10.000 dep_z= 0.000
rank=116 Lx=Ly=10 pg= 0.000 ids= 372 TEE= 0 R2x= 0.000 R2z= 1.000 R2x_loop= 0.000 R2z_loop= 1.000  dep_x=10.000 dep_z= 0.000
rank=118 Lx=Ly=10 pg= 0.000 ids= 374 TEE= 0 R2x= 0.000 R2z= 1.000 R2x_loop= 0.000 R2z_loop= 1.000  dep_x=10.000 dep_z= 0.000
rank= 74 Lx=Ly=10 pg= 0.000 ids= 330 TEE= 0 R2x= 0.000 R2z= 1.000 R2x_loop= 0.000 R2z_loop= 1.000  dep_x=10.000 dep_z= 0.000
rank=102 Lx=Ly=10 pg= 0.000 ids= 358 TEE= 0 R2x= 0.000 R2z= 1.000 R2x_loop= 0.000 R2z_loop= 1.000  dep_x=10.000 dep_z= 0.000
rank=106 Lx=Ly=10 pg= 0.000 ids= 362 TEE= 0 R2x= 0.000 R2z= 1.000 R2x_loop= 0.000 R2z_loop= 1.000  dep_x=10.000 dep_z= 0.000
rank=108 Lx=Ly=10 pg= 0.000 ids= 364 TEE= 0 R2x= 0.000 R2z= 1.000 R2x_loop= 0.000 R2z_loop= 1.000  dep_x=10.000 dep_z= 0.000
rank=100 Lx=Ly=10 pg= 0.000 ids= 356 TEE= 0 R2x= 0.000 R2z= 1.000 R2x_loop= 0.000 R2z_loop= 1.000  dep_x=10.000 dep_z= 0.000
rank=120 Lx=Ly=10 pg= 0.000 ids= 376 TEE= 0 R2x= 0.000 R2z= 1.000 R2x_loop= 0.000 R2z_loop= 1.000  dep_x=10.000 dep_z= 0.000
rank= 46 Lx=Ly=10 pg= 0.000 ids= 302 TEE= 0 R2x= 0.000 R2z= 1.000 R2x_loop= 0.000 R2z_loop= 1.000  dep_x=10.000 dep_z= 0.000
rank=124 Lx=Ly=10 pg= 0.000 ids= 380 TEE= 0 R2x= 0.000 R2z= 1.000 R2x_loop= 0.000 R2z_loop= 1.000  dep_x=10.000 dep_z= 0.000
rank= 86 Lx=Ly=10 pg= 0.000 ids= 342 TEE= 0 R2x= 0.000 R2z= 1.000 R2x_loop= 0.000 R2z_loop= 1.000  dep_x=10.000 dep_z= 0.000
rank=122 Lx=Ly=10 pg= 0.000 ids= 378 TEE= 0 R2x= 0.000 R2z= 1.000 R2x_loop= 0.000 R2z_loop= 1.000  dep_x=10.000 dep_z= 0.000
rank= 26 Lx=Ly=10 pg= 0.000 ids= 282 TEE= 0 R2x= 0.000 R2z= 1.000 R2x_loop= 0.000 R2z_loop= 1.000  dep_x=10.000 dep_z= 0.000
rank= 56 Lx=Ly=10 pg= 0.000 ids= 312 TEE= 0 R2x= 0.000 R2z= 1.000 R2x_loop= 0.000 R2z_loop= 1.000  dep_x=10.000 dep_z= 0.000
rank= 62 Lx=Ly=10 pg= 0.000 ids= 318 TEE= 0 R2x= 0.000 R2z= 1.000 R2x_loop= 0.000 R2z_loop= 1.000  dep_x=10.000 dep_z= 0.000
rank= 96 Lx=Ly=10 pg= 0.000 ids= 352 TEE= 0 R2x= 0.000 R2z= 1.000 R2x_loop= 0.000 R2z_loop= 1.000  dep_x=10.000 dep_z= 0.000
rank= 34 Lx=Ly=10 pg= 0.000 ids= 290 TEE= 0 R2x= 0.000 R2z= 1.000 R2x_loop= 0.000 R2z_loop= 1.000  dep_x=10.000 dep_z= 0.000
rank= 98 Lx=Ly=10 pg= 0.000 ids= 354 TEE= 0 R2x= 0.000 R2z= 1.000 R2x_loop= 0.000 R2z_loop= 1.000  dep_x=10.000 dep_z= 0.000
rank= 24 Lx=Ly=10 pg= 0.000 ids= 280 TEE= 0 R2x= 0.000 R2z= 1.000 R2x_loop= 0.000 R2z_loop= 1.000  dep_x=10.000 dep_z= 0.000
rank=104 Lx=Ly=10 pg= 0.000 ids= 360 TEE= 0 R2x= 0.000 R2z= 1.000 R2x_loop= 0.000 R2z_loop= 1.000  dep_x=10.000 dep_z= 0.000
rank= 58 Lx=Ly=10 pg= 0.000 ids= 314 TEE= 0 R2x= 0.000 R2z= 1.000 R2x_loop= 0.000 R2z_loop= 1.000  dep_x=10.000 dep_z= 0.000
rank= 60 Lx=Ly=10 pg= 0.000 ids= 316 TEE= 0 R2x= 0.000 R2z= 1.000 R2x_loop= 0.000 R2z_loop= 1.000  dep_x=10.000 dep_z= 0.000
rank= 83 Lx=Ly=10 pg= 0.000 ids= 339 TEE= 0 R2x= 0.000 R2z= 1.000 R2x_loop= 0.000 R2z_loop= 1.000  dep_x=10.000 dep_z= 0.000
rank= 32 Lx=Ly=10 pg= 0.000 ids= 288 TEE= 0 R2x= 0.000 R2z= 1.000 R2x_loop= 0.000 R2z_loop= 1.000  dep_x=10.000 dep_z= 0.000
rank=114 Lx=Ly=10 pg= 0.000 ids= 370 TEE= 0 R2x= 0.000 R2z= 1.000 R2x_loop= 0.000 R2z_loop= 1.000  dep_x=10.000 dep_z= 0.000
rank= 95 Lx=Ly=10 pg= 0.000 ids= 351 TEE= 0 R2x= 0.000 R2z= 1.000 R2x_loop= 0.000 R2z_loop= 1.000  dep_x=10.000 dep_z= 0.000
rank=101 Lx=Ly=10 pg= 0.000 ids= 357 TEE= 0 R2x= 0.000 R2z= 1.000 R2x_loop= 0.000 R2z_loop= 1.000  dep_x=10.000 dep_z= 0.000
rank= 38 Lx=Ly=10 pg= 0.000 ids= 294 TEE= 0 R2x= 0.000 R2z= 1.000 R2x_loop= 0.000 R2z_loop= 1.000  dep_x=10.000 dep_z= 0.000
rank=110 Lx=Ly=10 pg= 0.000 ids= 366 TEE= 0 R2x= 0.000 R2z= 1.000 R2x_loop= 0.000 R2z_loop= 1.000  dep_x=10.000 dep_z= 0.000
rank= 66 Lx=Ly=10 pg= 0.000 ids= 322 TEE= 0 R2x= 0.000 R2z= 1.000 R2x_loop= 0.000 R2z_loop= 1.000  dep_x=10.000 dep_z= 0.000
rank= 82 Lx=Ly=10 pg= 0.000 ids= 338 TEE= 0 R2x= 0.000 R2z= 1.000 R2x_loop= 0.000 R2z_loop= 1.000  dep_x=10.000 dep_z= 0.000
rank= 11 Lx=Ly=10 pg= 0.000 ids= 267 TEE= 0 R2x= 0.000 R2z= 1.000 R2x_loop= 0.000 R2z_loop= 1.000  dep_x=10.000 dep_z= 0.000
rank= 54 Lx=Ly=10 pg= 0.000 ids= 310 TEE= 0 R2x= 0.000 R2z= 1.000 R2x_loop= 0.000 R2z_loop= 1.000  dep_x=10.000 dep_z= 0.000
rank=  6 Lx=Ly=10 pg= 0.000 ids= 262 TEE= 0 R2x= 0.000 R2z= 1.000 R2x_loop= 0.000 R2z_loop= 1.000  dep_x=10.000 dep_z= 0.000
rank= 77 Lx=Ly=10 pg= 0.000 ids= 333 TEE= 0 R2x= 0.000 R2z= 1.000 R2x_loop= 0.000 R2z_loop= 1.000  dep_x=10.000 dep_z= 0.000
rank=107 Lx=Ly=10 pg= 0.000 ids= 363 TEE= 0 R2x= 0.000 R2z= 1.000 R2x_loop= 0.000 R2z_loop= 1.000  dep_x=10.000 dep_z= 0.000
rank= 68 Lx=Ly=10 pg= 0.000 ids= 324 TEE= 0 R2x= 0.000 R2z= 1.000 R2x_loop= 0.000 R2z_loop= 1.000  dep_x=10.000 dep_z= 0.000
rank= 36 Lx=Ly=10 pg= 0.000 ids= 292 TEE= 0 R2x= 0.000 R2z= 1.000 R2x_loop= 0.000 R2z_loop= 1.000  dep_x=10.000 dep_z= 0.000
rank= 81 Lx=Ly=10 pg= 0.000 ids= 337 TEE= 0 R2x= 0.000 R2z= 1.000 R2x_loop= 0.000 R2z_loop= 1.000  dep_x=10.000 dep_z= 0.000
rank= 22 Lx=Ly=10 pg= 0.000 ids= 278 TEE= 0 R2x= 0.000 R2z= 1.000 R2x_loop= 0.000 R2z_loop= 1.000  dep_x=10.000 dep_z= 0.000
rank= 30 Lx=Ly=10 pg= 0.000 ids= 286 TEE= 0 R2x= 0.000 R2z= 1.000 R2x_loop= 0.000 R2z_loop= 1.000  dep_x=10.000 dep_z= 0.000
rank=121 Lx=Ly=10 pg= 0.000 ids= 377 TEE= 0 R2x= 0.000 R2z= 1.000 R2x_loop= 0.000 R2z_loop= 1.000  dep_x=10.000 dep_z= 0.000
rank= 52 Lx=Ly=10 pg= 0.000 ids= 308 TEE= 0 R2x= 0.000 R2z= 1.000 R2x_loop= 0.000 R2z_loop= 1.000  dep_x=10.000 dep_z= 0.000
rank= 10 Lx=Ly=10 pg= 0.000 ids= 266 TEE= 0 R2x= 0.000 R2z= 1.000 R2x_loop= 0.000 R2z_loop= 1.000  dep_x=10.000 dep_z= 0.000
rank= 64 Lx=Ly=10 pg= 0.000 ids= 320 TEE= 0 R2x= 0.000 R2z= 1.000 R2x_loop= 0.000 R2z_loop= 1.000  dep_x=10.000 dep_z= 0.000
rank= 88 Lx=Ly=10 pg= 0.000 ids= 344 TEE= 0 R2x= 0.000 R2z= 1.000 R2x_loop= 0.000 R2z_loop= 1.000  dep_x=10.000 dep_z= 0.000
rank= 29 Lx=Ly=10 pg= 0.000 ids= 285 TEE= 0 R2x= 0.000 R2z= 1.000 R2x_loop= 0.000 R2z_loop= 1.000  dep_x=10.000 dep_z= 0.000
rank=  7 Lx=Ly=10 pg= 0.000 ids= 263 TEE= 0 R2x= 0.000 R2z= 1.000 R2x_loop= 0.000 R2z_loop= 1.000  dep_x=10.000 dep_z= 0.000
rank=111 Lx=Ly=10 pg= 0.000 ids= 367 TEE= 0 R2x= 0.000 R2z= 1.000 R2x_loop= 0.000 R2z_loop= 1.000  dep_x=10.000 dep_z= 0.000
rank=123 Lx=Ly=10 pg= 0.000 ids= 379 TEE= 0 R2x= 0.000 R2z= 1.000 R2x_loop= 0.000 R2z_loop= 1.000  dep_x=10.000 dep_z= 0.000
rank= 67 Lx=Ly=10 pg= 0.000 ids= 451 TEE= 0 R2x= 0.000 R2z= 1.000 R2x_loop= 0.000 R2z_loop= 1.000  dep_x=10.000 dep_z= 0.000
rank= 71 Lx=Ly=10 pg= 0.000 ids= 455 TEE= 0 R2x= 0.000 R2z= 1.000 R2x_loop= 0.000 R2z_loop= 1.000  dep_x=10.000 dep_z= 0.000
rank= 93 Lx=Ly=10 pg= 0.000 ids= 477 TEE= 0 R2x= 0.000 R2z= 1.000 R2x_loop= 0.000 R2z_loop= 1.000  dep_x=10.000 dep_z= 0.000
rank=109 Lx=Ly=10 pg= 0.000 ids= 493 TEE= 0 R2x= 0.000 R2z= 1.000 R2x_loop= 0.000 R2z_loop= 1.000  dep_x=10.000 dep_z= 0.000
rank= 91 Lx=Ly=10 pg= 0.000 ids= 475 TEE= 0 R2x= 0.000 R2z= 1.000 R2x_loop= 0.000 R2z_loop= 1.000  dep_x=10.000 dep_z= 0.000
rank= 89 Lx=Ly=10 pg= 0.000 ids= 473 TEE= 0 R2x= 0.000 R2z= 1.000 R2x_loop= 0.000 R2z_loop= 1.000  dep_x=10.000 dep_z= 0.000
rank= 75 Lx=Ly=10 pg= 0.000 ids= 459 TEE= 0 R2x= 0.000 R2z= 1.000 R2x_loop= 0.000 R2z_loop= 1.000  dep_x=10.000 dep_z= 0.000
rank=  5 Lx=Ly=10 pg= 0.000 ids= 389 TEE= 0 R2x= 0.000 R2z= 1.000 R2x_loop= 0.000 R2z_loop= 1.000  dep_x=10.000 dep_z= 0.000
rank= 79 Lx=Ly=10 pg= 0.000 ids= 463 TEE= 0 R2x= 0.000 R2z= 1.000 R2x_loop= 0.000 R2z_loop= 1.000  dep_x=10.000 dep_z= 0.000
rank=  1 Lx=Ly=10 pg= 0.000 ids= 385 TEE= 0 R2x= 0.000 R2z= 1.000 R2x_loop= 0.000 R2z_loop= 1.000  dep_x=10.000 dep_z= 0.000
rank=  3 Lx=Ly=10 pg= 0.000 ids= 387 TEE= 0 R2x= 0.000 R2z= 1.000 R2x_loop= 0.000 R2z_loop= 1.000  dep_x=10.000 dep_z= 0.000
rank= 69 Lx=Ly=10 pg= 0.000 ids= 453 TEE= 0 R2x= 0.000 R2z= 1.000 R2x_loop= 0.000 R2z_loop= 1.000  dep_x=10.000 dep_z= 0.000
rank= 87 Lx=Ly=10 pg= 0.000 ids= 471 TEE= 0 R2x= 0.000 R2z= 1.000 R2x_loop= 0.000 R2z_loop= 1.000  dep_x=10.000 dep_z= 0.000
rank= 25 Lx=Ly=10 pg= 0.000 ids= 409 TEE= 0 R2x= 0.000 R2z= 1.000 R2x_loop= 0.000 R2z_loop= 1.000  dep_x=10.000 dep_z= 0.000
rank= 85 Lx=Ly=10 pg= 0.000 ids= 469 TEE= 0 R2x= 0.000 R2z= 1.000 R2x_loop= 0.000 R2z_loop= 1.000  dep_x=10.000 dep_z= 0.000
rank= 17 Lx=Ly=10 pg= 0.000 ids= 401 TEE= 0 R2x= 0.000 R2z= 1.000 R2x_loop= 0.000 R2z_loop= 1.000  dep_x=10.000 dep_z= 0.000
rank=125 Lx=Ly=10 pg= 0.000 ids= 509 TEE= 0 R2x= 0.000 R2z= 1.000 R2x_loop= 0.000 R2z_loop= 1.000  dep_x=10.000 dep_z= 0.000
rank= 37 Lx=Ly=10 pg= 0.000 ids= 421 TEE= 0 R2x= 0.000 R2z= 1.000 R2x_loop= 0.000 R2z_loop= 1.000  dep_x=10.000 dep_z= 0.000
rank= 61 Lx=Ly=10 pg= 0.000 ids= 445 TEE= 0 R2x= 0.000 R2z= 1.000 R2x_loop= 0.000 R2z_loop= 1.000  dep_x=10.000 dep_z= 0.000
rank= 59 Lx=Ly=10 pg= 0.000 ids= 443 TEE= 0 R2x= 0.000 R2z= 1.000 R2x_loop= 0.000 R2z_loop= 1.000  dep_x=10.000 dep_z= 0.000
rank= 35 Lx=Ly=10 pg= 0.000 ids= 419 TEE= 0 R2x= 0.000 R2z= 1.000 R2x_loop= 0.000 R2z_loop= 1.000  dep_x=10.000 dep_z= 0.000
rank= 21 Lx=Ly=10 pg= 0.000 ids= 405 TEE= 0 R2x= 0.000 R2z= 1.000 R2x_loop= 0.000 R2z_loop= 1.000  dep_x=10.000 dep_z= 0.000
rank= 23 Lx=Ly=10 pg= 0.000 ids= 407 TEE= 0 R2x= 0.000 R2z= 1.000 R2x_loop= 0.000 R2z_loop= 1.000  dep_x=10.000 dep_z= 0.000
rank= 57 Lx=Ly=10 pg= 0.000 ids= 441 TEE= 0 R2x= 0.000 R2z= 1.000 R2x_loop= 0.000 R2z_loop= 1.000  dep_x=10.000 dep_z= 0.000
rank= 55 Lx=Ly=10 pg= 0.000 ids= 439 TEE= 0 R2x= 0.000 R2z= 1.000 R2x_loop= 0.000 R2z_loop= 1.000  dep_x=10.000 dep_z= 0.000
rank= 51 Lx=Ly=10 pg= 0.000 ids= 435 TEE= 0 R2x= 0.000 R2z= 1.000 R2x_loop= 0.000 R2z_loop= 1.000  dep_x=10.000 dep_z= 0.000
rank= 49 Lx=Ly=10 pg= 0.000 ids= 433 TEE= 0 R2x= 0.000 R2z= 1.000 R2x_loop= 0.000 R2z_loop= 1.000  dep_x=10.000 dep_z= 0.000
rank= 39 Lx=Ly=10 pg= 0.000 ids= 423 TEE= 0 R2x= 0.000 R2z= 1.000 R2x_loop= 0.000 R2z_loop= 1.000  dep_x=10.000 dep_z= 0.000
rank=117 Lx=Ly=10 pg= 0.000 ids= 501 TEE= 0 R2x= 0.000 R2z= 1.000 R2x_loop= 0.000 R2z_loop= 1.000  dep_x=10.000 dep_z= 0.000
rank=119 Lx=Ly=10 pg= 0.000 ids= 503 TEE= 0 R2x= 0.000 R2z= 1.000 R2x_loop= 0.000 R2z_loop= 1.000  dep_x=10.000 dep_z= 0.000
rank=127 Lx=Ly=10 pg= 0.000 ids= 511 TEE= 0 R2x= 0.000 R2z= 1.000 R2x_loop= 0.000 R2z_loop= 1.000  dep_x=10.000 dep_z= 0.000
rank=103 Lx=Ly=10 pg= 0.000 ids= 487 TEE= 0 R2x= 0.000 R2z= 1.000 R2x_loop= 0.000 R2z_loop= 1.000  dep_x=10.000 dep_z= 0.000
rank=115 Lx=Ly=10 pg= 0.000 ids= 499 TEE= 0 R2x= 0.000 R2z= 1.000 R2x_loop= 0.000 R2z_loop= 1.000  dep_x=10.000 dep_z= 0.000
rank= 65 Lx=Ly=10 pg= 0.000 ids= 449 TEE= 0 R2x= 0.000 R2z= 1.000 R2x_loop= 0.000 R2z_loop= 1.000  dep_x=10.000 dep_z= 0.000
rank= 45 Lx=Ly=10 pg= 0.000 ids= 429 TEE= 0 R2x= 0.000 R2z= 1.000 R2x_loop= 0.000 R2z_loop= 1.000  dep_x=10.000 dep_z= 0.000
rank= 41 Lx=Ly=10 pg= 0.000 ids= 425 TEE= 0 R2x= 0.000 R2z= 1.000 R2x_loop= 0.000 R2z_loop= 1.000  dep_x=10.000 dep_z= 0.000
rank=  9 Lx=Ly=10 pg= 0.000 ids= 393 TEE= 0 R2x= 0.000 R2z= 1.000 R2x_loop= 0.000 R2z_loop= 1.000  dep_x=10.000 dep_z= 0.000
rank= 15 Lx=Ly=10 pg= 0.000 ids= 399 TEE= 0 R2x= 0.000 R2z= 1.000 R2x_loop= 0.000 R2z_loop= 1.000  dep_x=10.000 dep_z= 0.000
rank= 63 Lx=Ly=10 pg= 0.000 ids= 447 TEE= 0 R2x= 0.000 R2z= 1.000 R2x_loop= 0.000 R2z_loop= 1.000  dep_x=10.000 dep_z= 0.000
rank= 27 Lx=Ly=10 pg= 0.000 ids= 411 TEE= 0 R2x= 0.000 R2z= 1.000 R2x_loop= 0.000 R2z_loop= 1.000  dep_x=10.000 dep_z= 0.000
rank= 13 Lx=Ly=10 pg= 0.000 ids= 397 TEE= 0 R2x= 0.000 R2z= 1.000 R2x_loop= 0.000 R2z_loop= 1.000  dep_x=10.000 dep_z= 0.000
rank= 53 Lx=Ly=10 pg= 0.000 ids= 437 TEE= 0 R2x= 0.000 R2z= 1.000 R2x_loop= 0.000 R2z_loop= 1.000  dep_x=10.000 dep_z= 0.000
rank= 19 Lx=Ly=10 pg= 0.000 ids= 403 TEE= 0 R2x= 0.000 R2z= 1.000 R2x_loop= 0.000 R2z_loop= 1.000  dep_x=10.000 dep_z= 0.000
rank=113 Lx=Ly=10 pg= 0.000 ids= 497 TEE= 0 R2x= 0.000 R2z= 1.000 R2x_loop= 0.000 R2z_loop= 1.000  dep_x=10.000 dep_z= 0.000
rank= 73 Lx=Ly=10 pg= 0.000 ids= 457 TEE= 0 R2x= 0.000 R2z= 1.000 R2x_loop= 0.000 R2z_loop= 1.000  dep_x=10.000 dep_z= 0.000
rank= 33 Lx=Ly=10 pg= 0.000 ids= 417 TEE= 0 R2x= 0.000 R2z= 1.000 R2x_loop= 0.000 R2z_loop= 1.000  dep_x=10.000 dep_z= 0.000
rank= 97 Lx=Ly=10 pg= 0.000 ids= 481 TEE= 0 R2x= 0.000 R2z= 1.000 R2x_loop= 0.000 R2z_loop= 1.000  dep_x=10.000 dep_z= 0.000
rank= 99 Lx=Ly=10 pg= 0.000 ids= 483 TEE= 0 R2x= 0.000 R2z= 1.000 R2x_loop= 0.000 R2z_loop= 1.000  dep_x=10.000 dep_z= 0.000
rank=105 Lx=Ly=10 pg= 0.000 ids= 489 TEE= 0 R2x= 0.000 R2z= 1.000 R2x_loop= 0.000 R2z_loop= 1.000  dep_x=10.000 dep_z= 0.000
rank= 43 Lx=Ly=10 pg= 0.000 ids= 427 TEE= 0 R2x= 0.000 R2z= 1.000 R2x_loop= 0.000 R2z_loop= 1.000  dep_x=10.000 dep_z= 0.000
rank=  4 Lx=Ly=10 pg= 0.000 ids= 388 TEE= 0 R2x= 0.000 R2z= 1.000 R2x_loop= 0.000 R2z_loop= 1.000  dep_x=10.000 dep_z= 0.000
rank=  0 Lx=Ly=10 pg= 0.000 ids= 384 TEE= 0 R2x= 0.000 R2z= 1.000 R2x_loop= 0.000 R2z_loop= 1.000  dep_x=10.000 dep_z= 0.000
rank= 16 Lx=Ly=10 pg= 0.000 ids= 400 TEE= 0 R2x= 0.000 R2z= 1.000 R2x_loop= 0.000 R2z_loop= 1.000  dep_x=10.000 dep_z= 0.000
rank= 48 Lx=Ly=10 pg= 0.000 ids= 432 TEE= 0 R2x= 0.000 R2z= 1.000 R2x_loop= 0.000 R2z_loop= 1.000  dep_x=10.000 dep_z= 0.000
rank= 70 Lx=Ly=10 pg= 0.000 ids= 454 TEE= 0 R2x= 0.000 R2z= 1.000 R2x_loop= 0.000 R2z_loop= 1.000  dep_x=10.000 dep_z= 0.000
rank= 18 Lx=Ly=10 pg= 0.000 ids= 402 TEE= 0 R2x= 0.000 R2z= 1.000 R2x_loop= 0.000 R2z_loop= 1.000  dep_x=10.000 dep_z= 0.000
rank= 92 Lx=Ly=10 pg= 0.000 ids= 476 TEE= 0 R2x= 0.000 R2z= 1.000 R2x_loop= 0.000 R2z_loop= 1.000  dep_x=10.000 dep_z= 0.000
rank= 76 Lx=Ly=10 pg= 0.000 ids= 460 TEE= 0 R2x= 0.000 R2z= 1.000 R2x_loop= 0.000 R2z_loop= 1.000  dep_x=10.000 dep_z= 0.000
rank= 14 Lx=Ly=10 pg= 0.000 ids= 398 TEE= 0 R2x= 0.000 R2z= 1.000 R2x_loop= 0.000 R2z_loop= 1.000  dep_x=10.000 dep_z= 0.000
rank= 72 Lx=Ly=10 pg= 0.000 ids= 456 TEE= 0 R2x= 0.000 R2z= 1.000 R2x_loop= 0.000 R2z_loop= 1.000  dep_x=10.000 dep_z= 0.000
rank= 94 Lx=Ly=10 pg= 0.000 ids= 478 TEE= 0 R2x= 0.000 R2z= 1.000 R2x_loop= 0.000 R2z_loop= 1.000  dep_x=10.000 dep_z= 0.000
rank= 20 Lx=Ly=10 pg= 0.000 ids= 404 TEE= 0 R2x= 0.000 R2z= 1.000 R2x_loop= 0.000 R2z_loop= 1.000  dep_x=10.000 dep_z= 0.000
rank= 12 Lx=Ly=10 pg= 0.000 ids= 396 TEE= 0 R2x= 0.000 R2z= 1.000 R2x_loop= 0.000 R2z_loop= 1.000  dep_x=10.000 dep_z= 0.000
rank= 42 Lx=Ly=10 pg= 0.000 ids= 426 TEE= 0 R2x= 0.000 R2z= 1.000 R2x_loop= 0.000 R2z_loop= 1.000  dep_x=10.000 dep_z= 0.000
rank= 78 Lx=Ly=10 pg= 0.000 ids= 462 TEE= 0 R2x= 0.000 R2z= 1.000 R2x_loop= 0.000 R2z_loop= 1.000  dep_x=10.000 dep_z= 0.000
rank= 80 Lx=Ly=10 pg= 0.000 ids= 464 TEE= 0 R2x= 0.000 R2z= 1.000 R2x_loop= 0.000 R2z_loop= 1.000  dep_x=10.000 dep_z= 0.000
rank=  8 Lx=Ly=10 pg= 0.000 ids= 392 TEE= 0 R2x= 0.000 R2z= 1.000 R2x_loop= 0.000 R2z_loop= 1.000  dep_x=10.000 dep_z= 0.000
rank= 84 Lx=Ly=10 pg= 0.000 ids= 468 TEE= 0 R2x= 0.000 R2z= 1.000 R2x_loop= 0.000 R2z_loop= 1.000  dep_x=10.000 dep_z= 0.000
rank= 90 Lx=Ly=10 pg= 0.000 ids= 474 TEE= 0 R2x= 0.000 R2z= 1.000 R2x_loop= 0.000 R2z_loop= 1.000  dep_x=10.000 dep_z= 0.000
rank= 44 Lx=Ly=10 pg= 0.000 ids= 428 TEE= 0 R2x= 0.000 R2z= 1.000 R2x_loop= 0.000 R2z_loop= 1.000  dep_x=10.000 dep_z= 0.000
rank= 28 Lx=Ly=10 pg= 0.000 ids= 412 TEE= 0 R2x= 0.000 R2z= 1.000 R2x_loop= 0.000 R2z_loop= 1.000  dep_x=10.000 dep_z= 0.000
rank= 74 Lx=Ly=10 pg= 0.000 ids= 458 TEE= 0 R2x= 0.000 R2z= 1.000 R2x_loop= 0.000 R2z_loop= 1.000  dep_x=10.000 dep_z= 0.000
rank= 40 Lx=Ly=10 pg= 0.000 ids= 424 TEE= 0 R2x= 0.000 R2z= 1.000 R2x_loop= 0.000 R2z_loop= 1.000  dep_x=10.000 dep_z= 0.000
rank= 26 Lx=Ly=10 pg= 0.000 ids= 410 TEE= 0 R2x= 0.000 R2z= 1.000 R2x_loop= 0.000 R2z_loop= 1.000  dep_x=10.000 dep_z= 0.000
rank= 34 Lx=Ly=10 pg= 0.000 ids= 418 TEE= 0 R2x= 0.000 R2z= 1.000 R2x_loop= 0.000 R2z_loop= 1.000  dep_x=10.000 dep_z= 0.000
rank= 46 Lx=Ly=10 pg= 0.000 ids= 430 TEE= 0 R2x= 0.000 R2z= 1.000 R2x_loop= 0.000 R2z_loop= 1.000  dep_x=10.000 dep_z= 0.000
rank=126 Lx=Ly=10 pg= 0.000 ids= 510 TEE= 0 R2x= 0.000 R2z= 1.000 R2x_loop= 0.000 R2z_loop= 1.000  dep_x=10.000 dep_z= 0.000
rank=102 Lx=Ly=10 pg= 0.000 ids= 486 TEE= 0 R2x= 0.000 R2z= 1.000 R2x_loop= 0.000 R2z_loop= 1.000  dep_x=10.000 dep_z= 0.000
rank=108 Lx=Ly=10 pg= 0.000 ids= 492 TEE= 0 R2x= 0.000 R2z= 1.000 R2x_loop= 0.000 R2z_loop= 1.000  dep_x=10.000 dep_z= 0.000
rank=112 Lx=Ly=10 pg= 0.000 ids= 496 TEE= 0 R2x= 0.000 R2z= 1.000 R2x_loop= 0.000 R2z_loop= 1.000  dep_x=10.000 dep_z= 0.000
rank=100 Lx=Ly=10 pg= 0.000 ids= 484 TEE= 0 R2x= 0.000 R2z= 1.000 R2x_loop= 0.000 R2z_loop= 1.000  dep_x=10.000 dep_z= 0.000
rank= 95 Lx=Ly=10 pg= 0.000 ids= 479 TEE= 0 R2x= 0.000 R2z= 1.000 R2x_loop= 0.000 R2z_loop= 1.000  dep_x=10.000 dep_z= 0.000
rank=116 Lx=Ly=10 pg= 0.000 ids= 500 TEE= 0 R2x= 0.000 R2z= 1.000 R2x_loop= 0.000 R2z_loop= 1.000  dep_x=10.000 dep_z= 0.000
rank=118 Lx=Ly=10 pg= 0.000 ids= 502 TEE= 0 R2x= 0.000 R2z= 1.000 R2x_loop= 0.000 R2z_loop= 1.000  dep_x=10.000 dep_z= 0.000
rank=106 Lx=Ly=10 pg= 0.000 ids= 490 TEE= 0 R2x= 0.000 R2z= 1.000 R2x_loop= 0.000 R2z_loop= 1.000  dep_x=10.000 dep_z= 0.000
rank= 56 Lx=Ly=10 pg= 0.000 ids= 440 TEE= 0 R2x= 0.000 R2z= 1.000 R2x_loop= 0.000 R2z_loop= 1.000  dep_x=10.000 dep_z= 0.000
rank= 24 Lx=Ly=10 pg= 0.000 ids= 408 TEE= 0 R2x= 0.000 R2z= 1.000 R2x_loop= 0.000 R2z_loop= 1.000  dep_x=10.000 dep_z= 0.000
rank=120 Lx=Ly=10 pg= 0.000 ids= 504 TEE= 0 R2x= 0.000 R2z= 1.000 R2x_loop= 0.000 R2z_loop= 1.000  dep_x=10.000 dep_z= 0.000
rank= 62 Lx=Ly=10 pg= 0.000 ids= 446 TEE= 0 R2x= 0.000 R2z= 1.000 R2x_loop= 0.000 R2z_loop= 1.000  dep_x=10.000 dep_z= 0.000
rank= 47 Lx=Ly=10 pg= 0.000 ids= 431 TEE= 0 R2x= 0.000 R2z= 1.000 R2x_loop= 0.000 R2z_loop= 1.000  dep_x=10.000 dep_z= 0.000
rank=124 Lx=Ly=10 pg= 0.000 ids= 508 TEE= 0 R2x= 0.000 R2z= 1.000 R2x_loop= 0.000 R2z_loop= 1.000  dep_x=10.000 dep_z= 0.000
rank=122 Lx=Ly=10 pg= 0.000 ids= 506 TEE= 0 R2x= 0.000 R2z= 1.000 R2x_loop= 0.000 R2z_loop= 1.000  dep_x=10.000 dep_z= 0.000
rank= 86 Lx=Ly=10 pg= 0.000 ids= 470 TEE= 0 R2x= 0.000 R2z= 1.000 R2x_loop= 0.000 R2z_loop= 1.000  dep_x=10.000 dep_z= 0.000
rank= 58 Lx=Ly=10 pg= 0.000 ids= 442 TEE= 0 R2x= 0.000 R2z= 1.000 R2x_loop= 0.000 R2z_loop= 1.000  dep_x=10.000 dep_z= 0.000
rank= 60 Lx=Ly=10 pg= 0.000 ids= 444 TEE= 0 R2x= 0.000 R2z= 1.000 R2x_loop= 0.000 R2z_loop= 1.000  dep_x=10.000 dep_z= 0.000
rank= 96 Lx=Ly=10 pg= 0.000 ids= 480 TEE= 0 R2x= 0.000 R2z= 1.000 R2x_loop= 0.000 R2z_loop= 1.000  dep_x=10.000 dep_z= 0.000
rank= 98 Lx=Ly=10 pg= 0.000 ids= 482 TEE= 0 R2x= 0.000 R2z= 1.000 R2x_loop= 0.000 R2z_loop= 1.000  dep_x=10.000 dep_z= 0.000
rank=104 Lx=Ly=10 pg= 0.000 ids= 488 TEE= 0 R2x= 0.000 R2z= 1.000 R2x_loop= 0.000 R2z_loop= 1.000  dep_x=10.000 dep_z= 0.000
rank=114 Lx=Ly=10 pg= 0.000 ids= 498 TEE= 0 R2x= 0.000 R2z= 1.000 R2x_loop= 0.000 R2z_loop= 1.000  dep_x=10.000 dep_z= 0.000
rank=101 Lx=Ly=10 pg= 0.000 ids= 485 TEE= 0 R2x= 0.000 R2z= 1.000 R2x_loop= 0.000 R2z_loop= 1.000  dep_x=10.000 dep_z= 0.000
rank= 66 Lx=Ly=10 pg= 0.000 ids= 450 TEE= 0 R2x= 0.000 R2z= 1.000 R2x_loop= 0.000 R2z_loop= 1.000  dep_x=10.000 dep_z= 0.000
rank=110 Lx=Ly=10 pg= 0.000 ids= 494 TEE= 0 R2x= 0.000 R2z= 1.000 R2x_loop= 0.000 R2z_loop= 1.000  dep_x=10.000 dep_z= 0.000
rank= 83 Lx=Ly=10 pg= 0.000 ids= 467 TEE= 0 R2x= 0.000 R2z= 1.000 R2x_loop= 0.000 R2z_loop= 1.000  dep_x=10.000 dep_z= 0.000
rank= 82 Lx=Ly=10 pg= 0.000 ids= 466 TEE= 0 R2x= 0.000 R2z= 1.000 R2x_loop= 0.000 R2z_loop= 1.000  dep_x=10.000 dep_z= 0.000
rank= 32 Lx=Ly=10 pg= 0.000 ids= 416 TEE= 0 R2x= 0.000 R2z= 1.000 R2x_loop= 0.000 R2z_loop= 1.000  dep_x=10.000 dep_z= 0.000
rank= 11 Lx=Ly=10 pg= 0.000 ids= 395 TEE= 0 R2x= 0.000 R2z= 1.000 R2x_loop= 0.000 R2z_loop= 1.000  dep_x=10.000 dep_z= 0.000
rank= 31 Lx=Ly=10 pg= 0.000 ids= 287 TEE= 0 R2x= 0.000 R2z= 1.000 R2x_loop= 0.000 R2z_loop= 1.000  dep_x=10.000 dep_z= 0.000
rank=  2 Lx=Ly=10 pg= 0.000 ids= 386 TEE= 0 R2x= 0.000 R2z= 1.000 R2x_loop= 0.000 R2z_loop= 1.000  dep_x=10.000 dep_z= 0.000
rank= 50 Lx=Ly=10 pg= 0.000 ids= 434 TEE= 0 R2x= 0.000 R2z= 1.000 R2x_loop= 0.000 R2z_loop= 1.000  dep_x=10.000 dep_z= 0.000
rank= 54 Lx=Ly=10 pg= 0.000 ids= 438 TEE= 0 R2x= 0.000 R2z= 1.000 R2x_loop= 0.000 R2z_loop= 1.000  dep_x=10.000 dep_z= 0.000
rank= 68 Lx=Ly=10 pg= 0.000 ids= 452 TEE= 0 R2x= 0.000 R2z= 1.000 R2x_loop= 0.000 R2z_loop= 1.000  dep_x=10.000 dep_z= 0.000
rank= 38 Lx=Ly=10 pg= 0.000 ids= 422 TEE= 0 R2x= 0.000 R2z= 1.000 R2x_loop= 0.000 R2z_loop= 1.000  dep_x=10.000 dep_z= 0.000
rank=  6 Lx=Ly=10 pg= 0.000 ids= 390 TEE= 0 R2x= 0.000 R2z= 1.000 R2x_loop= 0.000 R2z_loop= 1.000  dep_x=10.000 dep_z= 0.000
rank= 77 Lx=Ly=10 pg= 0.000 ids= 461 TEE= 0 R2x= 0.000 R2z= 1.000 R2x_loop= 0.000 R2z_loop= 1.000  dep_x=10.000 dep_z= 0.000
rank= 30 Lx=Ly=10 pg= 0.000 ids= 414 TEE= 0 R2x= 0.000 R2z= 1.000 R2x_loop= 0.000 R2z_loop= 1.000  dep_x=10.000 dep_z= 0.000
rank= 52 Lx=Ly=10 pg= 0.000 ids= 436 TEE= 0 R2x= 0.000 R2z= 1.000 R2x_loop= 0.000 R2z_loop= 1.000  dep_x=10.000 dep_z= 0.000
rank= 88 Lx=Ly=10 pg= 0.000 ids= 472 TEE= 0 R2x= 0.000 R2z= 1.000 R2x_loop= 0.000 R2z_loop= 1.000  dep_x=10.000 dep_z= 0.000
rank= 22 Lx=Ly=10 pg= 0.000 ids= 406 TEE= 0 R2x= 0.000 R2z= 1.000 R2x_loop= 0.000 R2z_loop= 1.000  dep_x=10.000 dep_z= 0.000
rank= 64 Lx=Ly=10 pg= 0.000 ids= 448 TEE= 0 R2x= 0.000 R2z= 1.000 R2x_loop= 0.000 R2z_loop= 1.000  dep_x=10.000 dep_z= 0.000
rank=123 Lx=Ly=10 pg= 0.000 ids= 507 TEE= 0 R2x= 0.000 R2z= 1.000 R2x_loop= 0.000 R2z_loop= 1.000  dep_x=10.000 dep_z= 0.000
rank= 36 Lx=Ly=10 pg= 0.000 ids= 420 TEE= 0 R2x= 0.000 R2z= 1.000 R2x_loop= 0.000 R2z_loop= 1.000  dep_x=10.000 dep_z= 0.000
rank= 10 Lx=Ly=10 pg= 0.000 ids= 394 TEE= 0 R2x= 0.000 R2z= 1.000 R2x_loop= 0.000 R2z_loop= 1.000  dep_x=10.000 dep_z= 0.000
rank=111 Lx=Ly=10 pg= 0.000 ids= 495 TEE= 0 R2x= 0.000 R2z= 1.000 R2x_loop= 0.000 R2z_loop= 1.000  dep_x=10.000 dep_z= 0.000
rank=121 Lx=Ly=10 pg= 0.000 ids= 505 TEE= 0 R2x= 0.000 R2z= 1.000 R2x_loop= 0.000 R2z_loop= 1.000  dep_x=10.000 dep_z= 0.000
rank=  7 Lx=Ly=10 pg= 0.000 ids= 391 TEE= 0 R2x= 0.000 R2z= 1.000 R2x_loop= 0.000 R2z_loop= 1.000  dep_x=10.000 dep_z= 0.000
rank= 71 Lx=Ly=10 pg= 0.000 ids= 583 TEE= 0 R2x= 0.000 R2z= 1.000 R2x_loop= 0.000 R2z_loop= 1.000  dep_x=10.000 dep_z= 0.000
rank= 67 Lx=Ly=10 pg= 0.000 ids= 579 TEE= 0 R2x= 0.000 R2z= 1.000 R2x_loop= 0.000 R2z_loop= 1.000  dep_x=10.000 dep_z= 0.000
rank=109 Lx=Ly=10 pg= 0.000 ids= 621 TEE= 0 R2x= 0.000 R2z= 1.000 R2x_loop= 0.000 R2z_loop= 1.000  dep_x=10.000 dep_z= 0.000
rank= 93 Lx=Ly=10 pg= 0.000 ids= 605 TEE= 0 R2x= 0.000 R2z= 1.000 R2x_loop= 0.000 R2z_loop= 1.000  dep_x=10.000 dep_z= 0.000
rank= 69 Lx=Ly=10 pg= 0.000 ids= 581 TEE= 0 R2x= 0.000 R2z= 1.000 R2x_loop= 0.000 R2z_loop= 1.000  dep_x=10.000 dep_z= 0.000
rank= 91 Lx=Ly=10 pg= 0.000 ids= 603 TEE= 0 R2x= 0.000 R2z= 1.000 R2x_loop= 0.000 R2z_loop= 1.000  dep_x=10.000 dep_z= 0.000
rank= 79 Lx=Ly=10 pg= 0.000 ids= 591 TEE= 0 R2x= 0.000 R2z= 1.000 R2x_loop= 0.000 R2z_loop= 1.000  dep_x=10.000 dep_z= 0.000
rank= 89 Lx=Ly=10 pg= 0.000 ids= 601 TEE= 0 R2x= 0.000 R2z= 1.000 R2x_loop= 0.000 R2z_loop= 1.000  dep_x=10.000 dep_z= 0.000
rank= 75 Lx=Ly=10 pg= 0.000 ids= 587 TEE= 0 R2x= 0.000 R2z= 1.000 R2x_loop= 0.000 R2z_loop= 1.000  dep_x=10.000 dep_z= 0.000
rank= 37 Lx=Ly=10 pg= 0.000 ids= 549 TEE= 0 R2x= 0.000 R2z= 1.000 R2x_loop= 0.000 R2z_loop= 1.000  dep_x=10.000 dep_z= 0.000
rank=  1 Lx=Ly=10 pg= 0.000 ids= 513 TEE= 0 R2x= 0.000 R2z= 1.000 R2x_loop= 0.000 R2z_loop= 1.000  dep_x=10.000 dep_z= 0.000
rank=125 Lx=Ly=10 pg= 0.000 ids= 637 TEE= 0 R2x= 0.000 R2z= 1.000 R2x_loop= 0.000 R2z_loop= 1.000  dep_x=10.000 dep_z= 0.000
rank= 61 Lx=Ly=10 pg= 0.000 ids= 573 TEE= 0 R2x= 0.000 R2z= 1.000 R2x_loop= 0.000 R2z_loop= 1.000  dep_x=10.000 dep_z= 0.000
rank= 35 Lx=Ly=10 pg= 0.000 ids= 547 TEE= 0 R2x= 0.000 R2z= 1.000 R2x_loop= 0.000 R2z_loop= 1.000  dep_x=10.000 dep_z= 0.000
rank= 59 Lx=Ly=10 pg= 0.000 ids= 571 TEE= 0 R2x= 0.000 R2z= 1.000 R2x_loop= 0.000 R2z_loop= 1.000  dep_x=10.000 dep_z= 0.000
rank= 87 Lx=Ly=10 pg= 0.000 ids= 599 TEE= 0 R2x= 0.000 R2z= 1.000 R2x_loop= 0.000 R2z_loop= 1.000  dep_x=10.000 dep_z= 0.000
rank=  3 Lx=Ly=10 pg= 0.000 ids= 515 TEE= 0 R2x= 0.000 R2z= 1.000 R2x_loop= 0.000 R2z_loop= 1.000  dep_x=10.000 dep_z= 0.000
rank= 25 Lx=Ly=10 pg= 0.000 ids= 537 TEE= 0 R2x= 0.000 R2z= 1.000 R2x_loop= 0.000 R2z_loop= 1.000  dep_x=10.000 dep_z= 0.000
rank= 39 Lx=Ly=10 pg= 0.000 ids= 551 TEE= 0 R2x= 0.000 R2z= 1.000 R2x_loop= 0.000 R2z_loop= 1.000  dep_x=10.000 dep_z= 0.000
rank= 85 Lx=Ly=10 pg= 0.000 ids= 597 TEE= 0 R2x= 0.000 R2z= 1.000 R2x_loop= 0.000 R2z_loop= 1.000  dep_x=10.000 dep_z= 0.000
rank=  5 Lx=Ly=10 pg= 0.000 ids= 517 TEE= 0 R2x= 0.000 R2z= 1.000 R2x_loop= 0.000 R2z_loop= 1.000  dep_x=10.000 dep_z= 0.000
rank=127 Lx=Ly=10 pg= 0.000 ids= 639 TEE= 0 R2x= 0.000 R2z= 1.000 R2x_loop= 0.000 R2z_loop= 1.000  dep_x=10.000 dep_z= 0.000
rank= 17 Lx=Ly=10 pg= 0.000 ids= 529 TEE= 0 R2x= 0.000 R2z= 1.000 R2x_loop= 0.000 R2z_loop= 1.000  dep_x=10.000 dep_z= 0.000
rank= 57 Lx=Ly=10 pg= 0.000 ids= 569 TEE= 0 R2x= 0.000 R2z= 1.000 R2x_loop= 0.000 R2z_loop= 1.000  dep_x=10.000 dep_z= 0.000
rank= 63 Lx=Ly=10 pg= 0.000 ids= 575 TEE= 0 R2x= 0.000 R2z= 1.000 R2x_loop= 0.000 R2z_loop= 1.000  dep_x=10.000 dep_z= 0.000
rank=103 Lx=Ly=10 pg= 0.000 ids= 615 TEE= 0 R2x= 0.000 R2z= 1.000 R2x_loop= 0.000 R2z_loop= 1.000  dep_x=10.000 dep_z= 0.000
rank= 55 Lx=Ly=10 pg= 0.000 ids= 567 TEE= 0 R2x= 0.000 R2z= 1.000 R2x_loop= 0.000 R2z_loop= 1.000  dep_x=10.000 dep_z= 0.000
rank= 51 Lx=Ly=10 pg= 0.000 ids= 563 TEE= 0 R2x= 0.000 R2z= 1.000 R2x_loop= 0.000 R2z_loop= 1.000  dep_x=10.000 dep_z= 0.000
rank= 49 Lx=Ly=10 pg= 0.000 ids= 561 TEE= 0 R2x= 0.000 R2z= 1.000 R2x_loop= 0.000 R2z_loop= 1.000  dep_x=10.000 dep_z= 0.000
rank=117 Lx=Ly=10 pg= 0.000 ids= 629 TEE= 0 R2x= 0.000 R2z= 1.000 R2x_loop= 0.000 R2z_loop= 1.000  dep_x=10.000 dep_z= 0.000
rank= 21 Lx=Ly=10 pg= 0.000 ids= 533 TEE= 0 R2x= 0.000 R2z= 1.000 R2x_loop= 0.000 R2z_loop= 1.000  dep_x=10.000 dep_z= 0.000
rank= 23 Lx=Ly=10 pg= 0.000 ids= 535 TEE= 0 R2x= 0.000 R2z= 1.000 R2x_loop= 0.000 R2z_loop= 1.000  dep_x=10.000 dep_z= 0.000
rank= 45 Lx=Ly=10 pg= 0.000 ids= 557 TEE= 0 R2x= 0.000 R2z= 1.000 R2x_loop= 0.000 R2z_loop= 1.000  dep_x=10.000 dep_z= 0.000
rank=119 Lx=Ly=10 pg= 0.000 ids= 631 TEE= 0 R2x= 0.000 R2z= 1.000 R2x_loop= 0.000 R2z_loop= 1.000  dep_x=10.000 dep_z= 0.000
rank= 27 Lx=Ly=10 pg= 0.000 ids= 539 TEE= 0 R2x= 0.000 R2z= 1.000 R2x_loop= 0.000 R2z_loop= 1.000  dep_x=10.000 dep_z= 0.000
rank=115 Lx=Ly=10 pg= 0.000 ids= 627 TEE= 0 R2x= 0.000 R2z= 1.000 R2x_loop= 0.000 R2z_loop= 1.000  dep_x=10.000 dep_z= 0.000
rank= 41 Lx=Ly=10 pg= 0.000 ids= 553 TEE= 0 R2x= 0.000 R2z= 1.000 R2x_loop= 0.000 R2z_loop= 1.000  dep_x=10.000 dep_z= 0.000
rank=  9 Lx=Ly=10 pg= 0.000 ids= 521 TEE= 0 R2x= 0.000 R2z= 1.000 R2x_loop= 0.000 R2z_loop= 1.000  dep_x=10.000 dep_z= 0.000
rank=113 Lx=Ly=10 pg= 0.000 ids= 625 TEE= 0 R2x= 0.000 R2z= 1.000 R2x_loop= 0.000 R2z_loop= 1.000  dep_x=10.000 dep_z= 0.000
rank= 15 Lx=Ly=10 pg= 0.000 ids= 527 TEE= 0 R2x= 0.000 R2z= 1.000 R2x_loop= 0.000 R2z_loop= 1.000  dep_x=10.000 dep_z= 0.000
rank= 13 Lx=Ly=10 pg= 0.000 ids= 525 TEE= 0 R2x= 0.000 R2z= 1.000 R2x_loop= 0.000 R2z_loop= 1.000  dep_x=10.000 dep_z= 0.000
rank= 33 Lx=Ly=10 pg= 0.000 ids= 545 TEE= 0 R2x= 0.000 R2z= 1.000 R2x_loop= 0.000 R2z_loop= 1.000  dep_x=10.000 dep_z= 0.000
rank= 19 Lx=Ly=10 pg= 0.000 ids= 531 TEE= 0 R2x= 0.000 R2z= 1.000 R2x_loop= 0.000 R2z_loop= 1.000  dep_x=10.000 dep_z= 0.000
rank= 73 Lx=Ly=10 pg= 0.000 ids= 585 TEE= 0 R2x= 0.000 R2z= 1.000 R2x_loop= 0.000 R2z_loop= 1.000  dep_x=10.000 dep_z= 0.000
rank= 97 Lx=Ly=10 pg= 0.000 ids= 609 TEE= 0 R2x= 0.000 R2z= 1.000 R2x_loop= 0.000 R2z_loop= 1.000  dep_x=10.000 dep_z= 0.000
rank=105 Lx=Ly=10 pg= 0.000 ids= 617 TEE= 0 R2x= 0.000 R2z= 1.000 R2x_loop= 0.000 R2z_loop= 1.000  dep_x=10.000 dep_z= 0.000
rank= 81 Lx=Ly=10 pg= 0.000 ids= 465 TEE= 0 R2x= 0.000 R2z= 1.000 R2x_loop= 0.000 R2z_loop= 1.000  dep_x=10.000 dep_z= 0.000
rank= 43 Lx=Ly=10 pg= 0.000 ids= 555 TEE= 0 R2x= 0.000 R2z= 1.000 R2x_loop= 0.000 R2z_loop= 1.000  dep_x=10.000 dep_z= 0.000
rank=107 Lx=Ly=10 pg= 0.000 ids= 491 TEE= 0 R2x= 0.000 R2z= 1.000 R2x_loop= 0.000 R2z_loop= 1.000  dep_x=10.000 dep_z= 0.000
rank= 29 Lx=Ly=10 pg= 0.000 ids= 413 TEE= 0 R2x= 0.000 R2z= 1.000 R2x_loop= 0.000 R2z_loop= 1.000  dep_x=10.000 dep_z= 0.000
rank=  4 Lx=Ly=10 pg= 0.000 ids= 516 TEE= 0 R2x= 0.000 R2z= 1.000 R2x_loop= 0.000 R2z_loop= 1.000  dep_x=10.000 dep_z= 0.000
rank=  0 Lx=Ly=10 pg= 0.000 ids= 512 TEE= 0 R2x= 0.000 R2z= 1.000 R2x_loop= 0.000 R2z_loop= 1.000  dep_x=10.000 dep_z= 0.000
rank= 48 Lx=Ly=10 pg= 0.000 ids= 560 TEE= 0 R2x= 0.000 R2z= 1.000 R2x_loop= 0.000 R2z_loop= 1.000  dep_x=10.000 dep_z= 0.000
rank= 16 Lx=Ly=10 pg= 0.000 ids= 528 TEE= 0 R2x= 0.000 R2z= 1.000 R2x_loop= 0.000 R2z_loop= 1.000  dep_x=10.000 dep_z= 0.000
rank= 92 Lx=Ly=10 pg= 0.000 ids= 604 TEE= 0 R2x= 0.000 R2z= 1.000 R2x_loop= 0.000 R2z_loop= 1.000  dep_x=10.000 dep_z= 0.000
rank= 18 Lx=Ly=10 pg= 0.000 ids= 530 TEE= 0 R2x= 0.000 R2z= 1.000 R2x_loop= 0.000 R2z_loop= 1.000  dep_x=10.000 dep_z= 0.000
rank= 14 Lx=Ly=10 pg= 0.000 ids= 526 TEE= 0 R2x= 0.000 R2z= 1.000 R2x_loop= 0.000 R2z_loop= 1.000  dep_x=10.000 dep_z= 0.000
rank= 94 Lx=Ly=10 pg= 0.000 ids= 606 TEE= 0 R2x= 0.000 R2z= 1.000 R2x_loop= 0.000 R2z_loop= 1.000  dep_x=10.000 dep_z= 0.000
rank= 95 Lx=Ly=10 pg= 0.000 ids= 607 TEE= 0 R2x= 0.000 R2z= 1.000 R2x_loop= 0.000 R2z_loop= 1.000  dep_x=10.000 dep_z= 0.000
rank= 70 Lx=Ly=10 pg= 0.000 ids= 582 TEE= 0 R2x= 0.000 R2z= 1.000 R2x_loop= 0.000 R2z_loop= 1.000  dep_x=10.000 dep_z= 0.000
rank= 76 Lx=Ly=10 pg= 0.000 ids= 588 TEE= 0 R2x= 0.000 R2z= 1.000 R2x_loop= 0.000 R2z_loop= 1.000  dep_x=10.000 dep_z= 0.000
rank= 12 Lx=Ly=10 pg= 0.000 ids= 524 TEE= 0 R2x= 0.000 R2z= 1.000 R2x_loop= 0.000 R2z_loop= 1.000  dep_x=10.000 dep_z= 0.000
rank=  8 Lx=Ly=10 pg= 0.000 ids= 520 TEE= 0 R2x= 0.000 R2z= 1.000 R2x_loop= 0.000 R2z_loop= 1.000  dep_x=10.000 dep_z= 0.000
rank= 47 Lx=Ly=10 pg= 0.000 ids= 559 TEE= 0 R2x= 0.000 R2z= 1.000 R2x_loop= 0.000 R2z_loop= 1.000  dep_x=10.000 dep_z= 0.000
rank= 72 Lx=Ly=10 pg= 0.000 ids= 584 TEE= 0 R2x= 0.000 R2z= 1.000 R2x_loop= 0.000 R2z_loop= 1.000  dep_x=10.000 dep_z= 0.000
rank= 42 Lx=Ly=10 pg= 0.000 ids= 554 TEE= 0 R2x= 0.000 R2z= 1.000 R2x_loop= 0.000 R2z_loop= 1.000  dep_x=10.000 dep_z= 0.000
rank= 80 Lx=Ly=10 pg= 0.000 ids= 592 TEE= 0 R2x= 0.000 R2z= 1.000 R2x_loop= 0.000 R2z_loop= 1.000  dep_x=10.000 dep_z= 0.000
rank= 78 Lx=Ly=10 pg= 0.000 ids= 590 TEE= 0 R2x= 0.000 R2z= 1.000 R2x_loop= 0.000 R2z_loop= 1.000  dep_x=10.000 dep_z= 0.000
rank= 44 Lx=Ly=10 pg= 0.000 ids= 556 TEE= 0 R2x= 0.000 R2z= 1.000 R2x_loop= 0.000 R2z_loop= 1.000  dep_x=10.000 dep_z= 0.000
rank= 84 Lx=Ly=10 pg= 0.000 ids= 596 TEE= 0 R2x= 0.000 R2z= 1.000 R2x_loop= 0.000 R2z_loop= 1.000  dep_x=10.000 dep_z= 0.000
rank= 90 Lx=Ly=10 pg= 0.000 ids= 602 TEE= 0 R2x= 0.000 R2z= 1.000 R2x_loop= 0.000 R2z_loop= 1.000  dep_x=10.000 dep_z= 0.000
rank= 20 Lx=Ly=10 pg= 0.000 ids= 532 TEE= 0 R2x= 0.000 R2z= 1.000 R2x_loop= 0.000 R2z_loop= 1.000  dep_x=10.000 dep_z= 0.000
rank= 74 Lx=Ly=10 pg= 0.000 ids= 586 TEE= 0 R2x= 0.000 R2z= 1.000 R2x_loop= 0.000 R2z_loop= 1.000  dep_x=10.000 dep_z= 0.000
rank= 40 Lx=Ly=10 pg= 0.000 ids= 552 TEE= 0 R2x= 0.000 R2z= 1.000 R2x_loop= 0.000 R2z_loop= 1.000  dep_x=10.000 dep_z= 0.000
rank= 26 Lx=Ly=10 pg= 0.000 ids= 538 TEE= 0 R2x= 0.000 R2z= 1.000 R2x_loop= 0.000 R2z_loop= 1.000  dep_x=10.000 dep_z= 0.000
rank=126 Lx=Ly=10 pg= 0.000 ids= 638 TEE= 0 R2x= 0.000 R2z= 1.000 R2x_loop= 0.000 R2z_loop= 1.000  dep_x=10.000 dep_z= 0.000
rank=108 Lx=Ly=10 pg= 0.000 ids= 620 TEE= 0 R2x= 0.000 R2z= 1.000 R2x_loop= 0.000 R2z_loop= 1.000  dep_x=10.000 dep_z= 0.000
rank= 56 Lx=Ly=10 pg= 0.000 ids= 568 TEE= 0 R2x= 0.000 R2z= 1.000 R2x_loop= 0.000 R2z_loop= 1.000  dep_x=10.000 dep_z= 0.000
rank= 24 Lx=Ly=10 pg= 0.000 ids= 536 TEE= 0 R2x= 0.000 R2z= 1.000 R2x_loop= 0.000 R2z_loop= 1.000  dep_x=10.000 dep_z= 0.000
rank=106 Lx=Ly=10 pg= 0.000 ids= 618 TEE= 0 R2x= 0.000 R2z= 1.000 R2x_loop= 0.000 R2z_loop= 1.000  dep_x=10.000 dep_z= 0.000
rank=102 Lx=Ly=10 pg= 0.000 ids= 614 TEE= 0 R2x= 0.000 R2z= 1.000 R2x_loop= 0.000 R2z_loop= 1.000  dep_x=10.000 dep_z= 0.000
rank= 46 Lx=Ly=10 pg= 0.000 ids= 558 TEE= 0 R2x= 0.000 R2z= 1.000 R2x_loop= 0.000 R2z_loop= 1.000  dep_x=10.000 dep_z= 0.000
rank= 62 Lx=Ly=10 pg= 0.000 ids= 574 TEE= 0 R2x= 0.000 R2z= 1.000 R2x_loop= 0.000 R2z_loop= 1.000  dep_x=10.000 dep_z= 0.000
rank=120 Lx=Ly=10 pg= 0.000 ids= 632 TEE= 0 R2x= 0.000 R2z= 1.000 R2x_loop= 0.000 R2z_loop= 1.000  dep_x=10.000 dep_z= 0.000
rank= 34 Lx=Ly=10 pg= 0.000 ids= 546 TEE= 0 R2x= 0.000 R2z= 1.000 R2x_loop= 0.000 R2z_loop= 1.000  dep_x=10.000 dep_z= 0.000
rank=100 Lx=Ly=10 pg= 0.000 ids= 612 TEE= 0 R2x= 0.000 R2z= 1.000 R2x_loop= 0.000 R2z_loop= 1.000  dep_x=10.000 dep_z= 0.000
rank=124 Lx=Ly=10 pg= 0.000 ids= 636 TEE= 0 R2x= 0.000 R2z= 1.000 R2x_loop= 0.000 R2z_loop= 1.000  dep_x=10.000 dep_z= 0.000
rank=122 Lx=Ly=10 pg= 0.000 ids= 634 TEE= 0 R2x= 0.000 R2z= 1.000 R2x_loop= 0.000 R2z_loop= 1.000  dep_x=10.000 dep_z= 0.000
rank=112 Lx=Ly=10 pg= 0.000 ids= 624 TEE= 0 R2x= 0.000 R2z= 1.000 R2x_loop= 0.000 R2z_loop= 1.000  dep_x=10.000 dep_z= 0.000
rank= 28 Lx=Ly=10 pg= 0.000 ids= 540 TEE= 0 R2x= 0.000 R2z= 1.000 R2x_loop= 0.000 R2z_loop= 1.000  dep_x=10.000 dep_z= 0.000
rank=118 Lx=Ly=10 pg= 0.000 ids= 630 TEE= 0 R2x= 0.000 R2z= 1.000 R2x_loop= 0.000 R2z_loop= 1.000  dep_x=10.000 dep_z= 0.000
rank=116 Lx=Ly=10 pg= 0.000 ids= 628 TEE= 0 R2x= 0.000 R2z= 1.000 R2x_loop= 0.000 R2z_loop= 1.000  dep_x=10.000 dep_z= 0.000
rank= 58 Lx=Ly=10 pg= 0.000 ids= 570 TEE= 0 R2x= 0.000 R2z= 1.000 R2x_loop= 0.000 R2z_loop= 1.000  dep_x=10.000 dep_z= 0.000
rank= 60 Lx=Ly=10 pg= 0.000 ids= 572 TEE= 0 R2x= 0.000 R2z= 1.000 R2x_loop= 0.000 R2z_loop= 1.000  dep_x=10.000 dep_z= 0.000
rank= 86 Lx=Ly=10 pg= 0.000 ids= 598 TEE= 0 R2x= 0.000 R2z= 1.000 R2x_loop= 0.000 R2z_loop= 1.000  dep_x=10.000 dep_z= 0.000
rank= 96 Lx=Ly=10 pg= 0.000 ids= 608 TEE= 0 R2x= 0.000 R2z= 1.000 R2x_loop= 0.000 R2z_loop= 1.000  dep_x=10.000 dep_z= 0.000
rank=104 Lx=Ly=10 pg= 0.000 ids= 616 TEE= 0 R2x= 0.000 R2z= 1.000 R2x_loop= 0.000 R2z_loop= 1.000  dep_x=10.000 dep_z= 0.000
rank= 98 Lx=Ly=10 pg= 0.000 ids= 610 TEE= 0 R2x= 0.000 R2z= 1.000 R2x_loop= 0.000 R2z_loop= 1.000  dep_x=10.000 dep_z= 0.000
rank=114 Lx=Ly=10 pg= 0.000 ids= 626 TEE= 0 R2x= 0.000 R2z= 1.000 R2x_loop= 0.000 R2z_loop= 1.000  dep_x=10.000 dep_z= 0.000
rank= 66 Lx=Ly=10 pg= 0.000 ids= 578 TEE= 0 R2x= 0.000 R2z= 1.000 R2x_loop= 0.000 R2z_loop= 1.000  dep_x=10.000 dep_z= 0.000
rank=101 Lx=Ly=10 pg= 0.000 ids= 613 TEE= 0 R2x= 0.000 R2z= 1.000 R2x_loop= 0.000 R2z_loop= 1.000  dep_x=10.000 dep_z= 0.000
rank=110 Lx=Ly=10 pg= 0.000 ids= 622 TEE= 0 R2x= 0.000 R2z= 1.000 R2x_loop= 0.000 R2z_loop= 1.000  dep_x=10.000 dep_z= 0.000
rank= 11 Lx=Ly=10 pg= 0.000 ids= 523 TEE= 0 R2x= 0.000 R2z= 1.000 R2x_loop= 0.000 R2z_loop= 1.000  dep_x=10.000 dep_z= 0.000
rank= 53 Lx=Ly=10 pg= 0.000 ids= 565 TEE= 0 R2x= 0.000 R2z= 1.000 R2x_loop= 0.000 R2z_loop= 1.000  dep_x=10.000 dep_z= 0.000
rank= 32 Lx=Ly=10 pg= 0.000 ids= 544 TEE= 0 R2x= 0.000 R2z= 1.000 R2x_loop= 0.000 R2z_loop= 1.000  dep_x=10.000 dep_z= 0.000
rank= 82 Lx=Ly=10 pg= 0.000 ids= 594 TEE= 0 R2x= 0.000 R2z= 1.000 R2x_loop= 0.000 R2z_loop= 1.000  dep_x=10.000 dep_z= 0.000
rank= 83 Lx=Ly=10 pg= 0.000 ids= 595 TEE= 0 R2x= 0.000 R2z= 1.000 R2x_loop= 0.000 R2z_loop= 1.000  dep_x=10.000 dep_z= 0.000
rank= 50 Lx=Ly=10 pg= 0.000 ids= 562 TEE= 0 R2x= 0.000 R2z= 1.000 R2x_loop= 0.000 R2z_loop= 1.000  dep_x=10.000 dep_z= 0.000
rank= 99 Lx=Ly=10 pg= 0.000 ids= 611 TEE= 0 R2x= 0.000 R2z= 1.000 R2x_loop= 0.000 R2z_loop= 1.000  dep_x=10.000 dep_z= 0.000
rank= 68 Lx=Ly=10 pg= 0.000 ids= 580 TEE= 0 R2x= 0.000 R2z= 1.000 R2x_loop= 0.000 R2z_loop= 1.000  dep_x=10.000 dep_z= 0.000
rank= 77 Lx=Ly=10 pg= 0.000 ids= 589 TEE= 0 R2x= 0.000 R2z= 1.000 R2x_loop= 0.000 R2z_loop= 1.000  dep_x=10.000 dep_z= 0.000
rank= 31 Lx=Ly=10 pg= 0.000 ids= 415 TEE= 0 R2x= 0.000 R2z= 1.000 R2x_loop= 0.000 R2z_loop= 1.000  dep_x=10.000 dep_z= 0.000
rank= 38 Lx=Ly=10 pg= 0.000 ids= 550 TEE= 0 R2x= 0.000 R2z= 1.000 R2x_loop= 0.000 R2z_loop= 1.000  dep_x=10.000 dep_z= 0.000
rank= 65 Lx=Ly=10 pg= 0.000 ids= 577 TEE= 0 R2x= 0.000 R2z= 1.000 R2x_loop= 0.000 R2z_loop= 1.000  dep_x=10.000 dep_z= 0.000
rank=  2 Lx=Ly=10 pg= 0.000 ids= 514 TEE= 0 R2x= 0.000 R2z= 1.000 R2x_loop= 0.000 R2z_loop= 1.000  dep_x=10.000 dep_z= 0.000
rank= 30 Lx=Ly=10 pg= 0.000 ids= 542 TEE= 0 R2x= 0.000 R2z= 1.000 R2x_loop= 0.000 R2z_loop= 1.000  dep_x=10.000 dep_z= 0.000
rank= 88 Lx=Ly=10 pg= 0.000 ids= 600 TEE= 0 R2x= 0.000 R2z= 1.000 R2x_loop= 0.000 R2z_loop= 1.000  dep_x=10.000 dep_z= 0.000
rank= 22 Lx=Ly=10 pg= 0.000 ids= 534 TEE= 0 R2x= 0.000 R2z= 1.000 R2x_loop= 0.000 R2z_loop= 1.000  dep_x=10.000 dep_z= 0.000
rank= 64 Lx=Ly=10 pg= 0.000 ids= 576 TEE= 0 R2x= 0.000 R2z= 1.000 R2x_loop= 0.000 R2z_loop= 1.000  dep_x=10.000 dep_z= 0.000
rank=  6 Lx=Ly=10 pg= 0.000 ids= 518 TEE= 0 R2x= 0.000 R2z= 1.000 R2x_loop= 0.000 R2z_loop= 1.000  dep_x=10.000 dep_z= 0.000
rank= 54 Lx=Ly=10 pg= 0.000 ids= 566 TEE= 0 R2x= 0.000 R2z= 1.000 R2x_loop= 0.000 R2z_loop= 1.000  dep_x=10.000 dep_z= 0.000
rank=123 Lx=Ly=10 pg= 0.000 ids= 635 TEE= 0 R2x= 0.000 R2z= 1.000 R2x_loop= 0.000 R2z_loop= 1.000  dep_x=10.000 dep_z= 0.000
rank= 71 Lx=Ly=10 pg= 0.000 ids= 711 TEE= 0 R2x= 0.000 R2z= 1.000 R2x_loop= 0.000 R2z_loop= 1.000  dep_x=10.000 dep_z= 0.000
rank= 67 Lx=Ly=10 pg= 0.000 ids= 707 TEE= 0 R2x= 0.000 R2z= 1.000 R2x_loop= 0.000 R2z_loop= 1.000  dep_x=10.000 dep_z= 0.000
rank=109 Lx=Ly=10 pg= 0.000 ids= 749 TEE= 0 R2x= 0.000 R2z= 1.000 R2x_loop= 0.000 R2z_loop= 1.000  dep_x=10.000 dep_z= 0.000
rank= 36 Lx=Ly=10 pg= 0.000 ids= 548 TEE= 0 R2x= 0.000 R2z= 1.000 R2x_loop= 0.000 R2z_loop= 1.000  dep_x=10.000 dep_z= 0.000
rank= 69 Lx=Ly=10 pg= 0.000 ids= 709 TEE= 0 R2x= 0.000 R2z= 1.000 R2x_loop= 0.000 R2z_loop= 1.000  dep_x=10.000 dep_z= 0.000
rank= 93 Lx=Ly=10 pg= 0.000 ids= 733 TEE= 0 R2x= 0.000 R2z= 1.000 R2x_loop= 0.000 R2z_loop= 1.000  dep_x=10.000 dep_z= 0.000
rank= 91 Lx=Ly=10 pg= 0.000 ids= 731 TEE= 0 R2x= 0.000 R2z= 1.000 R2x_loop= 0.000 R2z_loop= 1.000  dep_x=10.000 dep_z= 0.000
rank= 37 Lx=Ly=10 pg= 0.000 ids= 677 TEE= 0 R2x= 0.000 R2z= 1.000 R2x_loop= 0.000 R2z_loop= 1.000  dep_x=10.000 dep_z= 0.000
rank=  1 Lx=Ly=10 pg= 0.000 ids= 641 TEE= 0 R2x= 0.000 R2z= 1.000 R2x_loop= 0.000 R2z_loop= 1.000  dep_x=10.000 dep_z= 0.000
rank= 89 Lx=Ly=10 pg= 0.000 ids= 729 TEE= 0 R2x= 0.000 R2z= 1.000 R2x_loop= 0.000 R2z_loop= 1.000  dep_x=10.000 dep_z= 0.000
rank=125 Lx=Ly=10 pg= 0.000 ids= 765 TEE= 0 R2x= 0.000 R2z= 1.000 R2x_loop= 0.000 R2z_loop= 1.000  dep_x=10.000 dep_z= 0.000
rank= 79 Lx=Ly=10 pg= 0.000 ids= 719 TEE= 0 R2x= 0.000 R2z= 1.000 R2x_loop= 0.000 R2z_loop= 1.000  dep_x=10.000 dep_z= 0.000
rank= 35 Lx=Ly=10 pg= 0.000 ids= 675 TEE= 0 R2x= 0.000 R2z= 1.000 R2x_loop= 0.000 R2z_loop= 1.000  dep_x=10.000 dep_z= 0.000
rank= 75 Lx=Ly=10 pg= 0.000 ids= 715 TEE= 0 R2x= 0.000 R2z= 1.000 R2x_loop= 0.000 R2z_loop= 1.000  dep_x=10.000 dep_z= 0.000
rank= 87 Lx=Ly=10 pg= 0.000 ids= 727 TEE= 0 R2x= 0.000 R2z= 1.000 R2x_loop= 0.000 R2z_loop= 1.000  dep_x=10.000 dep_z= 0.000
rank=  3 Lx=Ly=10 pg= 0.000 ids= 643 TEE= 0 R2x= 0.000 R2z= 1.000 R2x_loop= 0.000 R2z_loop= 1.000  dep_x=10.000 dep_z= 0.000
rank= 61 Lx=Ly=10 pg= 0.000 ids= 701 TEE= 0 R2x= 0.000 R2z= 1.000 R2x_loop= 0.000 R2z_loop= 1.000  dep_x=10.000 dep_z= 0.000
rank= 85 Lx=Ly=10 pg= 0.000 ids= 725 TEE= 0 R2x= 0.000 R2z= 1.000 R2x_loop= 0.000 R2z_loop= 1.000  dep_x=10.000 dep_z= 0.000
rank= 39 Lx=Ly=10 pg= 0.000 ids= 679 TEE= 0 R2x= 0.000 R2z= 1.000 R2x_loop= 0.000 R2z_loop= 1.000  dep_x=10.000 dep_z= 0.000
rank= 59 Lx=Ly=10 pg= 0.000 ids= 699 TEE= 0 R2x= 0.000 R2z= 1.000 R2x_loop= 0.000 R2z_loop= 1.000  dep_x=10.000 dep_z= 0.000
rank=  5 Lx=Ly=10 pg= 0.000 ids= 645 TEE= 0 R2x= 0.000 R2z= 1.000 R2x_loop= 0.000 R2z_loop= 1.000  dep_x=10.000 dep_z= 0.000
rank=127 Lx=Ly=10 pg= 0.000 ids= 767 TEE= 0 R2x= 0.000 R2z= 1.000 R2x_loop= 0.000 R2z_loop= 1.000  dep_x=10.000 dep_z= 0.000
rank= 25 Lx=Ly=10 pg= 0.000 ids= 665 TEE= 0 R2x= 0.000 R2z= 1.000 R2x_loop= 0.000 R2z_loop= 1.000  dep_x=10.000 dep_z= 0.000
rank= 57 Lx=Ly=10 pg= 0.000 ids= 697 TEE= 0 R2x= 0.000 R2z= 1.000 R2x_loop= 0.000 R2z_loop= 1.000  dep_x=10.000 dep_z= 0.000
rank=103 Lx=Ly=10 pg= 0.000 ids= 743 TEE= 0 R2x= 0.000 R2z= 1.000 R2x_loop= 0.000 R2z_loop= 1.000  dep_x=10.000 dep_z= 0.000
rank= 27 Lx=Ly=10 pg= 0.000 ids= 667 TEE= 0 R2x= 0.000 R2z= 1.000 R2x_loop= 0.000 R2z_loop= 1.000  dep_x=10.000 dep_z= 0.000
rank= 17 Lx=Ly=10 pg= 0.000 ids= 657 TEE= 0 R2x= 0.000 R2z= 1.000 R2x_loop= 0.000 R2z_loop= 1.000  dep_x=10.000 dep_z= 0.000
rank=117 Lx=Ly=10 pg= 0.000 ids= 757 TEE= 0 R2x= 0.000 R2z= 1.000 R2x_loop= 0.000 R2z_loop= 1.000  dep_x=10.000 dep_z= 0.000
rank= 55 Lx=Ly=10 pg= 0.000 ids= 695 TEE= 0 R2x= 0.000 R2z= 1.000 R2x_loop= 0.000 R2z_loop= 1.000  dep_x=10.000 dep_z= 0.000
rank= 21 Lx=Ly=10 pg= 0.000 ids= 661 TEE= 0 R2x= 0.000 R2z= 1.000 R2x_loop= 0.000 R2z_loop= 1.000  dep_x=10.000 dep_z= 0.000
rank= 49 Lx=Ly=10 pg= 0.000 ids= 689 TEE= 0 R2x= 0.000 R2z= 1.000 R2x_loop= 0.000 R2z_loop= 1.000  dep_x=10.000 dep_z= 0.000
rank= 51 Lx=Ly=10 pg= 0.000 ids= 691 TEE= 0 R2x= 0.000 R2z= 1.000 R2x_loop= 0.000 R2z_loop= 1.000  dep_x=10.000 dep_z= 0.000
rank=115 Lx=Ly=10 pg= 0.000 ids= 755 TEE= 0 R2x= 0.000 R2z= 1.000 R2x_loop= 0.000 R2z_loop= 1.000  dep_x=10.000 dep_z= 0.000
rank=119 Lx=Ly=10 pg= 0.000 ids= 759 TEE= 0 R2x= 0.000 R2z= 1.000 R2x_loop= 0.000 R2z_loop= 1.000  dep_x=10.000 dep_z= 0.000
rank= 41 Lx=Ly=10 pg= 0.000 ids= 681 TEE= 0 R2x= 0.000 R2z= 1.000 R2x_loop= 0.000 R2z_loop= 1.000  dep_x=10.000 dep_z= 0.000
rank= 23 Lx=Ly=10 pg= 0.000 ids= 663 TEE= 0 R2x= 0.000 R2z= 1.000 R2x_loop= 0.000 R2z_loop= 1.000  dep_x=10.000 dep_z= 0.000
rank=113 Lx=Ly=10 pg= 0.000 ids= 753 TEE= 0 R2x= 0.000 R2z= 1.000 R2x_loop= 0.000 R2z_loop= 1.000  dep_x=10.000 dep_z= 0.000
rank= 33 Lx=Ly=10 pg= 0.000 ids= 673 TEE= 0 R2x= 0.000 R2z= 1.000 R2x_loop= 0.000 R2z_loop= 1.000  dep_x=10.000 dep_z= 0.000
rank= 19 Lx=Ly=10 pg= 0.000 ids= 659 TEE= 0 R2x= 0.000 R2z= 1.000 R2x_loop= 0.000 R2z_loop= 1.000  dep_x=10.000 dep_z= 0.000
rank= 52 Lx=Ly=10 pg= 0.000 ids= 564 TEE= 0 R2x= 0.000 R2z= 1.000 R2x_loop= 0.000 R2z_loop= 1.000  dep_x=10.000 dep_z= 0.000
rank= 73 Lx=Ly=10 pg= 0.000 ids= 713 TEE= 0 R2x= 0.000 R2z= 1.000 R2x_loop= 0.000 R2z_loop= 1.000  dep_x=10.000 dep_z= 0.000
rank=  9 Lx=Ly=10 pg= 0.000 ids= 649 TEE= 0 R2x= 0.000 R2z= 1.000 R2x_loop= 0.000 R2z_loop= 1.000  dep_x=10.000 dep_z= 0.000
rank=105 Lx=Ly=10 pg= 0.000 ids= 745 TEE= 0 R2x= 0.000 R2z= 1.000 R2x_loop= 0.000 R2z_loop= 1.000  dep_x=10.000 dep_z= 0.000
rank= 15 Lx=Ly=10 pg= 0.000 ids= 655 TEE= 0 R2x= 0.000 R2z= 1.000 R2x_loop= 0.000 R2z_loop= 1.000  dep_x=10.000 dep_z= 0.000
rank= 13 Lx=Ly=10 pg= 0.000 ids= 653 TEE= 0 R2x= 0.000 R2z= 1.000 R2x_loop= 0.000 R2z_loop= 1.000  dep_x=10.000 dep_z= 0.000
rank= 45 Lx=Ly=10 pg= 0.000 ids= 685 TEE= 0 R2x= 0.000 R2z= 1.000 R2x_loop= 0.000 R2z_loop= 1.000  dep_x=10.000 dep_z= 0.000
rank=111 Lx=Ly=10 pg= 0.000 ids= 623 TEE= 0 R2x= 0.000 R2z= 1.000 R2x_loop= 0.000 R2z_loop= 1.000  dep_x=10.000 dep_z= 0.000
rank=  4 Lx=Ly=10 pg= 0.000 ids= 644 TEE= 0 R2x= 0.000 R2z= 1.000 R2x_loop= 0.000 R2z_loop= 1.000  dep_x=10.000 dep_z= 0.000
rank= 48 Lx=Ly=10 pg= 0.000 ids= 688 TEE= 0 R2x= 0.000 R2z= 1.000 R2x_loop= 0.000 R2z_loop= 1.000  dep_x=10.000 dep_z= 0.000
rank= 16 Lx=Ly=10 pg= 0.000 ids= 656 TEE= 0 R2x= 0.000 R2z= 1.000 R2x_loop= 0.000 R2z_loop= 1.000  dep_x=10.000 dep_z= 0.000
rank=  0 Lx=Ly=10 pg= 0.000 ids= 640 TEE= 0 R2x= 0.000 R2z= 1.000 R2x_loop= 0.000 R2z_loop= 1.000  dep_x=10.000 dep_z= 0.000
rank= 18 Lx=Ly=10 pg= 0.000 ids= 658 TEE= 0 R2x= 0.000 R2z= 1.000 R2x_loop= 0.000 R2z_loop= 1.000  dep_x=10.000 dep_z= 0.000
rank= 92 Lx=Ly=10 pg= 0.000 ids= 732 TEE= 0 R2x= 0.000 R2z= 1.000 R2x_loop= 0.000 R2z_loop= 1.000  dep_x=10.000 dep_z= 0.000
rank= 14 Lx=Ly=10 pg= 0.000 ids= 654 TEE= 0 R2x= 0.000 R2z= 1.000 R2x_loop= 0.000 R2z_loop= 1.000  dep_x=10.000 dep_z= 0.000
rank= 76 Lx=Ly=10 pg= 0.000 ids= 716 TEE= 0 R2x= 0.000 R2z= 1.000 R2x_loop= 0.000 R2z_loop= 1.000  dep_x=10.000 dep_z= 0.000
rank= 70 Lx=Ly=10 pg= 0.000 ids= 710 TEE= 0 R2x= 0.000 R2z= 1.000 R2x_loop= 0.000 R2z_loop= 1.000  dep_x=10.000 dep_z= 0.000
rank= 94 Lx=Ly=10 pg= 0.000 ids= 734 TEE= 0 R2x= 0.000 R2z= 1.000 R2x_loop= 0.000 R2z_loop= 1.000  dep_x=10.000 dep_z= 0.000
rank= 72 Lx=Ly=10 pg= 0.000 ids= 712 TEE= 0 R2x= 0.000 R2z= 1.000 R2x_loop= 0.000 R2z_loop= 1.000  dep_x=10.000 dep_z= 0.000
rank=  8 Lx=Ly=10 pg= 0.000 ids= 648 TEE= 0 R2x= 0.000 R2z= 1.000 R2x_loop= 0.000 R2z_loop= 1.000  dep_x=10.000 dep_z= 0.000
rank= 42 Lx=Ly=10 pg= 0.000 ids= 682 TEE= 0 R2x= 0.000 R2z= 1.000 R2x_loop= 0.000 R2z_loop= 1.000  dep_x=10.000 dep_z= 0.000
rank= 80 Lx=Ly=10 pg= 0.000 ids= 720 TEE= 0 R2x= 0.000 R2z= 1.000 R2x_loop= 0.000 R2z_loop= 1.000  dep_x=10.000 dep_z= 0.000
rank= 63 Lx=Ly=10 pg= 0.000 ids= 703 TEE= 0 R2x= 0.000 R2z= 1.000 R2x_loop= 0.000 R2z_loop= 1.000  dep_x=10.000 dep_z= 0.000
rank= 84 Lx=Ly=10 pg= 0.000 ids= 724 TEE= 0 R2x= 0.000 R2z= 1.000 R2x_loop= 0.000 R2z_loop= 1.000  dep_x=10.000 dep_z= 0.000
rank= 12 Lx=Ly=10 pg= 0.000 ids= 652 TEE= 0 R2x= 0.000 R2z= 1.000 R2x_loop= 0.000 R2z_loop= 1.000  dep_x=10.000 dep_z= 0.000
rank= 44 Lx=Ly=10 pg= 0.000 ids= 684 TEE= 0 R2x= 0.000 R2z= 1.000 R2x_loop= 0.000 R2z_loop= 1.000  dep_x=10.000 dep_z= 0.000
rank= 20 Lx=Ly=10 pg= 0.000 ids= 660 TEE= 0 R2x= 0.000 R2z= 1.000 R2x_loop= 0.000 R2z_loop= 1.000  dep_x=10.000 dep_z= 0.000
rank= 74 Lx=Ly=10 pg= 0.000 ids= 714 TEE= 0 R2x= 0.000 R2z= 1.000 R2x_loop= 0.000 R2z_loop= 1.000  dep_x=10.000 dep_z= 0.000
rank= 90 Lx=Ly=10 pg= 0.000 ids= 730 TEE= 0 R2x= 0.000 R2z= 1.000 R2x_loop= 0.000 R2z_loop= 1.000  dep_x=10.000 dep_z= 0.000
rank= 40 Lx=Ly=10 pg= 0.000 ids= 680 TEE= 0 R2x= 0.000 R2z= 1.000 R2x_loop= 0.000 R2z_loop= 1.000  dep_x=10.000 dep_z= 0.000
rank= 78 Lx=Ly=10 pg= 0.000 ids= 718 TEE= 0 R2x= 0.000 R2z= 1.000 R2x_loop= 0.000 R2z_loop= 1.000  dep_x=10.000 dep_z= 0.000
rank= 26 Lx=Ly=10 pg= 0.000 ids= 666 TEE= 0 R2x= 0.000 R2z= 1.000 R2x_loop= 0.000 R2z_loop= 1.000  dep_x=10.000 dep_z= 0.000
rank= 24 Lx=Ly=10 pg= 0.000 ids= 664 TEE= 0 R2x= 0.000 R2z= 1.000 R2x_loop= 0.000 R2z_loop= 1.000  dep_x=10.000 dep_z= 0.000
rank= 56 Lx=Ly=10 pg= 0.000 ids= 696 TEE= 0 R2x= 0.000 R2z= 1.000 R2x_loop= 0.000 R2z_loop= 1.000  dep_x=10.000 dep_z= 0.000
rank= 34 Lx=Ly=10 pg= 0.000 ids= 674 TEE= 0 R2x= 0.000 R2z= 1.000 R2x_loop= 0.000 R2z_loop= 1.000  dep_x=10.000 dep_z= 0.000
rank=108 Lx=Ly=10 pg= 0.000 ids= 748 TEE= 0 R2x= 0.000 R2z= 1.000 R2x_loop= 0.000 R2z_loop= 1.000  dep_x=10.000 dep_z= 0.000
rank=106 Lx=Ly=10 pg= 0.000 ids= 746 TEE= 0 R2x= 0.000 R2z= 1.000 R2x_loop= 0.000 R2z_loop= 1.000  dep_x=10.000 dep_z= 0.000
rank= 62 Lx=Ly=10 pg= 0.000 ids= 702 TEE= 0 R2x= 0.000 R2z= 1.000 R2x_loop= 0.000 R2z_loop= 1.000  dep_x=10.000 dep_z= 0.000
rank= 28 Lx=Ly=10 pg= 0.000 ids= 668 TEE= 0 R2x= 0.000 R2z= 1.000 R2x_loop= 0.000 R2z_loop= 1.000  dep_x=10.000 dep_z= 0.000
rank= 46 Lx=Ly=10 pg= 0.000 ids= 686 TEE= 0 R2x= 0.000 R2z= 1.000 R2x_loop= 0.000 R2z_loop= 1.000  dep_x=10.000 dep_z= 0.000
rank=126 Lx=Ly=10 pg= 0.000 ids= 766 TEE= 0 R2x= 0.000 R2z= 1.000 R2x_loop= 0.000 R2z_loop= 1.000  dep_x=10.000 dep_z= 0.000
rank=102 Lx=Ly=10 pg= 0.000 ids= 742 TEE= 0 R2x= 0.000 R2z= 1.000 R2x_loop= 0.000 R2z_loop= 1.000  dep_x=10.000 dep_z= 0.000
rank=100 Lx=Ly=10 pg= 0.000 ids= 740 TEE= 0 R2x= 0.000 R2z= 1.000 R2x_loop= 0.000 R2z_loop= 1.000  dep_x=10.000 dep_z= 0.000
rank=122 Lx=Ly=10 pg= 0.000 ids= 762 TEE= 0 R2x= 0.000 R2z= 1.000 R2x_loop= 0.000 R2z_loop= 1.000  dep_x=10.000 dep_z= 0.000
rank=120 Lx=Ly=10 pg= 0.000 ids= 760 TEE= 0 R2x= 0.000 R2z= 1.000 R2x_loop= 0.000 R2z_loop= 1.000  dep_x=10.000 dep_z= 0.000
rank= 58 Lx=Ly=10 pg= 0.000 ids= 698 TEE= 0 R2x= 0.000 R2z= 1.000 R2x_loop= 0.000 R2z_loop= 1.000  dep_x=10.000 dep_z= 0.000
rank= 60 Lx=Ly=10 pg= 0.000 ids= 700 TEE= 0 R2x= 0.000 R2z= 1.000 R2x_loop= 0.000 R2z_loop= 1.000  dep_x=10.000 dep_z= 0.000
rank=  7 Lx=Ly=10 pg= 0.000 ids= 519 TEE= 0 R2x= 0.000 R2z= 1.000 R2x_loop= 0.000 R2z_loop= 1.000  dep_x=10.000 dep_z= 0.000
rank=124 Lx=Ly=10 pg= 0.000 ids= 764 TEE= 0 R2x= 0.000 R2z= 1.000 R2x_loop= 0.000 R2z_loop= 1.000  dep_x=10.000 dep_z= 0.000
rank=112 Lx=Ly=10 pg= 0.000 ids= 752 TEE= 0 R2x= 0.000 R2z= 1.000 R2x_loop= 0.000 R2z_loop= 1.000  dep_x=10.000 dep_z= 0.000
rank=118 Lx=Ly=10 pg= 0.000 ids= 758 TEE= 0 R2x= 0.000 R2z= 1.000 R2x_loop= 0.000 R2z_loop= 1.000  dep_x=10.000 dep_z= 0.000
rank=116 Lx=Ly=10 pg= 0.000 ids= 756 TEE= 0 R2x= 0.000 R2z= 1.000 R2x_loop= 0.000 R2z_loop= 1.000  dep_x=10.000 dep_z= 0.000
rank=121 Lx=Ly=10 pg= 0.000 ids= 633 TEE= 0 R2x= 0.000 R2z= 1.000 R2x_loop= 0.000 R2z_loop= 1.000  dep_x=10.000 dep_z= 0.000
rank=104 Lx=Ly=10 pg= 0.000 ids= 744 TEE= 0 R2x= 0.000 R2z= 1.000 R2x_loop= 0.000 R2z_loop= 1.000  dep_x=10.000 dep_z= 0.000
rank=101 Lx=Ly=10 pg= 0.000 ids= 741 TEE= 0 R2x= 0.000 R2z= 1.000 R2x_loop= 0.000 R2z_loop= 1.000  dep_x=10.000 dep_z= 0.000
rank= 47 Lx=Ly=10 pg= 0.000 ids= 687 TEE= 0 R2x= 0.000 R2z= 1.000 R2x_loop= 0.000 R2z_loop= 1.000  dep_x=10.000 dep_z= 0.000
rank= 96 Lx=Ly=10 pg= 0.000 ids= 736 TEE= 0 R2x= 0.000 R2z= 1.000 R2x_loop= 0.000 R2z_loop= 1.000  dep_x=10.000 dep_z= 0.000
rank= 98 Lx=Ly=10 pg= 0.000 ids= 738 TEE= 0 R2x= 0.000 R2z= 1.000 R2x_loop= 0.000 R2z_loop= 1.000  dep_x=10.000 dep_z= 0.000
rank= 66 Lx=Ly=10 pg= 0.000 ids= 706 TEE= 0 R2x= 0.000 R2z= 1.000 R2x_loop= 0.000 R2z_loop= 1.000  dep_x=10.000 dep_z= 0.000
rank=110 Lx=Ly=10 pg= 0.000 ids= 750 TEE= 0 R2x= 0.000 R2z= 1.000 R2x_loop= 0.000 R2z_loop= 1.000  dep_x=10.000 dep_z= 0.000
rank=114 Lx=Ly=10 pg= 0.000 ids= 754 TEE= 0 R2x= 0.000 R2z= 1.000 R2x_loop= 0.000 R2z_loop= 1.000  dep_x=10.000 dep_z= 0.000
rank= 53 Lx=Ly=10 pg= 0.000 ids= 693 TEE= 0 R2x= 0.000 R2z= 1.000 R2x_loop= 0.000 R2z_loop= 1.000  dep_x=10.000 dep_z= 0.000
rank= 10 Lx=Ly=10 pg= 0.000 ids= 522 TEE= 0 R2x= 0.000 R2z= 1.000 R2x_loop= 0.000 R2z_loop= 1.000  dep_x=10.000 dep_z= 0.000
rank= 32 Lx=Ly=10 pg= 0.000 ids= 672 TEE= 0 R2x= 0.000 R2z= 1.000 R2x_loop= 0.000 R2z_loop= 1.000  dep_x=10.000 dep_z= 0.000
rank= 97 Lx=Ly=10 pg= 0.000 ids= 737 TEE= 0 R2x= 0.000 R2z= 1.000 R2x_loop= 0.000 R2z_loop= 1.000  dep_x=10.000 dep_z= 0.000
rank= 43 Lx=Ly=10 pg= 0.000 ids= 683 TEE= 0 R2x= 0.000 R2z= 1.000 R2x_loop= 0.000 R2z_loop= 1.000  dep_x=10.000 dep_z= 0.000
rank= 11 Lx=Ly=10 pg= 0.000 ids= 651 TEE= 0 R2x= 0.000 R2z= 1.000 R2x_loop= 0.000 R2z_loop= 1.000  dep_x=10.000 dep_z= 0.000
rank= 38 Lx=Ly=10 pg= 0.000 ids= 678 TEE= 0 R2x= 0.000 R2z= 1.000 R2x_loop= 0.000 R2z_loop= 1.000  dep_x=10.000 dep_z= 0.000
rank= 99 Lx=Ly=10 pg= 0.000 ids= 739 TEE= 0 R2x= 0.000 R2z= 1.000 R2x_loop= 0.000 R2z_loop= 1.000  dep_x=10.000 dep_z= 0.000
rank= 68 Lx=Ly=10 pg= 0.000 ids= 708 TEE= 0 R2x= 0.000 R2z= 1.000 R2x_loop= 0.000 R2z_loop= 1.000  dep_x=10.000 dep_z= 0.000
rank= 86 Lx=Ly=10 pg= 0.000 ids= 726 TEE= 0 R2x= 0.000 R2z= 1.000 R2x_loop= 0.000 R2z_loop= 1.000  dep_x=10.000 dep_z= 0.000
rank= 29 Lx=Ly=10 pg= 0.000 ids= 541 TEE= 0 R2x= 0.000 R2z= 1.000 R2x_loop= 0.000 R2z_loop= 1.000  dep_x=10.000 dep_z= 0.000
rank= 82 Lx=Ly=10 pg= 0.000 ids= 722 TEE= 0 R2x= 0.000 R2z= 1.000 R2x_loop= 0.000 R2z_loop= 1.000  dep_x=10.000 dep_z= 0.000
rank= 95 Lx=Ly=10 pg= 0.000 ids= 735 TEE= 0 R2x= 0.000 R2z= 1.000 R2x_loop= 0.000 R2z_loop= 1.000  dep_x=10.000 dep_z= 0.000
rank= 83 Lx=Ly=10 pg= 0.000 ids= 723 TEE= 0 R2x= 0.000 R2z= 1.000 R2x_loop= 0.000 R2z_loop= 1.000  dep_x=10.000 dep_z= 0.000
rank= 31 Lx=Ly=10 pg= 0.000 ids= 543 TEE= 0 R2x= 0.000 R2z= 1.000 R2x_loop= 0.000 R2z_loop= 1.000  dep_x=10.000 dep_z= 0.000
rank= 81 Lx=Ly=10 pg= 0.000 ids= 593 TEE= 0 R2x= 0.000 R2z= 1.000 R2x_loop= 0.000 R2z_loop= 1.000  dep_x=10.000 dep_z= 0.000
rank= 77 Lx=Ly=10 pg= 0.000 ids= 717 TEE= 0 R2x= 0.000 R2z= 1.000 R2x_loop= 0.000 R2z_loop= 1.000  dep_x=10.000 dep_z= 0.000
rank= 65 Lx=Ly=10 pg= 0.000 ids= 705 TEE= 0 R2x= 0.000 R2z= 1.000 R2x_loop= 0.000 R2z_loop= 1.000  dep_x=10.000 dep_z= 0.000
rank=107 Lx=Ly=10 pg= 0.000 ids= 619 TEE= 0 R2x= 0.000 R2z= 1.000 R2x_loop= 0.000 R2z_loop= 1.000  dep_x=10.000 dep_z= 0.000
rank= 64 Lx=Ly=10 pg= 0.000 ids= 704 TEE= 0 R2x= 0.000 R2z= 1.000 R2x_loop= 0.000 R2z_loop= 1.000  dep_x=10.000 dep_z= 0.000
rank= 22 Lx=Ly=10 pg= 0.000 ids= 662 TEE= 0 R2x= 0.000 R2z= 1.000 R2x_loop= 0.000 R2z_loop= 1.000  dep_x=10.000 dep_z= 0.000
rank=109 Lx=Ly=10 pg= 0.000 ids= 877 TEE= 0 R2x= 0.000 R2z= 1.000 R2x_loop= 0.000 R2z_loop= 1.000  dep_x=10.000 dep_z= 0.000
rank= 71 Lx=Ly=10 pg= 0.000 ids= 839 TEE= 0 R2x= 0.000 R2z= 1.000 R2x_loop= 0.000 R2z_loop= 1.000  dep_x=10.000 dep_z= 0.000
rank= 67 Lx=Ly=10 pg= 0.000 ids= 835 TEE= 0 R2x= 0.000 R2z= 1.000 R2x_loop= 0.000 R2z_loop= 1.000  dep_x=10.000 dep_z= 0.000
rank= 50 Lx=Ly=10 pg= 0.000 ids= 690 TEE= 0 R2x= 0.000 R2z= 1.000 R2x_loop= 0.000 R2z_loop= 1.000  dep_x=10.000 dep_z= 0.000
rank= 93 Lx=Ly=10 pg= 0.000 ids= 861 TEE= 0 R2x= 0.000 R2z= 1.000 R2x_loop= 0.000 R2z_loop= 1.000  dep_x=10.000 dep_z= 0.000
rank= 91 Lx=Ly=10 pg= 0.000 ids= 859 TEE= 0 R2x= 0.000 R2z= 1.000 R2x_loop= 0.000 R2z_loop= 1.000  dep_x=10.000 dep_z= 0.000
rank= 79 Lx=Ly=10 pg= 0.000 ids= 847 TEE= 0 R2x= 0.000 R2z= 1.000 R2x_loop= 0.000 R2z_loop= 1.000  dep_x=10.000 dep_z= 0.000
rank= 69 Lx=Ly=10 pg= 0.000 ids= 837 TEE= 0 R2x= 0.000 R2z= 1.000 R2x_loop= 0.000 R2z_loop= 1.000  dep_x=10.000 dep_z= 0.000
rank= 89 Lx=Ly=10 pg= 0.000 ids= 857 TEE= 0 R2x= 0.000 R2z= 1.000 R2x_loop= 0.000 R2z_loop= 1.000  dep_x=10.000 dep_z= 0.000
rank= 75 Lx=Ly=10 pg= 0.000 ids= 843 TEE= 0 R2x= 0.000 R2z= 1.000 R2x_loop= 0.000 R2z_loop= 1.000  dep_x=10.000 dep_z= 0.000
rank= 37 Lx=Ly=10 pg= 0.000 ids= 805 TEE= 0 R2x= 0.000 R2z= 1.000 R2x_loop= 0.000 R2z_loop= 1.000  dep_x=10.000 dep_z= 0.000
rank= 87 Lx=Ly=10 pg= 0.000 ids= 855 TEE= 0 R2x= 0.000 R2z= 1.000 R2x_loop= 0.000 R2z_loop= 1.000  dep_x=10.000 dep_z= 0.000
rank=125 Lx=Ly=10 pg= 0.000 ids= 893 TEE= 0 R2x= 0.000 R2z= 1.000 R2x_loop= 0.000 R2z_loop= 1.000  dep_x=10.000 dep_z= 0.000
rank= 85 Lx=Ly=10 pg= 0.000 ids= 853 TEE= 0 R2x= 0.000 R2z= 1.000 R2x_loop= 0.000 R2z_loop= 1.000  dep_x=10.000 dep_z= 0.000
rank=  1 Lx=Ly=10 pg= 0.000 ids= 769 TEE= 0 R2x= 0.000 R2z= 1.000 R2x_loop= 0.000 R2z_loop= 1.000  dep_x=10.000 dep_z= 0.000
rank= 35 Lx=Ly=10 pg= 0.000 ids= 803 TEE= 0 R2x= 0.000 R2z= 1.000 R2x_loop= 0.000 R2z_loop= 1.000  dep_x=10.000 dep_z= 0.000
rank=  3 Lx=Ly=10 pg= 0.000 ids= 771 TEE= 0 R2x= 0.000 R2z= 1.000 R2x_loop= 0.000 R2z_loop= 1.000  dep_x=10.000 dep_z= 0.000
rank=  5 Lx=Ly=10 pg= 0.000 ids= 773 TEE= 0 R2x= 0.000 R2z= 1.000 R2x_loop= 0.000 R2z_loop= 1.000  dep_x=10.000 dep_z= 0.000
rank=127 Lx=Ly=10 pg= 0.000 ids= 895 TEE= 0 R2x= 0.000 R2z= 1.000 R2x_loop= 0.000 R2z_loop= 1.000  dep_x=10.000 dep_z= 0.000
rank= 61 Lx=Ly=10 pg= 0.000 ids= 829 TEE= 0 R2x= 0.000 R2z= 1.000 R2x_loop= 0.000 R2z_loop= 1.000  dep_x=10.000 dep_z= 0.000
rank= 39 Lx=Ly=10 pg= 0.000 ids= 807 TEE= 0 R2x= 0.000 R2z= 1.000 R2x_loop= 0.000 R2z_loop= 1.000  dep_x=10.000 dep_z= 0.000
rank= 59 Lx=Ly=10 pg= 0.000 ids= 827 TEE= 0 R2x= 0.000 R2z= 1.000 R2x_loop= 0.000 R2z_loop= 1.000  dep_x=10.000 dep_z= 0.000
rank= 27 Lx=Ly=10 pg= 0.000 ids= 795 TEE= 0 R2x= 0.000 R2z= 1.000 R2x_loop= 0.000 R2z_loop= 1.000  dep_x=10.000 dep_z= 0.000
rank= 57 Lx=Ly=10 pg= 0.000 ids= 825 TEE= 0 R2x= 0.000 R2z= 1.000 R2x_loop= 0.000 R2z_loop= 1.000  dep_x=10.000 dep_z= 0.000
rank= 25 Lx=Ly=10 pg= 0.000 ids= 793 TEE= 0 R2x= 0.000 R2z= 1.000 R2x_loop= 0.000 R2z_loop= 1.000  dep_x=10.000 dep_z= 0.000
rank=  2 Lx=Ly=10 pg= 0.000 ids= 642 TEE= 0 R2x= 0.000 R2z= 1.000 R2x_loop= 0.000 R2z_loop= 1.000  dep_x=10.000 dep_z= 0.000
rank=117 Lx=Ly=10 pg= 0.000 ids= 885 TEE= 0 R2x= 0.000 R2z= 1.000 R2x_loop= 0.000 R2z_loop= 1.000  dep_x=10.000 dep_z= 0.000
rank=115 Lx=Ly=10 pg= 0.000 ids= 883 TEE= 0 R2x= 0.000 R2z= 1.000 R2x_loop= 0.000 R2z_loop= 1.000  dep_x=10.000 dep_z= 0.000
rank=119 Lx=Ly=10 pg= 0.000 ids= 887 TEE= 0 R2x= 0.000 R2z= 1.000 R2x_loop= 0.000 R2z_loop= 1.000  dep_x=10.000 dep_z= 0.000
rank=103 Lx=Ly=10 pg= 0.000 ids= 871 TEE= 0 R2x= 0.000 R2z= 1.000 R2x_loop= 0.000 R2z_loop= 1.000  dep_x=10.000 dep_z= 0.000
rank= 41 Lx=Ly=10 pg= 0.000 ids= 809 TEE= 0 R2x= 0.000 R2z= 1.000 R2x_loop= 0.000 R2z_loop= 1.000  dep_x=10.000 dep_z= 0.000
rank= 17 Lx=Ly=10 pg= 0.000 ids= 785 TEE= 0 R2x= 0.000 R2z= 1.000 R2x_loop= 0.000 R2z_loop= 1.000  dep_x=10.000 dep_z= 0.000
rank= 21 Lx=Ly=10 pg= 0.000 ids= 789 TEE= 0 R2x= 0.000 R2z= 1.000 R2x_loop= 0.000 R2z_loop= 1.000  dep_x=10.000 dep_z= 0.000
rank=113 Lx=Ly=10 pg= 0.000 ids= 881 TEE= 0 R2x= 0.000 R2z= 1.000 R2x_loop= 0.000 R2z_loop= 1.000  dep_x=10.000 dep_z= 0.000
rank= 73 Lx=Ly=10 pg= 0.000 ids= 841 TEE= 0 R2x= 0.000 R2z= 1.000 R2x_loop= 0.000 R2z_loop= 1.000  dep_x=10.000 dep_z= 0.000
rank=105 Lx=Ly=10 pg= 0.000 ids= 873 TEE= 0 R2x= 0.000 R2z= 1.000 R2x_loop= 0.000 R2z_loop= 1.000  dep_x=10.000 dep_z= 0.000
rank= 23 Lx=Ly=10 pg= 0.000 ids= 791 TEE= 0 R2x= 0.000 R2z= 1.000 R2x_loop= 0.000 R2z_loop= 1.000  dep_x=10.000 dep_z= 0.000
rank= 51 Lx=Ly=10 pg= 0.000 ids= 819 TEE= 0 R2x= 0.000 R2z= 1.000 R2x_loop= 0.000 R2z_loop= 1.000  dep_x=10.000 dep_z= 0.000
rank= 49 Lx=Ly=10 pg= 0.000 ids= 817 TEE= 0 R2x= 0.000 R2z= 1.000 R2x_loop= 0.000 R2z_loop= 1.000  dep_x=10.000 dep_z= 0.000
rank= 55 Lx=Ly=10 pg= 0.000 ids= 823 TEE= 0 R2x= 0.000 R2z= 1.000 R2x_loop= 0.000 R2z_loop= 1.000  dep_x=10.000 dep_z= 0.000
rank= 33 Lx=Ly=10 pg= 0.000 ids= 801 TEE= 0 R2x= 0.000 R2z= 1.000 R2x_loop= 0.000 R2z_loop= 1.000  dep_x=10.000 dep_z= 0.000
rank= 19 Lx=Ly=10 pg= 0.000 ids= 787 TEE= 0 R2x= 0.000 R2z= 1.000 R2x_loop= 0.000 R2z_loop= 1.000  dep_x=10.000 dep_z= 0.000
rank=  9 Lx=Ly=10 pg= 0.000 ids= 777 TEE= 0 R2x= 0.000 R2z= 1.000 R2x_loop= 0.000 R2z_loop= 1.000  dep_x=10.000 dep_z= 0.000
rank= 15 Lx=Ly=10 pg= 0.000 ids= 783 TEE= 0 R2x= 0.000 R2z= 1.000 R2x_loop= 0.000 R2z_loop= 1.000  dep_x=10.000 dep_z= 0.000
rank= 13 Lx=Ly=10 pg= 0.000 ids= 781 TEE= 0 R2x= 0.000 R2z= 1.000 R2x_loop= 0.000 R2z_loop= 1.000  dep_x=10.000 dep_z= 0.000
rank= 45 Lx=Ly=10 pg= 0.000 ids= 813 TEE= 0 R2x= 0.000 R2z= 1.000 R2x_loop= 0.000 R2z_loop= 1.000  dep_x=10.000 dep_z= 0.000
rank= 88 Lx=Ly=10 pg= 0.000 ids= 728 TEE= 0 R2x= 0.000 R2z= 1.000 R2x_loop= 0.000 R2z_loop= 1.000  dep_x=10.000 dep_z= 0.000
rank=123 Lx=Ly=10 pg= 0.000 ids= 763 TEE= 0 R2x= 0.000 R2z= 1.000 R2x_loop= 0.000 R2z_loop= 1.000  dep_x=10.000 dep_z= 0.000
rank= 48 Lx=Ly=10 pg= 0.000 ids= 816 TEE= 0 R2x= 0.000 R2z= 1.000 R2x_loop= 0.000 R2z_loop= 1.000  dep_x=10.000 dep_z= 0.000
rank=  4 Lx=Ly=10 pg= 0.000 ids= 772 TEE= 0 R2x= 0.000 R2z= 1.000 R2x_loop= 0.000 R2z_loop= 1.000  dep_x=10.000 dep_z= 0.000
rank= 16 Lx=Ly=10 pg= 0.000 ids= 784 TEE= 0 R2x= 0.000 R2z= 1.000 R2x_loop= 0.000 R2z_loop= 1.000  dep_x=10.000 dep_z= 0.000
rank=  0 Lx=Ly=10 pg= 0.000 ids= 768 TEE= 0 R2x= 0.000 R2z= 1.000 R2x_loop= 0.000 R2z_loop= 1.000  dep_x=10.000 dep_z= 0.000
rank= 30 Lx=Ly=10 pg= 0.000 ids= 670 TEE= 0 R2x= 0.000 R2z= 1.000 R2x_loop= 0.000 R2z_loop= 1.000  dep_x=10.000 dep_z= 0.000
rank= 54 Lx=Ly=10 pg= 0.000 ids= 694 TEE= 0 R2x= 0.000 R2z= 1.000 R2x_loop= 0.000 R2z_loop= 1.000  dep_x=10.000 dep_z= 0.000
rank= 63 Lx=Ly=10 pg= 0.000 ids= 831 TEE= 0 R2x= 0.000 R2z= 1.000 R2x_loop= 0.000 R2z_loop= 1.000  dep_x=10.000 dep_z= 0.000
rank= 18 Lx=Ly=10 pg= 0.000 ids= 786 TEE= 0 R2x= 0.000 R2z= 1.000 R2x_loop= 0.000 R2z_loop= 1.000  dep_x=10.000 dep_z= 0.000
rank= 92 Lx=Ly=10 pg= 0.000 ids= 860 TEE= 0 R2x= 0.000 R2z= 1.000 R2x_loop= 0.000 R2z_loop= 1.000  dep_x=10.000 dep_z= 0.000
rank= 14 Lx=Ly=10 pg= 0.000 ids= 782 TEE= 0 R2x= 0.000 R2z= 1.000 R2x_loop= 0.000 R2z_loop= 1.000  dep_x=10.000 dep_z= 0.000
rank= 76 Lx=Ly=10 pg= 0.000 ids= 844 TEE= 0 R2x= 0.000 R2z= 1.000 R2x_loop= 0.000 R2z_loop= 1.000  dep_x=10.000 dep_z= 0.000
rank= 94 Lx=Ly=10 pg= 0.000 ids= 862 TEE= 0 R2x= 0.000 R2z= 1.000 R2x_loop= 0.000 R2z_loop= 1.000  dep_x=10.000 dep_z= 0.000
rank=  8 Lx=Ly=10 pg= 0.000 ids= 776 TEE= 0 R2x= 0.000 R2z= 1.000 R2x_loop= 0.000 R2z_loop= 1.000  dep_x=10.000 dep_z= 0.000
rank= 36 Lx=Ly=10 pg= 0.000 ids= 676 TEE= 0 R2x= 0.000 R2z= 1.000 R2x_loop= 0.000 R2z_loop= 1.000  dep_x=10.000 dep_z= 0.000
rank= 42 Lx=Ly=10 pg= 0.000 ids= 810 TEE= 0 R2x= 0.000 R2z= 1.000 R2x_loop= 0.000 R2z_loop= 1.000  dep_x=10.000 dep_z= 0.000
rank= 20 Lx=Ly=10 pg= 0.000 ids= 788 TEE= 0 R2x= 0.000 R2z= 1.000 R2x_loop= 0.000 R2z_loop= 1.000  dep_x=10.000 dep_z= 0.000
rank= 72 Lx=Ly=10 pg= 0.000 ids= 840 TEE= 0 R2x= 0.000 R2z= 1.000 R2x_loop= 0.000 R2z_loop= 1.000  dep_x=10.000 dep_z= 0.000
rank= 80 Lx=Ly=10 pg= 0.000 ids= 848 TEE= 0 R2x= 0.000 R2z= 1.000 R2x_loop= 0.000 R2z_loop= 1.000  dep_x=10.000 dep_z= 0.000
rank= 12 Lx=Ly=10 pg= 0.000 ids= 780 TEE= 0 R2x= 0.000 R2z= 1.000 R2x_loop= 0.000 R2z_loop= 1.000  dep_x=10.000 dep_z= 0.000
rank= 84 Lx=Ly=10 pg= 0.000 ids= 852 TEE= 0 R2x= 0.000 R2z= 1.000 R2x_loop= 0.000 R2z_loop= 1.000  dep_x=10.000 dep_z= 0.000
rank= 44 Lx=Ly=10 pg= 0.000 ids= 812 TEE= 0 R2x= 0.000 R2z= 1.000 R2x_loop= 0.000 R2z_loop= 1.000  dep_x=10.000 dep_z= 0.000
rank= 70 Lx=Ly=10 pg= 0.000 ids= 838 TEE= 0 R2x= 0.000 R2z= 1.000 R2x_loop= 0.000 R2z_loop= 1.000  dep_x=10.000 dep_z= 0.000
rank= 26 Lx=Ly=10 pg= 0.000 ids= 794 TEE= 0 R2x= 0.000 R2z= 1.000 R2x_loop= 0.000 R2z_loop= 1.000  dep_x=10.000 dep_z= 0.000
rank= 40 Lx=Ly=10 pg= 0.000 ids= 808 TEE= 0 R2x= 0.000 R2z= 1.000 R2x_loop= 0.000 R2z_loop= 1.000  dep_x=10.000 dep_z= 0.000
rank= 74 Lx=Ly=10 pg= 0.000 ids= 842 TEE= 0 R2x= 0.000 R2z= 1.000 R2x_loop= 0.000 R2z_loop= 1.000  dep_x=10.000 dep_z= 0.000
rank= 90 Lx=Ly=10 pg= 0.000 ids= 858 TEE= 0 R2x= 0.000 R2z= 1.000 R2x_loop= 0.000 R2z_loop= 1.000  dep_x=10.000 dep_z= 0.000
rank= 78 Lx=Ly=10 pg= 0.000 ids= 846 TEE= 0 R2x= 0.000 R2z= 1.000 R2x_loop= 0.000 R2z_loop= 1.000  dep_x=10.000 dep_z= 0.000
rank= 24 Lx=Ly=10 pg= 0.000 ids= 792 TEE= 0 R2x= 0.000 R2z= 1.000 R2x_loop= 0.000 R2z_loop= 1.000  dep_x=10.000 dep_z= 0.000
rank= 34 Lx=Ly=10 pg= 0.000 ids= 802 TEE= 0 R2x= 0.000 R2z= 1.000 R2x_loop= 0.000 R2z_loop= 1.000  dep_x=10.000 dep_z= 0.000
rank= 56 Lx=Ly=10 pg= 0.000 ids= 824 TEE= 0 R2x= 0.000 R2z= 1.000 R2x_loop= 0.000 R2z_loop= 1.000  dep_x=10.000 dep_z= 0.000
rank= 28 Lx=Ly=10 pg= 0.000 ids= 796 TEE= 0 R2x= 0.000 R2z= 1.000 R2x_loop= 0.000 R2z_loop= 1.000  dep_x=10.000 dep_z= 0.000
rank= 62 Lx=Ly=10 pg= 0.000 ids= 830 TEE= 0 R2x= 0.000 R2z= 1.000 R2x_loop= 0.000 R2z_loop= 1.000  dep_x=10.000 dep_z= 0.000
rank=102 Lx=Ly=10 pg= 0.000 ids= 870 TEE= 0 R2x= 0.000 R2z= 1.000 R2x_loop= 0.000 R2z_loop= 1.000  dep_x=10.000 dep_z= 0.000
rank= 47 Lx=Ly=10 pg= 0.000 ids= 815 TEE= 0 R2x= 0.000 R2z= 1.000 R2x_loop= 0.000 R2z_loop= 1.000  dep_x=10.000 dep_z= 0.000
rank=108 Lx=Ly=10 pg= 0.000 ids= 876 TEE= 0 R2x= 0.000 R2z= 1.000 R2x_loop= 0.000 R2z_loop= 1.000  dep_x=10.000 dep_z= 0.000
rank=100 Lx=Ly=10 pg= 0.000 ids= 868 TEE= 0 R2x= 0.000 R2z= 1.000 R2x_loop= 0.000 R2z_loop= 1.000  dep_x=10.000 dep_z= 0.000
rank= 46 Lx=Ly=10 pg= 0.000 ids= 814 TEE= 0 R2x= 0.000 R2z= 1.000 R2x_loop= 0.000 R2z_loop= 1.000  dep_x=10.000 dep_z= 0.000
rank=106 Lx=Ly=10 pg= 0.000 ids= 874 TEE= 0 R2x= 0.000 R2z= 1.000 R2x_loop= 0.000 R2z_loop= 1.000  dep_x=10.000 dep_z= 0.000
rank=101 Lx=Ly=10 pg= 0.000 ids= 869 TEE= 0 R2x= 0.000 R2z= 1.000 R2x_loop= 0.000 R2z_loop= 1.000  dep_x=10.000 dep_z= 0.000
rank=126 Lx=Ly=10 pg= 0.000 ids= 894 TEE= 0 R2x= 0.000 R2z= 1.000 R2x_loop= 0.000 R2z_loop= 1.000  dep_x=10.000 dep_z= 0.000
rank= 60 Lx=Ly=10 pg= 0.000 ids= 828 TEE= 0 R2x= 0.000 R2z= 1.000 R2x_loop= 0.000 R2z_loop= 1.000  dep_x=10.000 dep_z= 0.000
rank=122 Lx=Ly=10 pg= 0.000 ids= 890 TEE= 0 R2x= 0.000 R2z= 1.000 R2x_loop= 0.000 R2z_loop= 1.000  dep_x=10.000 dep_z= 0.000
rank= 58 Lx=Ly=10 pg= 0.000 ids= 826 TEE= 0 R2x= 0.000 R2z= 1.000 R2x_loop= 0.000 R2z_loop= 1.000  dep_x=10.000 dep_z= 0.000
rank=120 Lx=Ly=10 pg= 0.000 ids= 888 TEE= 0 R2x= 0.000 R2z= 1.000 R2x_loop= 0.000 R2z_loop= 1.000  dep_x=10.000 dep_z= 0.000
rank=112 Lx=Ly=10 pg= 0.000 ids= 880 TEE= 0 R2x= 0.000 R2z= 1.000 R2x_loop= 0.000 R2z_loop= 1.000  dep_x=10.000 dep_z= 0.000
rank=124 Lx=Ly=10 pg= 0.000 ids= 892 TEE= 0 R2x= 0.000 R2z= 1.000 R2x_loop= 0.000 R2z_loop= 1.000  dep_x=10.000 dep_z= 0.000
rank=118 Lx=Ly=10 pg= 0.000 ids= 886 TEE= 0 R2x= 0.000 R2z= 1.000 R2x_loop= 0.000 R2z_loop= 1.000  dep_x=10.000 dep_z= 0.000
rank=116 Lx=Ly=10 pg= 0.000 ids= 884 TEE= 0 R2x= 0.000 R2z= 1.000 R2x_loop= 0.000 R2z_loop= 1.000  dep_x=10.000 dep_z= 0.000
rank=104 Lx=Ly=10 pg= 0.000 ids= 872 TEE= 0 R2x= 0.000 R2z= 1.000 R2x_loop= 0.000 R2z_loop= 1.000  dep_x=10.000 dep_z= 0.000
rank= 96 Lx=Ly=10 pg= 0.000 ids= 864 TEE= 0 R2x= 0.000 R2z= 1.000 R2x_loop= 0.000 R2z_loop= 1.000  dep_x=10.000 dep_z= 0.000
rank= 66 Lx=Ly=10 pg= 0.000 ids= 834 TEE= 0 R2x= 0.000 R2z= 1.000 R2x_loop= 0.000 R2z_loop= 1.000  dep_x=10.000 dep_z= 0.000
rank=110 Lx=Ly=10 pg= 0.000 ids= 878 TEE= 0 R2x= 0.000 R2z= 1.000 R2x_loop= 0.000 R2z_loop= 1.000  dep_x=10.000 dep_z= 0.000
rank= 98 Lx=Ly=10 pg= 0.000 ids= 866 TEE= 0 R2x= 0.000 R2z= 1.000 R2x_loop= 0.000 R2z_loop= 1.000  dep_x=10.000 dep_z= 0.000
rank=114 Lx=Ly=10 pg= 0.000 ids= 882 TEE= 0 R2x= 0.000 R2z= 1.000 R2x_loop= 0.000 R2z_loop= 1.000  dep_x=10.000 dep_z= 0.000
rank= 97 Lx=Ly=10 pg= 0.000 ids= 865 TEE= 0 R2x= 0.000 R2z= 1.000 R2x_loop= 0.000 R2z_loop= 1.000  dep_x=10.000 dep_z= 0.000
rank= 32 Lx=Ly=10 pg= 0.000 ids= 800 TEE= 0 R2x= 0.000 R2z= 1.000 R2x_loop= 0.000 R2z_loop= 1.000  dep_x=10.000 dep_z= 0.000
rank=  6 Lx=Ly=10 pg= 0.000 ids= 646 TEE= 0 R2x= 0.000 R2z= 1.000 R2x_loop= 0.000 R2z_loop= 1.000  dep_x=10.000 dep_z= 0.000
rank= 52 Lx=Ly=10 pg= 0.000 ids= 692 TEE= 0 R2x= 0.000 R2z= 1.000 R2x_loop= 0.000 R2z_loop= 1.000  dep_x=10.000 dep_z= 0.000
rank= 10 Lx=Ly=10 pg= 0.000 ids= 650 TEE= 0 R2x= 0.000 R2z= 1.000 R2x_loop= 0.000 R2z_loop= 1.000  dep_x=10.000 dep_z= 0.000
rank= 11 Lx=Ly=10 pg= 0.000 ids= 779 TEE= 0 R2x= 0.000 R2z= 1.000 R2x_loop= 0.000 R2z_loop= 1.000  dep_x=10.000 dep_z= 0.000
rank=111 Lx=Ly=10 pg= 0.000 ids= 751 TEE= 0 R2x= 0.000 R2z= 1.000 R2x_loop= 0.000 R2z_loop= 1.000  dep_x=10.000 dep_z= 0.000
rank= 99 Lx=Ly=10 pg= 0.000 ids= 867 TEE= 0 R2x= 0.000 R2z= 1.000 R2x_loop= 0.000 R2z_loop= 1.000  dep_x=10.000 dep_z= 0.000
rank= 38 Lx=Ly=10 pg= 0.000 ids= 806 TEE= 0 R2x= 0.000 R2z= 1.000 R2x_loop= 0.000 R2z_loop= 1.000  dep_x=10.000 dep_z= 0.000
rank= 53 Lx=Ly=10 pg= 0.000 ids= 821 TEE= 0 R2x= 0.000 R2z= 1.000 R2x_loop= 0.000 R2z_loop= 1.000  dep_x=10.000 dep_z= 0.000
rank= 95 Lx=Ly=10 pg= 0.000 ids= 863 TEE= 0 R2x= 0.000 R2z= 1.000 R2x_loop= 0.000 R2z_loop= 1.000  dep_x=10.000 dep_z= 0.000
rank= 86 Lx=Ly=10 pg= 0.000 ids= 854 TEE= 0 R2x= 0.000 R2z= 1.000 R2x_loop= 0.000 R2z_loop= 1.000  dep_x=10.000 dep_z= 0.000
rank= 68 Lx=Ly=10 pg= 0.000 ids= 836 TEE= 0 R2x= 0.000 R2z= 1.000 R2x_loop= 0.000 R2z_loop= 1.000  dep_x=10.000 dep_z= 0.000
rank= 82 Lx=Ly=10 pg= 0.000 ids= 850 TEE= 0 R2x= 0.000 R2z= 1.000 R2x_loop= 0.000 R2z_loop= 1.000  dep_x=10.000 dep_z= 0.000
rank=121 Lx=Ly=10 pg= 0.000 ids= 761 TEE= 0 R2x= 0.000 R2z= 1.000 R2x_loop= 0.000 R2z_loop= 1.000  dep_x=10.000 dep_z= 0.000
rank= 83 Lx=Ly=10 pg= 0.000 ids= 851 TEE= 0 R2x= 0.000 R2z= 1.000 R2x_loop= 0.000 R2z_loop= 1.000  dep_x=10.000 dep_z= 0.000
rank= 65 Lx=Ly=10 pg= 0.000 ids= 833 TEE= 0 R2x= 0.000 R2z= 1.000 R2x_loop= 0.000 R2z_loop= 1.000  dep_x=10.000 dep_z= 0.000
rank= 81 Lx=Ly=10 pg= 0.000 ids= 721 TEE= 0 R2x= 0.000 R2z= 1.000 R2x_loop= 0.000 R2z_loop= 1.000  dep_x=10.000 dep_z= 0.000
rank= 43 Lx=Ly=10 pg= 0.000 ids= 811 TEE= 0 R2x= 0.000 R2z= 1.000 R2x_loop= 0.000 R2z_loop= 1.000  dep_x=10.000 dep_z= 0.000
rank= 29 Lx=Ly=10 pg= 0.000 ids= 669 TEE= 0 R2x= 0.000 R2z= 1.000 R2x_loop= 0.000 R2z_loop= 1.000  dep_x=10.000 dep_z= 0.000
rank= 64 Lx=Ly=10 pg= 0.000 ids= 832 TEE= 0 R2x= 0.000 R2z= 1.000 R2x_loop= 0.000 R2z_loop= 1.000  dep_x=10.000 dep_z= 0.000
rank= 31 Lx=Ly=10 pg= 0.000 ids= 671 TEE= 0 R2x= 0.000 R2z= 1.000 R2x_loop= 0.000 R2z_loop= 1.000  dep_x=10.000 dep_z= 0.000
rank= 67 Lx=Ly=10 pg= 0.000 ids= 963 TEE= 0 R2x= 0.000 R2z= 1.000 R2x_loop= 0.000 R2z_loop= 1.000  dep_x=10.000 dep_z= 0.000
rank=  7 Lx=Ly=10 pg= 0.000 ids= 647 TEE= 0 R2x= 0.000 R2z= 1.000 R2x_loop= 0.000 R2z_loop= 1.000  dep_x=10.000 dep_z= 0.000
rank= 71 Lx=Ly=10 pg= 0.000 ids= 967 TEE= 0 R2x= 0.000 R2z= 1.000 R2x_loop= 0.000 R2z_loop= 1.000  dep_x=10.000 dep_z= 0.000
rank=109 Lx=Ly=10 pg= 0.100 ids=   5 TEE= 0 R2x= 0.000 R2z= 0.867 R2x_loop= 0.000 R2z_loop= 1.000  dep_x=10.000 dep_z= 0.000
rank= 93 Lx=Ly=10 pg= 0.000 ids= 989 TEE= 0 R2x= 0.000 R2z= 1.000 R2x_loop= 0.000 R2z_loop= 1.000  dep_x=10.000 dep_z= 0.000
rank= 69 Lx=Ly=10 pg= 0.000 ids= 965 TEE= 0 R2x= 0.000 R2z= 1.000 R2x_loop= 0.000 R2z_loop= 1.000  dep_x=10.000 dep_z= 0.000
rank= 91 Lx=Ly=10 pg= 0.000 ids= 987 TEE= 0 R2x= 0.000 R2z= 1.000 R2x_loop= 0.000 R2z_loop= 1.000  dep_x=10.000 dep_z= 0.000
rank= 37 Lx=Ly=10 pg= 0.000 ids= 933 TEE= 0 R2x= 0.000 R2z= 1.000 R2x_loop= 0.000 R2z_loop= 1.000  dep_x=10.000 dep_z= 0.000
rank= 79 Lx=Ly=10 pg= 0.000 ids= 975 TEE= 0 R2x= 0.000 R2z= 1.000 R2x_loop= 0.000 R2z_loop= 1.000  dep_x=10.000 dep_z= 0.000
rank= 89 Lx=Ly=10 pg= 0.000 ids= 985 TEE= 0 R2x= 0.000 R2z= 1.000 R2x_loop= 0.000 R2z_loop= 1.000  dep_x=10.000 dep_z= 0.000
rank= 75 Lx=Ly=10 pg= 0.000 ids= 971 TEE= 0 R2x= 0.000 R2z= 1.000 R2x_loop= 0.000 R2z_loop= 1.000  dep_x=10.000 dep_z= 0.000
rank=  1 Lx=Ly=10 pg= 0.000 ids= 897 TEE= 0 R2x= 0.000 R2z= 1.000 R2x_loop= 0.000 R2z_loop= 1.000  dep_x=10.000 dep_z= 0.000
rank= 35 Lx=Ly=10 pg= 0.000 ids= 931 TEE= 0 R2x= 0.000 R2z= 1.000 R2x_loop= 0.000 R2z_loop= 1.000  dep_x=10.000 dep_z= 0.000
rank= 87 Lx=Ly=10 pg= 0.000 ids= 983 TEE= 0 R2x= 0.000 R2z= 1.000 R2x_loop= 0.000 R2z_loop= 1.000  dep_x=10.000 dep_z= 0.000
rank=  5 Lx=Ly=10 pg= 0.000 ids= 901 TEE= 0 R2x= 0.000 R2z= 1.000 R2x_loop= 0.000 R2z_loop= 1.000  dep_x=10.000 dep_z= 0.000
rank=  3 Lx=Ly=10 pg= 0.000 ids= 899 TEE= 0 R2x= 0.000 R2z= 1.000 R2x_loop= 0.000 R2z_loop= 1.000  dep_x=10.000 dep_z= 0.000
rank= 85 Lx=Ly=10 pg= 0.000 ids= 981 TEE= 0 R2x= 0.000 R2z= 1.000 R2x_loop= 0.000 R2z_loop= 1.000  dep_x=10.000 dep_z= 0.000
rank= 39 Lx=Ly=10 pg= 0.000 ids= 935 TEE= 0 R2x= 0.000 R2z= 1.000 R2x_loop= 0.000 R2z_loop= 1.000  dep_x=10.000 dep_z= 0.000
rank= 61 Lx=Ly=10 pg= 0.000 ids= 957 TEE= 0 R2x= 0.000 R2z= 1.000 R2x_loop= 0.000 R2z_loop= 1.000  dep_x=10.000 dep_z= 0.000
rank= 59 Lx=Ly=10 pg= 0.000 ids= 955 TEE= 0 R2x= 0.000 R2z= 1.000 R2x_loop= 0.000 R2z_loop= 1.000  dep_x=10.000 dep_z= 0.000
rank=125 Lx=Ly=10 pg= 0.100 ids=  21 TEE= 0 R2x= 0.000 R2z= 0.956 R2x_loop= 0.000 R2z_loop= 1.000  dep_x=10.000 dep_z= 0.000
rank= 25 Lx=Ly=10 pg= 0.000 ids= 921 TEE= 0 R2x= 0.000 R2z= 1.000 R2x_loop= 0.000 R2z_loop= 1.000  dep_x=10.000 dep_z= 0.000
rank= 17 Lx=Ly=10 pg= 0.000 ids= 913 TEE= 0 R2x= 0.000 R2z= 1.000 R2x_loop= 0.000 R2z_loop= 1.000  dep_x=10.000 dep_z= 0.000
rank= 21 Lx=Ly=10 pg= 0.000 ids= 917 TEE= 0 R2x= 0.000 R2z= 1.000 R2x_loop= 0.000 R2z_loop= 1.000  dep_x=10.000 dep_z= 0.000
rank= 41 Lx=Ly=10 pg= 0.000 ids= 937 TEE= 0 R2x= 0.000 R2z= 1.000 R2x_loop= 0.000 R2z_loop= 1.000  dep_x=10.000 dep_z= 0.000
rank=103 Lx=Ly=10 pg= 0.000 ids= 999 TEE= 0 R2x= 0.000 R2z= 1.000 R2x_loop= 0.000 R2z_loop= 1.000  dep_x=10.000 dep_z= 0.000
rank= 73 Lx=Ly=10 pg= 0.000 ids= 969 TEE= 0 R2x= 0.000 R2z= 1.000 R2x_loop= 0.000 R2z_loop= 1.000  dep_x=10.000 dep_z= 0.000
rank= 51 Lx=Ly=10 pg= 0.000 ids= 947 TEE= 0 R2x= 0.000 R2z= 1.000 R2x_loop= 0.000 R2z_loop= 1.000  dep_x=10.000 dep_z= 0.000
rank= 55 Lx=Ly=10 pg= 0.000 ids= 951 TEE= 0 R2x= 0.000 R2z= 1.000 R2x_loop= 0.000 R2z_loop= 1.000  dep_x=10.000 dep_z= 0.000
rank= 49 Lx=Ly=10 pg= 0.000 ids= 945 TEE= 0 R2x= 0.000 R2z= 1.000 R2x_loop= 0.000 R2z_loop= 1.000  dep_x=10.000 dep_z= 0.000
rank=105 Lx=Ly=10 pg= 0.100 ids=   1 TEE= 0 R2x= 0.000 R2z= 0.978 R2x_loop= 0.000 R2z_loop= 1.000  dep_x=10.000 dep_z= 0.000
rank= 33 Lx=Ly=10 pg= 0.000 ids= 929 TEE= 0 R2x= 0.000 R2z= 1.000 R2x_loop= 0.000 R2z_loop= 1.000  dep_x=10.000 dep_z= 0.000
rank=117 Lx=Ly=10 pg= 0.100 ids=  13 TEE= 0 R2x= 0.000 R2z= 0.989 R2x_loop= 0.000 R2z_loop= 1.000  dep_x=10.000 dep_z= 0.000
rank=115 Lx=Ly=10 pg= 0.100 ids=  11 TEE= 0 R2x= 0.000 R2z= 0.967 R2x_loop= 0.000 R2z_loop= 1.000  dep_x=10.000 dep_z= 0.000
rank=119 Lx=Ly=10 pg= 0.100 ids=  15 TEE= 0 R2x= 0.000 R2z= 0.978 R2x_loop= 0.000 R2z_loop= 1.000  dep_x=10.000 dep_z= 0.000
rank= 23 Lx=Ly=10 pg= 0.000 ids= 919 TEE= 0 R2x= 0.000 R2z= 1.000 R2x_loop= 0.000 R2z_loop= 1.000  dep_x=10.000 dep_z= 0.000
rank=  9 Lx=Ly=10 pg= 0.000 ids= 905 TEE= 0 R2x= 0.000 R2z= 1.000 R2x_loop= 0.000 R2z_loop= 1.000  dep_x=10.000 dep_z= 0.000
rank= 15 Lx=Ly=10 pg= 0.000 ids= 911 TEE= 0 R2x= 0.000 R2z= 1.000 R2x_loop= 0.000 R2z_loop= 1.000  dep_x=10.000 dep_z= 0.000
rank=127 Lx=Ly=10 pg= 0.100 ids=  23 TEE= 0 R2x= 0.000 R2z= 0.989 R2x_loop= 0.000 R2z_loop= 1.000  dep_x=10.000 dep_z= 0.000
rank= 13 Lx=Ly=10 pg= 0.000 ids= 909 TEE= 0 R2x= 0.000 R2z= 1.000 R2x_loop= 0.000 R2z_loop= 1.000  dep_x=10.000 dep_z= 0.000
rank=113 Lx=Ly=10 pg= 0.100 ids=   9 TEE= 0 R2x= 0.000 R2z= 0.989 R2x_loop= 0.000 R2z_loop= 1.000  dep_x=10.000 dep_z= 0.000
rank= 19 Lx=Ly=10 pg= 0.000 ids= 915 TEE= 0 R2x= 0.000 R2z= 1.000 R2x_loop= 0.000 R2z_loop= 1.000  dep_x=10.000 dep_z= 0.000
rank=  2 Lx=Ly=10 pg= 0.000 ids= 770 TEE= 0 R2x= 0.000 R2z= 1.000 R2x_loop= 0.000 R2z_loop= 1.000  dep_x=10.000 dep_z= 0.000
rank= 88 Lx=Ly=10 pg= 0.000 ids= 856 TEE= 0 R2x= 0.000 R2z= 1.000 R2x_loop= 0.000 R2z_loop= 1.000  dep_x=10.000 dep_z= 0.000
rank= 45 Lx=Ly=10 pg= 0.000 ids= 941 TEE= 0 R2x= 0.000 R2z= 1.000 R2x_loop= 0.000 R2z_loop= 1.000  dep_x=10.000 dep_z= 0.000
rank=123 Lx=Ly=10 pg= 0.000 ids= 891 TEE= 0 R2x= 0.000 R2z= 1.000 R2x_loop= 0.000 R2z_loop= 1.000  dep_x=10.000 dep_z= 0.000
rank= 27 Lx=Ly=10 pg= 0.000 ids= 923 TEE= 0 R2x= 0.000 R2z= 1.000 R2x_loop= 0.000 R2z_loop= 1.000  dep_x=10.000 dep_z= 0.000
rank= 77 Lx=Ly=10 pg= 0.000 ids= 845 TEE= 0 R2x= 0.000 R2z= 1.000 R2x_loop= 0.000 R2z_loop= 1.000  dep_x=10.000 dep_z= 0.000
rank= 57 Lx=Ly=10 pg= 0.000 ids= 953 TEE= 0 R2x= 0.000 R2z= 1.000 R2x_loop= 0.000 R2z_loop= 1.000  dep_x=10.000 dep_z= 0.000
rank= 63 Lx=Ly=10 pg= 0.000 ids= 959 TEE= 0 R2x= 0.000 R2z= 1.000 R2x_loop= 0.000 R2z_loop= 1.000  dep_x=10.000 dep_z= 0.000
rank=  4 Lx=Ly=10 pg= 0.000 ids= 900 TEE= 0 R2x= 0.000 R2z= 1.000 R2x_loop= 0.000 R2z_loop= 1.000  dep_x=10.000 dep_z= 0.000
rank= 48 Lx=Ly=10 pg= 0.000 ids= 944 TEE= 0 R2x= 0.000 R2z= 1.000 R2x_loop= 0.000 R2z_loop= 1.000  dep_x=10.000 dep_z= 0.000
rank= 16 Lx=Ly=10 pg= 0.000 ids= 912 TEE= 0 R2x= 0.000 R2z= 1.000 R2x_loop= 0.000 R2z_loop= 1.000  dep_x=10.000 dep_z= 0.000
rank=  0 Lx=Ly=10 pg= 0.000 ids= 896 TEE= 0 R2x= 0.000 R2z= 1.000 R2x_loop= 0.000 R2z_loop= 1.000  dep_x=10.000 dep_z= 0.000
rank= 18 Lx=Ly=10 pg= 0.000 ids= 914 TEE= 0 R2x= 0.000 R2z= 1.000 R2x_loop= 0.000 R2z_loop= 1.000  dep_x=10.000 dep_z= 0.000
rank= 92 Lx=Ly=10 pg= 0.000 ids= 988 TEE= 0 R2x= 0.000 R2z= 1.000 R2x_loop= 0.000 R2z_loop= 1.000  dep_x=10.000 dep_z= 0.000
rank= 14 Lx=Ly=10 pg= 0.000 ids= 910 TEE= 0 R2x= 0.000 R2z= 1.000 R2x_loop= 0.000 R2z_loop= 1.000  dep_x=10.000 dep_z= 0.000
rank= 94 Lx=Ly=10 pg= 0.000 ids= 990 TEE= 0 R2x= 0.000 R2z= 1.000 R2x_loop= 0.000 R2z_loop= 1.000  dep_x=10.000 dep_z= 0.000
rank= 76 Lx=Ly=10 pg= 0.000 ids= 972 TEE= 0 R2x= 0.000 R2z= 1.000 R2x_loop= 0.000 R2z_loop= 1.000  dep_x=10.000 dep_z= 0.000
rank= 20 Lx=Ly=10 pg= 0.000 ids= 916 TEE= 0 R2x= 0.000 R2z= 1.000 R2x_loop= 0.000 R2z_loop= 1.000  dep_x=10.000 dep_z= 0.000
rank=  8 Lx=Ly=10 pg= 0.000 ids= 904 TEE= 0 R2x= 0.000 R2z= 1.000 R2x_loop= 0.000 R2z_loop= 1.000  dep_x=10.000 dep_z= 0.000
rank= 22 Lx=Ly=10 pg= 0.000 ids= 790 TEE= 0 R2x= 0.000 R2z= 1.000 R2x_loop= 0.000 R2z_loop= 1.000  dep_x=10.000 dep_z= 0.000
rank= 12 Lx=Ly=10 pg= 0.000 ids= 908 TEE= 0 R2x= 0.000 R2z= 1.000 R2x_loop= 0.000 R2z_loop= 1.000  dep_x=10.000 dep_z= 0.000
rank= 42 Lx=Ly=10 pg= 0.000 ids= 938 TEE= 0 R2x= 0.000 R2z= 1.000 R2x_loop= 0.000 R2z_loop= 1.000  dep_x=10.000 dep_z= 0.000
rank= 80 Lx=Ly=10 pg= 0.000 ids= 976 TEE= 0 R2x= 0.000 R2z= 1.000 R2x_loop= 0.000 R2z_loop= 1.000  dep_x=10.000 dep_z= 0.000
rank= 70 Lx=Ly=10 pg= 0.000 ids= 966 TEE= 0 R2x= 0.000 R2z= 1.000 R2x_loop= 0.000 R2z_loop= 1.000  dep_x=10.000 dep_z= 0.000
rank= 47 Lx=Ly=10 pg= 0.000 ids= 943 TEE= 0 R2x= 0.000 R2z= 1.000 R2x_loop= 0.000 R2z_loop= 1.000  dep_x=10.000 dep_z= 0.000
rank= 72 Lx=Ly=10 pg= 0.000 ids= 968 TEE= 0 R2x= 0.000 R2z= 1.000 R2x_loop= 0.000 R2z_loop= 1.000  dep_x=10.000 dep_z= 0.000
rank= 84 Lx=Ly=10 pg= 0.000 ids= 980 TEE= 0 R2x= 0.000 R2z= 1.000 R2x_loop= 0.000 R2z_loop= 1.000  dep_x=10.000 dep_z= 0.000
rank= 26 Lx=Ly=10 pg= 0.000 ids= 922 TEE= 0 R2x= 0.000 R2z= 1.000 R2x_loop= 0.000 R2z_loop= 1.000  dep_x=10.000 dep_z= 0.000
rank= 44 Lx=Ly=10 pg= 0.000 ids= 940 TEE= 0 R2x= 0.000 R2z= 1.000 R2x_loop= 0.000 R2z_loop= 1.000  dep_x=10.000 dep_z= 0.000
rank= 90 Lx=Ly=10 pg= 0.000 ids= 986 TEE= 0 R2x= 0.000 R2z= 1.000 R2x_loop= 0.000 R2z_loop= 1.000  dep_x=10.000 dep_z= 0.000
rank= 74 Lx=Ly=10 pg= 0.000 ids= 970 TEE= 0 R2x= 0.000 R2z= 1.000 R2x_loop= 0.000 R2z_loop= 1.000  dep_x=10.000 dep_z= 0.000
rank= 40 Lx=Ly=10 pg= 0.000 ids= 936 TEE= 0 R2x= 0.000 R2z= 1.000 R2x_loop= 0.000 R2z_loop= 1.000  dep_x=10.000 dep_z= 0.000
rank= 78 Lx=Ly=10 pg= 0.000 ids= 974 TEE= 0 R2x= 0.000 R2z= 1.000 R2x_loop= 0.000 R2z_loop= 1.000  dep_x=10.000 dep_z= 0.000
rank= 24 Lx=Ly=10 pg= 0.000 ids= 920 TEE= 0 R2x= 0.000 R2z= 1.000 R2x_loop= 0.000 R2z_loop= 1.000  dep_x=10.000 dep_z= 0.000
rank= 34 Lx=Ly=10 pg= 0.000 ids= 930 TEE= 0 R2x= 0.000 R2z= 1.000 R2x_loop= 0.000 R2z_loop= 1.000  dep_x=10.000 dep_z= 0.000
rank= 56 Lx=Ly=10 pg= 0.000 ids= 952 TEE= 0 R2x= 0.000 R2z= 1.000 R2x_loop= 0.000 R2z_loop= 1.000  dep_x=10.000 dep_z= 0.000
rank=107 Lx=Ly=10 pg= 0.000 ids= 747 TEE= 0 R2x= 0.000 R2z= 1.000 R2x_loop= 0.000 R2z_loop= 1.000  dep_x=10.000 dep_z= 0.000
rank= 28 Lx=Ly=10 pg= 0.000 ids= 924 TEE= 0 R2x= 0.000 R2z= 1.000 R2x_loop= 0.000 R2z_loop= 1.000  dep_x=10.000 dep_z= 0.000
rank= 62 Lx=Ly=10 pg= 0.000 ids= 958 TEE= 0 R2x= 0.000 R2z= 1.000 R2x_loop= 0.000 R2z_loop= 1.000  dep_x=10.000 dep_z= 0.000
rank= 30 Lx=Ly=10 pg= 0.000 ids= 798 TEE= 0 R2x= 0.000 R2z= 1.000 R2x_loop= 0.000 R2z_loop= 1.000  dep_x=10.000 dep_z= 0.000
rank= 46 Lx=Ly=10 pg= 0.000 ids= 942 TEE= 0 R2x= 0.000 R2z= 1.000 R2x_loop= 0.000 R2z_loop= 1.000  dep_x=10.000 dep_z= 0.000
rank=102 Lx=Ly=10 pg= 0.000 ids= 998 TEE= 0 R2x= 0.000 R2z= 1.000 R2x_loop= 0.000 R2z_loop= 1.000  dep_x=10.000 dep_z= 0.000
rank=100 Lx=Ly=10 pg= 0.000 ids= 996 TEE= 0 R2x= 0.000 R2z= 1.000 R2x_loop= 0.000 R2z_loop= 1.000  dep_x=10.000 dep_z= 0.000
rank= 60 Lx=Ly=10 pg= 0.000 ids= 956 TEE= 0 R2x= 0.000 R2z= 1.000 R2x_loop= 0.000 R2z_loop= 1.000  dep_x=10.000 dep_z= 0.000
rank=108 Lx=Ly=10 pg= 0.100 ids=   4 TEE= 0 R2x= 0.000 R2z= 0.978 R2x_loop= 0.000 R2z_loop= 1.000  dep_x=10.000 dep_z= 0.000
rank=106 Lx=Ly=10 pg= 0.100 ids=   2 TEE= 0 R2x= 0.000 R2z= 0.889 R2x_loop= 0.000 R2z_loop= 1.000  dep_x=10.000 dep_z= 0.000
rank= 58 Lx=Ly=10 pg= 0.000 ids= 954 TEE= 0 R2x= 0.000 R2z= 1.000 R2x_loop= 0.000 R2z_loop= 1.000  dep_x=10.000 dep_z= 0.000
rank=126 Lx=Ly=10 pg= 0.100 ids=  22 TEE= 0 R2x= 0.000 R2z= 0.989 R2x_loop= 0.000 R2z_loop= 1.000  dep_x=10.000 dep_z= 0.000
rank= 54 Lx=Ly=10 pg= 0.000 ids= 822 TEE= 0 R2x= 0.000 R2z= 1.000 R2x_loop= 0.000 R2z_loop= 1.000  dep_x=10.000 dep_z= 0.000
rank=122 Lx=Ly=10 pg= 0.100 ids=  18 TEE= 0 R2x= 0.000 R2z= 0.989 R2x_loop= 0.000 R2z_loop= 1.000  dep_x=10.000 dep_z= 0.000
rank=112 Lx=Ly=10 pg= 0.100 ids=   8 TEE= 0 R2x= 0.000 R2z= 0.967 R2x_loop= 0.000 R2z_loop= 1.000  dep_x=10.000 dep_z= 0.000
rank=120 Lx=Ly=10 pg= 0.100 ids=  16 TEE= 0 R2x= 0.000 R2z= 0.956 R2x_loop= 0.000 R2z_loop= 1.000  dep_x=10.000 dep_z= 0.000
rank= 96 Lx=Ly=10 pg= 0.000 ids= 992 TEE= 0 R2x= 0.000 R2z= 1.000 R2x_loop= 0.000 R2z_loop= 1.000  dep_x=10.000 dep_z= 0.000
rank=104 Lx=Ly=10 pg= 0.100 ids=   0 TEE= 0 R2x= 0.000 R2z= 0.989 R2x_loop= 0.000 R2z_loop= 1.000  dep_x=10.000 dep_z= 0.000
rank=118 Lx=Ly=10 pg= 0.100 ids=  14 TEE= 0 R2x= 0.000 R2z= 0.967 R2x_loop= 0.000 R2z_loop= 1.000  dep_x=10.000 dep_z= 0.000
rank=116 Lx=Ly=10 pg= 0.100 ids=  12 TEE= 0 R2x= 0.000 R2z= 0.989 R2x_loop= 0.000 R2z_loop= 1.000  dep_x=10.000 dep_z= 0.000
rank=124 Lx=Ly=10 pg= 0.100 ids=  20 TEE= 0 R2x= 0.000 R2z= 0.978 R2x_loop= 0.000 R2z_loop= 1.000  dep_x=10.000 dep_z= 0.000
rank= 66 Lx=Ly=10 pg= 0.000 ids= 962 TEE= 0 R2x= 0.000 R2z= 1.000 R2x_loop= 0.000 R2z_loop= 1.000  dep_x=10.000 dep_z= 0.000
rank= 97 Lx=Ly=10 pg= 0.000 ids= 993 TEE= 0 R2x= 0.000 R2z= 1.000 R2x_loop= 0.000 R2z_loop= 1.000  dep_x=10.000 dep_z= 0.000
rank= 98 Lx=Ly=10 pg= 0.000 ids= 994 TEE= 0 R2x= 0.000 R2z= 1.000 R2x_loop= 0.000 R2z_loop= 1.000  dep_x=10.000 dep_z= 0.000
rank=101 Lx=Ly=10 pg= 0.000 ids= 997 TEE= 0 R2x= 0.000 R2z= 1.000 R2x_loop= 0.000 R2z_loop= 1.000  dep_x=10.000 dep_z= 0.000
rank= 32 Lx=Ly=10 pg= 0.000 ids= 928 TEE= 0 R2x= 0.000 R2z= 1.000 R2x_loop= 0.000 R2z_loop= 1.000  dep_x=10.000 dep_z= 0.000
rank=114 Lx=Ly=10 pg= 0.100 ids=  10 TEE= 0 R2x= 0.000 R2z= 0.956 R2x_loop= 0.000 R2z_loop= 1.000  dep_x=10.000 dep_z= 0.000
rank=110 Lx=Ly=10 pg= 0.100 ids=   6 TEE= 0 R2x= 0.000 R2z= 0.967 R2x_loop= 0.000 R2z_loop= 1.000  dep_x=10.000 dep_z= 0.000
rank= 50 Lx=Ly=10 pg= 0.000 ids= 818 TEE= 0 R2x= 0.000 R2z= 1.000 R2x_loop= 0.000 R2z_loop= 1.000  dep_x=10.000 dep_z= 0.000
rank=111 Lx=Ly=10 pg= 0.000 ids= 879 TEE= 0 R2x= 0.000 R2z= 1.000 R2x_loop= 0.000 R2z_loop= 1.000  dep_x=10.000 dep_z= 0.000
rank= 10 Lx=Ly=10 pg= 0.000 ids= 778 TEE= 0 R2x= 0.000 R2z= 1.000 R2x_loop= 0.000 R2z_loop= 1.000  dep_x=10.000 dep_z= 0.000
rank= 95 Lx=Ly=10 pg= 0.000 ids= 991 TEE= 0 R2x= 0.000 R2z= 1.000 R2x_loop= 0.000 R2z_loop= 1.000  dep_x=10.000 dep_z= 0.000
rank= 36 Lx=Ly=10 pg= 0.000 ids= 804 TEE= 0 R2x= 0.000 R2z= 1.000 R2x_loop= 0.000 R2z_loop= 1.000  dep_x=10.000 dep_z= 0.000
rank= 68 Lx=Ly=10 pg= 0.000 ids= 964 TEE= 0 R2x= 0.000 R2z= 1.000 R2x_loop= 0.000 R2z_loop= 1.000  dep_x=10.000 dep_z= 0.000
rank= 86 Lx=Ly=10 pg= 0.000 ids= 982 TEE= 0 R2x= 0.000 R2z= 1.000 R2x_loop= 0.000 R2z_loop= 1.000  dep_x=10.000 dep_z= 0.000
rank= 38 Lx=Ly=10 pg= 0.000 ids= 934 TEE= 0 R2x= 0.000 R2z= 1.000 R2x_loop= 0.000 R2z_loop= 1.000  dep_x=10.000 dep_z= 0.000
rank=  6 Lx=Ly=10 pg= 0.000 ids= 774 TEE= 0 R2x= 0.000 R2z= 1.000 R2x_loop= 0.000 R2z_loop= 1.000  dep_x=10.000 dep_z= 0.000
rank= 82 Lx=Ly=10 pg= 0.000 ids= 978 TEE= 0 R2x= 0.000 R2z= 1.000 R2x_loop= 0.000 R2z_loop= 1.000  dep_x=10.000 dep_z= 0.000
rank= 52 Lx=Ly=10 pg= 0.000 ids= 820 TEE= 0 R2x= 0.000 R2z= 1.000 R2x_loop= 0.000 R2z_loop= 1.000  dep_x=10.000 dep_z= 0.000
rank= 11 Lx=Ly=10 pg= 0.000 ids= 907 TEE= 0 R2x= 0.000 R2z= 1.000 R2x_loop= 0.000 R2z_loop= 1.000  dep_x=10.000 dep_z= 0.000
rank= 43 Lx=Ly=10 pg= 0.000 ids= 939 TEE= 0 R2x= 0.000 R2z= 1.000 R2x_loop= 0.000 R2z_loop= 1.000  dep_x=10.000 dep_z= 0.000
rank= 99 Lx=Ly=10 pg= 0.000 ids= 995 TEE= 0 R2x= 0.000 R2z= 1.000 R2x_loop= 0.000 R2z_loop= 1.000  dep_x=10.000 dep_z= 0.000
rank= 64 Lx=Ly=10 pg= 0.000 ids= 960 TEE= 0 R2x= 0.000 R2z= 1.000 R2x_loop= 0.000 R2z_loop= 1.000  dep_x=10.000 dep_z= 0.000
rank= 67 Lx=Ly=10 pg= 0.100 ids=  91 TEE= 0 R2x= 0.000 R2z= 0.956 R2x_loop= 0.000 R2z_loop= 1.000  dep_x=10.000 dep_z= 0.000
rank= 71 Lx=Ly=10 pg= 0.100 ids=  95 TEE= 0 R2x= 0.000 R2z= 0.967 R2x_loop= 0.000 R2z_loop= 1.000  dep_x=10.000 dep_z= 0.000
rank=109 Lx=Ly=10 pg= 0.100 ids= 133 TEE= 0 R2x= 0.000 R2z= 0.967 R2x_loop= 0.000 R2z_loop= 1.000  dep_x=10.000 dep_z= 0.000
rank= 93 Lx=Ly=10 pg= 0.100 ids= 117 TEE= 0 R2x= 0.000 R2z= 1.000 R2x_loop= 0.000 R2z_loop= 1.000  dep_x=10.000 dep_z= 0.000
rank= 69 Lx=Ly=10 pg= 0.100 ids=  93 TEE= 0 R2x= 0.000 R2z= 0.967 R2x_loop= 0.000 R2z_loop= 1.000  dep_x=10.000 dep_z= 0.000
rank= 37 Lx=Ly=10 pg= 0.100 ids=  61 TEE= 0 R2x= 0.000 R2z= 0.967 R2x_loop= 0.000 R2z_loop= 1.000  dep_x=10.000 dep_z= 0.000
rank= 79 Lx=Ly=10 pg= 0.100 ids= 103 TEE= 0 R2x= 0.000 R2z= 0.978 R2x_loop= 0.000 R2z_loop= 1.000  dep_x=10.000 dep_z= 0.000
rank= 91 Lx=Ly=10 pg= 0.100 ids= 115 TEE= 0 R2x= 0.000 R2z= 0.878 R2x_loop= 0.000 R2z_loop= 1.000  dep_x=10.000 dep_z= 0.000
rank= 89 Lx=Ly=10 pg= 0.100 ids= 113 TEE= 0 R2x= 0.000 R2z= 0.967 R2x_loop= 0.000 R2z_loop= 1.000  dep_x=10.000 dep_z= 0.000
rank= 75 Lx=Ly=10 pg= 0.100 ids=  99 TEE= 0 R2x= 0.000 R2z= 0.956 R2x_loop= 0.000 R2z_loop= 1.000  dep_x=10.000 dep_z= 0.000
rank= 87 Lx=Ly=10 pg= 0.100 ids= 111 TEE= 0 R2x= 0.000 R2z= 0.956 R2x_loop= 0.000 R2z_loop= 1.000  dep_x=10.000 dep_z= 0.000
rank= 35 Lx=Ly=10 pg= 0.100 ids=  59 TEE= 0 R2x= 0.000 R2z= 0.967 R2x_loop= 0.000 R2z_loop= 1.000  dep_x=10.000 dep_z= 0.000
rank= 65 Lx=Ly=10 pg= 0.000 ids= 961 TEE= 0 R2x= 0.000 R2z= 1.000 R2x_loop= 0.000 R2z_loop= 1.000  dep_x=10.000 dep_z= 0.000
rank=  1 Lx=Ly=10 pg= 0.100 ids=  25 TEE= 0 R2x= 0.000 R2z= 0.978 R2x_loop= 0.000 R2z_loop= 1.000  dep_x=10.000 dep_z= 0.000
rank= 85 Lx=Ly=10 pg= 0.100 ids= 109 TEE= 0 R2x= 0.000 R2z= 0.878 R2x_loop= 0.000 R2z_loop= 1.000  dep_x=10.000 dep_z= 0.000
rank=  5 Lx=Ly=10 pg= 0.100 ids=  29 TEE= 0 R2x= 0.000 R2z= 0.889 R2x_loop= 0.000 R2z_loop= 1.000  dep_x=10.000 dep_z= 0.000
rank= 39 Lx=Ly=10 pg= 0.100 ids=  63 TEE= 0 R2x= 0.000 R2z= 0.967 R2x_loop= 0.000 R2z_loop= 1.000  dep_x=10.000 dep_z= 0.000
rank=  3 Lx=Ly=10 pg= 0.100 ids=  27 TEE= 0 R2x= 0.000 R2z= 0.989 R2x_loop= 0.000 R2z_loop= 1.000  dep_x=10.000 dep_z= 0.000
rank= 61 Lx=Ly=10 pg= 0.100 ids=  85 TEE= 0 R2x= 0.000 R2z= 0.956 R2x_loop= 0.000 R2z_loop= 1.000  dep_x=10.000 dep_z= 0.000
rank=125 Lx=Ly=10 pg= 0.100 ids= 149 TEE= 0 R2x= 0.000 R2z= 0.978 R2x_loop= 0.000 R2z_loop= 1.000  dep_x=10.000 dep_z= 0.000
rank= 59 Lx=Ly=10 pg= 0.100 ids=  83 TEE= 0 R2x= 0.000 R2z= 0.978 R2x_loop= 0.000 R2z_loop= 1.000  dep_x=10.000 dep_z= 0.000
rank= 25 Lx=Ly=10 pg= 0.100 ids=  49 TEE= 0 R2x= 0.000 R2z= 0.967 R2x_loop= 0.000 R2z_loop= 1.000  dep_x=10.000 dep_z= 0.000
rank=103 Lx=Ly=10 pg= 0.100 ids= 127 TEE= 0 R2x= 0.000 R2z= 0.856 R2x_loop= 0.000 R2z_loop= 1.000  dep_x=10.000 dep_z= 0.000
rank= 17 Lx=Ly=10 pg= 0.100 ids=  41 TEE= 0 R2x= 0.000 R2z= 0.989 R2x_loop= 0.000 R2z_loop= 1.000  dep_x=10.000 dep_z= 0.000
rank=105 Lx=Ly=10 pg= 0.100 ids= 129 TEE= 0 R2x= 0.000 R2z= 0.989 R2x_loop= 0.000 R2z_loop= 1.000  dep_x=10.000 dep_z= 0.000
rank= 41 Lx=Ly=10 pg= 0.100 ids=  65 TEE= 0 R2x= 0.000 R2z= 0.889 R2x_loop= 0.000 R2z_loop= 1.000  dep_x=10.000 dep_z= 0.000
rank= 49 Lx=Ly=10 pg= 0.100 ids=  73 TEE= 0 R2x= 0.000 R2z= 0.956 R2x_loop= 0.000 R2z_loop= 1.000  dep_x=10.000 dep_z= 0.000
rank= 51 Lx=Ly=10 pg= 0.100 ids=  75 TEE= 0 R2x= 0.000 R2z= 0.989 R2x_loop= 0.000 R2z_loop= 1.000  dep_x=10.000 dep_z= 0.000
rank= 73 Lx=Ly=10 pg= 0.100 ids=  97 TEE= 0 R2x= 0.000 R2z= 0.967 R2x_loop= 0.000 R2z_loop= 1.000  dep_x=10.000 dep_z= 0.000
rank= 55 Lx=Ly=10 pg= 0.100 ids=  79 TEE= 0 R2x= 0.000 R2z= 0.900 R2x_loop= 0.000 R2z_loop= 1.000  dep_x=10.000 dep_z= 0.000
rank= 33 Lx=Ly=10 pg= 0.100 ids=  57 TEE= 0 R2x= 0.000 R2z= 0.778 R2x_loop= 0.000 R2z_loop= 1.000  dep_x=10.000 dep_z= 0.000
rank= 21 Lx=Ly=10 pg= 0.100 ids=  45 TEE= 0 R2x= 0.000 R2z= 1.000 R2x_loop= 0.000 R2z_loop= 1.000  dep_x=10.000 dep_z= 0.000
rank= 23 Lx=Ly=10 pg= 0.100 ids=  47 TEE= 0 R2x= 0.000 R2z= 0.967 R2x_loop= 0.000 R2z_loop= 1.000  dep_x=10.000 dep_z= 0.000
rank=115 Lx=Ly=10 pg= 0.100 ids= 139 TEE= 0 R2x= 0.000 R2z= 0.867 R2x_loop= 0.000 R2z_loop= 1.000  dep_x=10.000 dep_z= 0.000
rank=117 Lx=Ly=10 pg= 0.100 ids= 141 TEE= 0 R2x= 0.000 R2z= 0.967 R2x_loop= 0.000 R2z_loop= 1.000  dep_x=10.000 dep_z= 0.000
rank=127 Lx=Ly=10 pg= 0.100 ids= 151 TEE= 0 R2x= 0.000 R2z= 0.989 R2x_loop= 0.000 R2z_loop= 1.000  dep_x=10.000 dep_z= 0.000
rank= 19 Lx=Ly=10 pg= 0.100 ids=  43 TEE= 0 R2x= 0.000 R2z= 0.967 R2x_loop= 0.000 R2z_loop= 1.000  dep_x=10.000 dep_z= 0.000
rank=119 Lx=Ly=10 pg= 0.100 ids= 143 TEE= 0 R2x= 0.000 R2z= 0.956 R2x_loop= 0.000 R2z_loop= 1.000  dep_x=10.000 dep_z= 0.000
rank= 15 Lx=Ly=10 pg= 0.100 ids=  39 TEE= 0 R2x= 0.000 R2z= 0.944 R2x_loop= 0.000 R2z_loop= 1.000  dep_x=10.000 dep_z= 0.000
rank= 13 Lx=Ly=10 pg= 0.100 ids=  37 TEE= 0 R2x= 0.000 R2z= 1.000 R2x_loop= 0.000 R2z_loop= 1.000  dep_x=10.000 dep_z= 0.000
rank=113 Lx=Ly=10 pg= 0.100 ids= 137 TEE= 0 R2x= 0.000 R2z= 0.867 R2x_loop= 0.000 R2z_loop= 1.000  dep_x=10.000 dep_z= 0.000
rank=  9 Lx=Ly=10 pg= 0.100 ids=  33 TEE= 0 R2x= 0.000 R2z= 0.978 R2x_loop= 0.000 R2z_loop= 1.000  dep_x=10.000 dep_z= 0.000
rank=  2 Lx=Ly=10 pg= 0.000 ids= 898 TEE= 0 R2x= 0.000 R2z= 1.000 R2x_loop= 0.000 R2z_loop= 1.000  dep_x=10.000 dep_z= 0.000
rank= 83 Lx=Ly=10 pg= 0.000 ids= 979 TEE= 0 R2x= 0.000 R2z= 1.000 R2x_loop= 0.000 R2z_loop= 1.000  dep_x=10.000 dep_z= 0.000
rank= 45 Lx=Ly=10 pg= 0.100 ids=  69 TEE= 0 R2x= 0.000 R2z= 0.989 R2x_loop= 0.000 R2z_loop= 1.000  dep_x=10.000 dep_z= 0.000
rank= 27 Lx=Ly=10 pg= 0.100 ids=  51 TEE= 0 R2x= 0.000 R2z= 0.856 R2x_loop= 0.000 R2z_loop= 1.000  dep_x=10.000 dep_z= 0.000
rank= 29 Lx=Ly=10 pg= 0.000 ids= 797 TEE= 0 R2x= 0.000 R2z= 1.000 R2x_loop= 0.000 R2z_loop= 1.000  dep_x=10.000 dep_z= 0.000
rank=123 Lx=Ly=10 pg= 0.100 ids=  19 TEE= 0 R2x= 0.000 R2z= 0.967 R2x_loop= 0.000 R2z_loop= 1.000  dep_x=10.000 dep_z= 0.000
rank= 53 Lx=Ly=10 pg= 0.000 ids= 949 TEE= 0 R2x= 0.000 R2z= 1.000 R2x_loop= 0.000 R2z_loop= 1.000  dep_x=10.000 dep_z= 0.000
rank= 57 Lx=Ly=10 pg= 0.100 ids=  81 TEE= 0 R2x= 0.000 R2z= 0.922 R2x_loop= 0.000 R2z_loop= 1.000  dep_x=10.000 dep_z= 0.000
rank=121 Lx=Ly=10 pg= 0.000 ids= 889 TEE= 0 R2x= 0.000 R2z= 1.000 R2x_loop= 0.000 R2z_loop= 1.000  dep_x=10.000 dep_z= 0.000
rank= 63 Lx=Ly=10 pg= 0.100 ids=  87 TEE= 0 R2x= 0.000 R2z= 0.978 R2x_loop= 0.000 R2z_loop= 1.000  dep_x=10.000 dep_z= 0.000
rank=  4 Lx=Ly=10 pg= 0.100 ids=  28 TEE= 0 R2x= 0.000 R2z= 0.933 R2x_loop= 0.000 R2z_loop= 1.000  dep_x=10.000 dep_z= 0.000
rank= 48 Lx=Ly=10 pg= 0.100 ids=  72 TEE= 0 R2x= 0.000 R2z= 0.889 R2x_loop= 0.000 R2z_loop= 1.000  dep_x=10.000 dep_z= 0.000
rank= 16 Lx=Ly=10 pg= 0.100 ids=  40 TEE= 0 R2x= 0.000 R2z= 0.989 R2x_loop= 0.000 R2z_loop= 1.000  dep_x=10.000 dep_z= 0.000
rank= 18 Lx=Ly=10 pg= 0.100 ids=  42 TEE= 0 R2x= 0.000 R2z= 0.978 R2x_loop= 0.000 R2z_loop= 1.000  dep_x=10.000 dep_z= 0.000
rank=  0 Lx=Ly=10 pg= 0.100 ids=  24 TEE= 0 R2x= 0.000 R2z= 0.956 R2x_loop= 0.000 R2z_loop= 1.000  dep_x=10.000 dep_z= 0.000
rank=  7 Lx=Ly=10 pg= 0.000 ids= 775 TEE= 0 R2x= 0.000 R2z= 1.000 R2x_loop= 0.000 R2z_loop= 1.000  dep_x=10.000 dep_z= 0.000
rank= 14 Lx=Ly=10 pg= 0.100 ids=  38 TEE= 0 R2x= 0.000 R2z= 0.989 R2x_loop= 0.000 R2z_loop= 1.000  dep_x=10.000 dep_z= 0.000
rank= 47 Lx=Ly=10 pg= 0.100 ids=  71 TEE= 0 R2x= 0.000 R2z= 0.944 R2x_loop= 0.000 R2z_loop= 1.000  dep_x=10.000 dep_z= 0.000
rank= 31 Lx=Ly=10 pg= 0.000 ids= 799 TEE= 0 R2x= 0.000 R2z= 1.000 R2x_loop= 0.000 R2z_loop= 1.000  dep_x=10.000 dep_z= 0.000
rank= 92 Lx=Ly=10 pg= 0.100 ids= 116 TEE= 0 R2x= 0.000 R2z= 0.956 R2x_loop= 0.000 R2z_loop= 1.000  dep_x=10.000 dep_z= 0.000
rank=  8 Lx=Ly=10 pg= 0.100 ids=  32 TEE= 0 R2x= 0.000 R2z= 0.989 R2x_loop= 0.000 R2z_loop= 1.000  dep_x=10.000 dep_z= 0.000
rank= 12 Lx=Ly=10 pg= 0.100 ids=  36 TEE= 0 R2x= 0.000 R2z= 0.989 R2x_loop= 0.000 R2z_loop= 1.000  dep_x=10.000 dep_z= 0.000
rank= 20 Lx=Ly=10 pg= 0.100 ids=  44 TEE= 0 R2x= 0.000 R2z= 0.978 R2x_loop= 0.000 R2z_loop= 1.000  dep_x=10.000 dep_z= 0.000
rank= 94 Lx=Ly=10 pg= 0.100 ids= 118 TEE= 0 R2x= 0.000 R2z= 1.000 R2x_loop= 0.000 R2z_loop= 1.000  dep_x=10.000 dep_z= 0.000
rank= 76 Lx=Ly=10 pg= 0.100 ids= 100 TEE= 0 R2x= 0.000 R2z= 0.978 R2x_loop= 0.000 R2z_loop= 1.000  dep_x=10.000 dep_z= 0.000
rank= 26 Lx=Ly=10 pg= 0.100 ids=  50 TEE= 0 R2x= 0.000 R2z= 0.978 R2x_loop= 0.000 R2z_loop= 1.000  dep_x=10.000 dep_z= 0.000
rank= 42 Lx=Ly=10 pg= 0.100 ids=  66 TEE= 0 R2x= 0.000 R2z= 0.978 R2x_loop= 0.000 R2z_loop= 1.000  dep_x=10.000 dep_z= 0.000
rank= 22 Lx=Ly=10 pg= 0.000 ids= 918 TEE= 0 R2x= 0.000 R2z= 1.000 R2x_loop= 0.000 R2z_loop= 1.000  dep_x=10.000 dep_z= 0.000
rank= 80 Lx=Ly=10 pg= 0.100 ids= 104 TEE= 0 R2x= 0.000 R2z= 0.856 R2x_loop= 0.000 R2z_loop= 1.000  dep_x=10.000 dep_z= 0.000
rank= 70 Lx=Ly=10 pg= 0.100 ids=  94 TEE= 0 R2x= 0.000 R2z= 0.889 R2x_loop= 0.000 R2z_loop= 1.000  dep_x=10.000 dep_z= 0.000
rank= 72 Lx=Ly=10 pg= 0.100 ids=  96 TEE= 0 R2x= 0.000 R2z= 0.989 R2x_loop= 0.000 R2z_loop= 1.000  dep_x=10.000 dep_z= 0.000
rank= 44 Lx=Ly=10 pg= 0.100 ids=  68 TEE= 0 R2x= 0.000 R2z= 0.967 R2x_loop= 0.000 R2z_loop= 1.000  dep_x=10.000 dep_z= 0.000
rank= 24 Lx=Ly=10 pg= 0.100 ids=  48 TEE= 0 R2x= 0.000 R2z= 0.989 R2x_loop= 0.000 R2z_loop= 1.000  dep_x=10.000 dep_z= 0.000
rank= 84 Lx=Ly=10 pg= 0.100 ids= 108 TEE= 0 R2x= 0.000 R2z= 0.978 R2x_loop= 0.000 R2z_loop= 1.000  dep_x=10.000 dep_z= 0.000
rank= 90 Lx=Ly=10 pg= 0.100 ids= 114 TEE= 0 R2x= 0.000 R2z= 0.989 R2x_loop= 0.000 R2z_loop= 1.000  dep_x=10.000 dep_z= 0.000
rank= 34 Lx=Ly=10 pg= 0.100 ids=  58 TEE= 0 R2x= 0.000 R2z= 0.967 R2x_loop= 0.000 R2z_loop= 1.000  dep_x=10.000 dep_z= 0.000
rank= 74 Lx=Ly=10 pg= 0.100 ids=  98 TEE= 0 R2x= 0.000 R2z= 0.944 R2x_loop= 0.000 R2z_loop= 1.000  dep_x=10.000 dep_z= 0.000
rank= 78 Lx=Ly=10 pg= 0.100 ids= 102 TEE= 0 R2x= 0.000 R2z= 0.944 R2x_loop= 0.000 R2z_loop= 1.000  dep_x=10.000 dep_z= 0.000
rank= 40 Lx=Ly=10 pg= 0.100 ids=  64 TEE= 0 R2x= 0.000 R2z= 0.878 R2x_loop= 0.000 R2z_loop= 1.000  dep_x=10.000 dep_z= 0.000
rank= 56 Lx=Ly=10 pg= 0.100 ids=  80 TEE= 0 R2x= 0.000 R2z= 0.978 R2x_loop= 0.000 R2z_loop= 1.000  dep_x=10.000 dep_z= 0.000
rank= 62 Lx=Ly=10 pg= 0.100 ids=  86 TEE= 0 R2x= 0.000 R2z= 0.933 R2x_loop= 0.000 R2z_loop= 1.000  dep_x=10.000 dep_z= 0.000
rank=102 Lx=Ly=10 pg= 0.100 ids= 126 TEE= 0 R2x= 0.000 R2z= 0.944 R2x_loop= 0.000 R2z_loop= 1.000  dep_x=10.000 dep_z= 0.000
rank= 46 Lx=Ly=10 pg= 0.100 ids=  70 TEE= 0 R2x= 0.000 R2z= 1.000 R2x_loop= 0.000 R2z_loop= 1.000  dep_x=10.000 dep_z= 0.000
rank=108 Lx=Ly=10 pg= 0.100 ids= 132 TEE= 0 R2x= 0.000 R2z= 0.967 R2x_loop= 0.000 R2z_loop= 1.000  dep_x=10.000 dep_z= 0.000
rank=100 Lx=Ly=10 pg= 0.100 ids= 124 TEE= 0 R2x= 0.000 R2z= 0.956 R2x_loop= 0.000 R2z_loop= 1.000  dep_x=10.000 dep_z= 0.000
rank=106 Lx=Ly=10 pg= 0.100 ids= 130 TEE= 0 R2x= 0.000 R2z= 0.989 R2x_loop= 0.000 R2z_loop= 1.000  dep_x=10.000 dep_z= 0.000
rank= 60 Lx=Ly=10 pg= 0.100 ids=  84 TEE= 0 R2x= 0.000 R2z= 0.944 R2x_loop= 0.000 R2z_loop= 1.000  dep_x=10.000 dep_z= 0.000
rank= 58 Lx=Ly=10 pg= 0.100 ids=  82 TEE= 0 R2x= 0.000 R2z= 0.967 R2x_loop= 0.000 R2z_loop= 1.000  dep_x=10.000 dep_z= 0.000
rank= 88 Lx=Ly=10 pg= 0.000 ids= 984 TEE= 0 R2x= 0.000 R2z= 1.000 R2x_loop= 0.000 R2z_loop= 1.000  dep_x=10.000 dep_z= 0.000
rank=126 Lx=Ly=10 pg= 0.100 ids= 150 TEE= 0 R2x= 0.000 R2z= 0.989 R2x_loop= 0.000 R2z_loop= 1.000  dep_x=10.000 dep_z= 0.000
rank=122 Lx=Ly=10 pg= 0.100 ids= 146 TEE= 0 R2x= 0.000 R2z= 0.978 R2x_loop= 0.000 R2z_loop= 1.000  dep_x=10.000 dep_z= 0.000
rank=104 Lx=Ly=10 pg= 0.100 ids= 128 TEE= 0 R2x= 0.000 R2z= 0.978 R2x_loop= 0.000 R2z_loop= 1.000  dep_x=10.000 dep_z= 0.000
rank=112 Lx=Ly=10 pg= 0.100 ids= 136 TEE= 0 R2x= 0.000 R2z= 0.989 R2x_loop= 0.000 R2z_loop= 1.000  dep_x=10.000 dep_z= 0.000
rank= 96 Lx=Ly=10 pg= 0.100 ids= 120 TEE= 0 R2x= 0.000 R2z= 0.989 R2x_loop= 0.000 R2z_loop= 1.000  dep_x=10.000 dep_z= 0.000
rank=120 Lx=Ly=10 pg= 0.100 ids= 144 TEE= 0 R2x= 0.000 R2z= 0.800 R2x_loop= 0.000 R2z_loop= 1.000  dep_x=10.000 dep_z= 0.000
rank=124 Lx=Ly=10 pg= 0.100 ids= 148 TEE= 0 R2x= 0.000 R2z= 0.978 R2x_loop= 0.000 R2z_loop= 1.000  dep_x=10.000 dep_z= 0.000
rank=118 Lx=Ly=10 pg= 0.100 ids= 142 TEE= 0 R2x= 0.000 R2z= 1.000 R2x_loop= 0.000 R2z_loop= 1.000  dep_x=10.000 dep_z= 0.000
rank= 66 Lx=Ly=10 pg= 0.100 ids=  90 TEE= 0 R2x= 0.000 R2z= 1.000 R2x_loop= 0.000 R2z_loop= 1.000  dep_x=10.000 dep_z= 0.000
rank= 28 Lx=Ly=10 pg= 0.100 ids=  52 TEE= 0 R2x= 0.000 R2z= 0.989 R2x_loop= 0.000 R2z_loop= 1.000  dep_x=10.000 dep_z= 0.000
rank=116 Lx=Ly=10 pg= 0.100 ids= 140 TEE= 0 R2x= 0.000 R2z= 0.989 R2x_loop= 0.000 R2z_loop= 1.000  dep_x=10.000 dep_z= 0.000
rank= 32 Lx=Ly=10 pg= 0.100 ids=  56 TEE= 0 R2x= 0.000 R2z= 0.878 R2x_loop= 0.000 R2z_loop= 1.000  dep_x=10.000 dep_z= 0.000
rank= 98 Lx=Ly=10 pg= 0.100 ids= 122 TEE= 0 R2x= 0.000 R2z= 0.989 R2x_loop= 0.000 R2z_loop= 1.000  dep_x=10.000 dep_z= 0.000
rank=101 Lx=Ly=10 pg= 0.100 ids= 125 TEE= 0 R2x= 0.000 R2z= 0.978 R2x_loop= 0.000 R2z_loop= 1.000  dep_x=10.000 dep_z= 0.000
rank=110 Lx=Ly=10 pg= 0.100 ids= 134 TEE= 0 R2x= 0.000 R2z= 0.878 R2x_loop= 0.000 R2z_loop= 1.000  dep_x=10.000 dep_z= 0.000
rank=114 Lx=Ly=10 pg= 0.100 ids= 138 TEE= 0 R2x= 0.000 R2z= 0.978 R2x_loop= 0.000 R2z_loop= 1.000  dep_x=10.000 dep_z= 0.000
rank= 81 Lx=Ly=10 pg= 0.000 ids= 849 TEE= 0 R2x= 0.000 R2z= 1.000 R2x_loop= 0.000 R2z_loop= 1.000  dep_x=10.000 dep_z= 0.000
rank= 95 Lx=Ly=10 pg= 0.100 ids= 119 TEE= 0 R2x= 0.000 R2z= 0.967 R2x_loop= 0.000 R2z_loop= 1.000  dep_x=10.000 dep_z= 0.000
rank= 77 Lx=Ly=10 pg= 0.000 ids= 973 TEE= 0 R2x= 0.000 R2z= 1.000 R2x_loop= 0.000 R2z_loop= 1.000  dep_x=10.000 dep_z= 0.000
rank= 97 Lx=Ly=10 pg= 0.100 ids= 121 TEE= 0 R2x= 0.000 R2z= 0.889 R2x_loop= 0.000 R2z_loop= 1.000  dep_x=10.000 dep_z= 0.000
rank= 50 Lx=Ly=10 pg= 0.000 ids= 946 TEE= 0 R2x= 0.000 R2z= 1.000 R2x_loop= 0.000 R2z_loop= 1.000  dep_x=10.000 dep_z= 0.000
rank= 86 Lx=Ly=10 pg= 0.100 ids= 110 TEE= 0 R2x= 0.000 R2z= 0.978 R2x_loop= 0.000 R2z_loop= 1.000  dep_x=10.000 dep_z= 0.000
rank= 38 Lx=Ly=10 pg= 0.100 ids=  62 TEE= 0 R2x= 0.000 R2z= 0.978 R2x_loop= 0.000 R2z_loop= 1.000  dep_x=10.000 dep_z= 0.000
rank= 68 Lx=Ly=10 pg= 0.100 ids=  92 TEE= 0 R2x= 0.000 R2z= 0.978 R2x_loop= 0.000 R2z_loop= 1.000  dep_x=10.000 dep_z= 0.000
rank=111 Lx=Ly=10 pg= 0.100 ids=   7 TEE= 0 R2x= 0.000 R2z= 0.978 R2x_loop= 0.000 R2z_loop= 1.000  dep_x=10.000 dep_z= 0.000
rank= 11 Lx=Ly=10 pg= 0.100 ids=  35 TEE= 0 R2x= 0.000 R2z= 0.989 R2x_loop= 0.000 R2z_loop= 1.000  dep_x=10.000 dep_z= 0.000
rank= 54 Lx=Ly=10 pg= 0.000 ids= 950 TEE= 0 R2x= 0.000 R2z= 1.000 R2x_loop= 0.000 R2z_loop= 1.000  dep_x=10.000 dep_z= 0.000
rank= 43 Lx=Ly=10 pg= 0.100 ids=  67 TEE= 0 R2x= 0.000 R2z= 0.967 R2x_loop= 0.000 R2z_loop= 1.000  dep_x=10.000 dep_z= 0.000
rank= 30 Lx=Ly=10 pg= 0.000 ids= 926 TEE= 0 R2x= 0.000 R2z= 1.000 R2x_loop= 0.000 R2z_loop= 1.000  dep_x=10.000 dep_z= 0.000
rank= 99 Lx=Ly=10 pg= 0.100 ids= 123 TEE= 0 R2x= 0.000 R2z= 1.000 R2x_loop= 0.000 R2z_loop= 1.000  dep_x=10.000 dep_z= 0.000
rank= 52 Lx=Ly=10 pg= 0.000 ids= 948 TEE= 0 R2x= 0.000 R2z= 1.000 R2x_loop= 0.000 R2z_loop= 1.000  dep_x=10.000 dep_z= 0.000
rank= 64 Lx=Ly=10 pg= 0.100 ids=  88 TEE= 0 R2x= 0.000 R2z= 0.978 R2x_loop= 0.000 R2z_loop= 1.000  dep_x=10.000 dep_z= 0.000
rank=107 Lx=Ly=10 pg= 0.000 ids= 875 TEE= 0 R2x= 0.000 R2z= 1.000 R2x_loop= 0.000 R2z_loop= 1.000  dep_x=10.000 dep_z= 0.000
rank= 67 Lx=Ly=10 pg= 0.100 ids= 219 TEE= 0 R2x= 0.000 R2z= 0.878 R2x_loop= 0.000 R2z_loop= 1.000  dep_x=10.000 dep_z= 0.000
rank=109 Lx=Ly=10 pg= 0.100 ids= 261 TEE= 0 R2x= 0.000 R2z= 0.978 R2x_loop= 0.000 R2z_loop= 1.000  dep_x=10.000 dep_z= 0.000
rank= 71 Lx=Ly=10 pg= 0.100 ids= 223 TEE= 0 R2x= 0.000 R2z= 0.967 R2x_loop= 0.000 R2z_loop= 1.000  dep_x=10.000 dep_z= 0.000
rank= 69 Lx=Ly=10 pg= 0.100 ids= 221 TEE= 0 R2x= 0.000 R2z= 0.956 R2x_loop= 0.000 R2z_loop= 1.000  dep_x=10.000 dep_z= 0.000
rank= 37 Lx=Ly=10 pg= 0.100 ids= 189 TEE= 0 R2x= 0.000 R2z= 0.978 R2x_loop= 0.000 R2z_loop= 1.000  dep_x=10.000 dep_z= 0.000
rank= 93 Lx=Ly=10 pg= 0.100 ids= 245 TEE= 0 R2x= 0.000 R2z= 0.978 R2x_loop= 0.000 R2z_loop= 1.000  dep_x=10.000 dep_z= 0.000
rank= 79 Lx=Ly=10 pg= 0.100 ids= 231 TEE= 0 R2x= 0.000 R2z= 0.900 R2x_loop= 0.000 R2z_loop= 1.000  dep_x=10.000 dep_z= 0.000
rank= 91 Lx=Ly=10 pg= 0.100 ids= 243 TEE= 0 R2x= 0.000 R2z= 0.878 R2x_loop= 0.000 R2z_loop= 1.000  dep_x=10.000 dep_z= 0.000
rank= 89 Lx=Ly=10 pg= 0.100 ids= 241 TEE= 0 R2x= 0.000 R2z= 0.956 R2x_loop= 0.000 R2z_loop= 1.000  dep_x=10.000 dep_z= 0.000
rank= 87 Lx=Ly=10 pg= 0.100 ids= 239 TEE= 0 R2x= 0.000 R2z= 0.978 R2x_loop= 0.000 R2z_loop= 1.000  dep_x=10.000 dep_z= 0.000
rank= 75 Lx=Ly=10 pg= 0.100 ids= 227 TEE= 0 R2x= 0.000 R2z= 0.989 R2x_loop= 0.000 R2z_loop= 1.000  dep_x=10.000 dep_z= 0.000
rank=  5 Lx=Ly=10 pg= 0.100 ids= 157 TEE= 0 R2x= 0.000 R2z= 0.989 R2x_loop= 0.000 R2z_loop= 1.000  dep_x=10.000 dep_z= 0.000
rank= 85 Lx=Ly=10 pg= 0.100 ids= 237 TEE= 0 R2x= 0.000 R2z= 0.989 R2x_loop= 0.000 R2z_loop= 1.000  dep_x=10.000 dep_z= 0.000
rank=  1 Lx=Ly=10 pg= 0.100 ids= 153 TEE= 0 R2x= 0.000 R2z= 1.000 R2x_loop= 0.000 R2z_loop= 1.000  dep_x=10.000 dep_z= 0.000
rank= 35 Lx=Ly=10 pg= 0.100 ids= 187 TEE= 0 R2x= 0.000 R2z= 0.967 R2x_loop= 0.000 R2z_loop= 1.000  dep_x=10.000 dep_z= 0.000
rank=  3 Lx=Ly=10 pg= 0.100 ids= 155 TEE= 0 R2x= 0.000 R2z= 0.978 R2x_loop= 0.000 R2z_loop= 1.000  dep_x=10.000 dep_z= 0.000
rank=125 Lx=Ly=10 pg= 0.100 ids= 277 TEE= 0 R2x= 0.000 R2z= 0.956 R2x_loop= 0.000 R2z_loop= 1.000  dep_x=10.000 dep_z= 0.000
rank= 39 Lx=Ly=10 pg= 0.100 ids= 191 TEE= 0 R2x= 0.000 R2z= 0.933 R2x_loop= 0.000 R2z_loop= 1.000  dep_x=10.000 dep_z= 0.000
rank= 61 Lx=Ly=10 pg= 0.100 ids= 213 TEE= 0 R2x= 0.000 R2z= 0.878 R2x_loop= 0.000 R2z_loop= 1.000  dep_x=10.000 dep_z= 0.000
rank= 59 Lx=Ly=10 pg= 0.100 ids= 211 TEE= 0 R2x= 0.000 R2z= 0.867 R2x_loop= 0.000 R2z_loop= 1.000  dep_x=10.000 dep_z= 0.000
rank= 82 Lx=Ly=10 pg= 0.100 ids= 106 TEE= 0 R2x= 0.000 R2z= 0.967 R2x_loop= 0.000 R2z_loop= 1.000  dep_x=10.000 dep_z= 0.000
rank= 25 Lx=Ly=10 pg= 0.100 ids= 177 TEE= 0 R2x= 0.000 R2z= 0.944 R2x_loop= 0.000 R2z_loop= 1.000  dep_x=10.000 dep_z= 0.000
rank=105 Lx=Ly=10 pg= 0.100 ids= 257 TEE= 0 R2x= 0.000 R2z= 0.989 R2x_loop= 0.000 R2z_loop= 1.000  dep_x=10.000 dep_z= 0.000
rank= 36 Lx=Ly=10 pg= 0.000 ids= 932 TEE= 0 R2x= 0.000 R2z= 1.000 R2x_loop= 0.000 R2z_loop= 1.000  dep_x=10.000 dep_z= 0.000
rank=103 Lx=Ly=10 pg= 0.100 ids= 255 TEE= 0 R2x= 0.000 R2z= 0.900 R2x_loop= 0.000 R2z_loop= 1.000  dep_x=10.000 dep_z= 0.000
rank= 17 Lx=Ly=10 pg= 0.100 ids= 169 TEE= 0 R2x= 0.000 R2z= 0.978 R2x_loop= 0.000 R2z_loop= 1.000  dep_x=10.000 dep_z= 0.000
rank= 49 Lx=Ly=10 pg= 0.100 ids= 201 TEE= 0 R2x= 0.000 R2z= 0.956 R2x_loop= 0.000 R2z_loop= 1.000  dep_x=10.000 dep_z= 0.000
rank= 55 Lx=Ly=10 pg= 0.100 ids= 207 TEE= 0 R2x= 0.000 R2z= 0.989 R2x_loop= 0.000 R2z_loop= 1.000  dep_x=10.000 dep_z= 0.000
rank= 51 Lx=Ly=10 pg= 0.100 ids= 203 TEE= 0 R2x= 0.000 R2z= 0.944 R2x_loop= 0.000 R2z_loop= 1.000  dep_x=10.000 dep_z= 0.000
rank= 21 Lx=Ly=10 pg= 0.100 ids= 173 TEE= 0 R2x= 0.000 R2z= 0.989 R2x_loop= 0.000 R2z_loop= 1.000  dep_x=10.000 dep_z= 0.000
rank= 41 Lx=Ly=10 pg= 0.100 ids= 193 TEE= 0 R2x= 0.000 R2z= 1.000 R2x_loop= 0.000 R2z_loop= 1.000  dep_x=10.000 dep_z= 0.000
rank= 73 Lx=Ly=10 pg= 0.100 ids= 225 TEE= 0 R2x= 0.000 R2z= 0.900 R2x_loop= 0.000 R2z_loop= 1.000  dep_x=10.000 dep_z= 0.000
rank= 23 Lx=Ly=10 pg= 0.100 ids= 175 TEE= 0 R2x= 0.000 R2z= 0.978 R2x_loop= 0.000 R2z_loop= 1.000  dep_x=10.000 dep_z= 0.000
rank=127 Lx=Ly=10 pg= 0.100 ids= 279 TEE= 0 R2x= 0.000 R2z= 0.878 R2x_loop= 0.000 R2z_loop= 1.000  dep_x=10.000 dep_z= 0.000
rank= 33 Lx=Ly=10 pg= 0.100 ids= 185 TEE= 0 R2x= 0.000 R2z= 0.967 R2x_loop= 0.000 R2z_loop= 1.000  dep_x=10.000 dep_z= 0.000
rank=115 Lx=Ly=10 pg= 0.100 ids= 267 TEE= 0 R2x= 0.000 R2z= 0.967 R2x_loop= 0.000 R2z_loop= 1.000  dep_x=10.000 dep_z= 0.000
rank= 19 Lx=Ly=10 pg= 0.100 ids= 171 TEE= 0 R2x= 0.000 R2z= 0.989 R2x_loop= 0.000 R2z_loop= 1.000  dep_x=10.000 dep_z= 0.000
rank= 15 Lx=Ly=10 pg= 0.100 ids= 167 TEE= 0 R2x= 0.000 R2z= 1.000 R2x_loop= 0.000 R2z_loop= 1.000  dep_x=10.000 dep_z= 0.000
rank= 13 Lx=Ly=10 pg= 0.100 ids= 165 TEE= 0 R2x= 0.000 R2z= 0.989 R2x_loop= 0.000 R2z_loop= 1.000  dep_x=10.000 dep_z= 0.000
rank=117 Lx=Ly=10 pg= 0.100 ids= 269 TEE= 0 R2x= 0.000 R2z= 0.989 R2x_loop= 0.000 R2z_loop= 1.000  dep_x=10.000 dep_z= 0.000
rank=119 Lx=Ly=10 pg= 0.100 ids= 271 TEE= 0 R2x= 0.000 R2z= 0.978 R2x_loop= 0.000 R2z_loop= 1.000  dep_x=10.000 dep_z= 0.000
rank=  9 Lx=Ly=10 pg= 0.100 ids= 161 TEE= 0 R2x= 0.000 R2z= 1.000 R2x_loop= 0.000 R2z_loop= 1.000  dep_x=10.000 dep_z= 0.000
rank=113 Lx=Ly=10 pg= 0.100 ids= 265 TEE= 0 R2x= 0.000 R2z= 0.889 R2x_loop= 0.000 R2z_loop= 1.000  dep_x=10.000 dep_z= 0.000
rank= 45 Lx=Ly=10 pg= 0.100 ids= 197 TEE= 0 R2x= 0.000 R2z= 0.867 R2x_loop= 0.000 R2z_loop= 1.000  dep_x=10.000 dep_z= 0.000
rank= 27 Lx=Ly=10 pg= 0.100 ids= 179 TEE= 0 R2x= 0.000 R2z= 0.844 R2x_loop= 0.000 R2z_loop= 1.000  dep_x=10.000 dep_z= 0.000
rank= 65 Lx=Ly=10 pg= 0.100 ids=  89 TEE= 0 R2x= 0.000 R2z= 0.967 R2x_loop= 0.000 R2z_loop= 1.000  dep_x=10.000 dep_z= 0.000
rank= 10 Lx=Ly=10 pg= 0.000 ids= 906 TEE= 0 R2x= 0.000 R2z= 1.000 R2x_loop= 0.000 R2z_loop= 1.000  dep_x=10.000 dep_z= 0.000
rank= 63 Lx=Ly=10 pg= 0.100 ids= 215 TEE= 0 R2x= 0.000 R2z= 0.978 R2x_loop= 0.000 R2z_loop= 1.000  dep_x=10.000 dep_z= 0.000
rank= 57 Lx=Ly=10 pg= 0.100 ids= 209 TEE= 0 R2x= 0.000 R2z= 0.967 R2x_loop= 0.000 R2z_loop= 1.000  dep_x=10.000 dep_z= 0.000
rank= 83 Lx=Ly=10 pg= 0.100 ids= 107 TEE= 0 R2x= 0.000 R2z= 0.978 R2x_loop= 0.000 R2z_loop= 1.000  dep_x=10.000 dep_z= 0.000
rank=  4 Lx=Ly=10 pg= 0.100 ids= 156 TEE= 0 R2x= 0.000 R2z= 0.989 R2x_loop= 0.000 R2z_loop= 1.000  dep_x=10.000 dep_z= 0.000
rank= 48 Lx=Ly=10 pg= 0.100 ids= 200 TEE= 0 R2x= 0.000 R2z= 0.878 R2x_loop= 0.000 R2z_loop= 1.000  dep_x=10.000 dep_z= 0.000
rank= 16 Lx=Ly=10 pg= 0.100 ids= 168 TEE= 0 R2x= 0.000 R2z= 0.956 R2x_loop= 0.000 R2z_loop= 1.000  dep_x=10.000 dep_z= 0.000
rank=121 Lx=Ly=10 pg= 0.100 ids=  17 TEE= 0 R2x= 0.000 R2z= 0.956 R2x_loop= 0.000 R2z_loop= 1.000  dep_x=10.000 dep_z= 0.000
rank=  0 Lx=Ly=10 pg= 0.100 ids= 152 TEE= 0 R2x= 0.000 R2z= 0.956 R2x_loop= 0.000 R2z_loop= 1.000  dep_x=10.000 dep_z= 0.000
rank= 47 Lx=Ly=10 pg= 0.100 ids= 199 TEE= 0 R2x= 0.000 R2z= 0.978 R2x_loop= 0.000 R2z_loop= 1.000  dep_x=10.000 dep_z= 0.000
rank= 18 Lx=Ly=10 pg= 0.100 ids= 170 TEE= 0 R2x= 0.000 R2z= 0.967 R2x_loop= 0.000 R2z_loop= 1.000  dep_x=10.000 dep_z= 0.000
rank= 14 Lx=Ly=10 pg= 0.100 ids= 166 TEE= 0 R2x= 0.000 R2z= 0.956 R2x_loop= 0.000 R2z_loop= 1.000  dep_x=10.000 dep_z= 0.000
rank= 92 Lx=Ly=10 pg= 0.100 ids= 244 TEE= 0 R2x= 0.000 R2z= 0.889 R2x_loop= 0.000 R2z_loop= 1.000  dep_x=10.000 dep_z= 0.000
rank=  8 Lx=Ly=10 pg= 0.100 ids= 160 TEE= 0 R2x= 0.000 R2z= 0.989 R2x_loop= 0.000 R2z_loop= 1.000  dep_x=10.000 dep_z= 0.000
rank= 76 Lx=Ly=10 pg= 0.100 ids= 228 TEE= 0 R2x= 0.000 R2z= 0.967 R2x_loop= 0.000 R2z_loop= 1.000  dep_x=10.000 dep_z= 0.000
rank= 12 Lx=Ly=10 pg= 0.100 ids= 164 TEE= 0 R2x= 0.000 R2z= 0.967 R2x_loop= 0.000 R2z_loop= 1.000  dep_x=10.000 dep_z= 0.000
rank= 20 Lx=Ly=10 pg= 0.100 ids= 172 TEE= 0 R2x= 0.000 R2z= 0.967 R2x_loop= 0.000 R2z_loop= 1.000  dep_x=10.000 dep_z= 0.000
rank= 94 Lx=Ly=10 pg= 0.100 ids= 246 TEE= 0 R2x= 0.000 R2z= 0.967 R2x_loop= 0.000 R2z_loop= 1.000  dep_x=10.000 dep_z= 0.000
rank= 26 Lx=Ly=10 pg= 0.100 ids= 178 TEE= 0 R2x= 0.000 R2z= 0.900 R2x_loop= 0.000 R2z_loop= 1.000  dep_x=10.000 dep_z= 0.000
rank= 80 Lx=Ly=10 pg= 0.100 ids= 232 TEE= 0 R2x= 0.000 R2z= 0.989 R2x_loop= 0.000 R2z_loop= 1.000  dep_x=10.000 dep_z= 0.000
rank= 42 Lx=Ly=10 pg= 0.100 ids= 194 TEE= 0 R2x= 0.000 R2z= 0.689 R2x_loop= 0.000 R2z_loop= 1.000  dep_x=10.000 dep_z= 0.000
rank= 70 Lx=Ly=10 pg= 0.100 ids= 222 TEE= 0 R2x= 0.000 R2z= 0.889 R2x_loop= 0.000 R2z_loop= 1.000  dep_x=10.000 dep_z= 0.000
rank= 72 Lx=Ly=10 pg= 0.100 ids= 224 TEE= 0 R2x= 0.000 R2z= 0.967 R2x_loop= 0.000 R2z_loop= 1.000  dep_x=10.000 dep_z= 0.000
rank= 24 Lx=Ly=10 pg= 0.100 ids= 176 TEE= 0 R2x= 0.000 R2z= 0.967 R2x_loop= 0.000 R2z_loop= 1.000  dep_x=10.000 dep_z= 0.000
rank= 78 Lx=Ly=10 pg= 0.100 ids= 230 TEE= 0 R2x= 0.000 R2z= 0.933 R2x_loop= 0.000 R2z_loop= 1.000  dep_x=10.000 dep_z= 0.000
rank= 44 Lx=Ly=10 pg= 0.100 ids= 196 TEE= 0 R2x= 0.000 R2z= 0.878 R2x_loop= 0.000 R2z_loop= 1.000  dep_x=10.000 dep_z= 0.000
rank= 74 Lx=Ly=10 pg= 0.100 ids= 226 TEE= 0 R2x= 0.000 R2z= 0.967 R2x_loop= 0.000 R2z_loop= 1.000  dep_x=10.000 dep_z= 0.000
rank= 34 Lx=Ly=10 pg= 0.100 ids= 186 TEE= 0 R2x= 0.000 R2z= 0.944 R2x_loop= 0.000 R2z_loop= 1.000  dep_x=10.000 dep_z= 0.000
rank= 84 Lx=Ly=10 pg= 0.100 ids= 236 TEE= 0 R2x= 0.000 R2z= 0.889 R2x_loop= 0.000 R2z_loop= 1.000  dep_x=10.000 dep_z= 0.000
rank= 90 Lx=Ly=10 pg= 0.100 ids= 242 TEE= 0 R2x= 0.000 R2z= 0.900 R2x_loop= 0.000 R2z_loop= 1.000  dep_x=10.000 dep_z= 0.000
rank= 56 Lx=Ly=10 pg= 0.100 ids= 208 TEE= 0 R2x= 0.000 R2z= 0.978 R2x_loop= 0.000 R2z_loop= 1.000  dep_x=10.000 dep_z= 0.000
rank= 40 Lx=Ly=10 pg= 0.100 ids= 192 TEE= 0 R2x= 0.000 R2z= 0.767 R2x_loop= 0.000 R2z_loop= 1.000  dep_x=10.000 dep_z= 0.000
rank= 62 Lx=Ly=10 pg= 0.100 ids= 214 TEE= 0 R2x= 0.000 R2z= 0.889 R2x_loop= 0.000 R2z_loop= 1.000  dep_x=10.000 dep_z= 0.000
rank=102 Lx=Ly=10 pg= 0.100 ids= 254 TEE= 0 R2x= 0.000 R2z= 0.978 R2x_loop= 0.000 R2z_loop= 1.000  dep_x=10.000 dep_z= 0.000
rank=108 Lx=Ly=10 pg= 0.100 ids= 260 TEE= 0 R2x= 0.000 R2z= 0.978 R2x_loop= 0.000 R2z_loop= 1.000  dep_x=10.000 dep_z= 0.000
rank= 60 Lx=Ly=10 pg= 0.100 ids= 212 TEE= 0 R2x= 0.000 R2z= 0.967 R2x_loop= 0.000 R2z_loop= 1.000  dep_x=10.000 dep_z= 0.000
rank= 29 Lx=Ly=10 pg= 0.000 ids= 925 TEE= 0 R2x= 0.000 R2z= 1.000 R2x_loop= 0.000 R2z_loop= 1.000  dep_x=10.000 dep_z= 0.000
rank= 58 Lx=Ly=10 pg= 0.100 ids= 210 TEE= 0 R2x= 0.000 R2z= 0.967 R2x_loop= 0.000 R2z_loop= 1.000  dep_x=10.000 dep_z= 0.000
rank=100 Lx=Ly=10 pg= 0.100 ids= 252 TEE= 0 R2x= 0.000 R2z= 0.867 R2x_loop= 0.000 R2z_loop= 1.000  dep_x=10.000 dep_z= 0.000
rank=106 Lx=Ly=10 pg= 0.100 ids= 258 TEE= 0 R2x= 0.000 R2z= 0.956 R2x_loop= 0.000 R2z_loop= 1.000  dep_x=10.000 dep_z= 0.000
rank= 46 Lx=Ly=10 pg= 0.100 ids= 198 TEE= 0 R2x= 0.000 R2z= 0.967 R2x_loop= 0.000 R2z_loop= 1.000  dep_x=10.000 dep_z= 0.000
rank=126 Lx=Ly=10 pg= 0.100 ids= 278 TEE= 0 R2x= 0.000 R2z= 0.978 R2x_loop= 0.000 R2z_loop= 1.000  dep_x=10.000 dep_z= 0.000
rank= 31 Lx=Ly=10 pg= 0.000 ids= 927 TEE= 0 R2x= 0.000 R2z= 1.000 R2x_loop= 0.000 R2z_loop= 1.000  dep_x=10.000 dep_z= 0.000
rank= 28 Lx=Ly=10 pg= 0.100 ids= 180 TEE= 0 R2x= 0.000 R2z= 0.978 R2x_loop= 0.000 R2z_loop= 1.000  dep_x=10.000 dep_z= 0.000
rank=122 Lx=Ly=10 pg= 0.100 ids= 274 TEE= 0 R2x= 0.000 R2z= 0.944 R2x_loop= 0.000 R2z_loop= 1.000  dep_x=10.000 dep_z= 0.000
rank=104 Lx=Ly=10 pg= 0.100 ids= 256 TEE= 0 R2x= 0.000 R2z= 0.978 R2x_loop= 0.000 R2z_loop= 1.000  dep_x=10.000 dep_z= 0.000
rank=112 Lx=Ly=10 pg= 0.100 ids= 264 TEE= 0 R2x= 0.000 R2z= 0.989 R2x_loop= 0.000 R2z_loop= 1.000  dep_x=10.000 dep_z= 0.000
rank= 96 Lx=Ly=10 pg= 0.100 ids= 248 TEE= 0 R2x= 0.000 R2z= 0.978 R2x_loop= 0.000 R2z_loop= 1.000  dep_x=10.000 dep_z= 0.000
rank= 66 Lx=Ly=10 pg= 0.100 ids= 218 TEE= 0 R2x= 0.000 R2z= 0.789 R2x_loop= 0.000 R2z_loop= 1.000  dep_x=10.000 dep_z= 0.000
rank=120 Lx=Ly=10 pg= 0.100 ids= 272 TEE= 0 R2x= 0.000 R2z= 1.000 R2x_loop= 0.000 R2z_loop= 1.000  dep_x=10.000 dep_z= 0.000
rank=124 Lx=Ly=10 pg= 0.100 ids= 276 TEE= 0 R2x= 0.000 R2z= 0.978 R2x_loop= 0.000 R2z_loop= 1.000  dep_x=10.000 dep_z= 0.000
rank=  6 Lx=Ly=10 pg= 0.000 ids= 902 TEE= 0 R2x= 0.000 R2z= 1.000 R2x_loop= 0.000 R2z_loop= 1.000  dep_x=10.000 dep_z= 0.000
rank=118 Lx=Ly=10 pg= 0.100 ids= 270 TEE= 0 R2x= 0.000 R2z= 0.978 R2x_loop= 0.000 R2z_loop= 1.000  dep_x=10.000 dep_z= 0.000
rank=116 Lx=Ly=10 pg= 0.100 ids= 268 TEE= 0 R2x= 0.000 R2z= 0.967 R2x_loop= 0.000 R2z_loop= 1.000  dep_x=10.000 dep_z= 0.000
rank= 88 Lx=Ly=10 pg= 0.100 ids= 112 TEE= 0 R2x= 0.000 R2z= 0.933 R2x_loop= 0.000 R2z_loop= 1.000  dep_x=10.000 dep_z= 0.000
rank= 32 Lx=Ly=10 pg= 0.100 ids= 184 TEE= 0 R2x= 0.000 R2z= 0.944 R2x_loop= 0.000 R2z_loop= 1.000  dep_x=10.000 dep_z= 0.000
rank= 53 Lx=Ly=10 pg= 0.100 ids=  77 TEE= 0 R2x= 0.000 R2z= 0.878 R2x_loop= 0.000 R2z_loop= 1.000  dep_x=10.000 dep_z= 0.000
rank=123 Lx=Ly=10 pg= 0.100 ids= 147 TEE= 0 R2x= 0.000 R2z= 0.967 R2x_loop= 0.000 R2z_loop= 1.000  dep_x=10.000 dep_z= 0.000
rank= 95 Lx=Ly=10 pg= 0.100 ids= 247 TEE= 0 R2x= 0.000 R2z= 0.867 R2x_loop= 0.000 R2z_loop= 1.000  dep_x=10.000 dep_z= 0.000
rank= 22 Lx=Ly=10 pg= 0.100 ids=  46 TEE= 0 R2x= 0.000 R2z= 0.967 R2x_loop= 0.000 R2z_loop= 1.000  dep_x=10.000 dep_z= 0.000
rank=114 Lx=Ly=10 pg= 0.100 ids= 266 TEE= 0 R2x= 0.000 R2z= 0.967 R2x_loop= 0.000 R2z_loop= 1.000  dep_x=10.000 dep_z= 0.000
rank=  2 Lx=Ly=10 pg= 0.100 ids=  26 TEE= 0 R2x= 0.000 R2z= 0.967 R2x_loop= 0.000 R2z_loop= 1.000  dep_x=10.000 dep_z= 0.000
rank= 77 Lx=Ly=10 pg= 0.100 ids= 101 TEE= 0 R2x= 0.000 R2z= 0.956 R2x_loop= 0.000 R2z_loop= 1.000  dep_x=10.000 dep_z= 0.000
rank=  7 Lx=Ly=10 pg= 0.000 ids= 903 TEE= 0 R2x= 0.000 R2z= 1.000 R2x_loop= 0.000 R2z_loop= 1.000  dep_x=10.000 dep_z= 0.000
rank= 98 Lx=Ly=10 pg= 0.100 ids= 250 TEE= 0 R2x= 0.000 R2z= 0.978 R2x_loop= 0.000 R2z_loop= 1.000  dep_x=10.000 dep_z= 0.000
rank=110 Lx=Ly=10 pg= 0.100 ids= 262 TEE= 0 R2x= 0.000 R2z= 0.967 R2x_loop= 0.000 R2z_loop= 1.000  dep_x=10.000 dep_z= 0.000
rank=101 Lx=Ly=10 pg= 0.100 ids= 253 TEE= 0 R2x= 0.000 R2z= 0.878 R2x_loop= 0.000 R2z_loop= 1.000  dep_x=10.000 dep_z= 0.000
rank= 97 Lx=Ly=10 pg= 0.100 ids= 249 TEE= 0 R2x= 0.000 R2z= 0.967 R2x_loop= 0.000 R2z_loop= 1.000  dep_x=10.000 dep_z= 0.000
rank= 86 Lx=Ly=10 pg= 0.100 ids= 238 TEE= 0 R2x= 0.000 R2z= 0.867 R2x_loop= 0.000 R2z_loop= 1.000  dep_x=10.000 dep_z= 0.000
rank= 38 Lx=Ly=10 pg= 0.100 ids= 190 TEE= 0 R2x= 0.000 R2z= 0.944 R2x_loop= 0.000 R2z_loop= 1.000  dep_x=10.000 dep_z= 0.000
rank= 50 Lx=Ly=10 pg= 0.100 ids=  74 TEE= 0 R2x= 0.000 R2z= 0.889 R2x_loop= 0.000 R2z_loop= 1.000  dep_x=10.000 dep_z= 0.000
rank= 43 Lx=Ly=10 pg= 0.100 ids= 195 TEE= 0 R2x= 0.000 R2z= 0.889 R2x_loop= 0.000 R2z_loop= 1.000  dep_x=10.000 dep_z= 0.000
rank= 68 Lx=Ly=10 pg= 0.100 ids= 220 TEE= 0 R2x= 0.000 R2z= 0.889 R2x_loop= 0.000 R2z_loop= 1.000  dep_x=10.000 dep_z= 0.000
rank= 11 Lx=Ly=10 pg= 0.100 ids= 163 TEE= 0 R2x= 0.000 R2z= 0.844 R2x_loop= 0.000 R2z_loop= 1.000  dep_x=10.000 dep_z= 0.000
rank= 99 Lx=Ly=10 pg= 0.100 ids= 251 TEE= 0 R2x= 0.000 R2z= 0.989 R2x_loop= 0.000 R2z_loop= 1.000  dep_x=10.000 dep_z= 0.000
rank=109 Lx=Ly=10 pg= 0.100 ids= 389 TEE= 0 R2x= 0.000 R2z= 0.967 R2x_loop= 0.000 R2z_loop= 1.000  dep_x=10.000 dep_z= 0.000
rank= 67 Lx=Ly=10 pg= 0.100 ids= 347 TEE= 0 R2x= 0.000 R2z= 0.978 R2x_loop= 0.000 R2z_loop= 1.000  dep_x=10.000 dep_z= 0.000
rank= 69 Lx=Ly=10 pg= 0.100 ids= 349 TEE= 0 R2x= 0.000 R2z= 0.967 R2x_loop= 0.000 R2z_loop= 1.000  dep_x=10.000 dep_z= 0.000
rank= 71 Lx=Ly=10 pg= 0.100 ids= 351 TEE= 0 R2x= 0.000 R2z= 0.989 R2x_loop= 0.000 R2z_loop= 1.000  dep_x=10.000 dep_z= 0.000
rank= 37 Lx=Ly=10 pg= 0.100 ids= 317 TEE= 0 R2x= 0.000 R2z= 0.900 R2x_loop= 0.000 R2z_loop= 1.000  dep_x=10.000 dep_z= 0.000
rank= 79 Lx=Ly=10 pg= 0.100 ids= 359 TEE= 0 R2x= 0.000 R2z= 0.878 R2x_loop= 0.000 R2z_loop= 1.000  dep_x=10.000 dep_z= 0.000
rank= 93 Lx=Ly=10 pg= 0.100 ids= 373 TEE= 0 R2x= 0.000 R2z= 1.000 R2x_loop= 0.000 R2z_loop= 1.000  dep_x=10.000 dep_z= 0.000
rank= 91 Lx=Ly=10 pg= 0.100 ids= 371 TEE= 0 R2x= 0.000 R2z= 0.978 R2x_loop= 0.000 R2z_loop= 1.000  dep_x=10.000 dep_z= 0.000
rank= 89 Lx=Ly=10 pg= 0.100 ids= 369 TEE= 0 R2x= 0.000 R2z= 0.844 R2x_loop= 0.000 R2z_loop= 1.000  dep_x=10.000 dep_z= 0.000
rank=107 Lx=Ly=10 pg= 0.100 ids=   3 TEE= 0 R2x= 0.000 R2z= 0.867 R2x_loop= 0.000 R2z_loop= 1.000  dep_x=10.000 dep_z= 0.000
rank= 64 Lx=Ly=10 pg= 0.100 ids= 216 TEE= 0 R2x= 0.000 R2z= 0.967 R2x_loop= 0.000 R2z_loop= 1.000  dep_x=10.000 dep_z= 0.000
rank= 85 Lx=Ly=10 pg= 0.100 ids= 365 TEE= 0 R2x= 0.000 R2z= 0.978 R2x_loop= 0.000 R2z_loop= 1.000  dep_x=10.000 dep_z= 0.000
rank= 87 Lx=Ly=10 pg= 0.100 ids= 367 TEE= 0 R2x= 0.000 R2z= 0.867 R2x_loop= 0.000 R2z_loop= 1.000  dep_x=10.000 dep_z= 0.000
rank= 75 Lx=Ly=10 pg= 0.100 ids= 355 TEE= 0 R2x= 0.000 R2z= 0.978 R2x_loop= 0.000 R2z_loop= 1.000  dep_x=10.000 dep_z= 0.000
rank=  5 Lx=Ly=10 pg= 0.100 ids= 285 TEE= 0 R2x= 0.000 R2z= 0.956 R2x_loop= 0.000 R2z_loop= 1.000  dep_x=10.000 dep_z= 0.000
rank=  1 Lx=Ly=10 pg= 0.100 ids= 281 TEE= 0 R2x= 0.000 R2z= 0.978 R2x_loop= 0.000 R2z_loop= 1.000  dep_x=10.000 dep_z= 0.000
rank= 35 Lx=Ly=10 pg= 0.100 ids= 315 TEE= 0 R2x= 0.000 R2z= 0.889 R2x_loop= 0.000 R2z_loop= 1.000  dep_x=10.000 dep_z= 0.000
rank=  3 Lx=Ly=10 pg= 0.100 ids= 283 TEE= 0 R2x= 0.000 R2z= 0.956 R2x_loop= 0.000 R2z_loop= 1.000  dep_x=10.000 dep_z= 0.000
rank=125 Lx=Ly=10 pg= 0.100 ids= 405 TEE= 0 R2x= 0.000 R2z= 0.978 R2x_loop= 0.000 R2z_loop= 1.000  dep_x=10.000 dep_z= 0.000
rank= 61 Lx=Ly=10 pg= 0.100 ids= 341 TEE= 0 R2x= 0.000 R2z= 0.956 R2x_loop= 0.000 R2z_loop= 1.000  dep_x=10.000 dep_z= 0.000
rank= 39 Lx=Ly=10 pg= 0.100 ids= 319 TEE= 0 R2x= 0.000 R2z= 0.967 R2x_loop= 0.000 R2z_loop= 1.000  dep_x=10.000 dep_z= 0.000
rank= 59 Lx=Ly=10 pg= 0.100 ids= 339 TEE= 0 R2x= 0.000 R2z= 0.978 R2x_loop= 0.000 R2z_loop= 1.000  dep_x=10.000 dep_z= 0.000
rank=105 Lx=Ly=10 pg= 0.100 ids= 385 TEE= 0 R2x= 0.000 R2z= 0.967 R2x_loop= 0.000 R2z_loop= 1.000  dep_x=10.000 dep_z= 0.000
rank= 25 Lx=Ly=10 pg= 0.100 ids= 305 TEE= 0 R2x= 0.000 R2z= 0.822 R2x_loop= 0.000 R2z_loop= 1.000  dep_x=10.000 dep_z= 0.000
rank= 17 Lx=Ly=10 pg= 0.100 ids= 297 TEE= 0 R2x= 0.000 R2z= 1.000 R2x_loop= 0.000 R2z_loop= 1.000  dep_x=10.000 dep_z= 0.000
rank=111 Lx=Ly=10 pg= 0.100 ids= 135 TEE= 0 R2x= 0.000 R2z= 0.889 R2x_loop= 0.000 R2z_loop= 1.000  dep_x=10.000 dep_z= 0.000
rank= 21 Lx=Ly=10 pg= 0.100 ids= 301 TEE= 0 R2x= 0.000 R2z= 0.989 R2x_loop= 0.000 R2z_loop= 1.000  dep_x=10.000 dep_z= 0.000
rank= 49 Lx=Ly=10 pg= 0.100 ids= 329 TEE= 0 R2x= 0.000 R2z= 0.989 R2x_loop= 0.000 R2z_loop= 1.000  dep_x=10.000 dep_z= 0.000
rank= 23 Lx=Ly=10 pg= 0.100 ids= 303 TEE= 0 R2x= 0.000 R2z= 0.956 R2x_loop= 0.000 R2z_loop= 1.000  dep_x=10.000 dep_z= 0.000
rank= 73 Lx=Ly=10 pg= 0.100 ids= 353 TEE= 0 R2x= 0.000 R2z= 0.989 R2x_loop= 0.000 R2z_loop= 1.000  dep_x=10.000 dep_z= 0.000
rank=103 Lx=Ly=10 pg= 0.100 ids= 383 TEE= 0 R2x= 0.000 R2z= 0.978 R2x_loop= 0.000 R2z_loop= 1.000  dep_x=10.000 dep_z= 0.000
rank=115 Lx=Ly=10 pg= 0.100 ids= 395 TEE= 0 R2x= 0.000 R2z= 0.978 R2x_loop= 0.000 R2z_loop= 1.000  dep_x=10.000 dep_z= 0.000
rank= 55 Lx=Ly=10 pg= 0.100 ids= 335 TEE= 0 R2x= 0.000 R2z= 0.978 R2x_loop= 0.000 R2z_loop= 1.000  dep_x=10.000 dep_z= 0.000
rank= 51 Lx=Ly=10 pg= 0.100 ids= 331 TEE= 0 R2x= 0.000 R2z= 0.889 R2x_loop= 0.000 R2z_loop= 1.000  dep_x=10.000 dep_z= 0.000
rank= 41 Lx=Ly=10 pg= 0.100 ids= 321 TEE= 0 R2x= 0.000 R2z= 0.967 R2x_loop= 0.000 R2z_loop= 1.000  dep_x=10.000 dep_z= 0.000
rank= 33 Lx=Ly=10 pg= 0.100 ids= 313 TEE= 0 R2x= 0.000 R2z= 0.944 R2x_loop= 0.000 R2z_loop= 1.000  dep_x=10.000 dep_z= 0.000
rank=119 Lx=Ly=10 pg= 0.100 ids= 399 TEE= 0 R2x= 0.000 R2z= 0.978 R2x_loop= 0.000 R2z_loop= 1.000  dep_x=10.000 dep_z= 0.000
rank=117 Lx=Ly=10 pg= 0.100 ids= 397 TEE= 0 R2x= 0.000 R2z= 0.867 R2x_loop= 0.000 R2z_loop= 1.000  dep_x=10.000 dep_z= 0.000
rank= 19 Lx=Ly=10 pg= 0.100 ids= 299 TEE= 0 R2x= 0.000 R2z= 0.933 R2x_loop= 0.000 R2z_loop= 1.000  dep_x=10.000 dep_z= 0.000
rank= 13 Lx=Ly=10 pg= 0.100 ids= 293 TEE= 0 R2x= 0.000 R2z= 1.000 R2x_loop= 0.000 R2z_loop= 1.000  dep_x=10.000 dep_z= 0.000
rank= 15 Lx=Ly=10 pg= 0.100 ids= 295 TEE= 0 R2x= 0.000 R2z= 0.956 R2x_loop= 0.000 R2z_loop= 1.000  dep_x=10.000 dep_z= 0.000
rank=113 Lx=Ly=10 pg= 0.100 ids= 393 TEE= 0 R2x= 0.000 R2z= 0.989 R2x_loop= 0.000 R2z_loop= 1.000  dep_x=10.000 dep_z= 0.000
rank=  9 Lx=Ly=10 pg= 0.100 ids= 289 TEE= 0 R2x= 0.000 R2z= 0.900 R2x_loop= 0.000 R2z_loop= 1.000  dep_x=10.000 dep_z= 0.000
rank=127 Lx=Ly=10 pg= 0.100 ids= 407 TEE= 0 R2x= 0.000 R2z= 0.900 R2x_loop= 0.000 R2z_loop= 1.000  dep_x=10.000 dep_z= 0.000
rank= 27 Lx=Ly=10 pg= 0.100 ids= 307 TEE= 0 R2x= 0.000 R2z= 0.978 R2x_loop= 0.000 R2z_loop= 1.000  dep_x=10.000 dep_z= 0.000
rank= 45 Lx=Ly=10 pg= 0.100 ids= 325 TEE= 0 R2x= 0.000 R2z= 0.978 R2x_loop= 0.000 R2z_loop= 1.000  dep_x=10.000 dep_z= 0.000
rank= 82 Lx=Ly=10 pg= 0.100 ids= 234 TEE= 0 R2x= 0.000 R2z= 0.844 R2x_loop= 0.000 R2z_loop= 1.000  dep_x=10.000 dep_z= 0.000
rank= 36 Lx=Ly=10 pg= 0.100 ids=  60 TEE= 0 R2x= 0.000 R2z= 0.989 R2x_loop= 0.000 R2z_loop= 1.000  dep_x=10.000 dep_z= 0.000
rank= 65 Lx=Ly=10 pg= 0.100 ids= 217 TEE= 0 R2x= 0.000 R2z= 1.000 R2x_loop= 0.000 R2z_loop= 1.000  dep_x=10.000 dep_z= 0.000
rank= 52 Lx=Ly=10 pg= 0.100 ids=  76 TEE= 0 R2x= 0.000 R2z= 0.967 R2x_loop= 0.000 R2z_loop= 1.000  dep_x=10.000 dep_z= 0.000
rank= 81 Lx=Ly=10 pg= 0.000 ids= 977 TEE= 0 R2x= 0.000 R2z= 1.000 R2x_loop= 0.000 R2z_loop= 1.000  dep_x=10.000 dep_z= 0.000
rank= 63 Lx=Ly=10 pg= 0.100 ids= 343 TEE= 0 R2x= 0.000 R2z= 1.000 R2x_loop= 0.000 R2z_loop= 1.000  dep_x=10.000 dep_z= 0.000
rank= 54 Lx=Ly=10 pg= 0.100 ids=  78 TEE= 0 R2x= 0.000 R2z= 0.956 R2x_loop= 0.000 R2z_loop= 1.000  dep_x=10.000 dep_z= 0.000
rank=  4 Lx=Ly=10 pg= 0.100 ids= 284 TEE= 0 R2x= 0.000 R2z= 0.989 R2x_loop= 0.000 R2z_loop= 1.000  dep_x=10.000 dep_z= 0.000
rank= 48 Lx=Ly=10 pg= 0.100 ids= 328 TEE= 0 R2x= 0.000 R2z= 0.978 R2x_loop= 0.000 R2z_loop= 1.000  dep_x=10.000 dep_z= 0.000
rank= 16 Lx=Ly=10 pg= 0.100 ids= 296 TEE= 0 R2x= 0.000 R2z= 0.989 R2x_loop= 0.000 R2z_loop= 1.000  dep_x=10.000 dep_z= 0.000
rank= 47 Lx=Ly=10 pg= 0.100 ids= 327 TEE= 0 R2x= 0.000 R2z= 0.956 R2x_loop= 0.000 R2z_loop= 1.000  dep_x=10.000 dep_z= 0.000
rank= 18 Lx=Ly=10 pg= 0.100 ids= 298 TEE= 0 R2x= 0.000 R2z= 1.000 R2x_loop= 0.000 R2z_loop= 1.000  dep_x=10.000 dep_z= 0.000
rank= 57 Lx=Ly=10 pg= 0.100 ids= 337 TEE= 0 R2x= 0.000 R2z= 0.978 R2x_loop= 0.000 R2z_loop= 1.000  dep_x=10.000 dep_z= 0.000
rank= 14 Lx=Ly=10 pg= 0.100 ids= 294 TEE= 0 R2x= 0.000 R2z= 0.989 R2x_loop= 0.000 R2z_loop= 1.000  dep_x=10.000 dep_z= 0.000
rank=  8 Lx=Ly=10 pg= 0.100 ids= 288 TEE= 0 R2x= 0.000 R2z= 0.989 R2x_loop= 0.000 R2z_loop= 1.000  dep_x=10.000 dep_z= 0.000
rank= 92 Lx=Ly=10 pg= 0.100 ids= 372 TEE= 0 R2x= 0.000 R2z= 0.956 R2x_loop= 0.000 R2z_loop= 1.000  dep_x=10.000 dep_z= 0.000
rank= 12 Lx=Ly=10 pg= 0.100 ids= 292 TEE= 0 R2x= 0.000 R2z= 0.978 R2x_loop= 0.000 R2z_loop= 1.000  dep_x=10.000 dep_z= 0.000
rank= 83 Lx=Ly=10 pg= 0.100 ids= 235 TEE= 0 R2x= 0.000 R2z= 0.967 R2x_loop= 0.000 R2z_loop= 1.000  dep_x=10.000 dep_z= 0.000
rank= 20 Lx=Ly=10 pg= 0.100 ids= 300 TEE= 0 R2x= 0.000 R2z= 0.956 R2x_loop= 0.000 R2z_loop= 1.000  dep_x=10.000 dep_z= 0.000
rank= 76 Lx=Ly=10 pg= 0.100 ids= 356 TEE= 0 R2x= 0.000 R2z= 0.844 R2x_loop= 0.000 R2z_loop= 1.000  dep_x=10.000 dep_z= 0.000
rank= 26 Lx=Ly=10 pg= 0.100 ids= 306 TEE= 0 R2x= 0.000 R2z= 1.000 R2x_loop= 0.000 R2z_loop= 1.000  dep_x=10.000 dep_z= 0.000
rank= 94 Lx=Ly=10 pg= 0.100 ids= 374 TEE= 0 R2x= 0.000 R2z= 0.933 R2x_loop= 0.000 R2z_loop= 1.000  dep_x=10.000 dep_z= 0.000
rank=121 Lx=Ly=10 pg= 0.100 ids= 145 TEE= 0 R2x= 0.000 R2z= 0.933 R2x_loop= 0.000 R2z_loop= 1.000  dep_x=10.000 dep_z= 0.000
rank= 42 Lx=Ly=10 pg= 0.100 ids= 322 TEE= 0 R2x= 0.000 R2z= 0.967 R2x_loop= 0.000 R2z_loop= 1.000  dep_x=10.000 dep_z= 0.000
rank= 44 Lx=Ly=10 pg= 0.100 ids= 324 TEE= 0 R2x= 0.000 R2z= 0.878 R2x_loop= 0.000 R2z_loop= 1.000  dep_x=10.000 dep_z= 0.000
rank= 70 Lx=Ly=10 pg= 0.100 ids= 350 TEE= 0 R2x= 0.000 R2z= 0.967 R2x_loop= 0.000 R2z_loop= 1.000  dep_x=10.000 dep_z= 0.000
rank= 34 Lx=Ly=10 pg= 0.100 ids= 314 TEE= 0 R2x= 0.000 R2z= 0.944 R2x_loop= 0.000 R2z_loop= 1.000  dep_x=10.000 dep_z= 0.000
rank= 78 Lx=Ly=10 pg= 0.100 ids= 358 TEE= 0 R2x= 0.000 R2z= 0.978 R2x_loop= 0.000 R2z_loop= 1.000  dep_x=10.000 dep_z= 0.000
rank= 74 Lx=Ly=10 pg= 0.100 ids= 354 TEE= 0 R2x= 0.000 R2z= 0.967 R2x_loop= 0.000 R2z_loop= 1.000  dep_x=10.000 dep_z= 0.000
rank=  0 Lx=Ly=10 pg= 0.100 ids= 280 TEE= 0 R2x= 0.000 R2z= 0.989 R2x_loop= 0.000 R2z_loop= 1.000  dep_x=10.000 dep_z= 0.000
rank= 24 Lx=Ly=10 pg= 0.100 ids= 304 TEE= 0 R2x= 0.000 R2z= 0.978 R2x_loop= 0.000 R2z_loop= 1.000  dep_x=10.000 dep_z= 0.000
rank= 80 Lx=Ly=10 pg= 0.100 ids= 360 TEE= 0 R2x= 0.000 R2z= 0.978 R2x_loop= 0.000 R2z_loop= 1.000  dep_x=10.000 dep_z= 0.000
rank= 56 Lx=Ly=10 pg= 0.100 ids= 336 TEE= 0 R2x= 0.000 R2z= 0.989 R2x_loop= 0.000 R2z_loop= 1.000  dep_x=10.000 dep_z= 0.000
rank= 90 Lx=Ly=10 pg= 0.100 ids= 370 TEE= 0 R2x= 0.000 R2z= 0.989 R2x_loop= 0.000 R2z_loop= 1.000  dep_x=10.000 dep_z= 0.000
rank= 30 Lx=Ly=10 pg= 0.100 ids=  54 TEE= 0 R2x= 0.000 R2z= 0.967 R2x_loop= 0.000 R2z_loop= 1.000  dep_x=10.000 dep_z= 0.000
rank= 40 Lx=Ly=10 pg= 0.100 ids= 320 TEE= 0 R2x= 0.000 R2z= 0.856 R2x_loop= 0.000 R2z_loop= 1.000  dep_x=10.000 dep_z= 0.000
rank= 62 Lx=Ly=10 pg= 0.100 ids= 342 TEE= 0 R2x= 0.000 R2z= 0.867 R2x_loop= 0.000 R2z_loop= 1.000  dep_x=10.000 dep_z= 0.000
rank= 84 Lx=Ly=10 pg= 0.100 ids= 364 TEE= 0 R2x= 0.000 R2z= 0.978 R2x_loop= 0.000 R2z_loop= 1.000  dep_x=10.000 dep_z= 0.000
rank= 72 Lx=Ly=10 pg= 0.100 ids= 352 TEE= 0 R2x= 0.000 R2z= 0.978 R2x_loop= 0.000 R2z_loop= 1.000  dep_x=10.000 dep_z= 0.000
rank=108 Lx=Ly=10 pg= 0.100 ids= 388 TEE= 0 R2x= 0.000 R2z= 0.978 R2x_loop= 0.000 R2z_loop= 1.000  dep_x=10.000 dep_z= 0.000
rank= 60 Lx=Ly=10 pg= 0.100 ids= 340 TEE= 0 R2x= 0.000 R2z= 0.978 R2x_loop= 0.000 R2z_loop= 1.000  dep_x=10.000 dep_z= 0.000
rank=102 Lx=Ly=10 pg= 0.100 ids= 382 TEE= 0 R2x= 0.000 R2z= 0.967 R2x_loop= 0.000 R2z_loop= 1.000  dep_x=10.000 dep_z= 0.000
rank= 58 Lx=Ly=10 pg= 0.100 ids= 338 TEE= 0 R2x= 0.000 R2z= 0.856 R2x_loop= 0.000 R2z_loop= 1.000  dep_x=10.000 dep_z= 0.000
rank=106 Lx=Ly=10 pg= 0.100 ids= 386 TEE= 0 R2x= 0.000 R2z= 0.944 R2x_loop= 0.000 R2z_loop= 1.000  dep_x=10.000 dep_z= 0.000
rank= 46 Lx=Ly=10 pg= 0.100 ids= 326 TEE= 0 R2x= 0.000 R2z= 0.956 R2x_loop= 0.000 R2z_loop= 1.000  dep_x=10.000 dep_z= 0.000
rank=100 Lx=Ly=10 pg= 0.100 ids= 380 TEE= 0 R2x= 0.000 R2z= 0.956 R2x_loop= 0.000 R2z_loop= 1.000  dep_x=10.000 dep_z= 0.000
rank= 28 Lx=Ly=10 pg= 0.100 ids= 308 TEE= 0 R2x= 0.000 R2z= 0.956 R2x_loop= 0.000 R2z_loop= 1.000  dep_x=10.000 dep_z= 0.000
rank=126 Lx=Ly=10 pg= 0.100 ids= 406 TEE= 0 R2x= 0.000 R2z= 0.989 R2x_loop= 0.000 R2z_loop= 1.000  dep_x=10.000 dep_z= 0.000
rank=104 Lx=Ly=10 pg= 0.100 ids= 384 TEE= 0 R2x= 0.000 R2z= 0.922 R2x_loop= 0.000 R2z_loop= 1.000  dep_x=10.000 dep_z= 0.000
rank=120 Lx=Ly=10 pg= 0.100 ids= 400 TEE= 0 R2x= 0.000 R2z= 0.867 R2x_loop= 0.000 R2z_loop= 1.000  dep_x=10.000 dep_z= 0.000
rank=122 Lx=Ly=10 pg= 0.100 ids= 402 TEE= 0 R2x= 0.000 R2z= 0.989 R2x_loop= 0.000 R2z_loop= 1.000  dep_x=10.000 dep_z= 0.000
rank= 66 Lx=Ly=10 pg= 0.100 ids= 346 TEE= 0 R2x= 0.000 R2z= 0.989 R2x_loop= 0.000 R2z_loop= 1.000  dep_x=10.000 dep_z= 0.000
rank=112 Lx=Ly=10 pg= 0.100 ids= 392 TEE= 0 R2x= 0.000 R2z= 0.878 R2x_loop= 0.000 R2z_loop= 1.000  dep_x=10.000 dep_z= 0.000
rank= 96 Lx=Ly=10 pg= 0.100 ids= 376 TEE= 0 R2x= 0.000 R2z= 1.000 R2x_loop= 0.000 R2z_loop= 1.000  dep_x=10.000 dep_z= 0.000
rank=124 Lx=Ly=10 pg= 0.100 ids= 404 TEE= 0 R2x= 0.000 R2z= 0.967 R2x_loop= 0.000 R2z_loop= 1.000  dep_x=10.000 dep_z= 0.000
rank=116 Lx=Ly=10 pg= 0.100 ids= 396 TEE= 0 R2x= 0.000 R2z= 0.989 R2x_loop= 0.000 R2z_loop= 1.000  dep_x=10.000 dep_z= 0.000
rank=118 Lx=Ly=10 pg= 0.100 ids= 398 TEE= 0 R2x= 0.000 R2z= 0.989 R2x_loop= 0.000 R2z_loop= 1.000  dep_x=10.000 dep_z= 0.000
rank= 32 Lx=Ly=10 pg= 0.100 ids= 312 TEE= 0 R2x= 0.000 R2z= 1.000 R2x_loop= 0.000 R2z_loop= 1.000  dep_x=10.000 dep_z= 0.000
rank= 88 Lx=Ly=10 pg= 0.100 ids= 240 TEE= 0 R2x= 0.000 R2z= 0.967 R2x_loop= 0.000 R2z_loop= 1.000  dep_x=10.000 dep_z= 0.000
rank= 53 Lx=Ly=10 pg= 0.100 ids= 205 TEE= 0 R2x= 0.000 R2z= 0.878 R2x_loop= 0.000 R2z_loop= 1.000  dep_x=10.000 dep_z= 0.000
rank= 95 Lx=Ly=10 pg= 0.100 ids= 375 TEE= 0 R2x= 0.000 R2z= 0.967 R2x_loop= 0.000 R2z_loop= 1.000  dep_x=10.000 dep_z= 0.000
rank=123 Lx=Ly=10 pg= 0.100 ids= 275 TEE= 0 R2x= 0.000 R2z= 0.978 R2x_loop= 0.000 R2z_loop= 1.000  dep_x=10.000 dep_z= 0.000
rank= 10 Lx=Ly=10 pg= 0.100 ids=  34 TEE= 0 R2x= 0.000 R2z= 0.956 R2x_loop= 0.000 R2z_loop= 1.000  dep_x=10.000 dep_z= 0.000
rank= 29 Lx=Ly=10 pg= 0.100 ids=  53 TEE= 0 R2x= 0.000 R2z= 0.956 R2x_loop= 0.000 R2z_loop= 1.000  dep_x=10.000 dep_z= 0.000
rank= 31 Lx=Ly=10 pg= 0.100 ids=  55 TEE= 0 R2x= 0.000 R2z= 0.989 R2x_loop= 0.000 R2z_loop= 1.000  dep_x=10.000 dep_z= 0.000
rank=114 Lx=Ly=10 pg= 0.100 ids= 394 TEE= 0 R2x= 0.000 R2z= 0.956 R2x_loop= 0.000 R2z_loop= 1.000  dep_x=10.000 dep_z= 0.000
rank= 22 Lx=Ly=10 pg= 0.100 ids= 174 TEE= 0 R2x= 0.000 R2z= 0.978 R2x_loop= 0.000 R2z_loop= 1.000  dep_x=10.000 dep_z= 0.000
rank=101 Lx=Ly=10 pg= 0.100 ids= 381 TEE= 0 R2x= 0.000 R2z= 0.956 R2x_loop= 0.000 R2z_loop= 1.000  dep_x=10.000 dep_z= 0.000
rank= 98 Lx=Ly=10 pg= 0.100 ids= 378 TEE= 0 R2x= 0.000 R2z= 0.978 R2x_loop= 0.000 R2z_loop= 1.000  dep_x=10.000 dep_z= 0.000
rank=  6 Lx=Ly=10 pg= 0.100 ids=  30 TEE= 0 R2x= 0.000 R2z= 0.867 R2x_loop= 0.000 R2z_loop= 1.000  dep_x=10.000 dep_z= 0.000
rank= 77 Lx=Ly=10 pg= 0.100 ids= 229 TEE= 0 R2x= 0.000 R2z= 0.989 R2x_loop= 0.000 R2z_loop= 1.000  dep_x=10.000 dep_z= 0.000
rank= 43 Lx=Ly=10 pg= 0.100 ids= 323 TEE= 0 R2x= 0.000 R2z= 0.989 R2x_loop= 0.000 R2z_loop= 1.000  dep_x=10.000 dep_z= 0.000
rank= 99 Lx=Ly=10 pg= 0.100 ids= 379 TEE= 0 R2x= 0.000 R2z= 0.956 R2x_loop= 0.000 R2z_loop= 1.000  dep_x=10.000 dep_z= 0.000
rank= 38 Lx=Ly=10 pg= 0.100 ids= 318 TEE= 0 R2x= 0.000 R2z= 1.000 R2x_loop= 0.000 R2z_loop= 1.000  dep_x=10.000 dep_z= 0.000
rank= 97 Lx=Ly=10 pg= 0.100 ids= 377 TEE= 0 R2x= 0.000 R2z= 0.989 R2x_loop= 0.000 R2z_loop= 1.000  dep_x=10.000 dep_z= 0.000
rank= 11 Lx=Ly=10 pg= 0.100 ids= 291 TEE= 0 R2x= 0.000 R2z= 0.878 R2x_loop= 0.000 R2z_loop= 1.000  dep_x=10.000 dep_z= 0.000
rank=109 Lx=Ly=10 pg= 0.100 ids= 517 TEE= 0 R2x= 0.000 R2z= 0.956 R2x_loop= 0.000 R2z_loop= 1.000  dep_x=10.000 dep_z= 0.000
rank= 67 Lx=Ly=10 pg= 0.100 ids= 475 TEE= 0 R2x= 0.000 R2z= 0.967 R2x_loop= 0.000 R2z_loop= 1.000  dep_x=10.000 dep_z= 0.000
rank= 37 Lx=Ly=10 pg= 0.100 ids= 445 TEE= 0 R2x= 0.000 R2z= 0.989 R2x_loop= 0.000 R2z_loop= 1.000  dep_x=10.000 dep_z= 0.000
rank= 68 Lx=Ly=10 pg= 0.100 ids= 348 TEE= 0 R2x= 0.000 R2z= 0.989 R2x_loop= 0.000 R2z_loop= 1.000  dep_x=10.000 dep_z= 0.000
rank= 71 Lx=Ly=10 pg= 0.100 ids= 479 TEE= 0 R2x= 0.000 R2z= 0.944 R2x_loop= 0.000 R2z_loop= 1.000  dep_x=10.000 dep_z= 0.000
rank= 86 Lx=Ly=10 pg= 0.100 ids= 366 TEE= 0 R2x= 0.000 R2z= 0.856 R2x_loop= 0.000 R2z_loop= 1.000  dep_x=10.000 dep_z= 0.000
rank= 69 Lx=Ly=10 pg= 0.100 ids= 477 TEE= 0 R2x= 0.000 R2z= 0.844 R2x_loop= 0.000 R2z_loop= 1.000  dep_x=10.000 dep_z= 0.000
rank= 93 Lx=Ly=10 pg= 0.100 ids= 501 TEE= 0 R2x= 0.000 R2z= 0.978 R2x_loop= 0.000 R2z_loop= 1.000  dep_x=10.000 dep_z= 0.000
rank= 79 Lx=Ly=10 pg= 0.100 ids= 487 TEE= 0 R2x= 0.000 R2z= 0.956 R2x_loop= 0.000 R2z_loop= 1.000  dep_x=10.000 dep_z= 0.000
rank= 50 Lx=Ly=10 pg= 0.100 ids= 202 TEE= 0 R2x= 0.000 R2z= 0.889 R2x_loop= 0.000 R2z_loop= 1.000  dep_x=10.000 dep_z= 0.000
rank= 91 Lx=Ly=10 pg= 0.100 ids= 499 TEE= 0 R2x= 0.000 R2z= 0.956 R2x_loop= 0.000 R2z_loop= 1.000  dep_x=10.000 dep_z= 0.000
rank= 75 Lx=Ly=10 pg= 0.100 ids= 483 TEE= 0 R2x= 0.000 R2z= 0.967 R2x_loop= 0.000 R2z_loop= 1.000  dep_x=10.000 dep_z= 0.000
rank= 87 Lx=Ly=10 pg= 0.100 ids= 495 TEE= 0 R2x= 0.000 R2z= 0.967 R2x_loop= 0.000 R2z_loop= 1.000  dep_x=10.000 dep_z= 0.000
rank= 89 Lx=Ly=10 pg= 0.100 ids= 497 TEE= 0 R2x= 0.000 R2z= 0.967 R2x_loop= 0.000 R2z_loop= 1.000  dep_x=10.000 dep_z= 0.000
rank= 85 Lx=Ly=10 pg= 0.100 ids= 493 TEE= 0 R2x= 0.000 R2z= 0.978 R2x_loop= 0.000 R2z_loop= 1.000  dep_x=10.000 dep_z= 0.000
rank=110 Lx=Ly=10 pg= 0.100 ids= 390 TEE= 0 R2x= 0.000 R2z= 0.967 R2x_loop= 0.000 R2z_loop= 1.000  dep_x=10.000 dep_z= 0.000
rank= 61 Lx=Ly=10 pg= 0.100 ids= 469 TEE= 0 R2x= 0.000 R2z= 0.967 R2x_loop= 0.000 R2z_loop= 1.000  dep_x=10.000 dep_z= 0.000
rank=  7 Lx=Ly=10 pg= 0.100 ids=  31 TEE= 0 R2x= 0.000 R2z= 0.967 R2x_loop= 0.000 R2z_loop= 1.000  dep_x=10.000 dep_z= 0.000
rank=  1 Lx=Ly=10 pg= 0.100 ids= 409 TEE= 0 R2x= 0.000 R2z= 0.978 R2x_loop= 0.000 R2z_loop= 1.000  dep_x=10.000 dep_z= 0.000
rank= 39 Lx=Ly=10 pg= 0.100 ids= 447 TEE= 0 R2x= 0.000 R2z= 0.867 R2x_loop= 0.000 R2z_loop= 1.000  dep_x=10.000 dep_z= 0.000
rank=  5 Lx=Ly=10 pg= 0.100 ids= 413 TEE= 0 R2x= 0.000 R2z= 0.856 R2x_loop= 0.000 R2z_loop= 1.000  dep_x=10.000 dep_z= 0.000
rank= 35 Lx=Ly=10 pg= 0.100 ids= 443 TEE= 0 R2x= 0.000 R2z= 0.956 R2x_loop= 0.000 R2z_loop= 1.000  dep_x=10.000 dep_z= 0.000
rank=125 Lx=Ly=10 pg= 0.100 ids= 533 TEE= 0 R2x= 0.000 R2z= 0.989 R2x_loop= 0.000 R2z_loop= 1.000  dep_x=10.000 dep_z= 0.000
rank=  3 Lx=Ly=10 pg= 0.100 ids= 411 TEE= 0 R2x= 0.000 R2z= 0.978 R2x_loop= 0.000 R2z_loop= 1.000  dep_x=10.000 dep_z= 0.000
rank= 59 Lx=Ly=10 pg= 0.100 ids= 467 TEE= 0 R2x= 0.000 R2z= 0.856 R2x_loop= 0.000 R2z_loop= 1.000  dep_x=10.000 dep_z= 0.000
rank= 25 Lx=Ly=10 pg= 0.100 ids= 433 TEE= 0 R2x= 0.000 R2z= 0.978 R2x_loop= 0.000 R2z_loop= 1.000  dep_x=10.000 dep_z= 0.000
rank=105 Lx=Ly=10 pg= 0.100 ids= 513 TEE= 0 R2x= 0.000 R2z= 0.767 R2x_loop= 0.000 R2z_loop= 1.000  dep_x=10.000 dep_z= 0.000
rank= 64 Lx=Ly=10 pg= 0.100 ids= 344 TEE= 0 R2x= 0.000 R2z= 1.000 R2x_loop= 0.000 R2z_loop= 1.000  dep_x=10.000 dep_z= 0.000
rank= 17 Lx=Ly=10 pg= 0.100 ids= 425 TEE= 0 R2x= 0.000 R2z= 0.900 R2x_loop= 0.000 R2z_loop= 1.000  dep_x=10.000 dep_z= 0.000
rank= 21 Lx=Ly=10 pg= 0.100 ids= 429 TEE= 0 R2x= 0.000 R2z= 0.978 R2x_loop= 0.000 R2z_loop= 1.000  dep_x=10.000 dep_z= 0.000
rank= 49 Lx=Ly=10 pg= 0.100 ids= 457 TEE= 0 R2x= 0.000 R2z= 0.789 R2x_loop= 0.000 R2z_loop= 1.000  dep_x=10.000 dep_z= 0.000
rank= 23 Lx=Ly=10 pg= 0.100 ids= 431 TEE= 0 R2x= 0.000 R2z= 0.989 R2x_loop= 0.000 R2z_loop= 1.000  dep_x=10.000 dep_z= 0.000
rank= 73 Lx=Ly=10 pg= 0.100 ids= 481 TEE= 0 R2x= 0.000 R2z= 0.978 R2x_loop= 0.000 R2z_loop= 1.000  dep_x=10.000 dep_z= 0.000
rank=103 Lx=Ly=10 pg= 0.100 ids= 511 TEE= 0 R2x= 0.000 R2z= 0.967 R2x_loop= 0.000 R2z_loop= 1.000  dep_x=10.000 dep_z= 0.000
rank=111 Lx=Ly=10 pg= 0.100 ids= 263 TEE= 0 R2x= 0.000 R2z= 0.956 R2x_loop= 0.000 R2z_loop= 1.000  dep_x=10.000 dep_z= 0.000
rank=115 Lx=Ly=10 pg= 0.100 ids= 523 TEE= 0 R2x= 0.000 R2z= 0.889 R2x_loop= 0.000 R2z_loop= 1.000  dep_x=10.000 dep_z= 0.000
rank= 55 Lx=Ly=10 pg= 0.100 ids= 463 TEE= 0 R2x= 0.000 R2z= 0.978 R2x_loop= 0.000 R2z_loop= 1.000  dep_x=10.000 dep_z= 0.000
rank= 33 Lx=Ly=10 pg= 0.100 ids= 441 TEE= 0 R2x= 0.000 R2z= 1.000 R2x_loop= 0.000 R2z_loop= 1.000  dep_x=10.000 dep_z= 0.000
rank= 51 Lx=Ly=10 pg= 0.100 ids= 459 TEE= 0 R2x= 0.000 R2z= 0.878 R2x_loop= 0.000 R2z_loop= 1.000  dep_x=10.000 dep_z= 0.000
rank= 19 Lx=Ly=10 pg= 0.100 ids= 427 TEE= 0 R2x= 0.000 R2z= 0.900 R2x_loop= 0.000 R2z_loop= 1.000  dep_x=10.000 dep_z= 0.000
rank=117 Lx=Ly=10 pg= 0.100 ids= 525 TEE= 0 R2x= 0.000 R2z= 0.967 R2x_loop= 0.000 R2z_loop= 1.000  dep_x=10.000 dep_z= 0.000
rank= 41 Lx=Ly=10 pg= 0.100 ids= 449 TEE= 0 R2x= 0.000 R2z= 0.967 R2x_loop= 0.000 R2z_loop= 1.000  dep_x=10.000 dep_z= 0.000
rank=119 Lx=Ly=10 pg= 0.100 ids= 527 TEE= 0 R2x= 0.000 R2z= 0.967 R2x_loop= 0.000 R2z_loop= 1.000  dep_x=10.000 dep_z= 0.000
rank= 13 Lx=Ly=10 pg= 0.100 ids= 421 TEE= 0 R2x= 0.000 R2z= 0.956 R2x_loop= 0.000 R2z_loop= 1.000  dep_x=10.000 dep_z= 0.000
rank= 15 Lx=Ly=10 pg= 0.100 ids= 423 TEE= 0 R2x= 0.000 R2z= 0.989 R2x_loop= 0.000 R2z_loop= 1.000  dep_x=10.000 dep_z= 0.000
rank=113 Lx=Ly=10 pg= 0.100 ids= 521 TEE= 0 R2x= 0.000 R2z= 0.978 R2x_loop= 0.000 R2z_loop= 1.000  dep_x=10.000 dep_z= 0.000
rank=  2 Lx=Ly=10 pg= 0.100 ids= 154 TEE= 0 R2x= 0.000 R2z= 0.978 R2x_loop= 0.000 R2z_loop= 1.000  dep_x=10.000 dep_z= 0.000
rank=  9 Lx=Ly=10 pg= 0.100 ids= 417 TEE= 0 R2x= 0.000 R2z= 0.967 R2x_loop= 0.000 R2z_loop= 1.000  dep_x=10.000 dep_z= 0.000
rank=107 Lx=Ly=10 pg= 0.100 ids= 131 TEE= 0 R2x= 0.000 R2z= 0.889 R2x_loop= 0.000 R2z_loop= 1.000  dep_x=10.000 dep_z= 0.000
rank= 27 Lx=Ly=10 pg= 0.100 ids= 435 TEE= 0 R2x= 0.000 R2z= 0.989 R2x_loop= 0.000 R2z_loop= 1.000  dep_x=10.000 dep_z= 0.000
rank=127 Lx=Ly=10 pg= 0.100 ids= 535 TEE= 0 R2x= 0.000 R2z= 0.900 R2x_loop= 0.000 R2z_loop= 1.000  dep_x=10.000 dep_z= 0.000
rank= 36 Lx=Ly=10 pg= 0.100 ids= 188 TEE= 0 R2x= 0.000 R2z= 0.989 R2x_loop= 0.000 R2z_loop= 1.000  dep_x=10.000 dep_z= 0.000
rank= 45 Lx=Ly=10 pg= 0.100 ids= 453 TEE= 0 R2x= 0.000 R2z= 0.944 R2x_loop= 0.000 R2z_loop= 1.000  dep_x=10.000 dep_z= 0.000
rank= 52 Lx=Ly=10 pg= 0.100 ids= 204 TEE= 0 R2x= 0.000 R2z= 0.944 R2x_loop= 0.000 R2z_loop= 1.000  dep_x=10.000 dep_z= 0.000
rank= 82 Lx=Ly=10 pg= 0.100 ids= 362 TEE= 0 R2x= 0.000 R2z= 0.978 R2x_loop= 0.000 R2z_loop= 1.000  dep_x=10.000 dep_z= 0.000
rank=  4 Lx=Ly=10 pg= 0.100 ids= 412 TEE= 0 R2x= 0.000 R2z= 0.967 R2x_loop= 0.000 R2z_loop= 1.000  dep_x=10.000 dep_z= 0.000
rank= 48 Lx=Ly=10 pg= 0.100 ids= 456 TEE= 0 R2x= 0.000 R2z= 0.967 R2x_loop= 0.000 R2z_loop= 1.000  dep_x=10.000 dep_z= 0.000
rank= 16 Lx=Ly=10 pg= 0.100 ids= 424 TEE= 0 R2x= 0.000 R2z= 0.967 R2x_loop= 0.000 R2z_loop= 1.000  dep_x=10.000 dep_z= 0.000
rank= 18 Lx=Ly=10 pg= 0.100 ids= 426 TEE= 0 R2x= 0.000 R2z= 0.978 R2x_loop= 0.000 R2z_loop= 1.000  dep_x=10.000 dep_z= 0.000
rank= 14 Lx=Ly=10 pg= 0.100 ids= 422 TEE= 0 R2x= 0.000 R2z= 1.000 R2x_loop= 0.000 R2z_loop= 1.000  dep_x=10.000 dep_z= 0.000
rank= 92 Lx=Ly=10 pg= 0.100 ids= 500 TEE= 0 R2x= 0.000 R2z= 0.978 R2x_loop= 0.000 R2z_loop= 1.000  dep_x=10.000 dep_z= 0.000
rank=  8 Lx=Ly=10 pg= 0.100 ids= 416 TEE= 0 R2x= 0.000 R2z= 0.978 R2x_loop= 0.000 R2z_loop= 1.000  dep_x=10.000 dep_z= 0.000
rank= 26 Lx=Ly=10 pg= 0.100 ids= 434 TEE= 0 R2x= 0.000 R2z= 0.967 R2x_loop= 0.000 R2z_loop= 1.000  dep_x=10.000 dep_z= 0.000
rank= 76 Lx=Ly=10 pg= 0.100 ids= 484 TEE= 0 R2x= 0.000 R2z= 0.867 R2x_loop= 0.000 R2z_loop= 1.000  dep_x=10.000 dep_z= 0.000
rank= 94 Lx=Ly=10 pg= 0.100 ids= 502 TEE= 0 R2x= 0.000 R2z= 0.967 R2x_loop= 0.000 R2z_loop= 1.000  dep_x=10.000 dep_z= 0.000
rank= 20 Lx=Ly=10 pg= 0.100 ids= 428 TEE= 0 R2x= 0.000 R2z= 0.956 R2x_loop= 0.000 R2z_loop= 1.000  dep_x=10.000 dep_z= 0.000
rank= 12 Lx=Ly=10 pg= 0.100 ids= 420 TEE= 0 R2x= 0.000 R2z= 0.978 R2x_loop= 0.000 R2z_loop= 1.000  dep_x=10.000 dep_z= 0.000
rank= 47 Lx=Ly=10 pg= 0.100 ids= 455 TEE= 0 R2x= 0.000 R2z= 0.956 R2x_loop= 0.000 R2z_loop= 1.000  dep_x=10.000 dep_z= 0.000
rank= 42 Lx=Ly=10 pg= 0.100 ids= 450 TEE= 0 R2x= 0.000 R2z= 0.967 R2x_loop= 0.000 R2z_loop= 1.000  dep_x=10.000 dep_z= 0.000
rank= 78 Lx=Ly=10 pg= 0.100 ids= 486 TEE= 0 R2x= 0.000 R2z= 0.889 R2x_loop= 0.000 R2z_loop= 1.000  dep_x=10.000 dep_z= 0.000
rank= 70 Lx=Ly=10 pg= 0.100 ids= 478 TEE= 0 R2x= 0.000 R2z= 0.844 R2x_loop= 0.000 R2z_loop= 1.000  dep_x=10.000 dep_z= 0.000
rank= 44 Lx=Ly=10 pg= 0.100 ids= 452 TEE= 0 R2x= 0.000 R2z= 0.956 R2x_loop= 0.000 R2z_loop= 1.000  dep_x=10.000 dep_z= 0.000
rank= 34 Lx=Ly=10 pg= 0.100 ids= 442 TEE= 0 R2x= 0.000 R2z= 0.978 R2x_loop= 0.000 R2z_loop= 1.000  dep_x=10.000 dep_z= 0.000
rank= 74 Lx=Ly=10 pg= 0.100 ids= 482 TEE= 0 R2x= 0.000 R2z= 0.956 R2x_loop= 0.000 R2z_loop= 1.000  dep_x=10.000 dep_z= 0.000
rank= 80 Lx=Ly=10 pg= 0.100 ids= 488 TEE= 0 R2x= 0.000 R2z= 0.978 R2x_loop= 0.000 R2z_loop= 1.000  dep_x=10.000 dep_z= 0.000
rank= 56 Lx=Ly=10 pg= 0.100 ids= 464 TEE= 0 R2x= 0.000 R2z= 0.967 R2x_loop= 0.000 R2z_loop= 1.000  dep_x=10.000 dep_z= 0.000
rank= 90 Lx=Ly=10 pg= 0.100 ids= 498 TEE= 0 R2x= 0.000 R2z= 0.989 R2x_loop= 0.000 R2z_loop= 1.000  dep_x=10.000 dep_z= 0.000
rank= 62 Lx=Ly=10 pg= 0.100 ids= 470 TEE= 0 R2x= 0.000 R2z= 0.867 R2x_loop= 0.000 R2z_loop= 1.000  dep_x=10.000 dep_z= 0.000
rank= 40 Lx=Ly=10 pg= 0.100 ids= 448 TEE= 0 R2x= 0.000 R2z= 0.967 R2x_loop= 0.000 R2z_loop= 1.000  dep_x=10.000 dep_z= 0.000
rank= 84 Lx=Ly=10 pg= 0.100 ids= 492 TEE= 0 R2x= 0.000 R2z= 0.978 R2x_loop= 0.000 R2z_loop= 1.000  dep_x=10.000 dep_z= 0.000
rank=108 Lx=Ly=10 pg= 0.100 ids= 516 TEE= 0 R2x= 0.000 R2z= 0.956 R2x_loop= 0.000 R2z_loop= 1.000  dep_x=10.000 dep_z= 0.000
rank=  0 Lx=Ly=10 pg= 0.100 ids= 408 TEE= 0 R2x= 0.000 R2z= 0.744 R2x_loop= 0.000 R2z_loop= 1.000  dep_x=10.000 dep_z= 0.000
rank= 57 Lx=Ly=10 pg= 0.100 ids= 465 TEE= 0 R2x= 0.000 R2z= 0.978 R2x_loop= 0.000 R2z_loop= 1.000  dep_x=10.000 dep_z= 0.000
rank= 72 Lx=Ly=10 pg= 0.100 ids= 480 TEE= 0 R2x= 0.000 R2z= 1.000 R2x_loop= 0.000 R2z_loop= 1.000  dep_x=10.000 dep_z= 0.000
rank= 60 Lx=Ly=10 pg= 0.100 ids= 468 TEE= 0 R2x= 0.000 R2z= 0.956 R2x_loop= 0.000 R2z_loop= 1.000  dep_x=10.000 dep_z= 0.000
rank= 58 Lx=Ly=10 pg= 0.100 ids= 466 TEE= 0 R2x= 0.000 R2z= 0.989 R2x_loop= 0.000 R2z_loop= 1.000  dep_x=10.000 dep_z= 0.000
rank=106 Lx=Ly=10 pg= 0.100 ids= 514 TEE= 0 R2x= 0.000 R2z= 0.956 R2x_loop= 0.000 R2z_loop= 1.000  dep_x=10.000 dep_z= 0.000
rank=102 Lx=Ly=10 pg= 0.100 ids= 510 TEE= 0 R2x= 0.000 R2z= 0.989 R2x_loop= 0.000 R2z_loop= 1.000  dep_x=10.000 dep_z= 0.000
rank= 46 Lx=Ly=10 pg= 0.100 ids= 454 TEE= 0 R2x= 0.000 R2z= 0.922 R2x_loop= 0.000 R2z_loop= 1.000  dep_x=10.000 dep_z= 0.000
rank=100 Lx=Ly=10 pg= 0.100 ids= 508 TEE= 0 R2x= 0.000 R2z= 0.989 R2x_loop= 0.000 R2z_loop= 1.000  dep_x=10.000 dep_z= 0.000
rank= 83 Lx=Ly=10 pg= 0.100 ids= 363 TEE= 0 R2x= 0.000 R2z= 0.789 R2x_loop= 0.000 R2z_loop= 1.000  dep_x=10.000 dep_z= 0.000
rank=104 Lx=Ly=10 pg= 0.100 ids= 512 TEE= 0 R2x= 0.000 R2z= 0.989 R2x_loop= 0.000 R2z_loop= 1.000  dep_x=10.000 dep_z= 0.000
rank=126 Lx=Ly=10 pg= 0.100 ids= 534 TEE= 0 R2x= 0.000 R2z= 0.978 R2x_loop= 0.000 R2z_loop= 1.000  dep_x=10.000 dep_z= 0.000
rank= 66 Lx=Ly=10 pg= 0.100 ids= 474 TEE= 0 R2x= 0.000 R2z= 0.978 R2x_loop= 0.000 R2z_loop= 1.000  dep_x=10.000 dep_z= 0.000
rank=122 Lx=Ly=10 pg= 0.100 ids= 530 TEE= 0 R2x= 0.000 R2z= 0.978 R2x_loop= 0.000 R2z_loop= 1.000  dep_x=10.000 dep_z= 0.000
rank= 81 Lx=Ly=10 pg= 0.100 ids= 105 TEE= 0 R2x= 0.000 R2z= 0.878 R2x_loop= 0.000 R2z_loop= 1.000  dep_x=10.000 dep_z= 0.000
rank=120 Lx=Ly=10 pg= 0.100 ids= 528 TEE= 0 R2x= 0.000 R2z= 0.967 R2x_loop= 0.000 R2z_loop= 1.000  dep_x=10.000 dep_z= 0.000
rank=112 Lx=Ly=10 pg= 0.100 ids= 520 TEE= 0 R2x= 0.000 R2z= 0.878 R2x_loop= 0.000 R2z_loop= 1.000  dep_x=10.000 dep_z= 0.000
rank= 96 Lx=Ly=10 pg= 0.100 ids= 504 TEE= 0 R2x= 0.000 R2z= 0.978 R2x_loop= 0.000 R2z_loop= 1.000  dep_x=10.000 dep_z= 0.000
rank=124 Lx=Ly=10 pg= 0.100 ids= 532 TEE= 0 R2x= 0.000 R2z= 0.944 R2x_loop= 0.000 R2z_loop= 1.000  dep_x=10.000 dep_z= 0.000
rank= 54 Lx=Ly=10 pg= 0.100 ids= 206 TEE= 0 R2x= 0.000 R2z= 0.944 R2x_loop= 0.000 R2z_loop= 1.000  dep_x=10.000 dep_z= 0.000
rank= 63 Lx=Ly=10 pg= 0.100 ids= 471 TEE= 0 R2x= 0.000 R2z= 0.878 R2x_loop= 0.000 R2z_loop= 1.000  dep_x=10.000 dep_z= 0.000
rank=116 Lx=Ly=10 pg= 0.100 ids= 524 TEE= 0 R2x= 0.000 R2z= 0.900 R2x_loop= 0.000 R2z_loop= 1.000  dep_x=10.000 dep_z= 0.000
rank=118 Lx=Ly=10 pg= 0.100 ids= 526 TEE= 0 R2x= 0.000 R2z= 0.978 R2x_loop= 0.000 R2z_loop= 1.000  dep_x=10.000 dep_z= 0.000
rank= 95 Lx=Ly=10 pg= 0.100 ids= 503 TEE= 0 R2x= 0.000 R2z= 1.000 R2x_loop= 0.000 R2z_loop= 1.000  dep_x=10.000 dep_z= 0.000
rank= 32 Lx=Ly=10 pg= 0.100 ids= 440 TEE= 0 R2x= 0.000 R2z= 1.000 R2x_loop= 0.000 R2z_loop= 1.000  dep_x=10.000 dep_z= 0.000
rank=121 Lx=Ly=10 pg= 0.100 ids= 273 TEE= 0 R2x= 0.000 R2z= 0.989 R2x_loop= 0.000 R2z_loop= 1.000  dep_x=10.000 dep_z= 0.000
rank=123 Lx=Ly=10 pg= 0.100 ids= 403 TEE= 0 R2x= 0.000 R2z= 0.967 R2x_loop= 0.000 R2z_loop= 1.000  dep_x=10.000 dep_z= 0.000
rank= 10 Lx=Ly=10 pg= 0.100 ids= 162 TEE= 0 R2x= 0.000 R2z= 0.889 R2x_loop= 0.000 R2z_loop= 1.000  dep_x=10.000 dep_z= 0.000
rank= 24 Lx=Ly=10 pg= 0.100 ids= 432 TEE= 0 R2x= 0.000 R2z= 0.867 R2x_loop= 0.000 R2z_loop= 1.000  dep_x=10.000 dep_z= 0.000
rank= 88 Lx=Ly=10 pg= 0.100 ids= 368 TEE= 0 R2x= 0.000 R2z= 0.989 R2x_loop= 0.000 R2z_loop= 1.000  dep_x=10.000 dep_z= 0.000
rank= 28 Lx=Ly=10 pg= 0.100 ids= 436 TEE= 0 R2x= 0.000 R2z= 0.956 R2x_loop= 0.000 R2z_loop= 1.000  dep_x=10.000 dep_z= 0.000
rank= 65 Lx=Ly=10 pg= 0.100 ids= 345 TEE= 0 R2x= 0.000 R2z= 0.978 R2x_loop= 0.000 R2z_loop= 1.000  dep_x=10.000 dep_z= 0.000
rank=114 Lx=Ly=10 pg= 0.100 ids= 522 TEE= 0 R2x= 0.000 R2z= 0.967 R2x_loop= 0.000 R2z_loop= 1.000  dep_x=10.000 dep_z= 0.000
rank= 43 Lx=Ly=10 pg= 0.100 ids= 451 TEE= 0 R2x= 0.000 R2z= 0.989 R2x_loop= 0.000 R2z_loop= 1.000  dep_x=10.000 dep_z= 0.000
rank= 99 Lx=Ly=10 pg= 0.100 ids= 507 TEE= 0 R2x= 0.000 R2z= 0.889 R2x_loop= 0.000 R2z_loop= 1.000  dep_x=10.000 dep_z= 0.000
rank= 53 Lx=Ly=10 pg= 0.100 ids= 333 TEE= 0 R2x= 0.000 R2z= 1.000 R2x_loop= 0.000 R2z_loop= 1.000  dep_x=10.000 dep_z= 0.000
rank= 97 Lx=Ly=10 pg= 0.100 ids= 505 TEE= 0 R2x= 0.000 R2z= 0.956 R2x_loop= 0.000 R2z_loop= 1.000  dep_x=10.000 dep_z= 0.000
rank= 38 Lx=Ly=10 pg= 0.100 ids= 446 TEE= 0 R2x= 0.000 R2z= 0.989 R2x_loop= 0.000 R2z_loop= 1.000  dep_x=10.000 dep_z= 0.000
rank= 30 Lx=Ly=10 pg= 0.100 ids= 182 TEE= 0 R2x= 0.000 R2z= 0.967 R2x_loop= 0.000 R2z_loop= 1.000  dep_x=10.000 dep_z= 0.000
rank= 37 Lx=Ly=10 pg= 0.100 ids= 573 TEE= 0 R2x= 0.000 R2z= 0.978 R2x_loop= 0.000 R2z_loop= 1.000  dep_x=10.000 dep_z= 0.000
rank=109 Lx=Ly=10 pg= 0.100 ids= 645 TEE= 0 R2x= 0.000 R2z= 0.967 R2x_loop= 0.000 R2z_loop= 1.000  dep_x=10.000 dep_z= 0.000
rank= 67 Lx=Ly=10 pg= 0.100 ids= 603 TEE= 0 R2x= 0.000 R2z= 0.989 R2x_loop= 0.000 R2z_loop= 1.000  dep_x=10.000 dep_z= 0.000
rank= 71 Lx=Ly=10 pg= 0.100 ids= 607 TEE= 0 R2x= 0.000 R2z= 0.956 R2x_loop= 0.000 R2z_loop= 1.000  dep_x=10.000 dep_z= 0.000
rank= 69 Lx=Ly=10 pg= 0.100 ids= 605 TEE= 0 R2x= 0.000 R2z= 0.956 R2x_loop= 0.000 R2z_loop= 1.000  dep_x=10.000 dep_z= 0.000
rank= 79 Lx=Ly=10 pg= 0.100 ids= 615 TEE= 0 R2x= 0.000 R2z= 0.967 R2x_loop= 0.000 R2z_loop= 1.000  dep_x=10.000 dep_z= 0.000
rank= 93 Lx=Ly=10 pg= 0.100 ids= 629 TEE= 0 R2x= 0.000 R2z= 0.944 R2x_loop= 0.000 R2z_loop= 1.000  dep_x=10.000 dep_z= 0.000
rank= 91 Lx=Ly=10 pg= 0.100 ids= 627 TEE= 0 R2x= 0.000 R2z= 0.967 R2x_loop= 0.000 R2z_loop= 1.000  dep_x=10.000 dep_z= 0.000
rank=101 Lx=Ly=10 pg= 0.100 ids= 509 TEE= 0 R2x= 0.000 R2z= 0.989 R2x_loop= 0.000 R2z_loop= 1.000  dep_x=10.000 dep_z= 0.000
rank= 75 Lx=Ly=10 pg= 0.100 ids= 611 TEE= 0 R2x= 0.000 R2z= 0.933 R2x_loop= 0.000 R2z_loop= 1.000  dep_x=10.000 dep_z= 0.000
rank= 87 Lx=Ly=10 pg= 0.100 ids= 623 TEE= 0 R2x= 0.000 R2z= 0.944 R2x_loop= 0.000 R2z_loop= 1.000  dep_x=10.000 dep_z= 0.000
rank= 89 Lx=Ly=10 pg= 0.100 ids= 625 TEE= 0 R2x= 0.000 R2z= 0.933 R2x_loop= 0.000 R2z_loop= 1.000  dep_x=10.000 dep_z= 0.000
rank= 85 Lx=Ly=10 pg= 0.100 ids= 621 TEE= 0 R2x= 0.000 R2z= 0.956 R2x_loop= 0.000 R2z_loop= 1.000  dep_x=10.000 dep_z= 0.000
rank= 31 Lx=Ly=10 pg= 0.100 ids= 183 TEE= 0 R2x= 0.000 R2z= 0.878 R2x_loop= 0.000 R2z_loop= 1.000  dep_x=10.000 dep_z= 0.000
rank= 39 Lx=Ly=10 pg= 0.100 ids= 575 TEE= 0 R2x= 0.000 R2z= 0.889 R2x_loop= 0.000 R2z_loop= 1.000  dep_x=10.000 dep_z= 0.000
rank= 61 Lx=Ly=10 pg= 0.100 ids= 597 TEE= 0 R2x= 0.000 R2z= 0.956 R2x_loop= 0.000 R2z_loop= 1.000  dep_x=10.000 dep_z= 0.000
rank=  5 Lx=Ly=10 pg= 0.100 ids= 541 TEE= 0 R2x= 0.000 R2z= 0.989 R2x_loop= 0.000 R2z_loop= 1.000  dep_x=10.000 dep_z= 0.000
rank= 35 Lx=Ly=10 pg= 0.100 ids= 571 TEE= 0 R2x= 0.000 R2z= 0.956 R2x_loop= 0.000 R2z_loop= 1.000  dep_x=10.000 dep_z= 0.000
rank=  1 Lx=Ly=10 pg= 0.100 ids= 537 TEE= 0 R2x= 0.000 R2z= 0.967 R2x_loop= 0.000 R2z_loop= 1.000  dep_x=10.000 dep_z= 0.000
rank=125 Lx=Ly=10 pg= 0.100 ids= 661 TEE= 0 R2x= 0.000 R2z= 0.956 R2x_loop= 0.000 R2z_loop= 1.000  dep_x=10.000 dep_z= 0.000
rank= 77 Lx=Ly=10 pg= 0.100 ids= 357 TEE= 0 R2x= 0.000 R2z= 0.989 R2x_loop= 0.000 R2z_loop= 1.000  dep_x=10.000 dep_z= 0.000
rank= 59 Lx=Ly=10 pg= 0.100 ids= 595 TEE= 0 R2x= 0.000 R2z= 0.944 R2x_loop= 0.000 R2z_loop= 1.000  dep_x=10.000 dep_z= 0.000
rank= 25 Lx=Ly=10 pg= 0.100 ids= 561 TEE= 0 R2x= 0.000 R2z= 1.000 R2x_loop= 0.000 R2z_loop= 1.000  dep_x=10.000 dep_z= 0.000
rank=  3 Lx=Ly=10 pg= 0.100 ids= 539 TEE= 0 R2x= 0.000 R2z= 1.000 R2x_loop= 0.000 R2z_loop= 1.000  dep_x=10.000 dep_z= 0.000
rank=105 Lx=Ly=10 pg= 0.100 ids= 641 TEE= 0 R2x= 0.000 R2z= 0.978 R2x_loop= 0.000 R2z_loop= 1.000  dep_x=10.000 dep_z= 0.000
rank= 17 Lx=Ly=10 pg= 0.100 ids= 553 TEE= 0 R2x= 0.000 R2z= 0.944 R2x_loop= 0.000 R2z_loop= 1.000  dep_x=10.000 dep_z= 0.000
rank= 21 Lx=Ly=10 pg= 0.100 ids= 557 TEE= 0 R2x= 0.000 R2z= 1.000 R2x_loop= 0.000 R2z_loop= 1.000  dep_x=10.000 dep_z= 0.000
rank=110 Lx=Ly=10 pg= 0.100 ids= 518 TEE= 0 R2x= 0.000 R2z= 0.989 R2x_loop= 0.000 R2z_loop= 1.000  dep_x=10.000 dep_z= 0.000
rank= 23 Lx=Ly=10 pg= 0.100 ids= 559 TEE= 0 R2x= 0.000 R2z= 0.978 R2x_loop= 0.000 R2z_loop= 1.000  dep_x=10.000 dep_z= 0.000
rank= 73 Lx=Ly=10 pg= 0.100 ids= 609 TEE= 0 R2x= 0.000 R2z= 0.978 R2x_loop= 0.000 R2z_loop= 1.000  dep_x=10.000 dep_z= 0.000
rank=115 Lx=Ly=10 pg= 0.100 ids= 651 TEE= 0 R2x= 0.000 R2z= 0.978 R2x_loop= 0.000 R2z_loop= 1.000  dep_x=10.000 dep_z= 0.000
rank= 49 Lx=Ly=10 pg= 0.100 ids= 585 TEE= 0 R2x= 0.000 R2z= 0.967 R2x_loop= 0.000 R2z_loop= 1.000  dep_x=10.000 dep_z= 0.000
rank= 86 Lx=Ly=10 pg= 0.100 ids= 494 TEE= 0 R2x= 0.000 R2z= 0.978 R2x_loop= 0.000 R2z_loop= 1.000  dep_x=10.000 dep_z= 0.000
rank= 33 Lx=Ly=10 pg= 0.100 ids= 569 TEE= 0 R2x= 0.000 R2z= 0.956 R2x_loop= 0.000 R2z_loop= 1.000  dep_x=10.000 dep_z= 0.000
rank=103 Lx=Ly=10 pg= 0.100 ids= 639 TEE= 0 R2x= 0.000 R2z= 0.956 R2x_loop= 0.000 R2z_loop= 1.000  dep_x=10.000 dep_z= 0.000
rank= 29 Lx=Ly=10 pg= 0.100 ids= 181 TEE= 0 R2x= 0.000 R2z= 0.978 R2x_loop= 0.000 R2z_loop= 1.000  dep_x=10.000 dep_z= 0.000
rank= 55 Lx=Ly=10 pg= 0.100 ids= 591 TEE= 0 R2x= 0.000 R2z= 0.967 R2x_loop= 0.000 R2z_loop= 1.000  dep_x=10.000 dep_z= 0.000
rank=117 Lx=Ly=10 pg= 0.100 ids= 653 TEE= 0 R2x= 0.000 R2z= 0.967 R2x_loop= 0.000 R2z_loop= 1.000  dep_x=10.000 dep_z= 0.000
rank= 19 Lx=Ly=10 pg= 0.100 ids= 555 TEE= 0 R2x= 0.000 R2z= 0.867 R2x_loop= 0.000 R2z_loop= 1.000  dep_x=10.000 dep_z= 0.000
rank=119 Lx=Ly=10 pg= 0.100 ids= 655 TEE= 0 R2x= 0.000 R2z= 0.989 R2x_loop= 0.000 R2z_loop= 1.000  dep_x=10.000 dep_z= 0.000
rank= 51 Lx=Ly=10 pg= 0.100 ids= 587 TEE= 0 R2x= 0.000 R2z= 0.978 R2x_loop= 0.000 R2z_loop= 1.000  dep_x=10.000 dep_z= 0.000
rank= 13 Lx=Ly=10 pg= 0.100 ids= 549 TEE= 0 R2x= 0.000 R2z= 0.978 R2x_loop= 0.000 R2z_loop= 1.000  dep_x=10.000 dep_z= 0.000
rank= 41 Lx=Ly=10 pg= 0.100 ids= 577 TEE= 0 R2x= 0.000 R2z= 0.856 R2x_loop= 0.000 R2z_loop= 1.000  dep_x=10.000 dep_z= 0.000
rank= 15 Lx=Ly=10 pg= 0.100 ids= 551 TEE= 0 R2x= 0.000 R2z= 0.967 R2x_loop= 0.000 R2z_loop= 1.000  dep_x=10.000 dep_z= 0.000
rank=113 Lx=Ly=10 pg= 0.100 ids= 649 TEE= 0 R2x= 0.000 R2z= 0.978 R2x_loop= 0.000 R2z_loop= 1.000  dep_x=10.000 dep_z= 0.000
rank=  9 Lx=Ly=10 pg= 0.100 ids= 545 TEE= 0 R2x= 0.000 R2z= 0.889 R2x_loop= 0.000 R2z_loop= 1.000  dep_x=10.000 dep_z= 0.000
rank=107 Lx=Ly=10 pg= 0.100 ids= 259 TEE= 0 R2x= 0.000 R2z= 0.967 R2x_loop= 0.000 R2z_loop= 1.000  dep_x=10.000 dep_z= 0.000
rank= 68 Lx=Ly=10 pg= 0.100 ids= 476 TEE= 0 R2x= 0.000 R2z= 0.956 R2x_loop= 0.000 R2z_loop= 1.000  dep_x=10.000 dep_z= 0.000
rank=  2 Lx=Ly=10 pg= 0.100 ids= 282 TEE= 0 R2x= 0.000 R2z= 0.967 R2x_loop= 0.000 R2z_loop= 1.000  dep_x=10.000 dep_z= 0.000
rank= 64 Lx=Ly=10 pg= 0.100 ids= 472 TEE= 0 R2x= 0.000 R2z= 0.844 R2x_loop= 0.000 R2z_loop= 1.000  dep_x=10.000 dep_z= 0.000
rank=  7 Lx=Ly=10 pg= 0.100 ids= 159 TEE= 0 R2x= 0.000 R2z= 0.989 R2x_loop= 0.000 R2z_loop= 1.000  dep_x=10.000 dep_z= 0.000
rank= 22 Lx=Ly=10 pg= 0.100 ids= 302 TEE= 0 R2x= 0.000 R2z= 0.867 R2x_loop= 0.000 R2z_loop= 1.000  dep_x=10.000 dep_z= 0.000
rank= 27 Lx=Ly=10 pg= 0.100 ids= 563 TEE= 0 R2x= 0.000 R2z= 0.978 R2x_loop= 0.000 R2z_loop= 1.000  dep_x=10.000 dep_z= 0.000
rank=  6 Lx=Ly=10 pg= 0.100 ids= 158 TEE= 0 R2x= 0.000 R2z= 1.000 R2x_loop= 0.000 R2z_loop= 1.000  dep_x=10.000 dep_z= 0.000
rank= 98 Lx=Ly=10 pg= 0.100 ids= 506 TEE= 0 R2x= 0.000 R2z= 0.978 R2x_loop= 0.000 R2z_loop= 1.000  dep_x=10.000 dep_z= 0.000
rank=127 Lx=Ly=10 pg= 0.100 ids= 663 TEE= 0 R2x= 0.000 R2z= 0.878 R2x_loop= 0.000 R2z_loop= 1.000  dep_x=10.000 dep_z= 0.000
rank= 11 Lx=Ly=10 pg= 0.100 ids= 419 TEE= 0 R2x= 0.000 R2z= 0.956 R2x_loop= 0.000 R2z_loop= 1.000  dep_x=10.000 dep_z= 0.000
rank= 36 Lx=Ly=10 pg= 0.100 ids= 316 TEE= 0 R2x= 0.000 R2z= 0.678 R2x_loop= 0.000 R2z_loop= 1.000  dep_x=10.000 dep_z= 0.000
rank=111 Lx=Ly=10 pg= 0.100 ids= 391 TEE= 0 R2x= 0.000 R2z= 0.989 R2x_loop= 0.000 R2z_loop= 1.000  dep_x=10.000 dep_z= 0.000
rank= 45 Lx=Ly=10 pg= 0.100 ids= 581 TEE= 0 R2x= 0.000 R2z= 0.978 R2x_loop= 0.000 R2z_loop= 1.000  dep_x=10.000 dep_z= 0.000
rank=  4 Lx=Ly=10 pg= 0.100 ids= 540 TEE= 0 R2x= 0.000 R2z= 0.933 R2x_loop= 0.000 R2z_loop= 1.000  dep_x=10.000 dep_z= 0.000
rank= 48 Lx=Ly=10 pg= 0.100 ids= 584 TEE= 0 R2x= 0.000 R2z= 0.889 R2x_loop= 0.000 R2z_loop= 1.000  dep_x=10.000 dep_z= 0.000
rank= 16 Lx=Ly=10 pg= 0.100 ids= 552 TEE= 0 R2x= 0.000 R2z= 0.978 R2x_loop= 0.000 R2z_loop= 1.000  dep_x=10.000 dep_z= 0.000
rank= 18 Lx=Ly=10 pg= 0.100 ids= 554 TEE= 0 R2x= 0.000 R2z= 0.967 R2x_loop= 0.000 R2z_loop= 1.000  dep_x=10.000 dep_z= 0.000
rank= 92 Lx=Ly=10 pg= 0.100 ids= 628 TEE= 0 R2x= 0.000 R2z= 0.933 R2x_loop= 0.000 R2z_loop= 1.000  dep_x=10.000 dep_z= 0.000
rank= 14 Lx=Ly=10 pg= 0.100 ids= 550 TEE= 0 R2x= 0.000 R2z= 0.978 R2x_loop= 0.000 R2z_loop= 1.000  dep_x=10.000 dep_z= 0.000
rank= 26 Lx=Ly=10 pg= 0.100 ids= 562 TEE= 0 R2x= 0.000 R2z= 0.978 R2x_loop= 0.000 R2z_loop= 1.000  dep_x=10.000 dep_z= 0.000
rank=  8 Lx=Ly=10 pg= 0.100 ids= 544 TEE= 0 R2x= 0.000 R2z= 1.000 R2x_loop= 0.000 R2z_loop= 1.000  dep_x=10.000 dep_z= 0.000
rank= 50 Lx=Ly=10 pg= 0.100 ids= 330 TEE= 0 R2x= 0.000 R2z= 0.967 R2x_loop= 0.000 R2z_loop= 1.000  dep_x=10.000 dep_z= 0.000
rank= 76 Lx=Ly=10 pg= 0.100 ids= 612 TEE= 0 R2x= 0.000 R2z= 1.000 R2x_loop= 0.000 R2z_loop= 1.000  dep_x=10.000 dep_z= 0.000
rank= 52 Lx=Ly=10 pg= 0.100 ids= 332 TEE= 0 R2x= 0.000 R2z= 0.867 R2x_loop= 0.000 R2z_loop= 1.000  dep_x=10.000 dep_z= 0.000
rank= 47 Lx=Ly=10 pg= 0.100 ids= 583 TEE= 0 R2x= 0.000 R2z= 0.944 R2x_loop= 0.000 R2z_loop= 1.000  dep_x=10.000 dep_z= 0.000
rank= 94 Lx=Ly=10 pg= 0.100 ids= 630 TEE= 0 R2x= 0.000 R2z= 0.956 R2x_loop= 0.000 R2z_loop= 1.000  dep_x=10.000 dep_z= 0.000
rank= 20 Lx=Ly=10 pg= 0.100 ids= 556 TEE= 0 R2x= 0.000 R2z= 0.989 R2x_loop= 0.000 R2z_loop= 1.000  dep_x=10.000 dep_z= 0.000
rank= 12 Lx=Ly=10 pg= 0.100 ids= 548 TEE= 0 R2x= 0.000 R2z= 0.989 R2x_loop= 0.000 R2z_loop= 1.000  dep_x=10.000 dep_z= 0.000
rank= 44 Lx=Ly=10 pg= 0.100 ids= 580 TEE= 0 R2x= 0.000 R2z= 0.978 R2x_loop= 0.000 R2z_loop= 1.000  dep_x=10.000 dep_z= 0.000
rank= 42 Lx=Ly=10 pg= 0.100 ids= 578 TEE= 0 R2x= 0.000 R2z= 0.878 R2x_loop= 0.000 R2z_loop= 1.000  dep_x=10.000 dep_z= 0.000
rank= 78 Lx=Ly=10 pg= 0.100 ids= 614 TEE= 0 R2x= 0.000 R2z= 0.956 R2x_loop= 0.000 R2z_loop= 1.000  dep_x=10.000 dep_z= 0.000
rank= 34 Lx=Ly=10 pg= 0.100 ids= 570 TEE= 0 R2x= 0.000 R2z= 0.900 R2x_loop= 0.000 R2z_loop= 1.000  dep_x=10.000 dep_z= 0.000
rank= 56 Lx=Ly=10 pg= 0.100 ids= 592 TEE= 0 R2x= 0.000 R2z= 0.967 R2x_loop= 0.000 R2z_loop= 1.000  dep_x=10.000 dep_z= 0.000
rank= 70 Lx=Ly=10 pg= 0.100 ids= 606 TEE= 0 R2x= 0.000 R2z= 0.989 R2x_loop= 0.000 R2z_loop= 1.000  dep_x=10.000 dep_z= 0.000
rank= 80 Lx=Ly=10 pg= 0.100 ids= 616 TEE= 0 R2x= 0.000 R2z= 1.000 R2x_loop= 0.000 R2z_loop= 1.000  dep_x=10.000 dep_z= 0.000
rank= 74 Lx=Ly=10 pg= 0.100 ids= 610 TEE= 0 R2x= 0.000 R2z= 0.856 R2x_loop= 0.000 R2z_loop= 1.000  dep_x=10.000 dep_z= 0.000
rank= 90 Lx=Ly=10 pg= 0.100 ids= 626 TEE= 0 R2x= 0.000 R2z= 0.889 R2x_loop= 0.000 R2z_loop= 1.000  dep_x=10.000 dep_z= 0.000
rank= 62 Lx=Ly=10 pg= 0.100 ids= 598 TEE= 0 R2x= 0.000 R2z= 0.967 R2x_loop= 0.000 R2z_loop= 1.000  dep_x=10.000 dep_z= 0.000
rank= 40 Lx=Ly=10 pg= 0.100 ids= 576 TEE= 0 R2x= 0.000 R2z= 0.944 R2x_loop= 0.000 R2z_loop= 1.000  dep_x=10.000 dep_z= 0.000
rank= 82 Lx=Ly=10 pg= 0.100 ids= 490 TEE= 0 R2x= 0.000 R2z= 0.956 R2x_loop= 0.000 R2z_loop= 1.000  dep_x=10.000 dep_z= 0.000
rank=108 Lx=Ly=10 pg= 0.100 ids= 644 TEE= 0 R2x= 0.000 R2z= 0.922 R2x_loop= 0.000 R2z_loop= 1.000  dep_x=10.000 dep_z= 0.000
rank=  0 Lx=Ly=10 pg= 0.100 ids= 536 TEE= 0 R2x= 0.000 R2z= 0.978 R2x_loop= 0.000 R2z_loop= 1.000  dep_x=10.000 dep_z= 0.000
rank= 84 Lx=Ly=10 pg= 0.100 ids= 620 TEE= 0 R2x= 0.000 R2z= 0.956 R2x_loop= 0.000 R2z_loop= 1.000  dep_x=10.000 dep_z= 0.000
rank= 60 Lx=Ly=10 pg= 0.100 ids= 596 TEE= 0 R2x= 0.000 R2z= 0.789 R2x_loop= 0.000 R2z_loop= 1.000  dep_x=10.000 dep_z= 0.000
rank= 57 Lx=Ly=10 pg= 0.100 ids= 593 TEE= 0 R2x= 0.000 R2z= 0.967 R2x_loop= 0.000 R2z_loop= 1.000  dep_x=10.000 dep_z= 0.000
rank= 72 Lx=Ly=10 pg= 0.100 ids= 608 TEE= 0 R2x= 0.000 R2z= 0.956 R2x_loop= 0.000 R2z_loop= 1.000  dep_x=10.000 dep_z= 0.000
rank= 58 Lx=Ly=10 pg= 0.100 ids= 594 TEE= 0 R2x= 0.000 R2z= 0.978 R2x_loop= 0.000 R2z_loop= 1.000  dep_x=10.000 dep_z= 0.000
rank=106 Lx=Ly=10 pg= 0.100 ids= 642 TEE= 0 R2x= 0.000 R2z= 0.989 R2x_loop= 0.000 R2z_loop= 1.000  dep_x=10.000 dep_z= 0.000
rank=102 Lx=Ly=10 pg= 0.100 ids= 638 TEE= 0 R2x= 0.000 R2z= 0.967 R2x_loop= 0.000 R2z_loop= 1.000  dep_x=10.000 dep_z= 0.000
rank=100 Lx=Ly=10 pg= 0.100 ids= 636 TEE= 0 R2x= 0.000 R2z= 0.967 R2x_loop= 0.000 R2z_loop= 1.000  dep_x=10.000 dep_z= 0.000
rank= 46 Lx=Ly=10 pg= 0.100 ids= 582 TEE= 0 R2x= 0.000 R2z= 0.978 R2x_loop= 0.000 R2z_loop= 1.000  dep_x=10.000 dep_z= 0.000
rank=104 Lx=Ly=10 pg= 0.100 ids= 640 TEE= 0 R2x= 0.000 R2z= 0.989 R2x_loop= 0.000 R2z_loop= 1.000  dep_x=10.000 dep_z= 0.000
rank= 83 Lx=Ly=10 pg= 0.100 ids= 491 TEE= 0 R2x= 0.000 R2z= 1.000 R2x_loop= 0.000 R2z_loop= 1.000  dep_x=10.000 dep_z= 0.000
rank= 66 Lx=Ly=10 pg= 0.100 ids= 602 TEE= 0 R2x= 0.000 R2z= 0.956 R2x_loop= 0.000 R2z_loop= 1.000  dep_x=10.000 dep_z= 0.000
rank= 63 Lx=Ly=10 pg= 0.100 ids= 599 TEE= 0 R2x= 0.000 R2z= 0.967 R2x_loop= 0.000 R2z_loop= 1.000  dep_x=10.000 dep_z= 0.000
rank=126 Lx=Ly=10 pg= 0.100 ids= 662 TEE= 0 R2x= 0.000 R2z= 0.889 R2x_loop= 0.000 R2z_loop= 1.000  dep_x=10.000 dep_z= 0.000
rank=120 Lx=Ly=10 pg= 0.100 ids= 656 TEE= 0 R2x= 0.000 R2z= 0.889 R2x_loop= 0.000 R2z_loop= 1.000  dep_x=10.000 dep_z= 0.000
rank=122 Lx=Ly=10 pg= 0.100 ids= 658 TEE= 0 R2x= 0.000 R2z= 0.878 R2x_loop= 0.000 R2z_loop= 1.000  dep_x=10.000 dep_z= 0.000
rank=112 Lx=Ly=10 pg= 0.100 ids= 648 TEE= 0 R2x= 0.000 R2z= 0.978 R2x_loop= 0.000 R2z_loop= 1.000  dep_x=10.000 dep_z= 0.000
rank= 96 Lx=Ly=10 pg= 0.100 ids= 632 TEE= 0 R2x= 0.000 R2z= 0.944 R2x_loop= 0.000 R2z_loop= 1.000  dep_x=10.000 dep_z= 0.000
rank=124 Lx=Ly=10 pg= 0.100 ids= 660 TEE= 0 R2x= 0.000 R2z= 0.956 R2x_loop= 0.000 R2z_loop= 1.000  dep_x=10.000 dep_z= 0.000
rank= 95 Lx=Ly=10 pg= 0.100 ids= 631 TEE= 0 R2x= 0.000 R2z= 0.989 R2x_loop= 0.000 R2z_loop= 1.000  dep_x=10.000 dep_z= 0.000
rank=116 Lx=Ly=10 pg= 0.100 ids= 652 TEE= 0 R2x= 0.000 R2z= 0.989 R2x_loop= 0.000 R2z_loop= 1.000  dep_x=10.000 dep_z= 0.000
rank= 32 Lx=Ly=10 pg= 0.100 ids= 568 TEE= 0 R2x= 0.000 R2z= 1.000 R2x_loop= 0.000 R2z_loop= 1.000  dep_x=10.000 dep_z= 0.000
rank=118 Lx=Ly=10 pg= 0.100 ids= 654 TEE= 0 R2x= 0.000 R2z= 0.978 R2x_loop= 0.000 R2z_loop= 1.000  dep_x=10.000 dep_z= 0.000
rank=121 Lx=Ly=10 pg= 0.100 ids= 401 TEE= 0 R2x= 0.000 R2z= 0.978 R2x_loop= 0.000 R2z_loop= 1.000  dep_x=10.000 dep_z= 0.000
rank= 24 Lx=Ly=10 pg= 0.100 ids= 560 TEE= 0 R2x= 0.000 R2z= 0.856 R2x_loop= 0.000 R2z_loop= 1.000  dep_x=10.000 dep_z= 0.000
rank= 28 Lx=Ly=10 pg= 0.100 ids= 564 TEE= 0 R2x= 0.000 R2z= 0.989 R2x_loop= 0.000 R2z_loop= 1.000  dep_x=10.000 dep_z= 0.000
rank=123 Lx=Ly=10 pg= 0.100 ids= 531 TEE= 0 R2x= 0.000 R2z= 0.967 R2x_loop= 0.000 R2z_loop= 1.000  dep_x=10.000 dep_z= 0.000
rank=114 Lx=Ly=10 pg= 0.100 ids= 650 TEE= 0 R2x= 0.000 R2z= 0.956 R2x_loop= 0.000 R2z_loop= 1.000  dep_x=10.000 dep_z= 0.000
rank= 10 Lx=Ly=10 pg= 0.100 ids= 290 TEE= 0 R2x= 0.000 R2z= 0.967 R2x_loop= 0.000 R2z_loop= 1.000  dep_x=10.000 dep_z= 0.000
rank= 43 Lx=Ly=10 pg= 0.100 ids= 579 TEE= 0 R2x= 0.000 R2z= 0.867 R2x_loop= 0.000 R2z_loop= 1.000  dep_x=10.000 dep_z= 0.000
rank= 99 Lx=Ly=10 pg= 0.100 ids= 635 TEE= 0 R2x= 0.000 R2z= 0.989 R2x_loop= 0.000 R2z_loop= 1.000  dep_x=10.000 dep_z= 0.000
rank= 97 Lx=Ly=10 pg= 0.100 ids= 633 TEE= 0 R2x= 0.000 R2z= 0.867 R2x_loop= 0.000 R2z_loop= 1.000  dep_x=10.000 dep_z= 0.000
rank= 54 Lx=Ly=10 pg= 0.100 ids= 334 TEE= 0 R2x= 0.000 R2z= 0.889 R2x_loop= 0.000 R2z_loop= 1.000  dep_x=10.000 dep_z= 0.000
rank= 37 Lx=Ly=10 pg= 0.100 ids= 701 TEE= 0 R2x= 0.000 R2z= 0.967 R2x_loop= 0.000 R2z_loop= 1.000  dep_x=10.000 dep_z= 0.000
rank=109 Lx=Ly=10 pg= 0.100 ids= 773 TEE= 0 R2x= 0.000 R2z= 0.978 R2x_loop= 0.000 R2z_loop= 1.000  dep_x=10.000 dep_z= 0.000
rank= 67 Lx=Ly=10 pg= 0.100 ids= 731 TEE= 0 R2x= 0.000 R2z= 0.944 R2x_loop= 0.000 R2z_loop= 1.000  dep_x=10.000 dep_z= 0.000
rank= 69 Lx=Ly=10 pg= 0.100 ids= 733 TEE= 0 R2x= 0.000 R2z= 0.989 R2x_loop= 0.000 R2z_loop= 1.000  dep_x=10.000 dep_z= 0.000
rank= 93 Lx=Ly=10 pg= 0.100 ids= 757 TEE= 0 R2x= 0.000 R2z= 0.967 R2x_loop= 0.000 R2z_loop= 1.000  dep_x=10.000 dep_z= 0.000
rank= 79 Lx=Ly=10 pg= 0.100 ids= 743 TEE= 0 R2x= 0.000 R2z= 0.978 R2x_loop= 0.000 R2z_loop= 1.000  dep_x=10.000 dep_z= 0.000
rank= 38 Lx=Ly=10 pg= 0.100 ids= 574 TEE= 0 R2x= 0.000 R2z= 0.967 R2x_loop= 0.000 R2z_loop= 1.000  dep_x=10.000 dep_z= 0.000
rank= 71 Lx=Ly=10 pg= 0.100 ids= 735 TEE= 0 R2x= 0.000 R2z= 0.978 R2x_loop= 0.000 R2z_loop= 1.000  dep_x=10.000 dep_z= 0.000
rank= 91 Lx=Ly=10 pg= 0.100 ids= 755 TEE= 0 R2x= 0.000 R2z= 1.000 R2x_loop= 0.000 R2z_loop= 1.000  dep_x=10.000 dep_z= 0.000
rank= 88 Lx=Ly=10 pg= 0.100 ids= 496 TEE= 0 R2x= 0.000 R2z= 0.978 R2x_loop= 0.000 R2z_loop= 1.000  dep_x=10.000 dep_z= 0.000
rank= 87 Lx=Ly=10 pg= 0.100 ids= 751 TEE= 0 R2x= 0.000 R2z= 0.967 R2x_loop= 0.000 R2z_loop= 1.000  dep_x=10.000 dep_z= 0.000
rank= 75 Lx=Ly=10 pg= 0.100 ids= 739 TEE= 0 R2x= 0.000 R2z= 0.967 R2x_loop= 0.000 R2z_loop= 1.000  dep_x=10.000 dep_z= 0.000
rank= 89 Lx=Ly=10 pg= 0.100 ids= 753 TEE= 0 R2x= 0.000 R2z= 0.978 R2x_loop= 0.000 R2z_loop= 1.000  dep_x=10.000 dep_z= 0.000
rank= 85 Lx=Ly=10 pg= 0.100 ids= 749 TEE= 0 R2x= 0.000 R2z= 0.989 R2x_loop= 0.000 R2z_loop= 1.000  dep_x=10.000 dep_z= 0.000
rank=  5 Lx=Ly=10 pg= 0.100 ids= 669 TEE= 0 R2x= 0.000 R2z= 0.856 R2x_loop= 0.000 R2z_loop= 1.000  dep_x=10.000 dep_z= 0.000
rank= 39 Lx=Ly=10 pg= 0.100 ids= 703 TEE= 0 R2x= 0.000 R2z= 0.967 R2x_loop= 0.000 R2z_loop= 1.000  dep_x=10.000 dep_z= 0.000
rank= 61 Lx=Ly=10 pg= 0.100 ids= 725 TEE= 0 R2x= 0.000 R2z= 0.933 R2x_loop= 0.000 R2z_loop= 1.000  dep_x=10.000 dep_z= 0.000
rank=125 Lx=Ly=10 pg= 0.100 ids= 789 TEE= 0 R2x= 0.000 R2z= 0.989 R2x_loop= 0.000 R2z_loop= 1.000  dep_x=10.000 dep_z= 0.000
rank=  1 Lx=Ly=10 pg= 0.100 ids= 665 TEE= 0 R2x= 0.000 R2z= 0.956 R2x_loop= 0.000 R2z_loop= 1.000  dep_x=10.000 dep_z= 0.000
rank=105 Lx=Ly=10 pg= 0.100 ids= 769 TEE= 0 R2x= 0.000 R2z= 0.956 R2x_loop= 0.000 R2z_loop= 1.000  dep_x=10.000 dep_z= 0.000
rank= 35 Lx=Ly=10 pg= 0.100 ids= 699 TEE= 0 R2x= 0.000 R2z= 0.789 R2x_loop= 0.000 R2z_loop= 1.000  dep_x=10.000 dep_z= 0.000
rank= 65 Lx=Ly=10 pg= 0.100 ids= 473 TEE= 0 R2x= 0.000 R2z= 0.978 R2x_loop= 0.000 R2z_loop= 1.000  dep_x=10.000 dep_z= 0.000
rank=  3 Lx=Ly=10 pg= 0.100 ids= 667 TEE= 0 R2x= 0.000 R2z= 0.978 R2x_loop= 0.000 R2z_loop= 1.000  dep_x=10.000 dep_z= 0.000
rank= 59 Lx=Ly=10 pg= 0.100 ids= 723 TEE= 0 R2x= 0.000 R2z= 0.967 R2x_loop= 0.000 R2z_loop= 1.000  dep_x=10.000 dep_z= 0.000
rank= 25 Lx=Ly=10 pg= 0.100 ids= 689 TEE= 0 R2x= 0.000 R2z= 0.878 R2x_loop= 0.000 R2z_loop= 1.000  dep_x=10.000 dep_z= 0.000
rank= 17 Lx=Ly=10 pg= 0.100 ids= 681 TEE= 0 R2x= 0.000 R2z= 0.978 R2x_loop= 0.000 R2z_loop= 1.000  dep_x=10.000 dep_z= 0.000
rank= 21 Lx=Ly=10 pg= 0.100 ids= 685 TEE= 0 R2x= 0.000 R2z= 0.978 R2x_loop= 0.000 R2z_loop= 1.000  dep_x=10.000 dep_z= 0.000
rank=115 Lx=Ly=10 pg= 0.100 ids= 779 TEE= 0 R2x= 0.000 R2z= 0.978 R2x_loop= 0.000 R2z_loop= 1.000  dep_x=10.000 dep_z= 0.000
rank= 23 Lx=Ly=10 pg= 0.100 ids= 687 TEE= 0 R2x= 0.000 R2z= 0.956 R2x_loop= 0.000 R2z_loop= 1.000  dep_x=10.000 dep_z= 0.000
rank= 49 Lx=Ly=10 pg= 0.100 ids= 713 TEE= 0 R2x= 0.000 R2z= 0.989 R2x_loop= 0.000 R2z_loop= 1.000  dep_x=10.000 dep_z= 0.000
rank= 73 Lx=Ly=10 pg= 0.100 ids= 737 TEE= 0 R2x= 0.000 R2z= 0.956 R2x_loop= 0.000 R2z_loop= 1.000  dep_x=10.000 dep_z= 0.000
rank= 33 Lx=Ly=10 pg= 0.100 ids= 697 TEE= 0 R2x= 0.000 R2z= 0.878 R2x_loop= 0.000 R2z_loop= 1.000  dep_x=10.000 dep_z= 0.000
rank=117 Lx=Ly=10 pg= 0.100 ids= 781 TEE= 0 R2x= 0.000 R2z= 0.989 R2x_loop= 0.000 R2z_loop= 1.000  dep_x=10.000 dep_z= 0.000
rank= 55 Lx=Ly=10 pg= 0.100 ids= 719 TEE= 0 R2x= 0.000 R2z= 0.889 R2x_loop= 0.000 R2z_loop= 1.000  dep_x=10.000 dep_z= 0.000
rank= 13 Lx=Ly=10 pg= 0.100 ids= 677 TEE= 0 R2x= 0.000 R2z= 0.978 R2x_loop= 0.000 R2z_loop= 1.000  dep_x=10.000 dep_z= 0.000
rank= 19 Lx=Ly=10 pg= 0.100 ids= 683 TEE= 0 R2x= 0.000 R2z= 0.967 R2x_loop= 0.000 R2z_loop= 1.000  dep_x=10.000 dep_z= 0.000
rank= 51 Lx=Ly=10 pg= 0.100 ids= 715 TEE= 0 R2x= 0.000 R2z= 0.989 R2x_loop= 0.000 R2z_loop= 1.000  dep_x=10.000 dep_z= 0.000
rank=119 Lx=Ly=10 pg= 0.100 ids= 783 TEE= 0 R2x= 0.000 R2z= 1.000 R2x_loop= 0.000 R2z_loop= 1.000  dep_x=10.000 dep_z= 0.000
rank= 15 Lx=Ly=10 pg= 0.100 ids= 679 TEE= 0 R2x= 0.000 R2z= 0.844 R2x_loop= 0.000 R2z_loop= 1.000  dep_x=10.000 dep_z= 0.000
rank=113 Lx=Ly=10 pg= 0.100 ids= 777 TEE= 0 R2x= 0.000 R2z= 0.978 R2x_loop= 0.000 R2z_loop= 1.000  dep_x=10.000 dep_z= 0.000
rank=  9 Lx=Ly=10 pg= 0.100 ids= 673 TEE= 0 R2x= 0.000 R2z= 0.967 R2x_loop= 0.000 R2z_loop= 1.000  dep_x=10.000 dep_z= 0.000
rank= 41 Lx=Ly=10 pg= 0.100 ids= 705 TEE= 0 R2x= 0.000 R2z= 0.800 R2x_loop= 0.000 R2z_loop= 1.000  dep_x=10.000 dep_z= 0.000
rank= 77 Lx=Ly=10 pg= 0.100 ids= 485 TEE= 0 R2x= 0.000 R2z= 0.856 R2x_loop= 0.000 R2z_loop= 1.000  dep_x=10.000 dep_z= 0.000
rank= 31 Lx=Ly=10 pg= 0.100 ids= 311 TEE= 0 R2x= 0.000 R2z= 0.967 R2x_loop= 0.000 R2z_loop= 1.000  dep_x=10.000 dep_z= 0.000
rank= 86 Lx=Ly=10 pg= 0.100 ids= 622 TEE= 0 R2x= 0.000 R2z= 0.878 R2x_loop= 0.000 R2z_loop= 1.000  dep_x=10.000 dep_z= 0.000
rank=110 Lx=Ly=10 pg= 0.100 ids= 646 TEE= 0 R2x= 0.000 R2z= 0.956 R2x_loop= 0.000 R2z_loop= 1.000  dep_x=10.000 dep_z= 0.000
rank= 53 Lx=Ly=10 pg= 0.100 ids= 461 TEE= 0 R2x= 0.000 R2z= 0.967 R2x_loop= 0.000 R2z_loop= 1.000  dep_x=10.000 dep_z= 0.000
rank=107 Lx=Ly=10 pg= 0.100 ids= 387 TEE= 0 R2x= 0.000 R2z= 0.844 R2x_loop= 0.000 R2z_loop= 1.000  dep_x=10.000 dep_z= 0.000
rank=103 Lx=Ly=10 pg= 0.100 ids= 767 TEE= 0 R2x= 0.000 R2z= 0.989 R2x_loop= 0.000 R2z_loop= 1.000  dep_x=10.000 dep_z= 0.000
rank= 27 Lx=Ly=10 pg= 0.100 ids= 691 TEE= 0 R2x= 0.000 R2z= 0.878 R2x_loop= 0.000 R2z_loop= 1.000  dep_x=10.000 dep_z= 0.000
rank= 68 Lx=Ly=10 pg= 0.100 ids= 604 TEE= 0 R2x= 0.000 R2z= 0.989 R2x_loop= 0.000 R2z_loop= 1.000  dep_x=10.000 dep_z= 0.000
rank= 81 Lx=Ly=10 pg= 0.100 ids= 233 TEE= 0 R2x= 0.000 R2z= 0.878 R2x_loop= 0.000 R2z_loop= 1.000  dep_x=10.000 dep_z= 0.000
rank= 64 Lx=Ly=10 pg= 0.100 ids= 600 TEE= 0 R2x= 0.000 R2z= 0.889 R2x_loop= 0.000 R2z_loop= 1.000  dep_x=10.000 dep_z= 0.000
rank= 98 Lx=Ly=10 pg= 0.100 ids= 634 TEE= 0 R2x= 0.000 R2z= 0.944 R2x_loop= 0.000 R2z_loop= 1.000  dep_x=10.000 dep_z= 0.000
rank=101 Lx=Ly=10 pg= 0.100 ids= 637 TEE= 0 R2x= 0.000 R2z= 0.967 R2x_loop= 0.000 R2z_loop= 1.000  dep_x=10.000 dep_z= 0.000
rank=127 Lx=Ly=10 pg= 0.100 ids= 791 TEE= 0 R2x= 0.000 R2z= 0.878 R2x_loop= 0.000 R2z_loop= 1.000  dep_x=10.000 dep_z= 0.000
rank= 11 Lx=Ly=10 pg= 0.100 ids= 547 TEE= 0 R2x= 0.000 R2z= 0.978 R2x_loop= 0.000 R2z_loop= 1.000  dep_x=10.000 dep_z= 0.000
rank= 22 Lx=Ly=10 pg= 0.100 ids= 430 TEE= 0 R2x= 0.000 R2z= 0.933 R2x_loop= 0.000 R2z_loop= 1.000  dep_x=10.000 dep_z= 0.000
rank= 45 Lx=Ly=10 pg= 0.100 ids= 709 TEE= 0 R2x= 0.000 R2z= 0.956 R2x_loop= 0.000 R2z_loop= 1.000  dep_x=10.000 dep_z= 0.000
rank=  4 Lx=Ly=10 pg= 0.100 ids= 668 TEE= 0 R2x= 0.000 R2z= 0.978 R2x_loop= 0.000 R2z_loop= 1.000  dep_x=10.000 dep_z= 0.000
rank= 30 Lx=Ly=10 pg= 0.100 ids= 310 TEE= 0 R2x= 0.000 R2z= 0.978 R2x_loop= 0.000 R2z_loop= 1.000  dep_x=10.000 dep_z= 0.000
rank= 48 Lx=Ly=10 pg= 0.100 ids= 712 TEE= 0 R2x= 0.000 R2z= 1.000 R2x_loop= 0.000 R2z_loop= 1.000  dep_x=10.000 dep_z= 0.000
rank= 16 Lx=Ly=10 pg= 0.100 ids= 680 TEE= 0 R2x= 0.000 R2z= 0.989 R2x_loop= 0.000 R2z_loop= 1.000  dep_x=10.000 dep_z= 0.000
rank=  7 Lx=Ly=10 pg= 0.100 ids= 287 TEE= 0 R2x= 0.000 R2z= 0.978 R2x_loop= 0.000 R2z_loop= 1.000  dep_x=10.000 dep_z= 0.000
rank= 29 Lx=Ly=10 pg= 0.100 ids= 309 TEE= 0 R2x= 0.000 R2z= 0.989 R2x_loop= 0.000 R2z_loop= 1.000  dep_x=10.000 dep_z= 0.000
rank= 18 Lx=Ly=10 pg= 0.100 ids= 682 TEE= 0 R2x= 0.000 R2z= 0.967 R2x_loop= 0.000 R2z_loop= 1.000  dep_x=10.000 dep_z= 0.000
rank= 36 Lx=Ly=10 pg= 0.100 ids= 444 TEE= 0 R2x= 0.000 R2z= 0.978 R2x_loop= 0.000 R2z_loop= 1.000  dep_x=10.000 dep_z= 0.000
rank= 92 Lx=Ly=10 pg= 0.100 ids= 756 TEE= 0 R2x= 0.000 R2z= 0.878 R2x_loop= 0.000 R2z_loop= 1.000  dep_x=10.000 dep_z= 0.000
rank= 14 Lx=Ly=10 pg= 0.100 ids= 678 TEE= 0 R2x= 0.000 R2z= 0.989 R2x_loop= 0.000 R2z_loop= 1.000  dep_x=10.000 dep_z= 0.000
rank=  8 Lx=Ly=10 pg= 0.100 ids= 672 TEE= 0 R2x= 0.000 R2z= 1.000 R2x_loop= 0.000 R2z_loop= 1.000  dep_x=10.000 dep_z= 0.000
rank= 76 Lx=Ly=10 pg= 0.100 ids= 740 TEE= 0 R2x= 0.000 R2z= 1.000 R2x_loop= 0.000 R2z_loop= 1.000  dep_x=10.000 dep_z= 0.000
rank= 47 Lx=Ly=10 pg= 0.100 ids= 711 TEE= 0 R2x= 0.000 R2z= 0.944 R2x_loop= 0.000 R2z_loop= 1.000  dep_x=10.000 dep_z= 0.000
rank= 94 Lx=Ly=10 pg= 0.100 ids= 758 TEE= 0 R2x= 0.000 R2z= 0.878 R2x_loop= 0.000 R2z_loop= 1.000  dep_x=10.000 dep_z= 0.000
rank= 26 Lx=Ly=10 pg= 0.100 ids= 690 TEE= 0 R2x= 0.000 R2z= 0.967 R2x_loop= 0.000 R2z_loop= 1.000  dep_x=10.000 dep_z= 0.000
rank=111 Lx=Ly=10 pg= 0.100 ids= 519 TEE= 0 R2x= 0.000 R2z= 0.922 R2x_loop= 0.000 R2z_loop= 1.000  dep_x=10.000 dep_z= 0.000
rank= 12 Lx=Ly=10 pg= 0.100 ids= 676 TEE= 0 R2x= 0.000 R2z= 0.978 R2x_loop= 0.000 R2z_loop= 1.000  dep_x=10.000 dep_z= 0.000
rank=  6 Lx=Ly=10 pg= 0.100 ids= 286 TEE= 0 R2x= 0.000 R2z= 0.989 R2x_loop= 0.000 R2z_loop= 1.000  dep_x=10.000 dep_z= 0.000
rank= 34 Lx=Ly=10 pg= 0.100 ids= 698 TEE= 0 R2x= 0.000 R2z= 0.967 R2x_loop= 0.000 R2z_loop= 1.000  dep_x=10.000 dep_z= 0.000
rank= 44 Lx=Ly=10 pg= 0.100 ids= 708 TEE= 0 R2x= 0.000 R2z= 0.944 R2x_loop= 0.000 R2z_loop= 1.000  dep_x=10.000 dep_z= 0.000
rank= 20 Lx=Ly=10 pg= 0.100 ids= 684 TEE= 0 R2x= 0.000 R2z= 0.989 R2x_loop= 0.000 R2z_loop= 1.000  dep_x=10.000 dep_z= 0.000
rank= 78 Lx=Ly=10 pg= 0.100 ids= 742 TEE= 0 R2x= 0.000 R2z= 0.978 R2x_loop= 0.000 R2z_loop= 1.000  dep_x=10.000 dep_z= 0.000
rank= 56 Lx=Ly=10 pg= 0.100 ids= 720 TEE= 0 R2x= 0.000 R2z= 0.956 R2x_loop= 0.000 R2z_loop= 1.000  dep_x=10.000 dep_z= 0.000
rank= 42 Lx=Ly=10 pg= 0.100 ids= 706 TEE= 0 R2x= 0.000 R2z= 0.956 R2x_loop= 0.000 R2z_loop= 1.000  dep_x=10.000 dep_z= 0.000
rank= 70 Lx=Ly=10 pg= 0.100 ids= 734 TEE= 0 R2x= 0.000 R2z= 0.900 R2x_loop= 0.000 R2z_loop= 1.000  dep_x=10.000 dep_z= 0.000
rank= 90 Lx=Ly=10 pg= 0.100 ids= 754 TEE= 0 R2x= 0.000 R2z= 1.000 R2x_loop= 0.000 R2z_loop= 1.000  dep_x=10.000 dep_z= 0.000
rank= 74 Lx=Ly=10 pg= 0.100 ids= 738 TEE= 0 R2x= 0.000 R2z= 1.000 R2x_loop= 0.000 R2z_loop= 1.000  dep_x=10.000 dep_z= 0.000
rank= 62 Lx=Ly=10 pg= 0.100 ids= 726 TEE= 0 R2x= 0.000 R2z= 0.989 R2x_loop= 0.000 R2z_loop= 1.000  dep_x=10.000 dep_z= 0.000
rank= 80 Lx=Ly=10 pg= 0.100 ids= 744 TEE= 0 R2x= 0.000 R2z= 0.944 R2x_loop= 0.000 R2z_loop= 1.000  dep_x=10.000 dep_z= 0.000
rank=108 Lx=Ly=10 pg= 0.100 ids= 772 TEE= 0 R2x= 0.000 R2z= 0.967 R2x_loop= 0.000 R2z_loop= 1.000  dep_x=10.000 dep_z= 0.000
rank=  0 Lx=Ly=10 pg= 0.100 ids= 664 TEE= 0 R2x= 0.000 R2z= 0.967 R2x_loop= 0.000 R2z_loop= 1.000  dep_x=10.000 dep_z= 0.000
rank= 40 Lx=Ly=10 pg= 0.100 ids= 704 TEE= 0 R2x= 0.000 R2z= 0.989 R2x_loop= 0.000 R2z_loop= 1.000  dep_x=10.000 dep_z= 0.000
rank= 84 Lx=Ly=10 pg= 0.100 ids= 748 TEE= 0 R2x= 0.000 R2z= 0.889 R2x_loop= 0.000 R2z_loop= 1.000  dep_x=10.000 dep_z= 0.000
rank= 60 Lx=Ly=10 pg= 0.100 ids= 724 TEE= 0 R2x= 0.000 R2z= 0.967 R2x_loop= 0.000 R2z_loop= 1.000  dep_x=10.000 dep_z= 0.000
rank= 58 Lx=Ly=10 pg= 0.100 ids= 722 TEE= 0 R2x= 0.000 R2z= 0.978 R2x_loop= 0.000 R2z_loop= 1.000  dep_x=10.000 dep_z= 0.000
rank= 72 Lx=Ly=10 pg= 0.100 ids= 736 TEE= 0 R2x= 0.000 R2z= 0.867 R2x_loop= 0.000 R2z_loop= 1.000  dep_x=10.000 dep_z= 0.000
rank=106 Lx=Ly=10 pg= 0.100 ids= 770 TEE= 0 R2x= 0.000 R2z= 0.867 R2x_loop= 0.000 R2z_loop= 1.000  dep_x=10.000 dep_z= 0.000
rank= 63 Lx=Ly=10 pg= 0.100 ids= 727 TEE= 0 R2x= 0.000 R2z= 0.956 R2x_loop= 0.000 R2z_loop= 1.000  dep_x=10.000 dep_z= 0.000
rank=102 Lx=Ly=10 pg= 0.100 ids= 766 TEE= 0 R2x= 0.000 R2z= 0.889 R2x_loop= 0.000 R2z_loop= 1.000  dep_x=10.000 dep_z= 0.000
rank= 46 Lx=Ly=10 pg= 0.100 ids= 710 TEE= 0 R2x= 0.000 R2z= 0.989 R2x_loop= 0.000 R2z_loop= 1.000  dep_x=10.000 dep_z= 0.000
rank= 82 Lx=Ly=10 pg= 0.100 ids= 618 TEE= 0 R2x= 0.000 R2z= 0.878 R2x_loop= 0.000 R2z_loop= 1.000  dep_x=10.000 dep_z= 0.000
rank= 57 Lx=Ly=10 pg= 0.100 ids= 721 TEE= 0 R2x= 0.000 R2z= 0.978 R2x_loop= 0.000 R2z_loop= 1.000  dep_x=10.000 dep_z= 0.000
rank=100 Lx=Ly=10 pg= 0.100 ids= 764 TEE= 0 R2x= 0.000 R2z= 0.967 R2x_loop= 0.000 R2z_loop= 1.000  dep_x=10.000 dep_z= 0.000
rank=104 Lx=Ly=10 pg= 0.100 ids= 768 TEE= 0 R2x= 0.000 R2z= 0.956 R2x_loop= 0.000 R2z_loop= 1.000  dep_x=10.000 dep_z= 0.000
rank= 66 Lx=Ly=10 pg= 0.100 ids= 730 TEE= 0 R2x= 0.000 R2z= 0.978 R2x_loop= 0.000 R2z_loop= 1.000  dep_x=10.000 dep_z= 0.000
rank= 95 Lx=Ly=10 pg= 0.100 ids= 759 TEE= 0 R2x= 0.000 R2z= 0.978 R2x_loop= 0.000 R2z_loop= 1.000  dep_x=10.000 dep_z= 0.000
rank=126 Lx=Ly=10 pg= 0.100 ids= 790 TEE= 0 R2x= 0.000 R2z= 0.978 R2x_loop= 0.000 R2z_loop= 1.000  dep_x=10.000 dep_z= 0.000
rank=112 Lx=Ly=10 pg= 0.100 ids= 776 TEE= 0 R2x= 0.000 R2z= 0.967 R2x_loop= 0.000 R2z_loop= 1.000  dep_x=10.000 dep_z= 0.000
rank=120 Lx=Ly=10 pg= 0.100 ids= 784 TEE= 0 R2x= 0.000 R2z= 0.956 R2x_loop= 0.000 R2z_loop= 1.000  dep_x=10.000 dep_z= 0.000
rank=122 Lx=Ly=10 pg= 0.100 ids= 786 TEE= 0 R2x= 0.000 R2z= 0.978 R2x_loop= 0.000 R2z_loop= 1.000  dep_x=10.000 dep_z= 0.000
rank= 96 Lx=Ly=10 pg= 0.100 ids= 760 TEE= 0 R2x= 0.000 R2z= 0.956 R2x_loop= 0.000 R2z_loop= 1.000  dep_x=10.000 dep_z= 0.000
rank=124 Lx=Ly=10 pg= 0.100 ids= 788 TEE= 0 R2x= 0.000 R2z= 1.000 R2x_loop= 0.000 R2z_loop= 1.000  dep_x=10.000 dep_z= 0.000
rank= 32 Lx=Ly=10 pg= 0.100 ids= 696 TEE= 0 R2x= 0.000 R2z= 0.978 R2x_loop= 0.000 R2z_loop= 1.000  dep_x=10.000 dep_z= 0.000
rank=116 Lx=Ly=10 pg= 0.100 ids= 780 TEE= 0 R2x= 0.000 R2z= 0.989 R2x_loop= 0.000 R2z_loop= 1.000  dep_x=10.000 dep_z= 0.000
rank=  2 Lx=Ly=10 pg= 0.100 ids= 410 TEE= 0 R2x= 0.000 R2z= 0.778 R2x_loop= 0.000 R2z_loop= 1.000  dep_x=10.000 dep_z= 0.000
rank= 50 Lx=Ly=10 pg= 0.100 ids= 458 TEE= 0 R2x= 0.000 R2z= 0.978 R2x_loop= 0.000 R2z_loop= 1.000  dep_x=10.000 dep_z= 0.000
rank=118 Lx=Ly=10 pg= 0.100 ids= 782 TEE= 0 R2x= 0.000 R2z= 0.867 R2x_loop= 0.000 R2z_loop= 1.000  dep_x=10.000 dep_z= 0.000
rank= 24 Lx=Ly=10 pg= 0.100 ids= 688 TEE= 0 R2x= 0.000 R2z= 1.000 R2x_loop= 0.000 R2z_loop= 1.000  dep_x=10.000 dep_z= 0.000
rank= 28 Lx=Ly=10 pg= 0.100 ids= 692 TEE= 0 R2x= 0.000 R2z= 0.900 R2x_loop= 0.000 R2z_loop= 1.000  dep_x=10.000 dep_z= 0.000
rank= 83 Lx=Ly=10 pg= 0.100 ids= 619 TEE= 0 R2x= 0.000 R2z= 0.844 R2x_loop= 0.000 R2z_loop= 1.000  dep_x=10.000 dep_z= 0.000
rank=123 Lx=Ly=10 pg= 0.100 ids= 659 TEE= 0 R2x= 0.000 R2z= 0.978 R2x_loop= 0.000 R2z_loop= 1.000  dep_x=10.000 dep_z= 0.000
rank= 43 Lx=Ly=10 pg= 0.100 ids= 707 TEE= 0 R2x= 0.000 R2z= 0.978 R2x_loop= 0.000 R2z_loop= 1.000  dep_x=10.000 dep_z= 0.000
rank=114 Lx=Ly=10 pg= 0.100 ids= 778 TEE= 0 R2x= 0.000 R2z= 0.989 R2x_loop= 0.000 R2z_loop= 1.000  dep_x=10.000 dep_z= 0.000
rank= 97 Lx=Ly=10 pg= 0.100 ids= 761 TEE= 0 R2x= 0.000 R2z= 0.867 R2x_loop= 0.000 R2z_loop= 1.000  dep_x=10.000 dep_z= 0.000
rank= 52 Lx=Ly=10 pg= 0.100 ids= 460 TEE= 0 R2x= 0.000 R2z= 0.889 R2x_loop= 0.000 R2z_loop= 1.000  dep_x=10.000 dep_z= 0.000
rank= 37 Lx=Ly=10 pg= 0.100 ids= 829 TEE= 0 R2x= 0.000 R2z= 0.967 R2x_loop= 0.000 R2z_loop= 1.000  dep_x=10.000 dep_z= 0.000
rank=109 Lx=Ly=10 pg= 0.100 ids= 901 TEE= 0 R2x= 0.000 R2z= 0.989 R2x_loop= 0.000 R2z_loop= 1.000  dep_x=10.000 dep_z= 0.000
rank= 99 Lx=Ly=10 pg= 0.100 ids= 763 TEE= 0 R2x= 0.000 R2z= 0.967 R2x_loop= 0.000 R2z_loop= 1.000  dep_x=10.000 dep_z= 0.000
rank= 93 Lx=Ly=10 pg= 0.100 ids= 885 TEE= 0 R2x= 0.000 R2z= 0.978 R2x_loop= 0.000 R2z_loop= 1.000  dep_x=10.000 dep_z= 0.000
rank= 69 Lx=Ly=10 pg= 0.100 ids= 861 TEE= 0 R2x= 0.000 R2z= 0.878 R2x_loop= 0.000 R2z_loop= 1.000  dep_x=10.000 dep_z= 0.000
rank= 91 Lx=Ly=10 pg= 0.100 ids= 883 TEE= 0 R2x= 0.000 R2z= 0.900 R2x_loop= 0.000 R2z_loop= 1.000  dep_x=10.000 dep_z= 0.000
rank= 79 Lx=Ly=10 pg= 0.100 ids= 871 TEE= 0 R2x= 0.000 R2z= 0.967 R2x_loop= 0.000 R2z_loop= 1.000  dep_x=10.000 dep_z= 0.000
rank= 67 Lx=Ly=10 pg= 0.100 ids= 859 TEE= 0 R2x= 0.000 R2z= 0.978 R2x_loop= 0.000 R2z_loop= 1.000  dep_x=10.000 dep_z= 0.000
rank= 87 Lx=Ly=10 pg= 0.100 ids= 879 TEE= 0 R2x= 0.000 R2z= 0.989 R2x_loop= 0.000 R2z_loop= 1.000  dep_x=10.000 dep_z= 0.000
rank= 71 Lx=Ly=10 pg= 0.100 ids= 863 TEE= 0 R2x= 0.000 R2z= 0.967 R2x_loop= 0.000 R2z_loop= 1.000  dep_x=10.000 dep_z= 0.000
rank= 89 Lx=Ly=10 pg= 0.100 ids= 881 TEE= 0 R2x= 0.000 R2z= 0.978 R2x_loop= 0.000 R2z_loop= 1.000  dep_x=10.000 dep_z= 0.000
rank= 85 Lx=Ly=10 pg= 0.100 ids= 877 TEE= 0 R2x= 0.000 R2z= 0.967 R2x_loop= 0.000 R2z_loop= 1.000  dep_x=10.000 dep_z= 0.000
rank= 75 Lx=Ly=10 pg= 0.100 ids= 867 TEE= 0 R2x= 0.000 R2z= 0.889 R2x_loop= 0.000 R2z_loop= 1.000  dep_x=10.000 dep_z= 0.000
rank=  5 Lx=Ly=10 pg= 0.100 ids= 797 TEE= 0 R2x= 0.000 R2z= 0.978 R2x_loop= 0.000 R2z_loop= 1.000  dep_x=10.000 dep_z= 0.000
rank= 39 Lx=Ly=10 pg= 0.100 ids= 831 TEE= 0 R2x= 0.000 R2z= 0.989 R2x_loop= 0.000 R2z_loop= 1.000  dep_x=10.000 dep_z= 0.000
rank=105 Lx=Ly=10 pg= 0.100 ids= 897 TEE= 0 R2x= 0.000 R2z= 0.944 R2x_loop= 0.000 R2z_loop= 1.000  dep_x=10.000 dep_z= 0.000
rank= 61 Lx=Ly=10 pg= 0.100 ids= 853 TEE= 0 R2x= 0.000 R2z= 0.978 R2x_loop= 0.000 R2z_loop= 1.000  dep_x=10.000 dep_z= 0.000
rank= 38 Lx=Ly=10 pg= 0.100 ids= 702 TEE= 0 R2x= 0.000 R2z= 0.900 R2x_loop= 0.000 R2z_loop= 1.000  dep_x=10.000 dep_z= 0.000
rank=125 Lx=Ly=10 pg= 0.100 ids= 917 TEE= 0 R2x= 0.000 R2z= 0.989 R2x_loop= 0.000 R2z_loop= 1.000  dep_x=10.000 dep_z= 0.000
rank= 88 Lx=Ly=10 pg= 0.100 ids= 624 TEE= 0 R2x= 0.000 R2z= 0.956 R2x_loop= 0.000 R2z_loop= 1.000  dep_x=10.000 dep_z= 0.000
rank=  1 Lx=Ly=10 pg= 0.100 ids= 793 TEE= 0 R2x= 0.000 R2z= 0.989 R2x_loop= 0.000 R2z_loop= 1.000  dep_x=10.000 dep_z= 0.000
rank= 35 Lx=Ly=10 pg= 0.100 ids= 827 TEE= 0 R2x= 0.000 R2z= 0.944 R2x_loop= 0.000 R2z_loop= 1.000  dep_x=10.000 dep_z= 0.000
rank= 59 Lx=Ly=10 pg= 0.100 ids= 851 TEE= 0 R2x= 0.000 R2z= 0.989 R2x_loop= 0.000 R2z_loop= 1.000  dep_x=10.000 dep_z= 0.000
rank=  3 Lx=Ly=10 pg= 0.100 ids= 795 TEE= 0 R2x= 0.000 R2z= 0.989 R2x_loop= 0.000 R2z_loop= 1.000  dep_x=10.000 dep_z= 0.000
rank= 25 Lx=Ly=10 pg= 0.100 ids= 817 TEE= 0 R2x= 0.000 R2z= 0.978 R2x_loop= 0.000 R2z_loop= 1.000  dep_x=10.000 dep_z= 0.000
rank= 65 Lx=Ly=10 pg= 0.100 ids= 601 TEE= 0 R2x= 0.000 R2z= 0.978 R2x_loop= 0.000 R2z_loop= 1.000  dep_x=10.000 dep_z= 0.000
rank= 21 Lx=Ly=10 pg= 0.100 ids= 813 TEE= 0 R2x= 0.000 R2z= 0.989 R2x_loop= 0.000 R2z_loop= 1.000  dep_x=10.000 dep_z= 0.000
rank=115 Lx=Ly=10 pg= 0.100 ids= 907 TEE= 0 R2x= 0.000 R2z= 0.967 R2x_loop= 0.000 R2z_loop= 1.000  dep_x=10.000 dep_z= 0.000
rank= 73 Lx=Ly=10 pg= 0.100 ids= 865 TEE= 0 R2x= 0.000 R2z= 0.867 R2x_loop= 0.000 R2z_loop= 1.000  dep_x=10.000 dep_z= 0.000
rank= 33 Lx=Ly=10 pg= 0.100 ids= 825 TEE= 0 R2x= 0.000 R2z= 0.989 R2x_loop= 0.000 R2z_loop= 1.000  dep_x=10.000 dep_z= 0.000
rank= 17 Lx=Ly=10 pg= 0.100 ids= 809 TEE= 0 R2x= 0.000 R2z= 0.989 R2x_loop= 0.000 R2z_loop= 1.000  dep_x=10.000 dep_z= 0.000
rank= 49 Lx=Ly=10 pg= 0.100 ids= 841 TEE= 0 R2x= 0.000 R2z= 0.989 R2x_loop= 0.000 R2z_loop= 1.000  dep_x=10.000 dep_z= 0.000
rank= 23 Lx=Ly=10 pg= 0.100 ids= 815 TEE= 0 R2x= 0.000 R2z= 0.978 R2x_loop= 0.000 R2z_loop= 1.000  dep_x=10.000 dep_z= 0.000
rank= 13 Lx=Ly=10 pg= 0.100 ids= 805 TEE= 0 R2x= 0.000 R2z= 1.000 R2x_loop= 0.000 R2z_loop= 1.000  dep_x=10.000 dep_z= 0.000
rank=117 Lx=Ly=10 pg= 0.100 ids= 909 TEE= 0 R2x= 0.000 R2z= 0.933 R2x_loop= 0.000 R2z_loop= 1.000  dep_x=10.000 dep_z= 0.000
rank= 19 Lx=Ly=10 pg= 0.100 ids= 811 TEE= 0 R2x= 0.000 R2z= 0.989 R2x_loop= 0.000 R2z_loop= 1.000  dep_x=10.000 dep_z= 0.000
rank=119 Lx=Ly=10 pg= 0.100 ids= 911 TEE= 0 R2x= 0.000 R2z= 0.978 R2x_loop= 0.000 R2z_loop= 1.000  dep_x=10.000 dep_z= 0.000
rank=113 Lx=Ly=10 pg= 0.100 ids= 905 TEE= 0 R2x= 0.000 R2z= 0.856 R2x_loop= 0.000 R2z_loop= 1.000  dep_x=10.000 dep_z= 0.000
rank= 15 Lx=Ly=10 pg= 0.100 ids= 807 TEE= 0 R2x= 0.000 R2z= 0.844 R2x_loop= 0.000 R2z_loop= 1.000  dep_x=10.000 dep_z= 0.000
rank= 55 Lx=Ly=10 pg= 0.100 ids= 847 TEE= 0 R2x= 0.000 R2z= 0.967 R2x_loop= 0.000 R2z_loop= 1.000  dep_x=10.000 dep_z= 0.000
rank= 10 Lx=Ly=10 pg= 0.100 ids= 418 TEE= 0 R2x= 0.000 R2z= 0.989 R2x_loop= 0.000 R2z_loop= 1.000  dep_x=10.000 dep_z= 0.000
rank=  9 Lx=Ly=10 pg= 0.100 ids= 801 TEE= 0 R2x= 0.000 R2z= 0.900 R2x_loop= 0.000 R2z_loop= 1.000  dep_x=10.000 dep_z= 0.000
rank= 51 Lx=Ly=10 pg= 0.100 ids= 843 TEE= 0 R2x= 0.000 R2z= 0.967 R2x_loop= 0.000 R2z_loop= 1.000  dep_x=10.000 dep_z= 0.000
rank=121 Lx=Ly=10 pg= 0.100 ids= 529 TEE= 0 R2x= 0.000 R2z= 0.967 R2x_loop= 0.000 R2z_loop= 1.000  dep_x=10.000 dep_z= 0.000
rank= 41 Lx=Ly=10 pg= 0.100 ids= 833 TEE= 0 R2x= 0.000 R2z= 0.889 R2x_loop= 0.000 R2z_loop= 1.000  dep_x=10.000 dep_z= 0.000
rank=107 Lx=Ly=10 pg= 0.100 ids= 515 TEE= 0 R2x= 0.000 R2z= 0.778 R2x_loop= 0.000 R2z_loop= 1.000  dep_x=10.000 dep_z= 0.000
rank= 86 Lx=Ly=10 pg= 0.100 ids= 750 TEE= 0 R2x= 0.000 R2z= 0.956 R2x_loop= 0.000 R2z_loop= 1.000  dep_x=10.000 dep_z= 0.000
rank= 77 Lx=Ly=10 pg= 0.100 ids= 613 TEE= 0 R2x= 0.000 R2z= 0.989 R2x_loop= 0.000 R2z_loop= 1.000  dep_x=10.000 dep_z= 0.000
rank= 27 Lx=Ly=10 pg= 0.100 ids= 819 TEE= 0 R2x= 0.000 R2z= 0.967 R2x_loop= 0.000 R2z_loop= 1.000  dep_x=10.000 dep_z= 0.000
rank=103 Lx=Ly=10 pg= 0.100 ids= 895 TEE= 0 R2x= 0.000 R2z= 0.944 R2x_loop= 0.000 R2z_loop= 1.000  dep_x=10.000 dep_z= 0.000
rank= 68 Lx=Ly=10 pg= 0.100 ids= 732 TEE= 0 R2x= 0.000 R2z= 0.889 R2x_loop= 0.000 R2z_loop= 1.000  dep_x=10.000 dep_z= 0.000
rank= 54 Lx=Ly=10 pg= 0.100 ids= 462 TEE= 0 R2x= 0.000 R2z= 0.978 R2x_loop= 0.000 R2z_loop= 1.000  dep_x=10.000 dep_z= 0.000
rank= 53 Lx=Ly=10 pg= 0.100 ids= 589 TEE= 0 R2x= 0.000 R2z= 0.989 R2x_loop= 0.000 R2z_loop= 1.000  dep_x=10.000 dep_z= 0.000
rank=127 Lx=Ly=10 pg= 0.100 ids= 919 TEE= 0 R2x= 0.000 R2z= 0.978 R2x_loop= 0.000 R2z_loop= 1.000  dep_x=10.000 dep_z= 0.000
rank= 98 Lx=Ly=10 pg= 0.100 ids= 762 TEE= 0 R2x= 0.000 R2z= 0.978 R2x_loop= 0.000 R2z_loop= 1.000  dep_x=10.000 dep_z= 0.000
rank= 64 Lx=Ly=10 pg= 0.100 ids= 728 TEE= 0 R2x= 0.000 R2z= 0.933 R2x_loop= 0.000 R2z_loop= 1.000  dep_x=10.000 dep_z= 0.000
rank=101 Lx=Ly=10 pg= 0.100 ids= 765 TEE= 0 R2x= 0.000 R2z= 0.967 R2x_loop= 0.000 R2z_loop= 1.000  dep_x=10.000 dep_z= 0.000
rank=110 Lx=Ly=10 pg= 0.100 ids= 774 TEE= 0 R2x= 0.000 R2z= 0.922 R2x_loop= 0.000 R2z_loop= 1.000  dep_x=10.000 dep_z= 0.000
rank=  4 Lx=Ly=10 pg= 0.100 ids= 796 TEE= 0 R2x= 0.000 R2z= 0.978 R2x_loop= 0.000 R2z_loop= 1.000  dep_x=10.000 dep_z= 0.000
rank= 48 Lx=Ly=10 pg= 0.100 ids= 840 TEE= 0 R2x= 0.000 R2z= 0.978 R2x_loop= 0.000 R2z_loop= 1.000  dep_x=10.000 dep_z= 0.000
rank= 16 Lx=Ly=10 pg= 0.100 ids= 808 TEE= 0 R2x= 0.000 R2z= 0.967 R2x_loop= 0.000 R2z_loop= 1.000  dep_x=10.000 dep_z= 0.000
rank= 31 Lx=Ly=10 pg= 0.100 ids= 439 TEE= 0 R2x= 0.000 R2z= 0.878 R2x_loop= 0.000 R2z_loop= 1.000  dep_x=10.000 dep_z= 0.000
rank= 18 Lx=Ly=10 pg= 0.100 ids= 810 TEE= 0 R2x= 0.000 R2z= 0.978 R2x_loop= 0.000 R2z_loop= 1.000  dep_x=10.000 dep_z= 0.000
rank= 36 Lx=Ly=10 pg= 0.100 ids= 572 TEE= 0 R2x= 0.000 R2z= 0.867 R2x_loop= 0.000 R2z_loop= 1.000  dep_x=10.000 dep_z= 0.000
rank=  7 Lx=Ly=10 pg= 0.100 ids= 415 TEE= 0 R2x= 0.000 R2z= 0.867 R2x_loop= 0.000 R2z_loop= 1.000  dep_x=10.000 dep_z= 0.000
rank=  8 Lx=Ly=10 pg= 0.100 ids= 800 TEE= 0 R2x= 0.000 R2z= 0.989 R2x_loop= 0.000 R2z_loop= 1.000  dep_x=10.000 dep_z= 0.000
rank= 14 Lx=Ly=10 pg= 0.100 ids= 806 TEE= 0 R2x= 0.000 R2z= 0.989 R2x_loop= 0.000 R2z_loop= 1.000  dep_x=10.000 dep_z= 0.000
rank= 92 Lx=Ly=10 pg= 0.100 ids= 884 TEE= 0 R2x= 0.000 R2z= 0.956 R2x_loop= 0.000 R2z_loop= 1.000  dep_x=10.000 dep_z= 0.000
rank= 26 Lx=Ly=10 pg= 0.100 ids= 818 TEE= 0 R2x= 0.000 R2z= 0.956 R2x_loop= 0.000 R2z_loop= 1.000  dep_x=10.000 dep_z= 0.000
rank= 76 Lx=Ly=10 pg= 0.100 ids= 868 TEE= 0 R2x= 0.000 R2z= 0.956 R2x_loop= 0.000 R2z_loop= 1.000  dep_x=10.000 dep_z= 0.000
rank= 94 Lx=Ly=10 pg= 0.100 ids= 886 TEE= 0 R2x= 0.000 R2z= 0.978 R2x_loop= 0.000 R2z_loop= 1.000  dep_x=10.000 dep_z= 0.000
rank= 12 Lx=Ly=10 pg= 0.100 ids= 804 TEE= 0 R2x= 0.000 R2z= 0.867 R2x_loop= 0.000 R2z_loop= 1.000  dep_x=10.000 dep_z= 0.000
rank= 34 Lx=Ly=10 pg= 0.100 ids= 826 TEE= 0 R2x= 0.000 R2z= 0.944 R2x_loop= 0.000 R2z_loop= 1.000  dep_x=10.000 dep_z= 0.000
rank= 20 Lx=Ly=10 pg= 0.100 ids= 812 TEE= 0 R2x= 0.000 R2z= 0.944 R2x_loop= 0.000 R2z_loop= 1.000  dep_x=10.000 dep_z= 0.000
rank= 44 Lx=Ly=10 pg= 0.100 ids= 836 TEE= 0 R2x= 0.000 R2z= 0.856 R2x_loop= 0.000 R2z_loop= 1.000  dep_x=10.000 dep_z= 0.000
rank= 56 Lx=Ly=10 pg= 0.100 ids= 848 TEE= 0 R2x= 0.000 R2z= 0.978 R2x_loop= 0.000 R2z_loop= 1.000  dep_x=10.000 dep_z= 0.000
rank= 42 Lx=Ly=10 pg= 0.100 ids= 834 TEE= 0 R2x= 0.000 R2z= 0.900 R2x_loop= 0.000 R2z_loop= 1.000  dep_x=10.000 dep_z= 0.000
rank= 70 Lx=Ly=10 pg= 0.100 ids= 862 TEE= 0 R2x= 0.000 R2z= 0.978 R2x_loop= 0.000 R2z_loop= 1.000  dep_x=10.000 dep_z= 0.000
rank= 78 Lx=Ly=10 pg= 0.100 ids= 870 TEE= 0 R2x= 0.000 R2z= 0.978 R2x_loop= 0.000 R2z_loop= 1.000  dep_x=10.000 dep_z= 0.000
rank= 45 Lx=Ly=10 pg= 0.100 ids= 837 TEE= 0 R2x= 0.000 R2z= 0.944 R2x_loop= 0.000 R2z_loop= 1.000  dep_x=10.000 dep_z= 0.000
rank= 90 Lx=Ly=10 pg= 0.100 ids= 882 TEE= 0 R2x= 0.000 R2z= 0.978 R2x_loop= 0.000 R2z_loop= 1.000  dep_x=10.000 dep_z= 0.000
rank= 62 Lx=Ly=10 pg= 0.100 ids= 854 TEE= 0 R2x= 0.000 R2z= 0.967 R2x_loop= 0.000 R2z_loop= 1.000  dep_x=10.000 dep_z= 0.000
rank= 74 Lx=Ly=10 pg= 0.100 ids= 866 TEE= 0 R2x= 0.000 R2z= 0.989 R2x_loop= 0.000 R2z_loop= 1.000  dep_x=10.000 dep_z= 0.000
rank= 11 Lx=Ly=10 pg= 0.100 ids= 675 TEE= 0 R2x= 0.000 R2z= 0.978 R2x_loop= 0.000 R2z_loop= 1.000  dep_x=10.000 dep_z= 0.000
rank=108 Lx=Ly=10 pg= 0.100 ids= 900 TEE= 0 R2x= 0.000 R2z= 0.989 R2x_loop= 0.000 R2z_loop= 1.000  dep_x=10.000 dep_z= 0.000
rank= 80 Lx=Ly=10 pg= 0.100 ids= 872 TEE= 0 R2x= 0.000 R2z= 0.978 R2x_loop= 0.000 R2z_loop= 1.000  dep_x=10.000 dep_z= 0.000
rank= 40 Lx=Ly=10 pg= 0.100 ids= 832 TEE= 0 R2x= 0.000 R2z= 0.967 R2x_loop= 0.000 R2z_loop= 1.000  dep_x=10.000 dep_z= 0.000
rank= 47 Lx=Ly=10 pg= 0.100 ids= 839 TEE= 0 R2x= 0.000 R2z= 0.978 R2x_loop= 0.000 R2z_loop= 1.000  dep_x=10.000 dep_z= 0.000
rank= 84 Lx=Ly=10 pg= 0.100 ids= 876 TEE= 0 R2x= 0.000 R2z= 0.978 R2x_loop= 0.000 R2z_loop= 1.000  dep_x=10.000 dep_z= 0.000
rank=  0 Lx=Ly=10 pg= 0.100 ids= 792 TEE= 0 R2x= 0.000 R2z= 0.978 R2x_loop= 0.000 R2z_loop= 1.000  dep_x=10.000 dep_z= 0.000
rank= 60 Lx=Ly=10 pg= 0.100 ids= 852 TEE= 0 R2x= 0.000 R2z= 0.978 R2x_loop= 0.000 R2z_loop= 1.000  dep_x=10.000 dep_z= 0.000
rank= 22 Lx=Ly=10 pg= 0.100 ids= 558 TEE= 0 R2x= 0.000 R2z= 0.989 R2x_loop= 0.000 R2z_loop= 1.000  dep_x=10.000 dep_z= 0.000
rank= 58 Lx=Ly=10 pg= 0.100 ids= 850 TEE= 0 R2x= 0.000 R2z= 0.978 R2x_loop= 0.000 R2z_loop= 1.000  dep_x=10.000 dep_z= 0.000
rank= 72 Lx=Ly=10 pg= 0.100 ids= 864 TEE= 0 R2x= 0.000 R2z= 1.000 R2x_loop= 0.000 R2z_loop= 1.000  dep_x=10.000 dep_z= 0.000
rank=  6 Lx=Ly=10 pg= 0.100 ids= 414 TEE= 0 R2x= 0.000 R2z= 0.978 R2x_loop= 0.000 R2z_loop= 1.000  dep_x=10.000 dep_z= 0.000
rank=106 Lx=Ly=10 pg= 0.100 ids= 898 TEE= 0 R2x= 0.000 R2z= 1.000 R2x_loop= 0.000 R2z_loop= 1.000  dep_x=10.000 dep_z= 0.000
rank=102 Lx=Ly=10 pg= 0.100 ids= 894 TEE= 0 R2x= 0.000 R2z= 0.956 R2x_loop= 0.000 R2z_loop= 1.000  dep_x=10.000 dep_z= 0.000
rank= 95 Lx=Ly=10 pg= 0.100 ids= 887 TEE= 0 R2x= 0.000 R2z= 0.889 R2x_loop= 0.000 R2z_loop= 1.000  dep_x=10.000 dep_z= 0.000
rank= 46 Lx=Ly=10 pg= 0.100 ids= 838 TEE= 0 R2x= 0.000 R2z= 0.944 R2x_loop= 0.000 R2z_loop= 1.000  dep_x=10.000 dep_z= 0.000
rank=100 Lx=Ly=10 pg= 0.100 ids= 892 TEE= 0 R2x= 0.000 R2z= 0.978 R2x_loop= 0.000 R2z_loop= 1.000  dep_x=10.000 dep_z= 0.000
rank=104 Lx=Ly=10 pg= 0.100 ids= 896 TEE= 0 R2x= 0.000 R2z= 0.967 R2x_loop= 0.000 R2z_loop= 1.000  dep_x=10.000 dep_z= 0.000
rank= 30 Lx=Ly=10 pg= 0.100 ids= 438 TEE= 0 R2x= 0.000 R2z= 0.989 R2x_loop= 0.000 R2z_loop= 1.000  dep_x=10.000 dep_z= 0.000
rank= 66 Lx=Ly=10 pg= 0.100 ids= 858 TEE= 0 R2x= 0.000 R2z= 0.933 R2x_loop= 0.000 R2z_loop= 1.000  dep_x=10.000 dep_z= 0.000
rank= 81 Lx=Ly=10 pg= 0.100 ids= 361 TEE= 0 R2x= 0.000 R2z= 0.978 R2x_loop= 0.000 R2z_loop= 1.000  dep_x=10.000 dep_z= 0.000
rank= 63 Lx=Ly=10 pg= 0.100 ids= 855 TEE= 0 R2x= 0.000 R2z= 0.878 R2x_loop= 0.000 R2z_loop= 1.000  dep_x=10.000 dep_z= 0.000
rank=126 Lx=Ly=10 pg= 0.100 ids= 918 TEE= 0 R2x= 0.000 R2z= 0.967 R2x_loop= 0.000 R2z_loop= 1.000  dep_x=10.000 dep_z= 0.000
rank=112 Lx=Ly=10 pg= 0.100 ids= 904 TEE= 0 R2x= 0.000 R2z= 0.900 R2x_loop= 0.000 R2z_loop= 1.000  dep_x=10.000 dep_z= 0.000
rank= 96 Lx=Ly=10 pg= 0.100 ids= 888 TEE= 0 R2x= 0.000 R2z= 0.967 R2x_loop= 0.000 R2z_loop= 1.000  dep_x=10.000 dep_z= 0.000
rank=120 Lx=Ly=10 pg= 0.100 ids= 912 TEE= 0 R2x= 0.000 R2z= 0.889 R2x_loop= 0.000 R2z_loop= 1.000  dep_x=10.000 dep_z= 0.000
rank=122 Lx=Ly=10 pg= 0.100 ids= 914 TEE= 0 R2x= 0.000 R2z= 0.878 R2x_loop= 0.000 R2z_loop= 1.000  dep_x=10.000 dep_z= 0.000
rank=124 Lx=Ly=10 pg= 0.100 ids= 916 TEE= 0 R2x= 0.000 R2z= 0.989 R2x_loop= 0.000 R2z_loop= 1.000  dep_x=10.000 dep_z= 0.000
rank=111 Lx=Ly=10 pg= 0.100 ids= 647 TEE= 0 R2x= 0.000 R2z= 0.878 R2x_loop= 0.000 R2z_loop= 1.000  dep_x=10.000 dep_z= 0.000
rank= 82 Lx=Ly=10 pg= 0.100 ids= 746 TEE= 0 R2x= 0.000 R2z= 0.967 R2x_loop= 0.000 R2z_loop= 1.000  dep_x=10.000 dep_z= 0.000
rank=116 Lx=Ly=10 pg= 0.100 ids= 908 TEE= 0 R2x= 0.000 R2z= 0.933 R2x_loop= 0.000 R2z_loop= 1.000  dep_x=10.000 dep_z= 0.000
rank= 32 Lx=Ly=10 pg= 0.100 ids= 824 TEE= 0 R2x= 0.000 R2z= 0.967 R2x_loop= 0.000 R2z_loop= 1.000  dep_x=10.000 dep_z= 0.000
rank=118 Lx=Ly=10 pg= 0.100 ids= 910 TEE= 0 R2x= 0.000 R2z= 1.000 R2x_loop= 0.000 R2z_loop= 1.000  dep_x=10.000 dep_z= 0.000
rank= 57 Lx=Ly=10 pg= 0.100 ids= 849 TEE= 0 R2x= 0.000 R2z= 0.978 R2x_loop= 0.000 R2z_loop= 1.000  dep_x=10.000 dep_z= 0.000
rank= 24 Lx=Ly=10 pg= 0.100 ids= 816 TEE= 0 R2x= 0.000 R2z= 0.956 R2x_loop= 0.000 R2z_loop= 1.000  dep_x=10.000 dep_z= 0.000
rank= 29 Lx=Ly=10 pg= 0.100 ids= 437 TEE= 0 R2x= 0.000 R2z= 0.889 R2x_loop= 0.000 R2z_loop= 1.000  dep_x=10.000 dep_z= 0.000
rank= 28 Lx=Ly=10 pg= 0.100 ids= 820 TEE= 0 R2x= 0.000 R2z= 1.000 R2x_loop= 0.000 R2z_loop= 1.000  dep_x=10.000 dep_z= 0.000
rank= 50 Lx=Ly=10 pg= 0.100 ids= 586 TEE= 0 R2x= 0.000 R2z= 0.956 R2x_loop= 0.000 R2z_loop= 1.000  dep_x=10.000 dep_z= 0.000
rank=123 Lx=Ly=10 pg= 0.100 ids= 787 TEE= 0 R2x= 0.000 R2z= 0.856 R2x_loop= 0.000 R2z_loop= 1.000  dep_x=10.000 dep_z= 0.000
rank=114 Lx=Ly=10 pg= 0.100 ids= 906 TEE= 0 R2x= 0.000 R2z= 0.989 R2x_loop= 0.000 R2z_loop= 1.000  dep_x=10.000 dep_z= 0.000
rank= 37 Lx=Ly=10 pg= 0.100 ids= 957 TEE= 0 R2x= 0.000 R2z= 0.967 R2x_loop= 0.000 R2z_loop= 1.000  dep_x=10.000 dep_z= 0.000
rank= 83 Lx=Ly=10 pg= 0.100 ids= 747 TEE= 0 R2x= 0.000 R2z= 0.989 R2x_loop= 0.000 R2z_loop= 1.000  dep_x=10.000 dep_z= 0.000
rank=109 Lx=Ly=10 pg= 0.200 ids=  29 TEE= 0 R2x= 0.000 R2z= 0.856 R2x_loop= 0.000 R2z_loop= 1.000  dep_x=10.000 dep_z= 0.000
rank= 69 Lx=Ly=10 pg= 0.100 ids= 989 TEE= 0 R2x= 0.000 R2z= 0.989 R2x_loop= 0.000 R2z_loop= 1.000  dep_x=10.000 dep_z= 0.000
rank= 97 Lx=Ly=10 pg= 0.100 ids= 889 TEE= 0 R2x= 0.000 R2z= 0.989 R2x_loop= 0.000 R2z_loop= 1.000  dep_x=10.000 dep_z= 0.000
rank= 93 Lx=Ly=10 pg= 0.200 ids=  13 TEE= 0 R2x= 0.000 R2z= 0.989 R2x_loop= 0.000 R2z_loop= 1.000  dep_x=10.000 dep_z= 0.000
rank= 67 Lx=Ly=10 pg= 0.100 ids= 987 TEE= 0 R2x= 0.000 R2z= 0.956 R2x_loop= 0.000 R2z_loop= 1.000  dep_x=10.000 dep_z= 0.000
rank= 79 Lx=Ly=10 pg= 0.100 ids= 999 TEE= 0 R2x= 0.000 R2z= 0.989 R2x_loop= 0.000 R2z_loop= 1.000  dep_x=10.000 dep_z= 0.000
rank= 87 Lx=Ly=10 pg= 0.200 ids=   7 TEE= 0 R2x= 0.000 R2z= 0.678 R2x_loop= 0.000 R2z_loop= 1.000  dep_x=10.000 dep_z= 0.000
rank= 91 Lx=Ly=10 pg= 0.200 ids=  11 TEE= 0 R2x= 0.000 R2z= 0.944 R2x_loop= 0.000 R2z_loop= 1.000  dep_x=10.000 dep_z= 0.000
rank= 71 Lx=Ly=10 pg= 0.100 ids= 991 TEE= 0 R2x= 0.000 R2z= 0.956 R2x_loop= 0.000 R2z_loop= 1.000  dep_x=10.000 dep_z= 0.000
rank=  5 Lx=Ly=10 pg= 0.100 ids= 925 TEE= 0 R2x= 0.000 R2z= 0.989 R2x_loop= 0.000 R2z_loop= 1.000  dep_x=10.000 dep_z= 0.000
rank= 61 Lx=Ly=10 pg= 0.100 ids= 981 TEE= 0 R2x= 0.000 R2z= 0.978 R2x_loop= 0.000 R2z_loop= 1.000  dep_x=10.000 dep_z= 0.000
rank= 85 Lx=Ly=10 pg= 0.200 ids=   5 TEE= 0 R2x= 0.000 R2z= 0.911 R2x_loop= 0.000 R2z_loop= 1.000  dep_x=10.000 dep_z= 0.000
rank= 39 Lx=Ly=10 pg= 0.100 ids= 959 TEE= 0 R2x= 0.000 R2z= 0.978 R2x_loop= 0.000 R2z_loop= 1.000  dep_x=10.000 dep_z= 0.000
rank= 75 Lx=Ly=10 pg= 0.100 ids= 995 TEE= 0 R2x= 0.000 R2z= 0.978 R2x_loop= 0.000 R2z_loop= 1.000  dep_x=10.000 dep_z= 0.000
rank=105 Lx=Ly=10 pg= 0.200 ids=  25 TEE= 0 R2x= 0.000 R2z= 0.911 R2x_loop= 0.000 R2z_loop= 1.000  dep_x=10.000 dep_z= 0.000
rank= 89 Lx=Ly=10 pg= 0.200 ids=   9 TEE= 0 R2x= 0.000 R2z= 0.922 R2x_loop= 0.000 R2z_loop= 1.000  dep_x=10.000 dep_z= 0.000
rank=  1 Lx=Ly=10 pg= 0.100 ids= 921 TEE= 0 R2x= 0.000 R2z= 0.889 R2x_loop= 0.000 R2z_loop= 1.000  dep_x=10.000 dep_z= 0.000
rank= 59 Lx=Ly=10 pg= 0.100 ids= 979 TEE= 0 R2x= 0.000 R2z= 0.967 R2x_loop= 0.000 R2z_loop= 1.000  dep_x=10.000 dep_z= 0.000
rank=125 Lx=Ly=10 pg= 0.200 ids=  45 TEE= 0 R2x= 0.000 R2z= 0.922 R2x_loop= 0.000 R2z_loop= 1.000  dep_x=10.000 dep_z= 0.000
rank=  3 Lx=Ly=10 pg= 0.100 ids= 923 TEE= 0 R2x= 0.000 R2z= 0.867 R2x_loop= 0.000 R2z_loop= 1.000  dep_x=10.000 dep_z= 0.000
rank= 35 Lx=Ly=10 pg= 0.100 ids= 955 TEE= 0 R2x= 0.000 R2z= 0.689 R2x_loop= 0.000 R2z_loop= 1.000  dep_x=10.000 dep_z= 0.000
rank= 21 Lx=Ly=10 pg= 0.100 ids= 941 TEE= 0 R2x= 0.000 R2z= 0.978 R2x_loop= 0.000 R2z_loop= 1.000  dep_x=10.000 dep_z= 0.000
rank= 25 Lx=Ly=10 pg= 0.100 ids= 945 TEE= 0 R2x= 0.000 R2z= 0.989 R2x_loop= 0.000 R2z_loop= 1.000  dep_x=10.000 dep_z= 0.000
rank= 65 Lx=Ly=10 pg= 0.100 ids= 729 TEE= 0 R2x= 0.000 R2z= 0.989 R2x_loop= 0.000 R2z_loop= 1.000  dep_x=10.000 dep_z= 0.000
rank=115 Lx=Ly=10 pg= 0.200 ids=  35 TEE= 0 R2x= 0.000 R2z= 0.800 R2x_loop= 0.000 R2z_loop= 1.000  dep_x=10.000 dep_z= 0.000
rank= 33 Lx=Ly=10 pg= 0.100 ids= 953 TEE= 0 R2x= 0.000 R2z= 0.889 R2x_loop= 0.000 R2z_loop= 1.000  dep_x=10.000 dep_z= 0.000
rank= 49 Lx=Ly=10 pg= 0.100 ids= 969 TEE= 0 R2x= 0.000 R2z= 0.856 R2x_loop= 0.000 R2z_loop= 1.000  dep_x=10.000 dep_z= 0.000
rank= 38 Lx=Ly=10 pg= 0.100 ids= 830 TEE= 0 R2x= 0.000 R2z= 0.944 R2x_loop= 0.000 R2z_loop= 1.000  dep_x=10.000 dep_z= 0.000
rank= 23 Lx=Ly=10 pg= 0.100 ids= 943 TEE= 0 R2x= 0.000 R2z= 0.989 R2x_loop= 0.000 R2z_loop= 1.000  dep_x=10.000 dep_z= 0.000
rank= 17 Lx=Ly=10 pg= 0.100 ids= 937 TEE= 0 R2x= 0.000 R2z= 0.967 R2x_loop= 0.000 R2z_loop= 1.000  dep_x=10.000 dep_z= 0.000
rank= 73 Lx=Ly=10 pg= 0.100 ids= 993 TEE= 0 R2x= 0.000 R2z= 1.000 R2x_loop= 0.000 R2z_loop= 1.000  dep_x=10.000 dep_z= 0.000
rank= 99 Lx=Ly=10 pg= 0.100 ids= 891 TEE= 0 R2x= 0.000 R2z= 0.967 R2x_loop= 0.000 R2z_loop= 1.000  dep_x=10.000 dep_z= 0.000
rank= 19 Lx=Ly=10 pg= 0.100 ids= 939 TEE= 0 R2x= 0.000 R2z= 0.978 R2x_loop= 0.000 R2z_loop= 1.000  dep_x=10.000 dep_z= 0.000
rank= 52 Lx=Ly=10 pg= 0.100 ids= 588 TEE= 0 R2x= 0.000 R2z= 0.956 R2x_loop= 0.000 R2z_loop= 1.000  dep_x=10.000 dep_z= 0.000
rank= 13 Lx=Ly=10 pg= 0.100 ids= 933 TEE= 0 R2x= 0.000 R2z= 0.978 R2x_loop= 0.000 R2z_loop= 1.000  dep_x=10.000 dep_z= 0.000
rank= 55 Lx=Ly=10 pg= 0.100 ids= 975 TEE= 0 R2x= 0.000 R2z= 0.989 R2x_loop= 0.000 R2z_loop= 1.000  dep_x=10.000 dep_z= 0.000
rank= 15 Lx=Ly=10 pg= 0.100 ids= 935 TEE= 0 R2x= 0.000 R2z= 0.978 R2x_loop= 0.000 R2z_loop= 1.000  dep_x=10.000 dep_z= 0.000
rank=117 Lx=Ly=10 pg= 0.200 ids=  37 TEE= 0 R2x= 0.000 R2z= 0.933 R2x_loop= 0.000 R2z_loop= 1.000  dep_x=10.000 dep_z= 0.000
rank=113 Lx=Ly=10 pg= 0.200 ids=  33 TEE= 0 R2x= 0.000 R2z= 0.856 R2x_loop= 0.000 R2z_loop= 1.000  dep_x=10.000 dep_z= 0.000
rank=  9 Lx=Ly=10 pg= 0.100 ids= 929 TEE= 0 R2x= 0.000 R2z= 0.967 R2x_loop= 0.000 R2z_loop= 1.000  dep_x=10.000 dep_z= 0.000
rank= 43 Lx=Ly=10 pg= 0.100 ids= 835 TEE= 0 R2x= 0.000 R2z= 0.867 R2x_loop= 0.000 R2z_loop= 1.000  dep_x=10.000 dep_z= 0.000
rank= 51 Lx=Ly=10 pg= 0.100 ids= 971 TEE= 0 R2x= 0.000 R2z= 0.978 R2x_loop= 0.000 R2z_loop= 1.000  dep_x=10.000 dep_z= 0.000
rank=119 Lx=Ly=10 pg= 0.200 ids=  39 TEE= 0 R2x= 0.000 R2z= 0.844 R2x_loop= 0.000 R2z_loop= 1.000  dep_x=10.000 dep_z= 0.000
rank= 41 Lx=Ly=10 pg= 0.100 ids= 961 TEE= 0 R2x= 0.000 R2z= 0.967 R2x_loop= 0.000 R2z_loop= 1.000  dep_x=10.000 dep_z= 0.000
rank=107 Lx=Ly=10 pg= 0.100 ids= 643 TEE= 0 R2x= 0.000 R2z= 1.000 R2x_loop= 0.000 R2z_loop= 1.000  dep_x=10.000 dep_z= 0.000
rank= 88 Lx=Ly=10 pg= 0.100 ids= 752 TEE= 0 R2x= 0.000 R2z= 0.889 R2x_loop= 0.000 R2z_loop= 1.000  dep_x=10.000 dep_z= 0.000
rank=121 Lx=Ly=10 pg= 0.100 ids= 657 TEE= 0 R2x= 0.000 R2z= 1.000 R2x_loop= 0.000 R2z_loop= 1.000  dep_x=10.000 dep_z= 0.000
rank= 86 Lx=Ly=10 pg= 0.100 ids= 878 TEE= 0 R2x= 0.000 R2z= 0.956 R2x_loop= 0.000 R2z_loop= 1.000  dep_x=10.000 dep_z= 0.000
rank= 27 Lx=Ly=10 pg= 0.100 ids= 947 TEE= 0 R2x= 0.000 R2z= 0.989 R2x_loop= 0.000 R2z_loop= 1.000  dep_x=10.000 dep_z= 0.000
rank= 77 Lx=Ly=10 pg= 0.100 ids= 741 TEE= 0 R2x= 0.000 R2z= 0.956 R2x_loop= 0.000 R2z_loop= 1.000  dep_x=10.000 dep_z= 0.000
rank=103 Lx=Ly=10 pg= 0.200 ids=  23 TEE= 0 R2x= 0.000 R2z= 0.933 R2x_loop= 0.000 R2z_loop= 1.000  dep_x=10.000 dep_z= 0.000
rank=  2 Lx=Ly=10 pg= 0.100 ids= 538 TEE= 0 R2x= 0.000 R2z= 0.967 R2x_loop= 0.000 R2z_loop= 1.000  dep_x=10.000 dep_z= 0.000
rank= 53 Lx=Ly=10 pg= 0.100 ids= 717 TEE= 0 R2x= 0.000 R2z= 0.967 R2x_loop= 0.000 R2z_loop= 1.000  dep_x=10.000 dep_z= 0.000
rank=127 Lx=Ly=10 pg= 0.200 ids=  47 TEE= 0 R2x= 0.000 R2z= 0.956 R2x_loop= 0.000 R2z_loop= 1.000  dep_x=10.000 dep_z= 0.000
rank= 54 Lx=Ly=10 pg= 0.100 ids= 590 TEE= 0 R2x= 0.000 R2z= 0.978 R2x_loop= 0.000 R2z_loop= 1.000  dep_x=10.000 dep_z= 0.000
rank= 68 Lx=Ly=10 pg= 0.100 ids= 860 TEE= 0 R2x= 0.000 R2z= 0.922 R2x_loop= 0.000 R2z_loop= 1.000  dep_x=10.000 dep_z= 0.000
rank=  4 Lx=Ly=10 pg= 0.100 ids= 924 TEE= 0 R2x= 0.000 R2z= 0.989 R2x_loop= 0.000 R2z_loop= 1.000  dep_x=10.000 dep_z= 0.000
rank= 16 Lx=Ly=10 pg= 0.100 ids= 936 TEE= 0 R2x= 0.000 R2z= 0.978 R2x_loop= 0.000 R2z_loop= 1.000  dep_x=10.000 dep_z= 0.000
rank= 48 Lx=Ly=10 pg= 0.100 ids= 968 TEE= 0 R2x= 0.000 R2z= 0.889 R2x_loop= 0.000 R2z_loop= 1.000  dep_x=10.000 dep_z= 0.000
rank= 64 Lx=Ly=10 pg= 0.100 ids= 856 TEE= 0 R2x= 0.000 R2z= 0.967 R2x_loop= 0.000 R2z_loop= 1.000  dep_x=10.000 dep_z= 0.000
rank= 31 Lx=Ly=10 pg= 0.100 ids= 567 TEE= 0 R2x= 0.000 R2z= 0.978 R2x_loop= 0.000 R2z_loop= 1.000  dep_x=10.000 dep_z= 0.000
rank= 18 Lx=Ly=10 pg= 0.100 ids= 938 TEE= 0 R2x= 0.000 R2z= 0.978 R2x_loop= 0.000 R2z_loop= 1.000  dep_x=10.000 dep_z= 0.000
rank= 98 Lx=Ly=10 pg= 0.100 ids= 890 TEE= 0 R2x= 0.000 R2z= 1.000 R2x_loop= 0.000 R2z_loop= 1.000  dep_x=10.000 dep_z= 0.000
rank=  8 Lx=Ly=10 pg= 0.100 ids= 928 TEE= 0 R2x= 0.000 R2z= 0.856 R2x_loop= 0.000 R2z_loop= 1.000  dep_x=10.000 dep_z= 0.000
rank= 14 Lx=Ly=10 pg= 0.100 ids= 934 TEE= 0 R2x= 0.000 R2z= 1.000 R2x_loop= 0.000 R2z_loop= 1.000  dep_x=10.000 dep_z= 0.000
rank= 36 Lx=Ly=10 pg= 0.100 ids= 700 TEE= 0 R2x= 0.000 R2z= 0.956 R2x_loop= 0.000 R2z_loop= 1.000  dep_x=10.000 dep_z= 0.000
rank= 92 Lx=Ly=10 pg= 0.200 ids=  12 TEE= 0 R2x= 0.000 R2z= 0.956 R2x_loop= 0.000 R2z_loop= 1.000  dep_x=10.000 dep_z= 0.000
rank= 26 Lx=Ly=10 pg= 0.100 ids= 946 TEE= 0 R2x= 0.000 R2z= 0.778 R2x_loop= 0.000 R2z_loop= 1.000  dep_x=10.000 dep_z= 0.000
rank= 76 Lx=Ly=10 pg= 0.100 ids= 996 TEE= 0 R2x= 0.000 R2z= 0.989 R2x_loop= 0.000 R2z_loop= 1.000  dep_x=10.000 dep_z= 0.000
rank= 10 Lx=Ly=10 pg= 0.100 ids= 546 TEE= 0 R2x= 0.000 R2z= 0.967 R2x_loop= 0.000 R2z_loop= 1.000  dep_x=10.000 dep_z= 0.000
rank=  7 Lx=Ly=10 pg= 0.100 ids= 543 TEE= 0 R2x= 0.000 R2z= 0.989 R2x_loop= 0.000 R2z_loop= 1.000  dep_x=10.000 dep_z= 0.000
rank= 12 Lx=Ly=10 pg= 0.100 ids= 932 TEE= 0 R2x= 0.000 R2z= 0.878 R2x_loop= 0.000 R2z_loop= 1.000  dep_x=10.000 dep_z= 0.000
rank= 94 Lx=Ly=10 pg= 0.200 ids=  14 TEE= 0 R2x= 0.000 R2z= 0.756 R2x_loop= 0.000 R2z_loop= 1.000  dep_x=10.000 dep_z= 0.000
rank= 34 Lx=Ly=10 pg= 0.100 ids= 954 TEE= 0 R2x= 0.000 R2z= 0.989 R2x_loop= 0.000 R2z_loop= 1.000  dep_x=10.000 dep_z= 0.000
rank=110 Lx=Ly=10 pg= 0.100 ids= 902 TEE= 0 R2x= 0.000 R2z= 0.967 R2x_loop= 0.000 R2z_loop= 1.000  dep_x=10.000 dep_z= 0.000
rank= 45 Lx=Ly=10 pg= 0.100 ids= 965 TEE= 0 R2x= 0.000 R2z= 0.956 R2x_loop= 0.000 R2z_loop= 1.000  dep_x=10.000 dep_z= 0.000
rank= 20 Lx=Ly=10 pg= 0.100 ids= 940 TEE= 0 R2x= 0.000 R2z= 0.867 R2x_loop= 0.000 R2z_loop= 1.000  dep_x=10.000 dep_z= 0.000
rank= 44 Lx=Ly=10 pg= 0.100 ids= 964 TEE= 0 R2x= 0.000 R2z= 0.967 R2x_loop= 0.000 R2z_loop= 1.000  dep_x=10.000 dep_z= 0.000
rank= 78 Lx=Ly=10 pg= 0.100 ids= 998 TEE= 0 R2x= 0.000 R2z= 0.989 R2x_loop= 0.000 R2z_loop= 1.000  dep_x=10.000 dep_z= 0.000
rank= 56 Lx=Ly=10 pg= 0.100 ids= 976 TEE= 0 R2x= 0.000 R2z= 0.989 R2x_loop= 0.000 R2z_loop= 1.000  dep_x=10.000 dep_z= 0.000
rank= 42 Lx=Ly=10 pg= 0.100 ids= 962 TEE= 0 R2x= 0.000 R2z= 0.978 R2x_loop= 0.000 R2z_loop= 1.000  dep_x=10.000 dep_z= 0.000
rank= 70 Lx=Ly=10 pg= 0.100 ids= 990 TEE= 0 R2x= 0.000 R2z= 0.978 R2x_loop= 0.000 R2z_loop= 1.000  dep_x=10.000 dep_z= 0.000
rank= 62 Lx=Ly=10 pg= 0.100 ids= 982 TEE= 0 R2x= 0.000 R2z= 0.989 R2x_loop= 0.000 R2z_loop= 1.000  dep_x=10.000 dep_z= 0.000
rank= 47 Lx=Ly=10 pg= 0.100 ids= 967 TEE= 0 R2x= 0.000 R2z= 0.822 R2x_loop= 0.000 R2z_loop= 1.000  dep_x=10.000 dep_z= 0.000
rank= 74 Lx=Ly=10 pg= 0.100 ids= 994 TEE= 0 R2x= 0.000 R2z= 1.000 R2x_loop= 0.000 R2z_loop= 1.000  dep_x=10.000 dep_z= 0.000
rank= 90 Lx=Ly=10 pg= 0.200 ids=  10 TEE= 0 R2x= 0.000 R2z= 0.967 R2x_loop= 0.000 R2z_loop= 1.000  dep_x=10.000 dep_z= 0.000
rank=108 Lx=Ly=10 pg= 0.200 ids=  28 TEE= 0 R2x= 0.000 R2z= 0.933 R2x_loop= 0.000 R2z_loop= 1.000  dep_x=10.000 dep_z= 0.000
rank= 80 Lx=Ly=10 pg= 0.200 ids=   0 TEE= 0 R2x= 0.000 R2z= 0.833 R2x_loop= 0.000 R2z_loop= 1.000  dep_x=10.000 dep_z= 0.000
rank= 40 Lx=Ly=10 pg= 0.100 ids= 960 TEE= 0 R2x= 0.000 R2z= 0.944 R2x_loop= 0.000 R2z_loop= 1.000  dep_x=10.000 dep_z= 0.000
rank= 60 Lx=Ly=10 pg= 0.100 ids= 980 TEE= 0 R2x= 0.000 R2z= 0.889 R2x_loop= 0.000 R2z_loop= 1.000  dep_x=10.000 dep_z= 0.000
rank= 58 Lx=Ly=10 pg= 0.100 ids= 978 TEE= 0 R2x= 0.000 R2z= 1.000 R2x_loop= 0.000 R2z_loop= 1.000  dep_x=10.000 dep_z= 0.000
rank= 72 Lx=Ly=10 pg= 0.100 ids= 992 TEE= 0 R2x= 0.000 R2z= 1.000 R2x_loop= 0.000 R2z_loop= 1.000  dep_x=10.000 dep_z= 0.000
rank= 84 Lx=Ly=10 pg= 0.200 ids=   4 TEE= 0 R2x= 0.000 R2z= 0.922 R2x_loop= 0.000 R2z_loop= 1.000  dep_x=10.000 dep_z= 0.000
rank= 95 Lx=Ly=10 pg= 0.200 ids=  15 TEE= 0 R2x= 0.000 R2z= 0.933 R2x_loop= 0.000 R2z_loop= 1.000  dep_x=10.000 dep_z= 0.000
rank=101 Lx=Ly=10 pg= 0.100 ids= 893 TEE= 0 R2x= 0.000 R2z= 0.978 R2x_loop= 0.000 R2z_loop= 1.000  dep_x=10.000 dep_z= 0.000
rank=106 Lx=Ly=10 pg= 0.200 ids=  26 TEE= 0 R2x= 0.000 R2z= 0.922 R2x_loop= 0.000 R2z_loop= 1.000  dep_x=10.000 dep_z= 0.000
rank=  0 Lx=Ly=10 pg= 0.100 ids= 920 TEE= 0 R2x= 0.000 R2z= 0.867 R2x_loop= 0.000 R2z_loop= 1.000  dep_x=10.000 dep_z= 0.000
rank=102 Lx=Ly=10 pg= 0.200 ids=  22 TEE= 0 R2x= 0.000 R2z= 0.944 R2x_loop= 0.000 R2z_loop= 1.000  dep_x=10.000 dep_z= 0.000
rank= 46 Lx=Ly=10 pg= 0.100 ids= 966 TEE= 0 R2x= 0.000 R2z= 0.967 R2x_loop= 0.000 R2z_loop= 1.000  dep_x=10.000 dep_z= 0.000
rank= 63 Lx=Ly=10 pg= 0.100 ids= 983 TEE= 0 R2x= 0.000 R2z= 0.989 R2x_loop= 0.000 R2z_loop= 1.000  dep_x=10.000 dep_z= 0.000
rank=100 Lx=Ly=10 pg= 0.200 ids=  20 TEE= 0 R2x= 0.000 R2z= 0.767 R2x_loop= 0.000 R2z_loop= 1.000  dep_x=10.000 dep_z= 0.000
rank=104 Lx=Ly=10 pg= 0.200 ids=  24 TEE= 0 R2x= 0.000 R2z= 0.967 R2x_loop= 0.000 R2z_loop= 1.000  dep_x=10.000 dep_z= 0.000
rank= 11 Lx=Ly=10 pg= 0.100 ids= 803 TEE= 0 R2x= 0.000 R2z= 0.989 R2x_loop= 0.000 R2z_loop= 1.000  dep_x=10.000 dep_z= 0.000
rank= 66 Lx=Ly=10 pg= 0.100 ids= 986 TEE= 0 R2x= 0.000 R2z= 0.978 R2x_loop= 0.000 R2z_loop= 1.000  dep_x=10.000 dep_z= 0.000
rank= 22 Lx=Ly=10 pg= 0.100 ids= 686 TEE= 0 R2x= 0.000 R2z= 0.967 R2x_loop= 0.000 R2z_loop= 1.000  dep_x=10.000 dep_z= 0.000
rank=112 Lx=Ly=10 pg= 0.200 ids=  32 TEE= 0 R2x= 0.000 R2z= 0.911 R2x_loop= 0.000 R2z_loop= 1.000  dep_x=10.000 dep_z= 0.000
rank= 96 Lx=Ly=10 pg= 0.200 ids=  16 TEE= 0 R2x= 0.000 R2z= 0.933 R2x_loop= 0.000 R2z_loop= 1.000  dep_x=10.000 dep_z= 0.000
rank=126 Lx=Ly=10 pg= 0.200 ids=  46 TEE= 0 R2x= 0.000 R2z= 0.856 R2x_loop= 0.000 R2z_loop= 1.000  dep_x=10.000 dep_z= 0.000
rank=120 Lx=Ly=10 pg= 0.200 ids=  40 TEE= 0 R2x= 0.000 R2z= 0.933 R2x_loop= 0.000 R2z_loop= 1.000  dep_x=10.000 dep_z= 0.000
rank=122 Lx=Ly=10 pg= 0.200 ids=  42 TEE= 0 R2x= 0.000 R2z= 0.967 R2x_loop= 0.000 R2z_loop= 1.000  dep_x=10.000 dep_z= 0.000
rank=124 Lx=Ly=10 pg= 0.200 ids=  44 TEE= 0 R2x= 0.000 R2z= 0.944 R2x_loop= 0.000 R2z_loop= 1.000  dep_x=10.000 dep_z= 0.000
rank= 32 Lx=Ly=10 pg= 0.100 ids= 952 TEE= 0 R2x= 0.000 R2z= 0.989 R2x_loop= 0.000 R2z_loop= 1.000  dep_x=10.000 dep_z= 0.000
rank=116 Lx=Ly=10 pg= 0.200 ids=  36 TEE= 0 R2x= 0.000 R2z= 0.967 R2x_loop= 0.000 R2z_loop= 1.000  dep_x=10.000 dep_z= 0.000
rank=118 Lx=Ly=10 pg= 0.200 ids=  38 TEE= 0 R2x= 0.000 R2z= 0.889 R2x_loop= 0.000 R2z_loop= 1.000  dep_x=10.000 dep_z= 0.000
rank=111 Lx=Ly=10 pg= 0.100 ids= 775 TEE= 0 R2x= 0.000 R2z= 0.978 R2x_loop= 0.000 R2z_loop= 1.000  dep_x=10.000 dep_z= 0.000
rank= 24 Lx=Ly=10 pg= 0.100 ids= 944 TEE= 0 R2x= 0.000 R2z= 0.956 R2x_loop= 0.000 R2z_loop= 1.000  dep_x=10.000 dep_z= 0.000
rank= 28 Lx=Ly=10 pg= 0.100 ids= 948 TEE= 0 R2x= 0.000 R2z= 0.978 R2x_loop= 0.000 R2z_loop= 1.000  dep_x=10.000 dep_z= 0.000
rank=  6 Lx=Ly=10 pg= 0.100 ids= 542 TEE= 0 R2x= 0.000 R2z= 0.978 R2x_loop= 0.000 R2z_loop= 1.000  dep_x=10.000 dep_z= 0.000
rank=123 Lx=Ly=10 pg= 0.100 ids= 915 TEE= 0 R2x= 0.000 R2z= 0.978 R2x_loop= 0.000 R2z_loop= 1.000  dep_x=10.000 dep_z= 0.000
rank= 81 Lx=Ly=10 pg= 0.100 ids= 489 TEE= 0 R2x= 0.000 R2z= 0.978 R2x_loop= 0.000 R2z_loop= 1.000  dep_x=10.000 dep_z= 0.000
rank= 37 Lx=Ly=10 pg= 0.200 ids=  85 TEE= 0 R2x= 0.000 R2z= 0.767 R2x_loop= 0.000 R2z_loop= 1.000  dep_x=10.000 dep_z= 0.000
rank=109 Lx=Ly=10 pg= 0.200 ids= 157 TEE= 0 R2x= 0.000 R2z= 0.878 R2x_loop= 0.000 R2z_loop= 1.000  dep_x=10.000 dep_z= 0.000
rank= 93 Lx=Ly=10 pg= 0.200 ids= 141 TEE= 0 R2x= 0.000 R2z= 0.833 R2x_loop= 0.000 R2z_loop= 1.000  dep_x=10.000 dep_z= 0.000
rank= 30 Lx=Ly=10 pg= 0.100 ids= 566 TEE= 0 R2x= 0.000 R2z= 0.956 R2x_loop= 0.000 R2z_loop= 1.000  dep_x=10.000 dep_z= 0.000
rank= 79 Lx=Ly=10 pg= 0.200 ids= 127 TEE= 0 R2x= 0.000 R2z= 0.900 R2x_loop= 0.000 R2z_loop= 1.000  dep_x=10.000 dep_z= 0.000
rank=114 Lx=Ly=10 pg= 0.200 ids=  34 TEE= 0 R2x= 0.000 R2z= 0.822 R2x_loop= 0.000 R2z_loop= 1.000  dep_x=10.000 dep_z= 0.000
rank= 69 Lx=Ly=10 pg= 0.200 ids= 117 TEE= 0 R2x= 0.000 R2z= 0.933 R2x_loop= 0.000 R2z_loop= 1.000  dep_x=10.000 dep_z= 0.000
rank= 67 Lx=Ly=10 pg= 0.200 ids= 115 TEE= 0 R2x= 0.000 R2z= 0.956 R2x_loop= 0.000 R2z_loop= 1.000  dep_x=10.000 dep_z= 0.000
rank= 87 Lx=Ly=10 pg= 0.200 ids= 135 TEE= 0 R2x= 0.000 R2z= 0.778 R2x_loop= 0.000 R2z_loop= 1.000  dep_x=10.000 dep_z= 0.000
rank= 97 Lx=Ly=10 pg= 0.200 ids=  17 TEE= 0 R2x= 0.000 R2z= 0.956 R2x_loop= 0.000 R2z_loop= 1.000  dep_x=10.000 dep_z= 0.000
rank= 71 Lx=Ly=10 pg= 0.200 ids= 119 TEE= 0 R2x= 0.000 R2z= 0.811 R2x_loop= 0.000 R2z_loop= 1.000  dep_x=10.000 dep_z= 0.000
rank= 91 Lx=Ly=10 pg= 0.200 ids= 139 TEE= 0 R2x= 0.000 R2z= 0.744 R2x_loop= 0.000 R2z_loop= 1.000  dep_x=10.000 dep_z= 0.000
rank= 61 Lx=Ly=10 pg= 0.200 ids= 109 TEE= 0 R2x= 0.000 R2z= 0.622 R2x_loop= 0.000 R2z_loop= 1.000  dep_x=10.000 dep_z= 0.000
rank=  5 Lx=Ly=10 pg= 0.200 ids=  53 TEE= 0 R2x= 0.000 R2z= 0.922 R2x_loop= 0.000 R2z_loop= 1.000  dep_x=10.000 dep_z= 0.000
rank= 85 Lx=Ly=10 pg= 0.200 ids= 133 TEE= 0 R2x= 0.000 R2z= 0.844 R2x_loop= 0.000 R2z_loop= 1.000  dep_x=10.000 dep_z= 0.000
rank= 50 Lx=Ly=10 pg= 0.100 ids= 714 TEE= 0 R2x= 0.000 R2z= 0.956 R2x_loop= 0.000 R2z_loop= 1.000  dep_x=10.000 dep_z= 0.000
rank=105 Lx=Ly=10 pg= 0.200 ids= 153 TEE= 0 R2x= 0.000 R2z= 0.856 R2x_loop= 0.000 R2z_loop= 1.000  dep_x=10.000 dep_z= 0.000
rank= 39 Lx=Ly=10 pg= 0.200 ids=  87 TEE= 0 R2x= 0.000 R2z= 0.856 R2x_loop= 0.000 R2z_loop= 1.000  dep_x=10.000 dep_z= 0.000
rank= 89 Lx=Ly=10 pg= 0.200 ids= 137 TEE= 0 R2x= 0.000 R2z= 0.989 R2x_loop= 0.000 R2z_loop= 1.000  dep_x=10.000 dep_z= 0.000
rank= 59 Lx=Ly=10 pg= 0.200 ids= 107 TEE= 0 R2x= 0.000 R2z= 0.956 R2x_loop= 0.000 R2z_loop= 1.000  dep_x=10.000 dep_z= 0.000
rank= 75 Lx=Ly=10 pg= 0.200 ids= 123 TEE= 0 R2x= 0.000 R2z= 0.956 R2x_loop= 0.000 R2z_loop= 1.000  dep_x=10.000 dep_z= 0.000
rank=  1 Lx=Ly=10 pg= 0.200 ids=  49 TEE= 0 R2x= 0.000 R2z= 0.922 R2x_loop= 0.000 R2z_loop= 1.000  dep_x=10.000 dep_z= 0.000
rank=125 Lx=Ly=10 pg= 0.200 ids= 173 TEE= 0 R2x= 0.000 R2z= 0.956 R2x_loop= 0.000 R2z_loop= 1.000  dep_x=10.000 dep_z= 0.000
rank=  3 Lx=Ly=10 pg= 0.200 ids=  51 TEE= 0 R2x= 0.000 R2z= 0.844 R2x_loop= 0.000 R2z_loop= 1.000  dep_x=10.000 dep_z= 0.000
rank= 35 Lx=Ly=10 pg= 0.200 ids=  83 TEE= 0 R2x= 0.000 R2z= 0.756 R2x_loop= 0.000 R2z_loop= 1.000  dep_x=10.000 dep_z= 0.000
rank= 21 Lx=Ly=10 pg= 0.200 ids=  69 TEE= 0 R2x= 0.000 R2z= 0.944 R2x_loop= 0.000 R2z_loop= 1.000  dep_x=10.000 dep_z= 0.000
rank= 25 Lx=Ly=10 pg= 0.200 ids=  73 TEE= 0 R2x= 0.000 R2z= 0.933 R2x_loop= 0.000 R2z_loop= 1.000  dep_x=10.000 dep_z= 0.000
rank=115 Lx=Ly=10 pg= 0.200 ids= 163 TEE= 0 R2x= 0.000 R2z= 0.844 R2x_loop= 0.000 R2z_loop= 1.000  dep_x=10.000 dep_z= 0.000
rank= 29 Lx=Ly=10 pg= 0.100 ids= 565 TEE= 0 R2x= 0.000 R2z= 0.989 R2x_loop= 0.000 R2z_loop= 1.000  dep_x=10.000 dep_z= 0.000
rank= 33 Lx=Ly=10 pg= 0.200 ids=  81 TEE= 0 R2x= 0.000 R2z= 0.800 R2x_loop= 0.000 R2z_loop= 1.000  dep_x=10.000 dep_z= 0.000
rank= 49 Lx=Ly=10 pg= 0.200 ids=  97 TEE= 0 R2x= 0.000 R2z= 0.878 R2x_loop= 0.000 R2z_loop= 1.000  dep_x=10.000 dep_z= 0.000
rank= 23 Lx=Ly=10 pg= 0.200 ids=  71 TEE= 0 R2x= 0.000 R2z= 0.922 R2x_loop= 0.000 R2z_loop= 1.000  dep_x=10.000 dep_z= 0.000
rank= 17 Lx=Ly=10 pg= 0.200 ids=  65 TEE= 0 R2x= 0.000 R2z= 0.822 R2x_loop= 0.000 R2z_loop= 1.000  dep_x=10.000 dep_z= 0.000
rank= 73 Lx=Ly=10 pg= 0.200 ids= 121 TEE= 0 R2x= 0.000 R2z= 0.811 R2x_loop= 0.000 R2z_loop= 1.000  dep_x=10.000 dep_z= 0.000
rank= 99 Lx=Ly=10 pg= 0.200 ids=  19 TEE= 0 R2x= 0.000 R2z= 0.778 R2x_loop= 0.000 R2z_loop= 1.000  dep_x=10.000 dep_z= 0.000
rank= 82 Lx=Ly=10 pg= 0.100 ids= 874 TEE= 0 R2x= 0.000 R2z= 0.889 R2x_loop= 0.000 R2z_loop= 1.000  dep_x=10.000 dep_z= 0.000
rank= 38 Lx=Ly=10 pg= 0.100 ids= 958 TEE= 0 R2x= 0.000 R2z= 0.978 R2x_loop= 0.000 R2z_loop= 1.000  dep_x=10.000 dep_z= 0.000
rank= 19 Lx=Ly=10 pg= 0.200 ids=  67 TEE= 0 R2x= 0.000 R2z= 0.978 R2x_loop= 0.000 R2z_loop= 1.000  dep_x=10.000 dep_z= 0.000
rank= 13 Lx=Ly=10 pg= 0.200 ids=  61 TEE= 0 R2x= 0.000 R2z= 0.933 R2x_loop= 0.000 R2z_loop= 1.000  dep_x=10.000 dep_z= 0.000
rank=113 Lx=Ly=10 pg= 0.200 ids= 161 TEE= 0 R2x= 0.000 R2z= 0.967 R2x_loop= 0.000 R2z_loop= 1.000  dep_x=10.000 dep_z= 0.000
rank= 55 Lx=Ly=10 pg= 0.200 ids= 103 TEE= 0 R2x= 0.000 R2z= 0.900 R2x_loop= 0.000 R2z_loop= 1.000  dep_x=10.000 dep_z= 0.000
rank=117 Lx=Ly=10 pg= 0.200 ids= 165 TEE= 0 R2x= 0.000 R2z= 0.922 R2x_loop= 0.000 R2z_loop= 1.000  dep_x=10.000 dep_z= 0.000
rank= 15 Lx=Ly=10 pg= 0.200 ids=  63 TEE= 0 R2x= 0.000 R2z= 0.822 R2x_loop= 0.000 R2z_loop= 1.000  dep_x=10.000 dep_z= 0.000
rank=119 Lx=Ly=10 pg= 0.200 ids= 167 TEE= 0 R2x= 0.000 R2z= 0.867 R2x_loop= 0.000 R2z_loop= 1.000  dep_x=10.000 dep_z= 0.000
rank= 51 Lx=Ly=10 pg= 0.200 ids=  99 TEE= 0 R2x= 0.000 R2z= 0.922 R2x_loop= 0.000 R2z_loop= 1.000  dep_x=10.000 dep_z= 0.000
rank=  9 Lx=Ly=10 pg= 0.200 ids=  57 TEE= 0 R2x= 0.000 R2z= 0.822 R2x_loop= 0.000 R2z_loop= 1.000  dep_x=10.000 dep_z= 0.000
rank= 41 Lx=Ly=10 pg= 0.200 ids=  89 TEE= 0 R2x= 0.000 R2z= 0.833 R2x_loop= 0.000 R2z_loop= 1.000  dep_x=10.000 dep_z= 0.000
rank= 43 Lx=Ly=10 pg= 0.100 ids= 963 TEE= 0 R2x= 0.000 R2z= 0.956 R2x_loop= 0.000 R2z_loop= 1.000  dep_x=10.000 dep_z= 0.000
rank=107 Lx=Ly=10 pg= 0.100 ids= 771 TEE= 0 R2x= 0.000 R2z= 0.900 R2x_loop= 0.000 R2z_loop= 1.000  dep_x=10.000 dep_z= 0.000
rank= 83 Lx=Ly=10 pg= 0.100 ids= 875 TEE= 0 R2x= 0.000 R2z= 0.867 R2x_loop= 0.000 R2z_loop= 1.000  dep_x=10.000 dep_z= 0.000
rank= 52 Lx=Ly=10 pg= 0.100 ids= 716 TEE= 0 R2x= 0.000 R2z= 0.978 R2x_loop= 0.000 R2z_loop= 1.000  dep_x=10.000 dep_z= 0.000
rank= 27 Lx=Ly=10 pg= 0.200 ids=  75 TEE= 0 R2x= 0.000 R2z= 0.856 R2x_loop= 0.000 R2z_loop= 1.000  dep_x=10.000 dep_z= 0.000
rank= 86 Lx=Ly=10 pg= 0.200 ids=   6 TEE= 0 R2x= 0.000 R2z= 0.867 R2x_loop= 0.000 R2z_loop= 1.000  dep_x=10.000 dep_z= 0.000
rank=121 Lx=Ly=10 pg= 0.100 ids= 785 TEE= 0 R2x= 0.000 R2z= 0.956 R2x_loop= 0.000 R2z_loop= 1.000  dep_x=10.000 dep_z= 0.000
rank= 77 Lx=Ly=10 pg= 0.100 ids= 869 TEE= 0 R2x= 0.000 R2z= 1.000 R2x_loop= 0.000 R2z_loop= 1.000  dep_x=10.000 dep_z= 0.000
rank= 88 Lx=Ly=10 pg= 0.100 ids= 880 TEE= 0 R2x= 0.000 R2z= 0.967 R2x_loop= 0.000 R2z_loop= 1.000  dep_x=10.000 dep_z= 0.000
rank= 57 Lx=Ly=10 pg= 0.100 ids= 977 TEE= 0 R2x= 0.000 R2z= 0.944 R2x_loop= 0.000 R2z_loop= 1.000  dep_x=10.000 dep_z= 0.000
rank=103 Lx=Ly=10 pg= 0.200 ids= 151 TEE= 0 R2x= 0.000 R2z= 0.922 R2x_loop= 0.000 R2z_loop= 1.000  dep_x=10.000 dep_z= 0.000
rank=127 Lx=Ly=10 pg= 0.200 ids= 175 TEE= 0 R2x= 0.000 R2z= 0.922 R2x_loop= 0.000 R2z_loop= 1.000  dep_x=10.000 dep_z= 0.000
rank=  4 Lx=Ly=10 pg= 0.200 ids=  52 TEE= 0 R2x= 0.000 R2z= 0.889 R2x_loop= 0.000 R2z_loop= 1.000  dep_x=10.000 dep_z= 0.000
rank= 68 Lx=Ly=10 pg= 0.100 ids= 988 TEE= 0 R2x= 0.000 R2z= 0.967 R2x_loop= 0.000 R2z_loop= 1.000  dep_x=10.000 dep_z= 0.000
rank= 16 Lx=Ly=10 pg= 0.200 ids=  64 TEE= 0 R2x= 0.000 R2z= 0.811 R2x_loop= 0.000 R2z_loop= 1.000  dep_x=10.000 dep_z= 0.000
rank= 48 Lx=Ly=10 pg= 0.200 ids=  96 TEE= 0 R2x= 0.000 R2z= 0.789 R2x_loop= 0.000 R2z_loop= 1.000  dep_x=10.000 dep_z= 0.000
rank= 18 Lx=Ly=10 pg= 0.200 ids=  66 TEE= 0 R2x= 0.000 R2z= 0.900 R2x_loop= 0.000 R2z_loop= 1.000  dep_x=10.000 dep_z= 0.000
rank= 36 Lx=Ly=10 pg= 0.100 ids= 828 TEE= 0 R2x= 0.000 R2z= 0.889 R2x_loop= 0.000 R2z_loop= 1.000  dep_x=10.000 dep_z= 0.000
rank=  8 Lx=Ly=10 pg= 0.200 ids=  56 TEE= 0 R2x= 0.000 R2z= 0.933 R2x_loop= 0.000 R2z_loop= 1.000  dep_x=10.000 dep_z= 0.000
rank= 14 Lx=Ly=10 pg= 0.200 ids=  62 TEE= 0 R2x= 0.000 R2z= 0.800 R2x_loop= 0.000 R2z_loop= 1.000  dep_x=10.000 dep_z= 0.000
rank= 26 Lx=Ly=10 pg= 0.200 ids=  74 TEE= 0 R2x= 0.000 R2z= 0.733 R2x_loop= 0.000 R2z_loop= 1.000  dep_x=10.000 dep_z= 0.000
rank= 92 Lx=Ly=10 pg= 0.200 ids= 140 TEE= 0 R2x= 0.000 R2z= 0.856 R2x_loop= 0.000 R2z_loop= 1.000  dep_x=10.000 dep_z= 0.000
rank= 76 Lx=Ly=10 pg= 0.200 ids= 124 TEE= 0 R2x= 0.000 R2z= 0.956 R2x_loop= 0.000 R2z_loop= 1.000  dep_x=10.000 dep_z= 0.000
rank= 45 Lx=Ly=10 pg= 0.200 ids=  93 TEE= 0 R2x= 0.000 R2z= 0.911 R2x_loop= 0.000 R2z_loop= 1.000  dep_x=10.000 dep_z= 0.000
rank= 65 Lx=Ly=10 pg= 0.100 ids= 857 TEE= 0 R2x= 0.000 R2z= 0.956 R2x_loop= 0.000 R2z_loop= 1.000  dep_x=10.000 dep_z= 0.000
rank= 98 Lx=Ly=10 pg= 0.200 ids=  18 TEE= 0 R2x= 0.000 R2z= 0.978 R2x_loop= 0.000 R2z_loop= 1.000  dep_x=10.000 dep_z= 0.000
rank= 12 Lx=Ly=10 pg= 0.200 ids=  60 TEE= 0 R2x= 0.000 R2z= 0.989 R2x_loop= 0.000 R2z_loop= 1.000  dep_x=10.000 dep_z= 0.000
rank= 94 Lx=Ly=10 pg= 0.200 ids= 142 TEE= 0 R2x= 0.000 R2z= 0.856 R2x_loop= 0.000 R2z_loop= 1.000  dep_x=10.000 dep_z= 0.000
rank= 20 Lx=Ly=10 pg= 0.200 ids=  68 TEE= 0 R2x= 0.000 R2z= 0.833 R2x_loop= 0.000 R2z_loop= 1.000  dep_x=10.000 dep_z= 0.000
rank= 34 Lx=Ly=10 pg= 0.200 ids=  82 TEE= 0 R2x= 0.000 R2z= 0.933 R2x_loop= 0.000 R2z_loop= 1.000  dep_x=10.000 dep_z= 0.000
rank= 44 Lx=Ly=10 pg= 0.200 ids=  92 TEE= 0 R2x= 0.000 R2z= 0.900 R2x_loop= 0.000 R2z_loop= 1.000  dep_x=10.000 dep_z= 0.000
rank= 56 Lx=Ly=10 pg= 0.200 ids= 104 TEE= 0 R2x= 0.000 R2z= 0.967 R2x_loop= 0.000 R2z_loop= 1.000  dep_x=10.000 dep_z= 0.000
rank= 62 Lx=Ly=10 pg= 0.200 ids= 110 TEE= 0 R2x= 0.000 R2z= 0.833 R2x_loop= 0.000 R2z_loop= 1.000  dep_x=10.000 dep_z= 0.000
rank= 78 Lx=Ly=10 pg= 0.200 ids= 126 TEE= 0 R2x= 0.000 R2z= 0.822 R2x_loop= 0.000 R2z_loop= 1.000  dep_x=10.000 dep_z= 0.000
rank= 42 Lx=Ly=10 pg= 0.200 ids=  90 TEE= 0 R2x= 0.000 R2z= 0.733 R2x_loop= 0.000 R2z_loop= 1.000  dep_x=10.000 dep_z= 0.000
rank= 70 Lx=Ly=10 pg= 0.200 ids= 118 TEE= 0 R2x= 0.000 R2z= 0.900 R2x_loop= 0.000 R2z_loop= 1.000  dep_x=10.000 dep_z= 0.000
rank= 31 Lx=Ly=10 pg= 0.100 ids= 695 TEE= 0 R2x= 0.000 R2z= 1.000 R2x_loop= 0.000 R2z_loop= 1.000  dep_x=10.000 dep_z= 0.000
rank= 90 Lx=Ly=10 pg= 0.200 ids= 138 TEE= 0 R2x= 0.000 R2z= 0.689 R2x_loop= 0.000 R2z_loop= 1.000  dep_x=10.000 dep_z= 0.000
rank=108 Lx=Ly=10 pg= 0.200 ids= 156 TEE= 0 R2x= 0.000 R2z= 0.889 R2x_loop= 0.000 R2z_loop= 1.000  dep_x=10.000 dep_z= 0.000
rank= 74 Lx=Ly=10 pg= 0.200 ids= 122 TEE= 0 R2x= 0.000 R2z= 0.944 R2x_loop= 0.000 R2z_loop= 1.000  dep_x=10.000 dep_z= 0.000
rank= 80 Lx=Ly=10 pg= 0.200 ids= 128 TEE= 0 R2x= 0.000 R2z= 0.878 R2x_loop= 0.000 R2z_loop= 1.000  dep_x=10.000 dep_z= 0.000
rank= 47 Lx=Ly=10 pg= 0.200 ids=  95 TEE= 0 R2x= 0.000 R2z= 0.978 R2x_loop= 0.000 R2z_loop= 1.000  dep_x=10.000 dep_z= 0.000
rank= 95 Lx=Ly=10 pg= 0.200 ids= 143 TEE= 0 R2x= 0.000 R2z= 0.922 R2x_loop= 0.000 R2z_loop= 1.000  dep_x=10.000 dep_z= 0.000
rank= 58 Lx=Ly=10 pg= 0.200 ids= 106 TEE= 0 R2x= 0.000 R2z= 0.967 R2x_loop= 0.000 R2z_loop= 1.000  dep_x=10.000 dep_z= 0.000
rank= 40 Lx=Ly=10 pg= 0.200 ids=  88 TEE= 0 R2x= 0.000 R2z= 0.967 R2x_loop= 0.000 R2z_loop= 1.000  dep_x=10.000 dep_z= 0.000
rank= 60 Lx=Ly=10 pg= 0.200 ids= 108 TEE= 0 R2x= 0.000 R2z= 0.933 R2x_loop= 0.000 R2z_loop= 1.000  dep_x=10.000 dep_z= 0.000
rank= 63 Lx=Ly=10 pg= 0.200 ids= 111 TEE= 0 R2x= 0.000 R2z= 0.944 R2x_loop= 0.000 R2z_loop= 1.000  dep_x=10.000 dep_z= 0.000
rank=106 Lx=Ly=10 pg= 0.200 ids= 154 TEE= 0 R2x= 0.000 R2z= 0.967 R2x_loop= 0.000 R2z_loop= 1.000  dep_x=10.000 dep_z= 0.000
rank= 64 Lx=Ly=10 pg= 0.100 ids= 984 TEE= 0 R2x= 0.000 R2z= 0.967 R2x_loop= 0.000 R2z_loop= 1.000  dep_x=10.000 dep_z= 0.000
rank=102 Lx=Ly=10 pg= 0.200 ids= 150 TEE= 0 R2x= 0.000 R2z= 0.889 R2x_loop= 0.000 R2z_loop= 1.000  dep_x=10.000 dep_z= 0.000
rank= 46 Lx=Ly=10 pg= 0.200 ids=  94 TEE= 0 R2x= 0.000 R2z= 0.833 R2x_loop= 0.000 R2z_loop= 1.000  dep_x=10.000 dep_z= 0.000
rank=104 Lx=Ly=10 pg= 0.200 ids= 152 TEE= 0 R2x= 0.000 R2z= 0.844 R2x_loop= 0.000 R2z_loop= 1.000  dep_x=10.000 dep_z= 0.000
rank=  0 Lx=Ly=10 pg= 0.200 ids=  48 TEE= 0 R2x= 0.000 R2z= 0.967 R2x_loop= 0.000 R2z_loop= 1.000  dep_x=10.000 dep_z= 0.000
rank= 66 Lx=Ly=10 pg= 0.200 ids= 114 TEE= 0 R2x= 0.000 R2z= 0.933 R2x_loop= 0.000 R2z_loop= 1.000  dep_x=10.000 dep_z= 0.000
rank=100 Lx=Ly=10 pg= 0.200 ids= 148 TEE= 0 R2x= 0.000 R2z= 0.922 R2x_loop= 0.000 R2z_loop= 1.000  dep_x=10.000 dep_z= 0.000
rank=101 Lx=Ly=10 pg= 0.200 ids=  21 TEE= 0 R2x= 0.000 R2z= 0.789 R2x_loop= 0.000 R2z_loop= 1.000  dep_x=10.000 dep_z= 0.000
rank=110 Lx=Ly=10 pg= 0.200 ids=  30 TEE= 0 R2x= 0.000 R2z= 0.856 R2x_loop= 0.000 R2z_loop= 1.000  dep_x=10.000 dep_z= 0.000
rank=  2 Lx=Ly=10 pg= 0.100 ids= 666 TEE= 0 R2x= 0.000 R2z= 0.967 R2x_loop= 0.000 R2z_loop= 1.000  dep_x=10.000 dep_z= 0.000
rank= 53 Lx=Ly=10 pg= 0.100 ids= 845 TEE= 0 R2x= 0.000 R2z= 0.967 R2x_loop= 0.000 R2z_loop= 1.000  dep_x=10.000 dep_z= 0.000
rank= 72 Lx=Ly=10 pg= 0.200 ids= 120 TEE= 0 R2x= 0.000 R2z= 0.933 R2x_loop= 0.000 R2z_loop= 1.000  dep_x=10.000 dep_z= 0.000
rank= 11 Lx=Ly=10 pg= 0.100 ids= 931 TEE= 0 R2x= 0.000 R2z= 0.967 R2x_loop= 0.000 R2z_loop= 1.000  dep_x=10.000 dep_z= 0.000
rank=  7 Lx=Ly=10 pg= 0.100 ids= 671 TEE= 0 R2x= 0.000 R2z= 0.900 R2x_loop= 0.000 R2z_loop= 1.000  dep_x=10.000 dep_z= 0.000
rank=126 Lx=Ly=10 pg= 0.200 ids= 174 TEE= 0 R2x= 0.000 R2z= 0.844 R2x_loop= 0.000 R2z_loop= 1.000  dep_x=10.000 dep_z= 0.000
rank= 96 Lx=Ly=10 pg= 0.200 ids= 144 TEE= 0 R2x= 0.000 R2z= 0.889 R2x_loop= 0.000 R2z_loop= 1.000  dep_x=10.000 dep_z= 0.000
rank=112 Lx=Ly=10 pg= 0.200 ids= 160 TEE= 0 R2x= 0.000 R2z= 0.922 R2x_loop= 0.000 R2z_loop= 1.000  dep_x=10.000 dep_z= 0.000
rank=120 Lx=Ly=10 pg= 0.200 ids= 168 TEE= 0 R2x= 0.000 R2z= 0.933 R2x_loop= 0.000 R2z_loop= 1.000  dep_x=10.000 dep_z= 0.000
rank=122 Lx=Ly=10 pg= 0.200 ids= 170 TEE= 0 R2x= 0.000 R2z= 0.922 R2x_loop= 0.000 R2z_loop= 1.000  dep_x=10.000 dep_z= 0.000
rank=124 Lx=Ly=10 pg= 0.200 ids= 172 TEE= 0 R2x= 0.000 R2z= 0.767 R2x_loop= 0.000 R2z_loop= 1.000  dep_x=10.000 dep_z= 0.000
rank= 10 Lx=Ly=10 pg= 0.100 ids= 674 TEE= 0 R2x= 0.000 R2z= 1.000 R2x_loop= 0.000 R2z_loop= 1.000  dep_x=10.000 dep_z= 0.000
rank= 54 Lx=Ly=10 pg= 0.100 ids= 718 TEE= 0 R2x= 0.000 R2z= 0.989 R2x_loop= 0.000 R2z_loop= 1.000  dep_x=10.000 dep_z= 0.000
rank= 32 Lx=Ly=10 pg= 0.200 ids=  80 TEE= 0 R2x= 0.000 R2z= 0.822 R2x_loop= 0.000 R2z_loop= 1.000  dep_x=10.000 dep_z= 0.000
rank=116 Lx=Ly=10 pg= 0.200 ids= 164 TEE= 0 R2x= 0.000 R2z= 0.900 R2x_loop= 0.000 R2z_loop= 1.000  dep_x=10.000 dep_z= 0.000
rank= 84 Lx=Ly=10 pg= 0.200 ids= 132 TEE= 0 R2x= 0.000 R2z= 0.944 R2x_loop= 0.000 R2z_loop= 1.000  dep_x=10.000 dep_z= 0.000
rank=118 Lx=Ly=10 pg= 0.200 ids= 166 TEE= 0 R2x= 0.000 R2z= 0.933 R2x_loop= 0.000 R2z_loop= 1.000  dep_x=10.000 dep_z= 0.000
rank= 24 Lx=Ly=10 pg= 0.200 ids=  72 TEE= 0 R2x= 0.000 R2z= 0.856 R2x_loop= 0.000 R2z_loop= 1.000  dep_x=10.000 dep_z= 0.000
rank= 28 Lx=Ly=10 pg= 0.200 ids=  76 TEE= 0 R2x= 0.000 R2z= 0.911 R2x_loop= 0.000 R2z_loop= 1.000  dep_x=10.000 dep_z= 0.000
rank=123 Lx=Ly=10 pg= 0.200 ids=  43 TEE= 0 R2x= 0.000 R2z= 0.956 R2x_loop= 0.000 R2z_loop= 1.000  dep_x=10.000 dep_z= 0.000
rank= 37 Lx=Ly=10 pg= 0.200 ids= 213 TEE= 0 R2x= 0.000 R2z= 0.900 R2x_loop= 0.000 R2z_loop= 1.000  dep_x=10.000 dep_z= 0.000
rank=109 Lx=Ly=10 pg= 0.200 ids= 285 TEE= 0 R2x= 0.000 R2z= 0.744 R2x_loop= 0.000 R2z_loop= 1.000  dep_x=10.000 dep_z= 0.000
rank= 93 Lx=Ly=10 pg= 0.200 ids= 269 TEE= 0 R2x= 0.000 R2z= 0.600 R2x_loop= 0.000 R2z_loop= 1.000  dep_x=10.000 dep_z= 0.000
rank= 69 Lx=Ly=10 pg= 0.200 ids= 245 TEE= 0 R2x= 0.000 R2z= 0.922 R2x_loop= 0.000 R2z_loop= 1.000  dep_x=10.000 dep_z= 0.000
rank= 67 Lx=Ly=10 pg= 0.200 ids= 243 TEE= 0 R2x= 0.000 R2z= 0.956 R2x_loop= 0.000 R2z_loop= 1.000  dep_x=10.000 dep_z= 0.000
rank= 87 Lx=Ly=10 pg= 0.200 ids= 263 TEE= 0 R2x= 0.000 R2z= 0.900 R2x_loop= 0.000 R2z_loop= 1.000  dep_x=10.000 dep_z= 0.000
rank= 79 Lx=Ly=10 pg= 0.200 ids= 255 TEE= 0 R2x= 0.000 R2z= 0.833 R2x_loop= 0.000 R2z_loop= 1.000  dep_x=10.000 dep_z= 0.000
rank= 61 Lx=Ly=10 pg= 0.200 ids= 237 TEE= 0 R2x= 0.000 R2z= 0.822 R2x_loop= 0.000 R2z_loop= 1.000  dep_x=10.000 dep_z= 0.000
rank=  5 Lx=Ly=10 pg= 0.200 ids= 181 TEE= 0 R2x= 0.000 R2z= 0.944 R2x_loop= 0.000 R2z_loop= 1.000  dep_x=10.000 dep_z= 0.000
rank= 71 Lx=Ly=10 pg= 0.200 ids= 247 TEE= 0 R2x= 0.000 R2z= 0.944 R2x_loop= 0.000 R2z_loop= 1.000  dep_x=10.000 dep_z= 0.000
rank= 91 Lx=Ly=10 pg= 0.200 ids= 267 TEE= 0 R2x= 0.000 R2z= 0.922 R2x_loop= 0.000 R2z_loop= 1.000  dep_x=10.000 dep_z= 0.000
rank=105 Lx=Ly=10 pg= 0.200 ids= 281 TEE= 0 R2x= 0.000 R2z= 0.767 R2x_loop= 0.000 R2z_loop= 1.000  dep_x=10.000 dep_z= 0.000
rank=111 Lx=Ly=10 pg= 0.100 ids= 903 TEE= 0 R2x= 0.000 R2z= 0.956 R2x_loop= 0.000 R2z_loop= 1.000  dep_x=10.000 dep_z= 0.000
rank= 39 Lx=Ly=10 pg= 0.200 ids= 215 TEE= 0 R2x= 0.000 R2z= 0.967 R2x_loop= 0.000 R2z_loop= 1.000  dep_x=10.000 dep_z= 0.000
rank= 59 Lx=Ly=10 pg= 0.200 ids= 235 TEE= 0 R2x= 0.000 R2z= 0.933 R2x_loop= 0.000 R2z_loop= 1.000  dep_x=10.000 dep_z= 0.000
rank= 85 Lx=Ly=10 pg= 0.200 ids= 261 TEE= 0 R2x= 0.000 R2z= 0.800 R2x_loop= 0.000 R2z_loop= 1.000  dep_x=10.000 dep_z= 0.000
rank=  1 Lx=Ly=10 pg= 0.200 ids= 177 TEE= 0 R2x= 0.000 R2z= 0.833 R2x_loop= 0.000 R2z_loop= 1.000  dep_x=10.000 dep_z= 0.000
rank= 75 Lx=Ly=10 pg= 0.200 ids= 251 TEE= 0 R2x= 0.000 R2z= 0.933 R2x_loop= 0.000 R2z_loop= 1.000  dep_x=10.000 dep_z= 0.000
rank= 89 Lx=Ly=10 pg= 0.200 ids= 265 TEE= 0 R2x= 0.000 R2z= 0.967 R2x_loop= 0.000 R2z_loop= 1.000  dep_x=10.000 dep_z= 0.000
rank= 97 Lx=Ly=10 pg= 0.200 ids= 145 TEE= 0 R2x= 0.000 R2z= 0.722 R2x_loop= 0.000 R2z_loop= 1.000  dep_x=10.000 dep_z= 0.000
rank=125 Lx=Ly=10 pg= 0.200 ids= 301 TEE= 0 R2x= 0.000 R2z= 0.933 R2x_loop= 0.000 R2z_loop= 1.000  dep_x=10.000 dep_z= 0.000
rank=  3 Lx=Ly=10 pg= 0.200 ids= 179 TEE= 0 R2x= 0.000 R2z= 0.911 R2x_loop= 0.000 R2z_loop= 1.000  dep_x=10.000 dep_z= 0.000
rank= 35 Lx=Ly=10 pg= 0.200 ids= 211 TEE= 0 R2x= 0.000 R2z= 0.911 R2x_loop= 0.000 R2z_loop= 1.000  dep_x=10.000 dep_z= 0.000
rank= 21 Lx=Ly=10 pg= 0.200 ids= 197 TEE= 0 R2x= 0.000 R2z= 0.967 R2x_loop= 0.000 R2z_loop= 1.000  dep_x=10.000 dep_z= 0.000
rank= 25 Lx=Ly=10 pg= 0.200 ids= 201 TEE= 0 R2x= 0.000 R2z= 0.733 R2x_loop= 0.000 R2z_loop= 1.000  dep_x=10.000 dep_z= 0.000
rank=115 Lx=Ly=10 pg= 0.200 ids= 291 TEE= 0 R2x= 0.000 R2z= 0.844 R2x_loop= 0.000 R2z_loop= 1.000  dep_x=10.000 dep_z= 0.000
rank=114 Lx=Ly=10 pg= 0.200 ids= 162 TEE= 0 R2x= 0.000 R2z= 0.789 R2x_loop= 0.000 R2z_loop= 1.000  dep_x=10.000 dep_z= 0.000
rank= 49 Lx=Ly=10 pg= 0.200 ids= 225 TEE= 0 R2x= 0.000 R2z= 0.933 R2x_loop= 0.000 R2z_loop= 1.000  dep_x=10.000 dep_z= 0.000
rank= 33 Lx=Ly=10 pg= 0.200 ids= 209 TEE= 0 R2x= 0.000 R2z= 0.878 R2x_loop= 0.000 R2z_loop= 1.000  dep_x=10.000 dep_z= 0.000
rank= 23 Lx=Ly=10 pg= 0.200 ids= 199 TEE= 0 R2x= 0.000 R2z= 0.922 R2x_loop= 0.000 R2z_loop= 1.000  dep_x=10.000 dep_z= 0.000
rank= 73 Lx=Ly=10 pg= 0.200 ids= 249 TEE= 0 R2x= 0.000 R2z= 0.867 R2x_loop= 0.000 R2z_loop= 1.000  dep_x=10.000 dep_z= 0.000
rank= 17 Lx=Ly=10 pg= 0.200 ids= 193 TEE= 0 R2x= 0.000 R2z= 0.933 R2x_loop= 0.000 R2z_loop= 1.000  dep_x=10.000 dep_z= 0.000
rank= 19 Lx=Ly=10 pg= 0.200 ids= 195 TEE= 0 R2x= 0.000 R2z= 0.844 R2x_loop= 0.000 R2z_loop= 1.000  dep_x=10.000 dep_z= 0.000
rank=113 Lx=Ly=10 pg= 0.200 ids= 289 TEE= 0 R2x= 0.000 R2z= 0.856 R2x_loop= 0.000 R2z_loop= 1.000  dep_x=10.000 dep_z= 0.000
rank= 13 Lx=Ly=10 pg= 0.200 ids= 189 TEE= 0 R2x= 0.000 R2z= 0.956 R2x_loop= 0.000 R2z_loop= 1.000  dep_x=10.000 dep_z= 0.000
rank= 55 Lx=Ly=10 pg= 0.200 ids= 231 TEE= 0 R2x= 0.000 R2z= 0.844 R2x_loop= 0.000 R2z_loop= 1.000  dep_x=10.000 dep_z= 0.000
rank=117 Lx=Ly=10 pg= 0.200 ids= 293 TEE= 0 R2x= 0.000 R2z= 0.867 R2x_loop= 0.000 R2z_loop= 1.000  dep_x=10.000 dep_z= 0.000
rank= 15 Lx=Ly=10 pg= 0.200 ids= 191 TEE= 0 R2x= 0.000 R2z= 0.933 R2x_loop= 0.000 R2z_loop= 1.000  dep_x=10.000 dep_z= 0.000
rank=119 Lx=Ly=10 pg= 0.200 ids= 295 TEE= 0 R2x= 0.000 R2z= 0.933 R2x_loop= 0.000 R2z_loop= 1.000  dep_x=10.000 dep_z= 0.000
rank= 51 Lx=Ly=10 pg= 0.200 ids= 227 TEE= 0 R2x= 0.000 R2z= 0.744 R2x_loop= 0.000 R2z_loop= 1.000  dep_x=10.000 dep_z= 0.000
rank=  9 Lx=Ly=10 pg= 0.200 ids= 185 TEE= 0 R2x= 0.000 R2z= 0.856 R2x_loop= 0.000 R2z_loop= 1.000  dep_x=10.000 dep_z= 0.000
rank= 41 Lx=Ly=10 pg= 0.200 ids= 217 TEE= 0 R2x= 0.000 R2z= 0.878 R2x_loop= 0.000 R2z_loop= 1.000  dep_x=10.000 dep_z= 0.000
rank= 43 Lx=Ly=10 pg= 0.200 ids=  91 TEE= 0 R2x= 0.000 R2z= 0.967 R2x_loop= 0.000 R2z_loop= 1.000  dep_x=10.000 dep_z= 0.000
rank= 99 Lx=Ly=10 pg= 0.200 ids= 147 TEE= 0 R2x= 0.000 R2z= 0.844 R2x_loop= 0.000 R2z_loop= 1.000  dep_x=10.000 dep_z= 0.000
rank= 38 Lx=Ly=10 pg= 0.200 ids=  86 TEE= 0 R2x= 0.000 R2z= 0.856 R2x_loop= 0.000 R2z_loop= 1.000  dep_x=10.000 dep_z= 0.000
rank= 22 Lx=Ly=10 pg= 0.100 ids= 814 TEE= 0 R2x= 0.000 R2z= 0.989 R2x_loop= 0.000 R2z_loop= 1.000  dep_x=10.000 dep_z= 0.000
rank=107 Lx=Ly=10 pg= 0.100 ids= 899 TEE= 0 R2x= 0.000 R2z= 0.989 R2x_loop= 0.000 R2z_loop= 1.000  dep_x=10.000 dep_z= 0.000
rank= 30 Lx=Ly=10 pg= 0.100 ids= 694 TEE= 0 R2x= 0.000 R2z= 0.956 R2x_loop= 0.000 R2z_loop= 1.000  dep_x=10.000 dep_z= 0.000
rank= 27 Lx=Ly=10 pg= 0.200 ids= 203 TEE= 0 R2x= 0.000 R2z= 0.844 R2x_loop= 0.000 R2z_loop= 1.000  dep_x=10.000 dep_z= 0.000
rank= 83 Lx=Ly=10 pg= 0.200 ids=   3 TEE= 0 R2x= 0.000 R2z= 0.844 R2x_loop= 0.000 R2z_loop= 1.000  dep_x=10.000 dep_z= 0.000
rank= 77 Lx=Ly=10 pg= 0.100 ids= 997 TEE= 0 R2x= 0.000 R2z= 1.000 R2x_loop= 0.000 R2z_loop= 1.000  dep_x=10.000 dep_z= 0.000
rank= 82 Lx=Ly=10 pg= 0.200 ids=   2 TEE= 0 R2x= 0.000 R2z= 0.978 R2x_loop= 0.000 R2z_loop= 1.000  dep_x=10.000 dep_z= 0.000
rank=103 Lx=Ly=10 pg= 0.200 ids= 279 TEE= 0 R2x= 0.000 R2z= 0.978 R2x_loop= 0.000 R2z_loop= 1.000  dep_x=10.000 dep_z= 0.000
rank=127 Lx=Ly=10 pg= 0.200 ids= 303 TEE= 0 R2x= 0.000 R2z= 0.933 R2x_loop= 0.000 R2z_loop= 1.000  dep_x=10.000 dep_z= 0.000
rank= 29 Lx=Ly=10 pg= 0.100 ids= 693 TEE= 0 R2x= 0.000 R2z= 0.967 R2x_loop= 0.000 R2z_loop= 1.000  dep_x=10.000 dep_z= 0.000
rank= 86 Lx=Ly=10 pg= 0.200 ids= 134 TEE= 0 R2x= 0.000 R2z= 0.844 R2x_loop= 0.000 R2z_loop= 1.000  dep_x=10.000 dep_z= 0.000
rank= 52 Lx=Ly=10 pg= 0.100 ids= 844 TEE= 0 R2x= 0.000 R2z= 0.978 R2x_loop= 0.000 R2z_loop= 1.000  dep_x=10.000 dep_z= 0.000
rank= 50 Lx=Ly=10 pg= 0.100 ids= 842 TEE= 0 R2x= 0.000 R2z= 0.989 R2x_loop= 0.000 R2z_loop= 1.000  dep_x=10.000 dep_z= 0.000
rank= 88 Lx=Ly=10 pg= 0.200 ids=   8 TEE= 0 R2x= 0.000 R2z= 0.733 R2x_loop= 0.000 R2z_loop= 1.000  dep_x=10.000 dep_z= 0.000
rank=  4 Lx=Ly=10 pg= 0.200 ids= 180 TEE= 0 R2x= 0.000 R2z= 0.944 R2x_loop= 0.000 R2z_loop= 1.000  dep_x=10.000 dep_z= 0.000
rank= 57 Lx=Ly=10 pg= 0.200 ids= 105 TEE= 0 R2x= 0.000 R2z= 0.856 R2x_loop= 0.000 R2z_loop= 1.000  dep_x=10.000 dep_z= 0.000
rank= 16 Lx=Ly=10 pg= 0.200 ids= 192 TEE= 0 R2x= 0.000 R2z= 0.922 R2x_loop= 0.000 R2z_loop= 1.000  dep_x=10.000 dep_z= 0.000
rank=121 Lx=Ly=10 pg= 0.100 ids= 913 TEE= 0 R2x= 0.000 R2z= 0.878 R2x_loop= 0.000 R2z_loop= 1.000  dep_x=10.000 dep_z= 0.000
rank= 48 Lx=Ly=10 pg= 0.200 ids= 224 TEE= 0 R2x= 0.000 R2z= 0.767 R2x_loop= 0.000 R2z_loop= 1.000  dep_x=10.000 dep_z= 0.000
rank= 68 Lx=Ly=10 pg= 0.200 ids= 116 TEE= 0 R2x= 0.000 R2z= 0.911 R2x_loop= 0.000 R2z_loop= 1.000  dep_x=10.000 dep_z= 0.000
rank= 81 Lx=Ly=10 pg= 0.100 ids= 617 TEE= 0 R2x= 0.000 R2z= 1.000 R2x_loop= 0.000 R2z_loop= 1.000  dep_x=10.000 dep_z= 0.000
rank= 18 Lx=Ly=10 pg= 0.200 ids= 194 TEE= 0 R2x= 0.000 R2z= 0.844 R2x_loop= 0.000 R2z_loop= 1.000  dep_x=10.000 dep_z= 0.000
rank= 36 Lx=Ly=10 pg= 0.100 ids= 956 TEE= 0 R2x= 0.000 R2z= 0.967 R2x_loop= 0.000 R2z_loop= 1.000  dep_x=10.000 dep_z= 0.000
rank= 65 Lx=Ly=10 pg= 0.100 ids= 985 TEE= 0 R2x= 0.000 R2z= 0.778 R2x_loop= 0.000 R2z_loop= 1.000  dep_x=10.000 dep_z= 0.000
rank=  8 Lx=Ly=10 pg= 0.200 ids= 184 TEE= 0 R2x= 0.000 R2z= 0.911 R2x_loop= 0.000 R2z_loop= 1.000  dep_x=10.000 dep_z= 0.000
rank= 26 Lx=Ly=10 pg= 0.200 ids= 202 TEE= 0 R2x= 0.000 R2z= 0.922 R2x_loop= 0.000 R2z_loop= 1.000  dep_x=10.000 dep_z= 0.000
rank= 14 Lx=Ly=10 pg= 0.200 ids= 190 TEE= 0 R2x= 0.000 R2z= 0.911 R2x_loop= 0.000 R2z_loop= 1.000  dep_x=10.000 dep_z= 0.000
rank= 76 Lx=Ly=10 pg= 0.200 ids= 252 TEE= 0 R2x= 0.000 R2z= 0.956 R2x_loop= 0.000 R2z_loop= 1.000  dep_x=10.000 dep_z= 0.000
rank= 92 Lx=Ly=10 pg= 0.200 ids= 268 TEE= 0 R2x= 0.000 R2z= 0.933 R2x_loop= 0.000 R2z_loop= 1.000  dep_x=10.000 dep_z= 0.000
rank= 12 Lx=Ly=10 pg= 0.200 ids= 188 TEE= 0 R2x= 0.000 R2z= 0.922 R2x_loop= 0.000 R2z_loop= 1.000  dep_x=10.000 dep_z= 0.000
rank= 20 Lx=Ly=10 pg= 0.200 ids= 196 TEE= 0 R2x= 0.000 R2z= 0.933 R2x_loop= 0.000 R2z_loop= 1.000  dep_x=10.000 dep_z= 0.000
rank= 34 Lx=Ly=10 pg= 0.200 ids= 210 TEE= 0 R2x= 0.000 R2z= 0.856 R2x_loop= 0.000 R2z_loop= 1.000  dep_x=10.000 dep_z= 0.000
rank= 94 Lx=Ly=10 pg= 0.200 ids= 270 TEE= 0 R2x= 0.000 R2z= 0.944 R2x_loop= 0.000 R2z_loop= 1.000  dep_x=10.000 dep_z= 0.000
rank= 44 Lx=Ly=10 pg= 0.200 ids= 220 TEE= 0 R2x= 0.000 R2z= 0.933 R2x_loop= 0.000 R2z_loop= 1.000  dep_x=10.000 dep_z= 0.000
rank= 78 Lx=Ly=10 pg= 0.200 ids= 254 TEE= 0 R2x= 0.000 R2z= 0.889 R2x_loop= 0.000 R2z_loop= 1.000  dep_x=10.000 dep_z= 0.000
rank= 56 Lx=Ly=10 pg= 0.200 ids= 232 TEE= 0 R2x= 0.000 R2z= 0.967 R2x_loop= 0.000 R2z_loop= 1.000  dep_x=10.000 dep_z= 0.000
rank= 42 Lx=Ly=10 pg= 0.200 ids= 218 TEE= 0 R2x= 0.000 R2z= 0.822 R2x_loop= 0.000 R2z_loop= 1.000  dep_x=10.000 dep_z= 0.000
rank= 62 Lx=Ly=10 pg= 0.200 ids= 238 TEE= 0 R2x= 0.000 R2z= 0.922 R2x_loop= 0.000 R2z_loop= 1.000  dep_x=10.000 dep_z= 0.000
rank= 70 Lx=Ly=10 pg= 0.200 ids= 246 TEE= 0 R2x= 0.000 R2z= 0.800 R2x_loop= 0.000 R2z_loop= 1.000  dep_x=10.000 dep_z= 0.000
rank=  6 Lx=Ly=10 pg= 0.100 ids= 670 TEE= 0 R2x= 0.000 R2z= 0.989 R2x_loop= 0.000 R2z_loop= 1.000  dep_x=10.000 dep_z= 0.000
rank= 95 Lx=Ly=10 pg= 0.200 ids= 271 TEE= 0 R2x= 0.000 R2z= 0.944 R2x_loop= 0.000 R2z_loop= 1.000  dep_x=10.000 dep_z= 0.000
rank=108 Lx=Ly=10 pg= 0.200 ids= 284 TEE= 0 R2x= 0.000 R2z= 0.933 R2x_loop= 0.000 R2z_loop= 1.000  dep_x=10.000 dep_z= 0.000
rank= 74 Lx=Ly=10 pg= 0.200 ids= 250 TEE= 0 R2x= 0.000 R2z= 0.933 R2x_loop= 0.000 R2z_loop= 1.000  dep_x=10.000 dep_z= 0.000
rank= 98 Lx=Ly=10 pg= 0.200 ids= 146 TEE= 0 R2x= 0.000 R2z= 0.756 R2x_loop= 0.000 R2z_loop= 1.000  dep_x=10.000 dep_z= 0.000
rank= 90 Lx=Ly=10 pg= 0.200 ids= 266 TEE= 0 R2x= 0.000 R2z= 0.856 R2x_loop= 0.000 R2z_loop= 1.000  dep_x=10.000 dep_z= 0.000
rank= 80 Lx=Ly=10 pg= 0.200 ids= 256 TEE= 0 R2x= 0.000 R2z= 0.900 R2x_loop= 0.000 R2z_loop= 1.000  dep_x=10.000 dep_z= 0.000
rank= 63 Lx=Ly=10 pg= 0.200 ids= 239 TEE= 0 R2x= 0.000 R2z= 0.889 R2x_loop= 0.000 R2z_loop= 1.000  dep_x=10.000 dep_z= 0.000
rank= 47 Lx=Ly=10 pg= 0.200 ids= 223 TEE= 0 R2x= 0.000 R2z= 0.967 R2x_loop= 0.000 R2z_loop= 1.000  dep_x=10.000 dep_z= 0.000
rank= 40 Lx=Ly=10 pg= 0.200 ids= 216 TEE= 0 R2x= 0.000 R2z= 0.967 R2x_loop= 0.000 R2z_loop= 1.000  dep_x=10.000 dep_z= 0.000
rank= 58 Lx=Ly=10 pg= 0.200 ids= 234 TEE= 0 R2x= 0.000 R2z= 0.856 R2x_loop= 0.000 R2z_loop= 1.000  dep_x=10.000 dep_z= 0.000
rank= 45 Lx=Ly=10 pg= 0.200 ids= 221 TEE= 0 R2x= 0.000 R2z= 0.944 R2x_loop= 0.000 R2z_loop= 1.000  dep_x=10.000 dep_z= 0.000
rank= 60 Lx=Ly=10 pg= 0.200 ids= 236 TEE= 0 R2x= 0.000 R2z= 0.967 R2x_loop= 0.000 R2z_loop= 1.000  dep_x=10.000 dep_z= 0.000
rank=106 Lx=Ly=10 pg= 0.200 ids= 282 TEE= 0 R2x= 0.000 R2z= 0.689 R2x_loop= 0.000 R2z_loop= 1.000  dep_x=10.000 dep_z= 0.000
rank= 46 Lx=Ly=10 pg= 0.200 ids= 222 TEE= 0 R2x= 0.000 R2z= 0.956 R2x_loop= 0.000 R2z_loop= 1.000  dep_x=10.000 dep_z= 0.000
rank= 64 Lx=Ly=10 pg= 0.200 ids= 112 TEE= 0 R2x= 0.000 R2z= 0.856 R2x_loop= 0.000 R2z_loop= 1.000  dep_x=10.000 dep_z= 0.000
rank=104 Lx=Ly=10 pg= 0.200 ids= 280 TEE= 0 R2x= 0.000 R2z= 0.911 R2x_loop= 0.000 R2z_loop= 1.000  dep_x=10.000 dep_z= 0.000
rank=102 Lx=Ly=10 pg= 0.200 ids= 278 TEE= 0 R2x= 0.000 R2z= 0.800 R2x_loop= 0.000 R2z_loop= 1.000  dep_x=10.000 dep_z= 0.000
rank=  0 Lx=Ly=10 pg= 0.200 ids= 176 TEE= 0 R2x= 0.000 R2z= 0.867 R2x_loop= 0.000 R2z_loop= 1.000  dep_x=10.000 dep_z= 0.000
rank= 66 Lx=Ly=10 pg= 0.200 ids= 242 TEE= 0 R2x= 0.000 R2z= 0.911 R2x_loop= 0.000 R2z_loop= 1.000  dep_x=10.000 dep_z= 0.000
rank= 53 Lx=Ly=10 pg= 0.100 ids= 973 TEE= 0 R2x= 0.000 R2z= 0.789 R2x_loop= 0.000 R2z_loop= 1.000  dep_x=10.000 dep_z= 0.000
rank=100 Lx=Ly=10 pg= 0.200 ids= 276 TEE= 0 R2x= 0.000 R2z= 0.922 R2x_loop= 0.000 R2z_loop= 1.000  dep_x=10.000 dep_z= 0.000
rank= 31 Lx=Ly=10 pg= 0.100 ids= 823 TEE= 0 R2x= 0.000 R2z= 0.989 R2x_loop= 0.000 R2z_loop= 1.000  dep_x=10.000 dep_z= 0.000
rank= 11 Lx=Ly=10 pg= 0.200 ids=  59 TEE= 0 R2x= 0.000 R2z= 0.822 R2x_loop= 0.000 R2z_loop= 1.000  dep_x=10.000 dep_z= 0.000
rank=  2 Lx=Ly=10 pg= 0.100 ids= 794 TEE= 0 R2x= 0.000 R2z= 0.989 R2x_loop= 0.000 R2z_loop= 1.000  dep_x=10.000 dep_z= 0.000
rank= 72 Lx=Ly=10 pg= 0.200 ids= 248 TEE= 0 R2x= 0.000 R2z= 0.900 R2x_loop= 0.000 R2z_loop= 1.000  dep_x=10.000 dep_z= 0.000
rank=126 Lx=Ly=10 pg= 0.200 ids= 302 TEE= 0 R2x= 0.000 R2z= 0.933 R2x_loop= 0.000 R2z_loop= 1.000  dep_x=10.000 dep_z= 0.000
rank=120 Lx=Ly=10 pg= 0.200 ids= 296 TEE= 0 R2x= 0.000 R2z= 0.956 R2x_loop= 0.000 R2z_loop= 1.000  dep_x=10.000 dep_z= 0.000
rank=122 Lx=Ly=10 pg= 0.200 ids= 298 TEE= 0 R2x= 0.000 R2z= 0.744 R2x_loop= 0.000 R2z_loop= 1.000  dep_x=10.000 dep_z= 0.000
rank=112 Lx=Ly=10 pg= 0.200 ids= 288 TEE= 0 R2x= 0.000 R2z= 0.756 R2x_loop= 0.000 R2z_loop= 1.000  dep_x=10.000 dep_z= 0.000
rank= 96 Lx=Ly=10 pg= 0.200 ids= 272 TEE= 0 R2x= 0.000 R2z= 0.911 R2x_loop= 0.000 R2z_loop= 1.000  dep_x=10.000 dep_z= 0.000
rank=101 Lx=Ly=10 pg= 0.200 ids= 149 TEE= 0 R2x= 0.000 R2z= 0.867 R2x_loop= 0.000 R2z_loop= 1.000  dep_x=10.000 dep_z= 0.000
rank=124 Lx=Ly=10 pg= 0.200 ids= 300 TEE= 0 R2x= 0.000 R2z= 0.856 R2x_loop= 0.000 R2z_loop= 1.000  dep_x=10.000 dep_z= 0.000
rank= 32 Lx=Ly=10 pg= 0.200 ids= 208 TEE= 0 R2x= 0.000 R2z= 0.744 R2x_loop= 0.000 R2z_loop= 1.000  dep_x=10.000 dep_z= 0.000
rank= 84 Lx=Ly=10 pg= 0.200 ids= 260 TEE= 0 R2x= 0.000 R2z= 0.889 R2x_loop= 0.000 R2z_loop= 1.000  dep_x=10.000 dep_z= 0.000
rank=116 Lx=Ly=10 pg= 0.200 ids= 292 TEE= 0 R2x= 0.000 R2z= 0.922 R2x_loop= 0.000 R2z_loop= 1.000  dep_x=10.000 dep_z= 0.000
rank=118 Lx=Ly=10 pg= 0.200 ids= 294 TEE= 0 R2x= 0.000 R2z= 0.967 R2x_loop= 0.000 R2z_loop= 1.000  dep_x=10.000 dep_z= 0.000
rank= 24 Lx=Ly=10 pg= 0.200 ids= 200 TEE= 0 R2x= 0.000 R2z= 0.933 R2x_loop= 0.000 R2z_loop= 1.000  dep_x=10.000 dep_z= 0.000
rank= 37 Lx=Ly=10 pg= 0.200 ids= 341 TEE= 0 R2x= 0.000 R2z= 0.844 R2x_loop= 0.000 R2z_loop= 1.000  dep_x=10.000 dep_z= 0.000
rank=109 Lx=Ly=10 pg= 0.200 ids= 413 TEE= 0 R2x= 0.000 R2z= 0.744 R2x_loop= 0.000 R2z_loop= 1.000  dep_x=10.000 dep_z= 0.000
rank= 10 Lx=Ly=10 pg= 0.100 ids= 802 TEE= 0 R2x= 0.000 R2z= 0.989 R2x_loop= 0.000 R2z_loop= 1.000  dep_x=10.000 dep_z= 0.000
rank= 93 Lx=Ly=10 pg= 0.200 ids= 397 TEE= 0 R2x= 0.000 R2z= 0.778 R2x_loop= 0.000 R2z_loop= 1.000  dep_x=10.000 dep_z= 0.000
rank= 69 Lx=Ly=10 pg= 0.200 ids= 373 TEE= 0 R2x= 0.000 R2z= 0.944 R2x_loop= 0.000 R2z_loop= 1.000  dep_x=10.000 dep_z= 0.000
rank= 79 Lx=Ly=10 pg= 0.200 ids= 383 TEE= 0 R2x= 0.000 R2z= 0.844 R2x_loop= 0.000 R2z_loop= 1.000  dep_x=10.000 dep_z= 0.000
rank= 87 Lx=Ly=10 pg= 0.200 ids= 391 TEE= 0 R2x= 0.000 R2z= 0.867 R2x_loop= 0.000 R2z_loop= 1.000  dep_x=10.000 dep_z= 0.000
rank= 67 Lx=Ly=10 pg= 0.200 ids= 371 TEE= 0 R2x= 0.000 R2z= 0.922 R2x_loop= 0.000 R2z_loop= 1.000  dep_x=10.000 dep_z= 0.000
rank= 61 Lx=Ly=10 pg= 0.200 ids= 365 TEE= 0 R2x= 0.000 R2z= 0.789 R2x_loop= 0.000 R2z_loop= 1.000  dep_x=10.000 dep_z= 0.000
rank=  5 Lx=Ly=10 pg= 0.200 ids= 309 TEE= 0 R2x= 0.000 R2z= 0.933 R2x_loop= 0.000 R2z_loop= 1.000  dep_x=10.000 dep_z= 0.000
rank= 91 Lx=Ly=10 pg= 0.200 ids= 395 TEE= 0 R2x= 0.000 R2z= 0.844 R2x_loop= 0.000 R2z_loop= 1.000  dep_x=10.000 dep_z= 0.000
rank=  7 Lx=Ly=10 pg= 0.100 ids= 799 TEE= 0 R2x= 0.000 R2z= 0.967 R2x_loop= 0.000 R2z_loop= 1.000  dep_x=10.000 dep_z= 0.000
rank= 71 Lx=Ly=10 pg= 0.200 ids= 375 TEE= 0 R2x= 0.000 R2z= 0.856 R2x_loop= 0.000 R2z_loop= 1.000  dep_x=10.000 dep_z= 0.000
rank=105 Lx=Ly=10 pg= 0.200 ids= 409 TEE= 0 R2x= 0.000 R2z= 0.956 R2x_loop= 0.000 R2z_loop= 1.000  dep_x=10.000 dep_z= 0.000
rank= 39 Lx=Ly=10 pg= 0.200 ids= 343 TEE= 0 R2x= 0.000 R2z= 0.922 R2x_loop= 0.000 R2z_loop= 1.000  dep_x=10.000 dep_z= 0.000
rank= 85 Lx=Ly=10 pg= 0.200 ids= 389 TEE= 0 R2x= 0.000 R2z= 0.911 R2x_loop= 0.000 R2z_loop= 1.000  dep_x=10.000 dep_z= 0.000
rank= 59 Lx=Ly=10 pg= 0.200 ids= 363 TEE= 0 R2x= 0.000 R2z= 0.989 R2x_loop= 0.000 R2z_loop= 1.000  dep_x=10.000 dep_z= 0.000
rank=  1 Lx=Ly=10 pg= 0.200 ids= 305 TEE= 0 R2x= 0.000 R2z= 0.956 R2x_loop= 0.000 R2z_loop= 1.000  dep_x=10.000 dep_z= 0.000
rank= 89 Lx=Ly=10 pg= 0.200 ids= 393 TEE= 0 R2x= 0.000 R2z= 0.856 R2x_loop= 0.000 R2z_loop= 1.000  dep_x=10.000 dep_z= 0.000
rank= 75 Lx=Ly=10 pg= 0.200 ids= 379 TEE= 0 R2x= 0.000 R2z= 0.833 R2x_loop= 0.000 R2z_loop= 1.000  dep_x=10.000 dep_z= 0.000
rank=125 Lx=Ly=10 pg= 0.200 ids= 429 TEE= 0 R2x= 0.000 R2z= 0.911 R2x_loop= 0.000 R2z_loop= 1.000  dep_x=10.000 dep_z= 0.000
rank= 35 Lx=Ly=10 pg= 0.200 ids= 339 TEE= 0 R2x= 0.000 R2z= 0.967 R2x_loop= 0.000 R2z_loop= 1.000  dep_x=10.000 dep_z= 0.000
rank=  3 Lx=Ly=10 pg= 0.200 ids= 307 TEE= 0 R2x= 0.000 R2z= 0.967 R2x_loop= 0.000 R2z_loop= 1.000  dep_x=10.000 dep_z= 0.000
rank= 21 Lx=Ly=10 pg= 0.200 ids= 325 TEE= 0 R2x= 0.000 R2z= 0.889 R2x_loop= 0.000 R2z_loop= 1.000  dep_x=10.000 dep_z= 0.000
rank= 25 Lx=Ly=10 pg= 0.200 ids= 329 TEE= 0 R2x= 0.000 R2z= 0.956 R2x_loop= 0.000 R2z_loop= 1.000  dep_x=10.000 dep_z= 0.000
rank=115 Lx=Ly=10 pg= 0.200 ids= 419 TEE= 0 R2x= 0.000 R2z= 0.867 R2x_loop= 0.000 R2z_loop= 1.000  dep_x=10.000 dep_z= 0.000
rank= 33 Lx=Ly=10 pg= 0.200 ids= 337 TEE= 0 R2x= 0.000 R2z= 0.911 R2x_loop= 0.000 R2z_loop= 1.000  dep_x=10.000 dep_z= 0.000
rank= 49 Lx=Ly=10 pg= 0.200 ids= 353 TEE= 0 R2x= 0.000 R2z= 0.833 R2x_loop= 0.000 R2z_loop= 1.000  dep_x=10.000 dep_z= 0.000
rank= 97 Lx=Ly=10 pg= 0.200 ids= 273 TEE= 0 R2x= 0.000 R2z= 0.922 R2x_loop= 0.000 R2z_loop= 1.000  dep_x=10.000 dep_z= 0.000
rank= 23 Lx=Ly=10 pg= 0.200 ids= 327 TEE= 0 R2x= 0.000 R2z= 0.933 R2x_loop= 0.000 R2z_loop= 1.000  dep_x=10.000 dep_z= 0.000
rank= 73 Lx=Ly=10 pg= 0.200 ids= 377 TEE= 0 R2x= 0.000 R2z= 0.878 R2x_loop= 0.000 R2z_loop= 1.000  dep_x=10.000 dep_z= 0.000
rank= 17 Lx=Ly=10 pg= 0.200 ids= 321 TEE= 0 R2x= 0.000 R2z= 0.722 R2x_loop= 0.000 R2z_loop= 1.000  dep_x=10.000 dep_z= 0.000
rank= 19 Lx=Ly=10 pg= 0.200 ids= 323 TEE= 0 R2x= 0.000 R2z= 0.856 R2x_loop= 0.000 R2z_loop= 1.000  dep_x=10.000 dep_z= 0.000
rank=113 Lx=Ly=10 pg= 0.200 ids= 417 TEE= 0 R2x= 0.000 R2z= 0.867 R2x_loop= 0.000 R2z_loop= 1.000  dep_x=10.000 dep_z= 0.000
rank= 13 Lx=Ly=10 pg= 0.200 ids= 317 TEE= 0 R2x= 0.000 R2z= 0.933 R2x_loop= 0.000 R2z_loop= 1.000  dep_x=10.000 dep_z= 0.000
rank=117 Lx=Ly=10 pg= 0.200 ids= 421 TEE= 0 R2x= 0.000 R2z= 0.678 R2x_loop= 0.000 R2z_loop= 1.000  dep_x=10.000 dep_z= 0.000
rank= 55 Lx=Ly=10 pg= 0.200 ids= 359 TEE= 0 R2x= 0.000 R2z= 0.867 R2x_loop= 0.000 R2z_loop= 1.000  dep_x=10.000 dep_z= 0.000
rank=119 Lx=Ly=10 pg= 0.200 ids= 423 TEE= 0 R2x= 0.000 R2z= 0.989 R2x_loop= 0.000 R2z_loop= 1.000  dep_x=10.000 dep_z= 0.000
rank= 15 Lx=Ly=10 pg= 0.200 ids= 319 TEE= 0 R2x= 0.000 R2z= 0.944 R2x_loop= 0.000 R2z_loop= 1.000  dep_x=10.000 dep_z= 0.000
rank= 51 Lx=Ly=10 pg= 0.200 ids= 355 TEE= 0 R2x= 0.000 R2z= 0.978 R2x_loop= 0.000 R2z_loop= 1.000  dep_x=10.000 dep_z= 0.000
rank= 41 Lx=Ly=10 pg= 0.200 ids= 345 TEE= 0 R2x= 0.000 R2z= 0.767 R2x_loop= 0.000 R2z_loop= 1.000  dep_x=10.000 dep_z= 0.000
rank=  9 Lx=Ly=10 pg= 0.200 ids= 313 TEE= 0 R2x= 0.000 R2z= 0.978 R2x_loop= 0.000 R2z_loop= 1.000  dep_x=10.000 dep_z= 0.000
rank=123 Lx=Ly=10 pg= 0.200 ids= 171 TEE= 0 R2x= 0.000 R2z= 0.867 R2x_loop= 0.000 R2z_loop= 1.000  dep_x=10.000 dep_z= 0.000
rank= 43 Lx=Ly=10 pg= 0.200 ids= 219 TEE= 0 R2x= 0.000 R2z= 0.933 R2x_loop= 0.000 R2z_loop= 1.000  dep_x=10.000 dep_z= 0.000
rank= 99 Lx=Ly=10 pg= 0.200 ids= 275 TEE= 0 R2x= 0.000 R2z= 0.744 R2x_loop= 0.000 R2z_loop= 1.000  dep_x=10.000 dep_z= 0.000
rank=107 Lx=Ly=10 pg= 0.200 ids=  27 TEE= 0 R2x= 0.000 R2z= 0.833 R2x_loop= 0.000 R2z_loop= 1.000  dep_x=10.000 dep_z= 0.000
rank=114 Lx=Ly=10 pg= 0.200 ids= 290 TEE= 0 R2x= 0.000 R2z= 0.822 R2x_loop= 0.000 R2z_loop= 1.000  dep_x=10.000 dep_z= 0.000
rank=111 Lx=Ly=10 pg= 0.200 ids=  31 TEE= 0 R2x= 0.000 R2z= 0.867 R2x_loop= 0.000 R2z_loop= 1.000  dep_x=10.000 dep_z= 0.000
rank= 28 Lx=Ly=10 pg= 0.200 ids= 204 TEE= 0 R2x= 0.000 R2z= 0.944 R2x_loop= 0.000 R2z_loop= 1.000  dep_x=10.000 dep_z= 0.000
rank= 54 Lx=Ly=10 pg= 0.100 ids= 846 TEE= 0 R2x= 0.000 R2z= 0.867 R2x_loop= 0.000 R2z_loop= 1.000  dep_x=10.000 dep_z= 0.000
rank= 38 Lx=Ly=10 pg= 0.200 ids= 214 TEE= 0 R2x= 0.000 R2z= 0.967 R2x_loop= 0.000 R2z_loop= 1.000  dep_x=10.000 dep_z= 0.000
rank= 22 Lx=Ly=10 pg= 0.100 ids= 942 TEE= 0 R2x= 0.000 R2z= 0.956 R2x_loop= 0.000 R2z_loop= 1.000  dep_x=10.000 dep_z= 0.000
rank= 27 Lx=Ly=10 pg= 0.200 ids= 331 TEE= 0 R2x= 0.000 R2z= 0.933 R2x_loop= 0.000 R2z_loop= 1.000  dep_x=10.000 dep_z= 0.000
rank=110 Lx=Ly=10 pg= 0.200 ids= 158 TEE= 0 R2x= 0.000 R2z= 0.878 R2x_loop= 0.000 R2z_loop= 1.000  dep_x=10.000 dep_z= 0.000
rank=103 Lx=Ly=10 pg= 0.200 ids= 407 TEE= 0 R2x= 0.000 R2z= 0.878 R2x_loop= 0.000 R2z_loop= 1.000  dep_x=10.000 dep_z= 0.000
rank=127 Lx=Ly=10 pg= 0.200 ids= 431 TEE= 0 R2x= 0.000 R2z= 0.900 R2x_loop= 0.000 R2z_loop= 1.000  dep_x=10.000 dep_z= 0.000
rank= 77 Lx=Ly=10 pg= 0.200 ids= 125 TEE= 0 R2x= 0.000 R2z= 0.789 R2x_loop= 0.000 R2z_loop= 1.000  dep_x=10.000 dep_z= 0.000
rank= 86 Lx=Ly=10 pg= 0.200 ids= 262 TEE= 0 R2x= 0.000 R2z= 0.967 R2x_loop= 0.000 R2z_loop= 1.000  dep_x=10.000 dep_z= 0.000
rank= 30 Lx=Ly=10 pg= 0.100 ids= 822 TEE= 0 R2x= 0.000 R2z= 0.889 R2x_loop= 0.000 R2z_loop= 1.000  dep_x=10.000 dep_z= 0.000
rank= 83 Lx=Ly=10 pg= 0.200 ids= 131 TEE= 0 R2x= 0.000 R2z= 0.844 R2x_loop= 0.000 R2z_loop= 1.000  dep_x=10.000 dep_z= 0.000
rank=  4 Lx=Ly=10 pg= 0.200 ids= 308 TEE= 0 R2x= 0.000 R2z= 0.911 R2x_loop= 0.000 R2z_loop= 1.000  dep_x=10.000 dep_z= 0.000
rank= 16 Lx=Ly=10 pg= 0.200 ids= 320 TEE= 0 R2x= 0.000 R2z= 0.867 R2x_loop= 0.000 R2z_loop= 1.000  dep_x=10.000 dep_z= 0.000
rank= 48 Lx=Ly=10 pg= 0.200 ids= 352 TEE= 0 R2x= 0.000 R2z= 0.922 R2x_loop= 0.000 R2z_loop= 1.000  dep_x=10.000 dep_z= 0.000
rank= 50 Lx=Ly=10 pg= 0.100 ids= 970 TEE= 0 R2x= 0.000 R2z= 1.000 R2x_loop= 0.000 R2z_loop= 1.000  dep_x=10.000 dep_z= 0.000
rank= 52 Lx=Ly=10 pg= 0.100 ids= 972 TEE= 0 R2x= 0.000 R2z= 0.944 R2x_loop= 0.000 R2z_loop= 1.000  dep_x=10.000 dep_z= 0.000
rank= 18 Lx=Ly=10 pg= 0.200 ids= 322 TEE= 0 R2x= 0.000 R2z= 0.833 R2x_loop= 0.000 R2z_loop= 1.000  dep_x=10.000 dep_z= 0.000
rank= 57 Lx=Ly=10 pg= 0.200 ids= 233 TEE= 0 R2x= 0.000 R2z= 0.856 R2x_loop= 0.000 R2z_loop= 1.000  dep_x=10.000 dep_z= 0.000
rank= 88 Lx=Ly=10 pg= 0.200 ids= 136 TEE= 0 R2x= 0.000 R2z= 0.933 R2x_loop= 0.000 R2z_loop= 1.000  dep_x=10.000 dep_z= 0.000
rank= 81 Lx=Ly=10 pg= 0.100 ids= 745 TEE= 0 R2x= 0.000 R2z= 0.956 R2x_loop= 0.000 R2z_loop= 1.000  dep_x=10.000 dep_z= 0.000
rank= 29 Lx=Ly=10 pg= 0.100 ids= 821 TEE= 0 R2x= 0.000 R2z= 0.978 R2x_loop= 0.000 R2z_loop= 1.000  dep_x=10.000 dep_z= 0.000
rank= 82 Lx=Ly=10 pg= 0.200 ids= 130 TEE= 0 R2x= 0.000 R2z= 0.944 R2x_loop= 0.000 R2z_loop= 1.000  dep_x=10.000 dep_z= 0.000
rank=121 Lx=Ly=10 pg= 0.200 ids=  41 TEE= 0 R2x= 0.000 R2z= 0.867 R2x_loop= 0.000 R2z_loop= 1.000  dep_x=10.000 dep_z= 0.000
rank= 26 Lx=Ly=10 pg= 0.200 ids= 330 TEE= 0 R2x= 0.000 R2z= 0.800 R2x_loop= 0.000 R2z_loop= 1.000  dep_x=10.000 dep_z= 0.000
rank= 68 Lx=Ly=10 pg= 0.200 ids= 244 TEE= 0 R2x= 0.000 R2z= 0.922 R2x_loop= 0.000 R2z_loop= 1.000  dep_x=10.000 dep_z= 0.000
rank=  8 Lx=Ly=10 pg= 0.200 ids= 312 TEE= 0 R2x= 0.000 R2z= 0.856 R2x_loop= 0.000 R2z_loop= 1.000  dep_x=10.000 dep_z= 0.000
rank= 14 Lx=Ly=10 pg= 0.200 ids= 318 TEE= 0 R2x= 0.000 R2z= 0.778 R2x_loop= 0.000 R2z_loop= 1.000  dep_x=10.000 dep_z= 0.000
rank= 92 Lx=Ly=10 pg= 0.200 ids= 396 TEE= 0 R2x= 0.000 R2z= 0.967 R2x_loop= 0.000 R2z_loop= 1.000  dep_x=10.000 dep_z= 0.000
rank= 76 Lx=Ly=10 pg= 0.200 ids= 380 TEE= 0 R2x= 0.000 R2z= 0.878 R2x_loop= 0.000 R2z_loop= 1.000  dep_x=10.000 dep_z= 0.000
rank= 34 Lx=Ly=10 pg= 0.200 ids= 338 TEE= 0 R2x= 0.000 R2z= 0.900 R2x_loop= 0.000 R2z_loop= 1.000  dep_x=10.000 dep_z= 0.000
rank= 20 Lx=Ly=10 pg= 0.200 ids= 324 TEE= 0 R2x= 0.000 R2z= 0.967 R2x_loop= 0.000 R2z_loop= 1.000  dep_x=10.000 dep_z= 0.000
rank= 44 Lx=Ly=10 pg= 0.200 ids= 348 TEE= 0 R2x= 0.000 R2z= 0.944 R2x_loop= 0.000 R2z_loop= 1.000  dep_x=10.000 dep_z= 0.000
rank= 94 Lx=Ly=10 pg= 0.200 ids= 398 TEE= 0 R2x= 0.000 R2z= 0.822 R2x_loop= 0.000 R2z_loop= 1.000  dep_x=10.000 dep_z= 0.000
rank= 12 Lx=Ly=10 pg= 0.200 ids= 316 TEE= 0 R2x= 0.000 R2z= 0.856 R2x_loop= 0.000 R2z_loop= 1.000  dep_x=10.000 dep_z= 0.000
rank= 95 Lx=Ly=10 pg= 0.200 ids= 399 TEE= 0 R2x= 0.000 R2z= 0.978 R2x_loop= 0.000 R2z_loop= 1.000  dep_x=10.000 dep_z= 0.000
rank= 78 Lx=Ly=10 pg= 0.200 ids= 382 TEE= 0 R2x= 0.000 R2z= 0.944 R2x_loop= 0.000 R2z_loop= 1.000  dep_x=10.000 dep_z= 0.000
rank= 63 Lx=Ly=10 pg= 0.200 ids= 367 TEE= 0 R2x= 0.000 R2z= 0.878 R2x_loop= 0.000 R2z_loop= 1.000  dep_x=10.000 dep_z= 0.000
rank= 42 Lx=Ly=10 pg= 0.200 ids= 346 TEE= 0 R2x= 0.000 R2z= 0.856 R2x_loop= 0.000 R2z_loop= 1.000  dep_x=10.000 dep_z= 0.000
rank= 62 Lx=Ly=10 pg= 0.200 ids= 366 TEE= 0 R2x= 0.000 R2z= 0.944 R2x_loop= 0.000 R2z_loop= 1.000  dep_x=10.000 dep_z= 0.000
rank= 56 Lx=Ly=10 pg= 0.200 ids= 360 TEE= 0 R2x= 0.000 R2z= 0.967 R2x_loop= 0.000 R2z_loop= 1.000  dep_x=10.000 dep_z= 0.000
rank=108 Lx=Ly=10 pg= 0.200 ids= 412 TEE= 0 R2x= 0.000 R2z= 0.856 R2x_loop= 0.000 R2z_loop= 1.000  dep_x=10.000 dep_z= 0.000
rank= 70 Lx=Ly=10 pg= 0.200 ids= 374 TEE= 0 R2x= 0.000 R2z= 0.967 R2x_loop= 0.000 R2z_loop= 1.000  dep_x=10.000 dep_z= 0.000
rank= 90 Lx=Ly=10 pg= 0.200 ids= 394 TEE= 0 R2x= 0.000 R2z= 0.933 R2x_loop= 0.000 R2z_loop= 1.000  dep_x=10.000 dep_z= 0.000
rank= 47 Lx=Ly=10 pg= 0.200 ids= 351 TEE= 0 R2x= 0.000 R2z= 0.933 R2x_loop= 0.000 R2z_loop= 1.000  dep_x=10.000 dep_z= 0.000
rank= 74 Lx=Ly=10 pg= 0.200 ids= 378 TEE= 0 R2x= 0.000 R2z= 0.867 R2x_loop= 0.000 R2z_loop= 1.000  dep_x=10.000 dep_z= 0.000
rank= 80 Lx=Ly=10 pg= 0.200 ids= 384 TEE= 0 R2x= 0.000 R2z= 0.922 R2x_loop= 0.000 R2z_loop= 1.000  dep_x=10.000 dep_z= 0.000
rank= 45 Lx=Ly=10 pg= 0.200 ids= 349 TEE= 0 R2x= 0.000 R2z= 0.978 R2x_loop= 0.000 R2z_loop= 1.000  dep_x=10.000 dep_z= 0.000
rank= 40 Lx=Ly=10 pg= 0.200 ids= 344 TEE= 0 R2x= 0.000 R2z= 0.878 R2x_loop= 0.000 R2z_loop= 1.000  dep_x=10.000 dep_z= 0.000
rank= 58 Lx=Ly=10 pg= 0.200 ids= 362 TEE= 0 R2x= 0.000 R2z= 0.844 R2x_loop= 0.000 R2z_loop= 1.000  dep_x=10.000 dep_z= 0.000
rank= 60 Lx=Ly=10 pg= 0.200 ids= 364 TEE= 0 R2x= 0.000 R2z= 0.933 R2x_loop= 0.000 R2z_loop= 1.000  dep_x=10.000 dep_z= 0.000
rank= 36 Lx=Ly=10 pg= 0.200 ids=  84 TEE= 0 R2x= 0.000 R2z= 0.811 R2x_loop= 0.000 R2z_loop= 1.000  dep_x=10.000 dep_z= 0.000
rank=106 Lx=Ly=10 pg= 0.200 ids= 410 TEE= 0 R2x= 0.000 R2z= 0.711 R2x_loop= 0.000 R2z_loop= 1.000  dep_x=10.000 dep_z= 0.000
rank=  6 Lx=Ly=10 pg= 0.100 ids= 798 TEE= 0 R2x= 0.000 R2z= 0.878 R2x_loop= 0.000 R2z_loop= 1.000  dep_x=10.000 dep_z= 0.000
rank= 98 Lx=Ly=10 pg= 0.200 ids= 274 TEE= 0 R2x= 0.000 R2z= 0.978 R2x_loop= 0.000 R2z_loop= 1.000  dep_x=10.000 dep_z= 0.000
rank= 46 Lx=Ly=10 pg= 0.200 ids= 350 TEE= 0 R2x= 0.000 R2z= 0.900 R2x_loop= 0.000 R2z_loop= 1.000  dep_x=10.000 dep_z= 0.000
rank=104 Lx=Ly=10 pg= 0.200 ids= 408 TEE= 0 R2x= 0.000 R2z= 0.856 R2x_loop= 0.000 R2z_loop= 1.000  dep_x=10.000 dep_z= 0.000
rank= 64 Lx=Ly=10 pg= 0.200 ids= 240 TEE= 0 R2x= 0.000 R2z= 0.678 R2x_loop= 0.000 R2z_loop= 1.000  dep_x=10.000 dep_z= 0.000
rank=102 Lx=Ly=10 pg= 0.200 ids= 406 TEE= 0 R2x= 0.000 R2z= 0.944 R2x_loop= 0.000 R2z_loop= 1.000  dep_x=10.000 dep_z= 0.000
rank=  0 Lx=Ly=10 pg= 0.200 ids= 304 TEE= 0 R2x= 0.000 R2z= 0.867 R2x_loop= 0.000 R2z_loop= 1.000  dep_x=10.000 dep_z= 0.000
rank= 66 Lx=Ly=10 pg= 0.200 ids= 370 TEE= 0 R2x= 0.000 R2z= 0.944 R2x_loop= 0.000 R2z_loop= 1.000  dep_x=10.000 dep_z= 0.000
rank=100 Lx=Ly=10 pg= 0.200 ids= 404 TEE= 0 R2x= 0.000 R2z= 0.844 R2x_loop= 0.000 R2z_loop= 1.000  dep_x=10.000 dep_z= 0.000
rank= 11 Lx=Ly=10 pg= 0.200 ids= 187 TEE= 0 R2x= 0.000 R2z= 0.789 R2x_loop= 0.000 R2z_loop= 1.000  dep_x=10.000 dep_z= 0.000
rank=126 Lx=Ly=10 pg= 0.200 ids= 430 TEE= 0 R2x= 0.000 R2z= 0.811 R2x_loop= 0.000 R2z_loop= 1.000  dep_x=10.000 dep_z= 0.000
rank=120 Lx=Ly=10 pg= 0.200 ids= 424 TEE= 0 R2x= 0.000 R2z= 0.978 R2x_loop= 0.000 R2z_loop= 1.000  dep_x=10.000 dep_z= 0.000
rank=112 Lx=Ly=10 pg= 0.200 ids= 416 TEE= 0 R2x= 0.000 R2z= 0.733 R2x_loop= 0.000 R2z_loop= 1.000  dep_x=10.000 dep_z= 0.000
rank=122 Lx=Ly=10 pg= 0.200 ids= 426 TEE= 0 R2x= 0.000 R2z= 0.878 R2x_loop= 0.000 R2z_loop= 1.000  dep_x=10.000 dep_z= 0.000
rank= 96 Lx=Ly=10 pg= 0.200 ids= 400 TEE= 0 R2x= 0.000 R2z= 0.956 R2x_loop= 0.000 R2z_loop= 1.000  dep_x=10.000 dep_z= 0.000
rank= 72 Lx=Ly=10 pg= 0.200 ids= 376 TEE= 0 R2x= 0.000 R2z= 0.844 R2x_loop= 0.000 R2z_loop= 1.000  dep_x=10.000 dep_z= 0.000
rank=124 Lx=Ly=10 pg= 0.200 ids= 428 TEE= 0 R2x= 0.000 R2z= 0.856 R2x_loop= 0.000 R2z_loop= 1.000  dep_x=10.000 dep_z= 0.000
rank=101 Lx=Ly=10 pg= 0.200 ids= 277 TEE= 0 R2x= 0.000 R2z= 0.800 R2x_loop= 0.000 R2z_loop= 1.000  dep_x=10.000 dep_z= 0.000
rank=  2 Lx=Ly=10 pg= 0.100 ids= 922 TEE= 0 R2x= 0.000 R2z= 0.878 R2x_loop= 0.000 R2z_loop= 1.000  dep_x=10.000 dep_z= 0.000
rank= 32 Lx=Ly=10 pg= 0.200 ids= 336 TEE= 0 R2x= 0.000 R2z= 0.844 R2x_loop= 0.000 R2z_loop= 1.000  dep_x=10.000 dep_z= 0.000
rank= 84 Lx=Ly=10 pg= 0.200 ids= 388 TEE= 0 R2x= 0.000 R2z= 0.989 R2x_loop= 0.000 R2z_loop= 1.000  dep_x=10.000 dep_z= 0.000
rank= 65 Lx=Ly=10 pg= 0.200 ids= 113 TEE= 0 R2x= 0.000 R2z= 0.933 R2x_loop= 0.000 R2z_loop= 1.000  dep_x=10.000 dep_z= 0.000
rank= 53 Lx=Ly=10 pg= 0.200 ids= 101 TEE= 0 R2x= 0.000 R2z= 0.944 R2x_loop= 0.000 R2z_loop= 1.000  dep_x=10.000 dep_z= 0.000
rank= 31 Lx=Ly=10 pg= 0.100 ids= 951 TEE= 0 R2x= 0.000 R2z= 0.978 R2x_loop= 0.000 R2z_loop= 1.000  dep_x=10.000 dep_z= 0.000
rank= 24 Lx=Ly=10 pg= 0.200 ids= 328 TEE= 0 R2x= 0.000 R2z= 0.944 R2x_loop= 0.000 R2z_loop= 1.000  dep_x=10.000 dep_z= 0.000
rank=116 Lx=Ly=10 pg= 0.200 ids= 420 TEE= 0 R2x= 0.000 R2z= 0.967 R2x_loop= 0.000 R2z_loop= 1.000  dep_x=10.000 dep_z= 0.000
rank= 37 Lx=Ly=10 pg= 0.200 ids= 469 TEE= 0 R2x= 0.000 R2z= 0.922 R2x_loop= 0.000 R2z_loop= 1.000  dep_x=10.000 dep_z= 0.000
rank=118 Lx=Ly=10 pg= 0.200 ids= 422 TEE= 0 R2x= 0.000 R2z= 0.989 R2x_loop= 0.000 R2z_loop= 1.000  dep_x=10.000 dep_z= 0.000
rank=109 Lx=Ly=10 pg= 0.200 ids= 541 TEE= 0 R2x= 0.000 R2z= 0.944 R2x_loop= 0.000 R2z_loop= 1.000  dep_x=10.000 dep_z= 0.000
rank= 93 Lx=Ly=10 pg= 0.200 ids= 525 TEE= 0 R2x= 0.000 R2z= 0.933 R2x_loop= 0.000 R2z_loop= 1.000  dep_x=10.000 dep_z= 0.000
rank= 69 Lx=Ly=10 pg= 0.200 ids= 501 TEE= 0 R2x= 0.000 R2z= 0.956 R2x_loop= 0.000 R2z_loop= 1.000  dep_x=10.000 dep_z= 0.000
rank= 87 Lx=Ly=10 pg= 0.200 ids= 519 TEE= 0 R2x= 0.000 R2z= 0.867 R2x_loop= 0.000 R2z_loop= 1.000  dep_x=10.000 dep_z= 0.000
rank= 79 Lx=Ly=10 pg= 0.200 ids= 511 TEE= 0 R2x= 0.000 R2z= 0.756 R2x_loop= 0.000 R2z_loop= 1.000  dep_x=10.000 dep_z= 0.000
rank= 61 Lx=Ly=10 pg= 0.200 ids= 493 TEE= 0 R2x= 0.000 R2z= 0.867 R2x_loop= 0.000 R2z_loop= 1.000  dep_x=10.000 dep_z= 0.000
rank= 67 Lx=Ly=10 pg= 0.200 ids= 499 TEE= 0 R2x= 0.000 R2z= 0.844 R2x_loop= 0.000 R2z_loop= 1.000  dep_x=10.000 dep_z= 0.000
rank=  5 Lx=Ly=10 pg= 0.200 ids= 437 TEE= 0 R2x= 0.000 R2z= 0.878 R2x_loop= 0.000 R2z_loop= 1.000  dep_x=10.000 dep_z= 0.000
rank= 91 Lx=Ly=10 pg= 0.200 ids= 523 TEE= 0 R2x= 0.000 R2z= 0.956 R2x_loop= 0.000 R2z_loop= 1.000  dep_x=10.000 dep_z= 0.000
rank=105 Lx=Ly=10 pg= 0.200 ids= 537 TEE= 0 R2x= 0.000 R2z= 0.900 R2x_loop= 0.000 R2z_loop= 1.000  dep_x=10.000 dep_z= 0.000
rank= 71 Lx=Ly=10 pg= 0.200 ids= 503 TEE= 0 R2x= 0.000 R2z= 0.833 R2x_loop= 0.000 R2z_loop= 1.000  dep_x=10.000 dep_z= 0.000
rank= 39 Lx=Ly=10 pg= 0.200 ids= 471 TEE= 0 R2x= 0.000 R2z= 0.967 R2x_loop= 0.000 R2z_loop= 1.000  dep_x=10.000 dep_z= 0.000
rank= 59 Lx=Ly=10 pg= 0.200 ids= 491 TEE= 0 R2x= 0.000 R2z= 0.956 R2x_loop= 0.000 R2z_loop= 1.000  dep_x=10.000 dep_z= 0.000
rank= 85 Lx=Ly=10 pg= 0.200 ids= 517 TEE= 0 R2x= 0.000 R2z= 0.933 R2x_loop= 0.000 R2z_loop= 1.000  dep_x=10.000 dep_z= 0.000
rank=  1 Lx=Ly=10 pg= 0.200 ids= 433 TEE= 0 R2x= 0.000 R2z= 0.867 R2x_loop= 0.000 R2z_loop= 1.000  dep_x=10.000 dep_z= 0.000
rank= 75 Lx=Ly=10 pg= 0.200 ids= 507 TEE= 0 R2x= 0.000 R2z= 0.944 R2x_loop= 0.000 R2z_loop= 1.000  dep_x=10.000 dep_z= 0.000
rank= 89 Lx=Ly=10 pg= 0.200 ids= 521 TEE= 0 R2x= 0.000 R2z= 0.867 R2x_loop= 0.000 R2z_loop= 1.000  dep_x=10.000 dep_z= 0.000
rank=125 Lx=Ly=10 pg= 0.200 ids= 557 TEE= 0 R2x= 0.000 R2z= 0.733 R2x_loop= 0.000 R2z_loop= 1.000  dep_x=10.000 dep_z= 0.000
rank=  3 Lx=Ly=10 pg= 0.200 ids= 435 TEE= 0 R2x= 0.000 R2z= 0.933 R2x_loop= 0.000 R2z_loop= 1.000  dep_x=10.000 dep_z= 0.000
rank= 35 Lx=Ly=10 pg= 0.200 ids= 467 TEE= 0 R2x= 0.000 R2z= 0.733 R2x_loop= 0.000 R2z_loop= 1.000  dep_x=10.000 dep_z= 0.000
rank=  7 Lx=Ly=10 pg= 0.100 ids= 927 TEE= 0 R2x= 0.000 R2z= 0.967 R2x_loop= 0.000 R2z_loop= 1.000  dep_x=10.000 dep_z= 0.000
rank= 10 Lx=Ly=10 pg= 0.100 ids= 930 TEE= 0 R2x= 0.000 R2z= 0.967 R2x_loop= 0.000 R2z_loop= 1.000  dep_x=10.000 dep_z= 0.000
rank= 21 Lx=Ly=10 pg= 0.200 ids= 453 TEE= 0 R2x= 0.000 R2z= 0.944 R2x_loop= 0.000 R2z_loop= 1.000  dep_x=10.000 dep_z= 0.000
rank= 25 Lx=Ly=10 pg= 0.200 ids= 457 TEE= 0 R2x= 0.000 R2z= 0.922 R2x_loop= 0.000 R2z_loop= 1.000  dep_x=10.000 dep_z= 0.000
rank=115 Lx=Ly=10 pg= 0.200 ids= 547 TEE= 0 R2x= 0.000 R2z= 0.822 R2x_loop= 0.000 R2z_loop= 1.000  dep_x=10.000 dep_z= 0.000
rank= 33 Lx=Ly=10 pg= 0.200 ids= 465 TEE= 0 R2x= 0.000 R2z= 0.822 R2x_loop= 0.000 R2z_loop= 1.000  dep_x=10.000 dep_z= 0.000
rank= 49 Lx=Ly=10 pg= 0.200 ids= 481 TEE= 0 R2x= 0.000 R2z= 0.789 R2x_loop= 0.000 R2z_loop= 1.000  dep_x=10.000 dep_z= 0.000
rank= 97 Lx=Ly=10 pg= 0.200 ids= 401 TEE= 0 R2x= 0.000 R2z= 0.822 R2x_loop= 0.000 R2z_loop= 1.000  dep_x=10.000 dep_z= 0.000
rank= 23 Lx=Ly=10 pg= 0.200 ids= 455 TEE= 0 R2x= 0.000 R2z= 0.822 R2x_loop= 0.000 R2z_loop= 1.000  dep_x=10.000 dep_z= 0.000
rank= 73 Lx=Ly=10 pg= 0.200 ids= 505 TEE= 0 R2x= 0.000 R2z= 0.833 R2x_loop= 0.000 R2z_loop= 1.000  dep_x=10.000 dep_z= 0.000
rank= 17 Lx=Ly=10 pg= 0.200 ids= 449 TEE= 0 R2x= 0.000 R2z= 0.822 R2x_loop= 0.000 R2z_loop= 1.000  dep_x=10.000 dep_z= 0.000
rank= 19 Lx=Ly=10 pg= 0.200 ids= 451 TEE= 0 R2x= 0.000 R2z= 0.767 R2x_loop= 0.000 R2z_loop= 1.000  dep_x=10.000 dep_z= 0.000
rank=113 Lx=Ly=10 pg= 0.200 ids= 545 TEE= 0 R2x= 0.000 R2z= 0.822 R2x_loop= 0.000 R2z_loop= 1.000  dep_x=10.000 dep_z= 0.000
rank= 13 Lx=Ly=10 pg= 0.200 ids= 445 TEE= 0 R2x= 0.000 R2z= 0.978 R2x_loop= 0.000 R2z_loop= 1.000  dep_x=10.000 dep_z= 0.000
rank=117 Lx=Ly=10 pg= 0.200 ids= 549 TEE= 0 R2x= 0.000 R2z= 0.922 R2x_loop= 0.000 R2z_loop= 1.000  dep_x=10.000 dep_z= 0.000
rank= 15 Lx=Ly=10 pg= 0.200 ids= 447 TEE= 0 R2x= 0.000 R2z= 0.956 R2x_loop= 0.000 R2z_loop= 1.000  dep_x=10.000 dep_z= 0.000
rank= 55 Lx=Ly=10 pg= 0.200 ids= 487 TEE= 1 R2x= 0.000 R2z= 0.900 R2x_loop= 0.000 R2z_loop= 1.000  dep_x=10.000 dep_z= 0.000
rank=119 Lx=Ly=10 pg= 0.200 ids= 551 TEE= 0 R2x= 0.000 R2z= 0.956 R2x_loop= 0.000 R2z_loop= 1.000  dep_x=10.000 dep_z= 0.000
rank= 51 Lx=Ly=10 pg= 0.200 ids= 483 TEE= 0 R2x= 0.000 R2z= 0.867 R2x_loop= 0.000 R2z_loop= 1.000  dep_x=10.000 dep_z= 0.000
rank= 41 Lx=Ly=10 pg= 0.200 ids= 473 TEE= 0 R2x= 0.000 R2z= 0.867 R2x_loop= 0.000 R2z_loop= 1.000  dep_x=10.000 dep_z= 0.000
rank= 99 Lx=Ly=10 pg= 0.200 ids= 403 TEE= 0 R2x= 0.000 R2z= 0.900 R2x_loop= 0.000 R2z_loop= 1.000  dep_x=10.000 dep_z= 0.000
rank=  9 Lx=Ly=10 pg= 0.200 ids= 441 TEE= 0 R2x= 0.000 R2z= 0.911 R2x_loop= 0.000 R2z_loop= 1.000  dep_x=10.000 dep_z= 0.000
rank= 43 Lx=Ly=10 pg= 0.200 ids= 347 TEE= 0 R2x= 0.000 R2z= 0.822 R2x_loop= 0.000 R2z_loop= 1.000  dep_x=10.000 dep_z= 0.000
rank=107 Lx=Ly=10 pg= 0.200 ids= 155 TEE= 0 R2x= 0.000 R2z= 0.844 R2x_loop= 0.000 R2z_loop= 1.000  dep_x=10.000 dep_z= 0.000
rank=123 Lx=Ly=10 pg= 0.200 ids= 299 TEE= 0 R2x= 0.000 R2z= 0.967 R2x_loop= 0.000 R2z_loop= 1.000  dep_x=10.000 dep_z= 0.000
rank=114 Lx=Ly=10 pg= 0.200 ids= 418 TEE= 0 R2x= 0.000 R2z= 0.933 R2x_loop= 0.000 R2z_loop= 1.000  dep_x=10.000 dep_z= 0.000
rank= 28 Lx=Ly=10 pg= 0.200 ids= 332 TEE= 0 R2x= 0.000 R2z= 0.944 R2x_loop= 0.000 R2z_loop= 1.000  dep_x=10.000 dep_z= 0.000
rank= 27 Lx=Ly=10 pg= 0.200 ids= 459 TEE= 0 R2x= 0.000 R2z= 0.933 R2x_loop= 0.000 R2z_loop= 1.000  dep_x=10.000 dep_z= 0.000
rank= 38 Lx=Ly=10 pg= 0.200 ids= 342 TEE= 0 R2x= 0.000 R2z= 0.800 R2x_loop= 0.000 R2z_loop= 1.000  dep_x=10.000 dep_z= 0.000
rank=127 Lx=Ly=10 pg= 0.200 ids= 559 TEE= 0 R2x= 0.000 R2z= 0.878 R2x_loop= 0.000 R2z_loop= 1.000  dep_x=10.000 dep_z= 0.000
rank=103 Lx=Ly=10 pg= 0.200 ids= 535 TEE= 0 R2x= 0.000 R2z= 0.856 R2x_loop= 0.000 R2z_loop= 1.000  dep_x=10.000 dep_z= 0.000
rank= 77 Lx=Ly=10 pg= 0.200 ids= 253 TEE= 0 R2x= 0.000 R2z= 0.889 R2x_loop= 0.000 R2z_loop= 1.000  dep_x=10.000 dep_z= 0.000
rank=111 Lx=Ly=10 pg= 0.200 ids= 159 TEE= 0 R2x= 0.000 R2z= 0.844 R2x_loop= 0.000 R2z_loop= 1.000  dep_x=10.000 dep_z= 0.000
rank= 54 Lx=Ly=10 pg= 0.100 ids= 974 TEE= 0 R2x= 0.000 R2z= 0.922 R2x_loop= 0.000 R2z_loop= 1.000  dep_x=10.000 dep_z= 0.000
rank= 86 Lx=Ly=10 pg= 0.200 ids= 390 TEE= 0 R2x= 0.000 R2z= 0.933 R2x_loop= 0.000 R2z_loop= 1.000  dep_x=10.000 dep_z= 0.000
rank= 83 Lx=Ly=10 pg= 0.200 ids= 259 TEE= 0 R2x= 0.000 R2z= 0.944 R2x_loop= 0.000 R2z_loop= 1.000  dep_x=10.000 dep_z= 0.000
rank=110 Lx=Ly=10 pg= 0.200 ids= 286 TEE= 0 R2x= 0.000 R2z= 0.833 R2x_loop= 0.000 R2z_loop= 1.000  dep_x=10.000 dep_z= 0.000
rank= 16 Lx=Ly=10 pg= 0.200 ids= 448 TEE= 0 R2x= 0.000 R2z= 0.956 R2x_loop= 0.000 R2z_loop= 1.000  dep_x=10.000 dep_z= 0.000
rank=  4 Lx=Ly=10 pg= 0.200 ids= 436 TEE= 0 R2x= 0.000 R2z= 0.833 R2x_loop= 0.000 R2z_loop= 1.000  dep_x=10.000 dep_z= 0.000
rank= 48 Lx=Ly=10 pg= 0.200 ids= 480 TEE= 0 R2x= 0.000 R2z= 0.978 R2x_loop= 0.000 R2z_loop= 1.000  dep_x=10.000 dep_z= 0.000
rank= 18 Lx=Ly=10 pg= 0.200 ids= 450 TEE= 0 R2x= 0.000 R2z= 0.878 R2x_loop= 0.000 R2z_loop= 1.000  dep_x=10.000 dep_z= 0.000
rank= 26 Lx=Ly=10 pg= 0.200 ids= 458 TEE= 0 R2x= 0.000 R2z= 0.956 R2x_loop= 0.000 R2z_loop= 1.000  dep_x=10.000 dep_z= 0.000
rank=  8 Lx=Ly=10 pg= 0.200 ids= 440 TEE= 0 R2x= 0.000 R2z= 0.756 R2x_loop= 0.000 R2z_loop= 1.000  dep_x=10.000 dep_z= 0.000
rank= 22 Lx=Ly=10 pg= 0.200 ids=  70 TEE= 0 R2x= 0.000 R2z= 0.744 R2x_loop= 0.000 R2z_loop= 1.000  dep_x=10.000 dep_z= 0.000
rank=121 Lx=Ly=10 pg= 0.200 ids= 169 TEE= 0 R2x= 0.000 R2z= 0.778 R2x_loop= 0.000 R2z_loop= 1.000  dep_x=10.000 dep_z= 0.000
rank= 14 Lx=Ly=10 pg= 0.200 ids= 446 TEE= 0 R2x= 0.000 R2z= 0.933 R2x_loop= 0.000 R2z_loop= 1.000  dep_x=10.000 dep_z= 0.000
rank= 30 Lx=Ly=10 pg= 0.100 ids= 950 TEE= 0 R2x= 0.000 R2z= 0.878 R2x_loop= 0.000 R2z_loop= 1.000  dep_x=10.000 dep_z= 0.000
rank= 92 Lx=Ly=10 pg= 0.200 ids= 524 TEE= 0 R2x= 0.000 R2z= 0.800 R2x_loop= 0.000 R2z_loop= 1.000  dep_x=10.000 dep_z= 0.000
rank= 68 Lx=Ly=10 pg= 0.200 ids= 372 TEE= 0 R2x= 0.000 R2z= 0.922 R2x_loop= 0.000 R2z_loop= 1.000  dep_x=10.000 dep_z= 0.000
rank= 63 Lx=Ly=10 pg= 0.200 ids= 495 TEE= 0 R2x= 0.000 R2z= 0.889 R2x_loop= 0.000 R2z_loop= 1.000  dep_x=10.000 dep_z= 0.000
rank= 95 Lx=Ly=10 pg= 0.200 ids= 527 TEE= 0 R2x= 0.000 R2z= 0.756 R2x_loop= 0.000 R2z_loop= 1.000  dep_x=10.000 dep_z= 0.000
rank= 76 Lx=Ly=10 pg= 0.200 ids= 508 TEE= 0 R2x= 0.000 R2z= 0.922 R2x_loop= 0.000 R2z_loop= 1.000  dep_x=10.000 dep_z= 0.000
rank= 52 Lx=Ly=10 pg= 0.200 ids= 100 TEE= 0 R2x= 0.000 R2z= 0.800 R2x_loop= 0.000 R2z_loop= 1.000  dep_x=10.000 dep_z= 0.000
rank= 34 Lx=Ly=10 pg= 0.200 ids= 466 TEE= 0 R2x= 0.000 R2z= 0.944 R2x_loop= 0.000 R2z_loop= 1.000  dep_x=10.000 dep_z= 0.000
rank= 20 Lx=Ly=10 pg= 0.200 ids= 452 TEE= 0 R2x= 0.000 R2z= 0.956 R2x_loop= 0.000 R2z_loop= 1.000  dep_x=10.000 dep_z= 0.000
rank= 94 Lx=Ly=10 pg= 0.200 ids= 526 TEE= 0 R2x= 0.000 R2z= 0.967 R2x_loop= 0.000 R2z_loop= 1.000  dep_x=10.000 dep_z= 0.000
rank= 12 Lx=Ly=10 pg= 0.200 ids= 444 TEE= 0 R2x= 0.000 R2z= 0.989 R2x_loop= 0.000 R2z_loop= 1.000  dep_x=10.000 dep_z= 0.000
rank= 44 Lx=Ly=10 pg= 0.200 ids= 476 TEE= 0 R2x= 0.000 R2z= 0.844 R2x_loop= 0.000 R2z_loop= 1.000  dep_x=10.000 dep_z= 0.000
rank= 78 Lx=Ly=10 pg= 0.200 ids= 510 TEE= 0 R2x= 0.000 R2z= 0.933 R2x_loop= 0.000 R2z_loop= 1.000  dep_x=10.000 dep_z= 0.000
rank=108 Lx=Ly=10 pg= 0.200 ids= 540 TEE= 0 R2x= 0.000 R2z= 0.889 R2x_loop= 0.000 R2z_loop= 1.000  dep_x=10.000 dep_z= 0.000
rank= 42 Lx=Ly=10 pg= 0.200 ids= 474 TEE= 0 R2x= 0.000 R2z= 0.956 R2x_loop= 0.000 R2z_loop= 1.000  dep_x=10.000 dep_z= 0.000
rank= 56 Lx=Ly=10 pg= 0.200 ids= 488 TEE= 0 R2x= 0.000 R2z= 0.933 R2x_loop= 0.000 R2z_loop= 1.000  dep_x=10.000 dep_z= 0.000
rank= 70 Lx=Ly=10 pg= 0.200 ids= 502 TEE= 0 R2x= 0.000 R2z= 0.844 R2x_loop= 0.000 R2z_loop= 1.000  dep_x=10.000 dep_z= 0.000
rank= 62 Lx=Ly=10 pg= 0.200 ids= 494 TEE= 0 R2x= 0.000 R2z= 0.956 R2x_loop= 0.000 R2z_loop= 1.000  dep_x=10.000 dep_z= 0.000
rank= 45 Lx=Ly=10 pg= 0.200 ids= 477 TEE= 0 R2x= 0.000 R2z= 0.978 R2x_loop= 0.000 R2z_loop= 1.000  dep_x=10.000 dep_z= 0.000
rank= 90 Lx=Ly=10 pg= 0.200 ids= 522 TEE= 0 R2x= 0.000 R2z= 0.856 R2x_loop= 0.000 R2z_loop= 1.000  dep_x=10.000 dep_z= 0.000
rank= 57 Lx=Ly=10 pg= 0.200 ids= 361 TEE= 0 R2x= 0.000 R2z= 0.844 R2x_loop= 0.000 R2z_loop= 1.000  dep_x=10.000 dep_z= 0.000
rank= 80 Lx=Ly=10 pg= 0.200 ids= 512 TEE= 0 R2x= 0.000 R2z= 0.856 R2x_loop= 0.000 R2z_loop= 1.000  dep_x=10.000 dep_z= 0.000
rank= 74 Lx=Ly=10 pg= 0.200 ids= 506 TEE= 0 R2x= 0.000 R2z= 0.833 R2x_loop= 0.000 R2z_loop= 1.000  dep_x=10.000 dep_z= 0.000
rank= 40 Lx=Ly=10 pg= 0.200 ids= 472 TEE= 0 R2x= 0.000 R2z= 0.989 R2x_loop= 0.000 R2z_loop= 1.000  dep_x=10.000 dep_z= 0.000
rank= 58 Lx=Ly=10 pg= 0.200 ids= 490 TEE= 0 R2x= 0.000 R2z= 0.878 R2x_loop= 0.000 R2z_loop= 1.000  dep_x=10.000 dep_z= 0.000
rank= 81 Lx=Ly=10 pg= 0.100 ids= 873 TEE= 0 R2x= 0.000 R2z= 0.989 R2x_loop= 0.000 R2z_loop= 1.000  dep_x=10.000 dep_z= 0.000
rank= 60 Lx=Ly=10 pg= 0.200 ids= 492 TEE= 0 R2x= 0.000 R2z= 0.822 R2x_loop= 0.000 R2z_loop= 1.000  dep_x=10.000 dep_z= 0.000
rank= 50 Lx=Ly=10 pg= 0.200 ids=  98 TEE= 0 R2x= 0.000 R2z= 0.878 R2x_loop= 0.000 R2z_loop= 1.000  dep_x=10.000 dep_z= 0.000
rank=106 Lx=Ly=10 pg= 0.200 ids= 538 TEE= 0 R2x= 0.000 R2z= 0.744 R2x_loop= 0.000 R2z_loop= 1.000  dep_x=10.000 dep_z= 0.000
rank= 64 Lx=Ly=10 pg= 0.200 ids= 368 TEE= 0 R2x= 0.000 R2z= 0.944 R2x_loop= 0.000 R2z_loop= 1.000  dep_x=10.000 dep_z= 0.000
rank= 46 Lx=Ly=10 pg= 0.200 ids= 478 TEE= 0 R2x= 0.000 R2z= 0.967 R2x_loop= 0.000 R2z_loop= 1.000  dep_x=10.000 dep_z= 0.000
rank=104 Lx=Ly=10 pg= 0.200 ids= 536 TEE= 0 R2x= 0.000 R2z= 0.867 R2x_loop= 0.000 R2z_loop= 1.000  dep_x=10.000 dep_z= 0.000
rank=  0 Lx=Ly=10 pg= 0.200 ids= 432 TEE= 0 R2x= 0.000 R2z= 0.911 R2x_loop= 0.000 R2z_loop= 1.000  dep_x=10.000 dep_z= 0.000
rank=102 Lx=Ly=10 pg= 0.200 ids= 534 TEE= 0 R2x= 0.000 R2z= 0.889 R2x_loop= 0.000 R2z_loop= 1.000  dep_x=10.000 dep_z= 0.000
rank= 36 Lx=Ly=10 pg= 0.200 ids= 212 TEE= 0 R2x= 0.000 R2z= 0.878 R2x_loop= 0.000 R2z_loop= 1.000  dep_x=10.000 dep_z= 0.000
rank= 11 Lx=Ly=10 pg= 0.200 ids= 315 TEE= 0 R2x= 0.000 R2z= 0.744 R2x_loop= 0.000 R2z_loop= 1.000  dep_x=10.000 dep_z= 0.000
rank= 66 Lx=Ly=10 pg= 0.200 ids= 498 TEE= 0 R2x= 0.000 R2z= 0.844 R2x_loop= 0.000 R2z_loop= 1.000  dep_x=10.000 dep_z= 0.000
rank=100 Lx=Ly=10 pg= 0.200 ids= 532 TEE= 0 R2x= 0.000 R2z= 0.800 R2x_loop= 0.000 R2z_loop= 1.000  dep_x=10.000 dep_z= 0.000
rank= 98 Lx=Ly=10 pg= 0.200 ids= 402 TEE= 0 R2x= 0.000 R2z= 0.967 R2x_loop= 0.000 R2z_loop= 1.000  dep_x=10.000 dep_z= 0.000
rank= 29 Lx=Ly=10 pg= 0.100 ids= 949 TEE= 0 R2x= 0.000 R2z= 0.989 R2x_loop= 0.000 R2z_loop= 1.000  dep_x=10.000 dep_z= 0.000
rank= 47 Lx=Ly=10 pg= 0.200 ids= 479 TEE= 0 R2x= 0.000 R2z= 0.722 R2x_loop= 0.000 R2z_loop= 1.000  dep_x=10.000 dep_z= 0.000
rank= 88 Lx=Ly=10 pg= 0.200 ids= 264 TEE= 0 R2x= 0.000 R2z= 0.833 R2x_loop= 0.000 R2z_loop= 1.000  dep_x=10.000 dep_z= 0.000
rank=112 Lx=Ly=10 pg= 0.200 ids= 544 TEE= 0 R2x= 0.000 R2z= 0.878 R2x_loop= 0.000 R2z_loop= 1.000  dep_x=10.000 dep_z= 0.000
rank=126 Lx=Ly=10 pg= 0.200 ids= 558 TEE= 0 R2x= 0.000 R2z= 0.933 R2x_loop= 0.000 R2z_loop= 1.000  dep_x=10.000 dep_z= 0.000
rank=122 Lx=Ly=10 pg= 0.200 ids= 554 TEE= 0 R2x= 0.000 R2z= 0.911 R2x_loop= 0.000 R2z_loop= 1.000  dep_x=10.000 dep_z= 0.000
rank=120 Lx=Ly=10 pg= 0.200 ids= 552 TEE= 0 R2x= 0.000 R2z= 0.978 R2x_loop= 0.000 R2z_loop= 1.000  dep_x=10.000 dep_z= 0.000
rank= 96 Lx=Ly=10 pg= 0.200 ids= 528 TEE= 0 R2x= 0.000 R2z= 0.911 R2x_loop= 0.000 R2z_loop= 1.000  dep_x=10.000 dep_z= 0.000
rank=  2 Lx=Ly=10 pg= 0.200 ids=  50 TEE= 0 R2x= 0.000 R2z= 0.944 R2x_loop= 0.000 R2z_loop= 1.000  dep_x=10.000 dep_z= 0.000
rank= 82 Lx=Ly=10 pg= 0.200 ids= 258 TEE= 0 R2x= 0.000 R2z= 0.867 R2x_loop= 0.000 R2z_loop= 1.000  dep_x=10.000 dep_z= 0.000
rank=124 Lx=Ly=10 pg= 0.200 ids= 556 TEE= 0 R2x= 0.000 R2z= 0.889 R2x_loop= 0.000 R2z_loop= 1.000  dep_x=10.000 dep_z= 0.000
rank= 37 Lx=Ly=10 pg= 0.200 ids= 597 TEE= 0 R2x= 0.000 R2z= 0.844 R2x_loop= 0.000 R2z_loop= 1.000  dep_x=10.000 dep_z= 0.000
rank= 84 Lx=Ly=10 pg= 0.200 ids= 516 TEE= 0 R2x= 0.000 R2z= 0.844 R2x_loop= 0.000 R2z_loop= 1.000  dep_x=10.000 dep_z= 0.000
rank=109 Lx=Ly=10 pg= 0.200 ids= 669 TEE= 0 R2x= 0.000 R2z= 0.756 R2x_loop= 0.000 R2z_loop= 1.000  dep_x=10.000 dep_z= 0.000
rank= 32 Lx=Ly=10 pg= 0.200 ids= 464 TEE= 0 R2x= 0.000 R2z= 0.867 R2x_loop= 0.000 R2z_loop= 1.000  dep_x=10.000 dep_z= 0.000
rank=101 Lx=Ly=10 pg= 0.200 ids= 405 TEE= 0 R2x= 0.000 R2z= 0.844 R2x_loop= 0.000 R2z_loop= 1.000  dep_x=10.000 dep_z= 0.000
rank= 72 Lx=Ly=10 pg= 0.200 ids= 504 TEE= 0 R2x= 0.000 R2z= 0.856 R2x_loop= 0.000 R2z_loop= 1.000  dep_x=10.000 dep_z= 0.000
rank= 93 Lx=Ly=10 pg= 0.200 ids= 653 TEE= 0 R2x= 0.000 R2z= 0.933 R2x_loop= 0.000 R2z_loop= 1.000  dep_x=10.000 dep_z= 0.000
rank= 24 Lx=Ly=10 pg= 0.200 ids= 456 TEE= 0 R2x= 0.000 R2z= 0.922 R2x_loop= 0.000 R2z_loop= 1.000  dep_x=10.000 dep_z= 0.000
rank= 69 Lx=Ly=10 pg= 0.200 ids= 629 TEE= 0 R2x= 0.000 R2z= 0.933 R2x_loop= 0.000 R2z_loop= 1.000  dep_x=10.000 dep_z= 0.000
rank=116 Lx=Ly=10 pg= 0.200 ids= 548 TEE= 0 R2x= 0.000 R2z= 0.933 R2x_loop= 0.000 R2z_loop= 1.000  dep_x=10.000 dep_z= 0.000
rank=  6 Lx=Ly=10 pg= 0.100 ids= 926 TEE= 0 R2x= 0.000 R2z= 0.956 R2x_loop= 0.000 R2z_loop= 1.000  dep_x=10.000 dep_z= 0.000
rank= 61 Lx=Ly=10 pg= 0.200 ids= 621 TEE= 0 R2x= 0.000 R2z= 0.933 R2x_loop= 0.000 R2z_loop= 1.000  dep_x=10.000 dep_z= 0.000
rank=118 Lx=Ly=10 pg= 0.200 ids= 550 TEE= 0 R2x= 0.000 R2z= 0.956 R2x_loop= 0.000 R2z_loop= 1.000  dep_x=10.000 dep_z= 0.000
rank= 87 Lx=Ly=10 pg= 0.200 ids= 647 TEE= 0 R2x= 0.000 R2z= 0.822 R2x_loop= 0.000 R2z_loop= 1.000  dep_x=10.000 dep_z= 0.000
rank= 53 Lx=Ly=10 pg= 0.200 ids= 229 TEE= 0 R2x= 0.000 R2z= 0.767 R2x_loop= 0.000 R2z_loop= 1.000  dep_x=10.000 dep_z= 0.000
rank= 79 Lx=Ly=10 pg= 0.200 ids= 639 TEE= 0 R2x= 0.000 R2z= 0.944 R2x_loop= 0.000 R2z_loop= 1.000  dep_x=10.000 dep_z= 0.000
rank= 67 Lx=Ly=10 pg= 0.200 ids= 627 TEE= 0 R2x= 0.000 R2z= 0.856 R2x_loop= 0.000 R2z_loop= 1.000  dep_x=10.000 dep_z= 0.000
rank=  5 Lx=Ly=10 pg= 0.200 ids= 565 TEE= 0 R2x= 0.000 R2z= 0.767 R2x_loop= 0.000 R2z_loop= 1.000  dep_x=10.000 dep_z= 0.000
rank= 91 Lx=Ly=10 pg= 0.200 ids= 651 TEE= 0 R2x= 0.000 R2z= 0.833 R2x_loop= 0.000 R2z_loop= 1.000  dep_x=10.000 dep_z= 0.000
rank=105 Lx=Ly=10 pg= 0.200 ids= 665 TEE= 0 R2x= 0.000 R2z= 0.844 R2x_loop= 0.000 R2z_loop= 1.000  dep_x=10.000 dep_z= 0.000
rank= 59 Lx=Ly=10 pg= 0.200 ids= 619 TEE= 0 R2x= 0.000 R2z= 0.856 R2x_loop= 0.000 R2z_loop= 1.000  dep_x=10.000 dep_z= 0.000
rank= 71 Lx=Ly=10 pg= 0.200 ids= 631 TEE= 0 R2x= 0.000 R2z= 0.944 R2x_loop= 0.000 R2z_loop= 1.000  dep_x=10.000 dep_z= 0.000
rank= 39 Lx=Ly=10 pg= 0.200 ids= 599 TEE= 0 R2x= 0.000 R2z= 0.867 R2x_loop= 0.000 R2z_loop= 1.000  dep_x=10.000 dep_z= 0.000
rank= 85 Lx=Ly=10 pg= 0.200 ids= 645 TEE= 0 R2x= 0.000 R2z= 0.833 R2x_loop= 0.000 R2z_loop= 1.000  dep_x=10.000 dep_z= 0.000
rank= 89 Lx=Ly=10 pg= 0.200 ids= 649 TEE= 0 R2x= 0.000 R2z= 0.933 R2x_loop= 0.000 R2z_loop= 1.000  dep_x=10.000 dep_z= 0.000
rank=  1 Lx=Ly=10 pg= 0.200 ids= 561 TEE= 0 R2x= 0.000 R2z= 0.944 R2x_loop= 0.000 R2z_loop= 1.000  dep_x=10.000 dep_z= 0.000
rank= 75 Lx=Ly=10 pg= 0.200 ids= 635 TEE= 0 R2x= 0.000 R2z= 0.844 R2x_loop= 0.000 R2z_loop= 1.000  dep_x=10.000 dep_z= 0.000
rank=125 Lx=Ly=10 pg= 0.200 ids= 685 TEE= 0 R2x= 0.000 R2z= 0.956 R2x_loop= 0.000 R2z_loop= 1.000  dep_x=10.000 dep_z= 0.000
rank=  3 Lx=Ly=10 pg= 0.200 ids= 563 TEE= 0 R2x= 0.000 R2z= 0.744 R2x_loop= 0.000 R2z_loop= 1.000  dep_x=10.000 dep_z= 0.000
rank= 35 Lx=Ly=10 pg= 0.200 ids= 595 TEE= 0 R2x= 0.000 R2z= 0.922 R2x_loop= 0.000 R2z_loop= 1.000  dep_x=10.000 dep_z= 0.000
rank= 21 Lx=Ly=10 pg= 0.200 ids= 581 TEE= 0 R2x= 0.000 R2z= 0.967 R2x_loop= 0.000 R2z_loop= 1.000  dep_x=10.000 dep_z= 0.000
rank= 25 Lx=Ly=10 pg= 0.200 ids= 585 TEE= 0 R2x= 0.000 R2z= 0.956 R2x_loop= 0.000 R2z_loop= 1.000  dep_x=10.000 dep_z= 0.000
rank=115 Lx=Ly=10 pg= 0.200 ids= 675 TEE= 0 R2x= 0.000 R2z= 0.778 R2x_loop= 0.000 R2z_loop= 1.000  dep_x=10.000 dep_z= 0.000
rank= 49 Lx=Ly=10 pg= 0.200 ids= 609 TEE= 0 R2x= 0.000 R2z= 0.822 R2x_loop= 0.000 R2z_loop= 1.000  dep_x=10.000 dep_z= 0.000
rank= 33 Lx=Ly=10 pg= 0.200 ids= 593 TEE= 0 R2x= 0.000 R2z= 0.833 R2x_loop= 0.000 R2z_loop= 1.000  dep_x=10.000 dep_z= 0.000
rank= 23 Lx=Ly=10 pg= 0.200 ids= 583 TEE= 0 R2x= 0.000 R2z= 0.833 R2x_loop= 0.000 R2z_loop= 1.000  dep_x=10.000 dep_z= 0.000
rank=  7 Lx=Ly=10 pg= 0.200 ids=  55 TEE= 0 R2x= 0.000 R2z= 0.956 R2x_loop= 0.000 R2z_loop= 1.000  dep_x=10.000 dep_z= 0.000
rank= 73 Lx=Ly=10 pg= 0.200 ids= 633 TEE= 0 R2x= 0.000 R2z= 0.978 R2x_loop= 0.000 R2z_loop= 1.000  dep_x=10.000 dep_z= 0.000
rank= 17 Lx=Ly=10 pg= 0.200 ids= 577 TEE= 0 R2x= 0.000 R2z= 0.811 R2x_loop= 0.000 R2z_loop= 1.000  dep_x=10.000 dep_z= 0.000
rank=113 Lx=Ly=10 pg= 0.200 ids= 673 TEE= 0 R2x= 0.000 R2z= 0.833 R2x_loop= 0.000 R2z_loop= 1.000  dep_x=10.000 dep_z= 0.000
rank= 19 Lx=Ly=10 pg= 0.200 ids= 579 TEE= 0 R2x= 0.000 R2z= 0.911 R2x_loop= 0.000 R2z_loop= 1.000  dep_x=10.000 dep_z= 0.000
rank= 13 Lx=Ly=10 pg= 0.200 ids= 573 TEE= 0 R2x= 0.000 R2z= 0.956 R2x_loop= 0.000 R2z_loop= 1.000  dep_x=10.000 dep_z= 0.000
rank=117 Lx=Ly=10 pg= 0.200 ids= 677 TEE= 0 R2x= 0.000 R2z= 0.844 R2x_loop= 0.000 R2z_loop= 1.000  dep_x=10.000 dep_z= 0.000
rank= 55 Lx=Ly=10 pg= 0.200 ids= 615 TEE= 0 R2x= 0.000 R2z= 0.956 R2x_loop= 0.000 R2z_loop= 1.000  dep_x=10.000 dep_z= 0.000
rank=119 Lx=Ly=10 pg= 0.200 ids= 679 TEE= 0 R2x= 0.000 R2z= 0.933 R2x_loop= 0.000 R2z_loop= 1.000  dep_x=10.000 dep_z= 0.000
rank= 99 Lx=Ly=10 pg= 0.200 ids= 531 TEE= 0 R2x= 0.000 R2z= 0.900 R2x_loop= 0.000 R2z_loop= 1.000  dep_x=10.000 dep_z= 0.000
rank= 51 Lx=Ly=10 pg= 0.200 ids= 611 TEE= 0 R2x= 0.000 R2z= 0.956 R2x_loop= 0.000 R2z_loop= 1.000  dep_x=10.000 dep_z= 0.000
rank= 41 Lx=Ly=10 pg= 0.200 ids= 601 TEE= 0 R2x= 0.000 R2z= 0.967 R2x_loop= 0.000 R2z_loop= 1.000  dep_x=10.000 dep_z= 0.000
rank= 43 Lx=Ly=10 pg= 0.200 ids= 475 TEE= 0 R2x= 0.000 R2z= 0.956 R2x_loop= 0.000 R2z_loop= 1.000  dep_x=10.000 dep_z= 0.000
rank= 15 Lx=Ly=10 pg= 0.200 ids= 575 TEE= 0 R2x= 0.000 R2z= 0.944 R2x_loop= 0.000 R2z_loop= 1.000  dep_x=10.000 dep_z= 0.000
rank=  9 Lx=Ly=10 pg= 0.200 ids= 569 TEE= 0 R2x= 0.000 R2z= 0.856 R2x_loop= 0.000 R2z_loop= 1.000  dep_x=10.000 dep_z= 0.000
rank= 65 Lx=Ly=10 pg= 0.200 ids= 241 TEE= 0 R2x= 0.000 R2z= 0.633 R2x_loop= 0.000 R2z_loop= 1.000  dep_x=10.000 dep_z= 0.000
rank=107 Lx=Ly=10 pg= 0.200 ids= 283 TEE= 0 R2x= 0.000 R2z= 0.922 R2x_loop= 0.000 R2z_loop= 1.000  dep_x=10.000 dep_z= 0.000
rank= 31 Lx=Ly=10 pg= 0.200 ids=  79 TEE= 0 R2x= 0.000 R2z= 0.944 R2x_loop= 0.000 R2z_loop= 1.000  dep_x=10.000 dep_z= 0.000
rank=123 Lx=Ly=10 pg= 0.200 ids= 427 TEE= 0 R2x= 0.000 R2z= 0.944 R2x_loop= 0.000 R2z_loop= 1.000  dep_x=10.000 dep_z= 0.000
rank= 97 Lx=Ly=10 pg= 0.200 ids= 529 TEE= 0 R2x= 0.000 R2z= 0.822 R2x_loop= 0.000 R2z_loop= 1.000  dep_x=10.000 dep_z= 0.000
rank= 27 Lx=Ly=10 pg= 0.200 ids= 587 TEE= 0 R2x= 0.000 R2z= 0.867 R2x_loop= 0.000 R2z_loop= 1.000  dep_x=10.000 dep_z= 0.000
rank= 10 Lx=Ly=10 pg= 0.200 ids=  58 TEE= 0 R2x= 0.000 R2z= 0.944 R2x_loop= 0.000 R2z_loop= 1.000  dep_x=10.000 dep_z= 0.000
rank=114 Lx=Ly=10 pg= 0.200 ids= 546 TEE= 0 R2x= 0.000 R2z= 0.889 R2x_loop= 0.000 R2z_loop= 1.000  dep_x=10.000 dep_z= 0.000
rank= 38 Lx=Ly=10 pg= 0.200 ids= 470 TEE= 0 R2x= 0.000 R2z= 0.767 R2x_loop= 0.000 R2z_loop= 1.000  dep_x=10.000 dep_z= 0.000
rank=127 Lx=Ly=10 pg= 0.200 ids= 687 TEE= 0 R2x= 0.000 R2z= 0.933 R2x_loop= 0.000 R2z_loop= 1.000  dep_x=10.000 dep_z= 0.000
rank=103 Lx=Ly=10 pg= 0.200 ids= 663 TEE= 0 R2x= 0.000 R2z= 0.967 R2x_loop= 0.000 R2z_loop= 1.000  dep_x=10.000 dep_z= 0.000
rank= 77 Lx=Ly=10 pg= 0.200 ids= 381 TEE= 0 R2x= 0.000 R2z= 0.944 R2x_loop= 0.000 R2z_loop= 1.000  dep_x=10.000 dep_z= 0.000
rank= 28 Lx=Ly=10 pg= 0.200 ids= 460 TEE= 0 R2x= 0.000 R2z= 0.767 R2x_loop= 0.000 R2z_loop= 1.000  dep_x=10.000 dep_z= 0.000
rank=111 Lx=Ly=10 pg= 0.200 ids= 287 TEE= 0 R2x= 0.000 R2z= 0.756 R2x_loop= 0.000 R2z_loop= 1.000  dep_x=10.000 dep_z= 0.000
rank= 16 Lx=Ly=10 pg= 0.200 ids= 576 TEE= 0 R2x= 0.000 R2z= 0.956 R2x_loop= 0.000 R2z_loop= 1.000  dep_x=10.000 dep_z= 0.000
rank=  4 Lx=Ly=10 pg= 0.200 ids= 564 TEE= 0 R2x= 0.000 R2z= 0.844 R2x_loop= 0.000 R2z_loop= 1.000  dep_x=10.000 dep_z= 0.000
rank= 48 Lx=Ly=10 pg= 0.200 ids= 608 TEE= 0 R2x= 0.000 R2z= 0.856 R2x_loop= 0.000 R2z_loop= 1.000  dep_x=10.000 dep_z= 0.000
rank= 83 Lx=Ly=10 pg= 0.200 ids= 387 TEE= 0 R2x= 0.000 R2z= 0.856 R2x_loop= 0.000 R2z_loop= 1.000  dep_x=10.000 dep_z= 0.000
rank= 18 Lx=Ly=10 pg= 0.200 ids= 578 TEE= 0 R2x= 0.000 R2z= 0.844 R2x_loop= 0.000 R2z_loop= 1.000  dep_x=10.000 dep_z= 0.000
rank= 86 Lx=Ly=10 pg= 0.200 ids= 518 TEE= 0 R2x= 0.000 R2z= 0.867 R2x_loop= 0.000 R2z_loop= 1.000  dep_x=10.000 dep_z= 0.000
rank= 26 Lx=Ly=10 pg= 0.200 ids= 586 TEE= 0 R2x= 0.000 R2z= 0.956 R2x_loop= 0.000 R2z_loop= 1.000  dep_x=10.000 dep_z= 0.000
rank=  8 Lx=Ly=10 pg= 0.200 ids= 568 TEE= 0 R2x= 0.000 R2z= 0.889 R2x_loop= 0.000 R2z_loop= 1.000  dep_x=10.000 dep_z= 0.000
rank= 63 Lx=Ly=10 pg= 0.200 ids= 623 TEE= 0 R2x= 0.000 R2z= 0.900 R2x_loop= 0.000 R2z_loop= 1.000  dep_x=10.000 dep_z= 0.000
rank= 14 Lx=Ly=10 pg= 0.200 ids= 574 TEE= 0 R2x= 0.000 R2z= 0.944 R2x_loop= 0.000 R2z_loop= 1.000  dep_x=10.000 dep_z= 0.000
rank= 95 Lx=Ly=10 pg= 0.200 ids= 655 TEE= 0 R2x= 0.000 R2z= 0.744 R2x_loop= 0.000 R2z_loop= 1.000  dep_x=10.000 dep_z= 0.000
rank= 92 Lx=Ly=10 pg= 0.200 ids= 652 TEE= 0 R2x= 0.000 R2z= 0.956 R2x_loop= 0.000 R2z_loop= 1.000  dep_x=10.000 dep_z= 0.000
rank= 68 Lx=Ly=10 pg= 0.200 ids= 500 TEE= 0 R2x= 0.000 R2z= 0.922 R2x_loop= 0.000 R2z_loop= 1.000  dep_x=10.000 dep_z= 0.000
rank= 34 Lx=Ly=10 pg= 0.200 ids= 594 TEE= 0 R2x= 0.000 R2z= 0.989 R2x_loop= 0.000 R2z_loop= 1.000  dep_x=10.000 dep_z= 0.000
rank=110 Lx=Ly=10 pg= 0.200 ids= 414 TEE= 0 R2x= 0.000 R2z= 0.856 R2x_loop= 0.000 R2z_loop= 1.000  dep_x=10.000 dep_z= 0.000
rank= 22 Lx=Ly=10 pg= 0.200 ids= 198 TEE= 0 R2x= 0.000 R2z= 0.956 R2x_loop= 0.000 R2z_loop= 1.000  dep_x=10.000 dep_z= 0.000
rank= 76 Lx=Ly=10 pg= 0.200 ids= 636 TEE= 0 R2x= 0.000 R2z= 0.933 R2x_loop= 0.000 R2z_loop= 1.000  dep_x=10.000 dep_z= 0.000
rank= 12 Lx=Ly=10 pg= 0.200 ids= 572 TEE= 0 R2x= 0.000 R2z= 0.956 R2x_loop= 0.000 R2z_loop= 1.000  dep_x=10.000 dep_z= 0.000
rank= 94 Lx=Ly=10 pg= 0.200 ids= 654 TEE= 0 R2x= 0.000 R2z= 0.833 R2x_loop= 0.000 R2z_loop= 1.000  dep_x=10.000 dep_z= 0.000
rank= 45 Lx=Ly=10 pg= 0.200 ids= 605 TEE= 0 R2x= 0.000 R2z= 0.978 R2x_loop= 0.000 R2z_loop= 1.000  dep_x=10.000 dep_z= 0.000
rank= 20 Lx=Ly=10 pg= 0.200 ids= 580 TEE= 0 R2x= 0.000 R2z= 0.967 R2x_loop= 0.000 R2z_loop= 1.000  dep_x=10.000 dep_z= 0.000
rank=121 Lx=Ly=10 pg= 0.200 ids= 297 TEE= 0 R2x= 0.000 R2z= 0.933 R2x_loop= 0.000 R2z_loop= 1.000  dep_x=10.000 dep_z= 0.000
rank= 44 Lx=Ly=10 pg= 0.200 ids= 604 TEE= 0 R2x= 0.000 R2z= 0.900 R2x_loop= 0.000 R2z_loop= 1.000  dep_x=10.000 dep_z= 0.000
rank=108 Lx=Ly=10 pg= 0.200 ids= 668 TEE= 0 R2x= 0.000 R2z= 0.844 R2x_loop= 0.000 R2z_loop= 1.000  dep_x=10.000 dep_z= 0.000
rank= 54 Lx=Ly=10 pg= 0.200 ids= 102 TEE= 0 R2x= 0.000 R2z= 0.967 R2x_loop= 0.000 R2z_loop= 1.000  dep_x=10.000 dep_z= 0.000
rank= 78 Lx=Ly=10 pg= 0.200 ids= 638 TEE= 0 R2x= 0.000 R2z= 0.911 R2x_loop= 0.000 R2z_loop= 1.000  dep_x=10.000 dep_z= 0.000
rank= 42 Lx=Ly=10 pg= 0.200 ids= 602 TEE= 0 R2x= 0.000 R2z= 0.956 R2x_loop= 0.000 R2z_loop= 1.000  dep_x=10.000 dep_z= 0.000
rank= 56 Lx=Ly=10 pg= 0.200 ids= 616 TEE= 0 R2x= 0.000 R2z= 0.967 R2x_loop= 0.000 R2z_loop= 1.000  dep_x=10.000 dep_z= 0.000
rank= 70 Lx=Ly=10 pg= 0.200 ids= 630 TEE= 0 R2x= 0.000 R2z= 0.889 R2x_loop= 0.000 R2z_loop= 1.000  dep_x=10.000 dep_z= 0.000
rank= 62 Lx=Ly=10 pg= 0.200 ids= 622 TEE= 0 R2x= 0.000 R2z= 0.944 R2x_loop= 0.000 R2z_loop= 1.000  dep_x=10.000 dep_z= 0.000
rank= 90 Lx=Ly=10 pg= 0.200 ids= 650 TEE= 0 R2x= 0.000 R2z= 0.833 R2x_loop= 0.000 R2z_loop= 1.000  dep_x=10.000 dep_z= 0.000
rank= 80 Lx=Ly=10 pg= 0.200 ids= 640 TEE= 0 R2x= 0.000 R2z= 0.922 R2x_loop= 0.000 R2z_loop= 1.000  dep_x=10.000 dep_z= 0.000
rank= 74 Lx=Ly=10 pg= 0.200 ids= 634 TEE= 0 R2x= 0.000 R2z= 0.989 R2x_loop= 0.000 R2z_loop= 1.000  dep_x=10.000 dep_z= 0.000
rank= 40 Lx=Ly=10 pg= 0.200 ids= 600 TEE= 0 R2x= 0.000 R2z= 0.933 R2x_loop= 0.000 R2z_loop= 1.000  dep_x=10.000 dep_z= 0.000
rank= 58 Lx=Ly=10 pg= 0.200 ids= 618 TEE= 0 R2x= 0.000 R2z= 0.956 R2x_loop= 0.000 R2z_loop= 1.000  dep_x=10.000 dep_z= 0.000
rank= 60 Lx=Ly=10 pg= 0.200 ids= 620 TEE= 0 R2x= 0.000 R2z= 0.867 R2x_loop= 0.000 R2z_loop= 1.000  dep_x=10.000 dep_z= 0.000
rank=106 Lx=Ly=10 pg= 0.200 ids= 666 TEE= 0 R2x= 0.000 R2z= 0.867 R2x_loop= 0.000 R2z_loop= 1.000  dep_x=10.000 dep_z= 0.000
rank= 30 Lx=Ly=10 pg= 0.200 ids=  78 TEE= 0 R2x= 0.000 R2z= 0.844 R2x_loop= 0.000 R2z_loop= 1.000  dep_x=10.000 dep_z= 0.000
rank=104 Lx=Ly=10 pg= 0.200 ids= 664 TEE= 0 R2x= 0.000 R2z= 0.956 R2x_loop= 0.000 R2z_loop= 1.000  dep_x=10.000 dep_z= 0.000
rank= 46 Lx=Ly=10 pg= 0.200 ids= 606 TEE= 0 R2x= 0.000 R2z= 0.967 R2x_loop= 0.000 R2z_loop= 1.000  dep_x=10.000 dep_z= 0.000
rank=  0 Lx=Ly=10 pg= 0.200 ids= 560 TEE= 0 R2x= 0.000 R2z= 0.933 R2x_loop= 0.000 R2z_loop= 1.000  dep_x=10.000 dep_z= 0.000
rank=102 Lx=Ly=10 pg= 0.200 ids= 662 TEE= 0 R2x= 0.000 R2z= 0.733 R2x_loop= 0.000 R2z_loop= 1.000  dep_x=10.000 dep_z= 0.000
rank= 36 Lx=Ly=10 pg= 0.200 ids= 340 TEE= 0 R2x= 0.000 R2z= 0.956 R2x_loop= 0.000 R2z_loop= 1.000  dep_x=10.000 dep_z= 0.000
rank= 57 Lx=Ly=10 pg= 0.200 ids= 489 TEE= 0 R2x= 0.000 R2z= 0.822 R2x_loop= 0.000 R2z_loop= 1.000  dep_x=10.000 dep_z= 0.000
rank= 47 Lx=Ly=10 pg= 0.200 ids= 607 TEE= 0 R2x= 0.000 R2z= 0.878 R2x_loop= 0.000 R2z_loop= 1.000  dep_x=10.000 dep_z= 0.000
rank= 66 Lx=Ly=10 pg= 0.200 ids= 626 TEE= 0 R2x= 0.000 R2z= 0.644 R2x_loop= 0.000 R2z_loop= 1.000  dep_x=10.000 dep_z= 0.000
rank=100 Lx=Ly=10 pg= 0.200 ids= 660 TEE= 0 R2x= 0.000 R2z= 0.933 R2x_loop= 0.000 R2z_loop= 1.000  dep_x=10.000 dep_z= 0.000
rank= 64 Lx=Ly=10 pg= 0.200 ids= 496 TEE= 0 R2x= 0.000 R2z= 0.967 R2x_loop= 0.000 R2z_loop= 1.000  dep_x=10.000 dep_z= 0.000
rank= 50 Lx=Ly=10 pg= 0.200 ids= 226 TEE= 0 R2x= 0.000 R2z= 0.956 R2x_loop= 0.000 R2z_loop= 1.000  dep_x=10.000 dep_z= 0.000
rank=112 Lx=Ly=10 pg= 0.200 ids= 672 TEE= 0 R2x= 0.000 R2z= 0.900 R2x_loop= 0.000 R2z_loop= 1.000  dep_x=10.000 dep_z= 0.000
rank= 88 Lx=Ly=10 pg= 0.200 ids= 392 TEE= 0 R2x= 0.000 R2z= 0.822 R2x_loop= 0.000 R2z_loop= 1.000  dep_x=10.000 dep_z= 0.000
rank=126 Lx=Ly=10 pg= 0.200 ids= 686 TEE= 0 R2x= 0.000 R2z= 0.989 R2x_loop= 0.000 R2z_loop= 1.000  dep_x=10.000 dep_z= 0.000
rank= 37 Lx=Ly=10 pg= 0.200 ids= 725 TEE= 0 R2x= 0.000 R2z= 0.956 R2x_loop= 0.000 R2z_loop= 1.000  dep_x=10.000 dep_z= 0.000
rank=120 Lx=Ly=10 pg= 0.200 ids= 680 TEE= 0 R2x= 0.000 R2z= 0.867 R2x_loop= 0.000 R2z_loop= 1.000  dep_x=10.000 dep_z= 0.000
rank= 96 Lx=Ly=10 pg= 0.200 ids= 656 TEE= 0 R2x= 0.000 R2z= 0.778 R2x_loop= 0.000 R2z_loop= 1.000  dep_x=10.000 dep_z= 0.000
rank=122 Lx=Ly=10 pg= 0.200 ids= 682 TEE= 0 R2x= 0.000 R2z= 0.956 R2x_loop= 0.000 R2z_loop= 1.000  dep_x=10.000 dep_z= 0.000
rank=109 Lx=Ly=10 pg= 0.200 ids= 797 TEE= 0 R2x= 0.000 R2z= 0.667 R2x_loop= 0.000 R2z_loop= 1.000  dep_x=10.000 dep_z= 0.000
rank=  2 Lx=Ly=10 pg= 0.200 ids= 178 TEE= 1 R2x= 0.000 R2z= 0.844 R2x_loop= 0.000 R2z_loop= 1.000  dep_x=10.000 dep_z= 0.000
rank= 84 Lx=Ly=10 pg= 0.200 ids= 644 TEE= 0 R2x= 0.000 R2z= 0.889 R2x_loop= 0.000 R2z_loop= 1.000  dep_x=10.000 dep_z= 0.000
rank= 93 Lx=Ly=10 pg= 0.200 ids= 781 TEE= 0 R2x= 0.000 R2z= 0.833 R2x_loop= 0.000 R2z_loop= 1.000  dep_x=10.000 dep_z= 0.000
rank= 69 Lx=Ly=10 pg= 0.200 ids= 757 TEE= 0 R2x= 0.000 R2z= 0.811 R2x_loop= 0.000 R2z_loop= 1.000  dep_x=10.000 dep_z= 0.000
rank=124 Lx=Ly=10 pg= 0.200 ids= 684 TEE= 0 R2x= 0.000 R2z= 0.811 R2x_loop= 0.000 R2z_loop= 1.000  dep_x=10.000 dep_z= 0.000
rank= 32 Lx=Ly=10 pg= 0.200 ids= 592 TEE= 0 R2x= 0.000 R2z= 0.944 R2x_loop= 0.000 R2z_loop= 1.000  dep_x=10.000 dep_z= 0.000
rank= 61 Lx=Ly=10 pg= 0.200 ids= 749 TEE= 0 R2x= 0.000 R2z= 0.856 R2x_loop= 0.000 R2z_loop= 1.000  dep_x=10.000 dep_z= 0.000
rank= 87 Lx=Ly=10 pg= 0.200 ids= 775 TEE= 0 R2x= 0.000 R2z= 0.944 R2x_loop= 0.000 R2z_loop= 1.000  dep_x=10.000 dep_z= 0.000
rank= 67 Lx=Ly=10 pg= 0.200 ids= 755 TEE= 0 R2x= 0.000 R2z= 0.956 R2x_loop= 0.000 R2z_loop= 1.000  dep_x=10.000 dep_z= 0.000
rank= 79 Lx=Ly=10 pg= 0.200 ids= 767 TEE= 0 R2x= 0.000 R2z= 0.933 R2x_loop= 0.000 R2z_loop= 1.000  dep_x=10.000 dep_z= 0.000
rank= 24 Lx=Ly=10 pg= 0.200 ids= 584 TEE= 0 R2x= 0.000 R2z= 0.844 R2x_loop= 0.000 R2z_loop= 1.000  dep_x=10.000 dep_z= 0.000
rank= 53 Lx=Ly=10 pg= 0.200 ids= 357 TEE= 0 R2x= 0.000 R2z= 0.878 R2x_loop= 0.000 R2z_loop= 1.000  dep_x=10.000 dep_z= 0.000
rank=  5 Lx=Ly=10 pg= 0.200 ids= 693 TEE= 0 R2x= 0.000 R2z= 0.811 R2x_loop= 0.000 R2z_loop= 1.000  dep_x=10.000 dep_z= 0.000
rank=105 Lx=Ly=10 pg= 0.200 ids= 793 TEE= 0 R2x= 0.000 R2z= 0.767 R2x_loop= 0.000 R2z_loop= 1.000  dep_x=10.000 dep_z= 0.000
rank= 91 Lx=Ly=10 pg= 0.200 ids= 779 TEE= 0 R2x= 0.000 R2z= 0.967 R2x_loop= 0.000 R2z_loop= 1.000  dep_x=10.000 dep_z= 0.000
rank= 72 Lx=Ly=10 pg= 0.200 ids= 632 TEE= 0 R2x= 0.000 R2z= 0.756 R2x_loop= 0.000 R2z_loop= 1.000  dep_x=10.000 dep_z= 0.000
rank= 59 Lx=Ly=10 pg= 0.200 ids= 747 TEE= 0 R2x= 0.000 R2z= 0.922 R2x_loop= 0.000 R2z_loop= 1.000  dep_x=10.000 dep_z= 0.000
rank= 39 Lx=Ly=10 pg= 0.200 ids= 727 TEE= 0 R2x= 0.000 R2z= 0.933 R2x_loop= 0.000 R2z_loop= 1.000  dep_x=10.000 dep_z= 0.000
rank= 71 Lx=Ly=10 pg= 0.200 ids= 759 TEE= 0 R2x= 0.000 R2z= 0.889 R2x_loop= 0.000 R2z_loop= 1.000  dep_x=10.000 dep_z= 0.000
rank=116 Lx=Ly=10 pg= 0.200 ids= 676 TEE= 0 R2x= 0.000 R2z= 0.922 R2x_loop= 0.000 R2z_loop= 1.000  dep_x=10.000 dep_z= 0.000
rank= 85 Lx=Ly=10 pg= 0.200 ids= 773 TEE= 0 R2x= 0.000 R2z= 0.944 R2x_loop= 0.000 R2z_loop= 1.000  dep_x=10.000 dep_z= 0.000
rank=118 Lx=Ly=10 pg= 0.200 ids= 678 TEE= 0 R2x= 0.000 R2z= 0.922 R2x_loop= 0.000 R2z_loop= 1.000  dep_x=10.000 dep_z= 0.000
rank= 89 Lx=Ly=10 pg= 0.200 ids= 777 TEE= 0 R2x= 0.000 R2z= 0.822 R2x_loop= 0.000 R2z_loop= 1.000  dep_x=10.000 dep_z= 0.000
rank=  1 Lx=Ly=10 pg= 0.200 ids= 689 TEE= 0 R2x= 0.000 R2z= 0.756 R2x_loop= 0.000 R2z_loop= 1.000  dep_x=10.000 dep_z= 0.000
rank= 75 Lx=Ly=10 pg= 0.200 ids= 763 TEE= 0 R2x= 0.000 R2z= 0.922 R2x_loop= 0.000 R2z_loop= 1.000  dep_x=10.000 dep_z= 0.000
rank=  3 Lx=Ly=10 pg= 0.200 ids= 691 TEE= 0 R2x= 0.000 R2z= 0.800 R2x_loop= 0.000 R2z_loop= 1.000  dep_x=10.000 dep_z= 0.000
rank=125 Lx=Ly=10 pg= 0.200 ids= 813 TEE= 0 R2x= 0.000 R2z= 0.744 R2x_loop= 0.000 R2z_loop= 1.000  dep_x=10.000 dep_z= 0.000
rank= 21 Lx=Ly=10 pg= 0.200 ids= 709 TEE= 0 R2x= 0.000 R2z= 0.956 R2x_loop= 0.000 R2z_loop= 1.000  dep_x=10.000 dep_z= 0.000
rank= 35 Lx=Ly=10 pg= 0.200 ids= 723 TEE= 0 R2x= 0.000 R2z= 0.956 R2x_loop= 0.000 R2z_loop= 1.000  dep_x=10.000 dep_z= 0.000
rank= 29 Lx=Ly=10 pg= 0.200 ids=  77 TEE= 0 R2x= 0.000 R2z= 0.711 R2x_loop= 0.000 R2z_loop= 1.000  dep_x=10.000 dep_z= 0.000
rank= 25 Lx=Ly=10 pg= 0.200 ids= 713 TEE= 0 R2x= 0.000 R2z= 0.878 R2x_loop= 0.000 R2z_loop= 1.000  dep_x=10.000 dep_z= 0.000
rank=101 Lx=Ly=10 pg= 0.200 ids= 533 TEE= 0 R2x= 0.000 R2z= 0.956 R2x_loop= 0.000 R2z_loop= 1.000  dep_x=10.000 dep_z= 0.000
rank=115 Lx=Ly=10 pg= 0.200 ids= 803 TEE= 0 R2x= 0.000 R2z= 0.856 R2x_loop= 0.000 R2z_loop= 1.000  dep_x=10.000 dep_z= 0.000
rank= 23 Lx=Ly=10 pg= 0.200 ids= 711 TEE= 0 R2x= 0.000 R2z= 0.733 R2x_loop= 0.000 R2z_loop= 1.000  dep_x=10.000 dep_z= 0.000
rank= 49 Lx=Ly=10 pg= 0.200 ids= 737 TEE= 0 R2x= 0.000 R2z= 0.933 R2x_loop= 0.000 R2z_loop= 1.000  dep_x=10.000 dep_z= 0.000
rank= 33 Lx=Ly=10 pg= 0.200 ids= 721 TEE= 0 R2x= 0.000 R2z= 0.944 R2x_loop= 0.000 R2z_loop= 1.000  dep_x=10.000 dep_z= 0.000
rank= 17 Lx=Ly=10 pg= 0.200 ids= 705 TEE= 0 R2x= 0.000 R2z= 0.922 R2x_loop= 0.000 R2z_loop= 1.000  dep_x=10.000 dep_z= 0.000
rank= 52 Lx=Ly=10 pg= 0.200 ids= 228 TEE= 0 R2x= 0.000 R2z= 0.878 R2x_loop= 0.000 R2z_loop= 1.000  dep_x=10.000 dep_z= 0.000
rank=113 Lx=Ly=10 pg= 0.200 ids= 801 TEE= 0 R2x= 0.000 R2z= 0.856 R2x_loop= 0.000 R2z_loop= 1.000  dep_x=10.000 dep_z= 0.000
rank= 73 Lx=Ly=10 pg= 0.200 ids= 761 TEE= 0 R2x= 0.000 R2z= 0.878 R2x_loop= 0.000 R2z_loop= 1.000  dep_x=10.000 dep_z= 0.000
rank= 19 Lx=Ly=10 pg= 0.200 ids= 707 TEE= 0 R2x= 0.000 R2z= 0.967 R2x_loop= 0.000 R2z_loop= 1.000  dep_x=10.000 dep_z= 0.000
rank=117 Lx=Ly=10 pg= 0.200 ids= 805 TEE= 0 R2x= 0.000 R2z= 0.922 R2x_loop= 0.000 R2z_loop= 1.000  dep_x=10.000 dep_z= 0.000
rank= 99 Lx=Ly=10 pg= 0.200 ids= 659 TEE= 0 R2x= 0.000 R2z= 0.800 R2x_loop= 0.000 R2z_loop= 1.000  dep_x=10.000 dep_z= 0.000
rank=119 Lx=Ly=10 pg= 0.200 ids= 807 TEE= 0 R2x= 0.000 R2z= 0.844 R2x_loop= 0.000 R2z_loop= 1.000  dep_x=10.000 dep_z= 0.000
rank= 13 Lx=Ly=10 pg= 0.200 ids= 701 TEE= 0 R2x= 0.000 R2z= 0.833 R2x_loop= 0.000 R2z_loop= 1.000  dep_x=10.000 dep_z= 0.000
rank= 55 Lx=Ly=10 pg= 0.200 ids= 743 TEE= 0 R2x= 0.000 R2z= 0.967 R2x_loop= 0.000 R2z_loop= 1.000  dep_x=10.000 dep_z= 0.000
rank= 51 Lx=Ly=10 pg= 0.200 ids= 739 TEE= 0 R2x= 0.000 R2z= 0.756 R2x_loop= 0.000 R2z_loop= 1.000  dep_x=10.000 dep_z= 0.000
rank= 43 Lx=Ly=10 pg= 0.200 ids= 603 TEE= 0 R2x= 0.000 R2z= 0.844 R2x_loop= 0.000 R2z_loop= 1.000  dep_x=10.000 dep_z= 0.000
rank= 41 Lx=Ly=10 pg= 0.200 ids= 729 TEE= 0 R2x= 0.000 R2z= 0.822 R2x_loop= 0.000 R2z_loop= 1.000  dep_x=10.000 dep_z= 0.000
rank= 15 Lx=Ly=10 pg= 0.200 ids= 703 TEE= 0 R2x= 0.000 R2z= 0.944 R2x_loop= 0.000 R2z_loop= 1.000  dep_x=10.000 dep_z= 0.000
rank=  9 Lx=Ly=10 pg= 0.200 ids= 697 TEE= 0 R2x= 0.000 R2z= 0.644 R2x_loop= 0.000 R2z_loop= 1.000  dep_x=10.000 dep_z= 0.000
rank= 81 Lx=Ly=10 pg= 0.200 ids=   1 TEE= 0 R2x= 0.000 R2z= 0.933 R2x_loop= 0.000 R2z_loop= 1.000  dep_x=10.000 dep_z= 0.000
rank= 11 Lx=Ly=10 pg= 0.200 ids= 443 TEE= 0 R2x= 0.000 R2z= 0.867 R2x_loop= 0.000 R2z_loop= 1.000  dep_x=10.000 dep_z= 0.000
rank= 65 Lx=Ly=10 pg= 0.200 ids= 369 TEE= 0 R2x= 0.000 R2z= 0.967 R2x_loop= 0.000 R2z_loop= 1.000  dep_x=10.000 dep_z= 0.000
rank=107 Lx=Ly=10 pg= 0.200 ids= 411 TEE= 0 R2x= 0.000 R2z= 0.744 R2x_loop= 0.000 R2z_loop= 1.000  dep_x=10.000 dep_z= 0.000
rank= 27 Lx=Ly=10 pg= 0.200 ids= 715 TEE= 0 R2x= 0.000 R2z= 0.933 R2x_loop= 0.000 R2z_loop= 1.000  dep_x=10.000 dep_z= 0.000
rank= 97 Lx=Ly=10 pg= 0.200 ids= 657 TEE= 0 R2x= 0.000 R2z= 0.956 R2x_loop= 0.000 R2z_loop= 1.000  dep_x=10.000 dep_z= 0.000
rank= 98 Lx=Ly=10 pg= 0.200 ids= 530 TEE= 0 R2x= 0.000 R2z= 0.922 R2x_loop= 0.000 R2z_loop= 1.000  dep_x=10.000 dep_z= 0.000
rank=  7 Lx=Ly=10 pg= 0.200 ids= 183 TEE= 0 R2x= 0.000 R2z= 0.878 R2x_loop= 0.000 R2z_loop= 1.000  dep_x=10.000 dep_z= 0.000
rank=127 Lx=Ly=10 pg= 0.200 ids= 815 TEE= 0 R2x= 0.000 R2z= 0.844 R2x_loop= 0.000 R2z_loop= 1.000  dep_x=10.000 dep_z= 0.000
rank= 38 Lx=Ly=10 pg= 0.200 ids= 598 TEE= 0 R2x= 0.000 R2z= 0.967 R2x_loop= 0.000 R2z_loop= 1.000  dep_x=10.000 dep_z= 0.000
rank=103 Lx=Ly=10 pg= 0.200 ids= 791 TEE= 0 R2x= 0.000 R2z= 0.944 R2x_loop= 0.000 R2z_loop= 1.000  dep_x=10.000 dep_z= 0.000
rank=114 Lx=Ly=10 pg= 0.200 ids= 674 TEE= 0 R2x= 0.000 R2z= 0.900 R2x_loop= 0.000 R2z_loop= 1.000  dep_x=10.000 dep_z= 0.000
rank=123 Lx=Ly=10 pg= 0.200 ids= 555 TEE= 0 R2x= 0.000 R2z= 0.878 R2x_loop= 0.000 R2z_loop= 1.000  dep_x=10.000 dep_z= 0.000
rank= 28 Lx=Ly=10 pg= 0.200 ids= 588 TEE= 0 R2x= 0.000 R2z= 0.944 R2x_loop= 0.000 R2z_loop= 1.000  dep_x=10.000 dep_z= 0.000
rank= 77 Lx=Ly=10 pg= 0.200 ids= 509 TEE= 0 R2x= 0.000 R2z= 0.933 R2x_loop= 0.000 R2z_loop= 1.000  dep_x=10.000 dep_z= 0.000
rank= 10 Lx=Ly=10 pg= 0.200 ids= 186 TEE= 0 R2x= 0.000 R2z= 0.944 R2x_loop= 0.000 R2z_loop= 1.000  dep_x=10.000 dep_z= 0.000
rank= 31 Lx=Ly=10 pg= 0.200 ids= 207 TEE= 0 R2x= 0.000 R2z= 0.944 R2x_loop= 0.000 R2z_loop= 1.000  dep_x=10.000 dep_z= 0.000
rank= 82 Lx=Ly=10 pg= 0.200 ids= 386 TEE= 0 R2x= 0.000 R2z= 0.967 R2x_loop= 0.000 R2z_loop= 1.000  dep_x=10.000 dep_z= 0.000
rank=  6 Lx=Ly=10 pg= 0.200 ids=  54 TEE= 0 R2x= 0.000 R2z= 0.744 R2x_loop= 0.000 R2z_loop= 1.000  dep_x=10.000 dep_z= 0.000
rank= 16 Lx=Ly=10 pg= 0.200 ids= 704 TEE= 0 R2x= 0.000 R2z= 0.833 R2x_loop= 0.000 R2z_loop= 1.000  dep_x=10.000 dep_z= 0.000
rank=  4 Lx=Ly=10 pg= 0.200 ids= 692 TEE= 0 R2x= 0.000 R2z= 0.967 R2x_loop= 0.000 R2z_loop= 1.000  dep_x=10.000 dep_z= 0.000
rank= 48 Lx=Ly=10 pg= 0.200 ids= 736 TEE= 0 R2x= 0.000 R2z= 0.867 R2x_loop= 0.000 R2z_loop= 1.000  dep_x=10.000 dep_z= 0.000
rank= 18 Lx=Ly=10 pg= 0.200 ids= 706 TEE= 0 R2x= 0.000 R2z= 0.733 R2x_loop= 0.000 R2z_loop= 1.000  dep_x=10.000 dep_z= 0.000
rank=111 Lx=Ly=10 pg= 0.200 ids= 415 TEE= 0 R2x= 0.000 R2z= 0.989 R2x_loop= 0.000 R2z_loop= 1.000  dep_x=10.000 dep_z= 0.000
rank= 63 Lx=Ly=10 pg= 0.200 ids= 751 TEE= 0 R2x= 0.000 R2z= 0.878 R2x_loop= 0.000 R2z_loop= 1.000  dep_x=10.000 dep_z= 0.000
rank= 86 Lx=Ly=10 pg= 0.200 ids= 646 TEE= 0 R2x= 0.000 R2z= 0.844 R2x_loop= 0.000 R2z_loop= 1.000  dep_x=10.000 dep_z= 0.000
rank= 95 Lx=Ly=10 pg= 0.200 ids= 783 TEE= 0 R2x= 0.000 R2z= 0.700 R2x_loop= 0.000 R2z_loop= 1.000  dep_x=10.000 dep_z= 0.000
rank= 26 Lx=Ly=10 pg= 0.200 ids= 714 TEE= 0 R2x= 0.000 R2z= 0.822 R2x_loop= 0.000 R2z_loop= 1.000  dep_x=10.000 dep_z= 0.000
rank=  8 Lx=Ly=10 pg= 0.200 ids= 696 TEE= 0 R2x= 0.000 R2z= 0.889 R2x_loop= 0.000 R2z_loop= 1.000  dep_x=10.000 dep_z= 0.000
rank= 14 Lx=Ly=10 pg= 0.200 ids= 702 TEE= 0 R2x= 0.000 R2z= 0.900 R2x_loop= 0.000 R2z_loop= 1.000  dep_x=10.000 dep_z= 0.000
rank= 92 Lx=Ly=10 pg= 0.200 ids= 780 TEE= 0 R2x= 0.000 R2z= 0.844 R2x_loop= 0.000 R2z_loop= 1.000  dep_x=10.000 dep_z= 0.000
rank= 45 Lx=Ly=10 pg= 0.200 ids= 733 TEE= 0 R2x= 0.000 R2z= 0.967 R2x_loop= 0.000 R2z_loop= 1.000  dep_x=10.000 dep_z= 0.000
rank= 76 Lx=Ly=10 pg= 0.200 ids= 764 TEE= 0 R2x= 0.000 R2z= 0.900 R2x_loop= 0.000 R2z_loop= 1.000  dep_x=10.000 dep_z= 0.000
rank= 34 Lx=Ly=10 pg= 0.200 ids= 722 TEE= 0 R2x= 0.000 R2z= 0.789 R2x_loop= 0.000 R2z_loop= 1.000  dep_x=10.000 dep_z= 0.000
rank= 68 Lx=Ly=10 pg= 0.200 ids= 628 TEE= 0 R2x= 0.000 R2z= 0.967 R2x_loop= 0.000 R2z_loop= 1.000  dep_x=10.000 dep_z= 0.000
rank= 20 Lx=Ly=10 pg= 0.200 ids= 708 TEE= 0 R2x= 0.000 R2z= 0.867 R2x_loop= 0.000 R2z_loop= 1.000  dep_x=10.000 dep_z= 0.000
rank= 94 Lx=Ly=10 pg= 0.200 ids= 782 TEE= 0 R2x= 0.000 R2z= 0.778 R2x_loop= 0.000 R2z_loop= 1.000  dep_x=10.000 dep_z= 0.000
rank= 12 Lx=Ly=10 pg= 0.200 ids= 700 TEE= 0 R2x= 0.000 R2z= 0.944 R2x_loop= 0.000 R2z_loop= 1.000  dep_x=10.000 dep_z= 0.000
rank= 44 Lx=Ly=10 pg= 0.200 ids= 732 TEE= 0 R2x= 0.000 R2z= 0.811 R2x_loop= 0.000 R2z_loop= 1.000  dep_x=10.000 dep_z= 0.000
rank=108 Lx=Ly=10 pg= 0.200 ids= 796 TEE= 0 R2x= 0.000 R2z= 0.922 R2x_loop= 0.000 R2z_loop= 1.000  dep_x=10.000 dep_z= 0.000
rank= 83 Lx=Ly=10 pg= 0.200 ids= 515 TEE= 0 R2x= 0.000 R2z= 0.856 R2x_loop= 0.000 R2z_loop= 1.000  dep_x=10.000 dep_z= 0.000
rank= 78 Lx=Ly=10 pg= 0.200 ids= 766 TEE= 0 R2x= 0.000 R2z= 0.956 R2x_loop= 0.000 R2z_loop= 1.000  dep_x=10.000 dep_z= 0.000
rank= 42 Lx=Ly=10 pg= 0.200 ids= 730 TEE= 0 R2x= 0.000 R2z= 0.856 R2x_loop= 0.000 R2z_loop= 1.000  dep_x=10.000 dep_z= 0.000
rank= 56 Lx=Ly=10 pg= 0.200 ids= 744 TEE= 0 R2x= 0.000 R2z= 0.867 R2x_loop= 0.000 R2z_loop= 1.000  dep_x=10.000 dep_z= 0.000
rank= 70 Lx=Ly=10 pg= 0.200 ids= 758 TEE= 0 R2x= 0.000 R2z= 0.856 R2x_loop= 0.000 R2z_loop= 1.000  dep_x=10.000 dep_z= 0.000
rank= 62 Lx=Ly=10 pg= 0.200 ids= 750 TEE= 0 R2x= 0.000 R2z= 0.756 R2x_loop= 0.000 R2z_loop= 1.000  dep_x=10.000 dep_z= 0.000
rank=121 Lx=Ly=10 pg= 0.200 ids= 425 TEE= 0 R2x= 0.000 R2z= 0.967 R2x_loop= 0.000 R2z_loop= 1.000  dep_x=10.000 dep_z= 0.000
rank= 80 Lx=Ly=10 pg= 0.200 ids= 768 TEE= 0 R2x= 0.000 R2z= 0.844 R2x_loop= 0.000 R2z_loop= 1.000  dep_x=10.000 dep_z= 0.000
rank= 90 Lx=Ly=10 pg= 0.200 ids= 778 TEE= 0 R2x= 0.000 R2z= 0.922 R2x_loop= 0.000 R2z_loop= 1.000  dep_x=10.000 dep_z= 0.000
rank= 22 Lx=Ly=10 pg= 0.200 ids= 326 TEE= 0 R2x= 0.000 R2z= 0.978 R2x_loop= 0.000 R2z_loop= 1.000  dep_x=10.000 dep_z= 0.000
rank= 74 Lx=Ly=10 pg= 0.200 ids= 762 TEE= 0 R2x= 0.000 R2z= 0.944 R2x_loop= 0.000 R2z_loop= 1.000  dep_x=10.000 dep_z= 0.000
rank= 40 Lx=Ly=10 pg= 0.200 ids= 728 TEE= 0 R2x= 0.000 R2z= 0.956 R2x_loop= 0.000 R2z_loop= 1.000  dep_x=10.000 dep_z= 0.000
rank= 58 Lx=Ly=10 pg= 0.200 ids= 746 TEE= 0 R2x= 0.000 R2z= 0.944 R2x_loop= 0.000 R2z_loop= 1.000  dep_x=10.000 dep_z= 0.000
rank= 60 Lx=Ly=10 pg= 0.200 ids= 748 TEE= 0 R2x= 0.000 R2z= 0.944 R2x_loop= 0.000 R2z_loop= 1.000  dep_x=10.000 dep_z= 0.000
rank=106 Lx=Ly=10 pg= 0.200 ids= 794 TEE= 0 R2x= 0.000 R2z= 0.833 R2x_loop= 0.000 R2z_loop= 1.000  dep_x=10.000 dep_z= 0.000
rank=110 Lx=Ly=10 pg= 0.200 ids= 542 TEE= 0 R2x= 0.000 R2z= 0.967 R2x_loop= 0.000 R2z_loop= 1.000  dep_x=10.000 dep_z= 0.000
rank=104 Lx=Ly=10 pg= 0.200 ids= 792 TEE= 0 R2x= 0.000 R2z= 0.922 R2x_loop= 0.000 R2z_loop= 1.000  dep_x=10.000 dep_z= 0.000
rank=  0 Lx=Ly=10 pg= 0.200 ids= 688 TEE= 0 R2x= 0.000 R2z= 0.567 R2x_loop= 0.000 R2z_loop= 1.000  dep_x=10.000 dep_z= 0.000
rank= 46 Lx=Ly=10 pg= 0.200 ids= 734 TEE= 0 R2x= 0.000 R2z= 0.844 R2x_loop= 0.000 R2z_loop= 1.000  dep_x=10.000 dep_z= 0.000
rank=102 Lx=Ly=10 pg= 0.200 ids= 790 TEE= 0 R2x= 0.000 R2z= 0.967 R2x_loop= 0.000 R2z_loop= 1.000  dep_x=10.000 dep_z= 0.000
rank= 66 Lx=Ly=10 pg= 0.200 ids= 754 TEE= 0 R2x= 0.000 R2z= 0.833 R2x_loop= 0.000 R2z_loop= 1.000  dep_x=10.000 dep_z= 0.000
rank= 47 Lx=Ly=10 pg= 0.200 ids= 735 TEE= 0 R2x= 0.000 R2z= 0.778 R2x_loop= 0.000 R2z_loop= 1.000  dep_x=10.000 dep_z= 0.000
rank=100 Lx=Ly=10 pg= 0.200 ids= 788 TEE= 0 R2x= 0.000 R2z= 0.789 R2x_loop= 0.000 R2z_loop= 1.000  dep_x=10.000 dep_z= 0.000
rank= 37 Lx=Ly=10 pg= 0.200 ids= 853 TEE= 0 R2x= 0.000 R2z= 0.767 R2x_loop= 0.000 R2z_loop= 1.000  dep_x=10.000 dep_z= 0.000
rank=109 Lx=Ly=10 pg= 0.200 ids= 925 TEE= 0 R2x= 0.000 R2z= 0.856 R2x_loop= 0.000 R2z_loop= 1.000  dep_x=10.000 dep_z= 0.000
rank=112 Lx=Ly=10 pg= 0.200 ids= 800 TEE= 0 R2x= 0.000 R2z= 0.956 R2x_loop= 0.000 R2z_loop= 1.000  dep_x=10.000 dep_z= 0.000
rank= 69 Lx=Ly=10 pg= 0.200 ids= 885 TEE= 0 R2x= 0.000 R2z= 0.944 R2x_loop= 0.000 R2z_loop= 1.000  dep_x=10.000 dep_z= 0.000
rank= 93 Lx=Ly=10 pg= 0.200 ids= 909 TEE= 0 R2x= 0.000 R2z= 0.956 R2x_loop= 0.000 R2z_loop= 1.000  dep_x=10.000 dep_z= 0.000
rank= 54 Lx=Ly=10 pg= 0.200 ids= 230 TEE= 0 R2x= 0.000 R2z= 0.878 R2x_loop= 0.000 R2z_loop= 1.000  dep_x=10.000 dep_z= 0.000
rank=126 Lx=Ly=10 pg= 0.200 ids= 814 TEE= 0 R2x= 0.000 R2z= 0.878 R2x_loop= 0.000 R2z_loop= 1.000  dep_x=10.000 dep_z= 0.000
rank= 96 Lx=Ly=10 pg= 0.200 ids= 784 TEE= 0 R2x= 0.000 R2z= 0.789 R2x_loop= 0.000 R2z_loop= 1.000  dep_x=10.000 dep_z= 0.000
rank=120 Lx=Ly=10 pg= 0.200 ids= 808 TEE= 0 R2x= 0.000 R2z= 0.967 R2x_loop= 0.000 R2z_loop= 1.000  dep_x=10.000 dep_z= 0.000
rank= 36 Lx=Ly=10 pg= 0.200 ids= 468 TEE= 0 R2x= 0.000 R2z= 0.867 R2x_loop= 0.000 R2z_loop= 1.000  dep_x=10.000 dep_z= 0.000
rank= 87 Lx=Ly=10 pg= 0.200 ids= 903 TEE= 0 R2x= 0.000 R2z= 0.978 R2x_loop= 0.000 R2z_loop= 1.000  dep_x=10.000 dep_z= 0.000
rank=122 Lx=Ly=10 pg= 0.200 ids= 810 TEE= 0 R2x= 0.000 R2z= 0.667 R2x_loop= 0.000 R2z_loop= 1.000  dep_x=10.000 dep_z= 0.000
rank= 61 Lx=Ly=10 pg= 0.200 ids= 877 TEE= 0 R2x= 0.000 R2z= 0.833 R2x_loop= 0.000 R2z_loop= 1.000  dep_x=10.000 dep_z= 0.000
rank= 84 Lx=Ly=10 pg= 0.200 ids= 772 TEE= 0 R2x= 0.000 R2z= 0.922 R2x_loop= 0.000 R2z_loop= 1.000  dep_x=10.000 dep_z= 0.000
rank= 79 Lx=Ly=10 pg= 0.200 ids= 895 TEE= 0 R2x= 0.000 R2z= 0.911 R2x_loop= 0.000 R2z_loop= 1.000  dep_x=10.000 dep_z= 0.000
rank= 67 Lx=Ly=10 pg= 0.200 ids= 883 TEE= 0 R2x= 0.000 R2z= 0.922 R2x_loop= 0.000 R2z_loop= 1.000  dep_x=10.000 dep_z= 0.000
rank=  2 Lx=Ly=10 pg= 0.200 ids= 306 TEE= 0 R2x= 0.000 R2z= 0.800 R2x_loop= 0.000 R2z_loop= 1.000  dep_x=10.000 dep_z= 0.000
rank=105 Lx=Ly=10 pg= 0.200 ids= 921 TEE= 0 R2x= 0.000 R2z= 0.733 R2x_loop= 0.000 R2z_loop= 1.000  dep_x=10.000 dep_z= 0.000
rank=  5 Lx=Ly=10 pg= 0.200 ids= 821 TEE= 0 R2x= 0.000 R2z= 0.967 R2x_loop= 0.000 R2z_loop= 1.000  dep_x=10.000 dep_z= 0.000
rank= 91 Lx=Ly=10 pg= 0.200 ids= 907 TEE= 0 R2x= 0.000 R2z= 0.911 R2x_loop= 0.000 R2z_loop= 1.000  dep_x=10.000 dep_z= 0.000
rank= 57 Lx=Ly=10 pg= 0.200 ids= 617 TEE= 0 R2x= 0.000 R2z= 0.711 R2x_loop= 0.000 R2z_loop= 1.000  dep_x=10.000 dep_z= 0.000
rank= 59 Lx=Ly=10 pg= 0.200 ids= 875 TEE= 0 R2x= 0.000 R2z= 0.956 R2x_loop= 0.000 R2z_loop= 1.000  dep_x=10.000 dep_z= 0.000
rank= 53 Lx=Ly=10 pg= 0.200 ids= 485 TEE= 0 R2x= 0.000 R2z= 0.944 R2x_loop= 0.000 R2z_loop= 1.000  dep_x=10.000 dep_z= 0.000
rank= 39 Lx=Ly=10 pg= 0.200 ids= 855 TEE= 0 R2x= 0.000 R2z= 0.822 R2x_loop= 0.000 R2z_loop= 1.000  dep_x=10.000 dep_z= 0.000
rank= 85 Lx=Ly=10 pg= 0.200 ids= 901 TEE= 0 R2x= 0.000 R2z= 0.956 R2x_loop= 0.000 R2z_loop= 1.000  dep_x=10.000 dep_z= 0.000
rank= 71 Lx=Ly=10 pg= 0.200 ids= 887 TEE= 0 R2x= 0.000 R2z= 0.989 R2x_loop= 0.000 R2z_loop= 1.000  dep_x=10.000 dep_z= 0.000
rank= 24 Lx=Ly=10 pg= 0.200 ids= 712 TEE= 0 R2x= 0.000 R2z= 0.978 R2x_loop= 0.000 R2z_loop= 1.000  dep_x=10.000 dep_z= 0.000
rank= 72 Lx=Ly=10 pg= 0.200 ids= 760 TEE= 0 R2x= 0.000 R2z= 0.867 R2x_loop= 0.000 R2z_loop= 1.000  dep_x=10.000 dep_z= 0.000
rank=124 Lx=Ly=10 pg= 0.200 ids= 812 TEE= 0 R2x= 0.000 R2z= 0.889 R2x_loop= 0.000 R2z_loop= 1.000  dep_x=10.000 dep_z= 0.000
rank= 89 Lx=Ly=10 pg= 0.200 ids= 905 TEE= 0 R2x= 0.000 R2z= 0.811 R2x_loop= 0.000 R2z_loop= 1.000  dep_x=10.000 dep_z= 0.000
rank=  1 Lx=Ly=10 pg= 0.200 ids= 817 TEE= 0 R2x= 0.000 R2z= 0.756 R2x_loop= 0.000 R2z_loop= 1.000  dep_x=10.000 dep_z= 0.000
rank= 75 Lx=Ly=10 pg= 0.200 ids= 891 TEE= 0 R2x= 0.000 R2z= 0.756 R2x_loop= 0.000 R2z_loop= 1.000  dep_x=10.000 dep_z= 0.000
rank=  3 Lx=Ly=10 pg= 0.200 ids= 819 TEE= 0 R2x= 0.000 R2z= 0.922 R2x_loop= 0.000 R2z_loop= 1.000  dep_x=10.000 dep_z= 0.000
rank=125 Lx=Ly=10 pg= 0.200 ids= 941 TEE= 0 R2x= 0.000 R2z= 0.911 R2x_loop= 0.000 R2z_loop= 1.000  dep_x=10.000 dep_z= 0.000
rank= 35 Lx=Ly=10 pg= 0.200 ids= 851 TEE= 0 R2x= 0.000 R2z= 0.933 R2x_loop= 0.000 R2z_loop= 1.000  dep_x=10.000 dep_z= 0.000
rank= 21 Lx=Ly=10 pg= 0.200 ids= 837 TEE= 0 R2x= 0.000 R2z= 0.944 R2x_loop= 0.000 R2z_loop= 1.000  dep_x=10.000 dep_z= 0.000
rank= 25 Lx=Ly=10 pg= 0.200 ids= 841 TEE= 0 R2x= 0.000 R2z= 0.944 R2x_loop= 0.000 R2z_loop= 1.000  dep_x=10.000 dep_z= 0.000
rank= 32 Lx=Ly=10 pg= 0.200 ids= 720 TEE= 0 R2x= 0.000 R2z= 0.933 R2x_loop= 0.000 R2z_loop= 1.000  dep_x=10.000 dep_z= 0.000
rank=115 Lx=Ly=10 pg= 0.200 ids= 931 TEE= 0 R2x= 0.000 R2z= 0.822 R2x_loop= 0.000 R2z_loop= 1.000  dep_x=10.000 dep_z= 0.000
rank=116 Lx=Ly=10 pg= 0.200 ids= 804 TEE= 0 R2x= 0.000 R2z= 0.878 R2x_loop= 0.000 R2z_loop= 1.000  dep_x=10.000 dep_z= 0.000
rank= 50 Lx=Ly=10 pg= 0.200 ids= 354 TEE= 0 R2x= 0.000 R2z= 0.944 R2x_loop= 0.000 R2z_loop= 1.000  dep_x=10.000 dep_z= 0.000
rank=118 Lx=Ly=10 pg= 0.200 ids= 806 TEE= 0 R2x= 0.000 R2z= 0.856 R2x_loop= 0.000 R2z_loop= 1.000  dep_x=10.000 dep_z= 0.000
rank= 23 Lx=Ly=10 pg= 0.200 ids= 839 TEE= 0 R2x= 0.000 R2z= 0.833 R2x_loop= 0.000 R2z_loop= 1.000  dep_x=10.000 dep_z= 0.000
rank=101 Lx=Ly=10 pg= 0.200 ids= 661 TEE= 0 R2x= 0.000 R2z= 0.833 R2x_loop= 0.000 R2z_loop= 1.000  dep_x=10.000 dep_z= 0.000
rank= 33 Lx=Ly=10 pg= 0.200 ids= 849 TEE= 0 R2x= 0.000 R2z= 0.933 R2x_loop= 0.000 R2z_loop= 1.000  dep_x=10.000 dep_z= 0.000
rank= 49 Lx=Ly=10 pg= 0.200 ids= 865 TEE= 0 R2x= 0.000 R2z= 0.733 R2x_loop= 0.000 R2z_loop= 1.000  dep_x=10.000 dep_z= 0.000
rank= 17 Lx=Ly=10 pg= 0.200 ids= 833 TEE= 0 R2x= 0.000 R2z= 0.933 R2x_loop= 0.000 R2z_loop= 1.000  dep_x=10.000 dep_z= 0.000
rank= 73 Lx=Ly=10 pg= 0.200 ids= 889 TEE= 0 R2x= 0.000 R2z= 0.833 R2x_loop= 0.000 R2z_loop= 1.000  dep_x=10.000 dep_z= 0.000
rank=113 Lx=Ly=10 pg= 0.200 ids= 929 TEE= 0 R2x= 0.000 R2z= 0.978 R2x_loop= 0.000 R2z_loop= 1.000  dep_x=10.000 dep_z= 0.000
rank=117 Lx=Ly=10 pg= 0.200 ids= 933 TEE= 0 R2x= 0.000 R2z= 0.778 R2x_loop= 0.000 R2z_loop= 1.000  dep_x=10.000 dep_z= 0.000
rank= 19 Lx=Ly=10 pg= 0.200 ids= 835 TEE= 0 R2x= 0.000 R2z= 0.844 R2x_loop= 0.000 R2z_loop= 1.000  dep_x=10.000 dep_z= 0.000
rank=119 Lx=Ly=10 pg= 0.200 ids= 935 TEE= 0 R2x= 0.000 R2z= 0.922 R2x_loop= 0.000 R2z_loop= 1.000  dep_x=10.000 dep_z= 0.000
rank= 99 Lx=Ly=10 pg= 0.200 ids= 787 TEE= 0 R2x= 0.000 R2z= 0.900 R2x_loop= 0.000 R2z_loop= 1.000  dep_x=10.000 dep_z= 0.000
rank= 13 Lx=Ly=10 pg= 0.200 ids= 829 TEE= 0 R2x= 0.000 R2z= 0.933 R2x_loop= 0.000 R2z_loop= 1.000  dep_x=10.000 dep_z= 0.000
rank= 55 Lx=Ly=10 pg= 0.200 ids= 871 TEE= 0 R2x= 0.000 R2z= 0.900 R2x_loop= 0.000 R2z_loop= 1.000  dep_x=10.000 dep_z= 0.000
rank= 43 Lx=Ly=10 pg= 0.200 ids= 731 TEE= 0 R2x= 0.000 R2z= 0.944 R2x_loop= 0.000 R2z_loop= 1.000  dep_x=10.000 dep_z= 0.000
rank= 51 Lx=Ly=10 pg= 0.200 ids= 867 TEE= 0 R2x= 0.000 R2z= 0.844 R2x_loop= 0.000 R2z_loop= 1.000  dep_x=10.000 dep_z= 0.000
rank= 41 Lx=Ly=10 pg= 0.200 ids= 857 TEE= 0 R2x= 0.000 R2z= 0.956 R2x_loop= 0.000 R2z_loop= 1.000  dep_x=10.000 dep_z= 0.000
rank= 15 Lx=Ly=10 pg= 0.200 ids= 831 TEE= 0 R2x= 0.000 R2z= 0.922 R2x_loop= 0.000 R2z_loop= 1.000  dep_x=10.000 dep_z= 0.000
rank=  9 Lx=Ly=10 pg= 0.200 ids= 825 TEE= 0 R2x= 0.000 R2z= 0.856 R2x_loop= 0.000 R2z_loop= 1.000  dep_x=10.000 dep_z= 0.000
rank= 64 Lx=Ly=10 pg= 0.200 ids= 624 TEE= 0 R2x= 0.000 R2z= 0.833 R2x_loop= 0.000 R2z_loop= 1.000  dep_x=10.000 dep_z= 0.000
rank= 11 Lx=Ly=10 pg= 0.200 ids= 571 TEE= 0 R2x= 0.000 R2z= 0.867 R2x_loop= 0.000 R2z_loop= 1.000  dep_x=10.000 dep_z= 0.000
rank= 52 Lx=Ly=10 pg= 0.200 ids= 356 TEE= 0 R2x= 0.000 R2z= 0.922 R2x_loop= 0.000 R2z_loop= 1.000  dep_x=10.000 dep_z= 0.000
rank= 27 Lx=Ly=10 pg= 0.200 ids= 843 TEE= 0 R2x= 0.000 R2z= 0.933 R2x_loop= 0.000 R2z_loop= 1.000  dep_x=10.000 dep_z= 0.000
rank=107 Lx=Ly=10 pg= 0.200 ids= 539 TEE= 0 R2x= 0.000 R2z= 0.800 R2x_loop= 0.000 R2z_loop= 1.000  dep_x=10.000 dep_z= 0.000
rank= 30 Lx=Ly=10 pg= 0.200 ids= 206 TEE= 0 R2x= 0.000 R2z= 0.944 R2x_loop= 0.000 R2z_loop= 1.000  dep_x=10.000 dep_z= 0.000
rank= 65 Lx=Ly=10 pg= 0.200 ids= 497 TEE= 0 R2x= 0.000 R2z= 0.978 R2x_loop= 0.000 R2z_loop= 1.000  dep_x=10.000 dep_z= 0.000
rank= 97 Lx=Ly=10 pg= 0.200 ids= 785 TEE= 0 R2x= 0.000 R2z= 0.833 R2x_loop= 0.000 R2z_loop= 1.000  dep_x=10.000 dep_z= 0.000
rank= 29 Lx=Ly=10 pg= 0.200 ids= 205 TEE= 0 R2x= 0.000 R2z= 0.933 R2x_loop= 0.000 R2z_loop= 1.000  dep_x=10.000 dep_z= 0.000
rank= 88 Lx=Ly=10 pg= 0.200 ids= 520 TEE= 0 R2x= 0.000 R2z= 1.000 R2x_loop= 0.000 R2z_loop= 1.000  dep_x=10.000 dep_z= 0.000
rank=127 Lx=Ly=10 pg= 0.200 ids= 943 TEE= 0 R2x= 0.000 R2z= 0.878 R2x_loop= 0.000 R2z_loop= 1.000  dep_x=10.000 dep_z= 0.000
rank=103 Lx=Ly=10 pg= 0.200 ids= 919 TEE= 0 R2x= 0.000 R2z= 0.667 R2x_loop= 0.000 R2z_loop= 1.000  dep_x=10.000 dep_z= 0.000
rank= 38 Lx=Ly=10 pg= 0.200 ids= 726 TEE= 0 R2x= 0.000 R2z= 0.767 R2x_loop= 0.000 R2z_loop= 1.000  dep_x=10.000 dep_z= 0.000
rank=114 Lx=Ly=10 pg= 0.200 ids= 802 TEE= 0 R2x= 0.000 R2z= 0.922 R2x_loop= 0.000 R2z_loop= 1.000  dep_x=10.000 dep_z= 0.000
rank= 98 Lx=Ly=10 pg= 0.200 ids= 658 TEE= 0 R2x= 0.000 R2z= 0.944 R2x_loop= 0.000 R2z_loop= 1.000  dep_x=10.000 dep_z= 0.000
rank=123 Lx=Ly=10 pg= 0.200 ids= 683 TEE= 0 R2x= 0.000 R2z= 0.967 R2x_loop= 0.000 R2z_loop= 1.000  dep_x=10.000 dep_z= 0.000
rank= 28 Lx=Ly=10 pg= 0.200 ids= 716 TEE= 0 R2x= 0.000 R2z= 0.844 R2x_loop= 0.000 R2z_loop= 1.000  dep_x=10.000 dep_z= 0.000
rank= 81 Lx=Ly=10 pg= 0.200 ids= 129 TEE= 0 R2x= 0.000 R2z= 0.956 R2x_loop= 0.000 R2z_loop= 1.000  dep_x=10.000 dep_z= 0.000
rank= 77 Lx=Ly=10 pg= 0.200 ids= 637 TEE= 0 R2x= 0.000 R2z= 0.967 R2x_loop= 0.000 R2z_loop= 1.000  dep_x=10.000 dep_z= 0.000
rank= 10 Lx=Ly=10 pg= 0.200 ids= 314 TEE= 0 R2x= 0.000 R2z= 0.878 R2x_loop= 0.000 R2z_loop= 1.000  dep_x=10.000 dep_z= 0.000
rank= 16 Lx=Ly=10 pg= 0.200 ids= 832 TEE= 0 R2x= 0.000 R2z= 0.967 R2x_loop= 0.000 R2z_loop= 1.000  dep_x=10.000 dep_z= 0.000
rank=  4 Lx=Ly=10 pg= 0.200 ids= 820 TEE= 0 R2x= 0.000 R2z= 0.933 R2x_loop= 0.000 R2z_loop= 1.000  dep_x=10.000 dep_z= 0.000
rank= 48 Lx=Ly=10 pg= 0.200 ids= 864 TEE= 0 R2x= 0.000 R2z= 0.900 R2x_loop= 0.000 R2z_loop= 1.000  dep_x=10.000 dep_z= 0.000
rank= 18 Lx=Ly=10 pg= 0.200 ids= 834 TEE= 0 R2x= 0.000 R2z= 0.811 R2x_loop= 0.000 R2z_loop= 1.000  dep_x=10.000 dep_z= 0.000
rank=  7 Lx=Ly=10 pg= 0.200 ids= 311 TEE= 0 R2x= 0.000 R2z= 0.844 R2x_loop= 0.000 R2z_loop= 1.000  dep_x=10.000 dep_z= 0.000
rank= 95 Lx=Ly=10 pg= 0.200 ids= 911 TEE= 0 R2x= 0.000 R2z= 0.744 R2x_loop= 0.000 R2z_loop= 1.000  dep_x=10.000 dep_z= 0.000
rank= 26 Lx=Ly=10 pg= 0.200 ids= 842 TEE= 0 R2x= 0.000 R2z= 0.856 R2x_loop= 0.000 R2z_loop= 1.000  dep_x=10.000 dep_z= 0.000
rank= 86 Lx=Ly=10 pg= 0.200 ids= 774 TEE= 0 R2x= 0.000 R2z= 0.989 R2x_loop= 0.000 R2z_loop= 1.000  dep_x=10.000 dep_z= 0.000
rank=  8 Lx=Ly=10 pg= 0.200 ids= 824 TEE= 0 R2x= 0.000 R2z= 0.933 R2x_loop= 0.000 R2z_loop= 1.000  dep_x=10.000 dep_z= 0.000
rank= 45 Lx=Ly=10 pg= 0.200 ids= 861 TEE= 0 R2x= 0.000 R2z= 0.933 R2x_loop= 0.000 R2z_loop= 1.000  dep_x=10.000 dep_z= 0.000
rank= 14 Lx=Ly=10 pg= 0.200 ids= 830 TEE= 0 R2x= 0.000 R2z= 0.756 R2x_loop= 0.000 R2z_loop= 1.000  dep_x=10.000 dep_z= 0.000
rank= 92 Lx=Ly=10 pg= 0.200 ids= 908 TEE= 0 R2x= 0.000 R2z= 0.967 R2x_loop= 0.000 R2z_loop= 1.000  dep_x=10.000 dep_z= 0.000
rank=  6 Lx=Ly=10 pg= 0.200 ids= 182 TEE= 0 R2x= 0.000 R2z= 0.956 R2x_loop= 0.000 R2z_loop= 1.000  dep_x=10.000 dep_z= 0.000
rank= 34 Lx=Ly=10 pg= 0.200 ids= 850 TEE= 0 R2x= 0.000 R2z= 0.844 R2x_loop= 0.000 R2z_loop= 1.000  dep_x=10.000 dep_z= 0.000
rank= 94 Lx=Ly=10 pg= 0.200 ids= 910 TEE= 0 R2x= 0.000 R2z= 0.911 R2x_loop= 0.000 R2z_loop= 1.000  dep_x=10.000 dep_z= 0.000
rank= 20 Lx=Ly=10 pg= 0.200 ids= 836 TEE= 0 R2x= 0.000 R2z= 0.856 R2x_loop= 0.000 R2z_loop= 1.000  dep_x=10.000 dep_z= 0.000
rank= 76 Lx=Ly=10 pg= 0.200 ids= 892 TEE= 0 R2x= 0.000 R2z= 0.922 R2x_loop= 0.000 R2z_loop= 1.000  dep_x=10.000 dep_z= 0.000
rank= 12 Lx=Ly=10 pg= 0.200 ids= 828 TEE= 0 R2x= 0.000 R2z= 0.956 R2x_loop= 0.000 R2z_loop= 1.000  dep_x=10.000 dep_z= 0.000
rank= 31 Lx=Ly=10 pg= 0.200 ids= 335 TEE= 0 R2x= 0.000 R2z= 0.833 R2x_loop= 0.000 R2z_loop= 1.000  dep_x=10.000 dep_z= 0.000
rank=108 Lx=Ly=10 pg= 0.200 ids= 924 TEE= 0 R2x= 0.000 R2z= 0.967 R2x_loop= 0.000 R2z_loop= 1.000  dep_x=10.000 dep_z= 0.000
rank= 63 Lx=Ly=10 pg= 0.200 ids= 879 TEE= 0 R2x= 0.000 R2z= 0.900 R2x_loop= 0.000 R2z_loop= 1.000  dep_x=10.000 dep_z= 0.000
rank= 44 Lx=Ly=10 pg= 0.200 ids= 860 TEE= 0 R2x= 0.000 R2z= 0.933 R2x_loop= 0.000 R2z_loop= 1.000  dep_x=10.000 dep_z= 0.000
rank= 68 Lx=Ly=10 pg= 0.200 ids= 756 TEE= 0 R2x= 0.000 R2z= 0.889 R2x_loop= 0.000 R2z_loop= 1.000  dep_x=10.000 dep_z= 0.000
rank= 56 Lx=Ly=10 pg= 0.200 ids= 872 TEE= 0 R2x= 0.000 R2z= 0.844 R2x_loop= 0.000 R2z_loop= 1.000  dep_x=10.000 dep_z= 0.000
rank= 78 Lx=Ly=10 pg= 0.200 ids= 894 TEE= 0 R2x= 0.000 R2z= 0.889 R2x_loop= 0.000 R2z_loop= 1.000  dep_x=10.000 dep_z= 0.000
rank= 62 Lx=Ly=10 pg= 0.200 ids= 878 TEE= 0 R2x= 0.000 R2z= 0.944 R2x_loop= 0.000 R2z_loop= 1.000  dep_x=10.000 dep_z= 0.000
rank= 42 Lx=Ly=10 pg= 0.200 ids= 858 TEE= 0 R2x= 0.000 R2z= 0.967 R2x_loop= 0.000 R2z_loop= 1.000  dep_x=10.000 dep_z= 0.000
rank= 70 Lx=Ly=10 pg= 0.200 ids= 886 TEE= 0 R2x= 0.000 R2z= 0.944 R2x_loop= 0.000 R2z_loop= 1.000  dep_x=10.000 dep_z= 0.000
rank= 80 Lx=Ly=10 pg= 0.200 ids= 896 TEE= 0 R2x= 0.000 R2z= 0.922 R2x_loop= 0.000 R2z_loop= 1.000  dep_x=10.000 dep_z= 0.000
rank= 90 Lx=Ly=10 pg= 0.200 ids= 906 TEE= 0 R2x= 0.000 R2z= 0.944 R2x_loop= 0.000 R2z_loop= 1.000  dep_x=10.000 dep_z= 0.000
rank=111 Lx=Ly=10 pg= 0.200 ids= 543 TEE= 0 R2x= 0.000 R2z= 0.700 R2x_loop= 0.000 R2z_loop= 1.000  dep_x=10.000 dep_z= 0.000
rank= 40 Lx=Ly=10 pg= 0.200 ids= 856 TEE= 0 R2x= 0.000 R2z= 0.922 R2x_loop= 0.000 R2z_loop= 1.000  dep_x=10.000 dep_z= 0.000
rank= 58 Lx=Ly=10 pg= 0.200 ids= 874 TEE= 0 R2x= 0.000 R2z= 0.967 R2x_loop= 0.000 R2z_loop= 1.000  dep_x=10.000 dep_z= 0.000
rank= 74 Lx=Ly=10 pg= 0.200 ids= 890 TEE= 0 R2x= 0.000 R2z= 0.767 R2x_loop= 0.000 R2z_loop= 1.000  dep_x=10.000 dep_z= 0.000
rank= 60 Lx=Ly=10 pg= 0.200 ids= 876 TEE= 0 R2x= 0.000 R2z= 0.767 R2x_loop= 0.000 R2z_loop= 1.000  dep_x=10.000 dep_z= 0.000
rank=106 Lx=Ly=10 pg= 0.200 ids= 922 TEE= 0 R2x= 0.000 R2z= 0.833 R2x_loop= 0.000 R2z_loop= 1.000  dep_x=10.000 dep_z= 0.000
rank= 83 Lx=Ly=10 pg= 0.200 ids= 643 TEE= 0 R2x= 0.000 R2z= 0.878 R2x_loop= 0.000 R2z_loop= 1.000  dep_x=10.000 dep_z= 0.000
rank=104 Lx=Ly=10 pg= 0.200 ids= 920 TEE= 0 R2x= 0.000 R2z= 0.944 R2x_loop= 0.000 R2z_loop= 1.000  dep_x=10.000 dep_z= 0.000
rank=  0 Lx=Ly=10 pg= 0.200 ids= 816 TEE= 0 R2x= 0.000 R2z= 0.967 R2x_loop= 0.000 R2z_loop= 1.000  dep_x=10.000 dep_z= 0.000
rank=121 Lx=Ly=10 pg= 0.200 ids= 553 TEE= 0 R2x= 0.000 R2z= 0.833 R2x_loop= 0.000 R2z_loop= 1.000  dep_x=10.000 dep_z= 0.000
rank= 37 Lx=Ly=10 pg= 0.200 ids= 981 TEE= 0 R2x= 0.000 R2z= 0.922 R2x_loop= 0.000 R2z_loop= 1.000  dep_x=10.000 dep_z= 0.000
rank= 46 Lx=Ly=10 pg= 0.200 ids= 862 TEE= 0 R2x= 0.000 R2z= 0.933 R2x_loop= 0.000 R2z_loop= 1.000  dep_x=10.000 dep_z= 0.000
rank=102 Lx=Ly=10 pg= 0.200 ids= 918 TEE= 0 R2x= 0.000 R2z= 0.844 R2x_loop= 0.000 R2z_loop= 1.000  dep_x=10.000 dep_z= 0.000
rank= 66 Lx=Ly=10 pg= 0.200 ids= 882 TEE= 0 R2x= 0.000 R2z= 0.900 R2x_loop= 0.000 R2z_loop= 1.000  dep_x=10.000 dep_z= 0.000
rank= 22 Lx=Ly=10 pg= 0.200 ids= 454 TEE= 0 R2x= 0.000 R2z= 0.844 R2x_loop= 0.000 R2z_loop= 1.000  dep_x=10.000 dep_z= 0.000
rank=109 Lx=Ly=10 pg= 0.300 ids=  53 TEE= 0 R2x= 0.000 R2z= 0.778 R2x_loop= 0.000 R2z_loop= 1.000  dep_x=10.000 dep_z= 0.000
rank=100 Lx=Ly=10 pg= 0.200 ids= 916 TEE= 0 R2x= 0.000 R2z= 0.956 R2x_loop= 0.000 R2z_loop= 1.000  dep_x=10.000 dep_z= 0.000
rank= 69 Lx=Ly=10 pg= 0.300 ids=  13 TEE= 0 R2x= 0.000 R2z= 0.833 R2x_loop= 0.000 R2z_loop= 1.000  dep_x=10.000 dep_z= 0.000
rank= 93 Lx=Ly=10 pg= 0.300 ids=  37 TEE= 0 R2x= 0.000 R2z= 0.800 R2x_loop= 0.000 R2z_loop= 1.000  dep_x=10.000 dep_z= 0.000
rank= 61 Lx=Ly=10 pg= 0.300 ids=   5 TEE= 0 R2x= 0.000 R2z= 0.767 R2x_loop= 0.000 R2z_loop= 1.000  dep_x=10.000 dep_z= 0.000
rank= 82 Lx=Ly=10 pg= 0.200 ids= 514 TEE= 0 R2x= 0.000 R2z= 0.933 R2x_loop= 0.000 R2z_loop= 1.000  dep_x=10.000 dep_z= 0.000
rank= 87 Lx=Ly=10 pg= 0.300 ids=  31 TEE= 0 R2x= 0.000 R2z= 0.644 R2x_loop= 0.000 R2z_loop= 1.000  dep_x=10.000 dep_z= 0.000
rank=  5 Lx=Ly=10 pg= 0.200 ids= 949 TEE= 0 R2x= 0.000 R2z= 0.978 R2x_loop= 0.000 R2z_loop= 1.000  dep_x=10.000 dep_z= 0.000
rank=105 Lx=Ly=10 pg= 0.300 ids=  49 TEE= 0 R2x= 0.000 R2z= 0.744 R2x_loop= 0.000 R2z_loop= 1.000  dep_x=10.000 dep_z= 0.000
rank= 54 Lx=Ly=10 pg= 0.200 ids= 358 TEE= 0 R2x= 0.000 R2z= 0.967 R2x_loop= 0.000 R2z_loop= 1.000  dep_x=10.000 dep_z= 0.000
rank=112 Lx=Ly=10 pg= 0.200 ids= 928 TEE= 0 R2x= 0.000 R2z= 0.978 R2x_loop= 0.000 R2z_loop= 1.000  dep_x=10.000 dep_z= 0.000
rank= 79 Lx=Ly=10 pg= 0.300 ids=  23 TEE= 0 R2x= 0.000 R2z= 0.811 R2x_loop= 0.000 R2z_loop= 1.000  dep_x=10.000 dep_z= 0.000
rank= 67 Lx=Ly=10 pg= 0.300 ids=  11 TEE= 0 R2x= 0.000 R2z= 0.644 R2x_loop= 0.000 R2z_loop= 1.000  dep_x=10.000 dep_z= 0.000
rank= 39 Lx=Ly=10 pg= 0.200 ids= 983 TEE= 0 R2x= 0.000 R2z= 0.889 R2x_loop= 0.000 R2z_loop= 1.000  dep_x=10.000 dep_z= 0.000
rank= 36 Lx=Ly=10 pg= 0.200 ids= 596 TEE= 0 R2x= 0.000 R2z= 0.956 R2x_loop= 0.000 R2z_loop= 1.000  dep_x=10.000 dep_z= 0.000
rank= 91 Lx=Ly=10 pg= 0.300 ids=  35 TEE= 0 R2x= 0.000 R2z= 0.911 R2x_loop= 0.000 R2z_loop= 1.000  dep_x=10.000 dep_z= 0.000
rank=120 Lx=Ly=10 pg= 0.200 ids= 936 TEE= 0 R2x= 0.000 R2z= 0.856 R2x_loop= 0.000 R2z_loop= 1.000  dep_x=10.000 dep_z= 0.000
rank=122 Lx=Ly=10 pg= 0.200 ids= 938 TEE= 0 R2x= 0.000 R2z= 0.767 R2x_loop= 0.000 R2z_loop= 1.000  dep_x=10.000 dep_z= 0.000
rank= 59 Lx=Ly=10 pg= 0.300 ids=   3 TEE= 0 R2x= 0.000 R2z= 0.800 R2x_loop= 0.000 R2z_loop= 1.000  dep_x=10.000 dep_z= 0.000
rank=126 Lx=Ly=10 pg= 0.200 ids= 942 TEE= 0 R2x= 0.000 R2z= 0.856 R2x_loop= 0.000 R2z_loop= 1.000  dep_x=10.000 dep_z= 0.000
rank= 96 Lx=Ly=10 pg= 0.200 ids= 912 TEE= 0 R2x= 0.000 R2z= 0.844 R2x_loop= 0.000 R2z_loop= 1.000  dep_x=10.000 dep_z= 0.000
rank= 47 Lx=Ly=10 pg= 0.200 ids= 863 TEE= 0 R2x= 0.000 R2z= 0.933 R2x_loop= 0.000 R2z_loop= 1.000  dep_x=10.000 dep_z= 0.000
rank= 84 Lx=Ly=10 pg= 0.200 ids= 900 TEE= 0 R2x= 0.000 R2z= 0.956 R2x_loop= 0.000 R2z_loop= 1.000  dep_x=10.000 dep_z= 0.000
rank= 85 Lx=Ly=10 pg= 0.300 ids=  29 TEE= 0 R2x= 0.000 R2z= 0.867 R2x_loop= 0.000 R2z_loop= 1.000  dep_x=10.000 dep_z= 0.000
rank= 53 Lx=Ly=10 pg= 0.200 ids= 613 TEE= 0 R2x= 0.000 R2z= 0.922 R2x_loop= 0.000 R2z_loop= 1.000  dep_x=10.000 dep_z= 0.000
rank= 71 Lx=Ly=10 pg= 0.300 ids=  15 TEE= 0 R2x= 0.000 R2z= 0.944 R2x_loop= 0.000 R2z_loop= 1.000  dep_x=10.000 dep_z= 0.000
rank=  1 Lx=Ly=10 pg= 0.200 ids= 945 TEE= 0 R2x= 0.000 R2z= 0.811 R2x_loop= 0.000 R2z_loop= 1.000  dep_x=10.000 dep_z= 0.000
rank=110 Lx=Ly=10 pg= 0.200 ids= 670 TEE= 0 R2x= 0.000 R2z= 0.922 R2x_loop= 0.000 R2z_loop= 1.000  dep_x=10.000 dep_z= 0.000
rank=  3 Lx=Ly=10 pg= 0.200 ids= 947 TEE= 0 R2x= 0.000 R2z= 0.956 R2x_loop= 0.000 R2z_loop= 1.000  dep_x=10.000 dep_z= 0.000
rank=  2 Lx=Ly=10 pg= 0.200 ids= 434 TEE= 0 R2x= 0.000 R2z= 0.978 R2x_loop= 0.000 R2z_loop= 1.000  dep_x=10.000 dep_z= 0.000
rank= 89 Lx=Ly=10 pg= 0.300 ids=  33 TEE= 0 R2x= 0.000 R2z= 0.811 R2x_loop= 0.000 R2z_loop= 1.000  dep_x=10.000 dep_z= 0.000
rank= 21 Lx=Ly=10 pg= 0.200 ids= 965 TEE= 0 R2x= 0.000 R2z= 0.944 R2x_loop= 0.000 R2z_loop= 1.000  dep_x=10.000 dep_z= 0.000
rank= 35 Lx=Ly=10 pg= 0.200 ids= 979 TEE= 0 R2x= 0.000 R2z= 0.922 R2x_loop= 0.000 R2z_loop= 1.000  dep_x=10.000 dep_z= 0.000
rank= 75 Lx=Ly=10 pg= 0.300 ids=  19 TEE= 0 R2x= 0.000 R2z= 0.867 R2x_loop= 0.000 R2z_loop= 1.000  dep_x=10.000 dep_z= 0.000
rank= 24 Lx=Ly=10 pg= 0.200 ids= 840 TEE= 0 R2x= 0.000 R2z= 0.944 R2x_loop= 0.000 R2z_loop= 1.000  dep_x=10.000 dep_z= 0.000
rank=125 Lx=Ly=10 pg= 0.300 ids=  69 TEE= 0 R2x= 0.000 R2z= 0.844 R2x_loop= 0.000 R2z_loop= 1.000  dep_x=10.000 dep_z= 0.000
rank= 25 Lx=Ly=10 pg= 0.200 ids= 969 TEE= 0 R2x= 0.000 R2z= 0.789 R2x_loop= 0.000 R2z_loop= 1.000  dep_x=10.000 dep_z= 0.000
rank=124 Lx=Ly=10 pg= 0.200 ids= 940 TEE= 0 R2x= 0.000 R2z= 0.889 R2x_loop= 0.000 R2z_loop= 1.000  dep_x=10.000 dep_z= 0.000
rank=115 Lx=Ly=10 pg= 0.300 ids=  59 TEE= 0 R2x= 0.000 R2z= 0.778 R2x_loop= 0.000 R2z_loop= 1.000  dep_x=10.000 dep_z= 0.000
rank= 72 Lx=Ly=10 pg= 0.200 ids= 888 TEE= 0 R2x= 0.000 R2z= 0.878 R2x_loop= 0.000 R2z_loop= 1.000  dep_x=10.000 dep_z= 0.000
rank= 33 Lx=Ly=10 pg= 0.200 ids= 977 TEE= 0 R2x= 0.000 R2z= 0.844 R2x_loop= 0.000 R2z_loop= 1.000  dep_x=10.000 dep_z= 0.000
rank= 23 Lx=Ly=10 pg= 0.200 ids= 967 TEE= 0 R2x= 0.000 R2z= 0.944 R2x_loop= 0.000 R2z_loop= 1.000  dep_x=10.000 dep_z= 0.000
rank= 49 Lx=Ly=10 pg= 0.200 ids= 993 TEE= 0 R2x= 0.000 R2z= 0.956 R2x_loop= 0.000 R2z_loop= 1.000  dep_x=10.000 dep_z= 0.000
rank= 17 Lx=Ly=10 pg= 0.200 ids= 961 TEE= 0 R2x= 0.000 R2z= 0.922 R2x_loop= 0.000 R2z_loop= 1.000  dep_x=10.000 dep_z= 0.000
rank=116 Lx=Ly=10 pg= 0.200 ids= 932 TEE= 0 R2x= 0.000 R2z= 0.833 R2x_loop= 0.000 R2z_loop= 1.000  dep_x=10.000 dep_z= 0.000
rank=118 Lx=Ly=10 pg= 0.200 ids= 934 TEE= 0 R2x= 0.000 R2z= 0.944 R2x_loop= 0.000 R2z_loop= 1.000  dep_x=10.000 dep_z= 0.000
rank= 73 Lx=Ly=10 pg= 0.300 ids=  17 TEE= 0 R2x= 0.000 R2z= 0.822 R2x_loop= 0.000 R2z_loop= 1.000  dep_x=10.000 dep_z= 0.000
rank=113 Lx=Ly=10 pg= 0.300 ids=  57 TEE= 0 R2x= 0.000 R2z= 0.933 R2x_loop= 0.000 R2z_loop= 1.000  dep_x=10.000 dep_z= 0.000
rank= 19 Lx=Ly=10 pg= 0.200 ids= 963 TEE= 0 R2x= 0.000 R2z= 0.967 R2x_loop= 0.000 R2z_loop= 1.000  dep_x=10.000 dep_z= 0.000
rank= 32 Lx=Ly=10 pg= 0.200 ids= 848 TEE= 0 R2x= 0.000 R2z= 0.833 R2x_loop= 0.000 R2z_loop= 1.000  dep_x=10.000 dep_z= 0.000
rank= 43 Lx=Ly=10 pg= 0.200 ids= 859 TEE= 0 R2x= 0.000 R2z= 0.933 R2x_loop= 0.000 R2z_loop= 1.000  dep_x=10.000 dep_z= 0.000
rank= 13 Lx=Ly=10 pg= 0.200 ids= 957 TEE= 0 R2x= 0.000 R2z= 0.900 R2x_loop= 0.000 R2z_loop= 1.000  dep_x=10.000 dep_z= 0.000
rank=117 Lx=Ly=10 pg= 0.300 ids=  61 TEE= 0 R2x= 0.000 R2z= 0.878 R2x_loop= 0.000 R2z_loop= 1.000  dep_x=10.000 dep_z= 0.000
rank= 55 Lx=Ly=10 pg= 0.200 ids= 999 TEE= 0 R2x= 0.000 R2z= 0.878 R2x_loop= 0.000 R2z_loop= 1.000  dep_x=10.000 dep_z= 0.000
rank=119 Lx=Ly=10 pg= 0.300 ids=  63 TEE= 0 R2x= 0.000 R2z= 0.822 R2x_loop= 0.000 R2z_loop= 1.000  dep_x=10.000 dep_z= 0.000
rank= 99 Lx=Ly=10 pg= 0.200 ids= 915 TEE= 0 R2x= 0.000 R2z= 0.811 R2x_loop= 0.000 R2z_loop= 1.000  dep_x=10.000 dep_z= 0.000
rank= 41 Lx=Ly=10 pg= 0.200 ids= 985 TEE= 0 R2x= 0.000 R2z= 0.944 R2x_loop= 0.000 R2z_loop= 1.000  dep_x=10.000 dep_z= 0.000
rank= 51 Lx=Ly=10 pg= 0.200 ids= 995 TEE= 0 R2x= 0.000 R2z= 0.989 R2x_loop= 0.000 R2z_loop= 1.000  dep_x=10.000 dep_z= 0.000
rank= 15 Lx=Ly=10 pg= 0.200 ids= 959 TEE= 0 R2x= 0.000 R2z= 0.900 R2x_loop= 0.000 R2z_loop= 1.000  dep_x=10.000 dep_z= 0.000
rank=  9 Lx=Ly=10 pg= 0.200 ids= 953 TEE= 0 R2x= 0.000 R2z= 0.822 R2x_loop= 0.000 R2z_loop= 1.000  dep_x=10.000 dep_z= 0.000
rank= 50 Lx=Ly=10 pg= 0.200 ids= 482 TEE= 0 R2x= 0.000 R2z= 0.911 R2x_loop= 0.000 R2z_loop= 1.000  dep_x=10.000 dep_z= 0.000
rank=101 Lx=Ly=10 pg= 0.200 ids= 789 TEE= 0 R2x= 0.000 R2z= 0.944 R2x_loop= 0.000 R2z_loop= 1.000  dep_x=10.000 dep_z= 0.000
rank= 27 Lx=Ly=10 pg= 0.200 ids= 971 TEE= 0 R2x= 0.000 R2z= 0.822 R2x_loop= 0.000 R2z_loop= 1.000  dep_x=10.000 dep_z= 0.000
rank= 64 Lx=Ly=10 pg= 0.200 ids= 752 TEE= 0 R2x= 0.000 R2z= 0.856 R2x_loop= 0.000 R2z_loop= 1.000  dep_x=10.000 dep_z= 0.000
rank= 57 Lx=Ly=10 pg= 0.200 ids= 745 TEE= 0 R2x= 0.000 R2z= 0.944 R2x_loop= 0.000 R2z_loop= 1.000  dep_x=10.000 dep_z= 0.000
rank= 65 Lx=Ly=10 pg= 0.200 ids= 625 TEE= 0 R2x= 0.000 R2z= 0.822 R2x_loop= 0.000 R2z_loop= 1.000  dep_x=10.000 dep_z= 0.000
rank= 97 Lx=Ly=10 pg= 0.200 ids= 913 TEE= 0 R2x= 0.000 R2z= 0.956 R2x_loop= 0.000 R2z_loop= 1.000  dep_x=10.000 dep_z= 0.000
rank=127 Lx=Ly=10 pg= 0.300 ids=  71 TEE= 0 R2x= 0.000 R2z= 0.856 R2x_loop= 0.000 R2z_loop= 1.000  dep_x=10.000 dep_z= 0.000
rank= 88 Lx=Ly=10 pg= 0.200 ids= 648 TEE= 0 R2x= 0.000 R2z= 0.922 R2x_loop= 0.000 R2z_loop= 1.000  dep_x=10.000 dep_z= 0.000
rank=103 Lx=Ly=10 pg= 0.300 ids=  47 TEE= 0 R2x= 0.000 R2z= 0.889 R2x_loop= 0.000 R2z_loop= 1.000  dep_x=10.000 dep_z= 0.000
rank= 11 Lx=Ly=10 pg= 0.200 ids= 699 TEE= 0 R2x= 0.000 R2z= 0.778 R2x_loop= 0.000 R2z_loop= 1.000  dep_x=10.000 dep_z= 0.000
rank=107 Lx=Ly=10 pg= 0.200 ids= 667 TEE= 0 R2x= 0.000 R2z= 0.856 R2x_loop= 0.000 R2z_loop= 1.000  dep_x=10.000 dep_z= 0.000
rank= 77 Lx=Ly=10 pg= 0.200 ids= 765 TEE= 0 R2x= 0.000 R2z= 0.944 R2x_loop= 0.000 R2z_loop= 1.000  dep_x=10.000 dep_z= 0.000
rank= 28 Lx=Ly=10 pg= 0.200 ids= 844 TEE= 0 R2x= 0.000 R2z= 0.978 R2x_loop= 0.000 R2z_loop= 1.000  dep_x=10.000 dep_z= 0.000
rank= 38 Lx=Ly=10 pg= 0.200 ids= 854 TEE= 0 R2x= 0.000 R2z= 0.956 R2x_loop= 0.000 R2z_loop= 1.000  dep_x=10.000 dep_z= 0.000
rank= 98 Lx=Ly=10 pg= 0.200 ids= 786 TEE= 0 R2x= 0.000 R2z= 0.867 R2x_loop= 0.000 R2z_loop= 1.000  dep_x=10.000 dep_z= 0.000
rank=114 Lx=Ly=10 pg= 0.200 ids= 930 TEE= 0 R2x= 0.000 R2z= 0.922 R2x_loop= 0.000 R2z_loop= 1.000  dep_x=10.000 dep_z= 0.000
rank= 30 Lx=Ly=10 pg= 0.200 ids= 334 TEE= 0 R2x= 0.000 R2z= 0.922 R2x_loop= 0.000 R2z_loop= 1.000  dep_x=10.000 dep_z= 0.000
rank= 29 Lx=Ly=10 pg= 0.200 ids= 333 TEE= 0 R2x= 0.000 R2z= 0.889 R2x_loop= 0.000 R2z_loop= 1.000  dep_x=10.000 dep_z= 0.000
rank= 16 Lx=Ly=10 pg= 0.200 ids= 960 TEE= 0 R2x= 0.000 R2z= 0.878 R2x_loop= 0.000 R2z_loop= 1.000  dep_x=10.000 dep_z= 0.000
rank=  4 Lx=Ly=10 pg= 0.200 ids= 948 TEE= 0 R2x= 0.000 R2z= 0.867 R2x_loop= 0.000 R2z_loop= 1.000  dep_x=10.000 dep_z= 0.000
rank=123 Lx=Ly=10 pg= 0.200 ids= 811 TEE= 0 R2x= 0.000 R2z= 0.667 R2x_loop= 0.000 R2z_loop= 1.000  dep_x=10.000 dep_z= 0.000
rank= 48 Lx=Ly=10 pg= 0.200 ids= 992 TEE= 0 R2x= 0.000 R2z= 0.989 R2x_loop= 0.000 R2z_loop= 1.000  dep_x=10.000 dep_z= 0.000
rank= 18 Lx=Ly=10 pg= 0.200 ids= 962 TEE= 0 R2x= 0.000 R2z= 0.867 R2x_loop= 0.000 R2z_loop= 1.000  dep_x=10.000 dep_z= 0.000
rank= 95 Lx=Ly=10 pg= 0.300 ids=  39 TEE= 0 R2x= 0.000 R2z= 0.767 R2x_loop= 0.000 R2z_loop= 1.000  dep_x=10.000 dep_z= 0.000
rank= 52 Lx=Ly=10 pg= 0.200 ids= 484 TEE= 0 R2x= 0.000 R2z= 0.822 R2x_loop= 0.000 R2z_loop= 1.000  dep_x=10.000 dep_z= 0.000
rank= 45 Lx=Ly=10 pg= 0.200 ids= 989 TEE= 0 R2x= 0.000 R2z= 0.722 R2x_loop= 0.000 R2z_loop= 1.000  dep_x=10.000 dep_z= 0.000
rank= 26 Lx=Ly=10 pg= 0.200 ids= 970 TEE= 0 R2x= 0.000 R2z= 0.722 R2x_loop= 0.000 R2z_loop= 1.000  dep_x=10.000 dep_z= 0.000
rank=  8 Lx=Ly=10 pg= 0.200 ids= 952 TEE= 0 R2x= 0.000 R2z= 0.789 R2x_loop= 0.000 R2z_loop= 1.000  dep_x=10.000 dep_z= 0.000
rank= 14 Lx=Ly=10 pg= 0.200 ids= 958 TEE= 0 R2x= 0.000 R2z= 0.967 R2x_loop= 0.000 R2z_loop= 1.000  dep_x=10.000 dep_z= 0.000
rank= 92 Lx=Ly=10 pg= 0.300 ids=  36 TEE= 0 R2x= 0.000 R2z= 0.622 R2x_loop= 0.000 R2z_loop= 1.000  dep_x=10.000 dep_z= 0.000
rank= 86 Lx=Ly=10 pg= 0.200 ids= 902 TEE= 0 R2x= 0.000 R2z= 0.822 R2x_loop= 0.000 R2z_loop= 1.000  dep_x=10.000 dep_z= 0.000
rank= 63 Lx=Ly=10 pg= 0.300 ids=   7 TEE= 0 R2x= 0.000 R2z= 0.889 R2x_loop= 0.000 R2z_loop= 1.000  dep_x=10.000 dep_z= 0.000
rank= 34 Lx=Ly=10 pg= 0.200 ids= 978 TEE= 0 R2x= 0.000 R2z= 0.900 R2x_loop= 0.000 R2z_loop= 1.000  dep_x=10.000 dep_z= 0.000
rank= 12 Lx=Ly=10 pg= 0.200 ids= 956 TEE= 0 R2x= 0.000 R2z= 0.956 R2x_loop= 0.000 R2z_loop= 1.000  dep_x=10.000 dep_z= 0.000
rank= 20 Lx=Ly=10 pg= 0.200 ids= 964 TEE= 0 R2x= 0.000 R2z= 0.922 R2x_loop= 0.000 R2z_loop= 1.000  dep_x=10.000 dep_z= 0.000
rank= 76 Lx=Ly=10 pg= 0.300 ids=  20 TEE= 0 R2x= 0.000 R2z= 0.700 R2x_loop= 0.000 R2z_loop= 1.000  dep_x=10.000 dep_z= 0.000
rank= 94 Lx=Ly=10 pg= 0.300 ids=  38 TEE= 0 R2x= 0.000 R2z= 0.656 R2x_loop= 0.000 R2z_loop= 1.000  dep_x=10.000 dep_z= 0.000
rank=108 Lx=Ly=10 pg= 0.300 ids=  52 TEE= 0 R2x= 0.000 R2z= 0.744 R2x_loop= 0.000 R2z_loop= 1.000  dep_x=10.000 dep_z= 0.000
rank= 44 Lx=Ly=10 pg= 0.200 ids= 988 TEE= 0 R2x= 0.000 R2z= 0.933 R2x_loop= 0.000 R2z_loop= 1.000  dep_x=10.000 dep_z= 0.000
rank= 68 Lx=Ly=10 pg= 0.200 ids= 884 TEE= 0 R2x= 0.000 R2z= 0.856 R2x_loop= 0.000 R2z_loop= 1.000  dep_x=10.000 dep_z= 0.000
rank= 56 Lx=Ly=10 pg= 0.300 ids=   0 TEE= 0 R2x= 0.000 R2z= 0.756 R2x_loop= 0.000 R2z_loop= 1.000  dep_x=10.000 dep_z= 0.000
rank= 10 Lx=Ly=10 pg= 0.200 ids= 442 TEE= 0 R2x= 0.000 R2z= 0.922 R2x_loop= 0.000 R2z_loop= 1.000  dep_x=10.000 dep_z= 0.000
rank= 42 Lx=Ly=10 pg= 0.200 ids= 986 TEE= 0 R2x= 0.000 R2z= 0.933 R2x_loop= 0.000 R2z_loop= 1.000  dep_x=10.000 dep_z= 0.000
rank= 62 Lx=Ly=10 pg= 0.300 ids=   6 TEE= 0 R2x= 0.000 R2z= 0.722 R2x_loop= 0.000 R2z_loop= 1.000  dep_x=10.000 dep_z= 0.000
rank= 78 Lx=Ly=10 pg= 0.300 ids=  22 TEE= 0 R2x= 0.000 R2z= 0.867 R2x_loop= 0.000 R2z_loop= 1.000  dep_x=10.000 dep_z= 0.000
rank= 70 Lx=Ly=10 pg= 0.300 ids=  14 TEE= 0 R2x= 0.000 R2z= 0.767 R2x_loop= 0.000 R2z_loop= 1.000  dep_x=10.000 dep_z= 0.000
rank= 80 Lx=Ly=10 pg= 0.300 ids=  24 TEE= 0 R2x= 0.000 R2z= 0.789 R2x_loop= 0.000 R2z_loop= 1.000  dep_x=10.000 dep_z= 0.000
rank= 90 Lx=Ly=10 pg= 0.300 ids=  34 TEE= 0 R2x= 0.000 R2z= 0.822 R2x_loop= 0.000 R2z_loop= 1.000  dep_x=10.000 dep_z= 0.000
rank= 40 Lx=Ly=10 pg= 0.200 ids= 984 TEE= 0 R2x= 0.000 R2z= 0.933 R2x_loop= 0.000 R2z_loop= 1.000  dep_x=10.000 dep_z= 0.000
rank= 58 Lx=Ly=10 pg= 0.300 ids=   2 TEE= 0 R2x= 0.000 R2z= 0.900 R2x_loop= 0.000 R2z_loop= 1.000  dep_x=10.000 dep_z= 0.000
rank= 81 Lx=Ly=10 pg= 0.200 ids= 257 TEE= 0 R2x= 0.000 R2z= 0.922 R2x_loop= 0.000 R2z_loop= 1.000  dep_x=10.000 dep_z= 0.000
rank= 74 Lx=Ly=10 pg= 0.300 ids=  18 TEE= 0 R2x= 0.000 R2z= 0.711 R2x_loop= 0.000 R2z_loop= 1.000  dep_x=10.000 dep_z= 0.000
rank= 60 Lx=Ly=10 pg= 0.300 ids=   4 TEE= 0 R2x= 0.000 R2z= 0.911 R2x_loop= 0.000 R2z_loop= 1.000  dep_x=10.000 dep_z= 0.000
rank=111 Lx=Ly=10 pg= 0.200 ids= 671 TEE= 0 R2x= 0.000 R2z= 0.778 R2x_loop= 0.000 R2z_loop= 1.000  dep_x=10.000 dep_z= 0.000
rank=106 Lx=Ly=10 pg= 0.300 ids=  50 TEE= 0 R2x= 0.000 R2z= 0.878 R2x_loop= 0.000 R2z_loop= 1.000  dep_x=10.000 dep_z= 0.000
rank= 37 Lx=Ly=10 pg= 0.300 ids= 109 TEE= 0 R2x= 0.000 R2z= 0.822 R2x_loop= 0.000 R2z_loop= 1.000  dep_x=10.000 dep_z= 0.000
rank=104 Lx=Ly=10 pg= 0.300 ids=  48 TEE= 0 R2x= 0.000 R2z= 0.867 R2x_loop= 0.000 R2z_loop= 1.000  dep_x=10.000 dep_z= 0.000
rank= 83 Lx=Ly=10 pg= 0.200 ids= 771 TEE= 0 R2x= 0.000 R2z= 0.922 R2x_loop= 0.000 R2z_loop= 1.000  dep_x=10.000 dep_z= 0.000
rank=121 Lx=Ly=10 pg= 0.200 ids= 681 TEE= 0 R2x= 0.000 R2z= 0.944 R2x_loop= 0.000 R2z_loop= 1.000  dep_x=10.000 dep_z= 0.000
rank= 46 Lx=Ly=10 pg= 0.200 ids= 990 TEE= 0 R2x= 0.000 R2z= 0.767 R2x_loop= 0.000 R2z_loop= 1.000  dep_x=10.000 dep_z= 0.000
rank=  0 Lx=Ly=10 pg= 0.200 ids= 944 TEE= 0 R2x= 0.000 R2z= 0.811 R2x_loop= 0.000 R2z_loop= 1.000  dep_x=10.000 dep_z= 0.000
rank=109 Lx=Ly=10 pg= 0.300 ids= 181 TEE= 0 R2x= 0.000 R2z= 0.889 R2x_loop= 0.000 R2z_loop= 1.000  dep_x=10.000 dep_z= 0.000
rank=  6 Lx=Ly=10 pg= 0.200 ids= 310 TEE= 0 R2x= 0.000 R2z= 0.889 R2x_loop= 0.000 R2z_loop= 1.000  dep_x=10.000 dep_z= 0.000
rank= 66 Lx=Ly=10 pg= 0.300 ids=  10 TEE= 0 R2x= 0.000 R2z= 0.989 R2x_loop= 0.000 R2z_loop= 1.000  dep_x=10.000 dep_z= 0.000
rank= 69 Lx=Ly=10 pg= 0.300 ids= 141 TEE= 0 R2x= 0.000 R2z= 0.922 R2x_loop= 0.000 R2z_loop= 1.000  dep_x=10.000 dep_z= 0.000
rank= 93 Lx=Ly=10 pg= 0.300 ids= 165 TEE= 0 R2x= 0.000 R2z= 0.856 R2x_loop= 0.000 R2z_loop= 1.000  dep_x=10.000 dep_z= 0.000
rank=102 Lx=Ly=10 pg= 0.300 ids=  46 TEE= 0 R2x= 0.000 R2z= 0.911 R2x_loop= 0.000 R2z_loop= 1.000  dep_x=10.000 dep_z= 0.000
rank= 61 Lx=Ly=10 pg= 0.300 ids= 133 TEE= 0 R2x= 0.000 R2z= 0.767 R2x_loop= 0.000 R2z_loop= 1.000  dep_x=10.000 dep_z= 0.000
rank= 87 Lx=Ly=10 pg= 0.300 ids= 159 TEE= 0 R2x= 0.000 R2z= 0.789 R2x_loop= 0.000 R2z_loop= 1.000  dep_x=10.000 dep_z= 0.000
rank=  5 Lx=Ly=10 pg= 0.300 ids=  77 TEE= 0 R2x= 0.000 R2z= 0.856 R2x_loop= 0.000 R2z_loop= 1.000  dep_x=10.000 dep_z= 0.000
rank=105 Lx=Ly=10 pg= 0.300 ids= 177 TEE= 0 R2x= 0.000 R2z= 0.911 R2x_loop= 0.000 R2z_loop= 1.000  dep_x=10.000 dep_z= 0.000
rank= 79 Lx=Ly=10 pg= 0.300 ids= 151 TEE= 0 R2x= 0.000 R2z= 0.822 R2x_loop= 0.000 R2z_loop= 1.000  dep_x=10.000 dep_z= 0.000
rank= 39 Lx=Ly=10 pg= 0.300 ids= 111 TEE= 0 R2x= 0.000 R2z= 0.978 R2x_loop= 0.000 R2z_loop= 1.000  dep_x=10.000 dep_z= 0.000
rank= 91 Lx=Ly=10 pg= 0.300 ids= 163 TEE= 0 R2x= 0.000 R2z= 0.844 R2x_loop= 0.000 R2z_loop= 1.000  dep_x=10.000 dep_z= 0.000
rank=100 Lx=Ly=10 pg= 0.300 ids=  44 TEE= 0 R2x= 0.000 R2z= 0.867 R2x_loop= 0.000 R2z_loop= 1.000  dep_x=10.000 dep_z= 0.000
rank= 67 Lx=Ly=10 pg= 0.300 ids= 139 TEE= 0 R2x= 0.000 R2z= 0.944 R2x_loop= 0.000 R2z_loop= 1.000  dep_x=10.000 dep_z= 0.000
rank= 59 Lx=Ly=10 pg= 0.300 ids= 131 TEE= 0 R2x= 0.000 R2z= 0.644 R2x_loop= 0.000 R2z_loop= 1.000  dep_x=10.000 dep_z= 0.000
rank=  7 Lx=Ly=10 pg= 0.200 ids= 439 TEE= 0 R2x= 0.000 R2z= 0.933 R2x_loop= 0.000 R2z_loop= 1.000  dep_x=10.000 dep_z= 0.000
rank= 47 Lx=Ly=10 pg= 0.200 ids= 991 TEE= 0 R2x= 0.000 R2z= 0.989 R2x_loop= 0.000 R2z_loop= 1.000  dep_x=10.000 dep_z= 0.000
rank= 36 Lx=Ly=10 pg= 0.200 ids= 724 TEE= 0 R2x= 0.000 R2z= 0.756 R2x_loop= 0.000 R2z_loop= 1.000  dep_x=10.000 dep_z= 0.000
rank= 85 Lx=Ly=10 pg= 0.300 ids= 157 TEE= 0 R2x= 0.000 R2z= 0.800 R2x_loop= 0.000 R2z_loop= 1.000  dep_x=10.000 dep_z= 0.000
rank=  1 Lx=Ly=10 pg= 0.300 ids=  73 TEE= 0 R2x= 0.000 R2z= 0.889 R2x_loop= 0.000 R2z_loop= 1.000  dep_x=10.000 dep_z= 0.000
rank= 71 Lx=Ly=10 pg= 0.300 ids= 143 TEE= 0 R2x= 0.000 R2z= 0.633 R2x_loop= 0.000 R2z_loop= 1.000  dep_x=10.000 dep_z= 0.000
rank=112 Lx=Ly=10 pg= 0.300 ids=  56 TEE= 0 R2x= 0.000 R2z= 0.911 R2x_loop= 0.000 R2z_loop= 1.000  dep_x=10.000 dep_z= 0.000
rank= 31 Lx=Ly=10 pg= 0.200 ids= 463 TEE= 0 R2x= 0.000 R2z= 0.844 R2x_loop= 0.000 R2z_loop= 1.000  dep_x=10.000 dep_z= 0.000
rank=  3 Lx=Ly=10 pg= 0.300 ids=  75 TEE= 0 R2x= 0.000 R2z= 0.911 R2x_loop= 0.000 R2z_loop= 1.000  dep_x=10.000 dep_z= 0.000
rank= 84 Lx=Ly=10 pg= 0.300 ids=  28 TEE= 0 R2x= 0.000 R2z= 0.756 R2x_loop= 0.000 R2z_loop= 1.000  dep_x=10.000 dep_z= 0.000
rank= 89 Lx=Ly=10 pg= 0.300 ids= 161 TEE= 0 R2x= 0.000 R2z= 0.911 R2x_loop= 0.000 R2z_loop= 1.000  dep_x=10.000 dep_z= 0.000
rank= 35 Lx=Ly=10 pg= 0.300 ids= 107 TEE= 0 R2x= 0.000 R2z= 0.633 R2x_loop= 0.000 R2z_loop= 1.000  dep_x=10.000 dep_z= 0.000
rank=120 Lx=Ly=10 pg= 0.300 ids=  64 TEE= 0 R2x= 0.000 R2z= 0.689 R2x_loop= 0.000 R2z_loop= 1.000  dep_x=10.000 dep_z= 0.000
rank=122 Lx=Ly=10 pg= 0.300 ids=  66 TEE= 0 R2x= 0.000 R2z= 0.911 R2x_loop= 0.000 R2z_loop= 1.000  dep_x=10.000 dep_z= 0.000
rank= 75 Lx=Ly=10 pg= 0.300 ids= 147 TEE= 0 R2x= 0.000 R2z= 0.622 R2x_loop= 0.000 R2z_loop= 1.000  dep_x=10.000 dep_z= 0.000
rank=126 Lx=Ly=10 pg= 0.300 ids=  70 TEE= 0 R2x= 0.000 R2z= 0.933 R2x_loop= 0.000 R2z_loop= 1.000  dep_x=10.000 dep_z= 0.000
rank= 21 Lx=Ly=10 pg= 0.300 ids=  93 TEE= 0 R2x= 0.000 R2z= 0.811 R2x_loop= 0.000 R2z_loop= 1.000  dep_x=10.000 dep_z= 0.000
rank=125 Lx=Ly=10 pg= 0.300 ids= 197 TEE= 0 R2x= 0.000 R2z= 0.767 R2x_loop= 0.000 R2z_loop= 1.000  dep_x=10.000 dep_z= 0.000
rank= 22 Lx=Ly=10 pg= 0.200 ids= 582 TEE= 0 R2x= 0.000 R2z= 0.756 R2x_loop= 0.000 R2z_loop= 1.000  dep_x=10.000 dep_z= 0.000
rank= 25 Lx=Ly=10 pg= 0.300 ids=  97 TEE= 0 R2x= 0.000 R2z= 0.800 R2x_loop= 0.000 R2z_loop= 1.000  dep_x=10.000 dep_z= 0.000
rank= 96 Lx=Ly=10 pg= 0.300 ids=  40 TEE= 0 R2x= 0.000 R2z= 0.722 R2x_loop= 0.000 R2z_loop= 1.000  dep_x=10.000 dep_z= 0.000
rank=115 Lx=Ly=10 pg= 0.300 ids= 187 TEE= 0 R2x= 0.000 R2z= 0.889 R2x_loop= 0.000 R2z_loop= 1.000  dep_x=10.000 dep_z= 0.000
rank= 24 Lx=Ly=10 pg= 0.200 ids= 968 TEE= 0 R2x= 0.000 R2z= 0.833 R2x_loop= 0.000 R2z_loop= 1.000  dep_x=10.000 dep_z= 0.000
rank= 33 Lx=Ly=10 pg= 0.300 ids= 105 TEE= 0 R2x= 0.000 R2z= 0.900 R2x_loop= 0.000 R2z_loop= 1.000  dep_x=10.000 dep_z= 0.000
rank= 54 Lx=Ly=10 pg= 0.200 ids= 486 TEE= 0 R2x= 0.000 R2z= 0.933 R2x_loop= 0.000 R2z_loop= 1.000  dep_x=10.000 dep_z= 0.000
rank= 23 Lx=Ly=10 pg= 0.300 ids=  95 TEE= 0 R2x= 0.000 R2z= 0.633 R2x_loop= 0.000 R2z_loop= 1.000  dep_x=10.000 dep_z= 0.000
rank= 49 Lx=Ly=10 pg= 0.300 ids= 121 TEE= 0 R2x= 0.000 R2z= 0.889 R2x_loop= 0.000 R2z_loop= 1.000  dep_x=10.000 dep_z= 0.000
rank=124 Lx=Ly=10 pg= 0.300 ids=  68 TEE= 0 R2x= 0.000 R2z= 0.822 R2x_loop= 0.000 R2z_loop= 1.000  dep_x=10.000 dep_z= 0.000
rank= 17 Lx=Ly=10 pg= 0.300 ids=  89 TEE= 0 R2x= 0.000 R2z= 0.700 R2x_loop= 0.000 R2z_loop= 1.000  dep_x=10.000 dep_z= 0.000
rank= 73 Lx=Ly=10 pg= 0.300 ids= 145 TEE= 0 R2x= 0.000 R2z= 0.867 R2x_loop= 0.000 R2z_loop= 1.000  dep_x=10.000 dep_z= 0.000
rank= 43 Lx=Ly=10 pg= 0.200 ids= 987 TEE= 0 R2x= 0.000 R2z= 0.944 R2x_loop= 0.000 R2z_loop= 1.000  dep_x=10.000 dep_z= 0.000
rank=113 Lx=Ly=10 pg= 0.300 ids= 185 TEE= 0 R2x= 0.000 R2z= 0.878 R2x_loop= 0.000 R2z_loop= 1.000  dep_x=10.000 dep_z= 0.000
rank= 99 Lx=Ly=10 pg= 0.300 ids=  43 TEE= 0 R2x= 0.000 R2z= 0.856 R2x_loop= 0.000 R2z_loop= 1.000  dep_x=10.000 dep_z= 0.000
rank= 72 Lx=Ly=10 pg= 0.300 ids=  16 TEE= 0 R2x= 0.000 R2z= 0.767 R2x_loop= 0.000 R2z_loop= 1.000  dep_x=10.000 dep_z= 0.000
rank= 19 Lx=Ly=10 pg= 0.300 ids=  91 TEE= 0 R2x= 0.000 R2z= 0.789 R2x_loop= 0.000 R2z_loop= 1.000  dep_x=10.000 dep_z= 0.000
rank=117 Lx=Ly=10 pg= 0.300 ids= 189 TEE= 0 R2x= 0.000 R2z= 0.911 R2x_loop= 0.000 R2z_loop= 1.000  dep_x=10.000 dep_z= 0.000
rank= 13 Lx=Ly=10 pg= 0.300 ids=  85 TEE= 0 R2x= 0.000 R2z= 0.789 R2x_loop= 0.000 R2z_loop= 1.000  dep_x=10.000 dep_z= 0.000
rank=119 Lx=Ly=10 pg= 0.300 ids= 191 TEE= 0 R2x= 0.000 R2z= 0.922 R2x_loop= 0.000 R2z_loop= 1.000  dep_x=10.000 dep_z= 0.000
rank= 55 Lx=Ly=10 pg= 0.300 ids= 127 TEE= 0 R2x= 0.000 R2z= 0.822 R2x_loop= 0.000 R2z_loop= 1.000  dep_x=10.000 dep_z= 0.000
rank= 41 Lx=Ly=10 pg= 0.300 ids= 113 TEE= 0 R2x= 0.000 R2z= 0.689 R2x_loop= 0.000 R2z_loop= 1.000  dep_x=10.000 dep_z= 0.000
rank= 51 Lx=Ly=10 pg= 0.300 ids= 123 TEE= 0 R2x= 0.000 R2z= 0.811 R2x_loop= 0.000 R2z_loop= 1.000  dep_x=10.000 dep_z= 0.000
rank=116 Lx=Ly=10 pg= 0.300 ids=  60 TEE= 0 R2x= 0.000 R2z= 0.889 R2x_loop= 0.000 R2z_loop= 1.000  dep_x=10.000 dep_z= 0.000
rank=118 Lx=Ly=10 pg= 0.300 ids=  62 TEE= 0 R2x= 0.000 R2z= 0.811 R2x_loop= 0.000 R2z_loop= 1.000  dep_x=10.000 dep_z= 0.000
rank= 15 Lx=Ly=10 pg= 0.300 ids=  87 TEE= 0 R2x= 0.000 R2z= 0.833 R2x_loop= 0.000 R2z_loop= 1.000  dep_x=10.000 dep_z= 0.000
rank= 32 Lx=Ly=10 pg= 0.200 ids= 976 TEE= 0 R2x= 0.000 R2z= 0.978 R2x_loop= 0.000 R2z_loop= 1.000  dep_x=10.000 dep_z= 0.000
rank=  2 Lx=Ly=10 pg= 0.200 ids= 562 TEE= 0 R2x= 0.000 R2z= 0.811 R2x_loop= 0.000 R2z_loop= 1.000  dep_x=10.000 dep_z= 0.000
rank=  9 Lx=Ly=10 pg= 0.300 ids=  81 TEE= 0 R2x= 0.000 R2z= 0.878 R2x_loop= 0.000 R2z_loop= 1.000  dep_x=10.000 dep_z= 0.000
rank= 27 Lx=Ly=10 pg= 0.300 ids=  99 TEE= 0 R2x= 0.000 R2z= 0.811 R2x_loop= 0.000 R2z_loop= 1.000  dep_x=10.000 dep_z= 0.000
rank= 50 Lx=Ly=10 pg= 0.200 ids= 610 TEE= 0 R2x= 0.000 R2z= 0.833 R2x_loop= 0.000 R2z_loop= 1.000  dep_x=10.000 dep_z= 0.000
rank=110 Lx=Ly=10 pg= 0.200 ids= 798 TEE= 0 R2x= 0.000 R2z= 0.944 R2x_loop= 0.000 R2z_loop= 1.000  dep_x=10.000 dep_z= 0.000
rank= 57 Lx=Ly=10 pg= 0.200 ids= 873 TEE= 0 R2x= 0.000 R2z= 0.956 R2x_loop= 0.000 R2z_loop= 1.000  dep_x=10.000 dep_z= 0.000
rank= 53 Lx=Ly=10 pg= 0.200 ids= 741 TEE= 0 R2x= 0.000 R2z= 0.978 R2x_loop= 0.000 R2z_loop= 1.000  dep_x=10.000 dep_z= 0.000
rank= 97 Lx=Ly=10 pg= 0.300 ids=  41 TEE= 0 R2x= 0.000 R2z= 0.944 R2x_loop= 0.000 R2z_loop= 1.000  dep_x=10.000 dep_z= 0.000
rank=127 Lx=Ly=10 pg= 0.300 ids= 199 TEE= 0 R2x= 0.000 R2z= 0.867 R2x_loop= 0.000 R2z_loop= 1.000  dep_x=10.000 dep_z= 0.000
rank= 65 Lx=Ly=10 pg= 0.200 ids= 753 TEE= 0 R2x= 0.000 R2z= 0.856 R2x_loop= 0.000 R2z_loop= 1.000  dep_x=10.000 dep_z= 0.000
rank=103 Lx=Ly=10 pg= 0.300 ids= 175 TEE= 0 R2x= 0.000 R2z= 0.811 R2x_loop= 0.000 R2z_loop= 1.000  dep_x=10.000 dep_z= 0.000
rank= 64 Lx=Ly=10 pg= 0.200 ids= 880 TEE= 0 R2x= 0.000 R2z= 0.900 R2x_loop= 0.000 R2z_loop= 1.000  dep_x=10.000 dep_z= 0.000
rank= 11 Lx=Ly=10 pg= 0.200 ids= 827 TEE= 0 R2x= 0.000 R2z= 0.856 R2x_loop= 0.000 R2z_loop= 1.000  dep_x=10.000 dep_z= 0.000
rank=107 Lx=Ly=10 pg= 0.200 ids= 795 TEE= 0 R2x= 0.000 R2z= 0.722 R2x_loop= 0.000 R2z_loop= 1.000  dep_x=10.000 dep_z= 0.000
rank= 82 Lx=Ly=10 pg= 0.200 ids= 642 TEE= 0 R2x= 0.000 R2z= 0.867 R2x_loop= 0.000 R2z_loop= 1.000  dep_x=10.000 dep_z= 0.000
rank=101 Lx=Ly=10 pg= 0.200 ids= 917 TEE= 0 R2x= 0.000 R2z= 0.944 R2x_loop= 0.000 R2z_loop= 1.000  dep_x=10.000 dep_z= 0.000
rank= 88 Lx=Ly=10 pg= 0.200 ids= 776 TEE= 0 R2x= 0.000 R2z= 0.833 R2x_loop= 0.000 R2z_loop= 1.000  dep_x=10.000 dep_z= 0.000
rank= 28 Lx=Ly=10 pg= 0.200 ids= 972 TEE= 0 R2x= 0.000 R2z= 0.778 R2x_loop= 0.000 R2z_loop= 1.000  dep_x=10.000 dep_z= 0.000
rank=114 Lx=Ly=10 pg= 0.300 ids=  58 TEE= 0 R2x= 0.000 R2z= 0.822 R2x_loop= 0.000 R2z_loop= 1.000  dep_x=10.000 dep_z= 0.000
rank= 16 Lx=Ly=10 pg= 0.300 ids=  88 TEE= 0 R2x= 0.000 R2z= 0.622 R2x_loop= 0.000 R2z_loop= 1.000  dep_x=10.000 dep_z= 0.000
rank=  4 Lx=Ly=10 pg= 0.300 ids=  76 TEE= 0 R2x= 0.000 R2z= 0.856 R2x_loop= 0.000 R2z_loop= 1.000  dep_x=10.000 dep_z= 0.000
rank= 98 Lx=Ly=10 pg= 0.200 ids= 914 TEE= 0 R2x= 0.000 R2z= 0.944 R2x_loop= 0.000 R2z_loop= 1.000  dep_x=10.000 dep_z= 0.000
rank= 48 Lx=Ly=10 pg= 0.300 ids= 120 TEE= 0 R2x= 0.000 R2z= 0.767 R2x_loop= 0.000 R2z_loop= 1.000  dep_x=10.000 dep_z= 0.000
rank= 38 Lx=Ly=10 pg= 0.200 ids= 982 TEE= 0 R2x= 0.000 R2z= 0.944 R2x_loop= 0.000 R2z_loop= 1.000  dep_x=10.000 dep_z= 0.000
rank= 18 Lx=Ly=10 pg= 0.300 ids=  90 TEE= 0 R2x= 0.000 R2z= 0.633 R2x_loop= 0.000 R2z_loop= 1.000  dep_x=10.000 dep_z= 0.000
rank= 77 Lx=Ly=10 pg= 0.200 ids= 893 TEE= 0 R2x= 0.000 R2z= 0.867 R2x_loop= 0.000 R2z_loop= 1.000  dep_x=10.000 dep_z= 0.000
rank= 95 Lx=Ly=10 pg= 0.300 ids= 167 TEE= 0 R2x= 0.000 R2z= 0.944 R2x_loop= 0.000 R2z_loop= 1.000  dep_x=10.000 dep_z= 0.000
rank= 45 Lx=Ly=10 pg= 0.300 ids= 117 TEE= 0 R2x= 0.000 R2z= 0.822 R2x_loop= 0.000 R2z_loop= 1.000  dep_x=10.000 dep_z= 0.000
rank= 26 Lx=Ly=10 pg= 0.300 ids=  98 TEE= 0 R2x= 0.000 R2z= 0.678 R2x_loop= 0.000 R2z_loop= 1.000  dep_x=10.000 dep_z= 0.000
rank=  8 Lx=Ly=10 pg= 0.300 ids=  80 TEE= 0 R2x= 0.000 R2z= 0.911 R2x_loop= 0.000 R2z_loop= 1.000  dep_x=10.000 dep_z= 0.000
rank= 14 Lx=Ly=10 pg= 0.300 ids=  86 TEE= 0 R2x= 0.000 R2z= 0.900 R2x_loop= 0.000 R2z_loop= 1.000  dep_x=10.000 dep_z= 0.000
rank= 92 Lx=Ly=10 pg= 0.300 ids= 164 TEE= 0 R2x= 0.000 R2z= 0.744 R2x_loop= 0.000 R2z_loop= 1.000  dep_x=10.000 dep_z= 0.000
rank= 86 Lx=Ly=10 pg= 0.300 ids=  30 TEE= 0 R2x= 0.000 R2z= 0.756 R2x_loop= 0.000 R2z_loop= 1.000  dep_x=10.000 dep_z= 0.000
rank= 34 Lx=Ly=10 pg= 0.300 ids= 106 TEE= 0 R2x= 0.000 R2z= 0.878 R2x_loop= 0.000 R2z_loop= 1.000  dep_x=10.000 dep_z= 0.000
rank= 20 Lx=Ly=10 pg= 0.300 ids=  92 TEE= 0 R2x= 0.000 R2z= 0.678 R2x_loop= 0.000 R2z_loop= 1.000  dep_x=10.000 dep_z= 0.000
rank= 12 Lx=Ly=10 pg= 0.300 ids=  84 TEE= 0 R2x= 0.000 R2z= 0.944 R2x_loop= 0.000 R2z_loop= 1.000  dep_x=10.000 dep_z= 0.000
rank= 63 Lx=Ly=10 pg= 0.300 ids= 135 TEE= 0 R2x= 0.000 R2z= 0.956 R2x_loop= 0.000 R2z_loop= 1.000  dep_x=10.000 dep_z= 0.000
rank=108 Lx=Ly=10 pg= 0.300 ids= 180 TEE= 0 R2x= 0.000 R2z= 0.689 R2x_loop= 0.000 R2z_loop= 1.000  dep_x=10.000 dep_z= 0.000
rank= 94 Lx=Ly=10 pg= 0.300 ids= 166 TEE= 0 R2x= 0.000 R2z= 0.789 R2x_loop= 0.000 R2z_loop= 1.000  dep_x=10.000 dep_z= 0.000
rank= 44 Lx=Ly=10 pg= 0.300 ids= 116 TEE= 0 R2x= 0.000 R2z= 0.822 R2x_loop= 0.000 R2z_loop= 1.000  dep_x=10.000 dep_z= 0.000
rank= 76 Lx=Ly=10 pg= 0.300 ids= 148 TEE= 0 R2x= 0.000 R2z= 0.833 R2x_loop= 0.000 R2z_loop= 1.000  dep_x=10.000 dep_z= 0.000
rank= 56 Lx=Ly=10 pg= 0.300 ids= 128 TEE= 0 R2x= 0.000 R2z= 0.756 R2x_loop= 0.000 R2z_loop= 1.000  dep_x=10.000 dep_z= 0.000
rank= 42 Lx=Ly=10 pg= 0.300 ids= 114 TEE= 0 R2x= 0.000 R2z= 0.878 R2x_loop= 0.000 R2z_loop= 1.000  dep_x=10.000 dep_z= 0.000
rank= 62 Lx=Ly=10 pg= 0.300 ids= 134 TEE= 0 R2x= 0.000 R2z= 0.878 R2x_loop= 0.000 R2z_loop= 1.000  dep_x=10.000 dep_z= 0.000
rank= 68 Lx=Ly=10 pg= 0.300 ids=  12 TEE= 0 R2x= 0.000 R2z= 0.756 R2x_loop= 0.000 R2z_loop= 1.000  dep_x=10.000 dep_z= 0.000
rank= 80 Lx=Ly=10 pg= 0.300 ids= 152 TEE= 0 R2x= 0.000 R2z= 0.900 R2x_loop= 0.000 R2z_loop= 1.000  dep_x=10.000 dep_z= 0.000
rank= 78 Lx=Ly=10 pg= 0.300 ids= 150 TEE= 0 R2x= 0.000 R2z= 0.756 R2x_loop= 0.000 R2z_loop= 1.000  dep_x=10.000 dep_z= 0.000
rank= 70 Lx=Ly=10 pg= 0.300 ids= 142 TEE= 0 R2x= 0.000 R2z= 0.856 R2x_loop= 0.000 R2z_loop= 1.000  dep_x=10.000 dep_z= 0.000
rank= 52 Lx=Ly=10 pg= 0.200 ids= 612 TEE= 0 R2x= 0.000 R2z= 0.933 R2x_loop= 0.000 R2z_loop= 1.000  dep_x=10.000 dep_z= 0.000
rank= 90 Lx=Ly=10 pg= 0.300 ids= 162 TEE= 0 R2x= 0.000 R2z= 0.722 R2x_loop= 0.000 R2z_loop= 1.000  dep_x=10.000 dep_z= 0.000
rank= 29 Lx=Ly=10 pg= 0.200 ids= 461 TEE= 1 R2x= 0.000 R2z= 0.844 R2x_loop= 0.000 R2z_loop= 1.000  dep_x=10.000 dep_z= 0.000
rank= 40 Lx=Ly=10 pg= 0.300 ids= 112 TEE= 0 R2x= 0.000 R2z= 0.767 R2x_loop= 0.000 R2z_loop= 1.000  dep_x=10.000 dep_z= 0.000
rank= 58 Lx=Ly=10 pg= 0.300 ids= 130 TEE= 0 R2x= 0.000 R2z= 0.911 R2x_loop= 0.000 R2z_loop= 1.000  dep_x=10.000 dep_z= 0.000
rank= 37 Lx=Ly=10 pg= 0.300 ids= 237 TEE= 0 R2x= 0.000 R2z= 0.656 R2x_loop= 0.000 R2z_loop= 1.000  dep_x=10.000 dep_z= 0.000
rank= 74 Lx=Ly=10 pg= 0.300 ids= 146 TEE= 0 R2x= 0.000 R2z= 0.867 R2x_loop= 0.000 R2z_loop= 1.000  dep_x=10.000 dep_z= 0.000
rank= 30 Lx=Ly=10 pg= 0.200 ids= 462 TEE= 0 R2x= 0.000 R2z= 0.944 R2x_loop= 0.000 R2z_loop= 1.000  dep_x=10.000 dep_z= 0.000
rank= 60 Lx=Ly=10 pg= 0.300 ids= 132 TEE= 0 R2x= 0.000 R2z= 0.867 R2x_loop= 0.000 R2z_loop= 1.000  dep_x=10.000 dep_z= 0.000
rank=121 Lx=Ly=10 pg= 0.200 ids= 809 TEE= 0 R2x= 0.000 R2z= 0.956 R2x_loop= 0.000 R2z_loop= 1.000  dep_x=10.000 dep_z= 0.000
rank=109 Lx=Ly=10 pg= 0.300 ids= 309 TEE= 0 R2x= 0.000 R2z= 0.856 R2x_loop= 0.000 R2z_loop= 1.000  dep_x=10.000 dep_z= 0.000
rank=106 Lx=Ly=10 pg= 0.300 ids= 178 TEE= 0 R2x= 0.000 R2z= 0.933 R2x_loop= 0.000 R2z_loop= 1.000  dep_x=10.000 dep_z= 0.000
rank=104 Lx=Ly=10 pg= 0.300 ids= 176 TEE= 0 R2x= 0.000 R2z= 0.778 R2x_loop= 0.000 R2z_loop= 1.000  dep_x=10.000 dep_z= 0.000
rank= 93 Lx=Ly=10 pg= 0.300 ids= 293 TEE= 0 R2x= 0.000 R2z= 0.644 R2x_loop= 0.000 R2z_loop= 1.000  dep_x=10.000 dep_z= 0.000
rank= 69 Lx=Ly=10 pg= 0.300 ids= 269 TEE= 0 R2x= 0.000 R2z= 0.922 R2x_loop= 0.000 R2z_loop= 1.000  dep_x=10.000 dep_z= 0.000
rank= 46 Lx=Ly=10 pg= 0.300 ids= 118 TEE= 0 R2x= 0.000 R2z= 0.911 R2x_loop= 0.000 R2z_loop= 1.000  dep_x=10.000 dep_z= 0.000
rank=  0 Lx=Ly=10 pg= 0.300 ids=  72 TEE= 0 R2x= 0.000 R2z= 0.867 R2x_loop= 0.000 R2z_loop= 1.000  dep_x=10.000 dep_z= 0.000
rank= 61 Lx=Ly=10 pg= 0.300 ids= 261 TEE= 0 R2x= 0.000 R2z= 0.689 R2x_loop= 0.000 R2z_loop= 1.000  dep_x=10.000 dep_z= 0.000
rank= 87 Lx=Ly=10 pg= 0.300 ids= 287 TEE= 0 R2x= 0.000 R2z= 0.844 R2x_loop= 0.000 R2z_loop= 1.000  dep_x=10.000 dep_z= 0.000
rank=105 Lx=Ly=10 pg= 0.300 ids= 305 TEE= 0 R2x= 0.000 R2z= 0.944 R2x_loop= 0.000 R2z_loop= 1.000  dep_x=10.000 dep_z= 0.000
rank=  5 Lx=Ly=10 pg= 0.300 ids= 205 TEE= 0 R2x= 0.000 R2z= 0.700 R2x_loop= 0.000 R2z_loop= 1.000  dep_x=10.000 dep_z= 0.000
rank= 79 Lx=Ly=10 pg= 0.300 ids= 279 TEE= 0 R2x= 0.000 R2z= 0.789 R2x_loop= 0.000 R2z_loop= 1.000  dep_x=10.000 dep_z= 0.000
rank= 81 Lx=Ly=10 pg= 0.200 ids= 385 TEE= 0 R2x= 0.000 R2z= 0.900 R2x_loop= 0.000 R2z_loop= 1.000  dep_x=10.000 dep_z= 0.000
rank= 66 Lx=Ly=10 pg= 0.300 ids= 138 TEE= 0 R2x= 0.000 R2z= 0.756 R2x_loop= 0.000 R2z_loop= 1.000  dep_x=10.000 dep_z= 0.000
rank= 10 Lx=Ly=10 pg= 0.200 ids= 570 TEE= 0 R2x= 0.000 R2z= 0.822 R2x_loop= 0.000 R2z_loop= 1.000  dep_x=10.000 dep_z= 0.000
rank= 39 Lx=Ly=10 pg= 0.300 ids= 239 TEE= 0 R2x= 0.000 R2z= 0.889 R2x_loop= 0.000 R2z_loop= 1.000  dep_x=10.000 dep_z= 0.000
rank= 91 Lx=Ly=10 pg= 0.300 ids= 291 TEE= 0 R2x= 0.000 R2z= 0.822 R2x_loop= 0.000 R2z_loop= 1.000  dep_x=10.000 dep_z= 0.000
rank= 59 Lx=Ly=10 pg= 0.300 ids= 259 TEE= 0 R2x= 0.000 R2z= 0.733 R2x_loop= 0.000 R2z_loop= 1.000  dep_x=10.000 dep_z= 0.000
rank=102 Lx=Ly=10 pg= 0.300 ids= 174 TEE= 0 R2x= 0.000 R2z= 0.800 R2x_loop= 0.000 R2z_loop= 1.000  dep_x=10.000 dep_z= 0.000
rank= 67 Lx=Ly=10 pg= 0.300 ids= 267 TEE= 0 R2x= 0.000 R2z= 0.767 R2x_loop= 0.000 R2z_loop= 1.000  dep_x=10.000 dep_z= 0.000
rank=  1 Lx=Ly=10 pg= 0.300 ids= 201 TEE= 0 R2x= 0.000 R2z= 0.811 R2x_loop= 0.000 R2z_loop= 1.000  dep_x=10.000 dep_z= 0.000
rank= 85 Lx=Ly=10 pg= 0.300 ids= 285 TEE= 0 R2x= 0.000 R2z= 0.811 R2x_loop= 0.000 R2z_loop= 1.000  dep_x=10.000 dep_z= 0.000
rank= 36 Lx=Ly=10 pg= 0.200 ids= 852 TEE= 0 R2x= 0.000 R2z= 0.756 R2x_loop= 0.000 R2z_loop= 1.000  dep_x=10.000 dep_z= 0.000
rank= 71 Lx=Ly=10 pg= 0.300 ids= 271 TEE= 0 R2x= 0.000 R2z= 0.656 R2x_loop= 0.000 R2z_loop= 1.000  dep_x=10.000 dep_z= 0.000
rank= 89 Lx=Ly=10 pg= 0.300 ids= 289 TEE= 0 R2x= 0.000 R2z= 0.756 R2x_loop= 0.000 R2z_loop= 1.000  dep_x=10.000 dep_z= 0.000
rank=  3 Lx=Ly=10 pg= 0.300 ids= 203 TEE= 0 R2x= 0.000 R2z= 0.778 R2x_loop= 0.000 R2z_loop= 1.000  dep_x=10.000 dep_z= 0.000
rank= 35 Lx=Ly=10 pg= 0.300 ids= 235 TEE= 0 R2x= 0.000 R2z= 0.811 R2x_loop= 0.000 R2z_loop= 1.000  dep_x=10.000 dep_z= 0.000
rank=100 Lx=Ly=10 pg= 0.300 ids= 172 TEE= 0 R2x= 0.000 R2z= 0.700 R2x_loop= 0.000 R2z_loop= 1.000  dep_x=10.000 dep_z= 0.000
rank=125 Lx=Ly=10 pg= 0.300 ids= 325 TEE= 0 R2x= 0.000 R2z= 0.800 R2x_loop= 0.000 R2z_loop= 1.000  dep_x=10.000 dep_z= 0.000
rank= 75 Lx=Ly=10 pg= 0.300 ids= 275 TEE= 0 R2x= 0.000 R2z= 0.756 R2x_loop= 0.000 R2z_loop= 1.000  dep_x=10.000 dep_z= 0.000
rank= 21 Lx=Ly=10 pg= 0.300 ids= 221 TEE= 0 R2x= 0.000 R2z= 0.922 R2x_loop= 0.000 R2z_loop= 1.000  dep_x=10.000 dep_z= 0.000
rank= 25 Lx=Ly=10 pg= 0.300 ids= 225 TEE= 0 R2x= 0.000 R2z= 0.889 R2x_loop= 0.000 R2z_loop= 1.000  dep_x=10.000 dep_z= 0.000
rank=115 Lx=Ly=10 pg= 0.300 ids= 315 TEE= 0 R2x= 0.000 R2z= 0.822 R2x_loop= 0.000 R2z_loop= 1.000  dep_x=10.000 dep_z= 0.000
rank=112 Lx=Ly=10 pg= 0.300 ids= 184 TEE= 0 R2x= 0.000 R2z= 0.644 R2x_loop= 0.000 R2z_loop= 1.000  dep_x=10.000 dep_z= 0.000
rank= 33 Lx=Ly=10 pg= 0.300 ids= 233 TEE= 0 R2x= 0.000 R2z= 0.922 R2x_loop= 0.000 R2z_loop= 1.000  dep_x=10.000 dep_z= 0.000
rank= 84 Lx=Ly=10 pg= 0.300 ids= 156 TEE= 0 R2x= 0.000 R2z= 0.689 R2x_loop= 0.000 R2z_loop= 1.000  dep_x=10.000 dep_z= 0.000
rank=120 Lx=Ly=10 pg= 0.300 ids= 192 TEE= 1 R2x= 0.000 R2z= 0.778 R2x_loop= 0.000 R2z_loop= 1.000  dep_x=10.000 dep_z= 0.000
rank=122 Lx=Ly=10 pg= 0.300 ids= 194 TEE= 0 R2x= 0.000 R2z= 0.767 R2x_loop= 0.000 R2z_loop= 1.000  dep_x=10.000 dep_z= 0.000
rank=126 Lx=Ly=10 pg= 0.300 ids= 198 TEE= 0 R2x= 0.000 R2z= 0.856 R2x_loop= 0.000 R2z_loop= 1.000  dep_x=10.000 dep_z= 0.000
rank= 24 Lx=Ly=10 pg= 0.300 ids=  96 TEE= 0 R2x= 0.000 R2z= 0.778 R2x_loop= 0.000 R2z_loop= 1.000  dep_x=10.000 dep_z= 0.000
rank= 23 Lx=Ly=10 pg= 0.300 ids= 223 TEE= 0 R2x= 0.000 R2z= 0.522 R2x_loop= 0.000 R2z_loop= 1.000  dep_x=10.000 dep_z= 0.000
rank=123 Lx=Ly=10 pg= 0.200 ids= 939 TEE= 0 R2x= 0.000 R2z= 0.856 R2x_loop= 0.000 R2z_loop= 1.000  dep_x=10.000 dep_z= 0.000
rank= 96 Lx=Ly=10 pg= 0.300 ids= 168 TEE= 0 R2x= 0.000 R2z= 0.744 R2x_loop= 0.000 R2z_loop= 1.000  dep_x=10.000 dep_z= 0.000
rank= 49 Lx=Ly=10 pg= 0.300 ids= 249 TEE= 0 R2x= 0.000 R2z= 0.756 R2x_loop= 0.000 R2z_loop= 1.000  dep_x=10.000 dep_z= 0.000
rank=111 Lx=Ly=10 pg= 0.200 ids= 799 TEE= 0 R2x= 0.000 R2z= 0.956 R2x_loop= 0.000 R2z_loop= 1.000  dep_x=10.000 dep_z= 0.000
rank= 17 Lx=Ly=10 pg= 0.300 ids= 217 TEE= 0 R2x= 0.000 R2z= 0.911 R2x_loop= 0.000 R2z_loop= 1.000  dep_x=10.000 dep_z= 0.000
rank= 47 Lx=Ly=10 pg= 0.300 ids= 119 TEE= 0 R2x= 0.000 R2z= 0.822 R2x_loop= 0.000 R2z_loop= 1.000  dep_x=10.000 dep_z= 0.000
rank= 73 Lx=Ly=10 pg= 0.300 ids= 273 TEE= 0 R2x= 0.000 R2z= 0.811 R2x_loop= 0.000 R2z_loop= 1.000  dep_x=10.000 dep_z= 0.000
rank= 43 Lx=Ly=10 pg= 0.300 ids= 115 TEE= 0 R2x= 0.000 R2z= 0.844 R2x_loop= 0.000 R2z_loop= 1.000  dep_x=10.000 dep_z= 0.000
rank=113 Lx=Ly=10 pg= 0.300 ids= 313 TEE= 0 R2x= 0.000 R2z= 0.822 R2x_loop= 0.000 R2z_loop= 1.000  dep_x=10.000 dep_z= 0.000
rank= 19 Lx=Ly=10 pg= 0.300 ids= 219 TEE= 0 R2x= 0.000 R2z= 0.756 R2x_loop= 0.000 R2z_loop= 1.000  dep_x=10.000 dep_z= 0.000
rank= 99 Lx=Ly=10 pg= 0.300 ids= 171 TEE= 0 R2x= 0.000 R2z= 0.867 R2x_loop= 0.000 R2z_loop= 1.000  dep_x=10.000 dep_z= 0.000
rank=117 Lx=Ly=10 pg= 0.300 ids= 317 TEE= 0 R2x= 0.000 R2z= 0.711 R2x_loop= 0.000 R2z_loop= 1.000  dep_x=10.000 dep_z= 0.000
rank= 13 Lx=Ly=10 pg= 0.300 ids= 213 TEE= 0 R2x= 0.000 R2z= 0.789 R2x_loop= 0.000 R2z_loop= 1.000  dep_x=10.000 dep_z= 0.000
rank=119 Lx=Ly=10 pg= 0.300 ids= 319 TEE= 0 R2x= 0.000 R2z= 0.833 R2x_loop= 0.000 R2z_loop= 1.000  dep_x=10.000 dep_z= 0.000
rank=124 Lx=Ly=10 pg= 0.300 ids= 196 TEE= 0 R2x= 0.000 R2z= 0.567 R2x_loop= 0.000 R2z_loop= 1.000  dep_x=10.000 dep_z= 0.000
rank= 55 Lx=Ly=10 pg= 0.300 ids= 255 TEE= 0 R2x= 0.000 R2z= 0.867 R2x_loop= 0.000 R2z_loop= 1.000  dep_x=10.000 dep_z= 0.000
rank= 41 Lx=Ly=10 pg= 0.300 ids= 241 TEE= 0 R2x= 0.000 R2z= 0.867 R2x_loop= 0.000 R2z_loop= 1.000  dep_x=10.000 dep_z= 0.000
rank= 51 Lx=Ly=10 pg= 0.300 ids= 251 TEE= 0 R2x= 0.000 R2z= 0.744 R2x_loop= 0.000 R2z_loop= 1.000  dep_x=10.000 dep_z= 0.000
rank= 83 Lx=Ly=10 pg= 0.200 ids= 899 TEE= 0 R2x= 0.000 R2z= 0.944 R2x_loop= 0.000 R2z_loop= 1.000  dep_x=10.000 dep_z= 0.000
rank= 72 Lx=Ly=10 pg= 0.300 ids= 144 TEE= 0 R2x= 0.000 R2z= 0.800 R2x_loop= 0.000 R2z_loop= 1.000  dep_x=10.000 dep_z= 0.000
rank= 15 Lx=Ly=10 pg= 0.300 ids= 215 TEE= 0 R2x= 0.000 R2z= 0.878 R2x_loop= 0.000 R2z_loop= 1.000  dep_x=10.000 dep_z= 0.000
rank= 31 Lx=Ly=10 pg= 0.200 ids= 591 TEE= 0 R2x= 0.000 R2z= 0.833 R2x_loop= 0.000 R2z_loop= 1.000  dep_x=10.000 dep_z= 0.000
rank=  9 Lx=Ly=10 pg= 0.300 ids= 209 TEE= 0 R2x= 0.000 R2z= 0.756 R2x_loop= 0.000 R2z_loop= 1.000  dep_x=10.000 dep_z= 0.000
rank=118 Lx=Ly=10 pg= 0.300 ids= 190 TEE= 0 R2x= 0.000 R2z= 0.922 R2x_loop= 0.000 R2z_loop= 1.000  dep_x=10.000 dep_z= 0.000
rank=116 Lx=Ly=10 pg= 0.300 ids= 188 TEE= 0 R2x= 0.000 R2z= 0.800 R2x_loop= 0.000 R2z_loop= 1.000  dep_x=10.000 dep_z= 0.000
rank=  6 Lx=Ly=10 pg= 0.200 ids= 438 TEE= 0 R2x= 0.000 R2z= 0.867 R2x_loop= 0.000 R2z_loop= 1.000  dep_x=10.000 dep_z= 0.000
rank= 27 Lx=Ly=10 pg= 0.300 ids= 227 TEE= 0 R2x= 0.000 R2z= 0.678 R2x_loop= 0.000 R2z_loop= 1.000  dep_x=10.000 dep_z= 0.000
rank=  7 Lx=Ly=10 pg= 0.200 ids= 567 TEE= 0 R2x= 0.000 R2z= 0.867 R2x_loop= 0.000 R2z_loop= 1.000  dep_x=10.000 dep_z= 0.000
rank= 32 Lx=Ly=10 pg= 0.300 ids= 104 TEE= 0 R2x= 0.000 R2z= 0.567 R2x_loop= 0.000 R2z_loop= 1.000  dep_x=10.000 dep_z= 0.000
rank=110 Lx=Ly=10 pg= 0.200 ids= 926 TEE= 0 R2x= 0.000 R2z= 0.844 R2x_loop= 0.000 R2z_loop= 1.000  dep_x=10.000 dep_z= 0.000
rank= 57 Lx=Ly=10 pg= 0.300 ids=   1 TEE= 0 R2x= 0.000 R2z= 0.778 R2x_loop= 0.000 R2z_loop= 1.000  dep_x=10.000 dep_z= 0.000
rank= 22 Lx=Ly=10 pg= 0.200 ids= 710 TEE= 0 R2x= 0.000 R2z= 0.933 R2x_loop= 0.000 R2z_loop= 1.000  dep_x=10.000 dep_z= 0.000
rank= 54 Lx=Ly=10 pg= 0.200 ids= 614 TEE= 0 R2x= 0.000 R2z= 0.756 R2x_loop= 0.000 R2z_loop= 1.000  dep_x=10.000 dep_z= 0.000
rank= 53 Lx=Ly=10 pg= 0.200 ids= 869 TEE= 0 R2x= 0.000 R2z= 0.956 R2x_loop= 0.000 R2z_loop= 1.000  dep_x=10.000 dep_z= 0.000
rank=127 Lx=Ly=10 pg= 0.300 ids= 327 TEE= 0 R2x= 0.000 R2z= 0.911 R2x_loop= 0.000 R2z_loop= 1.000  dep_x=10.000 dep_z= 0.000
rank= 97 Lx=Ly=10 pg= 0.300 ids= 169 TEE= 0 R2x= 0.000 R2z= 0.889 R2x_loop= 0.000 R2z_loop= 1.000  dep_x=10.000 dep_z= 0.000
rank= 65 Lx=Ly=10 pg= 0.200 ids= 881 TEE= 0 R2x= 0.000 R2z= 0.933 R2x_loop= 0.000 R2z_loop= 1.000  dep_x=10.000 dep_z= 0.000
rank=  2 Lx=Ly=10 pg= 0.200 ids= 690 TEE= 0 R2x= 0.000 R2z= 0.989 R2x_loop= 0.000 R2z_loop= 1.000  dep_x=10.000 dep_z= 0.000
rank=103 Lx=Ly=10 pg= 0.300 ids= 303 TEE= 0 R2x= 0.000 R2z= 0.933 R2x_loop= 0.000 R2z_loop= 1.000  dep_x=10.000 dep_z= 0.000
rank=107 Lx=Ly=10 pg= 0.200 ids= 923 TEE= 0 R2x= 0.000 R2z= 0.844 R2x_loop= 0.000 R2z_loop= 1.000  dep_x=10.000 dep_z= 0.000
rank= 11 Lx=Ly=10 pg= 0.200 ids= 955 TEE= 0 R2x= 0.000 R2z= 0.933 R2x_loop= 0.000 R2z_loop= 1.000  dep_x=10.000 dep_z= 0.000
rank= 64 Lx=Ly=10 pg= 0.300 ids=   8 TEE= 0 R2x= 0.000 R2z= 0.844 R2x_loop= 0.000 R2z_loop= 1.000  dep_x=10.000 dep_z= 0.000
rank= 50 Lx=Ly=10 pg= 0.200 ids= 738 TEE= 0 R2x= 0.000 R2z= 0.944 R2x_loop= 0.000 R2z_loop= 1.000  dep_x=10.000 dep_z= 0.000
rank=101 Lx=Ly=10 pg= 0.300 ids=  45 TEE= 0 R2x= 0.000 R2z= 0.778 R2x_loop= 0.000 R2z_loop= 1.000  dep_x=10.000 dep_z= 0.000
rank= 16 Lx=Ly=10 pg= 0.300 ids= 216 TEE= 0 R2x= 0.000 R2z= 0.800 R2x_loop= 0.000 R2z_loop= 1.000  dep_x=10.000 dep_z= 0.000
rank= 88 Lx=Ly=10 pg= 0.200 ids= 904 TEE= 0 R2x= 0.000 R2z= 0.978 R2x_loop= 0.000 R2z_loop= 1.000  dep_x=10.000 dep_z= 0.000
rank=  4 Lx=Ly=10 pg= 0.300 ids= 204 TEE= 0 R2x= 0.000 R2z= 0.789 R2x_loop= 0.000 R2z_loop= 1.000  dep_x=10.000 dep_z= 0.000
rank= 48 Lx=Ly=10 pg= 0.300 ids= 248 TEE= 0 R2x= 0.000 R2z= 0.944 R2x_loop= 0.000 R2z_loop= 1.000  dep_x=10.000 dep_z= 0.000
rank= 95 Lx=Ly=10 pg= 0.300 ids= 295 TEE= 0 R2x= 0.000 R2z= 0.856 R2x_loop= 0.000 R2z_loop= 1.000  dep_x=10.000 dep_z= 0.000
rank= 38 Lx=Ly=10 pg= 0.300 ids= 110 TEE= 0 R2x= 0.000 R2z= 0.867 R2x_loop= 0.000 R2z_loop= 1.000  dep_x=10.000 dep_z= 0.000
rank= 18 Lx=Ly=10 pg= 0.300 ids= 218 TEE= 0 R2x= 0.000 R2z= 0.800 R2x_loop= 0.000 R2z_loop= 1.000  dep_x=10.000 dep_z= 0.000
rank= 45 Lx=Ly=10 pg= 0.300 ids= 245 TEE= 0 R2x= 0.000 R2z= 0.900 R2x_loop= 0.000 R2z_loop= 1.000  dep_x=10.000 dep_z= 0.000
rank= 77 Lx=Ly=10 pg= 0.300 ids=  21 TEE= 0 R2x= 0.000 R2z= 0.811 R2x_loop= 0.000 R2z_loop= 1.000  dep_x=10.000 dep_z= 0.000
rank= 98 Lx=Ly=10 pg= 0.300 ids=  42 TEE= 0 R2x= 0.000 R2z= 0.811 R2x_loop= 0.000 R2z_loop= 1.000  dep_x=10.000 dep_z= 0.000
rank= 82 Lx=Ly=10 pg= 0.200 ids= 770 TEE= 0 R2x= 0.000 R2z= 0.833 R2x_loop= 0.000 R2z_loop= 1.000  dep_x=10.000 dep_z= 0.000
rank= 26 Lx=Ly=10 pg= 0.300 ids= 226 TEE= 0 R2x= 0.000 R2z= 0.733 R2x_loop= 0.000 R2z_loop= 1.000  dep_x=10.000 dep_z= 0.000
rank=114 Lx=Ly=10 pg= 0.300 ids= 186 TEE= 0 R2x= 0.000 R2z= 0.967 R2x_loop= 0.000 R2z_loop= 1.000  dep_x=10.000 dep_z= 0.000
rank=  8 Lx=Ly=10 pg= 0.300 ids= 208 TEE= 0 R2x= 0.000 R2z= 0.911 R2x_loop= 0.000 R2z_loop= 1.000  dep_x=10.000 dep_z= 0.000
rank= 14 Lx=Ly=10 pg= 0.300 ids= 214 TEE= 0 R2x= 0.000 R2z= 0.800 R2x_loop= 0.000 R2z_loop= 1.000  dep_x=10.000 dep_z= 0.000
rank= 63 Lx=Ly=10 pg= 0.300 ids= 263 TEE= 0 R2x= 0.000 R2z= 0.822 R2x_loop= 0.000 R2z_loop= 1.000  dep_x=10.000 dep_z= 0.000
rank= 92 Lx=Ly=10 pg= 0.300 ids= 292 TEE= 0 R2x= 0.000 R2z= 0.911 R2x_loop= 0.000 R2z_loop= 1.000  dep_x=10.000 dep_z= 0.000
rank= 34 Lx=Ly=10 pg= 0.300 ids= 234 TEE= 0 R2x= 0.000 R2z= 0.811 R2x_loop= 0.000 R2z_loop= 1.000  dep_x=10.000 dep_z= 0.000
rank= 20 Lx=Ly=10 pg= 0.300 ids= 220 TEE= 0 R2x= 0.000 R2z= 0.878 R2x_loop= 0.000 R2z_loop= 1.000  dep_x=10.000 dep_z= 0.000
rank= 12 Lx=Ly=10 pg= 0.300 ids= 212 TEE= 0 R2x= 0.000 R2z= 0.711 R2x_loop= 0.000 R2z_loop= 1.000  dep_x=10.000 dep_z= 0.000
rank= 86 Lx=Ly=10 pg= 0.300 ids= 158 TEE= 0 R2x= 0.000 R2z= 0.889 R2x_loop= 0.000 R2z_loop= 1.000  dep_x=10.000 dep_z= 0.000
rank= 94 Lx=Ly=10 pg= 0.300 ids= 294 TEE= 0 R2x= 0.000 R2z= 0.678 R2x_loop= 0.000 R2z_loop= 1.000  dep_x=10.000 dep_z= 0.000
rank=108 Lx=Ly=10 pg= 0.300 ids= 308 TEE= 0 R2x= 0.000 R2z= 0.800 R2x_loop= 0.000 R2z_loop= 1.000  dep_x=10.000 dep_z= 0.000
rank= 76 Lx=Ly=10 pg= 0.300 ids= 276 TEE= 0 R2x= 0.000 R2z= 0.778 R2x_loop= 0.000 R2z_loop= 1.000  dep_x=10.000 dep_z= 0.000
rank= 44 Lx=Ly=10 pg= 0.300 ids= 244 TEE= 0 R2x= 0.000 R2z= 0.800 R2x_loop= 0.000 R2z_loop= 1.000  dep_x=10.000 dep_z= 0.000
rank= 56 Lx=Ly=10 pg= 0.300 ids= 256 TEE= 0 R2x= 0.000 R2z= 0.778 R2x_loop= 0.000 R2z_loop= 1.000  dep_x=10.000 dep_z= 0.000
rank= 62 Lx=Ly=10 pg= 0.300 ids= 262 TEE= 0 R2x= 0.000 R2z= 0.878 R2x_loop= 0.000 R2z_loop= 1.000  dep_x=10.000 dep_z= 0.000
rank= 42 Lx=Ly=10 pg= 0.300 ids= 242 TEE= 0 R2x= 0.000 R2z= 0.567 R2x_loop= 0.000 R2z_loop= 1.000  dep_x=10.000 dep_z= 0.000
rank= 80 Lx=Ly=10 pg= 0.300 ids= 280 TEE= 0 R2x= 0.000 R2z= 0.878 R2x_loop= 0.000 R2z_loop= 1.000  dep_x=10.000 dep_z= 0.000
rank= 78 Lx=Ly=10 pg= 0.300 ids= 278 TEE= 0 R2x= 0.000 R2z= 0.911 R2x_loop= 0.000 R2z_loop= 1.000  dep_x=10.000 dep_z= 0.000
rank= 70 Lx=Ly=10 pg= 0.300 ids= 270 TEE= 0 R2x= 0.000 R2z= 0.944 R2x_loop= 0.000 R2z_loop= 1.000  dep_x=10.000 dep_z= 0.000
rank= 90 Lx=Ly=10 pg= 0.300 ids= 290 TEE= 0 R2x= 0.000 R2z= 0.844 R2x_loop= 0.000 R2z_loop= 1.000  dep_x=10.000 dep_z= 0.000
rank= 37 Lx=Ly=10 pg= 0.300 ids= 365 TEE= 0 R2x= 0.000 R2z= 0.922 R2x_loop= 0.000 R2z_loop= 1.000  dep_x=10.000 dep_z= 0.000
rank= 40 Lx=Ly=10 pg= 0.300 ids= 240 TEE= 0 R2x= 0.000 R2z= 0.689 R2x_loop= 0.000 R2z_loop= 1.000  dep_x=10.000 dep_z= 0.000
rank= 58 Lx=Ly=10 pg= 0.300 ids= 258 TEE= 0 R2x= 0.000 R2z= 0.811 R2x_loop= 0.000 R2z_loop= 1.000  dep_x=10.000 dep_z= 0.000
rank=109 Lx=Ly=10 pg= 0.300 ids= 437 TEE= 0 R2x= 0.000 R2z= 0.833 R2x_loop= 0.000 R2z_loop= 1.000  dep_x=10.000 dep_z= 0.000
rank= 60 Lx=Ly=10 pg= 0.300 ids= 260 TEE= 0 R2x= 0.000 R2z= 0.878 R2x_loop= 0.000 R2z_loop= 1.000  dep_x=10.000 dep_z= 0.000
rank= 74 Lx=Ly=10 pg= 0.300 ids= 274 TEE= 0 R2x= 0.000 R2z= 0.733 R2x_loop= 0.000 R2z_loop= 1.000  dep_x=10.000 dep_z= 0.000
rank= 93 Lx=Ly=10 pg= 0.300 ids= 421 TEE= 1 R2x= 0.000 R2z= 0.867 R2x_loop= 0.000 R2z_loop= 1.000  dep_x=10.000 dep_z= 0.000
rank= 69 Lx=Ly=10 pg= 0.300 ids= 397 TEE= 0 R2x= 0.000 R2z= 0.744 R2x_loop= 0.000 R2z_loop= 1.000  dep_x=10.000 dep_z= 0.000
rank= 61 Lx=Ly=10 pg= 0.300 ids= 389 TEE= 0 R2x= 0.000 R2z= 0.778 R2x_loop= 0.000 R2z_loop= 1.000  dep_x=10.000 dep_z= 0.000
rank=106 Lx=Ly=10 pg= 0.300 ids= 306 TEE= 0 R2x= 0.000 R2z= 0.889 R2x_loop= 0.000 R2z_loop= 1.000  dep_x=10.000 dep_z= 0.000
rank= 87 Lx=Ly=10 pg= 0.300 ids= 415 TEE= 0 R2x= 0.000 R2z= 0.878 R2x_loop= 0.000 R2z_loop= 1.000  dep_x=10.000 dep_z= 0.000
rank=104 Lx=Ly=10 pg= 0.300 ids= 304 TEE= 0 R2x= 0.000 R2z= 0.711 R2x_loop= 0.000 R2z_loop= 1.000  dep_x=10.000 dep_z= 0.000
rank=  5 Lx=Ly=10 pg= 0.300 ids= 333 TEE= 0 R2x= 0.000 R2z= 0.756 R2x_loop= 0.000 R2z_loop= 1.000  dep_x=10.000 dep_z= 0.000
rank= 79 Lx=Ly=10 pg= 0.300 ids= 407 TEE= 0 R2x= 0.000 R2z= 0.900 R2x_loop= 0.000 R2z_loop= 1.000  dep_x=10.000 dep_z= 0.000
rank=  0 Lx=Ly=10 pg= 0.300 ids= 200 TEE= 0 R2x= 0.000 R2z= 0.844 R2x_loop= 0.000 R2z_loop= 1.000  dep_x=10.000 dep_z= 0.000
rank= 91 Lx=Ly=10 pg= 0.300 ids= 419 TEE= 0 R2x= 0.000 R2z= 0.778 R2x_loop= 0.000 R2z_loop= 1.000  dep_x=10.000 dep_z= 0.000
rank=105 Lx=Ly=10 pg= 0.300 ids= 433 TEE= 0 R2x= 0.000 R2z= 0.922 R2x_loop= 0.000 R2z_loop= 1.000  dep_x=10.000 dep_z= 0.000
rank= 59 Lx=Ly=10 pg= 0.300 ids= 387 TEE= 0 R2x= 0.000 R2z= 0.756 R2x_loop= 0.000 R2z_loop= 1.000  dep_x=10.000 dep_z= 0.000
rank= 46 Lx=Ly=10 pg= 0.300 ids= 246 TEE= 0 R2x= 0.000 R2z= 0.889 R2x_loop= 0.000 R2z_loop= 1.000  dep_x=10.000 dep_z= 0.000
rank= 39 Lx=Ly=10 pg= 0.300 ids= 367 TEE= 0 R2x= 0.000 R2z= 0.833 R2x_loop= 0.000 R2z_loop= 1.000  dep_x=10.000 dep_z= 0.000
rank= 67 Lx=Ly=10 pg= 0.300 ids= 395 TEE= 0 R2x= 0.000 R2z= 0.756 R2x_loop= 0.000 R2z_loop= 1.000  dep_x=10.000 dep_z= 0.000
rank= 66 Lx=Ly=10 pg= 0.300 ids= 266 TEE= 0 R2x= 0.000 R2z= 0.756 R2x_loop= 0.000 R2z_loop= 1.000  dep_x=10.000 dep_z= 0.000
rank=  1 Lx=Ly=10 pg= 0.300 ids= 329 TEE= 0 R2x= 0.000 R2z= 0.744 R2x_loop= 0.000 R2z_loop= 1.000  dep_x=10.000 dep_z= 0.000
rank= 85 Lx=Ly=10 pg= 0.300 ids= 413 TEE= 0 R2x= 0.000 R2z= 0.956 R2x_loop= 0.000 R2z_loop= 1.000  dep_x=10.000 dep_z= 0.000
rank= 89 Lx=Ly=10 pg= 0.300 ids= 417 TEE= 0 R2x= 0.000 R2z= 0.689 R2x_loop= 0.000 R2z_loop= 1.000  dep_x=10.000 dep_z= 0.000
rank= 36 Lx=Ly=10 pg= 0.200 ids= 980 TEE= 0 R2x= 0.000 R2z= 0.756 R2x_loop= 0.000 R2z_loop= 1.000  dep_x=10.000 dep_z= 0.000
rank= 71 Lx=Ly=10 pg= 0.300 ids= 399 TEE= 0 R2x= 0.000 R2z= 0.744 R2x_loop= 0.000 R2z_loop= 1.000  dep_x=10.000 dep_z= 0.000
rank=  3 Lx=Ly=10 pg= 0.300 ids= 331 TEE= 0 R2x= 0.000 R2z= 0.822 R2x_loop= 0.000 R2z_loop= 1.000  dep_x=10.000 dep_z= 0.000
rank=102 Lx=Ly=10 pg= 0.300 ids= 302 TEE= 0 R2x= 0.000 R2z= 0.811 R2x_loop= 0.000 R2z_loop= 1.000  dep_x=10.000 dep_z= 0.000
rank=125 Lx=Ly=10 pg= 0.300 ids= 453 TEE= 0 R2x= 0.000 R2z= 0.722 R2x_loop= 0.000 R2z_loop= 1.000  dep_x=10.000 dep_z= 0.000
rank= 35 Lx=Ly=10 pg= 0.300 ids= 363 TEE= 0 R2x= 0.000 R2z= 0.733 R2x_loop= 0.000 R2z_loop= 1.000  dep_x=10.000 dep_z= 0.000
rank= 29 Lx=Ly=10 pg= 0.200 ids= 589 TEE= 0 R2x= 0.000 R2z= 0.833 R2x_loop= 0.000 R2z_loop= 1.000  dep_x=10.000 dep_z= 0.000
rank= 21 Lx=Ly=10 pg= 0.300 ids= 349 TEE= 0 R2x= 0.000 R2z= 0.900 R2x_loop= 0.000 R2z_loop= 1.000  dep_x=10.000 dep_z= 0.000
rank= 75 Lx=Ly=10 pg= 0.300 ids= 403 TEE= 0 R2x= 0.000 R2z= 0.900 R2x_loop= 0.000 R2z_loop= 1.000  dep_x=10.000 dep_z= 0.000
rank=115 Lx=Ly=10 pg= 0.300 ids= 443 TEE= 0 R2x= 0.000 R2z= 0.889 R2x_loop= 0.000 R2z_loop= 1.000  dep_x=10.000 dep_z= 0.000
rank= 25 Lx=Ly=10 pg= 0.300 ids= 353 TEE= 0 R2x= 0.000 R2z= 0.811 R2x_loop= 0.000 R2z_loop= 1.000  dep_x=10.000 dep_z= 0.000
rank= 33 Lx=Ly=10 pg= 0.300 ids= 361 TEE= 0 R2x= 0.000 R2z= 0.911 R2x_loop= 0.000 R2z_loop= 1.000  dep_x=10.000 dep_z= 0.000
rank=100 Lx=Ly=10 pg= 0.300 ids= 300 TEE= 0 R2x= 0.000 R2z= 0.900 R2x_loop= 0.000 R2z_loop= 1.000  dep_x=10.000 dep_z= 0.000
rank=121 Lx=Ly=10 pg= 0.200 ids= 937 TEE= 0 R2x= 0.000 R2z= 0.844 R2x_loop= 0.000 R2z_loop= 1.000  dep_x=10.000 dep_z= 0.000
rank= 49 Lx=Ly=10 pg= 0.300 ids= 377 TEE= 0 R2x= 0.000 R2z= 0.889 R2x_loop= 0.000 R2z_loop= 1.000  dep_x=10.000 dep_z= 0.000
rank= 23 Lx=Ly=10 pg= 0.300 ids= 351 TEE= 0 R2x= 0.000 R2z= 0.867 R2x_loop= 0.000 R2z_loop= 1.000  dep_x=10.000 dep_z= 0.000
rank= 84 Lx=Ly=10 pg= 0.300 ids= 284 TEE= 0 R2x= 0.000 R2z= 0.767 R2x_loop= 0.000 R2z_loop= 1.000  dep_x=10.000 dep_z= 0.000
rank=112 Lx=Ly=10 pg= 0.300 ids= 312 TEE= 0 R2x= 0.000 R2z= 0.856 R2x_loop= 0.000 R2z_loop= 1.000  dep_x=10.000 dep_z= 0.000
rank= 24 Lx=Ly=10 pg= 0.300 ids= 224 TEE= 0 R2x= 0.000 R2z= 0.867 R2x_loop= 0.000 R2z_loop= 1.000  dep_x=10.000 dep_z= 0.000
rank= 17 Lx=Ly=10 pg= 0.300 ids= 345 TEE= 0 R2x= 0.000 R2z= 0.856 R2x_loop= 0.000 R2z_loop= 1.000  dep_x=10.000 dep_z= 0.000
rank= 73 Lx=Ly=10 pg= 0.300 ids= 401 TEE= 0 R2x= 0.000 R2z= 0.744 R2x_loop= 0.000 R2z_loop= 1.000  dep_x=10.000 dep_z= 0.000
rank=120 Lx=Ly=10 pg= 0.300 ids= 320 TEE= 0 R2x= 0.000 R2z= 0.778 R2x_loop= 0.000 R2z_loop= 1.000  dep_x=10.000 dep_z= 0.000
rank=122 Lx=Ly=10 pg= 0.300 ids= 322 TEE= 0 R2x= 0.000 R2z= 0.900 R2x_loop= 0.000 R2z_loop= 1.000  dep_x=10.000 dep_z= 0.000
rank= 99 Lx=Ly=10 pg= 0.300 ids= 299 TEE= 0 R2x= 0.000 R2z= 0.833 R2x_loop= 0.000 R2z_loop= 1.000  dep_x=10.000 dep_z= 0.000
rank=113 Lx=Ly=10 pg= 0.300 ids= 441 TEE= 0 R2x= 0.000 R2z= 0.778 R2x_loop= 0.000 R2z_loop= 1.000  dep_x=10.000 dep_z= 0.000
rank=126 Lx=Ly=10 pg= 0.300 ids= 326 TEE= 0 R2x= 0.000 R2z= 0.744 R2x_loop= 0.000 R2z_loop= 1.000  dep_x=10.000 dep_z= 0.000
rank= 43 Lx=Ly=10 pg= 0.300 ids= 243 TEE= 0 R2x= 0.000 R2z= 0.844 R2x_loop= 0.000 R2z_loop= 1.000  dep_x=10.000 dep_z= 0.000
rank= 47 Lx=Ly=10 pg= 0.300 ids= 247 TEE= 0 R2x= 0.000 R2z= 0.844 R2x_loop= 0.000 R2z_loop= 1.000  dep_x=10.000 dep_z= 0.000
rank= 19 Lx=Ly=10 pg= 0.300 ids= 347 TEE= 0 R2x= 0.000 R2z= 0.889 R2x_loop= 0.000 R2z_loop= 1.000  dep_x=10.000 dep_z= 0.000
rank= 96 Lx=Ly=10 pg= 0.300 ids= 296 TEE= 0 R2x= 0.000 R2z= 0.911 R2x_loop= 0.000 R2z_loop= 1.000  dep_x=10.000 dep_z= 0.000
rank=119 Lx=Ly=10 pg= 0.300 ids= 447 TEE= 0 R2x= 0.000 R2z= 0.778 R2x_loop= 0.000 R2z_loop= 1.000  dep_x=10.000 dep_z= 0.000
rank=117 Lx=Ly=10 pg= 0.300 ids= 445 TEE= 0 R2x= 0.000 R2z= 0.778 R2x_loop= 0.000 R2z_loop= 1.000  dep_x=10.000 dep_z= 0.000
rank= 13 Lx=Ly=10 pg= 0.300 ids= 341 TEE= 0 R2x= 0.000 R2z= 0.756 R2x_loop= 0.000 R2z_loop= 1.000  dep_x=10.000 dep_z= 0.000
rank= 55 Lx=Ly=10 pg= 0.300 ids= 383 TEE= 0 R2x= 0.000 R2z= 0.756 R2x_loop= 0.000 R2z_loop= 1.000  dep_x=10.000 dep_z= 0.000
rank= 28 Lx=Ly=10 pg= 0.300 ids= 100 TEE= 0 R2x= 0.000 R2z= 0.756 R2x_loop= 0.000 R2z_loop= 1.000  dep_x=10.000 dep_z= 0.000
rank= 41 Lx=Ly=10 pg= 0.300 ids= 369 TEE= 0 R2x= 0.000 R2z= 0.611 R2x_loop= 0.000 R2z_loop= 1.000  dep_x=10.000 dep_z= 0.000
rank= 51 Lx=Ly=10 pg= 0.300 ids= 379 TEE= 0 R2x= 0.000 R2z= 0.667 R2x_loop= 0.000 R2z_loop= 1.000  dep_x=10.000 dep_z= 0.000
rank= 68 Lx=Ly=10 pg= 0.300 ids= 140 TEE= 0 R2x= 0.000 R2z= 0.900 R2x_loop= 0.000 R2z_loop= 1.000  dep_x=10.000 dep_z= 0.000
rank= 15 Lx=Ly=10 pg= 0.300 ids= 343 TEE= 0 R2x= 0.000 R2z= 0.789 R2x_loop= 0.000 R2z_loop= 1.000  dep_x=10.000 dep_z= 0.000
rank= 30 Lx=Ly=10 pg= 0.200 ids= 590 TEE= 0 R2x= 0.000 R2z= 0.956 R2x_loop= 0.000 R2z_loop= 1.000  dep_x=10.000 dep_z= 0.000
rank=  9 Lx=Ly=10 pg= 0.300 ids= 337 TEE= 0 R2x= 0.000 R2z= 0.778 R2x_loop= 0.000 R2z_loop= 1.000  dep_x=10.000 dep_z= 0.000
rank=124 Lx=Ly=10 pg= 0.300 ids= 324 TEE= 0 R2x= 0.000 R2z= 0.833 R2x_loop= 0.000 R2z_loop= 1.000  dep_x=10.000 dep_z= 0.000
rank= 52 Lx=Ly=10 pg= 0.200 ids= 740 TEE= 0 R2x= 0.000 R2z= 0.922 R2x_loop= 0.000 R2z_loop= 1.000  dep_x=10.000 dep_z= 0.000
rank= 27 Lx=Ly=10 pg= 0.300 ids= 355 TEE= 0 R2x= 0.000 R2z= 0.678 R2x_loop= 0.000 R2z_loop= 1.000  dep_x=10.000 dep_z= 0.000
rank=123 Lx=Ly=10 pg= 0.300 ids=  67 TEE= 0 R2x= 0.000 R2z= 0.744 R2x_loop= 0.000 R2z_loop= 1.000  dep_x=10.000 dep_z= 0.000
rank=111 Lx=Ly=10 pg= 0.200 ids= 927 TEE= 0 R2x= 0.000 R2z= 0.811 R2x_loop= 0.000 R2z_loop= 1.000  dep_x=10.000 dep_z= 0.000
rank=118 Lx=Ly=10 pg= 0.300 ids= 318 TEE= 0 R2x= 0.000 R2z= 0.656 R2x_loop= 0.000 R2z_loop= 1.000  dep_x=10.000 dep_z= 0.000
rank=116 Lx=Ly=10 pg= 0.300 ids= 316 TEE= 0 R2x= 0.000 R2z= 0.778 R2x_loop= 0.000 R2z_loop= 1.000  dep_x=10.000 dep_z= 0.000
rank= 72 Lx=Ly=10 pg= 0.300 ids= 272 TEE= 0 R2x= 0.000 R2z= 0.822 R2x_loop= 0.000 R2z_loop= 1.000  dep_x=10.000 dep_z= 0.000
rank= 81 Lx=Ly=10 pg= 0.200 ids= 513 TEE= 0 R2x= 0.000 R2z= 0.844 R2x_loop= 0.000 R2z_loop= 1.000  dep_x=10.000 dep_z= 0.000
rank= 10 Lx=Ly=10 pg= 0.200 ids= 698 TEE= 0 R2x= 0.000 R2z= 0.978 R2x_loop= 0.000 R2z_loop= 1.000  dep_x=10.000 dep_z= 0.000
rank= 32 Lx=Ly=10 pg= 0.300 ids= 232 TEE= 0 R2x= 0.000 R2z= 0.756 R2x_loop= 0.000 R2z_loop= 1.000  dep_x=10.000 dep_z= 0.000
rank= 31 Lx=Ly=10 pg= 0.200 ids= 719 TEE= 0 R2x= 0.000 R2z= 0.856 R2x_loop= 0.000 R2z_loop= 1.000  dep_x=10.000 dep_z= 0.000
rank= 57 Lx=Ly=10 pg= 0.300 ids= 129 TEE= 0 R2x= 0.000 R2z= 0.667 R2x_loop= 0.000 R2z_loop= 1.000  dep_x=10.000 dep_z= 0.000
rank= 53 Lx=Ly=10 pg= 0.200 ids= 997 TEE= 0 R2x= 0.000 R2z= 0.967 R2x_loop= 0.000 R2z_loop= 1.000  dep_x=10.000 dep_z= 0.000
rank=127 Lx=Ly=10 pg= 0.300 ids= 455 TEE= 0 R2x= 0.000 R2z= 0.833 R2x_loop= 0.000 R2z_loop= 1.000  dep_x=10.000 dep_z= 0.000
rank= 65 Lx=Ly=10 pg= 0.300 ids=   9 TEE= 0 R2x= 0.000 R2z= 0.700 R2x_loop= 0.000 R2z_loop= 1.000  dep_x=10.000 dep_z= 0.000
rank= 54 Lx=Ly=10 pg= 0.200 ids= 742 TEE= 0 R2x= 0.000 R2z= 0.967 R2x_loop= 0.000 R2z_loop= 1.000  dep_x=10.000 dep_z= 0.000
rank= 97 Lx=Ly=10 pg= 0.300 ids= 297 TEE= 0 R2x= 0.000 R2z= 0.789 R2x_loop= 0.000 R2z_loop= 1.000  dep_x=10.000 dep_z= 0.000
rank=103 Lx=Ly=10 pg= 0.300 ids= 431 TEE= 0 R2x= 0.000 R2z= 0.811 R2x_loop= 0.000 R2z_loop= 1.000  dep_x=10.000 dep_z= 0.000
rank=110 Lx=Ly=10 pg= 0.300 ids=  54 TEE= 0 R2x= 0.000 R2z= 0.933 R2x_loop= 0.000 R2z_loop= 1.000  dep_x=10.000 dep_z= 0.000
rank=  2 Lx=Ly=10 pg= 0.200 ids= 818 TEE= 0 R2x= 0.000 R2z= 0.944 R2x_loop= 0.000 R2z_loop= 1.000  dep_x=10.000 dep_z= 0.000
rank=  6 Lx=Ly=10 pg= 0.200 ids= 566 TEE= 0 R2x= 0.000 R2z= 0.811 R2x_loop= 0.000 R2z_loop= 1.000  dep_x=10.000 dep_z= 0.000
rank=107 Lx=Ly=10 pg= 0.300 ids=  51 TEE= 0 R2x= 0.000 R2z= 0.756 R2x_loop= 0.000 R2z_loop= 1.000  dep_x=10.000 dep_z= 0.000
rank= 83 Lx=Ly=10 pg= 0.300 ids=  27 TEE= 0 R2x= 0.000 R2z= 0.933 R2x_loop= 0.000 R2z_loop= 1.000  dep_x=10.000 dep_z= 0.000
rank= 11 Lx=Ly=10 pg= 0.300 ids=  83 TEE= 0 R2x= 0.000 R2z= 0.644 R2x_loop= 0.000 R2z_loop= 1.000  dep_x=10.000 dep_z= 0.000
rank= 16 Lx=Ly=10 pg= 0.300 ids= 344 TEE= 0 R2x= 0.000 R2z= 0.833 R2x_loop= 0.000 R2z_loop= 1.000  dep_x=10.000 dep_z= 0.000
rank= 50 Lx=Ly=10 pg= 0.200 ids= 866 TEE= 0 R2x= 0.000 R2z= 0.989 R2x_loop= 0.000 R2z_loop= 1.000  dep_x=10.000 dep_z= 0.000
rank=  4 Lx=Ly=10 pg= 0.300 ids= 332 TEE= 0 R2x= 0.000 R2z= 0.711 R2x_loop= 0.000 R2z_loop= 1.000  dep_x=10.000 dep_z= 0.000
rank= 88 Lx=Ly=10 pg= 0.300 ids=  32 TEE= 0 R2x= 0.000 R2z= 0.844 R2x_loop= 0.000 R2z_loop= 1.000  dep_x=10.000 dep_z= 0.000
rank= 22 Lx=Ly=10 pg= 0.200 ids= 838 TEE= 0 R2x= 0.000 R2z= 0.867 R2x_loop= 0.000 R2z_loop= 1.000  dep_x=10.000 dep_z= 0.000
rank= 95 Lx=Ly=10 pg= 0.300 ids= 423 TEE= 0 R2x= 0.000 R2z= 0.789 R2x_loop= 0.000 R2z_loop= 1.000  dep_x=10.000 dep_z= 0.000
rank= 48 Lx=Ly=10 pg= 0.300 ids= 376 TEE= 0 R2x= 0.000 R2z= 0.856 R2x_loop= 0.000 R2z_loop= 1.000  dep_x=10.000 dep_z= 0.000
rank= 45 Lx=Ly=10 pg= 0.300 ids= 373 TEE= 0 R2x= 0.000 R2z= 0.867 R2x_loop= 0.000 R2z_loop= 1.000  dep_x=10.000 dep_z= 0.000
rank= 18 Lx=Ly=10 pg= 0.300 ids= 346 TEE= 0 R2x= 0.000 R2z= 0.744 R2x_loop= 0.000 R2z_loop= 1.000  dep_x=10.000 dep_z= 0.000
rank=101 Lx=Ly=10 pg= 0.300 ids= 173 TEE= 0 R2x= 0.000 R2z= 0.889 R2x_loop= 0.000 R2z_loop= 1.000  dep_x=10.000 dep_z= 0.000
rank=  7 Lx=Ly=10 pg= 0.200 ids= 695 TEE= 0 R2x= 0.000 R2z= 0.833 R2x_loop= 0.000 R2z_loop= 1.000  dep_x=10.000 dep_z= 0.000
rank= 38 Lx=Ly=10 pg= 0.300 ids= 238 TEE= 0 R2x= 0.000 R2z= 0.833 R2x_loop= 0.000 R2z_loop= 1.000  dep_x=10.000 dep_z= 0.000
rank= 64 Lx=Ly=10 pg= 0.300 ids= 136 TEE= 0 R2x= 0.000 R2z= 0.889 R2x_loop= 0.000 R2z_loop= 1.000  dep_x=10.000 dep_z= 0.000
rank= 26 Lx=Ly=10 pg= 0.300 ids= 354 TEE= 0 R2x= 0.000 R2z= 0.789 R2x_loop= 0.000 R2z_loop= 1.000  dep_x=10.000 dep_z= 0.000
rank=  8 Lx=Ly=10 pg= 0.300 ids= 336 TEE= 0 R2x= 0.000 R2z= 0.644 R2x_loop= 0.000 R2z_loop= 1.000  dep_x=10.000 dep_z= 0.000
rank= 14 Lx=Ly=10 pg= 0.300 ids= 342 TEE= 0 R2x= 0.000 R2z= 0.856 R2x_loop= 0.000 R2z_loop= 1.000  dep_x=10.000 dep_z= 0.000
rank= 63 Lx=Ly=10 pg= 0.300 ids= 391 TEE= 0 R2x= 0.000 R2z= 0.789 R2x_loop= 0.000 R2z_loop= 1.000  dep_x=10.000 dep_z= 0.000
rank=114 Lx=Ly=10 pg= 0.300 ids= 314 TEE= 0 R2x= 0.000 R2z= 0.778 R2x_loop= 0.000 R2z_loop= 1.000  dep_x=10.000 dep_z= 0.000
rank= 77 Lx=Ly=10 pg= 0.300 ids= 149 TEE= 0 R2x= 0.000 R2z= 0.922 R2x_loop= 0.000 R2z_loop= 1.000  dep_x=10.000 dep_z= 0.000
rank= 34 Lx=Ly=10 pg= 0.300 ids= 362 TEE= 0 R2x= 0.000 R2z= 0.856 R2x_loop= 0.000 R2z_loop= 1.000  dep_x=10.000 dep_z= 0.000
rank= 92 Lx=Ly=10 pg= 0.300 ids= 420 TEE= 0 R2x= 0.000 R2z= 0.744 R2x_loop= 0.000 R2z_loop= 1.000  dep_x=10.000 dep_z= 0.000
rank= 12 Lx=Ly=10 pg= 0.300 ids= 340 TEE= 0 R2x= 0.000 R2z= 0.633 R2x_loop= 0.000 R2z_loop= 1.000  dep_x=10.000 dep_z= 0.000
rank= 20 Lx=Ly=10 pg= 0.300 ids= 348 TEE= 0 R2x= 0.000 R2z= 0.767 R2x_loop= 0.000 R2z_loop= 1.000  dep_x=10.000 dep_z= 0.000
rank=108 Lx=Ly=10 pg= 0.300 ids= 436 TEE= 0 R2x= 0.000 R2z= 0.678 R2x_loop= 0.000 R2z_loop= 1.000  dep_x=10.000 dep_z= 0.000
rank= 94 Lx=Ly=10 pg= 0.300 ids= 422 TEE= 0 R2x= 0.000 R2z= 0.722 R2x_loop= 0.000 R2z_loop= 1.000  dep_x=10.000 dep_z= 0.000
rank= 86 Lx=Ly=10 pg= 0.300 ids= 286 TEE= 0 R2x= 0.000 R2z= 0.911 R2x_loop= 0.000 R2z_loop= 1.000  dep_x=10.000 dep_z= 0.000
rank= 76 Lx=Ly=10 pg= 0.300 ids= 404 TEE= 0 R2x= 0.000 R2z= 0.767 R2x_loop= 0.000 R2z_loop= 1.000  dep_x=10.000 dep_z= 0.000
rank= 44 Lx=Ly=10 pg= 0.300 ids= 372 TEE= 0 R2x= 0.000 R2z= 0.822 R2x_loop= 0.000 R2z_loop= 1.000  dep_x=10.000 dep_z= 0.000
rank= 56 Lx=Ly=10 pg= 0.300 ids= 384 TEE= 0 R2x= 0.000 R2z= 0.833 R2x_loop= 0.000 R2z_loop= 1.000  dep_x=10.000 dep_z= 0.000
rank= 62 Lx=Ly=10 pg= 0.300 ids= 390 TEE= 0 R2x= 0.000 R2z= 0.778 R2x_loop= 0.000 R2z_loop= 1.000  dep_x=10.000 dep_z= 0.000
rank= 42 Lx=Ly=10 pg= 0.300 ids= 370 TEE= 0 R2x= 0.000 R2z= 0.933 R2x_loop= 0.000 R2z_loop= 1.000  dep_x=10.000 dep_z= 0.000
rank= 37 Lx=Ly=10 pg= 0.300 ids= 493 TEE= 0 R2x= 0.000 R2z= 0.922 R2x_loop= 0.000 R2z_loop= 1.000  dep_x=10.000 dep_z= 0.000
rank= 80 Lx=Ly=10 pg= 0.300 ids= 408 TEE= 0 R2x= 0.000 R2z= 0.700 R2x_loop= 0.000 R2z_loop= 1.000  dep_x=10.000 dep_z= 0.000
rank= 70 Lx=Ly=10 pg= 0.300 ids= 398 TEE= 0 R2x= 0.000 R2z= 0.844 R2x_loop= 0.000 R2z_loop= 1.000  dep_x=10.000 dep_z= 0.000
rank= 78 Lx=Ly=10 pg= 0.300 ids= 406 TEE= 0 R2x= 0.000 R2z= 0.922 R2x_loop= 0.000 R2z_loop= 1.000  dep_x=10.000 dep_z= 0.000
rank= 90 Lx=Ly=10 pg= 0.300 ids= 418 TEE= 0 R2x= 0.000 R2z= 0.711 R2x_loop= 0.000 R2z_loop= 1.000  dep_x=10.000 dep_z= 0.000
rank= 98 Lx=Ly=10 pg= 0.300 ids= 170 TEE= 0 R2x= 0.000 R2z= 0.767 R2x_loop= 0.000 R2z_loop= 1.000  dep_x=10.000 dep_z= 0.000
rank=109 Lx=Ly=10 pg= 0.300 ids= 565 TEE= 0 R2x= 0.000 R2z= 0.900 R2x_loop= 0.000 R2z_loop= 1.000  dep_x=10.000 dep_z= 0.000
rank= 58 Lx=Ly=10 pg= 0.300 ids= 386 TEE= 0 R2x= 0.000 R2z= 0.911 R2x_loop= 0.000 R2z_loop= 1.000  dep_x=10.000 dep_z= 0.000
rank= 40 Lx=Ly=10 pg= 0.300 ids= 368 TEE= 0 R2x= 0.000 R2z= 0.844 R2x_loop= 0.000 R2z_loop= 1.000  dep_x=10.000 dep_z= 0.000
rank= 93 Lx=Ly=10 pg= 0.300 ids= 549 TEE= 0 R2x= 0.000 R2z= 0.600 R2x_loop= 0.000 R2z_loop= 1.000  dep_x=10.000 dep_z= 0.000
rank= 69 Lx=Ly=10 pg= 0.300 ids= 525 TEE= 0 R2x= 0.000 R2z= 0.800 R2x_loop= 0.000 R2z_loop= 1.000  dep_x=10.000 dep_z= 0.000
rank= 61 Lx=Ly=10 pg= 0.300 ids= 517 TEE= 0 R2x= 0.000 R2z= 0.789 R2x_loop= 0.000 R2z_loop= 1.000  dep_x=10.000 dep_z= 0.000
rank= 60 Lx=Ly=10 pg= 0.300 ids= 388 TEE= 0 R2x= 0.000 R2z= 0.733 R2x_loop= 0.000 R2z_loop= 1.000  dep_x=10.000 dep_z= 0.000
rank= 87 Lx=Ly=10 pg= 0.300 ids= 543 TEE= 0 R2x= 0.000 R2z= 0.911 R2x_loop= 0.000 R2z_loop= 1.000  dep_x=10.000 dep_z= 0.000
rank= 74 Lx=Ly=10 pg= 0.300 ids= 402 TEE= 0 R2x= 0.000 R2z= 0.911 R2x_loop= 0.000 R2z_loop= 1.000  dep_x=10.000 dep_z= 0.000
rank=  5 Lx=Ly=10 pg= 0.300 ids= 461 TEE= 0 R2x= 0.000 R2z= 0.922 R2x_loop= 0.000 R2z_loop= 1.000  dep_x=10.000 dep_z= 0.000
rank= 79 Lx=Ly=10 pg= 0.300 ids= 535 TEE= 0 R2x= 0.000 R2z= 0.889 R2x_loop= 0.000 R2z_loop= 1.000  dep_x=10.000 dep_z= 0.000
rank= 82 Lx=Ly=10 pg= 0.200 ids= 898 TEE= 0 R2x= 0.000 R2z= 0.889 R2x_loop= 0.000 R2z_loop= 1.000  dep_x=10.000 dep_z= 0.000
rank=106 Lx=Ly=10 pg= 0.300 ids= 434 TEE= 0 R2x= 0.000 R2z= 0.644 R2x_loop= 0.000 R2z_loop= 1.000  dep_x=10.000 dep_z= 0.000
rank= 91 Lx=Ly=10 pg= 0.300 ids= 547 TEE= 0 R2x= 0.000 R2z= 0.900 R2x_loop= 0.000 R2z_loop= 1.000  dep_x=10.000 dep_z= 0.000
rank=105 Lx=Ly=10 pg= 0.300 ids= 561 TEE= 0 R2x= 0.000 R2z= 0.722 R2x_loop= 0.000 R2z_loop= 1.000  dep_x=10.000 dep_z= 0.000
rank= 59 Lx=Ly=10 pg= 0.300 ids= 515 TEE= 0 R2x= 0.000 R2z= 0.911 R2x_loop= 0.000 R2z_loop= 1.000  dep_x=10.000 dep_z= 0.000
rank= 67 Lx=Ly=10 pg= 0.300 ids= 523 TEE= 0 R2x= 0.000 R2z= 0.878 R2x_loop= 0.000 R2z_loop= 1.000  dep_x=10.000 dep_z= 0.000
rank= 39 Lx=Ly=10 pg= 0.300 ids= 495 TEE= 0 R2x= 0.000 R2z= 0.822 R2x_loop= 0.000 R2z_loop= 1.000  dep_x=10.000 dep_z= 0.000
rank=104 Lx=Ly=10 pg= 0.300 ids= 432 TEE= 0 R2x= 0.000 R2z= 0.800 R2x_loop= 0.000 R2z_loop= 1.000  dep_x=10.000 dep_z= 0.000
rank=  0 Lx=Ly=10 pg= 0.300 ids= 328 TEE= 0 R2x= 0.000 R2z= 0.878 R2x_loop= 0.000 R2z_loop= 1.000  dep_x=10.000 dep_z= 0.000
rank= 85 Lx=Ly=10 pg= 0.300 ids= 541 TEE= 0 R2x= 0.000 R2z= 0.733 R2x_loop= 0.000 R2z_loop= 1.000  dep_x=10.000 dep_z= 0.000
rank=  1 Lx=Ly=10 pg= 0.300 ids= 457 TEE= 0 R2x= 0.000 R2z= 0.933 R2x_loop= 0.000 R2z_loop= 1.000  dep_x=10.000 dep_z= 0.000
rank= 71 Lx=Ly=10 pg= 0.300 ids= 527 TEE= 0 R2x= 0.000 R2z= 0.867 R2x_loop= 0.000 R2z_loop= 1.000  dep_x=10.000 dep_z= 0.000
rank= 89 Lx=Ly=10 pg= 0.300 ids= 545 TEE= 0 R2x= 0.000 R2z= 0.911 R2x_loop= 0.000 R2z_loop= 1.000  dep_x=10.000 dep_z= 0.000
rank=  3 Lx=Ly=10 pg= 0.300 ids= 459 TEE= 0 R2x= 0.000 R2z= 0.778 R2x_loop= 0.000 R2z_loop= 1.000  dep_x=10.000 dep_z= 0.000
rank= 46 Lx=Ly=10 pg= 0.300 ids= 374 TEE= 0 R2x= 0.000 R2z= 0.722 R2x_loop= 0.000 R2z_loop= 1.000  dep_x=10.000 dep_z= 0.000
rank= 66 Lx=Ly=10 pg= 0.300 ids= 394 TEE= 0 R2x= 0.000 R2z= 0.833 R2x_loop= 0.000 R2z_loop= 1.000  dep_x=10.000 dep_z= 0.000
rank=125 Lx=Ly=10 pg= 0.300 ids= 581 TEE= 0 R2x= 0.000 R2z= 0.844 R2x_loop= 0.000 R2z_loop= 1.000  dep_x=10.000 dep_z= 0.000
rank= 21 Lx=Ly=10 pg= 0.300 ids= 477 TEE= 0 R2x= 0.000 R2z= 0.633 R2x_loop= 0.000 R2z_loop= 1.000  dep_x=10.000 dep_z= 0.000
rank= 35 Lx=Ly=10 pg= 0.300 ids= 491 TEE= 0 R2x= 0.000 R2z= 0.833 R2x_loop= 0.000 R2z_loop= 1.000  dep_x=10.000 dep_z= 0.000
rank= 75 Lx=Ly=10 pg= 0.300 ids= 531 TEE= 0 R2x= 0.000 R2z= 0.867 R2x_loop= 0.000 R2z_loop= 1.000  dep_x=10.000 dep_z= 0.000
rank=115 Lx=Ly=10 pg= 0.300 ids= 571 TEE= 0 R2x= 0.000 R2z= 0.778 R2x_loop= 0.000 R2z_loop= 1.000  dep_x=10.000 dep_z= 0.000
rank= 36 Lx=Ly=10 pg= 0.300 ids= 108 TEE= 0 R2x= 0.000 R2z= 0.756 R2x_loop= 0.000 R2z_loop= 1.000  dep_x=10.000 dep_z= 0.000
rank=102 Lx=Ly=10 pg= 0.300 ids= 430 TEE= 0 R2x= 0.000 R2z= 0.822 R2x_loop= 0.000 R2z_loop= 1.000  dep_x=10.000 dep_z= 0.000
rank= 33 Lx=Ly=10 pg= 0.300 ids= 489 TEE= 0 R2x= 0.000 R2z= 0.622 R2x_loop= 0.000 R2z_loop= 1.000  dep_x=10.000 dep_z= 0.000
rank= 25 Lx=Ly=10 pg= 0.300 ids= 481 TEE= 0 R2x= 0.000 R2z= 0.778 R2x_loop= 0.000 R2z_loop= 1.000  dep_x=10.000 dep_z= 0.000
rank= 23 Lx=Ly=10 pg= 0.300 ids= 479 TEE= 0 R2x= 0.000 R2z= 0.856 R2x_loop= 0.000 R2z_loop= 1.000  dep_x=10.000 dep_z= 0.000
rank= 49 Lx=Ly=10 pg= 0.300 ids= 505 TEE= 0 R2x= 0.000 R2z= 0.667 R2x_loop= 0.000 R2z_loop= 1.000  dep_x=10.000 dep_z= 0.000
rank= 99 Lx=Ly=10 pg= 0.300 ids= 427 TEE= 0 R2x= 0.000 R2z= 0.722 R2x_loop= 0.000 R2z_loop= 1.000  dep_x=10.000 dep_z= 0.000
rank=100 Lx=Ly=10 pg= 0.300 ids= 428 TEE= 0 R2x= 0.000 R2z= 0.878 R2x_loop= 0.000 R2z_loop= 1.000  dep_x=10.000 dep_z= 0.000
rank= 17 Lx=Ly=10 pg= 0.300 ids= 473 TEE= 0 R2x= 0.000 R2z= 0.922 R2x_loop= 0.000 R2z_loop= 1.000  dep_x=10.000 dep_z= 0.000
rank= 73 Lx=Ly=10 pg= 0.300 ids= 529 TEE= 0 R2x= 0.000 R2z= 0.922 R2x_loop= 0.000 R2z_loop= 1.000  dep_x=10.000 dep_z= 0.000
rank=113 Lx=Ly=10 pg= 0.300 ids= 569 TEE= 0 R2x= 0.000 R2z= 0.811 R2x_loop= 0.000 R2z_loop= 1.000  dep_x=10.000 dep_z= 0.000
rank= 24 Lx=Ly=10 pg= 0.300 ids= 352 TEE= 0 R2x= 0.000 R2z= 0.933 R2x_loop= 0.000 R2z_loop= 1.000  dep_x=10.000 dep_z= 0.000
rank= 84 Lx=Ly=10 pg= 0.300 ids= 412 TEE= 0 R2x= 0.000 R2z= 0.844 R2x_loop= 0.000 R2z_loop= 1.000  dep_x=10.000 dep_z= 0.000
rank= 19 Lx=Ly=10 pg= 0.300 ids= 475 TEE= 0 R2x= 0.000 R2z= 0.789 R2x_loop= 0.000 R2z_loop= 1.000  dep_x=10.000 dep_z= 0.000
rank=112 Lx=Ly=10 pg= 0.300 ids= 440 TEE= 0 R2x= 0.000 R2z= 0.833 R2x_loop= 0.000 R2z_loop= 1.000  dep_x=10.000 dep_z= 0.000
rank=121 Lx=Ly=10 pg= 0.300 ids=  65 TEE= 0 R2x= 0.000 R2z= 0.778 R2x_loop= 0.000 R2z_loop= 1.000  dep_x=10.000 dep_z= 0.000
rank=119 Lx=Ly=10 pg= 0.300 ids= 575 TEE= 0 R2x= 0.000 R2z= 0.711 R2x_loop= 0.000 R2z_loop= 1.000  dep_x=10.000 dep_z= 0.000
rank=117 Lx=Ly=10 pg= 0.300 ids= 573 TEE= 0 R2x= 0.000 R2z= 0.878 R2x_loop= 0.000 R2z_loop= 1.000  dep_x=10.000 dep_z= 0.000
rank= 47 Lx=Ly=10 pg= 0.300 ids= 375 TEE= 0 R2x= 0.000 R2z= 0.789 R2x_loop= 0.000 R2z_loop= 1.000  dep_x=10.000 dep_z= 0.000
rank=120 Lx=Ly=10 pg= 0.300 ids= 448 TEE= 0 R2x= 0.000 R2z= 0.878 R2x_loop= 0.000 R2z_loop= 1.000  dep_x=10.000 dep_z= 0.000
rank= 43 Lx=Ly=10 pg= 0.300 ids= 371 TEE= 0 R2x= 0.000 R2z= 0.867 R2x_loop= 0.000 R2z_loop= 1.000  dep_x=10.000 dep_z= 0.000
rank= 55 Lx=Ly=10 pg= 0.300 ids= 511 TEE= 0 R2x= 0.000 R2z= 0.644 R2x_loop= 0.000 R2z_loop= 1.000  dep_x=10.000 dep_z= 0.000
rank= 41 Lx=Ly=10 pg= 0.300 ids= 497 TEE= 0 R2x= 0.000 R2z= 0.778 R2x_loop= 0.000 R2z_loop= 1.000  dep_x=10.000 dep_z= 0.000
rank=122 Lx=Ly=10 pg= 0.300 ids= 450 TEE= 0 R2x= 0.000 R2z= 0.833 R2x_loop= 0.000 R2z_loop= 1.000  dep_x=10.000 dep_z= 0.000
rank= 51 Lx=Ly=10 pg= 0.300 ids= 507 TEE= 0 R2x= 0.000 R2z= 0.733 R2x_loop= 0.000 R2z_loop= 1.000  dep_x=10.000 dep_z= 0.000
rank= 13 Lx=Ly=10 pg= 0.300 ids= 469 TEE= 0 R2x= 0.000 R2z= 0.622 R2x_loop= 0.000 R2z_loop= 1.000  dep_x=10.000 dep_z= 0.000
rank=126 Lx=Ly=10 pg= 0.300 ids= 454 TEE= 0 R2x= 0.000 R2z= 0.867 R2x_loop= 0.000 R2z_loop= 1.000  dep_x=10.000 dep_z= 0.000
rank= 96 Lx=Ly=10 pg= 0.300 ids= 424 TEE= 0 R2x= 0.000 R2z= 0.633 R2x_loop= 0.000 R2z_loop= 1.000  dep_x=10.000 dep_z= 0.000
rank= 15 Lx=Ly=10 pg= 0.300 ids= 471 TEE= 0 R2x= 0.000 R2z= 0.911 R2x_loop= 0.000 R2z_loop= 1.000  dep_x=10.000 dep_z= 0.000
rank=  9 Lx=Ly=10 pg= 0.300 ids= 465 TEE= 0 R2x= 0.000 R2z= 0.800 R2x_loop= 0.000 R2z_loop= 1.000  dep_x=10.000 dep_z= 0.000
rank= 68 Lx=Ly=10 pg= 0.300 ids= 268 TEE= 0 R2x= 0.000 R2z= 0.711 R2x_loop= 0.000 R2z_loop= 1.000  dep_x=10.000 dep_z= 0.000
rank=124 Lx=Ly=10 pg= 0.300 ids= 452 TEE= 0 R2x= 0.000 R2z= 0.922 R2x_loop= 0.000 R2z_loop= 1.000  dep_x=10.000 dep_z= 0.000
rank= 27 Lx=Ly=10 pg= 0.300 ids= 483 TEE= 0 R2x= 0.000 R2z= 0.889 R2x_loop= 0.000 R2z_loop= 1.000  dep_x=10.000 dep_z= 0.000
rank=111 Lx=Ly=10 pg= 0.300 ids=  55 TEE= 0 R2x= 0.000 R2z= 0.956 R2x_loop= 0.000 R2z_loop= 1.000  dep_x=10.000 dep_z= 0.000
rank=118 Lx=Ly=10 pg= 0.300 ids= 446 TEE= 0 R2x= 0.000 R2z= 0.822 R2x_loop= 0.000 R2z_loop= 1.000  dep_x=10.000 dep_z= 0.000
rank=116 Lx=Ly=10 pg= 0.300 ids= 444 TEE= 0 R2x= 0.000 R2z= 0.878 R2x_loop= 0.000 R2z_loop= 1.000  dep_x=10.000 dep_z= 0.000
rank=123 Lx=Ly=10 pg= 0.300 ids= 195 TEE= 0 R2x= 0.000 R2z= 0.767 R2x_loop= 0.000 R2z_loop= 1.000  dep_x=10.000 dep_z= 0.000
rank= 72 Lx=Ly=10 pg= 0.300 ids= 400 TEE= 0 R2x= 0.000 R2z= 0.744 R2x_loop= 0.000 R2z_loop= 1.000  dep_x=10.000 dep_z= 0.000
rank= 28 Lx=Ly=10 pg= 0.300 ids= 228 TEE= 0 R2x= 0.000 R2z= 0.700 R2x_loop= 0.000 R2z_loop= 1.000  dep_x=10.000 dep_z= 0.000
rank= 29 Lx=Ly=10 pg= 0.200 ids= 717 TEE= 0 R2x= 0.000 R2z= 0.856 R2x_loop= 0.000 R2z_loop= 1.000  dep_x=10.000 dep_z= 0.000
rank= 32 Lx=Ly=10 pg= 0.300 ids= 360 TEE= 0 R2x= 0.000 R2z= 0.756 R2x_loop= 0.000 R2z_loop= 1.000  dep_x=10.000 dep_z= 0.000
rank=127 Lx=Ly=10 pg= 0.300 ids= 583 TEE= 0 R2x= 0.000 R2z= 0.900 R2x_loop= 0.000 R2z_loop= 1.000  dep_x=10.000 dep_z= 0.000
rank= 65 Lx=Ly=10 pg= 0.300 ids= 137 TEE= 0 R2x= 0.000 R2z= 0.844 R2x_loop= 0.000 R2z_loop= 1.000  dep_x=10.000 dep_z= 0.000
rank= 97 Lx=Ly=10 pg= 0.300 ids= 425 TEE= 0 R2x= 0.000 R2z= 0.744 R2x_loop= 0.000 R2z_loop= 1.000  dep_x=10.000 dep_z= 0.000
rank=103 Lx=Ly=10 pg= 0.300 ids= 559 TEE= 0 R2x= 0.000 R2z= 0.889 R2x_loop= 0.000 R2z_loop= 1.000  dep_x=10.000 dep_z= 0.000
rank=107 Lx=Ly=10 pg= 0.300 ids= 179 TEE= 0 R2x= 0.000 R2z= 0.800 R2x_loop= 0.000 R2z_loop= 1.000  dep_x=10.000 dep_z= 0.000
rank= 30 Lx=Ly=10 pg= 0.200 ids= 718 TEE= 0 R2x= 0.000 R2z= 0.978 R2x_loop= 0.000 R2z_loop= 1.000  dep_x=10.000 dep_z= 0.000
rank= 53 Lx=Ly=10 pg= 0.300 ids= 125 TEE= 0 R2x= 0.000 R2z= 0.878 R2x_loop= 0.000 R2z_loop= 1.000  dep_x=10.000 dep_z= 0.000
rank= 54 Lx=Ly=10 pg= 0.200 ids= 870 TEE= 0 R2x= 0.000 R2z= 0.944 R2x_loop= 0.000 R2z_loop= 1.000  dep_x=10.000 dep_z= 0.000
rank= 31 Lx=Ly=10 pg= 0.200 ids= 847 TEE= 0 R2x= 0.000 R2z= 0.844 R2x_loop= 0.000 R2z_loop= 1.000  dep_x=10.000 dep_z= 0.000
rank= 57 Lx=Ly=10 pg= 0.300 ids= 257 TEE= 0 R2x= 0.000 R2z= 0.833 R2x_loop= 0.000 R2z_loop= 1.000  dep_x=10.000 dep_z= 0.000
rank=  2 Lx=Ly=10 pg= 0.200 ids= 946 TEE= 0 R2x= 0.000 R2z= 0.911 R2x_loop= 0.000 R2z_loop= 1.000  dep_x=10.000 dep_z= 0.000
rank= 10 Lx=Ly=10 pg= 0.200 ids= 826 TEE= 0 R2x= 0.000 R2z= 0.944 R2x_loop= 0.000 R2z_loop= 1.000  dep_x=10.000 dep_z= 0.000
rank= 16 Lx=Ly=10 pg= 0.300 ids= 472 TEE= 0 R2x= 0.000 R2z= 0.944 R2x_loop= 0.000 R2z_loop= 1.000  dep_x=10.000 dep_z= 0.000
rank= 83 Lx=Ly=10 pg= 0.300 ids= 155 TEE= 0 R2x= 0.000 R2z= 0.744 R2x_loop= 0.000 R2z_loop= 1.000  dep_x=10.000 dep_z= 0.000
rank= 95 Lx=Ly=10 pg= 0.300 ids= 551 TEE= 0 R2x= 0.000 R2z= 0.933 R2x_loop= 0.000 R2z_loop= 1.000  dep_x=10.000 dep_z= 0.000
rank= 50 Lx=Ly=10 pg= 0.200 ids= 994 TEE= 0 R2x= 0.000 R2z= 0.933 R2x_loop= 0.000 R2z_loop= 1.000  dep_x=10.000 dep_z= 0.000
rank= 52 Lx=Ly=10 pg= 0.200 ids= 868 TEE= 0 R2x= 0.000 R2z= 0.856 R2x_loop= 0.000 R2z_loop= 1.000  dep_x=10.000 dep_z= 0.000
rank=  4 Lx=Ly=10 pg= 0.300 ids= 460 TEE= 0 R2x= 0.000 R2z= 0.644 R2x_loop= 0.000 R2z_loop= 1.000  dep_x=10.000 dep_z= 0.000
rank= 45 Lx=Ly=10 pg= 0.300 ids= 501 TEE= 0 R2x= 0.000 R2z= 0.878 R2x_loop= 0.000 R2z_loop= 1.000  dep_x=10.000 dep_z= 0.000
rank= 48 Lx=Ly=10 pg= 0.300 ids= 504 TEE= 0 R2x= 0.000 R2z= 0.833 R2x_loop= 0.000 R2z_loop= 1.000  dep_x=10.000 dep_z= 0.000
rank= 88 Lx=Ly=10 pg= 0.300 ids= 160 TEE= 0 R2x= 0.000 R2z= 0.578 R2x_loop= 0.000 R2z_loop= 1.000  dep_x=10.000 dep_z= 0.000
rank= 81 Lx=Ly=10 pg= 0.200 ids= 641 TEE= 0 R2x= 0.000 R2z= 0.911 R2x_loop= 0.000 R2z_loop= 1.000  dep_x=10.000 dep_z= 0.000
rank= 18 Lx=Ly=10 pg= 0.300 ids= 474 TEE= 0 R2x= 0.000 R2z= 0.878 R2x_loop= 0.000 R2z_loop= 1.000  dep_x=10.000 dep_z= 0.000
rank= 22 Lx=Ly=10 pg= 0.200 ids= 966 TEE= 0 R2x= 0.000 R2z= 0.944 R2x_loop= 0.000 R2z_loop= 1.000  dep_x=10.000 dep_z= 0.000
rank=101 Lx=Ly=10 pg= 0.300 ids= 301 TEE= 0 R2x= 0.000 R2z= 0.756 R2x_loop= 0.000 R2z_loop= 1.000  dep_x=10.000 dep_z= 0.000
rank= 38 Lx=Ly=10 pg= 0.300 ids= 366 TEE= 0 R2x= 0.000 R2z= 0.756 R2x_loop= 0.000 R2z_loop= 1.000  dep_x=10.000 dep_z= 0.000
rank= 11 Lx=Ly=10 pg= 0.300 ids= 211 TEE= 0 R2x= 0.000 R2z= 0.867 R2x_loop= 0.000 R2z_loop= 1.000  dep_x=10.000 dep_z= 0.000
rank= 63 Lx=Ly=10 pg= 0.300 ids= 519 TEE= 0 R2x= 0.000 R2z= 0.711 R2x_loop= 0.000 R2z_loop= 1.000  dep_x=10.000 dep_z= 0.000
rank= 26 Lx=Ly=10 pg= 0.300 ids= 482 TEE= 0 R2x= 0.000 R2z= 0.844 R2x_loop= 0.000 R2z_loop= 1.000  dep_x=10.000 dep_z= 0.000
rank=  8 Lx=Ly=10 pg= 0.300 ids= 464 TEE= 0 R2x= 0.000 R2z= 0.900 R2x_loop= 0.000 R2z_loop= 1.000  dep_x=10.000 dep_z= 0.000
rank= 14 Lx=Ly=10 pg= 0.300 ids= 470 TEE= 0 R2x= 0.000 R2z= 0.733 R2x_loop= 0.000 R2z_loop= 1.000  dep_x=10.000 dep_z= 0.000
rank= 77 Lx=Ly=10 pg= 0.300 ids= 277 TEE= 0 R2x= 0.000 R2z= 0.800 R2x_loop= 0.000 R2z_loop= 1.000  dep_x=10.000 dep_z= 0.000
rank= 64 Lx=Ly=10 pg= 0.300 ids= 264 TEE= 0 R2x= 0.000 R2z= 0.911 R2x_loop= 0.000 R2z_loop= 1.000  dep_x=10.000 dep_z= 0.000
rank= 92 Lx=Ly=10 pg= 0.300 ids= 548 TEE= 0 R2x= 0.000 R2z= 0.878 R2x_loop= 0.000 R2z_loop= 1.000  dep_x=10.000 dep_z= 0.000
rank= 20 Lx=Ly=10 pg= 0.300 ids= 476 TEE= 0 R2x= 0.000 R2z= 0.678 R2x_loop= 0.000 R2z_loop= 1.000  dep_x=10.000 dep_z= 0.000
rank=114 Lx=Ly=10 pg= 0.300 ids= 442 TEE= 0 R2x= 0.000 R2z= 0.911 R2x_loop= 0.000 R2z_loop= 1.000  dep_x=10.000 dep_z= 0.000
rank= 34 Lx=Ly=10 pg= 0.300 ids= 490 TEE= 0 R2x= 0.000 R2z= 0.833 R2x_loop= 0.000 R2z_loop= 1.000  dep_x=10.000 dep_z= 0.000
rank=108 Lx=Ly=10 pg= 0.300 ids= 564 TEE= 0 R2x= 0.000 R2z= 0.922 R2x_loop= 0.000 R2z_loop= 1.000  dep_x=10.000 dep_z= 0.000
rank= 12 Lx=Ly=10 pg= 0.300 ids= 468 TEE= 0 R2x= 0.000 R2z= 0.856 R2x_loop= 0.000 R2z_loop= 1.000  dep_x=10.000 dep_z= 0.000
rank= 94 Lx=Ly=10 pg= 0.300 ids= 550 TEE= 0 R2x= 0.000 R2z= 0.933 R2x_loop= 0.000 R2z_loop= 1.000  dep_x=10.000 dep_z= 0.000
rank= 37 Lx=Ly=10 pg= 0.300 ids= 621 TEE= 0 R2x= 0.000 R2z= 0.900 R2x_loop= 0.000 R2z_loop= 1.000  dep_x=10.000 dep_z= 0.000
rank= 86 Lx=Ly=10 pg= 0.300 ids= 414 TEE= 0 R2x= 0.000 R2z= 0.689 R2x_loop= 0.000 R2z_loop= 1.000  dep_x=10.000 dep_z= 0.000
rank= 76 Lx=Ly=10 pg= 0.300 ids= 532 TEE= 0 R2x= 0.000 R2z= 0.778 R2x_loop= 0.000 R2z_loop= 1.000  dep_x=10.000 dep_z= 0.000
rank= 44 Lx=Ly=10 pg= 0.300 ids= 500 TEE= 0 R2x= 0.000 R2z= 0.722 R2x_loop= 0.000 R2z_loop= 1.000  dep_x=10.000 dep_z= 0.000
rank= 56 Lx=Ly=10 pg= 0.300 ids= 512 TEE= 0 R2x= 0.000 R2z= 0.833 R2x_loop= 0.000 R2z_loop= 1.000  dep_x=10.000 dep_z= 0.000
rank=110 Lx=Ly=10 pg= 0.300 ids= 182 TEE= 0 R2x= 0.000 R2z= 0.922 R2x_loop= 0.000 R2z_loop= 1.000  dep_x=10.000 dep_z= 0.000
rank= 62 Lx=Ly=10 pg= 0.300 ids= 518 TEE= 0 R2x= 0.000 R2z= 0.789 R2x_loop= 0.000 R2z_loop= 1.000  dep_x=10.000 dep_z= 0.000
rank=  6 Lx=Ly=10 pg= 0.200 ids= 694 TEE= 0 R2x= 0.000 R2z= 0.967 R2x_loop= 0.000 R2z_loop= 1.000  dep_x=10.000 dep_z= 0.000
rank= 42 Lx=Ly=10 pg= 0.300 ids= 498 TEE= 0 R2x= 0.000 R2z= 0.911 R2x_loop= 0.000 R2z_loop= 1.000  dep_x=10.000 dep_z= 0.000
rank= 80 Lx=Ly=10 pg= 0.300 ids= 536 TEE= 0 R2x= 0.000 R2z= 0.722 R2x_loop= 0.000 R2z_loop= 1.000  dep_x=10.000 dep_z= 0.000
rank=109 Lx=Ly=10 pg= 0.300 ids= 693 TEE= 0 R2x= 0.000 R2z= 0.722 R2x_loop= 0.000 R2z_loop= 1.000  dep_x=10.000 dep_z= 0.000
rank= 70 Lx=Ly=10 pg= 0.300 ids= 526 TEE= 0 R2x= 0.000 R2z= 0.778 R2x_loop= 0.000 R2z_loop= 1.000  dep_x=10.000 dep_z= 0.000
rank= 78 Lx=Ly=10 pg= 0.300 ids= 534 TEE= 0 R2x= 0.000 R2z= 0.822 R2x_loop= 0.000 R2z_loop= 1.000  dep_x=10.000 dep_z= 0.000
rank= 90 Lx=Ly=10 pg= 0.300 ids= 546 TEE= 0 R2x= 0.000 R2z= 0.722 R2x_loop= 0.000 R2z_loop= 1.000  dep_x=10.000 dep_z= 0.000
rank= 69 Lx=Ly=10 pg= 0.300 ids= 653 TEE= 0 R2x= 0.000 R2z= 0.811 R2x_loop= 0.000 R2z_loop= 1.000  dep_x=10.000 dep_z= 0.000
rank= 93 Lx=Ly=10 pg= 0.300 ids= 677 TEE= 0 R2x= 0.000 R2z= 0.922 R2x_loop= 0.000 R2z_loop= 1.000  dep_x=10.000 dep_z= 0.000
rank= 61 Lx=Ly=10 pg= 0.300 ids= 645 TEE= 0 R2x= 0.000 R2z= 0.856 R2x_loop= 0.000 R2z_loop= 1.000  dep_x=10.000 dep_z= 0.000
rank= 40 Lx=Ly=10 pg= 0.300 ids= 496 TEE= 0 R2x= 0.000 R2z= 0.911 R2x_loop= 0.000 R2z_loop= 1.000  dep_x=10.000 dep_z= 0.000
rank= 87 Lx=Ly=10 pg= 0.300 ids= 671 TEE= 0 R2x= 0.000 R2z= 0.711 R2x_loop= 0.000 R2z_loop= 1.000  dep_x=10.000 dep_z= 0.000
rank= 58 Lx=Ly=10 pg= 0.300 ids= 514 TEE= 0 R2x= 0.000 R2z= 0.722 R2x_loop= 0.000 R2z_loop= 1.000  dep_x=10.000 dep_z= 0.000
rank=  5 Lx=Ly=10 pg= 0.300 ids= 589 TEE= 0 R2x= 0.000 R2z= 0.900 R2x_loop= 0.000 R2z_loop= 1.000  dep_x=10.000 dep_z= 0.000
rank= 98 Lx=Ly=10 pg= 0.300 ids= 298 TEE= 0 R2x= 0.000 R2z= 0.944 R2x_loop= 0.000 R2z_loop= 1.000  dep_x=10.000 dep_z= 0.000
rank= 79 Lx=Ly=10 pg= 0.300 ids= 663 TEE= 0 R2x= 0.000 R2z= 0.878 R2x_loop= 0.000 R2z_loop= 1.000  dep_x=10.000 dep_z= 0.000
rank= 91 Lx=Ly=10 pg= 0.300 ids= 675 TEE= 0 R2x= 0.000 R2z= 0.900 R2x_loop= 0.000 R2z_loop= 1.000  dep_x=10.000 dep_z= 0.000
rank=105 Lx=Ly=10 pg= 0.300 ids= 689 TEE= 0 R2x= 0.000 R2z= 0.856 R2x_loop= 0.000 R2z_loop= 1.000  dep_x=10.000 dep_z= 0.000
rank= 59 Lx=Ly=10 pg= 0.300 ids= 643 TEE= 0 R2x= 0.000 R2z= 0.689 R2x_loop= 0.000 R2z_loop= 1.000  dep_x=10.000 dep_z= 0.000
rank= 60 Lx=Ly=10 pg= 0.300 ids= 516 TEE= 0 R2x= 0.000 R2z= 0.811 R2x_loop= 0.000 R2z_loop= 1.000  dep_x=10.000 dep_z= 0.000
rank= 67 Lx=Ly=10 pg= 0.300 ids= 651 TEE= 0 R2x= 0.000 R2z= 0.889 R2x_loop= 0.000 R2z_loop= 1.000  dep_x=10.000 dep_z= 0.000
rank= 74 Lx=Ly=10 pg= 0.300 ids= 530 TEE= 0 R2x= 0.000 R2z= 0.900 R2x_loop= 0.000 R2z_loop= 1.000  dep_x=10.000 dep_z= 0.000
rank= 39 Lx=Ly=10 pg= 0.300 ids= 623 TEE= 0 R2x= 0.000 R2z= 0.678 R2x_loop= 0.000 R2z_loop= 1.000  dep_x=10.000 dep_z= 0.000
rank=106 Lx=Ly=10 pg= 0.300 ids= 562 TEE= 0 R2x= 0.000 R2z= 0.922 R2x_loop= 0.000 R2z_loop= 1.000  dep_x=10.000 dep_z= 0.000
rank= 85 Lx=Ly=10 pg= 0.300 ids= 669 TEE= 0 R2x= 0.000 R2z= 0.900 R2x_loop= 0.000 R2z_loop= 1.000  dep_x=10.000 dep_z= 0.000
rank=  1 Lx=Ly=10 pg= 0.300 ids= 585 TEE= 0 R2x= 0.000 R2z= 0.811 R2x_loop= 0.000 R2z_loop= 1.000  dep_x=10.000 dep_z= 0.000
rank= 89 Lx=Ly=10 pg= 0.300 ids= 673 TEE= 0 R2x= 0.000 R2z= 0.711 R2x_loop= 0.000 R2z_loop= 1.000  dep_x=10.000 dep_z= 0.000
rank=104 Lx=Ly=10 pg= 0.300 ids= 560 TEE= 0 R2x= 0.000 R2z= 0.944 R2x_loop= 0.000 R2z_loop= 1.000  dep_x=10.000 dep_z= 0.000
rank=  0 Lx=Ly=10 pg= 0.300 ids= 456 TEE= 0 R2x= 0.000 R2z= 0.800 R2x_loop= 0.000 R2z_loop= 1.000  dep_x=10.000 dep_z= 0.000
rank=  3 Lx=Ly=10 pg= 0.300 ids= 587 TEE= 0 R2x= 0.000 R2z= 0.700 R2x_loop= 0.000 R2z_loop= 1.000  dep_x=10.000 dep_z= 0.000
rank= 71 Lx=Ly=10 pg= 0.300 ids= 655 TEE= 0 R2x= 0.000 R2z= 0.844 R2x_loop= 0.000 R2z_loop= 1.000  dep_x=10.000 dep_z= 0.000
rank=125 Lx=Ly=10 pg= 0.300 ids= 709 TEE= 0 R2x= 0.000 R2z= 0.856 R2x_loop= 0.000 R2z_loop= 1.000  dep_x=10.000 dep_z= 0.000
rank= 21 Lx=Ly=10 pg= 0.300 ids= 605 TEE= 0 R2x= 0.000 R2z= 0.956 R2x_loop= 0.000 R2z_loop= 1.000  dep_x=10.000 dep_z= 0.000
rank= 75 Lx=Ly=10 pg= 0.300 ids= 659 TEE= 0 R2x= 0.000 R2z= 0.933 R2x_loop= 0.000 R2z_loop= 1.000  dep_x=10.000 dep_z= 0.000
rank= 35 Lx=Ly=10 pg= 0.300 ids= 619 TEE= 0 R2x= 0.000 R2z= 0.867 R2x_loop= 0.000 R2z_loop= 1.000  dep_x=10.000 dep_z= 0.000
rank=115 Lx=Ly=10 pg= 0.300 ids= 699 TEE= 0 R2x= 0.000 R2z= 0.933 R2x_loop= 0.000 R2z_loop= 1.000  dep_x=10.000 dep_z= 0.000
rank=  7 Lx=Ly=10 pg= 0.200 ids= 823 TEE= 0 R2x= 0.000 R2z= 0.844 R2x_loop= 0.000 R2z_loop= 1.000  dep_x=10.000 dep_z= 0.000
rank= 66 Lx=Ly=10 pg= 0.300 ids= 522 TEE= 0 R2x= 0.000 R2z= 0.778 R2x_loop= 0.000 R2z_loop= 1.000  dep_x=10.000 dep_z= 0.000
rank= 46 Lx=Ly=10 pg= 0.300 ids= 502 TEE= 0 R2x= 0.000 R2z= 0.767 R2x_loop= 0.000 R2z_loop= 1.000  dep_x=10.000 dep_z= 0.000
rank= 33 Lx=Ly=10 pg= 0.300 ids= 617 TEE= 0 R2x= 0.000 R2z= 0.789 R2x_loop= 0.000 R2z_loop= 1.000  dep_x=10.000 dep_z= 0.000
rank= 25 Lx=Ly=10 pg= 0.300 ids= 609 TEE= 0 R2x= 0.000 R2z= 0.833 R2x_loop= 0.000 R2z_loop= 1.000  dep_x=10.000 dep_z= 0.000
rank= 36 Lx=Ly=10 pg= 0.300 ids= 236 TEE= 0 R2x= 0.000 R2z= 0.744 R2x_loop= 0.000 R2z_loop= 1.000  dep_x=10.000 dep_z= 0.000
rank= 23 Lx=Ly=10 pg= 0.300 ids= 607 TEE= 0 R2x= 0.000 R2z= 0.744 R2x_loop= 0.000 R2z_loop= 1.000  dep_x=10.000 dep_z= 0.000
rank= 49 Lx=Ly=10 pg= 0.300 ids= 633 TEE= 0 R2x= 0.000 R2z= 0.844 R2x_loop= 0.000 R2z_loop= 1.000  dep_x=10.000 dep_z= 0.000
rank=102 Lx=Ly=10 pg= 0.300 ids= 558 TEE= 0 R2x= 0.000 R2z= 0.922 R2x_loop= 0.000 R2z_loop= 1.000  dep_x=10.000 dep_z= 0.000
rank= 99 Lx=Ly=10 pg= 0.300 ids= 555 TEE= 0 R2x= 0.000 R2z= 0.744 R2x_loop= 0.000 R2z_loop= 1.000  dep_x=10.000 dep_z= 0.000
rank= 17 Lx=Ly=10 pg= 0.300 ids= 601 TEE= 0 R2x= 0.000 R2z= 0.844 R2x_loop= 0.000 R2z_loop= 1.000  dep_x=10.000 dep_z= 0.000
rank= 73 Lx=Ly=10 pg= 0.300 ids= 657 TEE= 0 R2x= 0.000 R2z= 0.789 R2x_loop= 0.000 R2z_loop= 1.000  dep_x=10.000 dep_z= 0.000
rank=113 Lx=Ly=10 pg= 0.300 ids= 697 TEE= 0 R2x= 0.000 R2z= 0.622 R2x_loop= 0.000 R2z_loop= 1.000  dep_x=10.000 dep_z= 0.000
rank= 19 Lx=Ly=10 pg= 0.300 ids= 603 TEE= 0 R2x= 0.000 R2z= 0.833 R2x_loop= 0.000 R2z_loop= 1.000  dep_x=10.000 dep_z= 0.000
rank=119 Lx=Ly=10 pg= 0.300 ids= 703 TEE= 0 R2x= 0.000 R2z= 0.811 R2x_loop= 0.000 R2z_loop= 1.000  dep_x=10.000 dep_z= 0.000
rank=117 Lx=Ly=10 pg= 0.300 ids= 701 TEE= 0 R2x= 0.000 R2z= 0.933 R2x_loop= 0.000 R2z_loop= 1.000  dep_x=10.000 dep_z= 0.000
rank= 24 Lx=Ly=10 pg= 0.300 ids= 480 TEE= 0 R2x= 0.000 R2z= 0.767 R2x_loop= 0.000 R2z_loop= 1.000  dep_x=10.000 dep_z= 0.000
rank=100 Lx=Ly=10 pg= 0.300 ids= 556 TEE= 0 R2x= 0.000 R2z= 0.922 R2x_loop= 0.000 R2z_loop= 1.000  dep_x=10.000 dep_z= 0.000
rank= 84 Lx=Ly=10 pg= 0.300 ids= 540 TEE= 0 R2x= 0.000 R2z= 0.889 R2x_loop= 0.000 R2z_loop= 1.000  dep_x=10.000 dep_z= 0.000
rank= 55 Lx=Ly=10 pg= 0.300 ids= 639 TEE= 0 R2x= 0.000 R2z= 0.822 R2x_loop= 0.000 R2z_loop= 1.000  dep_x=10.000 dep_z= 0.000
rank= 43 Lx=Ly=10 pg= 0.300 ids= 499 TEE= 0 R2x= 0.000 R2z= 0.878 R2x_loop= 0.000 R2z_loop= 1.000  dep_x=10.000 dep_z= 0.000
rank= 41 Lx=Ly=10 pg= 0.300 ids= 625 TEE= 0 R2x= 0.000 R2z= 0.800 R2x_loop= 0.000 R2z_loop= 1.000  dep_x=10.000 dep_z= 0.000
rank= 13 Lx=Ly=10 pg= 0.300 ids= 597 TEE= 0 R2x= 0.000 R2z= 0.833 R2x_loop= 0.000 R2z_loop= 1.000  dep_x=10.000 dep_z= 0.000
rank= 51 Lx=Ly=10 pg= 0.300 ids= 635 TEE= 0 R2x= 0.000 R2z= 0.889 R2x_loop= 0.000 R2z_loop= 1.000  dep_x=10.000 dep_z= 0.000
rank=112 Lx=Ly=10 pg= 0.300 ids= 568 TEE= 0 R2x= 0.000 R2z= 0.856 R2x_loop= 0.000 R2z_loop= 1.000  dep_x=10.000 dep_z= 0.000
rank= 15 Lx=Ly=10 pg= 0.300 ids= 599 TEE= 0 R2x= 0.000 R2z= 0.911 R2x_loop= 0.000 R2z_loop= 1.000  dep_x=10.000 dep_z= 0.000
rank= 47 Lx=Ly=10 pg= 0.300 ids= 503 TEE= 0 R2x= 0.000 R2z= 0.656 R2x_loop= 0.000 R2z_loop= 1.000  dep_x=10.000 dep_z= 0.000
rank=122 Lx=Ly=10 pg= 0.300 ids= 578 TEE= 0 R2x= 0.000 R2z= 0.933 R2x_loop= 0.000 R2z_loop= 1.000  dep_x=10.000 dep_z= 0.000
rank=120 Lx=Ly=10 pg= 0.300 ids= 576 TEE= 0 R2x= 0.000 R2z= 0.789 R2x_loop= 0.000 R2z_loop= 1.000  dep_x=10.000 dep_z= 0.000
rank=126 Lx=Ly=10 pg= 0.300 ids= 582 TEE= 0 R2x= 0.000 R2z= 0.789 R2x_loop= 0.000 R2z_loop= 1.000  dep_x=10.000 dep_z= 0.000
rank= 96 Lx=Ly=10 pg= 0.300 ids= 552 TEE= 0 R2x= 0.000 R2z= 0.789 R2x_loop= 0.000 R2z_loop= 1.000  dep_x=10.000 dep_z= 0.000
rank=  9 Lx=Ly=10 pg= 0.300 ids= 593 TEE= 0 R2x= 0.000 R2z= 0.800 R2x_loop= 0.000 R2z_loop= 1.000  dep_x=10.000 dep_z= 0.000
rank= 27 Lx=Ly=10 pg= 0.300 ids= 611 TEE= 0 R2x= 0.000 R2z= 0.933 R2x_loop= 0.000 R2z_loop= 1.000  dep_x=10.000 dep_z= 0.000
rank= 68 Lx=Ly=10 pg= 0.300 ids= 396 TEE= 0 R2x= 0.000 R2z= 0.689 R2x_loop= 0.000 R2z_loop= 1.000  dep_x=10.000 dep_z= 0.000
rank=124 Lx=Ly=10 pg= 0.300 ids= 580 TEE= 0 R2x= 0.000 R2z= 0.856 R2x_loop= 0.000 R2z_loop= 1.000  dep_x=10.000 dep_z= 0.000
rank= 82 Lx=Ly=10 pg= 0.300 ids=  26 TEE= 0 R2x= 0.000 R2z= 0.756 R2x_loop= 0.000 R2z_loop= 1.000  dep_x=10.000 dep_z= 0.000
rank=118 Lx=Ly=10 pg= 0.300 ids= 574 TEE= 0 R2x= 0.000 R2z= 0.822 R2x_loop= 0.000 R2z_loop= 1.000  dep_x=10.000 dep_z= 0.000
rank=116 Lx=Ly=10 pg= 0.300 ids= 572 TEE= 0 R2x= 0.000 R2z= 0.700 R2x_loop= 0.000 R2z_loop= 1.000  dep_x=10.000 dep_z= 0.000
rank= 72 Lx=Ly=10 pg= 0.300 ids= 528 TEE= 0 R2x= 0.000 R2z= 0.878 R2x_loop= 0.000 R2z_loop= 1.000  dep_x=10.000 dep_z= 0.000
rank=121 Lx=Ly=10 pg= 0.300 ids= 193 TEE= 0 R2x= 0.000 R2z= 0.722 R2x_loop= 0.000 R2z_loop= 1.000  dep_x=10.000 dep_z= 0.000
rank=127 Lx=Ly=10 pg= 0.300 ids= 711 TEE= 0 R2x= 0.000 R2z= 0.744 R2x_loop= 0.000 R2z_loop= 1.000  dep_x=10.000 dep_z= 0.000
rank= 65 Lx=Ly=10 pg= 0.300 ids= 265 TEE= 0 R2x= 0.000 R2z= 0.700 R2x_loop= 0.000 R2z_loop= 1.000  dep_x=10.000 dep_z= 0.000
rank= 97 Lx=Ly=10 pg= 0.300 ids= 553 TEE= 0 R2x= 0.000 R2z= 0.800 R2x_loop= 0.000 R2z_loop= 1.000  dep_x=10.000 dep_z= 0.000
rank= 32 Lx=Ly=10 pg= 0.300 ids= 488 TEE= 0 R2x= 0.000 R2z= 0.933 R2x_loop= 0.000 R2z_loop= 1.000  dep_x=10.000 dep_z= 0.000
rank= 28 Lx=Ly=10 pg= 0.300 ids= 356 TEE= 0 R2x= 0.000 R2z= 0.800 R2x_loop= 0.000 R2z_loop= 1.000  dep_x=10.000 dep_z= 0.000
rank=103 Lx=Ly=10 pg= 0.300 ids= 687 TEE= 0 R2x= 0.000 R2z= 0.900 R2x_loop= 0.000 R2z_loop= 1.000  dep_x=10.000 dep_z= 0.000
rank=107 Lx=Ly=10 pg= 0.300 ids= 307 TEE= 0 R2x= 0.000 R2z= 0.944 R2x_loop= 0.000 R2z_loop= 1.000  dep_x=10.000 dep_z= 0.000
rank=111 Lx=Ly=10 pg= 0.300 ids= 183 TEE= 0 R2x= 0.000 R2z= 0.933 R2x_loop= 0.000 R2z_loop= 1.000  dep_x=10.000 dep_z= 0.000
rank= 53 Lx=Ly=10 pg= 0.300 ids= 253 TEE= 0 R2x= 0.000 R2z= 0.689 R2x_loop= 0.000 R2z_loop= 1.000  dep_x=10.000 dep_z= 0.000
rank=123 Lx=Ly=10 pg= 0.300 ids= 323 TEE= 0 R2x= 0.000 R2z= 0.656 R2x_loop= 0.000 R2z_loop= 1.000  dep_x=10.000 dep_z= 0.000
rank= 54 Lx=Ly=10 pg= 0.200 ids= 998 TEE= 0 R2x= 0.000 R2z= 0.956 R2x_loop= 0.000 R2z_loop= 1.000  dep_x=10.000 dep_z= 0.000
rank= 57 Lx=Ly=10 pg= 0.300 ids= 385 TEE= 0 R2x= 0.000 R2z= 0.933 R2x_loop= 0.000 R2z_loop= 1.000  dep_x=10.000 dep_z= 0.000
rank= 16 Lx=Ly=10 pg= 0.300 ids= 600 TEE= 0 R2x= 0.000 R2z= 0.956 R2x_loop= 0.000 R2z_loop= 1.000  dep_x=10.000 dep_z= 0.000
rank=  2 Lx=Ly=10 pg= 0.300 ids=  74 TEE= 0 R2x= 0.000 R2z= 0.844 R2x_loop= 0.000 R2z_loop= 1.000  dep_x=10.000 dep_z= 0.000
rank= 95 Lx=Ly=10 pg= 0.300 ids= 679 TEE= 0 R2x= 0.000 R2z= 0.667 R2x_loop= 0.000 R2z_loop= 1.000  dep_x=10.000 dep_z= 0.000
rank= 29 Lx=Ly=10 pg= 0.200 ids= 845 TEE= 0 R2x= 0.000 R2z= 0.933 R2x_loop= 0.000 R2z_loop= 1.000  dep_x=10.000 dep_z= 0.000
rank= 45 Lx=Ly=10 pg= 0.300 ids= 629 TEE= 1 R2x= 0.000 R2z= 0.622 R2x_loop= 0.000 R2z_loop= 1.000  dep_x=10.000 dep_z= 0.000
rank=  4 Lx=Ly=10 pg= 0.300 ids= 588 TEE= 0 R2x= 0.000 R2z= 0.833 R2x_loop= 0.000 R2z_loop= 1.000  dep_x=10.000 dep_z= 0.000
rank= 10 Lx=Ly=10 pg= 0.200 ids= 954 TEE= 0 R2x= 0.000 R2z= 0.756 R2x_loop= 0.000 R2z_loop= 1.000  dep_x=10.000 dep_z= 0.000
rank= 48 Lx=Ly=10 pg= 0.300 ids= 632 TEE= 0 R2x= 0.000 R2z= 0.811 R2x_loop= 0.000 R2z_loop= 1.000  dep_x=10.000 dep_z= 0.000
rank= 18 Lx=Ly=10 pg= 0.300 ids= 602 TEE= 0 R2x= 0.000 R2z= 0.811 R2x_loop= 0.000 R2z_loop= 1.000  dep_x=10.000 dep_z= 0.000
rank= 31 Lx=Ly=10 pg= 0.200 ids= 975 TEE= 0 R2x= 0.000 R2z= 0.856 R2x_loop= 0.000 R2z_loop= 1.000  dep_x=10.000 dep_z= 0.000
rank= 63 Lx=Ly=10 pg= 0.300 ids= 647 TEE= 0 R2x= 0.000 R2z= 0.900 R2x_loop= 0.000 R2z_loop= 1.000  dep_x=10.000 dep_z= 0.000
rank= 52 Lx=Ly=10 pg= 0.200 ids= 996 TEE= 0 R2x= 0.000 R2z= 0.778 R2x_loop= 0.000 R2z_loop= 1.000  dep_x=10.000 dep_z= 0.000
rank= 11 Lx=Ly=10 pg= 0.300 ids= 339 TEE= 0 R2x= 0.000 R2z= 0.856 R2x_loop= 0.000 R2z_loop= 1.000  dep_x=10.000 dep_z= 0.000
rank= 26 Lx=Ly=10 pg= 0.300 ids= 610 TEE= 0 R2x= 0.000 R2z= 0.856 R2x_loop= 0.000 R2z_loop= 1.000  dep_x=10.000 dep_z= 0.000
rank=  8 Lx=Ly=10 pg= 0.300 ids= 592 TEE= 0 R2x= 0.000 R2z= 0.878 R2x_loop= 0.000 R2z_loop= 1.000  dep_x=10.000 dep_z= 0.000
rank= 38 Lx=Ly=10 pg= 0.300 ids= 494 TEE= 0 R2x= 0.000 R2z= 0.656 R2x_loop= 0.000 R2z_loop= 1.000  dep_x=10.000 dep_z= 0.000
rank= 30 Lx=Ly=10 pg= 0.200 ids= 846 TEE= 0 R2x= 0.000 R2z= 0.767 R2x_loop= 0.000 R2z_loop= 1.000  dep_x=10.000 dep_z= 0.000
rank= 14 Lx=Ly=10 pg= 0.300 ids= 598 TEE= 0 R2x= 0.000 R2z= 0.844 R2x_loop= 0.000 R2z_loop= 1.000  dep_x=10.000 dep_z= 0.000
rank=101 Lx=Ly=10 pg= 0.300 ids= 429 TEE= 0 R2x= 0.000 R2z= 0.878 R2x_loop= 0.000 R2z_loop= 1.000  dep_x=10.000 dep_z= 0.000
rank= 83 Lx=Ly=10 pg= 0.300 ids= 283 TEE= 0 R2x= 0.000 R2z= 0.844 R2x_loop= 0.000 R2z_loop= 1.000  dep_x=10.000 dep_z= 0.000
rank= 88 Lx=Ly=10 pg= 0.300 ids= 288 TEE= 0 R2x= 0.000 R2z= 0.822 R2x_loop= 0.000 R2z_loop= 1.000  dep_x=10.000 dep_z= 0.000
rank= 81 Lx=Ly=10 pg= 0.200 ids= 769 TEE= 0 R2x= 0.000 R2z= 0.667 R2x_loop= 0.000 R2z_loop= 1.000  dep_x=10.000 dep_z= 0.000
rank= 92 Lx=Ly=10 pg= 0.300 ids= 676 TEE= 0 R2x= 0.000 R2z= 0.867 R2x_loop= 0.000 R2z_loop= 1.000  dep_x=10.000 dep_z= 0.000
rank= 37 Lx=Ly=10 pg= 0.300 ids= 749 TEE= 0 R2x= 0.000 R2z= 0.944 R2x_loop= 0.000 R2z_loop= 1.000  dep_x=10.000 dep_z= 0.000
rank= 20 Lx=Ly=10 pg= 0.300 ids= 604 TEE= 0 R2x= 0.000 R2z= 0.811 R2x_loop= 0.000 R2z_loop= 1.000  dep_x=10.000 dep_z= 0.000
rank=108 Lx=Ly=10 pg= 0.300 ids= 692 TEE= 0 R2x= 0.000 R2z= 0.933 R2x_loop= 0.000 R2z_loop= 1.000  dep_x=10.000 dep_z= 0.000
rank= 12 Lx=Ly=10 pg= 0.300 ids= 596 TEE= 0 R2x= 0.000 R2z= 0.822 R2x_loop= 0.000 R2z_loop= 1.000  dep_x=10.000 dep_z= 0.000
rank= 34 Lx=Ly=10 pg= 0.300 ids= 618 TEE= 0 R2x= 0.000 R2z= 0.733 R2x_loop= 0.000 R2z_loop= 1.000  dep_x=10.000 dep_z= 0.000
rank= 50 Lx=Ly=10 pg= 0.300 ids= 122 TEE= 0 R2x= 0.000 R2z= 0.700 R2x_loop= 0.000 R2z_loop= 1.000  dep_x=10.000 dep_z= 0.000
rank= 94 Lx=Ly=10 pg= 0.300 ids= 678 TEE= 0 R2x= 0.000 R2z= 0.833 R2x_loop= 0.000 R2z_loop= 1.000  dep_x=10.000 dep_z= 0.000
rank= 56 Lx=Ly=10 pg= 0.300 ids= 640 TEE= 0 R2x= 0.000 R2z= 0.878 R2x_loop= 0.000 R2z_loop= 1.000  dep_x=10.000 dep_z= 0.000
rank= 76 Lx=Ly=10 pg= 0.300 ids= 660 TEE= 0 R2x= 0.000 R2z= 0.756 R2x_loop= 0.000 R2z_loop= 1.000  dep_x=10.000 dep_z= 0.000
rank= 44 Lx=Ly=10 pg= 0.300 ids= 628 TEE= 0 R2x= 0.000 R2z= 0.889 R2x_loop= 0.000 R2z_loop= 1.000  dep_x=10.000 dep_z= 0.000
rank=109 Lx=Ly=10 pg= 0.300 ids= 821 TEE= 0 R2x= 0.000 R2z= 0.811 R2x_loop= 0.000 R2z_loop= 1.000  dep_x=10.000 dep_z= 0.000
rank= 77 Lx=Ly=10 pg= 0.300 ids= 405 TEE= 0 R2x= 0.000 R2z= 0.833 R2x_loop= 0.000 R2z_loop= 1.000  dep_x=10.000 dep_z= 0.000
rank= 62 Lx=Ly=10 pg= 0.300 ids= 646 TEE= 0 R2x= 0.000 R2z= 0.822 R2x_loop= 0.000 R2z_loop= 1.000  dep_x=10.000 dep_z= 0.000
rank= 42 Lx=Ly=10 pg= 0.300 ids= 626 TEE= 0 R2x= 0.000 R2z= 0.844 R2x_loop= 0.000 R2z_loop= 1.000  dep_x=10.000 dep_z= 0.000
rank= 86 Lx=Ly=10 pg= 0.300 ids= 542 TEE= 0 R2x= 0.000 R2z= 0.633 R2x_loop= 0.000 R2z_loop= 1.000  dep_x=10.000 dep_z= 0.000
rank= 61 Lx=Ly=10 pg= 0.300 ids= 773 TEE= 0 R2x= 0.000 R2z= 0.911 R2x_loop= 0.000 R2z_loop= 1.000  dep_x=10.000 dep_z= 0.000
rank= 80 Lx=Ly=10 pg= 0.300 ids= 664 TEE= 0 R2x= 0.000 R2z= 0.667 R2x_loop= 0.000 R2z_loop= 1.000  dep_x=10.000 dep_z= 0.000
rank= 69 Lx=Ly=10 pg= 0.300 ids= 781 TEE= 0 R2x= 0.000 R2z= 0.722 R2x_loop= 0.000 R2z_loop= 1.000  dep_x=10.000 dep_z= 0.000
rank= 93 Lx=Ly=10 pg= 0.300 ids= 805 TEE= 0 R2x= 0.000 R2z= 0.922 R2x_loop= 0.000 R2z_loop= 1.000  dep_x=10.000 dep_z= 0.000
rank= 70 Lx=Ly=10 pg= 0.300 ids= 654 TEE= 0 R2x= 0.000 R2z= 0.911 R2x_loop= 0.000 R2z_loop= 1.000  dep_x=10.000 dep_z= 0.000
rank=110 Lx=Ly=10 pg= 0.300 ids= 310 TEE= 0 R2x= 0.000 R2z= 0.844 R2x_loop= 0.000 R2z_loop= 1.000  dep_x=10.000 dep_z= 0.000
rank= 87 Lx=Ly=10 pg= 0.300 ids= 799 TEE= 0 R2x= 0.000 R2z= 0.900 R2x_loop= 0.000 R2z_loop= 1.000  dep_x=10.000 dep_z= 0.000
rank= 78 Lx=Ly=10 pg= 0.300 ids= 662 TEE= 0 R2x= 0.000 R2z= 0.767 R2x_loop= 0.000 R2z_loop= 1.000  dep_x=10.000 dep_z= 0.000
rank=  6 Lx=Ly=10 pg= 0.200 ids= 822 TEE= 0 R2x= 0.000 R2z= 0.878 R2x_loop= 0.000 R2z_loop= 1.000  dep_x=10.000 dep_z= 0.000
rank=  5 Lx=Ly=10 pg= 0.300 ids= 717 TEE= 0 R2x= 0.000 R2z= 0.789 R2x_loop= 0.000 R2z_loop= 1.000  dep_x=10.000 dep_z= 0.000
rank= 90 Lx=Ly=10 pg= 0.300 ids= 674 TEE= 0 R2x= 0.000 R2z= 0.878 R2x_loop= 0.000 R2z_loop= 1.000  dep_x=10.000 dep_z= 0.000
rank= 79 Lx=Ly=10 pg= 0.300 ids= 791 TEE= 0 R2x= 0.000 R2z= 0.578 R2x_loop= 0.000 R2z_loop= 1.000  dep_x=10.000 dep_z= 0.000
rank= 59 Lx=Ly=10 pg= 0.300 ids= 771 TEE= 0 R2x= 0.000 R2z= 0.711 R2x_loop= 0.000 R2z_loop= 1.000  dep_x=10.000 dep_z= 0.000
rank= 58 Lx=Ly=10 pg= 0.300 ids= 642 TEE= 0 R2x= 0.000 R2z= 0.856 R2x_loop= 0.000 R2z_loop= 1.000  dep_x=10.000 dep_z= 0.000
rank= 40 Lx=Ly=10 pg= 0.300 ids= 624 TEE= 0 R2x= 0.000 R2z= 0.900 R2x_loop= 0.000 R2z_loop= 1.000  dep_x=10.000 dep_z= 0.000
rank=105 Lx=Ly=10 pg= 0.300 ids= 817 TEE= 0 R2x= 0.000 R2z= 0.911 R2x_loop= 0.000 R2z_loop= 1.000  dep_x=10.000 dep_z= 0.000
rank= 91 Lx=Ly=10 pg= 0.300 ids= 803 TEE= 0 R2x= 0.000 R2z= 0.811 R2x_loop= 0.000 R2z_loop= 1.000  dep_x=10.000 dep_z= 0.000
rank= 39 Lx=Ly=10 pg= 0.300 ids= 751 TEE= 0 R2x= 0.000 R2z= 0.889 R2x_loop= 0.000 R2z_loop= 1.000  dep_x=10.000 dep_z= 0.000
rank= 67 Lx=Ly=10 pg= 0.300 ids= 779 TEE= 0 R2x= 0.000 R2z= 0.533 R2x_loop= 0.000 R2z_loop= 1.000  dep_x=10.000 dep_z= 0.000
rank= 85 Lx=Ly=10 pg= 0.300 ids= 797 TEE= 0 R2x= 0.000 R2z= 0.767 R2x_loop= 0.000 R2z_loop= 1.000  dep_x=10.000 dep_z= 0.000
rank=  1 Lx=Ly=10 pg= 0.300 ids= 713 TEE= 0 R2x= 0.000 R2z= 0.833 R2x_loop= 0.000 R2z_loop= 1.000  dep_x=10.000 dep_z= 0.000
rank= 60 Lx=Ly=10 pg= 0.300 ids= 644 TEE= 0 R2x= 0.000 R2z= 0.811 R2x_loop= 0.000 R2z_loop= 1.000  dep_x=10.000 dep_z= 0.000
rank= 89 Lx=Ly=10 pg= 0.300 ids= 801 TEE= 0 R2x= 0.000 R2z= 0.922 R2x_loop= 0.000 R2z_loop= 1.000  dep_x=10.000 dep_z= 0.000
rank= 74 Lx=Ly=10 pg= 0.300 ids= 658 TEE= 0 R2x= 0.000 R2z= 0.822 R2x_loop= 0.000 R2z_loop= 1.000  dep_x=10.000 dep_z= 0.000
rank=  3 Lx=Ly=10 pg= 0.300 ids= 715 TEE= 0 R2x= 0.000 R2z= 0.711 R2x_loop= 0.000 R2z_loop= 1.000  dep_x=10.000 dep_z= 0.000
rank= 71 Lx=Ly=10 pg= 0.300 ids= 783 TEE= 0 R2x= 0.000 R2z= 0.944 R2x_loop= 0.000 R2z_loop= 1.000  dep_x=10.000 dep_z= 0.000
rank=125 Lx=Ly=10 pg= 0.300 ids= 837 TEE= 0 R2x= 0.000 R2z= 0.833 R2x_loop= 0.000 R2z_loop= 1.000  dep_x=10.000 dep_z= 0.000
rank= 21 Lx=Ly=10 pg= 0.300 ids= 733 TEE= 0 R2x= 0.000 R2z= 0.900 R2x_loop= 0.000 R2z_loop= 1.000  dep_x=10.000 dep_z= 0.000
rank= 35 Lx=Ly=10 pg= 0.300 ids= 747 TEE= 0 R2x= 0.000 R2z= 0.767 R2x_loop= 0.000 R2z_loop= 1.000  dep_x=10.000 dep_z= 0.000
rank=106 Lx=Ly=10 pg= 0.300 ids= 690 TEE= 0 R2x= 0.000 R2z= 0.856 R2x_loop= 0.000 R2z_loop= 1.000  dep_x=10.000 dep_z= 0.000
rank= 75 Lx=Ly=10 pg= 0.300 ids= 787 TEE= 0 R2x= 0.000 R2z= 0.733 R2x_loop= 0.000 R2z_loop= 1.000  dep_x=10.000 dep_z= 0.000
rank=115 Lx=Ly=10 pg= 0.300 ids= 827 TEE= 0 R2x= 0.000 R2z= 0.733 R2x_loop= 0.000 R2z_loop= 1.000  dep_x=10.000 dep_z= 0.000
rank=104 Lx=Ly=10 pg= 0.300 ids= 688 TEE= 0 R2x= 0.000 R2z= 0.922 R2x_loop= 0.000 R2z_loop= 1.000  dep_x=10.000 dep_z= 0.000
rank= 98 Lx=Ly=10 pg= 0.300 ids= 426 TEE= 0 R2x= 0.000 R2z= 0.678 R2x_loop= 0.000 R2z_loop= 1.000  dep_x=10.000 dep_z= 0.000
rank= 33 Lx=Ly=10 pg= 0.300 ids= 745 TEE= 0 R2x= 0.000 R2z= 0.756 R2x_loop= 0.000 R2z_loop= 1.000  dep_x=10.000 dep_z= 0.000
rank= 22 Lx=Ly=10 pg= 0.300 ids=  94 TEE= 0 R2x= 0.000 R2z= 0.689 R2x_loop= 0.000 R2z_loop= 1.000  dep_x=10.000 dep_z= 0.000
rank=  0 Lx=Ly=10 pg= 0.300 ids= 584 TEE= 0 R2x= 0.000 R2z= 0.589 R2x_loop= 0.000 R2z_loop= 1.000  dep_x=10.000 dep_z= 0.000
rank= 25 Lx=Ly=10 pg= 0.300 ids= 737 TEE= 0 R2x= 0.000 R2z= 0.833 R2x_loop= 0.000 R2z_loop= 1.000  dep_x=10.000 dep_z= 0.000
rank= 66 Lx=Ly=10 pg= 0.300 ids= 650 TEE= 0 R2x= 0.000 R2z= 0.911 R2x_loop= 0.000 R2z_loop= 1.000  dep_x=10.000 dep_z= 0.000
rank= 46 Lx=Ly=10 pg= 0.300 ids= 630 TEE= 0 R2x= 0.000 R2z= 0.756 R2x_loop= 0.000 R2z_loop= 1.000  dep_x=10.000 dep_z= 0.000
rank= 23 Lx=Ly=10 pg= 0.300 ids= 735 TEE= 0 R2x= 0.000 R2z= 0.533 R2x_loop= 0.000 R2z_loop= 1.000  dep_x=10.000 dep_z= 0.000
rank= 36 Lx=Ly=10 pg= 0.300 ids= 364 TEE= 0 R2x= 0.000 R2z= 0.800 R2x_loop= 0.000 R2z_loop= 1.000  dep_x=10.000 dep_z= 0.000
rank= 49 Lx=Ly=10 pg= 0.300 ids= 761 TEE= 0 R2x= 0.000 R2z= 0.700 R2x_loop= 0.000 R2z_loop= 1.000  dep_x=10.000 dep_z= 0.000
rank= 17 Lx=Ly=10 pg= 0.300 ids= 729 TEE= 0 R2x= 0.000 R2z= 0.733 R2x_loop= 0.000 R2z_loop= 1.000  dep_x=10.000 dep_z= 0.000
rank= 73 Lx=Ly=10 pg= 0.300 ids= 785 TEE= 0 R2x= 0.000 R2z= 0.700 R2x_loop= 0.000 R2z_loop= 1.000  dep_x=10.000 dep_z= 0.000
rank=113 Lx=Ly=10 pg= 0.300 ids= 825 TEE= 0 R2x= 0.000 R2z= 0.811 R2x_loop= 0.000 R2z_loop= 1.000  dep_x=10.000 dep_z= 0.000
rank= 19 Lx=Ly=10 pg= 0.300 ids= 731 TEE= 0 R2x= 0.000 R2z= 0.867 R2x_loop= 0.000 R2z_loop= 1.000  dep_x=10.000 dep_z= 0.000
rank=102 Lx=Ly=10 pg= 0.300 ids= 686 TEE= 0 R2x= 0.000 R2z= 0.844 R2x_loop= 0.000 R2z_loop= 1.000  dep_x=10.000 dep_z= 0.000
rank= 99 Lx=Ly=10 pg= 0.300 ids= 683 TEE= 0 R2x= 0.000 R2z= 0.778 R2x_loop= 0.000 R2z_loop= 1.000  dep_x=10.000 dep_z= 0.000
rank=119 Lx=Ly=10 pg= 0.300 ids= 831 TEE= 0 R2x= 0.000 R2z= 0.689 R2x_loop= 0.000 R2z_loop= 1.000  dep_x=10.000 dep_z= 0.000
rank=117 Lx=Ly=10 pg= 0.300 ids= 829 TEE= 0 R2x= 0.000 R2z= 0.756 R2x_loop= 0.000 R2z_loop= 1.000  dep_x=10.000 dep_z= 0.000
rank= 41 Lx=Ly=10 pg= 0.300 ids= 753 TEE= 0 R2x= 0.000 R2z= 0.889 R2x_loop= 0.000 R2z_loop= 1.000  dep_x=10.000 dep_z= 0.000
rank= 55 Lx=Ly=10 pg= 0.300 ids= 767 TEE= 0 R2x= 0.000 R2z= 0.711 R2x_loop= 0.000 R2z_loop= 1.000  dep_x=10.000 dep_z= 0.000
rank= 51 Lx=Ly=10 pg= 0.300 ids= 763 TEE= 0 R2x= 0.000 R2z= 0.822 R2x_loop= 0.000 R2z_loop= 1.000  dep_x=10.000 dep_z= 0.000
rank= 24 Lx=Ly=10 pg= 0.300 ids= 608 TEE= 0 R2x= 0.000 R2z= 0.922 R2x_loop= 0.000 R2z_loop= 1.000  dep_x=10.000 dep_z= 0.000
rank= 13 Lx=Ly=10 pg= 0.300 ids= 725 TEE= 1 R2x= 0.000 R2z= 0.867 R2x_loop= 0.000 R2z_loop= 1.000  dep_x=10.000 dep_z= 0.000
rank= 43 Lx=Ly=10 pg= 0.300 ids= 627 TEE= 0 R2x= 0.000 R2z= 0.811 R2x_loop= 0.000 R2z_loop= 1.000  dep_x=10.000 dep_z= 0.000
rank= 15 Lx=Ly=10 pg= 0.300 ids= 727 TEE= 0 R2x= 0.000 R2z= 0.889 R2x_loop= 0.000 R2z_loop= 1.000  dep_x=10.000 dep_z= 0.000
rank= 84 Lx=Ly=10 pg= 0.300 ids= 668 TEE= 0 R2x= 0.000 R2z= 0.789 R2x_loop= 0.000 R2z_loop= 1.000  dep_x=10.000 dep_z= 0.000
rank=100 Lx=Ly=10 pg= 0.300 ids= 684 TEE= 0 R2x= 0.000 R2z= 0.856 R2x_loop= 0.000 R2z_loop= 1.000  dep_x=10.000 dep_z= 0.000
rank=112 Lx=Ly=10 pg= 0.300 ids= 696 TEE= 0 R2x= 0.000 R2z= 0.889 R2x_loop= 0.000 R2z_loop= 1.000  dep_x=10.000 dep_z= 0.000
rank=114 Lx=Ly=10 pg= 0.300 ids= 570 TEE= 0 R2x= 0.000 R2z= 0.500 R2x_loop= 0.000 R2z_loop= 1.000  dep_x=10.000 dep_z= 0.000
rank= 47 Lx=Ly=10 pg= 0.300 ids= 631 TEE= 0 R2x= 0.000 R2z= 0.722 R2x_loop= 0.000 R2z_loop= 1.000  dep_x=10.000 dep_z= 0.000
rank= 27 Lx=Ly=10 pg= 0.300 ids= 739 TEE= 0 R2x= 0.000 R2z= 0.878 R2x_loop= 0.000 R2z_loop= 1.000  dep_x=10.000 dep_z= 0.000
rank=  9 Lx=Ly=10 pg= 0.300 ids= 721 TEE= 0 R2x= 0.000 R2z= 0.778 R2x_loop= 0.000 R2z_loop= 1.000  dep_x=10.000 dep_z= 0.000
rank= 64 Lx=Ly=10 pg= 0.300 ids= 392 TEE= 0 R2x= 0.000 R2z= 0.967 R2x_loop= 0.000 R2z_loop= 1.000  dep_x=10.000 dep_z= 0.000
rank=120 Lx=Ly=10 pg= 0.300 ids= 704 TEE= 0 R2x= 0.000 R2z= 0.767 R2x_loop= 0.000 R2z_loop= 1.000  dep_x=10.000 dep_z= 0.000
rank=122 Lx=Ly=10 pg= 0.300 ids= 706 TEE= 0 R2x= 0.000 R2z= 0.911 R2x_loop= 0.000 R2z_loop= 1.000  dep_x=10.000 dep_z= 0.000
rank=126 Lx=Ly=10 pg= 0.300 ids= 710 TEE= 0 R2x= 0.000 R2z= 0.544 R2x_loop= 0.000 R2z_loop= 1.000  dep_x=10.000 dep_z= 0.000
rank= 96 Lx=Ly=10 pg= 0.300 ids= 680 TEE= 0 R2x= 0.000 R2z= 0.611 R2x_loop= 0.000 R2z_loop= 1.000  dep_x=10.000 dep_z= 0.000
rank=124 Lx=Ly=10 pg= 0.300 ids= 708 TEE= 0 R2x= 0.000 R2z= 0.867 R2x_loop= 0.000 R2z_loop= 1.000  dep_x=10.000 dep_z= 0.000
rank=118 Lx=Ly=10 pg= 0.300 ids= 702 TEE= 0 R2x= 0.000 R2z= 0.744 R2x_loop= 0.000 R2z_loop= 1.000  dep_x=10.000 dep_z= 0.000
rank=116 Lx=Ly=10 pg= 0.300 ids= 700 TEE= 0 R2x= 0.000 R2z= 0.578 R2x_loop= 0.000 R2z_loop= 1.000  dep_x=10.000 dep_z= 0.000
rank=  7 Lx=Ly=10 pg= 0.200 ids= 951 TEE= 0 R2x= 0.000 R2z= 0.967 R2x_loop= 0.000 R2z_loop= 1.000  dep_x=10.000 dep_z= 0.000
rank=127 Lx=Ly=10 pg= 0.300 ids= 839 TEE= 0 R2x= 0.000 R2z= 0.667 R2x_loop= 0.000 R2z_loop= 1.000  dep_x=10.000 dep_z= 0.000
rank= 72 Lx=Ly=10 pg= 0.300 ids= 656 TEE= 0 R2x= 0.000 R2z= 0.656 R2x_loop= 0.000 R2z_loop= 1.000  dep_x=10.000 dep_z= 0.000
rank= 68 Lx=Ly=10 pg= 0.300 ids= 524 TEE= 0 R2x= 0.000 R2z= 0.844 R2x_loop= 0.000 R2z_loop= 1.000  dep_x=10.000 dep_z= 0.000
slurmstepd: error: *** JOB 2631396 ON c15u08n2 CANCELLED AT 2025-08-06T16:15:46 ***
srun: Job step aborted: Waiting up to 42 seconds for job step to finish.
