rank= 5 Lx=Ly=12 pg= 0.500 ids=   5 TEE=0
rank= 1 Lx=Ly=12 pg= 0.500 ids=   1 TEE=0
rank= 4 Lx=Ly=12 pg= 0.500 ids=   4 TEE=0
rank=14 Lx=Ly=12 pg= 0.500 ids=  14 TEE=0
rank=17 Lx=Ly=12 pg= 0.500 ids=  17 TEE=0
rank= 3 Lx=Ly=12 pg= 0.500 ids=   3 TEE=0
rank=11 Lx=Ly=12 pg= 0.500 ids=  11 TEE=0
rank= 8 Lx=Ly=12 pg= 0.500 ids=   8 TEE=0
rank=16 Lx=Ly=12 pg= 0.500 ids=  16 TEE=0
rank=19 Lx=Ly=12 pg= 0.500 ids=  19 TEE=0
rank=18 Lx=Ly=12 pg= 0.500 ids=  18 TEE=0
rank= 7 Lx=Ly=12 pg= 0.500 ids=   7 TEE=0
rank= 4 Lx=Ly=12 pg= 0.500 ids=  24 TEE=0
rank= 1 Lx=Ly=12 pg= 0.500 ids=  21 TEE=0
rank=17 Lx=Ly=12 pg= 0.500 ids=  37 TEE=0
rank= 3 Lx=Ly=12 pg= 0.500 ids=  23 TEE=0
rank= 5 Lx=Ly=12 pg= 0.500 ids=  25 TEE=0
rank=14 Lx=Ly=12 pg= 0.500 ids=  34 TEE=0
rank=15 Lx=Ly=12 pg= 0.500 ids=  15 TEE=0
rank=11 Lx=Ly=12 pg= 0.500 ids=  31 TEE=0
rank=18 Lx=Ly=12 pg= 0.500 ids=  38 TEE=0
rank= 6 Lx=Ly=12 pg= 0.500 ids=   6 TEE=0
rank=16 Lx=Ly=12 pg= 0.500 ids=  36 TEE=0
rank=13 Lx=Ly=12 pg= 0.500 ids=  13 TEE=0
rank= 0 Lx=Ly=12 pg= 0.500 ids=   0 TEE=0
rank= 7 Lx=Ly=12 pg= 0.500 ids=  27 TEE=0
rank=19 Lx=Ly=12 pg= 0.500 ids=  39 TEE=0
rank=12 Lx=Ly=12 pg= 0.500 ids=  12 TEE=0
rank= 8 Lx=Ly=12 pg= 0.500 ids=  28 TEE=0
rank= 2 Lx=Ly=12 pg= 0.500 ids=   2 TEE=0
rank=10 Lx=Ly=12 pg= 0.500 ids=  10 TEE=0
rank= 9 Lx=Ly=12 pg= 0.500 ids=   9 TEE=0
rank= 4 Lx=Ly=12 pg= 0.500 ids=  44 TEE=0
rank= 1 Lx=Ly=12 pg= 0.500 ids=  41 TEE=0
rank=17 Lx=Ly=12 pg= 0.500 ids=  57 TEE=0
rank= 3 Lx=Ly=12 pg= 0.500 ids=  43 TEE=0
rank= 5 Lx=Ly=12 pg= 0.500 ids=  45 TEE=0
rank=14 Lx=Ly=12 pg= 0.500 ids=  54 TEE=0
rank=11 Lx=Ly=12 pg= 0.500 ids=  51 TEE=0
rank=18 Lx=Ly=12 pg= 0.500 ids=  58 TEE=0
rank=16 Lx=Ly=12 pg= 0.500 ids=  56 TEE=0
rank= 7 Lx=Ly=12 pg= 0.500 ids=  47 TEE=0
rank=19 Lx=Ly=12 pg= 0.500 ids=  59 TEE=0
rank= 8 Lx=Ly=12 pg= 0.500 ids=  48 TEE=0
rank= 1 Lx=Ly=12 pg= 0.500 ids=  61 TEE=0
rank= 4 Lx=Ly=12 pg= 0.500 ids=  64 TEE=0
rank=17 Lx=Ly=12 pg= 0.500 ids=  77 TEE=0
rank= 3 Lx=Ly=12 pg= 0.500 ids=  63 TEE=0
rank= 5 Lx=Ly=12 pg= 0.500 ids=  65 TEE=0
rank=10 Lx=Ly=12 pg= 0.500 ids=  30 TEE=0
rank=14 Lx=Ly=12 pg= 0.500 ids=  74 TEE=0
rank=18 Lx=Ly=12 pg= 0.500 ids=  78 TEE=0
rank=16 Lx=Ly=12 pg= 0.500 ids=  76 TEE=0
rank=11 Lx=Ly=12 pg= 0.500 ids=  71 TEE=0
rank= 6 Lx=Ly=12 pg= 0.500 ids=  26 TEE=0
rank= 7 Lx=Ly=12 pg= 0.500 ids=  67 TEE=0
rank= 8 Lx=Ly=12 pg= 0.500 ids=  68 TEE=0
rank=15 Lx=Ly=12 pg= 0.500 ids=  35 TEE=0
rank=13 Lx=Ly=12 pg= 0.500 ids=  33 TEE=0
rank= 0 Lx=Ly=12 pg= 0.500 ids=  20 TEE=0
rank=12 Lx=Ly=12 pg= 0.500 ids=  32 TEE=0
rank= 5 Lx=Ly=12 pg= 0.500 ids=  85 TEE=0
rank=10 Lx=Ly=12 pg= 0.500 ids=  50 TEE=0
rank= 2 Lx=Ly=12 pg= 0.500 ids=  22 TEE=0
rank=17 Lx=Ly=12 pg= 0.500 ids=  97 TEE=0
rank= 4 Lx=Ly=12 pg= 0.500 ids=  84 TEE=0
rank= 9 Lx=Ly=12 pg= 0.500 ids=  29 TEE=0
rank= 1 Lx=Ly=12 pg= 0.500 ids=  81 TEE=0
rank=14 Lx=Ly=12 pg= 0.500 ids=  94 TEE=0
rank=11 Lx=Ly=12 pg= 0.500 ids=  91 TEE=0
rank=18 Lx=Ly=12 pg= 0.500 ids=  98 TEE=0
rank=16 Lx=Ly=12 pg= 0.500 ids=  96 TEE=0
rank= 7 Lx=Ly=12 pg= 0.500 ids=  87 TEE=0
rank= 8 Lx=Ly=12 pg= 0.500 ids=  88 TEE=0
rank= 3 Lx=Ly=12 pg= 0.500 ids=  83 TEE=0
rank=13 Lx=Ly=12 pg= 0.500 ids=  53 TEE=0
rank= 6 Lx=Ly=12 pg= 0.500 ids=  46 TEE=0
rank=19 Lx=Ly=12 pg= 0.500 ids=  79 TEE=0
rank= 5 Lx=Ly=12 pg= 0.500 ids= 105 TEE=0
rank=10 Lx=Ly=12 pg= 0.500 ids=  70 TEE=0
rank= 0 Lx=Ly=12 pg= 0.500 ids=  40 TEE=0
rank=17 Lx=Ly=12 pg= 0.500 ids= 117 TEE=0
rank= 1 Lx=Ly=12 pg= 0.500 ids= 101 TEE=0
rank=14 Lx=Ly=12 pg= 0.500 ids= 114 TEE=0
rank=15 Lx=Ly=12 pg= 0.500 ids=  55 TEE=0
rank= 9 Lx=Ly=12 pg= 0.500 ids=  49 TEE=0
rank= 7 Lx=Ly=12 pg= 0.500 ids= 107 TEE=0
rank= 4 Lx=Ly=12 pg= 0.500 ids= 104 TEE=0
rank=16 Lx=Ly=12 pg= 0.500 ids= 116 TEE=0
rank=12 Lx=Ly=12 pg= 0.500 ids=  52 TEE=0
rank= 8 Lx=Ly=12 pg= 0.500 ids= 108 TEE=0
rank=11 Lx=Ly=12 pg= 0.500 ids= 111 TEE=0
rank= 5 Lx=Ly=12 pg= 0.500 ids= 125 TEE=0
rank=17 Lx=Ly=12 pg= 0.500 ids= 137 TEE=0
rank= 0 Lx=Ly=12 pg= 0.500 ids=  60 TEE=0
rank= 2 Lx=Ly=12 pg= 0.500 ids=  42 TEE=0
rank= 1 Lx=Ly=12 pg= 0.500 ids= 121 TEE=0
rank=13 Lx=Ly=12 pg= 0.500 ids=  73 TEE=0
rank=14 Lx=Ly=12 pg= 0.500 ids= 134 TEE=0
rank=10 Lx=Ly=12 pg= 0.500 ids=  90 TEE=0
rank= 9 Lx=Ly=12 pg= 0.500 ids=  69 TEE=0
rank=18 Lx=Ly=12 pg= 0.500 ids= 118 TEE=0
rank= 7 Lx=Ly=12 pg= 0.500 ids= 127 TEE=0
rank=16 Lx=Ly=12 pg= 0.500 ids= 136 TEE=0
rank= 3 Lx=Ly=12 pg= 0.500 ids= 103 TEE=0
rank= 8 Lx=Ly=12 pg= 0.500 ids= 128 TEE=0
rank=11 Lx=Ly=12 pg= 0.500 ids= 131 TEE=0
rank= 5 Lx=Ly=12 pg= 0.500 ids= 145 TEE=0
rank=17 Lx=Ly=12 pg= 0.500 ids= 157 TEE=0
rank= 0 Lx=Ly=12 pg= 0.500 ids=  80 TEE=0
rank= 4 Lx=Ly=12 pg= 0.500 ids= 124 TEE=0
rank= 1 Lx=Ly=12 pg= 0.500 ids= 141 TEE=0
rank=19 Lx=Ly=12 pg= 0.500 ids=  99 TEE=0
rank=13 Lx=Ly=12 pg= 0.500 ids=  93 TEE=0
rank=14 Lx=Ly=12 pg= 0.500 ids= 154 TEE=0
rank= 6 Lx=Ly=12 pg= 0.500 ids=  66 TEE=0
rank=10 Lx=Ly=12 pg= 0.500 ids= 110 TEE=0
rank=12 Lx=Ly=12 pg= 0.500 ids=  72 TEE=0
rank=15 Lx=Ly=12 pg= 0.500 ids=  75 TEE=0
rank= 9 Lx=Ly=12 pg= 0.500 ids=  89 TEE=0
rank= 8 Lx=Ly=12 pg= 0.500 ids= 148 TEE=0
rank=16 Lx=Ly=12 pg= 0.500 ids= 156 TEE=0
rank= 7 Lx=Ly=12 pg= 0.500 ids= 147 TEE=0
rank=11 Lx=Ly=12 pg= 0.500 ids= 151 TEE=0
rank= 5 Lx=Ly=12 pg= 0.500 ids= 165 TEE=0
rank=17 Lx=Ly=12 pg= 0.500 ids= 177 TEE=0
rank= 0 Lx=Ly=12 pg= 0.500 ids= 100 TEE=0
rank= 1 Lx=Ly=12 pg= 0.500 ids= 161 TEE=0
rank=14 Lx=Ly=12 pg= 0.500 ids= 174 TEE=0
rank=13 Lx=Ly=12 pg= 0.500 ids= 113 TEE=0
rank= 2 Lx=Ly=12 pg= 0.500 ids=  62 TEE=0
rank=10 Lx=Ly=12 pg= 0.500 ids= 130 TEE=0
rank= 9 Lx=Ly=12 pg= 0.500 ids= 109 TEE=0
rank=18 Lx=Ly=12 pg= 0.500 ids= 138 TEE=0
rank= 8 Lx=Ly=12 pg= 0.500 ids= 168 TEE=0
rank=16 Lx=Ly=12 pg= 0.500 ids= 176 TEE=0
rank= 7 Lx=Ly=12 pg= 0.500 ids= 167 TEE=0
rank= 3 Lx=Ly=12 pg= 0.500 ids= 123 TEE=0
rank=11 Lx=Ly=12 pg= 0.500 ids= 171 TEE=0
rank= 5 Lx=Ly=12 pg= 0.500 ids= 185 TEE=0
rank= 0 Lx=Ly=12 pg= 0.500 ids= 120 TEE=0
rank=17 Lx=Ly=12 pg= 0.500 ids= 197 TEE=0
rank= 1 Lx=Ly=12 pg= 0.500 ids= 181 TEE=0
rank=14 Lx=Ly=12 pg= 0.500 ids= 194 TEE=0
rank=15 Lx=Ly=12 pg= 0.500 ids=  95 TEE=0
rank=13 Lx=Ly=12 pg= 0.500 ids= 133 TEE=0
rank= 4 Lx=Ly=12 pg= 0.500 ids= 144 TEE=0
rank= 6 Lx=Ly=12 pg= 0.500 ids=  86 TEE=0
rank=19 Lx=Ly=12 pg= 0.500 ids= 119 TEE=0
rank=10 Lx=Ly=12 pg= 0.500 ids= 150 TEE=0
rank= 9 Lx=Ly=12 pg= 0.500 ids= 129 TEE=0
rank=16 Lx=Ly=12 pg= 0.500 ids= 196 TEE=0
rank= 7 Lx=Ly=12 pg= 0.500 ids= 187 TEE=0
rank=12 Lx=Ly=12 pg= 0.500 ids=  92 TEE=0
rank= 8 Lx=Ly=12 pg= 0.500 ids= 188 TEE=0
rank=11 Lx=Ly=12 pg= 0.500 ids= 191 TEE=0
rank= 5 Lx=Ly=12 pg= 0.500 ids= 205 TEE=0
rank= 0 Lx=Ly=12 pg= 0.500 ids= 140 TEE=0
rank= 1 Lx=Ly=12 pg= 0.500 ids= 201 TEE=0
rank=14 Lx=Ly=12 pg= 0.500 ids= 214 TEE=0
rank=13 Lx=Ly=12 pg= 0.500 ids= 153 TEE=0
rank=17 Lx=Ly=12 pg= 0.500 ids= 217 TEE=0
rank=10 Lx=Ly=12 pg= 0.500 ids= 170 TEE=0
rank= 2 Lx=Ly=12 pg= 0.500 ids=  82 TEE=0
rank= 9 Lx=Ly=12 pg= 0.500 ids= 149 TEE=0
rank=18 Lx=Ly=12 pg= 0.500 ids= 158 TEE=0
rank=16 Lx=Ly=12 pg= 0.500 ids= 216 TEE=0
rank= 7 Lx=Ly=12 pg= 0.500 ids= 207 TEE=0
rank= 8 Lx=Ly=12 pg= 0.500 ids= 208 TEE=0
rank=11 Lx=Ly=12 pg= 0.500 ids= 211 TEE=0
rank= 0 Lx=Ly=12 pg= 0.500 ids= 160 TEE=0
rank= 5 Lx=Ly=12 pg= 0.500 ids= 225 TEE=0
rank= 1 Lx=Ly=12 pg= 0.500 ids= 221 TEE=0
rank=14 Lx=Ly=12 pg= 0.500 ids= 234 TEE=0
rank=17 Lx=Ly=12 pg= 0.500 ids= 237 TEE=0
rank=13 Lx=Ly=12 pg= 0.500 ids= 173 TEE=0
rank=15 Lx=Ly=12 pg= 0.500 ids= 115 TEE=0
rank= 3 Lx=Ly=12 pg= 0.500 ids= 143 TEE=0
rank=10 Lx=Ly=12 pg= 0.500 ids= 190 TEE=0
rank= 6 Lx=Ly=12 pg= 0.500 ids= 106 TEE=0
rank= 4 Lx=Ly=12 pg= 0.500 ids= 164 TEE=0
rank=19 Lx=Ly=12 pg= 0.500 ids= 139 TEE=0
rank=16 Lx=Ly=12 pg= 0.500 ids= 236 TEE=0
rank=12 Lx=Ly=12 pg= 0.500 ids= 112 TEE=0
rank= 9 Lx=Ly=12 pg= 0.500 ids= 169 TEE=0
rank= 7 Lx=Ly=12 pg= 0.500 ids= 227 TEE=0
rank= 8 Lx=Ly=12 pg= 0.500 ids= 228 TEE=0
rank=11 Lx=Ly=12 pg= 0.500 ids= 231 TEE=0
rank= 5 Lx=Ly=12 pg= 0.500 ids= 245 TEE=0
rank= 1 Lx=Ly=12 pg= 0.500 ids= 241 TEE=0
rank=14 Lx=Ly=12 pg= 0.500 ids= 254 TEE=0
rank= 0 Lx=Ly=12 pg= 0.500 ids= 180 TEE=0
rank=17 Lx=Ly=12 pg= 0.500 ids= 257 TEE=0
rank= 2 Lx=Ly=12 pg= 0.500 ids= 102 TEE=0
rank=13 Lx=Ly=12 pg= 0.500 ids= 193 TEE=0
rank=10 Lx=Ly=12 pg= 0.500 ids= 210 TEE=0
rank=18 Lx=Ly=12 pg= 0.500 ids= 178 TEE=0
rank= 7 Lx=Ly=12 pg= 0.500 ids= 247 TEE=0
rank= 9 Lx=Ly=12 pg= 0.500 ids= 189 TEE=0
rank=16 Lx=Ly=12 pg= 0.500 ids= 256 TEE=0
rank=11 Lx=Ly=12 pg= 0.500 ids= 251 TEE=0
rank= 8 Lx=Ly=12 pg= 0.500 ids= 248 TEE=0
rank= 5 Lx=Ly=12 pg= 0.500 ids= 265 TEE=0
rank= 1 Lx=Ly=12 pg= 0.500 ids= 261 TEE=0
rank=14 Lx=Ly=12 pg= 0.500 ids= 274 TEE=0
rank= 0 Lx=Ly=12 pg= 0.500 ids= 200 TEE=0
rank=17 Lx=Ly=12 pg= 0.500 ids= 277 TEE=0
rank=13 Lx=Ly=12 pg= 0.500 ids= 213 TEE=0
rank= 3 Lx=Ly=12 pg= 0.500 ids= 163 TEE=0
rank=10 Lx=Ly=12 pg= 0.500 ids= 230 TEE=0
rank= 4 Lx=Ly=12 pg= 0.500 ids= 184 TEE=0
rank=15 Lx=Ly=12 pg= 0.500 ids= 135 TEE=0
rank=19 Lx=Ly=12 pg= 0.500 ids= 159 TEE=0
rank= 6 Lx=Ly=12 pg= 0.500 ids= 126 TEE=0
rank= 9 Lx=Ly=12 pg= 0.500 ids= 209 TEE=0
rank=12 Lx=Ly=12 pg= 0.500 ids= 132 TEE=0
rank= 7 Lx=Ly=12 pg= 0.500 ids= 267 TEE=0
rank= 8 Lx=Ly=12 pg= 0.500 ids= 268 TEE=0
rank= 1 Lx=Ly=12 pg= 0.500 ids= 281 TEE=0
rank= 5 Lx=Ly=12 pg= 0.500 ids= 285 TEE=0
rank=14 Lx=Ly=12 pg= 0.500 ids= 294 TEE=0
rank=16 Lx=Ly=12 pg= 0.500 ids= 276 TEE=0
rank=17 Lx=Ly=12 pg= 0.500 ids= 297 TEE=0
rank= 0 Lx=Ly=12 pg= 0.500 ids= 220 TEE=0
rank= 2 Lx=Ly=12 pg= 0.500 ids= 122 TEE=0
rank=11 Lx=Ly=12 pg= 0.500 ids= 271 TEE=0
rank=13 Lx=Ly=12 pg= 0.500 ids= 233 TEE=0
rank=10 Lx=Ly=12 pg= 0.500 ids= 250 TEE=0
rank=18 Lx=Ly=12 pg= 0.500 ids= 198 TEE=0
rank= 9 Lx=Ly=12 pg= 0.500 ids= 229 TEE=0
rank= 7 Lx=Ly=12 pg= 0.500 ids= 287 TEE=0
rank= 8 Lx=Ly=12 pg= 0.500 ids= 288 TEE=0
rank= 1 Lx=Ly=12 pg= 0.500 ids= 301 TEE=0
rank=16 Lx=Ly=12 pg= 0.500 ids= 296 TEE=0
rank= 5 Lx=Ly=12 pg= 0.500 ids= 305 TEE=0
rank=17 Lx=Ly=12 pg= 0.500 ids= 317 TEE=0
rank=14 Lx=Ly=12 pg= 0.500 ids= 314 TEE=0
rank= 0 Lx=Ly=12 pg= 0.500 ids= 240 TEE=0
rank= 3 Lx=Ly=12 pg= 0.500 ids= 183 TEE=0
rank=13 Lx=Ly=12 pg= 0.500 ids= 253 TEE=0
rank=11 Lx=Ly=12 pg= 0.500 ids= 291 TEE=0
rank= 4 Lx=Ly=12 pg= 0.500 ids= 204 TEE=0
rank=10 Lx=Ly=12 pg= 0.500 ids= 270 TEE=0
rank=15 Lx=Ly=12 pg= 0.500 ids= 155 TEE=0
rank=19 Lx=Ly=12 pg= 0.500 ids= 179 TEE=0
rank= 6 Lx=Ly=12 pg= 0.500 ids= 146 TEE=0
rank=12 Lx=Ly=12 pg= 0.500 ids= 152 TEE=0
rank= 9 Lx=Ly=12 pg= 0.500 ids= 249 TEE=0
rank= 1 Lx=Ly=12 pg= 0.500 ids= 321 TEE=0
rank= 8 Lx=Ly=12 pg= 0.500 ids= 308 TEE=0
rank= 5 Lx=Ly=12 pg= 0.500 ids= 325 TEE=0
rank=14 Lx=Ly=12 pg= 0.500 ids= 334 TEE=0
rank=16 Lx=Ly=12 pg= 0.500 ids= 316 TEE=0
rank= 0 Lx=Ly=12 pg= 0.500 ids= 260 TEE=0
rank= 7 Lx=Ly=12 pg= 0.500 ids= 307 TEE=0
rank=17 Lx=Ly=12 pg= 0.500 ids= 337 TEE=0
rank= 2 Lx=Ly=12 pg= 0.500 ids= 142 TEE=0
rank=13 Lx=Ly=12 pg= 0.500 ids= 273 TEE=0
rank=10 Lx=Ly=12 pg= 0.500 ids= 290 TEE=0
rank=11 Lx=Ly=12 pg= 0.500 ids= 311 TEE=0
rank=18 Lx=Ly=12 pg= 0.500 ids= 218 TEE=0
rank= 9 Lx=Ly=12 pg= 0.500 ids= 269 TEE=0
rank= 1 Lx=Ly=12 pg= 0.500 ids= 341 TEE=0
rank= 4 Lx=Ly=12 pg= 0.500 ids= 224 TEE=0
rank= 5 Lx=Ly=12 pg= 0.500 ids= 345 TEE=0
rank=16 Lx=Ly=12 pg= 0.500 ids= 336 TEE=0
rank=14 Lx=Ly=12 pg= 0.500 ids= 354 TEE=0
rank= 0 Lx=Ly=12 pg= 0.500 ids= 280 TEE=0
rank=17 Lx=Ly=12 pg= 0.500 ids= 357 TEE=0
rank= 8 Lx=Ly=12 pg= 0.500 ids= 328 TEE=0
rank= 7 Lx=Ly=12 pg= 0.500 ids= 327 TEE=0
rank=10 Lx=Ly=12 pg= 0.500 ids= 310 TEE=0
rank=15 Lx=Ly=12 pg= 0.500 ids= 175 TEE=0
rank=19 Lx=Ly=12 pg= 0.500 ids= 199 TEE=0
rank=13 Lx=Ly=12 pg= 0.500 ids= 293 TEE=0
rank=11 Lx=Ly=12 pg= 0.500 ids= 331 TEE=0
rank= 3 Lx=Ly=12 pg= 0.500 ids= 203 TEE=0
rank=12 Lx=Ly=12 pg= 0.500 ids= 172 TEE=0
rank= 6 Lx=Ly=12 pg= 0.500 ids= 166 TEE=0
rank= 9 Lx=Ly=12 pg= 0.500 ids= 289 TEE=0
rank= 5 Lx=Ly=12 pg= 0.500 ids= 365 TEE=0
rank= 1 Lx=Ly=12 pg= 0.500 ids= 361 TEE=0
rank=16 Lx=Ly=12 pg= 0.500 ids= 356 TEE=0
rank=14 Lx=Ly=12 pg= 0.500 ids= 374 TEE=0
rank= 0 Lx=Ly=12 pg= 0.500 ids= 300 TEE=0
rank=17 Lx=Ly=12 pg= 0.500 ids= 377 TEE=0
rank= 8 Lx=Ly=12 pg= 0.500 ids= 348 TEE=0
rank= 7 Lx=Ly=12 pg= 0.500 ids= 347 TEE=0
rank=10 Lx=Ly=12 pg= 0.500 ids= 330 TEE=0
rank=13 Lx=Ly=12 pg= 0.500 ids= 313 TEE=0
rank= 2 Lx=Ly=12 pg= 0.500 ids= 162 TEE=0
rank=18 Lx=Ly=12 pg= 0.500 ids= 238 TEE=0
rank=11 Lx=Ly=12 pg= 0.500 ids= 351 TEE=0
rank= 4 Lx=Ly=12 pg= 0.500 ids= 244 TEE=0
rank= 9 Lx=Ly=12 pg= 0.500 ids= 309 TEE=0
rank= 5 Lx=Ly=12 pg= 0.500 ids= 385 TEE=0
rank= 1 Lx=Ly=12 pg= 0.500 ids= 381 TEE=0
rank=14 Lx=Ly=12 pg= 0.500 ids= 394 TEE=0
rank= 0 Lx=Ly=12 pg= 0.500 ids= 320 TEE=0
rank=17 Lx=Ly=12 pg= 0.500 ids= 397 TEE=0
rank=15 Lx=Ly=12 pg= 0.500 ids= 195 TEE=0
rank=16 Lx=Ly=12 pg= 0.500 ids= 376 TEE=0
rank=10 Lx=Ly=12 pg= 0.500 ids= 350 TEE=0
rank= 8 Lx=Ly=12 pg= 0.500 ids= 368 TEE=0
rank= 3 Lx=Ly=12 pg= 0.500 ids= 223 TEE=0
rank= 7 Lx=Ly=12 pg= 0.500 ids= 367 TEE=0
rank=13 Lx=Ly=12 pg= 0.500 ids= 333 TEE=0
rank= 6 Lx=Ly=12 pg= 0.500 ids= 186 TEE=0
rank=19 Lx=Ly=12 pg= 0.500 ids= 219 TEE=0
rank=12 Lx=Ly=12 pg= 0.500 ids= 192 TEE=0
rank=11 Lx=Ly=12 pg= 0.500 ids= 371 TEE=0
rank= 9 Lx=Ly=12 pg= 0.500 ids= 329 TEE=0
rank= 5 Lx=Ly=12 pg= 0.500 ids= 405 TEE=0
rank= 1 Lx=Ly=12 pg= 0.500 ids= 401 TEE=0
rank=14 Lx=Ly=12 pg= 0.500 ids= 414 TEE=0
rank= 0 Lx=Ly=12 pg= 0.500 ids= 340 TEE=0
rank=17 Lx=Ly=12 pg= 0.500 ids= 417 TEE=0
rank=16 Lx=Ly=12 pg= 0.500 ids= 396 TEE=0
rank=10 Lx=Ly=12 pg= 0.500 ids= 370 TEE=0
rank=18 Lx=Ly=12 pg= 0.500 ids= 258 TEE=0
rank= 8 Lx=Ly=12 pg= 0.500 ids= 388 TEE=0
rank= 4 Lx=Ly=12 pg= 0.500 ids= 264 TEE=0
rank=13 Lx=Ly=12 pg= 0.500 ids= 353 TEE=0
rank= 7 Lx=Ly=12 pg= 0.500 ids= 387 TEE=0
rank= 2 Lx=Ly=12 pg= 0.500 ids= 182 TEE=0
rank= 9 Lx=Ly=12 pg= 0.500 ids= 349 TEE=0
rank= 5 Lx=Ly=12 pg= 0.500 ids= 425 TEE=0
rank= 1 Lx=Ly=12 pg= 0.500 ids= 421 TEE=0
rank=15 Lx=Ly=12 pg= 0.500 ids= 215 TEE=0
rank=14 Lx=Ly=12 pg= 0.500 ids= 434 TEE=0
rank= 0 Lx=Ly=12 pg= 0.500 ids= 360 TEE=0
rank=17 Lx=Ly=12 pg= 0.500 ids= 437 TEE=0
rank=16 Lx=Ly=12 pg= 0.500 ids= 416 TEE=0
rank=10 Lx=Ly=12 pg= 0.500 ids= 390 TEE=0
rank= 3 Lx=Ly=12 pg= 0.500 ids= 243 TEE=0
rank= 8 Lx=Ly=12 pg= 0.500 ids= 408 TEE=0
rank=11 Lx=Ly=12 pg= 0.500 ids= 391 TEE=0
rank= 6 Lx=Ly=12 pg= 0.500 ids= 206 TEE=0
rank= 7 Lx=Ly=12 pg= 0.500 ids= 407 TEE=0
rank= 9 Lx=Ly=12 pg= 0.500 ids= 369 TEE=0
rank=19 Lx=Ly=12 pg= 0.500 ids= 239 TEE=0
rank=13 Lx=Ly=12 pg= 0.500 ids= 373 TEE=0
rank= 1 Lx=Ly=12 pg= 0.500 ids= 441 TEE=0
rank= 5 Lx=Ly=12 pg= 0.500 ids= 445 TEE=0
rank=14 Lx=Ly=12 pg= 0.500 ids= 454 TEE=0
rank= 0 Lx=Ly=12 pg= 0.500 ids= 380 TEE=0
rank= 4 Lx=Ly=12 pg= 0.500 ids= 284 TEE=0
rank=12 Lx=Ly=12 pg= 0.500 ids= 212 TEE=0
rank=17 Lx=Ly=12 pg= 0.500 ids= 457 TEE=0
rank=10 Lx=Ly=12 pg= 0.500 ids= 410 TEE=0
rank=16 Lx=Ly=12 pg= 0.500 ids= 436 TEE=0
rank= 8 Lx=Ly=12 pg= 0.500 ids= 428 TEE=0
rank=11 Lx=Ly=12 pg= 0.500 ids= 411 TEE=0
rank=18 Lx=Ly=12 pg= 0.500 ids= 278 TEE=0
rank=15 Lx=Ly=12 pg= 0.500 ids= 235 TEE=0
rank= 7 Lx=Ly=12 pg= 0.500 ids= 427 TEE=0
rank= 2 Lx=Ly=12 pg= 0.500 ids= 202 TEE=0
rank= 9 Lx=Ly=12 pg= 0.500 ids= 389 TEE=0
rank= 1 Lx=Ly=12 pg= 0.500 ids= 461 TEE=0
rank= 5 Lx=Ly=12 pg= 0.500 ids= 465 TEE=0
rank= 0 Lx=Ly=12 pg= 0.500 ids= 400 TEE=0
rank=13 Lx=Ly=12 pg= 0.500 ids= 393 TEE=0
rank= 3 Lx=Ly=12 pg= 0.500 ids= 263 TEE=0
rank=17 Lx=Ly=12 pg= 0.500 ids= 477 TEE=0
rank=10 Lx=Ly=12 pg= 0.500 ids= 430 TEE=0
rank=16 Lx=Ly=12 pg= 0.500 ids= 456 TEE=0
rank= 8 Lx=Ly=12 pg= 0.500 ids= 448 TEE=0
rank=11 Lx=Ly=12 pg= 0.500 ids= 431 TEE=0
rank=15 Lx=Ly=12 pg= 0.500 ids= 255 TEE=0
rank= 6 Lx=Ly=12 pg= 0.500 ids= 226 TEE=0
rank= 7 Lx=Ly=12 pg= 0.500 ids= 447 TEE=0
rank=14 Lx=Ly=12 pg= 0.500 ids= 474 TEE=0
rank= 1 Lx=Ly=12 pg= 0.500 ids= 481 TEE=0
rank= 5 Lx=Ly=12 pg= 0.500 ids= 485 TEE=0
rank= 4 Lx=Ly=12 pg= 0.500 ids= 304 TEE=0
rank= 9 Lx=Ly=12 pg= 0.500 ids= 409 TEE=0
rank= 0 Lx=Ly=12 pg= 0.500 ids= 420 TEE=0
rank=17 Lx=Ly=12 pg= 0.500 ids= 497 TEE=0
rank=19 Lx=Ly=12 pg= 0.500 ids= 259 TEE=0
rank=13 Lx=Ly=12 pg= 0.500 ids= 413 TEE=0
rank=10 Lx=Ly=12 pg= 0.500 ids= 450 TEE=0
rank=11 Lx=Ly=12 pg= 0.500 ids= 451 TEE=0
rank=12 Lx=Ly=12 pg= 0.500 ids= 232 TEE=0
rank= 8 Lx=Ly=12 pg= 0.500 ids= 468 TEE=0
rank= 2 Lx=Ly=12 pg= 0.500 ids= 222 TEE=0
rank=16 Lx=Ly=12 pg= 0.500 ids= 476 TEE=0
rank=15 Lx=Ly=12 pg= 0.500 ids= 275 TEE=0
rank= 3 Lx=Ly=12 pg= 0.500 ids= 283 TEE=0
rank= 7 Lx=Ly=12 pg= 0.500 ids= 467 TEE=0
rank=18 Lx=Ly=12 pg= 0.500 ids= 298 TEE=0
rank= 5 Lx=Ly=12 pg= 0.500 ids= 505 TEE=0
rank= 1 Lx=Ly=12 pg= 0.500 ids= 501 TEE=0
rank= 0 Lx=Ly=12 pg= 0.500 ids= 440 TEE=0
rank=17 Lx=Ly=12 pg= 0.500 ids= 517 TEE=0
rank= 9 Lx=Ly=12 pg= 0.500 ids= 429 TEE=0
rank=10 Lx=Ly=12 pg= 0.500 ids= 470 TEE=0
rank=13 Lx=Ly=12 pg= 0.500 ids= 433 TEE=0
rank=11 Lx=Ly=12 pg= 0.500 ids= 471 TEE=0
rank= 8 Lx=Ly=12 pg= 0.500 ids= 488 TEE=0
rank=15 Lx=Ly=12 pg= 0.500 ids= 295 TEE=0
rank= 6 Lx=Ly=12 pg= 0.500 ids= 246 TEE=0
rank=16 Lx=Ly=12 pg= 0.500 ids= 496 TEE=0
rank= 5 Lx=Ly=12 pg= 0.500 ids= 525 TEE=0
rank= 1 Lx=Ly=12 pg= 0.500 ids= 521 TEE=0
rank=14 Lx=Ly=12 pg= 0.500 ids= 494 TEE=0
rank= 7 Lx=Ly=12 pg= 0.500 ids= 487 TEE=0
rank= 2 Lx=Ly=12 pg= 0.500 ids= 242 TEE=0
rank= 0 Lx=Ly=12 pg= 0.500 ids= 460 TEE=0
rank= 4 Lx=Ly=12 pg= 0.500 ids= 324 TEE=0
rank=17 Lx=Ly=12 pg= 0.500 ids= 537 TEE=0
rank= 9 Lx=Ly=12 pg= 0.500 ids= 449 TEE=0
rank=10 Lx=Ly=12 pg= 0.500 ids= 490 TEE=0
rank=19 Lx=Ly=12 pg= 0.500 ids= 279 TEE=0
rank=13 Lx=Ly=12 pg= 0.500 ids= 453 TEE=0
rank=11 Lx=Ly=12 pg= 0.500 ids= 491 TEE=0
rank=12 Lx=Ly=12 pg= 0.500 ids= 252 TEE=0
rank= 8 Lx=Ly=12 pg= 0.500 ids= 508 TEE=0
rank=15 Lx=Ly=12 pg= 0.500 ids= 315 TEE=0
rank=16 Lx=Ly=12 pg= 0.500 ids= 516 TEE=0
rank= 5 Lx=Ly=12 pg= 0.500 ids= 545 TEE=1
rank= 3 Lx=Ly=12 pg= 0.500 ids= 303 TEE=0
rank=18 Lx=Ly=12 pg= 0.500 ids= 318 TEE=0
rank= 1 Lx=Ly=12 pg= 0.500 ids= 541 TEE=0
rank= 7 Lx=Ly=12 pg= 0.500 ids= 507 TEE=0
rank= 0 Lx=Ly=12 pg= 0.500 ids= 480 TEE=0
rank=17 Lx=Ly=12 pg= 0.500 ids= 557 TEE=0
rank=10 Lx=Ly=12 pg= 0.500 ids= 510 TEE=0
rank= 6 Lx=Ly=12 pg= 0.500 ids= 266 TEE=0
rank= 9 Lx=Ly=12 pg= 0.500 ids= 469 TEE=0
rank= 4 Lx=Ly=12 pg= 0.500 ids= 344 TEE=0
rank= 8 Lx=Ly=12 pg= 0.500 ids= 528 TEE=0
rank=15 Lx=Ly=12 pg= 0.500 ids= 335 TEE=0
rank=13 Lx=Ly=12 pg= 0.500 ids= 473 TEE=0
rank=11 Lx=Ly=12 pg= 0.500 ids= 511 TEE=0
rank= 5 Lx=Ly=12 pg= 0.500 ids= 565 TEE=0
rank=16 Lx=Ly=12 pg= 0.500 ids= 536 TEE=0
rank=14 Lx=Ly=12 pg= 0.500 ids= 514 TEE=0
rank= 1 Lx=Ly=12 pg= 0.500 ids= 561 TEE=0
rank= 2 Lx=Ly=12 pg= 0.500 ids= 262 TEE=0
rank= 0 Lx=Ly=12 pg= 0.500 ids= 500 TEE=0
rank=17 Lx=Ly=12 pg= 0.500 ids= 577 TEE=0
rank= 7 Lx=Ly=12 pg= 0.500 ids= 527 TEE=0
rank=12 Lx=Ly=12 pg= 0.500 ids= 272 TEE=0
rank=10 Lx=Ly=12 pg= 0.500 ids= 530 TEE=0
rank=19 Lx=Ly=12 pg= 0.500 ids= 299 TEE=0
rank= 9 Lx=Ly=12 pg= 0.500 ids= 489 TEE=0
rank=15 Lx=Ly=12 pg= 0.500 ids= 355 TEE=0
rank= 8 Lx=Ly=12 pg= 0.500 ids= 548 TEE=0
rank=11 Lx=Ly=12 pg= 0.500 ids= 531 TEE=0
rank= 3 Lx=Ly=12 pg= 0.500 ids= 323 TEE=0
rank=13 Lx=Ly=12 pg= 0.500 ids= 493 TEE=0
rank= 5 Lx=Ly=12 pg= 0.500 ids= 585 TEE=0
rank= 6 Lx=Ly=12 pg= 0.500 ids= 286 TEE=0
rank=16 Lx=Ly=12 pg= 0.500 ids= 556 TEE=0
rank= 1 Lx=Ly=12 pg= 0.500 ids= 581 TEE=0
rank= 0 Lx=Ly=12 pg= 0.500 ids= 520 TEE=0
rank=17 Lx=Ly=12 pg= 0.500 ids= 597 TEE=0
rank=18 Lx=Ly=12 pg= 0.500 ids= 338 TEE=0
rank= 7 Lx=Ly=12 pg= 0.500 ids= 547 TEE=0
rank=10 Lx=Ly=12 pg= 0.500 ids= 550 TEE=0
rank= 4 Lx=Ly=12 pg= 0.500 ids= 364 TEE=0
rank=15 Lx=Ly=12 pg= 0.500 ids= 375 TEE=0
rank= 9 Lx=Ly=12 pg= 0.500 ids= 509 TEE=0
rank= 8 Lx=Ly=12 pg= 0.500 ids= 568 TEE=0
rank=11 Lx=Ly=12 pg= 0.500 ids= 551 TEE=0
rank= 5 Lx=Ly=12 pg= 0.500 ids= 605 TEE=0
rank=16 Lx=Ly=12 pg= 0.500 ids= 576 TEE=0
rank= 1 Lx=Ly=12 pg= 0.500 ids= 601 TEE=0
rank= 2 Lx=Ly=12 pg= 0.500 ids= 282 TEE=0
rank= 0 Lx=Ly=12 pg= 0.500 ids= 540 TEE=0
rank=14 Lx=Ly=12 pg= 0.500 ids= 534 TEE=0
rank=17 Lx=Ly=12 pg= 0.500 ids= 617 TEE=0
rank=13 Lx=Ly=12 pg= 0.500 ids= 513 TEE=0
rank= 7 Lx=Ly=12 pg= 0.500 ids= 567 TEE=0
rank=10 Lx=Ly=12 pg= 0.500 ids= 570 TEE=0
rank=12 Lx=Ly=12 pg= 0.500 ids= 292 TEE=0
rank=19 Lx=Ly=12 pg= 0.500 ids= 319 TEE=0
rank=15 Lx=Ly=12 pg= 0.500 ids= 395 TEE=0
rank= 9 Lx=Ly=12 pg= 0.500 ids= 529 TEE=0
rank= 6 Lx=Ly=12 pg= 0.500 ids= 306 TEE=0
rank= 8 Lx=Ly=12 pg= 0.500 ids= 588 TEE=0
rank= 3 Lx=Ly=12 pg= 0.500 ids= 343 TEE=0
rank=11 Lx=Ly=12 pg= 0.500 ids= 571 TEE=0
rank=18 Lx=Ly=12 pg= 0.500 ids= 358 TEE=0
rank= 5 Lx=Ly=12 pg= 0.500 ids= 625 TEE=0
rank= 1 Lx=Ly=12 pg= 0.500 ids= 621 TEE=0
rank=16 Lx=Ly=12 pg= 0.500 ids= 596 TEE=0
rank= 0 Lx=Ly=12 pg= 0.500 ids= 560 TEE=0
rank=17 Lx=Ly=12 pg= 0.500 ids= 637 TEE=0
rank=10 Lx=Ly=12 pg= 0.500 ids= 590 TEE=0
rank=13 Lx=Ly=12 pg= 0.500 ids= 533 TEE=0
rank= 7 Lx=Ly=12 pg= 0.500 ids= 587 TEE=0
rank=14 Lx=Ly=12 pg= 0.500 ids= 554 TEE=0
rank= 8 Lx=Ly=12 pg= 0.500 ids= 608 TEE=0
rank= 4 Lx=Ly=12 pg= 0.500 ids= 384 TEE=0
rank= 9 Lx=Ly=12 pg= 0.500 ids= 549 TEE=0
rank=12 Lx=Ly=12 pg= 0.500 ids= 312 TEE=0
rank=11 Lx=Ly=12 pg= 0.500 ids= 591 TEE=0
rank= 5 Lx=Ly=12 pg= 0.500 ids= 645 TEE=0
rank= 1 Lx=Ly=12 pg= 0.500 ids= 641 TEE=0
rank=16 Lx=Ly=12 pg= 0.500 ids= 616 TEE=0
rank= 0 Lx=Ly=12 pg= 0.500 ids= 580 TEE=0
rank=17 Lx=Ly=12 pg= 0.500 ids= 657 TEE=0
rank=15 Lx=Ly=12 pg= 0.500 ids= 415 TEE=0
rank=10 Lx=Ly=12 pg= 0.500 ids= 610 TEE=0
rank= 2 Lx=Ly=12 pg= 0.500 ids= 302 TEE=0
rank= 7 Lx=Ly=12 pg= 0.500 ids= 607 TEE=0
rank=14 Lx=Ly=12 pg= 0.500 ids= 574 TEE=0
rank=13 Lx=Ly=12 pg= 0.500 ids= 553 TEE=0
rank= 3 Lx=Ly=12 pg= 0.500 ids= 363 TEE=0
rank=19 Lx=Ly=12 pg= 0.500 ids= 339 TEE=0
rank= 8 Lx=Ly=12 pg= 0.500 ids= 628 TEE=0
rank= 6 Lx=Ly=12 pg= 0.500 ids= 326 TEE=0
rank= 9 Lx=Ly=12 pg= 0.500 ids= 569 TEE=0
rank=11 Lx=Ly=12 pg= 0.500 ids= 611 TEE=0
rank= 5 Lx=Ly=12 pg= 0.500 ids= 665 TEE=0
rank= 1 Lx=Ly=12 pg= 0.500 ids= 661 TEE=0
rank=16 Lx=Ly=12 pg= 0.500 ids= 636 TEE=0
rank= 0 Lx=Ly=12 pg= 0.500 ids= 600 TEE=0
rank=17 Lx=Ly=12 pg= 0.500 ids= 677 TEE=0
rank=18 Lx=Ly=12 pg= 0.500 ids= 378 TEE=0
rank=10 Lx=Ly=12 pg= 0.500 ids= 630 TEE=0
rank=14 Lx=Ly=12 pg= 0.500 ids= 594 TEE=0
rank= 7 Lx=Ly=12 pg= 0.500 ids= 627 TEE=0
rank=13 Lx=Ly=12 pg= 0.500 ids= 573 TEE=0
rank= 9 Lx=Ly=12 pg= 0.500 ids= 589 TEE=0
rank= 8 Lx=Ly=12 pg= 0.500 ids= 648 TEE=0
rank=11 Lx=Ly=12 pg= 0.500 ids= 631 TEE=0
rank= 1 Lx=Ly=12 pg= 0.500 ids= 681 TEE=0
rank= 5 Lx=Ly=12 pg= 0.500 ids= 685 TEE=0
rank=16 Lx=Ly=12 pg= 0.500 ids= 656 TEE=0
rank= 0 Lx=Ly=12 pg= 0.500 ids= 620 TEE=0
rank=17 Lx=Ly=12 pg= 0.500 ids= 697 TEE=0
rank= 4 Lx=Ly=12 pg= 0.500 ids= 404 TEE=0
rank=12 Lx=Ly=12 pg= 0.500 ids= 332 TEE=0
rank=10 Lx=Ly=12 pg= 0.500 ids= 650 TEE=0
rank=15 Lx=Ly=12 pg= 0.500 ids= 435 TEE=0
rank=14 Lx=Ly=12 pg= 0.500 ids= 614 TEE=0
rank= 2 Lx=Ly=12 pg= 0.500 ids= 322 TEE=0
rank= 7 Lx=Ly=12 pg= 0.500 ids= 647 TEE=0
rank=19 Lx=Ly=12 pg= 0.500 ids= 359 TEE=0
rank= 3 Lx=Ly=12 pg= 0.500 ids= 383 TEE=0
rank= 6 Lx=Ly=12 pg= 0.500 ids= 346 TEE=0
rank=13 Lx=Ly=12 pg= 0.500 ids= 593 TEE=0
rank= 8 Lx=Ly=12 pg= 0.500 ids= 668 TEE=0
rank= 1 Lx=Ly=12 pg= 0.500 ids= 701 TEE=0
rank=11 Lx=Ly=12 pg= 0.500 ids= 651 TEE=0
rank= 5 Lx=Ly=12 pg= 0.500 ids= 705 TEE=0
rank= 9 Lx=Ly=12 pg= 0.500 ids= 609 TEE=0
rank=17 Lx=Ly=12 pg= 0.500 ids= 717 TEE=0
rank=16 Lx=Ly=12 pg= 0.500 ids= 676 TEE=0
rank= 0 Lx=Ly=12 pg= 0.500 ids= 640 TEE=0
rank=10 Lx=Ly=12 pg= 0.500 ids= 670 TEE=0
rank=18 Lx=Ly=12 pg= 0.500 ids= 398 TEE=0
rank=14 Lx=Ly=12 pg= 0.500 ids= 634 TEE=0
rank= 7 Lx=Ly=12 pg= 0.500 ids= 667 TEE=0
rank= 4 Lx=Ly=12 pg= 0.500 ids= 424 TEE=0
rank= 1 Lx=Ly=12 pg= 0.500 ids= 721 TEE=0
rank= 8 Lx=Ly=12 pg= 0.500 ids= 688 TEE=0
rank= 5 Lx=Ly=12 pg= 0.500 ids= 725 TEE=0
rank=13 Lx=Ly=12 pg= 0.500 ids= 613 TEE=0
rank=11 Lx=Ly=12 pg= 0.500 ids= 671 TEE=0
rank= 9 Lx=Ly=12 pg= 0.500 ids= 629 TEE=0
rank=17 Lx=Ly=12 pg= 0.500 ids= 737 TEE=0
rank= 0 Lx=Ly=12 pg= 0.500 ids= 660 TEE=0
rank=12 Lx=Ly=12 pg= 0.500 ids= 352 TEE=0
rank=16 Lx=Ly=12 pg= 0.500 ids= 696 TEE=0
rank= 2 Lx=Ly=12 pg= 0.500 ids= 342 TEE=0
rank=10 Lx=Ly=12 pg= 0.500 ids= 690 TEE=0
rank=15 Lx=Ly=12 pg= 0.500 ids= 455 TEE=0
rank=14 Lx=Ly=12 pg= 0.500 ids= 654 TEE=0
rank= 6 Lx=Ly=12 pg= 0.500 ids= 366 TEE=0
rank=19 Lx=Ly=12 pg= 0.500 ids= 379 TEE=0
rank= 7 Lx=Ly=12 pg= 0.500 ids= 687 TEE=0
rank= 1 Lx=Ly=12 pg= 0.500 ids= 741 TEE=0
rank= 3 Lx=Ly=12 pg= 0.500 ids= 403 TEE=0
rank= 5 Lx=Ly=12 pg= 0.500 ids= 745 TEE=0
rank= 8 Lx=Ly=12 pg= 0.500 ids= 708 TEE=0
rank=17 Lx=Ly=12 pg= 0.500 ids= 757 TEE=0
rank=11 Lx=Ly=12 pg= 0.500 ids= 691 TEE=0
rank= 0 Lx=Ly=12 pg= 0.500 ids= 680 TEE=0
rank=13 Lx=Ly=12 pg= 0.500 ids= 633 TEE=0
rank= 9 Lx=Ly=12 pg= 0.500 ids= 649 TEE=0
rank=16 Lx=Ly=12 pg= 0.500 ids= 716 TEE=0
rank=10 Lx=Ly=12 pg= 0.500 ids= 710 TEE=0
rank=18 Lx=Ly=12 pg= 0.500 ids= 418 TEE=0
rank=14 Lx=Ly=12 pg= 0.500 ids= 674 TEE=0
rank= 1 Lx=Ly=12 pg= 0.500 ids= 761 TEE=0
rank= 7 Lx=Ly=12 pg= 0.500 ids= 707 TEE=0
rank= 5 Lx=Ly=12 pg= 0.500 ids= 765 TEE=0
rank= 4 Lx=Ly=12 pg= 0.500 ids= 444 TEE=0
rank=17 Lx=Ly=12 pg= 0.500 ids= 777 TEE=0
rank= 0 Lx=Ly=12 pg= 0.500 ids= 700 TEE=0
rank=11 Lx=Ly=12 pg= 0.500 ids= 711 TEE=0
rank=12 Lx=Ly=12 pg= 0.500 ids= 372 TEE=0
rank= 8 Lx=Ly=12 pg= 0.500 ids= 728 TEE=0
rank= 2 Lx=Ly=12 pg= 0.500 ids= 362 TEE=0
rank=13 Lx=Ly=12 pg= 0.500 ids= 653 TEE=0
rank=10 Lx=Ly=12 pg= 0.500 ids= 730 TEE=0
rank= 9 Lx=Ly=12 pg= 0.500 ids= 669 TEE=0
rank=14 Lx=Ly=12 pg= 0.500 ids= 694 TEE=0
rank=16 Lx=Ly=12 pg= 0.500 ids= 736 TEE=0
rank= 6 Lx=Ly=12 pg= 0.500 ids= 386 TEE=0
rank=19 Lx=Ly=12 pg= 0.500 ids= 399 TEE=0
rank=15 Lx=Ly=12 pg= 0.500 ids= 475 TEE=0
rank= 1 Lx=Ly=12 pg= 0.500 ids= 781 TEE=0
rank= 5 Lx=Ly=12 pg= 0.500 ids= 785 TEE=0
rank= 7 Lx=Ly=12 pg= 0.500 ids= 727 TEE=0
rank=17 Lx=Ly=12 pg= 0.500 ids= 797 TEE=0
rank= 0 Lx=Ly=12 pg= 0.500 ids= 720 TEE=0
rank=11 Lx=Ly=12 pg= 0.500 ids= 731 TEE=0
rank= 3 Lx=Ly=12 pg= 0.500 ids= 423 TEE=0
rank= 8 Lx=Ly=12 pg= 0.500 ids= 748 TEE=0
rank=13 Lx=Ly=12 pg= 0.500 ids= 673 TEE=0
rank=10 Lx=Ly=12 pg= 0.500 ids= 750 TEE=0
rank=14 Lx=Ly=12 pg= 0.500 ids= 714 TEE=0
rank= 9 Lx=Ly=12 pg= 0.500 ids= 689 TEE=0
rank=16 Lx=Ly=12 pg= 0.500 ids= 756 TEE=0
rank=18 Lx=Ly=12 pg= 0.500 ids= 438 TEE=0
rank= 1 Lx=Ly=12 pg= 0.545 ids=   1 TEE=0
rank= 5 Lx=Ly=12 pg= 0.545 ids=   5 TEE=0
rank=17 Lx=Ly=12 pg= 0.545 ids=  17 TEE=0
rank= 7 Lx=Ly=12 pg= 0.500 ids= 747 TEE=0
rank= 0 Lx=Ly=12 pg= 0.500 ids= 740 TEE=0
rank= 2 Lx=Ly=12 pg= 0.500 ids= 382 TEE=0
rank= 4 Lx=Ly=12 pg= 0.500 ids= 464 TEE=0
rank=11 Lx=Ly=12 pg= 0.500 ids= 751 TEE=0
rank= 8 Lx=Ly=12 pg= 0.500 ids= 768 TEE=0
rank=19 Lx=Ly=12 pg= 0.500 ids= 419 TEE=0
rank=13 Lx=Ly=12 pg= 0.500 ids= 693 TEE=0
rank=10 Lx=Ly=12 pg= 0.500 ids= 770 TEE=0
rank=12 Lx=Ly=12 pg= 0.500 ids= 392 TEE=0
rank= 9 Lx=Ly=12 pg= 0.500 ids= 709 TEE=0
rank=16 Lx=Ly=12 pg= 0.500 ids= 776 TEE=0
rank=14 Lx=Ly=12 pg= 0.500 ids= 734 TEE=0
rank=15 Lx=Ly=12 pg= 0.500 ids= 495 TEE=0
rank= 1 Lx=Ly=12 pg= 0.545 ids=  21 TEE=0
rank= 5 Lx=Ly=12 pg= 0.545 ids=  25 TEE=0
rank= 6 Lx=Ly=12 pg= 0.500 ids= 406 TEE=0
rank=17 Lx=Ly=12 pg= 0.545 ids=  37 TEE=0
rank= 7 Lx=Ly=12 pg= 0.500 ids= 767 TEE=0
rank= 0 Lx=Ly=12 pg= 0.500 ids= 760 TEE=0
rank=11 Lx=Ly=12 pg= 0.500 ids= 771 TEE=0
rank= 8 Lx=Ly=12 pg= 0.500 ids= 788 TEE=0
rank=13 Lx=Ly=12 pg= 0.500 ids= 713 TEE=0
rank=10 Lx=Ly=12 pg= 0.500 ids= 790 TEE=0
rank= 3 Lx=Ly=12 pg= 0.500 ids= 443 TEE=0
rank= 9 Lx=Ly=12 pg= 0.500 ids= 729 TEE=0
rank=18 Lx=Ly=12 pg= 0.500 ids= 458 TEE=0
rank=14 Lx=Ly=12 pg= 0.500 ids= 754 TEE=0
rank=16 Lx=Ly=12 pg= 0.500 ids= 796 TEE=0
rank= 1 Lx=Ly=12 pg= 0.545 ids=  41 TEE=0
rank= 5 Lx=Ly=12 pg= 0.545 ids=  45 TEE=0
rank=17 Lx=Ly=12 pg= 0.545 ids=  57 TEE=0
rank= 0 Lx=Ly=12 pg= 0.500 ids= 780 TEE=0
rank= 7 Lx=Ly=12 pg= 0.500 ids= 787 TEE=0
rank= 2 Lx=Ly=12 pg= 0.500 ids= 402 TEE=0
rank=11 Lx=Ly=12 pg= 0.500 ids= 791 TEE=0
rank= 8 Lx=Ly=12 pg= 0.545 ids=   8 TEE=0
rank= 4 Lx=Ly=12 pg= 0.500 ids= 484 TEE=0
rank=10 Lx=Ly=12 pg= 0.545 ids=  10 TEE=0
rank=13 Lx=Ly=12 pg= 0.500 ids= 733 TEE=0
rank= 9 Lx=Ly=12 pg= 0.500 ids= 749 TEE=0
rank=14 Lx=Ly=12 pg= 0.500 ids= 774 TEE=0
rank=12 Lx=Ly=12 pg= 0.500 ids= 412 TEE=0
rank=19 Lx=Ly=12 pg= 0.500 ids= 439 TEE=0
rank=16 Lx=Ly=12 pg= 0.545 ids=  16 TEE=0
rank= 1 Lx=Ly=12 pg= 0.545 ids=  61 TEE=0
rank=17 Lx=Ly=12 pg= 0.545 ids=  77 TEE=0
rank= 6 Lx=Ly=12 pg= 0.500 ids= 426 TEE=0
rank= 5 Lx=Ly=12 pg= 0.545 ids=  65 TEE=0
rank= 0 Lx=Ly=12 pg= 0.545 ids=   0 TEE=0
rank= 7 Lx=Ly=12 pg= 0.545 ids=   7 TEE=0
rank=15 Lx=Ly=12 pg= 0.500 ids= 515 TEE=0
rank= 8 Lx=Ly=12 pg= 0.545 ids=  28 TEE=0
rank=10 Lx=Ly=12 pg= 0.545 ids=  30 TEE=0
rank=18 Lx=Ly=12 pg= 0.500 ids= 478 TEE=0
rank= 3 Lx=Ly=12 pg= 0.500 ids= 463 TEE=0
rank= 9 Lx=Ly=12 pg= 0.500 ids= 769 TEE=0
rank=11 Lx=Ly=12 pg= 0.545 ids=  11 TEE=0
rank=13 Lx=Ly=12 pg= 0.500 ids= 753 TEE=0
rank=14 Lx=Ly=12 pg= 0.500 ids= 794 TEE=0
rank=16 Lx=Ly=12 pg= 0.545 ids=  36 TEE=0
rank= 1 Lx=Ly=12 pg= 0.545 ids=  81 TEE=0
rank=17 Lx=Ly=12 pg= 0.545 ids=  97 TEE=0
rank= 5 Lx=Ly=12 pg= 0.545 ids=  85 TEE=0
rank= 0 Lx=Ly=12 pg= 0.545 ids=  20 TEE=0
rank= 7 Lx=Ly=12 pg= 0.545 ids=  27 TEE=0
rank= 4 Lx=Ly=12 pg= 0.500 ids= 504 TEE=0
rank= 2 Lx=Ly=12 pg= 0.500 ids= 422 TEE=0
rank= 8 Lx=Ly=12 pg= 0.545 ids=  48 TEE=0
rank=10 Lx=Ly=12 pg= 0.545 ids=  50 TEE=0
rank= 9 Lx=Ly=12 pg= 0.500 ids= 789 TEE=0
rank=14 Lx=Ly=12 pg= 0.545 ids=  14 TEE=0
rank=11 Lx=Ly=12 pg= 0.545 ids=  31 TEE=0
rank=16 Lx=Ly=12 pg= 0.545 ids=  56 TEE=0
rank=12 Lx=Ly=12 pg= 0.500 ids= 432 TEE=0
rank=13 Lx=Ly=12 pg= 0.500 ids= 773 TEE=0
rank=19 Lx=Ly=12 pg= 0.500 ids= 459 TEE=0
rank=17 Lx=Ly=12 pg= 0.545 ids= 117 TEE=0
rank= 1 Lx=Ly=12 pg= 0.545 ids= 101 TEE=0
rank= 5 Lx=Ly=12 pg= 0.545 ids= 105 TEE=0
rank= 0 Lx=Ly=12 pg= 0.545 ids=  40 TEE=0
rank= 7 Lx=Ly=12 pg= 0.545 ids=  47 TEE=0
rank= 6 Lx=Ly=12 pg= 0.500 ids= 446 TEE=0
rank=15 Lx=Ly=12 pg= 0.500 ids= 535 TEE=0
rank=10 Lx=Ly=12 pg= 0.545 ids=  70 TEE=0
rank=14 Lx=Ly=12 pg= 0.545 ids=  34 TEE=0
rank= 8 Lx=Ly=12 pg= 0.545 ids=  68 TEE=0
rank=11 Lx=Ly=12 pg= 0.545 ids=  51 TEE=0
rank= 3 Lx=Ly=12 pg= 0.500 ids= 483 TEE=0
rank= 9 Lx=Ly=12 pg= 0.545 ids=   9 TEE=0
rank=16 Lx=Ly=12 pg= 0.545 ids=  76 TEE=0
rank=18 Lx=Ly=12 pg= 0.500 ids= 498 TEE=0
rank=17 Lx=Ly=12 pg= 0.545 ids= 137 TEE=0
rank= 1 Lx=Ly=12 pg= 0.545 ids= 121 TEE=0
rank=13 Lx=Ly=12 pg= 0.500 ids= 793 TEE=0
rank= 5 Lx=Ly=12 pg= 0.545 ids= 125 TEE=0
rank= 0 Lx=Ly=12 pg= 0.545 ids=  60 TEE=0
rank= 7 Lx=Ly=12 pg= 0.545 ids=  67 TEE=0
rank= 4 Lx=Ly=12 pg= 0.500 ids= 524 TEE=0
rank= 2 Lx=Ly=12 pg= 0.500 ids= 442 TEE=0
rank=10 Lx=Ly=12 pg= 0.545 ids=  90 TEE=0
rank=14 Lx=Ly=12 pg= 0.545 ids=  54 TEE=0
rank=12 Lx=Ly=12 pg= 0.500 ids= 452 TEE=0
rank= 8 Lx=Ly=12 pg= 0.545 ids=  88 TEE=0
rank= 9 Lx=Ly=12 pg= 0.545 ids=  29 TEE=0
rank=11 Lx=Ly=12 pg= 0.545 ids=  71 TEE=0
rank=17 Lx=Ly=12 pg= 0.545 ids= 157 TEE=0
rank= 1 Lx=Ly=12 pg= 0.545 ids= 141 TEE=0
rank=13 Lx=Ly=12 pg= 0.545 ids=  13 TEE=0
rank= 5 Lx=Ly=12 pg= 0.545 ids= 145 TEE=0
rank=16 Lx=Ly=12 pg= 0.545 ids=  96 TEE=0
rank= 0 Lx=Ly=12 pg= 0.545 ids=  80 TEE=0
rank=19 Lx=Ly=12 pg= 0.500 ids= 479 TEE=0
rank= 6 Lx=Ly=12 pg= 0.500 ids= 466 TEE=0
rank= 7 Lx=Ly=12 pg= 0.545 ids=  87 TEE=0
rank=15 Lx=Ly=12 pg= 0.500 ids= 555 TEE=0
rank=10 Lx=Ly=12 pg= 0.545 ids= 110 TEE=0
rank=14 Lx=Ly=12 pg= 0.545 ids=  74 TEE=0
rank= 8 Lx=Ly=12 pg= 0.545 ids= 108 TEE=0
rank= 9 Lx=Ly=12 pg= 0.545 ids=  49 TEE=0
rank=17 Lx=Ly=12 pg= 0.545 ids= 177 TEE=0
rank= 1 Lx=Ly=12 pg= 0.545 ids= 161 TEE=0
rank= 4 Lx=Ly=12 pg= 0.500 ids= 544 TEE=0
rank=11 Lx=Ly=12 pg= 0.545 ids=  91 TEE=0
rank= 3 Lx=Ly=12 pg= 0.500 ids= 503 TEE=0
rank= 5 Lx=Ly=12 pg= 0.545 ids= 165 TEE=0
rank=13 Lx=Ly=12 pg= 0.545 ids=  33 TEE=0
rank= 0 Lx=Ly=12 pg= 0.545 ids= 100 TEE=0
rank=18 Lx=Ly=12 pg= 0.500 ids= 518 TEE=0
rank=16 Lx=Ly=12 pg= 0.545 ids= 116 TEE=0
rank= 2 Lx=Ly=12 pg= 0.500 ids= 462 TEE=0
rank= 7 Lx=Ly=12 pg= 0.545 ids= 107 TEE=0
rank=10 Lx=Ly=12 pg= 0.545 ids= 130 TEE=0
rank=14 Lx=Ly=12 pg= 0.545 ids=  94 TEE=0
rank=15 Lx=Ly=12 pg= 0.500 ids= 575 TEE=0
rank=12 Lx=Ly=12 pg= 0.500 ids= 472 TEE=0
rank= 8 Lx=Ly=12 pg= 0.545 ids= 128 TEE=0
rank= 1 Lx=Ly=12 pg= 0.545 ids= 181 TEE=0
rank= 9 Lx=Ly=12 pg= 0.545 ids=  69 TEE=-1
rank=17 Lx=Ly=12 pg= 0.545 ids= 197 TEE=0
rank=11 Lx=Ly=12 pg= 0.545 ids= 111 TEE=0
rank=13 Lx=Ly=12 pg= 0.545 ids=  53 TEE=0
rank=19 Lx=Ly=12 pg= 0.500 ids= 499 TEE=0
rank= 5 Lx=Ly=12 pg= 0.545 ids= 185 TEE=0
rank= 0 Lx=Ly=12 pg= 0.545 ids= 120 TEE=0
rank= 6 Lx=Ly=12 pg= 0.500 ids= 486 TEE=0
rank=16 Lx=Ly=12 pg= 0.545 ids= 136 TEE=0
rank= 7 Lx=Ly=12 pg= 0.545 ids= 127 TEE=0
rank=14 Lx=Ly=12 pg= 0.545 ids= 114 TEE=0
rank=10 Lx=Ly=12 pg= 0.545 ids= 150 TEE=0
rank= 1 Lx=Ly=12 pg= 0.545 ids= 201 TEE=0
rank= 9 Lx=Ly=12 pg= 0.545 ids=  89 TEE=0
rank=17 Lx=Ly=12 pg= 0.545 ids= 217 TEE=0
rank= 8 Lx=Ly=12 pg= 0.545 ids= 148 TEE=0
rank=11 Lx=Ly=12 pg= 0.545 ids= 131 TEE=0
rank=13 Lx=Ly=12 pg= 0.545 ids=  73 TEE=0
rank= 3 Lx=Ly=12 pg= 0.500 ids= 523 TEE=0
rank= 5 Lx=Ly=12 pg= 0.545 ids= 205 TEE=0
rank= 4 Lx=Ly=12 pg= 0.500 ids= 564 TEE=0
rank=18 Lx=Ly=12 pg= 0.500 ids= 538 TEE=0
rank= 0 Lx=Ly=12 pg= 0.545 ids= 140 TEE=0
rank= 2 Lx=Ly=12 pg= 0.500 ids= 482 TEE=0
rank= 7 Lx=Ly=12 pg= 0.545 ids= 147 TEE=0
rank=16 Lx=Ly=12 pg= 0.545 ids= 156 TEE=0
rank=14 Lx=Ly=12 pg= 0.545 ids= 134 TEE=0
rank=10 Lx=Ly=12 pg= 0.545 ids= 170 TEE=0
rank=15 Lx=Ly=12 pg= 0.500 ids= 595 TEE=0
rank=12 Lx=Ly=12 pg= 0.500 ids= 492 TEE=0
rank= 1 Lx=Ly=12 pg= 0.545 ids= 221 TEE=0
rank= 9 Lx=Ly=12 pg= 0.545 ids= 109 TEE=0
rank=17 Lx=Ly=12 pg= 0.545 ids= 237 TEE=0
rank= 8 Lx=Ly=12 pg= 0.545 ids= 168 TEE=0
rank=11 Lx=Ly=12 pg= 0.545 ids= 151 TEE=0
rank=13 Lx=Ly=12 pg= 0.545 ids=  93 TEE=-1
rank=19 Lx=Ly=12 pg= 0.500 ids= 519 TEE=0
rank= 5 Lx=Ly=12 pg= 0.545 ids= 225 TEE=0
rank= 0 Lx=Ly=12 pg= 0.545 ids= 160 TEE=0
rank= 6 Lx=Ly=12 pg= 0.500 ids= 506 TEE=0
rank=16 Lx=Ly=12 pg= 0.545 ids= 176 TEE=0
rank= 7 Lx=Ly=12 pg= 0.545 ids= 167 TEE=0
rank=14 Lx=Ly=12 pg= 0.545 ids= 154 TEE=0
rank=10 Lx=Ly=12 pg= 0.545 ids= 190 TEE=0
rank=17 Lx=Ly=12 pg= 0.545 ids= 257 TEE=0
rank= 8 Lx=Ly=12 pg= 0.545 ids= 188 TEE=0
rank= 9 Lx=Ly=12 pg= 0.545 ids= 129 TEE=0
rank= 1 Lx=Ly=12 pg= 0.545 ids= 241 TEE=0
rank=11 Lx=Ly=12 pg= 0.545 ids= 171 TEE=0
rank= 5 Lx=Ly=12 pg= 0.545 ids= 245 TEE=0
rank=13 Lx=Ly=12 pg= 0.545 ids= 113 TEE=0
rank= 3 Lx=Ly=12 pg= 0.500 ids= 543 TEE=0
rank= 0 Lx=Ly=12 pg= 0.545 ids= 180 TEE=0
rank=18 Lx=Ly=12 pg= 0.500 ids= 558 TEE=0
rank= 2 Lx=Ly=12 pg= 0.500 ids= 502 TEE=0
rank=16 Lx=Ly=12 pg= 0.545 ids= 196 TEE=0
rank= 4 Lx=Ly=12 pg= 0.500 ids= 584 TEE=0
rank=14 Lx=Ly=12 pg= 0.545 ids= 174 TEE=0
rank=12 Lx=Ly=12 pg= 0.500 ids= 512 TEE=0
rank= 7 Lx=Ly=12 pg= 0.545 ids= 187 TEE=0
rank=10 Lx=Ly=12 pg= 0.545 ids= 210 TEE=0
rank=15 Lx=Ly=12 pg= 0.500 ids= 615 TEE=0
rank=17 Lx=Ly=12 pg= 0.545 ids= 277 TEE=0
rank= 8 Lx=Ly=12 pg= 0.545 ids= 208 TEE=0
rank= 1 Lx=Ly=12 pg= 0.545 ids= 261 TEE=0
rank=19 Lx=Ly=12 pg= 0.500 ids= 539 TEE=0
rank= 5 Lx=Ly=12 pg= 0.545 ids= 265 TEE=0
rank= 6 Lx=Ly=12 pg= 0.500 ids= 526 TEE=0
rank=11 Lx=Ly=12 pg= 0.545 ids= 191 TEE=0
rank=13 Lx=Ly=12 pg= 0.545 ids= 133 TEE=0
rank= 9 Lx=Ly=12 pg= 0.545 ids= 149 TEE=0
rank= 0 Lx=Ly=12 pg= 0.545 ids= 200 TEE=0
rank=16 Lx=Ly=12 pg= 0.545 ids= 216 TEE=0
rank=14 Lx=Ly=12 pg= 0.545 ids= 194 TEE=0
rank=10 Lx=Ly=12 pg= 0.545 ids= 230 TEE=0
rank=17 Lx=Ly=12 pg= 0.545 ids= 297 TEE=0
rank= 7 Lx=Ly=12 pg= 0.545 ids= 207 TEE=0
rank= 1 Lx=Ly=12 pg= 0.545 ids= 281 TEE=0
rank= 8 Lx=Ly=12 pg= 0.545 ids= 228 TEE=0
rank= 3 Lx=Ly=12 pg= 0.500 ids= 563 TEE=0
rank= 5 Lx=Ly=12 pg= 0.545 ids= 285 TEE=0
rank=11 Lx=Ly=12 pg= 0.545 ids= 211 TEE=0
rank=18 Lx=Ly=12 pg= 0.500 ids= 578 TEE=0
rank=13 Lx=Ly=12 pg= 0.545 ids= 153 TEE=0
rank= 2 Lx=Ly=12 pg= 0.500 ids= 522 TEE=0
rank= 9 Lx=Ly=12 pg= 0.545 ids= 169 TEE=0
rank= 0 Lx=Ly=12 pg= 0.545 ids= 220 TEE=0
rank= 4 Lx=Ly=12 pg= 0.500 ids= 604 TEE=0
rank=16 Lx=Ly=12 pg= 0.545 ids= 236 TEE=0
rank=14 Lx=Ly=12 pg= 0.545 ids= 214 TEE=0
rank=12 Lx=Ly=12 pg= 0.500 ids= 532 TEE=0
rank=15 Lx=Ly=12 pg= 0.500 ids= 635 TEE=0
rank=19 Lx=Ly=12 pg= 0.500 ids= 559 TEE=0
rank=10 Lx=Ly=12 pg= 0.545 ids= 250 TEE=0
rank=17 Lx=Ly=12 pg= 0.545 ids= 317 TEE=0
rank= 6 Lx=Ly=12 pg= 0.500 ids= 546 TEE=0
rank= 8 Lx=Ly=12 pg= 0.545 ids= 248 TEE=0
rank= 1 Lx=Ly=12 pg= 0.545 ids= 301 TEE=0
rank= 7 Lx=Ly=12 pg= 0.545 ids= 227 TEE=0
rank= 5 Lx=Ly=12 pg= 0.545 ids= 305 TEE=0
rank=13 Lx=Ly=12 pg= 0.545 ids= 173 TEE=0
rank= 9 Lx=Ly=12 pg= 0.545 ids= 189 TEE=0
rank=11 Lx=Ly=12 pg= 0.545 ids= 231 TEE=0
rank= 0 Lx=Ly=12 pg= 0.545 ids= 240 TEE=0
rank=14 Lx=Ly=12 pg= 0.545 ids= 234 TEE=0
rank=16 Lx=Ly=12 pg= 0.545 ids= 256 TEE=0
rank= 3 Lx=Ly=12 pg= 0.500 ids= 583 TEE=0
rank=10 Lx=Ly=12 pg= 0.545 ids= 270 TEE=0
rank=17 Lx=Ly=12 pg= 0.545 ids= 337 TEE=0
rank= 8 Lx=Ly=12 pg= 0.545 ids= 268 TEE=0
rank= 1 Lx=Ly=12 pg= 0.545 ids= 321 TEE=0
rank= 5 Lx=Ly=12 pg= 0.545 ids= 325 TEE=0
rank= 7 Lx=Ly=12 pg= 0.545 ids= 247 TEE=0
rank= 9 Lx=Ly=12 pg= 0.545 ids= 209 TEE=0
rank= 4 Lx=Ly=12 pg= 0.500 ids= 624 TEE=0
rank= 0 Lx=Ly=12 pg= 0.545 ids= 260 TEE=0
rank=13 Lx=Ly=12 pg= 0.545 ids= 193 TEE=0
rank= 2 Lx=Ly=12 pg= 0.500 ids= 542 TEE=0
rank=11 Lx=Ly=12 pg= 0.545 ids= 251 TEE=0
rank=14 Lx=Ly=12 pg= 0.545 ids= 254 TEE=0
rank=18 Lx=Ly=12 pg= 0.500 ids= 598 TEE=0
rank=16 Lx=Ly=12 pg= 0.545 ids= 276 TEE=0
rank= 6 Lx=Ly=12 pg= 0.500 ids= 566 TEE=0
rank=12 Lx=Ly=12 pg= 0.500 ids= 552 TEE=0
rank=10 Lx=Ly=12 pg= 0.545 ids= 290 TEE=0
rank=17 Lx=Ly=12 pg= 0.545 ids= 357 TEE=0
rank=15 Lx=Ly=12 pg= 0.500 ids= 655 TEE=0
rank=19 Lx=Ly=12 pg= 0.500 ids= 579 TEE=0
rank= 1 Lx=Ly=12 pg= 0.545 ids= 341 TEE=0
rank= 8 Lx=Ly=12 pg= 0.545 ids= 288 TEE=0
rank= 5 Lx=Ly=12 pg= 0.545 ids= 345 TEE=0
rank= 7 Lx=Ly=12 pg= 0.545 ids= 267 TEE=0
rank= 0 Lx=Ly=12 pg= 0.545 ids= 280 TEE=0
rank= 9 Lx=Ly=12 pg= 0.545 ids= 229 TEE=0
rank=13 Lx=Ly=12 pg= 0.545 ids= 213 TEE=0
rank= 3 Lx=Ly=12 pg= 0.500 ids= 603 TEE=0
rank=14 Lx=Ly=12 pg= 0.545 ids= 274 TEE=0
rank=11 Lx=Ly=12 pg= 0.545 ids= 271 TEE=0
rank=16 Lx=Ly=12 pg= 0.545 ids= 296 TEE=0
rank=17 Lx=Ly=12 pg= 0.545 ids= 377 TEE=0
rank=10 Lx=Ly=12 pg= 0.545 ids= 310 TEE=0
rank= 1 Lx=Ly=12 pg= 0.545 ids= 361 TEE=0
rank= 8 Lx=Ly=12 pg= 0.545 ids= 308 TEE=0
rank= 5 Lx=Ly=12 pg= 0.545 ids= 365 TEE=0
rank= 7 Lx=Ly=12 pg= 0.545 ids= 287 TEE=0
rank= 0 Lx=Ly=12 pg= 0.545 ids= 300 TEE=0
rank= 9 Lx=Ly=12 pg= 0.545 ids= 249 TEE=0
rank=13 Lx=Ly=12 pg= 0.545 ids= 233 TEE=0
rank= 4 Lx=Ly=12 pg= 0.500 ids= 644 TEE=0
rank=14 Lx=Ly=12 pg= 0.545 ids= 294 TEE=0
rank= 2 Lx=Ly=12 pg= 0.500 ids= 562 TEE=0
rank=11 Lx=Ly=12 pg= 0.545 ids= 291 TEE=0
rank=16 Lx=Ly=12 pg= 0.545 ids= 316 TEE=0
rank=17 Lx=Ly=12 pg= 0.545 ids= 397 TEE=0
rank=18 Lx=Ly=12 pg= 0.500 ids= 618 TEE=0
rank=10 Lx=Ly=12 pg= 0.545 ids= 330 TEE=0
rank= 1 Lx=Ly=12 pg= 0.545 ids= 381 TEE=0
rank= 8 Lx=Ly=12 pg= 0.545 ids= 328 TEE=0
rank=15 Lx=Ly=12 pg= 0.500 ids= 675 TEE=0
rank= 6 Lx=Ly=12 pg= 0.500 ids= 586 TEE=0
rank=12 Lx=Ly=12 pg= 0.500 ids= 572 TEE=0
rank= 5 Lx=Ly=12 pg= 0.545 ids= 385 TEE=0
rank=19 Lx=Ly=12 pg= 0.500 ids= 599 TEE=0
rank= 7 Lx=Ly=12 pg= 0.545 ids= 307 TEE=0
rank= 9 Lx=Ly=12 pg= 0.545 ids= 269 TEE=0
rank= 0 Lx=Ly=12 pg= 0.545 ids= 320 TEE=0
rank=14 Lx=Ly=12 pg= 0.545 ids= 314 TEE=0
rank=13 Lx=Ly=12 pg= 0.545 ids= 253 TEE=0
rank=11 Lx=Ly=12 pg= 0.545 ids= 311 TEE=0
rank= 3 Lx=Ly=12 pg= 0.500 ids= 623 TEE=0
rank=16 Lx=Ly=12 pg= 0.545 ids= 336 TEE=0
rank=17 Lx=Ly=12 pg= 0.545 ids= 417 TEE=0
rank=10 Lx=Ly=12 pg= 0.545 ids= 350 TEE=0
rank= 1 Lx=Ly=12 pg= 0.545 ids= 401 TEE=0
rank= 5 Lx=Ly=12 pg= 0.545 ids= 405 TEE=0
rank= 8 Lx=Ly=12 pg= 0.545 ids= 348 TEE=0
rank= 2 Lx=Ly=12 pg= 0.500 ids= 582 TEE=0
rank= 7 Lx=Ly=12 pg= 0.545 ids= 327 TEE=0
rank= 0 Lx=Ly=12 pg= 0.545 ids= 340 TEE=0
rank= 9 Lx=Ly=12 pg= 0.545 ids= 289 TEE=0
rank=14 Lx=Ly=12 pg= 0.545 ids= 334 TEE=0
rank= 4 Lx=Ly=12 pg= 0.500 ids= 664 TEE=0
rank=11 Lx=Ly=12 pg= 0.545 ids= 331 TEE=0
rank=17 Lx=Ly=12 pg= 0.545 ids= 437 TEE=0
rank=16 Lx=Ly=12 pg= 0.545 ids= 356 TEE=0
rank=13 Lx=Ly=12 pg= 0.545 ids= 273 TEE=0
rank=10 Lx=Ly=12 pg= 0.545 ids= 370 TEE=0
rank= 1 Lx=Ly=12 pg= 0.545 ids= 421 TEE=0
rank=12 Lx=Ly=12 pg= 0.500 ids= 592 TEE=0
rank=18 Lx=Ly=12 pg= 0.500 ids= 638 TEE=0
rank= 5 Lx=Ly=12 pg= 0.545 ids= 425 TEE=0
rank=19 Lx=Ly=12 pg= 0.500 ids= 619 TEE=0
rank=15 Lx=Ly=12 pg= 0.500 ids= 695 TEE=0
rank= 0 Lx=Ly=12 pg= 0.545 ids= 360 TEE=0
rank= 8 Lx=Ly=12 pg= 0.545 ids= 368 TEE=-1
rank= 7 Lx=Ly=12 pg= 0.545 ids= 347 TEE=0
rank= 9 Lx=Ly=12 pg= 0.545 ids= 309 TEE=0
rank= 6 Lx=Ly=12 pg= 0.500 ids= 606 TEE=0
rank=14 Lx=Ly=12 pg= 0.545 ids= 354 TEE=0
rank=11 Lx=Ly=12 pg= 0.545 ids= 351 TEE=0
rank=17 Lx=Ly=12 pg= 0.545 ids= 457 TEE=0
rank= 1 Lx=Ly=12 pg= 0.545 ids= 441 TEE=0
rank=10 Lx=Ly=12 pg= 0.545 ids= 390 TEE=0
rank=13 Lx=Ly=12 pg= 0.545 ids= 293 TEE=0
rank=16 Lx=Ly=12 pg= 0.545 ids= 376 TEE=0
rank= 3 Lx=Ly=12 pg= 0.500 ids= 643 TEE=0
rank= 5 Lx=Ly=12 pg= 0.545 ids= 445 TEE=0
rank= 0 Lx=Ly=12 pg= 0.545 ids= 380 TEE=0
rank= 8 Lx=Ly=12 pg= 0.545 ids= 388 TEE=0
rank= 4 Lx=Ly=12 pg= 0.500 ids= 684 TEE=0
rank=19 Lx=Ly=12 pg= 0.500 ids= 639 TEE=0
rank= 7 Lx=Ly=12 pg= 0.545 ids= 367 TEE=0
rank= 2 Lx=Ly=12 pg= 0.500 ids= 602 TEE=0
rank= 9 Lx=Ly=12 pg= 0.545 ids= 329 TEE=0
rank=14 Lx=Ly=12 pg= 0.545 ids= 374 TEE=0
rank=17 Lx=Ly=12 pg= 0.545 ids= 477 TEE=0
rank= 1 Lx=Ly=12 pg= 0.545 ids= 461 TEE=0
rank=10 Lx=Ly=12 pg= 0.545 ids= 410 TEE=0
rank=13 Lx=Ly=12 pg= 0.545 ids= 313 TEE=0
rank=12 Lx=Ly=12 pg= 0.500 ids= 612 TEE=0
rank=16 Lx=Ly=12 pg= 0.545 ids= 396 TEE=0
rank=11 Lx=Ly=12 pg= 0.545 ids= 371 TEE=0
rank= 5 Lx=Ly=12 pg= 0.545 ids= 465 TEE=0
rank=18 Lx=Ly=12 pg= 0.500 ids= 658 TEE=0
rank=15 Lx=Ly=12 pg= 0.500 ids= 715 TEE=0
rank= 8 Lx=Ly=12 pg= 0.545 ids= 408 TEE=0
rank= 0 Lx=Ly=12 pg= 0.545 ids= 400 TEE=0
rank= 7 Lx=Ly=12 pg= 0.545 ids= 387 TEE=0
rank= 6 Lx=Ly=12 pg= 0.500 ids= 626 TEE=0
rank=14 Lx=Ly=12 pg= 0.545 ids= 394 TEE=1
rank= 9 Lx=Ly=12 pg= 0.545 ids= 349 TEE=0
rank=17 Lx=Ly=12 pg= 0.545 ids= 497 TEE=0
rank= 1 Lx=Ly=12 pg= 0.545 ids= 481 TEE=0
rank=10 Lx=Ly=12 pg= 0.545 ids= 430 TEE=0
rank= 4 Lx=Ly=12 pg= 0.500 ids= 704 TEE=0
rank= 3 Lx=Ly=12 pg= 0.500 ids= 663 TEE=0
rank=16 Lx=Ly=12 pg= 0.545 ids= 416 TEE=0
rank= 5 Lx=Ly=12 pg= 0.545 ids= 485 TEE=0
rank=19 Lx=Ly=12 pg= 0.500 ids= 659 TEE=0
rank=13 Lx=Ly=12 pg= 0.545 ids= 333 TEE=0
rank=11 Lx=Ly=12 pg= 0.545 ids= 391 TEE=0
rank= 2 Lx=Ly=12 pg= 0.500 ids= 622 TEE=0
rank= 0 Lx=Ly=12 pg= 0.545 ids= 420 TEE=0
rank= 7 Lx=Ly=12 pg= 0.545 ids= 407 TEE=0
rank= 8 Lx=Ly=12 pg= 0.545 ids= 428 TEE=0
rank=14 Lx=Ly=12 pg= 0.545 ids= 414 TEE=0
rank= 9 Lx=Ly=12 pg= 0.545 ids= 369 TEE=0
rank=17 Lx=Ly=12 pg= 0.545 ids= 517 TEE=0
rank= 1 Lx=Ly=12 pg= 0.545 ids= 501 TEE=0
rank=15 Lx=Ly=12 pg= 0.500 ids= 735 TEE=0
rank=10 Lx=Ly=12 pg= 0.545 ids= 450 TEE=0
rank= 5 Lx=Ly=12 pg= 0.545 ids= 505 TEE=0
rank=13 Lx=Ly=12 pg= 0.545 ids= 353 TEE=0
rank=11 Lx=Ly=12 pg= 0.545 ids= 411 TEE=0
rank=16 Lx=Ly=12 pg= 0.545 ids= 436 TEE=0
rank=12 Lx=Ly=12 pg= 0.500 ids= 632 TEE=0
rank=18 Lx=Ly=12 pg= 0.500 ids= 678 TEE=0
rank= 0 Lx=Ly=12 pg= 0.545 ids= 440 TEE=0
rank= 8 Lx=Ly=12 pg= 0.545 ids= 448 TEE=0
rank=14 Lx=Ly=12 pg= 0.545 ids= 434 TEE=0
rank= 7 Lx=Ly=12 pg= 0.545 ids= 427 TEE=0
rank= 6 Lx=Ly=12 pg= 0.500 ids= 646 TEE=0
rank= 9 Lx=Ly=12 pg= 0.545 ids= 389 TEE=0
rank=17 Lx=Ly=12 pg= 0.545 ids= 537 TEE=0
rank= 1 Lx=Ly=12 pg= 0.545 ids= 521 TEE=0
rank= 4 Lx=Ly=12 pg= 0.500 ids= 724 TEE=0
rank=10 Lx=Ly=12 pg= 0.545 ids= 470 TEE=0
rank= 5 Lx=Ly=12 pg= 0.545 ids= 525 TEE=0
rank= 3 Lx=Ly=12 pg= 0.500 ids= 683 TEE=0
rank=13 Lx=Ly=12 pg= 0.545 ids= 373 TEE=0
rank=11 Lx=Ly=12 pg= 0.545 ids= 431 TEE=0
rank=16 Lx=Ly=12 pg= 0.545 ids= 456 TEE=0
rank=19 Lx=Ly=12 pg= 0.500 ids= 679 TEE=0
rank= 0 Lx=Ly=12 pg= 0.545 ids= 460 TEE=0
rank= 2 Lx=Ly=12 pg= 0.500 ids= 642 TEE=0
rank=14 Lx=Ly=12 pg= 0.545 ids= 454 TEE=0
rank= 7 Lx=Ly=12 pg= 0.545 ids= 447 TEE=0
rank= 8 Lx=Ly=12 pg= 0.545 ids= 468 TEE=0
rank=17 Lx=Ly=12 pg= 0.545 ids= 557 TEE=0
rank= 9 Lx=Ly=12 pg= 0.545 ids= 409 TEE=0
rank= 1 Lx=Ly=12 pg= 0.545 ids= 541 TEE=0
rank=18 Lx=Ly=12 pg= 0.500 ids= 698 TEE=0
rank=15 Lx=Ly=12 pg= 0.500 ids= 755 TEE=0
rank=10 Lx=Ly=12 pg= 0.545 ids= 490 TEE=0
rank= 5 Lx=Ly=12 pg= 0.545 ids= 545 TEE=0
rank=11 Lx=Ly=12 pg= 0.545 ids= 451 TEE=0
rank=12 Lx=Ly=12 pg= 0.500 ids= 652 TEE=0
rank=13 Lx=Ly=12 pg= 0.545 ids= 393 TEE=0
rank=16 Lx=Ly=12 pg= 0.545 ids= 476 TEE=0
rank= 0 Lx=Ly=12 pg= 0.545 ids= 480 TEE=0
rank= 7 Lx=Ly=12 pg= 0.545 ids= 467 TEE=0
rank=14 Lx=Ly=12 pg= 0.545 ids= 474 TEE=0
rank=17 Lx=Ly=12 pg= 0.545 ids= 577 TEE=0
rank= 8 Lx=Ly=12 pg= 0.545 ids= 488 TEE=0
rank= 9 Lx=Ly=12 pg= 0.545 ids= 429 TEE=0
rank= 1 Lx=Ly=12 pg= 0.545 ids= 561 TEE=0
rank= 6 Lx=Ly=12 pg= 0.500 ids= 666 TEE=0
rank=10 Lx=Ly=12 pg= 0.545 ids= 510 TEE=0
rank= 3 Lx=Ly=12 pg= 0.500 ids= 703 TEE=0
rank= 5 Lx=Ly=12 pg= 0.545 ids= 565 TEE=0
rank=11 Lx=Ly=12 pg= 0.545 ids= 471 TEE=0
rank=13 Lx=Ly=12 pg= 0.545 ids= 413 TEE=0
rank= 4 Lx=Ly=12 pg= 0.500 ids= 744 TEE=0
rank=16 Lx=Ly=12 pg= 0.545 ids= 496 TEE=0
rank= 2 Lx=Ly=12 pg= 0.500 ids= 662 TEE=0
rank= 0 Lx=Ly=12 pg= 0.545 ids= 500 TEE=0
rank=19 Lx=Ly=12 pg= 0.500 ids= 699 TEE=0
rank=14 Lx=Ly=12 pg= 0.545 ids= 494 TEE=0
rank=15 Lx=Ly=12 pg= 0.500 ids= 775 TEE=0
rank= 8 Lx=Ly=12 pg= 0.545 ids= 508 TEE=0
rank=17 Lx=Ly=12 pg= 0.545 ids= 597 TEE=0
rank= 7 Lx=Ly=12 pg= 0.545 ids= 487 TEE=0
rank= 9 Lx=Ly=12 pg= 0.545 ids= 449 TEE=0
rank= 1 Lx=Ly=12 pg= 0.545 ids= 581 TEE=0
rank=18 Lx=Ly=12 pg= 0.500 ids= 718 TEE=0
rank= 5 Lx=Ly=12 pg= 0.545 ids= 585 TEE=0
rank=10 Lx=Ly=12 pg= 0.545 ids= 530 TEE=0
rank=11 Lx=Ly=12 pg= 0.545 ids= 491 TEE=0
rank=12 Lx=Ly=12 pg= 0.500 ids= 672 TEE=0
rank=16 Lx=Ly=12 pg= 0.545 ids= 516 TEE=0
rank=13 Lx=Ly=12 pg= 0.545 ids= 433 TEE=0
rank= 0 Lx=Ly=12 pg= 0.545 ids= 520 TEE=0
rank=14 Lx=Ly=12 pg= 0.545 ids= 514 TEE=0
rank=17 Lx=Ly=12 pg= 0.545 ids= 617 TEE=0
rank= 8 Lx=Ly=12 pg= 0.545 ids= 528 TEE=0
rank= 7 Lx=Ly=12 pg= 0.545 ids= 507 TEE=0
rank= 1 Lx=Ly=12 pg= 0.545 ids= 601 TEE=0
rank= 9 Lx=Ly=12 pg= 0.545 ids= 469 TEE=0
rank= 5 Lx=Ly=12 pg= 0.545 ids= 605 TEE=0
rank=10 Lx=Ly=12 pg= 0.545 ids= 550 TEE=0
rank=11 Lx=Ly=12 pg= 0.545 ids= 511 TEE=0
rank= 6 Lx=Ly=12 pg= 0.500 ids= 686 TEE=0
rank= 4 Lx=Ly=12 pg= 0.500 ids= 764 TEE=0
rank= 3 Lx=Ly=12 pg= 0.500 ids= 723 TEE=0
rank=16 Lx=Ly=12 pg= 0.545 ids= 536 TEE=0
rank=15 Lx=Ly=12 pg= 0.500 ids= 795 TEE=0
rank=19 Lx=Ly=12 pg= 0.500 ids= 719 TEE=0
rank= 0 Lx=Ly=12 pg= 0.545 ids= 540 TEE=0
rank=13 Lx=Ly=12 pg= 0.545 ids= 453 TEE=0
rank=14 Lx=Ly=12 pg= 0.545 ids= 534 TEE=0
rank=17 Lx=Ly=12 pg= 0.545 ids= 637 TEE=0
rank= 8 Lx=Ly=12 pg= 0.545 ids= 548 TEE=0
rank= 2 Lx=Ly=12 pg= 0.500 ids= 682 TEE=0
rank= 7 Lx=Ly=12 pg= 0.545 ids= 527 TEE=0
rank= 1 Lx=Ly=12 pg= 0.545 ids= 621 TEE=0
rank= 5 Lx=Ly=12 pg= 0.545 ids= 625 TEE=0
rank=10 Lx=Ly=12 pg= 0.545 ids= 570 TEE=0
rank= 9 Lx=Ly=12 pg= 0.545 ids= 489 TEE=0
rank=11 Lx=Ly=12 pg= 0.545 ids= 531 TEE=0
rank=18 Lx=Ly=12 pg= 0.500 ids= 738 TEE=0
rank=16 Lx=Ly=12 pg= 0.545 ids= 556 TEE=0
rank=12 Lx=Ly=12 pg= 0.500 ids= 692 TEE=0
rank= 0 Lx=Ly=12 pg= 0.545 ids= 560 TEE=0
rank=14 Lx=Ly=12 pg= 0.545 ids= 554 TEE=0
rank=13 Lx=Ly=12 pg= 0.545 ids= 473 TEE=0
rank=17 Lx=Ly=12 pg= 0.545 ids= 657 TEE=0
rank= 1 Lx=Ly=12 pg= 0.545 ids= 641 TEE=0
rank= 8 Lx=Ly=12 pg= 0.545 ids= 568 TEE=0
rank= 7 Lx=Ly=12 pg= 0.545 ids= 547 TEE=0
rank=19 Lx=Ly=12 pg= 0.500 ids= 739 TEE=0
rank= 9 Lx=Ly=12 pg= 0.545 ids= 509 TEE=0
rank= 5 Lx=Ly=12 pg= 0.545 ids= 645 TEE=0
rank=10 Lx=Ly=12 pg= 0.545 ids= 590 TEE=0
rank= 3 Lx=Ly=12 pg= 0.500 ids= 743 TEE=0
rank= 2 Lx=Ly=12 pg= 0.500 ids= 702 TEE=0
rank=11 Lx=Ly=12 pg= 0.545 ids= 551 TEE=0
rank= 6 Lx=Ly=12 pg= 0.500 ids= 706 TEE=0
rank=16 Lx=Ly=12 pg= 0.545 ids= 576 TEE=0
rank= 0 Lx=Ly=12 pg= 0.545 ids= 580 TEE=0
rank= 4 Lx=Ly=12 pg= 0.500 ids= 784 TEE=0
rank=14 Lx=Ly=12 pg= 0.545 ids= 574 TEE=0
rank=17 Lx=Ly=12 pg= 0.545 ids= 677 TEE=0
rank=13 Lx=Ly=12 pg= 0.545 ids= 493 TEE=0
rank=15 Lx=Ly=12 pg= 0.545 ids=  15 TEE=0
rank= 1 Lx=Ly=12 pg= 0.545 ids= 661 TEE=0
rank= 5 Lx=Ly=12 pg= 0.545 ids= 665 TEE=0
rank=10 Lx=Ly=12 pg= 0.545 ids= 610 TEE=0
rank= 8 Lx=Ly=12 pg= 0.545 ids= 588 TEE=0
rank= 9 Lx=Ly=12 pg= 0.545 ids= 529 TEE=0
rank= 7 Lx=Ly=12 pg= 0.545 ids= 567 TEE=0
rank=11 Lx=Ly=12 pg= 0.545 ids= 571 TEE=0
rank=18 Lx=Ly=12 pg= 0.500 ids= 758 TEE=0
rank=16 Lx=Ly=12 pg= 0.545 ids= 596 TEE=0
rank=12 Lx=Ly=12 pg= 0.500 ids= 712 TEE=0
rank= 0 Lx=Ly=12 pg= 0.545 ids= 600 TEE=0
rank=14 Lx=Ly=12 pg= 0.545 ids= 594 TEE=0
rank=17 Lx=Ly=12 pg= 0.545 ids= 697 TEE=0
rank= 3 Lx=Ly=12 pg= 0.500 ids= 763 TEE=0
rank= 1 Lx=Ly=12 pg= 0.545 ids= 681 TEE=0
rank=13 Lx=Ly=12 pg= 0.545 ids= 513 TEE=0
rank= 5 Lx=Ly=12 pg= 0.545 ids= 685 TEE=0
rank=19 Lx=Ly=12 pg= 0.500 ids= 759 TEE=0
rank=10 Lx=Ly=12 pg= 0.545 ids= 630 TEE=0
rank= 8 Lx=Ly=12 pg= 0.545 ids= 608 TEE=0
rank= 9 Lx=Ly=12 pg= 0.545 ids= 549 TEE=0
rank= 2 Lx=Ly=12 pg= 0.500 ids= 722 TEE=0
rank= 7 Lx=Ly=12 pg= 0.545 ids= 587 TEE=0
rank= 6 Lx=Ly=12 pg= 0.500 ids= 726 TEE=0
rank=11 Lx=Ly=12 pg= 0.545 ids= 591 TEE=0
rank=16 Lx=Ly=12 pg= 0.545 ids= 616 TEE=0
rank=14 Lx=Ly=12 pg= 0.545 ids= 614 TEE=0
rank= 0 Lx=Ly=12 pg= 0.545 ids= 620 TEE=0
rank=17 Lx=Ly=12 pg= 0.545 ids= 717 TEE=0
rank=15 Lx=Ly=12 pg= 0.545 ids=  35 TEE=0
rank= 4 Lx=Ly=12 pg= 0.545 ids=   4 TEE=0
rank= 1 Lx=Ly=12 pg= 0.545 ids= 701 TEE=0
rank=13 Lx=Ly=12 pg= 0.545 ids= 533 TEE=0
rank= 5 Lx=Ly=12 pg= 0.545 ids= 705 TEE=0
rank=10 Lx=Ly=12 pg= 0.545 ids= 650 TEE=0
rank= 9 Lx=Ly=12 pg= 0.545 ids= 569 TEE=0
rank= 8 Lx=Ly=12 pg= 0.545 ids= 628 TEE=0
rank= 7 Lx=Ly=12 pg= 0.545 ids= 607 TEE=0
rank=16 Lx=Ly=12 pg= 0.545 ids= 636 TEE=0
rank=19 Lx=Ly=12 pg= 0.500 ids= 779 TEE=0
rank=11 Lx=Ly=12 pg= 0.545 ids= 611 TEE=0
rank= 3 Lx=Ly=12 pg= 0.500 ids= 783 TEE=0
rank=14 Lx=Ly=12 pg= 0.545 ids= 634 TEE=0
rank=17 Lx=Ly=12 pg= 0.545 ids= 737 TEE=0
rank= 0 Lx=Ly=12 pg= 0.545 ids= 640 TEE=0
rank=12 Lx=Ly=12 pg= 0.500 ids= 732 TEE=0
rank=18 Lx=Ly=12 pg= 0.500 ids= 778 TEE=0
rank= 1 Lx=Ly=12 pg= 0.545 ids= 721 TEE=0
rank=13 Lx=Ly=12 pg= 0.545 ids= 553 TEE=0
rank= 5 Lx=Ly=12 pg= 0.545 ids= 725 TEE=0
rank=10 Lx=Ly=12 pg= 0.545 ids= 670 TEE=0
rank= 9 Lx=Ly=12 pg= 0.545 ids= 589 TEE=0
rank= 6 Lx=Ly=12 pg= 0.500 ids= 746 TEE=0
rank=15 Lx=Ly=12 pg= 0.545 ids=  55 TEE=0
rank= 7 Lx=Ly=12 pg= 0.545 ids= 627 TEE=0
rank= 2 Lx=Ly=12 pg= 0.500 ids= 742 TEE=0
rank= 8 Lx=Ly=12 pg= 0.545 ids= 648 TEE=0
rank=14 Lx=Ly=12 pg= 0.545 ids= 654 TEE=0
rank=16 Lx=Ly=12 pg= 0.545 ids= 656 TEE=0
rank=17 Lx=Ly=12 pg= 0.545 ids= 757 TEE=0
rank=11 Lx=Ly=12 pg= 0.545 ids= 631 TEE=0
rank= 0 Lx=Ly=12 pg= 0.545 ids= 660 TEE=0
rank= 1 Lx=Ly=12 pg= 0.545 ids= 741 TEE=0
rank= 4 Lx=Ly=12 pg= 0.545 ids=  24 TEE=0
rank=13 Lx=Ly=12 pg= 0.545 ids= 573 TEE=0
rank= 5 Lx=Ly=12 pg= 0.545 ids= 745 TEE=0
rank=10 Lx=Ly=12 pg= 0.545 ids= 690 TEE=0
rank= 9 Lx=Ly=12 pg= 0.545 ids= 609 TEE=0
rank=19 Lx=Ly=12 pg= 0.500 ids= 799 TEE=0
rank=12 Lx=Ly=12 pg= 0.500 ids= 752 TEE=0
rank=18 Lx=Ly=12 pg= 0.500 ids= 798 TEE=0
rank=14 Lx=Ly=12 pg= 0.545 ids= 674 TEE=0
rank=17 Lx=Ly=12 pg= 0.545 ids= 777 TEE=0
rank= 0 Lx=Ly=12 pg= 0.545 ids= 680 TEE=0
rank= 7 Lx=Ly=12 pg= 0.545 ids= 647 TEE=0
rank= 3 Lx=Ly=12 pg= 0.545 ids=   3 TEE=0
rank=16 Lx=Ly=12 pg= 0.545 ids= 676 TEE=0
rank= 8 Lx=Ly=12 pg= 0.545 ids= 668 TEE=0
rank= 1 Lx=Ly=12 pg= 0.545 ids= 761 TEE=0
rank=11 Lx=Ly=12 pg= 0.545 ids= 651 TEE=0
rank= 5 Lx=Ly=12 pg= 0.545 ids= 765 TEE=0
rank=10 Lx=Ly=12 pg= 0.545 ids= 710 TEE=0
rank=15 Lx=Ly=12 pg= 0.545 ids=  75 TEE=0
rank= 6 Lx=Ly=12 pg= 0.500 ids= 766 TEE=0
rank=13 Lx=Ly=12 pg= 0.545 ids= 593 TEE=0
rank= 9 Lx=Ly=12 pg= 0.545 ids= 629 TEE=0
rank=14 Lx=Ly=12 pg= 0.545 ids= 694 TEE=0
rank=17 Lx=Ly=12 pg= 0.545 ids= 797 TEE=0
rank= 0 Lx=Ly=12 pg= 0.545 ids= 700 TEE=0
rank= 2 Lx=Ly=12 pg= 0.500 ids= 762 TEE=0
rank=16 Lx=Ly=12 pg= 0.545 ids= 696 TEE=0
rank= 7 Lx=Ly=12 pg= 0.545 ids= 667 TEE=0
rank=11 Lx=Ly=12 pg= 0.545 ids= 671 TEE=0
rank= 8 Lx=Ly=12 pg= 0.545 ids= 688 TEE=0
rank= 1 Lx=Ly=12 pg= 0.545 ids= 781 TEE=0
rank= 4 Lx=Ly=12 pg= 0.545 ids=  44 TEE=0
rank=19 Lx=Ly=12 pg= 0.545 ids=  19 TEE=0
rank= 5 Lx=Ly=12 pg= 0.545 ids= 785 TEE=0
rank=10 Lx=Ly=12 pg= 0.545 ids= 730 TEE=0
rank=13 Lx=Ly=12 pg= 0.545 ids= 613 TEE=0
rank= 9 Lx=Ly=12 pg= 0.545 ids= 649 TEE=0
rank=14 Lx=Ly=12 pg= 0.545 ids= 714 TEE=0
rank=17 Lx=Ly=12 pg= 0.590 ids=  17 TEE=0
rank= 0 Lx=Ly=12 pg= 0.545 ids= 720 TEE=0
rank=18 Lx=Ly=12 pg= 0.545 ids=  18 TEE=0
rank=12 Lx=Ly=12 pg= 0.500 ids= 772 TEE=0
rank= 7 Lx=Ly=12 pg= 0.545 ids= 687 TEE=0
rank= 1 Lx=Ly=12 pg= 0.590 ids=   1 TEE=0
rank=11 Lx=Ly=12 pg= 0.545 ids= 691 TEE=0
rank=16 Lx=Ly=12 pg= 0.545 ids= 716 TEE=0
rank= 8 Lx=Ly=12 pg= 0.545 ids= 708 TEE=0
rank= 3 Lx=Ly=12 pg= 0.545 ids=  23 TEE=0
rank= 5 Lx=Ly=12 pg= 0.590 ids=   5 TEE=0
rank=10 Lx=Ly=12 pg= 0.545 ids= 750 TEE=0
rank=15 Lx=Ly=12 pg= 0.545 ids=  95 TEE=0
rank=13 Lx=Ly=12 pg= 0.545 ids= 633 TEE=0
rank= 6 Lx=Ly=12 pg= 0.500 ids= 786 TEE=0
rank= 9 Lx=Ly=12 pg= 0.545 ids= 669 TEE=0
rank=14 Lx=Ly=12 pg= 0.545 ids= 734 TEE=0
rank=17 Lx=Ly=12 pg= 0.590 ids=  37 TEE=0
rank= 0 Lx=Ly=12 pg= 0.545 ids= 740 TEE=0
rank= 1 Lx=Ly=12 pg= 0.590 ids=  21 TEE=0
rank=16 Lx=Ly=12 pg= 0.545 ids= 736 TEE=0
rank= 7 Lx=Ly=12 pg= 0.545 ids= 707 TEE=0
rank= 2 Lx=Ly=12 pg= 0.500 ids= 782 TEE=0
rank= 8 Lx=Ly=12 pg= 0.545 ids= 728 TEE=0
rank=11 Lx=Ly=12 pg= 0.545 ids= 711 TEE=0
rank= 5 Lx=Ly=12 pg= 0.590 ids=  25 TEE=0
rank=10 Lx=Ly=12 pg= 0.545 ids= 770 TEE=0
rank=19 Lx=Ly=12 pg= 0.545 ids=  39 TEE=0
rank= 4 Lx=Ly=12 pg= 0.545 ids=  64 TEE=0
rank= 9 Lx=Ly=12 pg= 0.545 ids= 689 TEE=0
rank=13 Lx=Ly=12 pg= 0.545 ids= 653 TEE=0
rank=14 Lx=Ly=12 pg= 0.545 ids= 754 TEE=0
rank=17 Lx=Ly=12 pg= 0.590 ids=  57 TEE=0
rank= 0 Lx=Ly=12 pg= 0.545 ids= 760 TEE=0
rank=18 Lx=Ly=12 pg= 0.545 ids=  38 TEE=0
rank= 1 Lx=Ly=12 pg= 0.590 ids=  41 TEE=0
rank=12 Lx=Ly=12 pg= 0.500 ids= 792 TEE=0
rank= 7 Lx=Ly=12 pg= 0.545 ids= 727 TEE=0
rank=16 Lx=Ly=12 pg= 0.545 ids= 756 TEE=0
rank= 8 Lx=Ly=12 pg= 0.545 ids= 748 TEE=0
rank=11 Lx=Ly=12 pg= 0.545 ids= 731 TEE=0
rank= 5 Lx=Ly=12 pg= 0.590 ids=  45 TEE=0
rank= 3 Lx=Ly=12 pg= 0.545 ids=  43 TEE=0
rank=10 Lx=Ly=12 pg= 0.545 ids= 790 TEE=0
rank= 6 Lx=Ly=12 pg= 0.545 ids=   6 TEE=0
rank=15 Lx=Ly=12 pg= 0.545 ids= 115 TEE=0
rank=14 Lx=Ly=12 pg= 0.545 ids= 774 TEE=0
rank= 9 Lx=Ly=12 pg= 0.545 ids= 709 TEE=0
rank=17 Lx=Ly=12 pg= 0.590 ids=  77 TEE=0
rank= 0 Lx=Ly=12 pg= 0.545 ids= 780 TEE=0
rank=13 Lx=Ly=12 pg= 0.545 ids= 673 TEE=0
rank= 1 Lx=Ly=12 pg= 0.590 ids=  61 TEE=0
rank=16 Lx=Ly=12 pg= 0.545 ids= 776 TEE=0
rank= 4 Lx=Ly=12 pg= 0.545 ids=  84 TEE=1
rank= 7 Lx=Ly=12 pg= 0.545 ids= 747 TEE=0
rank= 8 Lx=Ly=12 pg= 0.545 ids= 768 TEE=0
rank= 5 Lx=Ly=12 pg= 0.590 ids=  65 TEE=0
rank=11 Lx=Ly=12 pg= 0.545 ids= 751 TEE=0
rank= 2 Lx=Ly=12 pg= 0.545 ids=   2 TEE=0
rank=10 Lx=Ly=12 pg= 0.590 ids=  10 TEE=0
rank=19 Lx=Ly=12 pg= 0.545 ids=  59 TEE=0
rank=14 Lx=Ly=12 pg= 0.545 ids= 794 TEE=0
rank=17 Lx=Ly=12 pg= 0.590 ids=  97 TEE=0
rank= 9 Lx=Ly=12 pg= 0.545 ids= 729 TEE=0
rank= 0 Lx=Ly=12 pg= 0.590 ids=   0 TEE=0
rank=13 Lx=Ly=12 pg= 0.545 ids= 693 TEE=0
rank= 1 Lx=Ly=12 pg= 0.590 ids=  81 TEE=0
rank=18 Lx=Ly=12 pg= 0.545 ids=  58 TEE=0
rank= 5 Lx=Ly=12 pg= 0.590 ids=  85 TEE=0
rank= 7 Lx=Ly=12 pg= 0.545 ids= 767 TEE=0
rank=16 Lx=Ly=12 pg= 0.545 ids= 796 TEE=0
rank= 8 Lx=Ly=12 pg= 0.545 ids= 788 TEE=1
rank=12 Lx=Ly=12 pg= 0.545 ids=  12 TEE=0
rank=10 Lx=Ly=12 pg= 0.590 ids=  30 TEE=0
rank=11 Lx=Ly=12 pg= 0.545 ids= 771 TEE=0
rank= 3 Lx=Ly=12 pg= 0.545 ids=  63 TEE=0
rank= 6 Lx=Ly=12 pg= 0.545 ids=  26 TEE=0
rank=15 Lx=Ly=12 pg= 0.545 ids= 135 TEE=0
rank=14 Lx=Ly=12 pg= 0.590 ids=  14 TEE=0
rank=17 Lx=Ly=12 pg= 0.590 ids= 117 TEE=-1
rank= 9 Lx=Ly=12 pg= 0.545 ids= 749 TEE=0
rank= 0 Lx=Ly=12 pg= 0.590 ids=  20 TEE=0
rank=13 Lx=Ly=12 pg= 0.545 ids= 713 TEE=0
rank= 1 Lx=Ly=12 pg= 0.590 ids= 101 TEE=0
rank= 4 Lx=Ly=12 pg= 0.545 ids= 104 TEE=0
rank= 5 Lx=Ly=12 pg= 0.590 ids= 105 TEE=0
rank= 7 Lx=Ly=12 pg= 0.545 ids= 787 TEE=0
rank= 8 Lx=Ly=12 pg= 0.590 ids=   8 TEE=-1
rank=10 Lx=Ly=12 pg= 0.590 ids=  50 TEE=0
rank= 2 Lx=Ly=12 pg= 0.545 ids=  22 TEE=0
rank=11 Lx=Ly=12 pg= 0.545 ids= 791 TEE=0
rank=16 Lx=Ly=12 pg= 0.590 ids=  16 TEE=0
rank=19 Lx=Ly=12 pg= 0.545 ids=  79 TEE=0
rank=14 Lx=Ly=12 pg= 0.590 ids=  34 TEE=0
rank=17 Lx=Ly=12 pg= 0.590 ids= 137 TEE=0
rank= 0 Lx=Ly=12 pg= 0.590 ids=  40 TEE=0
rank= 9 Lx=Ly=12 pg= 0.545 ids= 769 TEE=0
rank=13 Lx=Ly=12 pg= 0.545 ids= 733 TEE=0
rank= 1 Lx=Ly=12 pg= 0.590 ids= 121 TEE=0
rank=18 Lx=Ly=12 pg= 0.545 ids=  78 TEE=0
rank= 6 Lx=Ly=12 pg= 0.545 ids=  46 TEE=0
rank= 3 Lx=Ly=12 pg= 0.545 ids=  83 TEE=0
rank=12 Lx=Ly=12 pg= 0.545 ids=  32 TEE=0
rank= 5 Lx=Ly=12 pg= 0.590 ids= 125 TEE=0
rank=10 Lx=Ly=12 pg= 0.590 ids=  70 TEE=0
rank= 8 Lx=Ly=12 pg= 0.590 ids=  28 TEE=0
rank=16 Lx=Ly=12 pg= 0.590 ids=  36 TEE=0
rank= 7 Lx=Ly=12 pg= 0.590 ids=   7 TEE=0
rank=11 Lx=Ly=12 pg= 0.590 ids=  11 TEE=0
rank=14 Lx=Ly=12 pg= 0.590 ids=  54 TEE=0
rank=15 Lx=Ly=12 pg= 0.545 ids= 155 TEE=0
rank=17 Lx=Ly=12 pg= 0.590 ids= 157 TEE=0
rank= 4 Lx=Ly=12 pg= 0.545 ids= 124 TEE=0
rank= 0 Lx=Ly=12 pg= 0.590 ids=  60 TEE=0
rank= 1 Lx=Ly=12 pg= 0.590 ids= 141 TEE=0
rank= 9 Lx=Ly=12 pg= 0.545 ids= 789 TEE=0
rank=13 Lx=Ly=12 pg= 0.545 ids= 753 TEE=0
rank= 2 Lx=Ly=12 pg= 0.545 ids=  42 TEE=0
rank= 5 Lx=Ly=12 pg= 0.590 ids= 145 TEE=0
rank=10 Lx=Ly=12 pg= 0.590 ids=  90 TEE=0
rank= 8 Lx=Ly=12 pg= 0.590 ids=  48 TEE=0
rank=14 Lx=Ly=12 pg= 0.590 ids=  74 TEE=0
rank=17 Lx=Ly=12 pg= 0.590 ids= 177 TEE=0
rank=19 Lx=Ly=12 pg= 0.545 ids=  99 TEE=0
rank= 0 Lx=Ly=12 pg= 0.590 ids=  80 TEE=0
rank=16 Lx=Ly=12 pg= 0.590 ids=  56 TEE=0
rank= 7 Lx=Ly=12 pg= 0.590 ids=  27 TEE=0
rank=11 Lx=Ly=12 pg= 0.590 ids=  31 TEE=0
rank= 1 Lx=Ly=12 pg= 0.590 ids= 161 TEE=0
rank= 6 Lx=Ly=12 pg= 0.545 ids=  66 TEE=0
rank= 9 Lx=Ly=12 pg= 0.590 ids=   9 TEE=0
rank=13 Lx=Ly=12 pg= 0.545 ids= 773 TEE=0
rank= 3 Lx=Ly=12 pg= 0.545 ids= 103 TEE=0
rank= 5 Lx=Ly=12 pg= 0.590 ids= 165 TEE=0
rank=12 Lx=Ly=12 pg= 0.545 ids=  52 TEE=0
rank=18 Lx=Ly=12 pg= 0.545 ids=  98 TEE=0
rank=10 Lx=Ly=12 pg= 0.590 ids= 110 TEE=0
rank= 8 Lx=Ly=12 pg= 0.590 ids=  68 TEE=-1
rank=17 Lx=Ly=12 pg= 0.590 ids= 197 TEE=0
rank=14 Lx=Ly=12 pg= 0.590 ids=  94 TEE=0
rank= 0 Lx=Ly=12 pg= 0.590 ids= 100 TEE=0
rank=16 Lx=Ly=12 pg= 0.590 ids=  76 TEE=0
rank= 1 Lx=Ly=12 pg= 0.590 ids= 181 TEE=0
rank=11 Lx=Ly=12 pg= 0.590 ids=  51 TEE=0
rank= 7 Lx=Ly=12 pg= 0.590 ids=  47 TEE=0
rank=15 Lx=Ly=12 pg= 0.545 ids= 175 TEE=0
rank= 4 Lx=Ly=12 pg= 0.545 ids= 144 TEE=0
rank= 2 Lx=Ly=12 pg= 0.545 ids=  62 TEE=0
rank= 9 Lx=Ly=12 pg= 0.590 ids=  29 TEE=0
rank= 5 Lx=Ly=12 pg= 0.590 ids= 185 TEE=0
rank=13 Lx=Ly=12 pg= 0.545 ids= 793 TEE=0
rank=10 Lx=Ly=12 pg= 0.590 ids= 130 TEE=0
rank= 8 Lx=Ly=12 pg= 0.590 ids=  88 TEE=0
rank=14 Lx=Ly=12 pg= 0.590 ids= 114 TEE=0
rank=17 Lx=Ly=12 pg= 0.590 ids= 217 TEE=0
rank= 0 Lx=Ly=12 pg= 0.590 ids= 120 TEE=0
rank=19 Lx=Ly=12 pg= 0.545 ids= 119 TEE=0
rank= 1 Lx=Ly=12 pg= 0.590 ids= 201 TEE=0
rank=16 Lx=Ly=12 pg= 0.590 ids=  96 TEE=0
rank=11 Lx=Ly=12 pg= 0.590 ids=  71 TEE=0
rank= 7 Lx=Ly=12 pg= 0.590 ids=  67 TEE=0
rank= 6 Lx=Ly=12 pg= 0.545 ids=  86 TEE=0
rank= 5 Lx=Ly=12 pg= 0.590 ids= 205 TEE=0
rank= 3 Lx=Ly=12 pg= 0.545 ids= 123 TEE=0
rank= 9 Lx=Ly=12 pg= 0.590 ids=  49 TEE=0
rank=18 Lx=Ly=12 pg= 0.545 ids= 118 TEE=0
rank=13 Lx=Ly=12 pg= 0.590 ids=  13 TEE=0
rank=10 Lx=Ly=12 pg= 0.590 ids= 150 TEE=0
rank=12 Lx=Ly=12 pg= 0.545 ids=  72 TEE=0
rank=14 Lx=Ly=12 pg= 0.590 ids= 134 TEE=0
rank=17 Lx=Ly=12 pg= 0.590 ids= 237 TEE=0
rank= 4 Lx=Ly=12 pg= 0.545 ids= 164 TEE=0
rank= 0 Lx=Ly=12 pg= 0.590 ids= 140 TEE=0
rank= 1 Lx=Ly=12 pg= 0.590 ids= 221 TEE=0
rank= 8 Lx=Ly=12 pg= 0.590 ids= 108 TEE=0
rank=16 Lx=Ly=12 pg= 0.590 ids= 116 TEE=0
rank= 2 Lx=Ly=12 pg= 0.545 ids=  82 TEE=0
rank= 7 Lx=Ly=12 pg= 0.590 ids=  87 TEE=0
rank=11 Lx=Ly=12 pg= 0.590 ids=  91 TEE=0
rank=15 Lx=Ly=12 pg= 0.545 ids= 195 TEE=0
rank= 5 Lx=Ly=12 pg= 0.590 ids= 225 TEE=0
rank= 9 Lx=Ly=12 pg= 0.590 ids=  69 TEE=-1
rank=10 Lx=Ly=12 pg= 0.590 ids= 170 TEE=0
rank=13 Lx=Ly=12 pg= 0.590 ids=  33 TEE=0
rank=17 Lx=Ly=12 pg= 0.590 ids= 257 TEE=0
rank=14 Lx=Ly=12 pg= 0.590 ids= 154 TEE=0
rank= 1 Lx=Ly=12 pg= 0.590 ids= 241 TEE=0
rank= 0 Lx=Ly=12 pg= 0.590 ids= 160 TEE=0
rank=19 Lx=Ly=12 pg= 0.545 ids= 139 TEE=0
rank= 8 Lx=Ly=12 pg= 0.590 ids= 128 TEE=0
rank=16 Lx=Ly=12 pg= 0.590 ids= 136 TEE=0
rank=11 Lx=Ly=12 pg= 0.590 ids= 111 TEE=0
rank= 5 Lx=Ly=12 pg= 0.590 ids= 245 TEE=0
rank= 6 Lx=Ly=12 pg= 0.545 ids= 106 TEE=0
rank= 7 Lx=Ly=12 pg= 0.590 ids= 107 TEE=0
rank=10 Lx=Ly=12 pg= 0.590 ids= 190 TEE=0
rank=13 Lx=Ly=12 pg= 0.590 ids=  53 TEE=0
rank= 9 Lx=Ly=12 pg= 0.590 ids=  89 TEE=0
rank= 3 Lx=Ly=12 pg= 0.545 ids= 143 TEE=0
rank=18 Lx=Ly=12 pg= 0.545 ids= 138 TEE=0
rank=17 Lx=Ly=12 pg= 0.590 ids= 277 TEE=0
rank=14 Lx=Ly=12 pg= 0.590 ids= 174 TEE=0
rank=12 Lx=Ly=12 pg= 0.545 ids=  92 TEE=0
rank= 1 Lx=Ly=12 pg= 0.590 ids= 261 TEE=0
rank= 0 Lx=Ly=12 pg= 0.590 ids= 180 TEE=-1
rank=15 Lx=Ly=12 pg= 0.545 ids= 215 TEE=0
rank= 4 Lx=Ly=12 pg= 0.545 ids= 184 TEE=0
rank= 2 Lx=Ly=12 pg= 0.545 ids= 102 TEE=0
rank=16 Lx=Ly=12 pg= 0.590 ids= 156 TEE=0
rank= 5 Lx=Ly=12 pg= 0.590 ids= 265 TEE=0
rank= 8 Lx=Ly=12 pg= 0.590 ids= 148 TEE=0
rank=11 Lx=Ly=12 pg= 0.590 ids= 131 TEE=0
rank=10 Lx=Ly=12 pg= 0.590 ids= 210 TEE=0
rank= 7 Lx=Ly=12 pg= 0.590 ids= 127 TEE=0
rank=17 Lx=Ly=12 pg= 0.590 ids= 297 TEE=0
rank=14 Lx=Ly=12 pg= 0.590 ids= 194 TEE=0
rank=13 Lx=Ly=12 pg= 0.590 ids=  73 TEE=-1
rank= 9 Lx=Ly=12 pg= 0.590 ids= 109 TEE=0
rank= 1 Lx=Ly=12 pg= 0.590 ids= 281 TEE=0
rank= 0 Lx=Ly=12 pg= 0.590 ids= 200 TEE=0
rank=19 Lx=Ly=12 pg= 0.545 ids= 159 TEE=0
rank= 6 Lx=Ly=12 pg= 0.545 ids= 126 TEE=0
rank= 5 Lx=Ly=12 pg= 0.590 ids= 285 TEE=0
rank=16 Lx=Ly=12 pg= 0.590 ids= 176 TEE=1
rank= 3 Lx=Ly=12 pg= 0.545 ids= 163 TEE=0
rank= 8 Lx=Ly=12 pg= 0.590 ids= 168 TEE=0
rank=11 Lx=Ly=12 pg= 0.590 ids= 151 TEE=0
rank=10 Lx=Ly=12 pg= 0.590 ids= 230 TEE=0
rank= 7 Lx=Ly=12 pg= 0.590 ids= 147 TEE=0
rank=18 Lx=Ly=12 pg= 0.545 ids= 158 TEE=0
rank=12 Lx=Ly=12 pg= 0.545 ids= 112 TEE=0
rank=17 Lx=Ly=12 pg= 0.590 ids= 317 TEE=0
rank=14 Lx=Ly=12 pg= 0.590 ids= 214 TEE=0
rank= 1 Lx=Ly=12 pg= 0.590 ids= 301 TEE=1
rank= 9 Lx=Ly=12 pg= 0.590 ids= 129 TEE=0
rank= 4 Lx=Ly=12 pg= 0.545 ids= 204 TEE=0
rank=15 Lx=Ly=12 pg= 0.545 ids= 235 TEE=0
rank= 0 Lx=Ly=12 pg= 0.590 ids= 220 TEE=0
rank=13 Lx=Ly=12 pg= 0.590 ids=  93 TEE=-1
rank= 5 Lx=Ly=12 pg= 0.590 ids= 305 TEE=0
rank= 2 Lx=Ly=12 pg= 0.545 ids= 122 TEE=0
rank=16 Lx=Ly=12 pg= 0.590 ids= 196 TEE=0
rank= 8 Lx=Ly=12 pg= 0.590 ids= 188 TEE=0
rank=11 Lx=Ly=12 pg= 0.590 ids= 171 TEE=-1
rank=10 Lx=Ly=12 pg= 0.590 ids= 250 TEE=0
rank=17 Lx=Ly=12 pg= 0.590 ids= 337 TEE=0
rank= 7 Lx=Ly=12 pg= 0.590 ids= 167 TEE=0
rank=14 Lx=Ly=12 pg= 0.590 ids= 234 TEE=0
rank= 1 Lx=Ly=12 pg= 0.590 ids= 321 TEE=0
rank= 3 Lx=Ly=12 pg= 0.545 ids= 183 TEE=0
rank= 9 Lx=Ly=12 pg= 0.590 ids= 149 TEE=0
rank= 0 Lx=Ly=12 pg= 0.590 ids= 240 TEE=0
rank=13 Lx=Ly=12 pg= 0.590 ids= 113 TEE=0
rank= 5 Lx=Ly=12 pg= 0.590 ids= 325 TEE=0
rank= 6 Lx=Ly=12 pg= 0.545 ids= 146 TEE=0
rank=12 Lx=Ly=12 pg= 0.545 ids= 132 TEE=0
rank=19 Lx=Ly=12 pg= 0.545 ids= 179 TEE=0
rank=16 Lx=Ly=12 pg= 0.590 ids= 216 TEE=0
rank= 8 Lx=Ly=12 pg= 0.590 ids= 208 TEE=0
rank=10 Lx=Ly=12 pg= 0.590 ids= 270 TEE=0
rank=18 Lx=Ly=12 pg= 0.545 ids= 178 TEE=0
rank=17 Lx=Ly=12 pg= 0.590 ids= 357 TEE=0
rank=11 Lx=Ly=12 pg= 0.590 ids= 191 TEE=0
rank= 1 Lx=Ly=12 pg= 0.590 ids= 341 TEE=0
rank= 2 Lx=Ly=12 pg= 0.545 ids= 142 TEE=0
rank=14 Lx=Ly=12 pg= 0.590 ids= 254 TEE=0
rank= 7 Lx=Ly=12 pg= 0.590 ids= 187 TEE=0
rank= 0 Lx=Ly=12 pg= 0.590 ids= 260 TEE=0
rank=15 Lx=Ly=12 pg= 0.545 ids= 255 TEE=0
rank= 4 Lx=Ly=12 pg= 0.545 ids= 224 TEE=0
rank= 9 Lx=Ly=12 pg= 0.590 ids= 169 TEE=0
rank= 5 Lx=Ly=12 pg= 0.590 ids= 345 TEE=0
rank=13 Lx=Ly=12 pg= 0.590 ids= 133 TEE=0
rank=10 Lx=Ly=12 pg= 0.590 ids= 290 TEE=0
rank=16 Lx=Ly=12 pg= 0.590 ids= 236 TEE=0
rank=17 Lx=Ly=12 pg= 0.590 ids= 377 TEE=0
rank= 8 Lx=Ly=12 pg= 0.590 ids= 228 TEE=-1
rank=11 Lx=Ly=12 pg= 0.590 ids= 211 TEE=0
rank= 1 Lx=Ly=12 pg= 0.590 ids= 361 TEE=-1
rank=14 Lx=Ly=12 pg= 0.590 ids= 274 TEE=0
rank= 7 Lx=Ly=12 pg= 0.590 ids= 207 TEE=0
rank= 0 Lx=Ly=12 pg= 0.590 ids= 280 TEE=0
rank= 9 Lx=Ly=12 pg= 0.590 ids= 189 TEE=0
rank= 3 Lx=Ly=12 pg= 0.545 ids= 203 TEE=0
rank= 5 Lx=Ly=12 pg= 0.590 ids= 365 TEE=0
rank=13 Lx=Ly=12 pg= 0.590 ids= 153 TEE=0
rank=12 Lx=Ly=12 pg= 0.545 ids= 152 TEE=0
rank=16 Lx=Ly=12 pg= 0.590 ids= 256 TEE=0
rank=10 Lx=Ly=12 pg= 0.590 ids= 310 TEE=0
rank=17 Lx=Ly=12 pg= 0.590 ids= 397 TEE=0
rank=11 Lx=Ly=12 pg= 0.590 ids= 231 TEE=0
rank=19 Lx=Ly=12 pg= 0.545 ids= 199 TEE=0
rank= 8 Lx=Ly=12 pg= 0.590 ids= 248 TEE=0
rank= 1 Lx=Ly=12 pg= 0.590 ids= 381 TEE=0
rank= 6 Lx=Ly=12 pg= 0.545 ids= 166 TEE=0
rank=14 Lx=Ly=12 pg= 0.590 ids= 294 TEE=0
rank=18 Lx=Ly=12 pg= 0.545 ids= 198 TEE=0
rank= 7 Lx=Ly=12 pg= 0.590 ids= 227 TEE=0
rank= 0 Lx=Ly=12 pg= 0.590 ids= 300 TEE=0
rank= 2 Lx=Ly=12 pg= 0.545 ids= 162 TEE=0
rank= 9 Lx=Ly=12 pg= 0.590 ids= 209 TEE=0
rank= 5 Lx=Ly=12 pg= 0.590 ids= 385 TEE=1
rank=13 Lx=Ly=12 pg= 0.590 ids= 173 TEE=0
rank= 4 Lx=Ly=12 pg= 0.545 ids= 244 TEE=0
rank=15 Lx=Ly=12 pg= 0.545 ids= 275 TEE=0
rank=17 Lx=Ly=12 pg= 0.590 ids= 417 TEE=0
rank=10 Lx=Ly=12 pg= 0.590 ids= 330 TEE=0
rank= 1 Lx=Ly=12 pg= 0.590 ids= 401 TEE=0
rank=11 Lx=Ly=12 pg= 0.590 ids= 251 TEE=0
rank=16 Lx=Ly=12 pg= 0.590 ids= 276 TEE=0
rank=14 Lx=Ly=12 pg= 0.590 ids= 314 TEE=0
rank= 8 Lx=Ly=12 pg= 0.590 ids= 268 TEE=0
rank= 3 Lx=Ly=12 pg= 0.545 ids= 223 TEE=0
rank= 0 Lx=Ly=12 pg= 0.590 ids= 320 TEE=0
rank= 7 Lx=Ly=12 pg= 0.590 ids= 247 TEE=0
rank= 5 Lx=Ly=12 pg= 0.590 ids= 405 TEE=0
rank= 9 Lx=Ly=12 pg= 0.590 ids= 229 TEE=0
rank=17 Lx=Ly=12 pg= 0.590 ids= 437 TEE=1
rank=10 Lx=Ly=12 pg= 0.590 ids= 350 TEE=0
rank= 6 Lx=Ly=12 pg= 0.545 ids= 186 TEE=0
rank=12 Lx=Ly=12 pg= 0.545 ids= 172 TEE=0
rank=13 Lx=Ly=12 pg= 0.590 ids= 193 TEE=0
rank= 1 Lx=Ly=12 pg= 0.590 ids= 421 TEE=0
rank=14 Lx=Ly=12 pg= 0.590 ids= 334 TEE=0
rank=19 Lx=Ly=12 pg= 0.545 ids= 219 TEE=0
rank=11 Lx=Ly=12 pg= 0.590 ids= 271 TEE=0
rank=18 Lx=Ly=12 pg= 0.545 ids= 218 TEE=0
rank= 0 Lx=Ly=12 pg= 0.590 ids= 340 TEE=0
rank=16 Lx=Ly=12 pg= 0.590 ids= 296 TEE=0
rank= 8 Lx=Ly=12 pg= 0.590 ids= 288 TEE=0
rank= 5 Lx=Ly=12 pg= 0.590 ids= 425 TEE=0
rank= 7 Lx=Ly=12 pg= 0.590 ids= 267 TEE=0
rank= 2 Lx=Ly=12 pg= 0.545 ids= 182 TEE=0
rank= 4 Lx=Ly=12 pg= 0.545 ids= 264 TEE=0
rank=17 Lx=Ly=12 pg= 0.590 ids= 457 TEE=0
rank=10 Lx=Ly=12 pg= 0.590 ids= 370 TEE=0
rank= 9 Lx=Ly=12 pg= 0.590 ids= 249 TEE=0
rank= 1 Lx=Ly=12 pg= 0.590 ids= 441 TEE=0
rank=13 Lx=Ly=12 pg= 0.590 ids= 213 TEE=0
rank=14 Lx=Ly=12 pg= 0.590 ids= 354 TEE=0
rank=15 Lx=Ly=12 pg= 0.545 ids= 295 TEE=0
rank= 0 Lx=Ly=12 pg= 0.590 ids= 360 TEE=0
rank=11 Lx=Ly=12 pg= 0.590 ids= 291 TEE=0
rank= 3 Lx=Ly=12 pg= 0.545 ids= 243 TEE=0
rank= 5 Lx=Ly=12 pg= 0.590 ids= 445 TEE=0
rank= 8 Lx=Ly=12 pg= 0.590 ids= 308 TEE=0
rank=16 Lx=Ly=12 pg= 0.590 ids= 316 TEE=0
rank= 7 Lx=Ly=12 pg= 0.590 ids= 287 TEE=0
rank=12 Lx=Ly=12 pg= 0.545 ids= 192 TEE=0
rank=17 Lx=Ly=12 pg= 0.590 ids= 477 TEE=0
rank=10 Lx=Ly=12 pg= 0.590 ids= 390 TEE=0
rank= 1 Lx=Ly=12 pg= 0.590 ids= 461 TEE=0
rank= 9 Lx=Ly=12 pg= 0.590 ids= 269 TEE=0
rank=14 Lx=Ly=12 pg= 0.590 ids= 374 TEE=0
rank= 6 Lx=Ly=12 pg= 0.545 ids= 206 TEE=0
rank=19 Lx=Ly=12 pg= 0.545 ids= 239 TEE=0
rank= 0 Lx=Ly=12 pg= 0.590 ids= 380 TEE=0
rank=11 Lx=Ly=12 pg= 0.590 ids= 311 TEE=0
rank=18 Lx=Ly=12 pg= 0.545 ids= 238 TEE=0
rank= 5 Lx=Ly=12 pg= 0.590 ids= 465 TEE=0
rank=13 Lx=Ly=12 pg= 0.590 ids= 233 TEE=0
rank= 4 Lx=Ly=12 pg= 0.545 ids= 284 TEE=0
rank= 8 Lx=Ly=12 pg= 0.590 ids= 328 TEE=0
rank=16 Lx=Ly=12 pg= 0.590 ids= 336 TEE=0
rank=17 Lx=Ly=12 pg= 0.590 ids= 497 TEE=0
rank= 2 Lx=Ly=12 pg= 0.545 ids= 202 TEE=0
rank= 7 Lx=Ly=12 pg= 0.590 ids= 307 TEE=0
rank=10 Lx=Ly=12 pg= 0.590 ids= 410 TEE=0
rank= 1 Lx=Ly=12 pg= 0.590 ids= 481 TEE=0
rank=14 Lx=Ly=12 pg= 0.590 ids= 394 TEE=0
rank= 9 Lx=Ly=12 pg= 0.590 ids= 289 TEE=0
rank= 0 Lx=Ly=12 pg= 0.590 ids= 400 TEE=0
rank= 5 Lx=Ly=12 pg= 0.590 ids= 485 TEE=0
rank=15 Lx=Ly=12 pg= 0.545 ids= 315 TEE=0
rank=11 Lx=Ly=12 pg= 0.590 ids= 331 TEE=0
rank= 3 Lx=Ly=12 pg= 0.545 ids= 263 TEE=0
rank=13 Lx=Ly=12 pg= 0.590 ids= 253 TEE=0
rank=16 Lx=Ly=12 pg= 0.590 ids= 356 TEE=0
rank= 8 Lx=Ly=12 pg= 0.590 ids= 348 TEE=0
rank=17 Lx=Ly=12 pg= 0.590 ids= 517 TEE=0
rank=12 Lx=Ly=12 pg= 0.545 ids= 212 TEE=0
rank= 7 Lx=Ly=12 pg= 0.590 ids= 327 TEE=0
rank=10 Lx=Ly=12 pg= 0.590 ids= 430 TEE=0
rank= 1 Lx=Ly=12 pg= 0.590 ids= 501 TEE=0
rank=14 Lx=Ly=12 pg= 0.590 ids= 414 TEE=0
rank= 9 Lx=Ly=12 pg= 0.590 ids= 309 TEE=0
rank= 0 Lx=Ly=12 pg= 0.590 ids= 420 TEE=0
rank= 2 Lx=Ly=12 pg= 0.545 ids= 222 TEE=0
rank= 5 Lx=Ly=12 pg= 0.590 ids= 505 TEE=0
rank=19 Lx=Ly=12 pg= 0.545 ids= 259 TEE=0
rank= 4 Lx=Ly=12 pg= 0.545 ids= 304 TEE=0
rank= 6 Lx=Ly=12 pg= 0.545 ids= 226 TEE=0
rank=11 Lx=Ly=12 pg= 0.590 ids= 351 TEE=0
rank=13 Lx=Ly=12 pg= 0.590 ids= 273 TEE=0
rank=18 Lx=Ly=12 pg= 0.545 ids= 258 TEE=0
rank= 8 Lx=Ly=12 pg= 0.590 ids= 368 TEE=0
rank=16 Lx=Ly=12 pg= 0.590 ids= 376 TEE=0
rank=17 Lx=Ly=12 pg= 0.590 ids= 537 TEE=0
rank= 7 Lx=Ly=12 pg= 0.590 ids= 347 TEE=0
rank=10 Lx=Ly=12 pg= 0.590 ids= 450 TEE=0
rank= 1 Lx=Ly=12 pg= 0.590 ids= 521 TEE=0
rank=14 Lx=Ly=12 pg= 0.590 ids= 434 TEE=0
rank= 0 Lx=Ly=12 pg= 0.590 ids= 440 TEE=0
rank= 5 Lx=Ly=12 pg= 0.590 ids= 525 TEE=0
rank= 9 Lx=Ly=12 pg= 0.590 ids= 329 TEE=0
rank= 3 Lx=Ly=12 pg= 0.545 ids= 283 TEE=0
rank=15 Lx=Ly=12 pg= 0.545 ids= 335 TEE=0
rank=13 Lx=Ly=12 pg= 0.590 ids= 293 TEE=0
rank=11 Lx=Ly=12 pg= 0.590 ids= 371 TEE=0
rank=12 Lx=Ly=12 pg= 0.545 ids= 232 TEE=0
rank= 8 Lx=Ly=12 pg= 0.590 ids= 388 TEE=0
rank=17 Lx=Ly=12 pg= 0.590 ids= 557 TEE=0
rank= 7 Lx=Ly=12 pg= 0.590 ids= 367 TEE=0
rank=10 Lx=Ly=12 pg= 0.590 ids= 470 TEE=0
rank=16 Lx=Ly=12 pg= 0.590 ids= 396 TEE=0
rank= 1 Lx=Ly=12 pg= 0.590 ids= 541 TEE=0
rank=14 Lx=Ly=12 pg= 0.590 ids= 454 TEE=0
rank= 4 Lx=Ly=12 pg= 0.545 ids= 324 TEE=0
rank= 0 Lx=Ly=12 pg= 0.590 ids= 460 TEE=0
rank= 2 Lx=Ly=12 pg= 0.545 ids= 242 TEE=0
rank= 5 Lx=Ly=12 pg= 0.590 ids= 545 TEE=0
rank= 9 Lx=Ly=12 pg= 0.590 ids= 349 TEE=0
rank=19 Lx=Ly=12 pg= 0.545 ids= 279 TEE=0
rank=11 Lx=Ly=12 pg= 0.590 ids= 391 TEE=0
rank=13 Lx=Ly=12 pg= 0.590 ids= 313 TEE=0
rank= 8 Lx=Ly=12 pg= 0.590 ids= 408 TEE=0
rank= 6 Lx=Ly=12 pg= 0.545 ids= 246 TEE=0
rank=17 Lx=Ly=12 pg= 0.590 ids= 577 TEE=0
rank=10 Lx=Ly=12 pg= 0.590 ids= 490 TEE=0
rank= 7 Lx=Ly=12 pg= 0.590 ids= 387 TEE=0
rank=16 Lx=Ly=12 pg= 0.590 ids= 416 TEE=0
rank= 1 Lx=Ly=12 pg= 0.590 ids= 561 TEE=0
rank=18 Lx=Ly=12 pg= 0.545 ids= 278 TEE=0
rank=14 Lx=Ly=12 pg= 0.590 ids= 474 TEE=0
rank= 0 Lx=Ly=12 pg= 0.590 ids= 480 TEE=0
rank= 5 Lx=Ly=12 pg= 0.590 ids= 565 TEE=0
rank= 9 Lx=Ly=12 pg= 0.590 ids= 369 TEE=0
rank= 3 Lx=Ly=12 pg= 0.545 ids= 303 TEE=0
rank=13 Lx=Ly=12 pg= 0.590 ids= 333 TEE=0
rank=11 Lx=Ly=12 pg= 0.590 ids= 411 TEE=0
rank=15 Lx=Ly=12 pg= 0.545 ids= 355 TEE=0
rank= 8 Lx=Ly=12 pg= 0.590 ids= 428 TEE=0
rank=17 Lx=Ly=12 pg= 0.590 ids= 597 TEE=0
rank=10 Lx=Ly=12 pg= 0.590 ids= 510 TEE=0
rank=12 Lx=Ly=12 pg= 0.545 ids= 252 TEE=0
rank= 7 Lx=Ly=12 pg= 0.590 ids= 407 TEE=0
rank=14 Lx=Ly=12 pg= 0.590 ids= 494 TEE=0
rank=16 Lx=Ly=12 pg= 0.590 ids= 436 TEE=0
rank= 1 Lx=Ly=12 pg= 0.590 ids= 581 TEE=0
rank= 0 Lx=Ly=12 pg= 0.590 ids= 500 TEE=0
rank= 5 Lx=Ly=12 pg= 0.590 ids= 585 TEE=0
rank= 4 Lx=Ly=12 pg= 0.545 ids= 344 TEE=0
rank= 6 Lx=Ly=12 pg= 0.545 ids= 266 TEE=0
rank= 9 Lx=Ly=12 pg= 0.590 ids= 389 TEE=0
rank= 2 Lx=Ly=12 pg= 0.545 ids= 262 TEE=0
rank=13 Lx=Ly=12 pg= 0.590 ids= 353 TEE=0
rank=19 Lx=Ly=12 pg= 0.545 ids= 299 TEE=0
rank=11 Lx=Ly=12 pg= 0.590 ids= 431 TEE=0
rank=17 Lx=Ly=12 pg= 0.590 ids= 617 TEE=0
rank= 8 Lx=Ly=12 pg= 0.590 ids= 448 TEE=0
rank=10 Lx=Ly=12 pg= 0.590 ids= 530 TEE=0
rank=14 Lx=Ly=12 pg= 0.590 ids= 514 TEE=0
rank= 1 Lx=Ly=12 pg= 0.590 ids= 601 TEE=0
rank= 7 Lx=Ly=12 pg= 0.590 ids= 427 TEE=0
rank=18 Lx=Ly=12 pg= 0.545 ids= 298 TEE=0
rank=16 Lx=Ly=12 pg= 0.590 ids= 456 TEE=0
rank= 0 Lx=Ly=12 pg= 0.590 ids= 520 TEE=0
rank= 5 Lx=Ly=12 pg= 0.590 ids= 605 TEE=0
rank= 3 Lx=Ly=12 pg= 0.545 ids= 323 TEE=0
rank= 9 Lx=Ly=12 pg= 0.590 ids= 409 TEE=0
rank=17 Lx=Ly=12 pg= 0.590 ids= 637 TEE=0
rank=15 Lx=Ly=12 pg= 0.545 ids= 375 TEE=0
rank=13 Lx=Ly=12 pg= 0.590 ids= 373 TEE=0
rank=10 Lx=Ly=12 pg= 0.590 ids= 550 TEE=0
rank= 8 Lx=Ly=12 pg= 0.590 ids= 468 TEE=0
rank=11 Lx=Ly=12 pg= 0.590 ids= 451 TEE=0
rank=14 Lx=Ly=12 pg= 0.590 ids= 534 TEE=0
rank=12 Lx=Ly=12 pg= 0.545 ids= 272 TEE=0
rank= 1 Lx=Ly=12 pg= 0.590 ids= 621 TEE=-1
rank= 7 Lx=Ly=12 pg= 0.590 ids= 447 TEE=0
rank= 0 Lx=Ly=12 pg= 0.590 ids= 540 TEE=0
rank= 5 Lx=Ly=12 pg= 0.590 ids= 625 TEE=0
rank=16 Lx=Ly=12 pg= 0.590 ids= 476 TEE=0
rank= 6 Lx=Ly=12 pg= 0.545 ids= 286 TEE=0
rank= 2 Lx=Ly=12 pg= 0.545 ids= 282 TEE=0
rank=17 Lx=Ly=12 pg= 0.590 ids= 657 TEE=0
rank= 4 Lx=Ly=12 pg= 0.545 ids= 364 TEE=0
rank= 9 Lx=Ly=12 pg= 0.590 ids= 429 TEE=0
rank=10 Lx=Ly=12 pg= 0.590 ids= 570 TEE=0
rank=13 Lx=Ly=12 pg= 0.590 ids= 393 TEE=0
rank=14 Lx=Ly=12 pg= 0.590 ids= 554 TEE=0
rank=11 Lx=Ly=12 pg= 0.590 ids= 471 TEE=0
rank= 8 Lx=Ly=12 pg= 0.590 ids= 488 TEE=0
rank= 1 Lx=Ly=12 pg= 0.590 ids= 641 TEE=0
rank=19 Lx=Ly=12 pg= 0.545 ids= 319 TEE=0
rank= 0 Lx=Ly=12 pg= 0.590 ids= 560 TEE=0
rank=18 Lx=Ly=12 pg= 0.545 ids= 318 TEE=0
rank= 7 Lx=Ly=12 pg= 0.590 ids= 467 TEE=0
rank= 5 Lx=Ly=12 pg= 0.590 ids= 645 TEE=0
rank=16 Lx=Ly=12 pg= 0.590 ids= 496 TEE=0
rank=17 Lx=Ly=12 pg= 0.590 ids= 677 TEE=0
rank= 9 Lx=Ly=12 pg= 0.590 ids= 449 TEE=0
rank=10 Lx=Ly=12 pg= 0.590 ids= 590 TEE=0
rank=13 Lx=Ly=12 pg= 0.590 ids= 413 TEE=0
rank=14 Lx=Ly=12 pg= 0.590 ids= 574 TEE=0
rank= 3 Lx=Ly=12 pg= 0.545 ids= 343 TEE=0
rank=11 Lx=Ly=12 pg= 0.590 ids= 491 TEE=0
rank= 8 Lx=Ly=12 pg= 0.590 ids= 508 TEE=0
rank=15 Lx=Ly=12 pg= 0.545 ids= 395 TEE=0
rank= 1 Lx=Ly=12 pg= 0.590 ids= 661 TEE=0
rank= 7 Lx=Ly=12 pg= 0.590 ids= 487 TEE=0
rank= 5 Lx=Ly=12 pg= 0.590 ids= 665 TEE=0
rank=12 Lx=Ly=12 pg= 0.545 ids= 292 TEE=0
rank= 6 Lx=Ly=12 pg= 0.545 ids= 306 TEE=0
rank= 0 Lx=Ly=12 pg= 0.590 ids= 580 TEE=0
rank=16 Lx=Ly=12 pg= 0.590 ids= 516 TEE=0
rank=17 Lx=Ly=12 pg= 0.590 ids= 697 TEE=0
rank= 9 Lx=Ly=12 pg= 0.590 ids= 469 TEE=0
rank= 2 Lx=Ly=12 pg= 0.545 ids= 302 TEE=0
rank=10 Lx=Ly=12 pg= 0.590 ids= 610 TEE=0
rank=13 Lx=Ly=12 pg= 0.590 ids= 433 TEE=0
rank=14 Lx=Ly=12 pg= 0.590 ids= 594 TEE=0
rank= 4 Lx=Ly=12 pg= 0.545 ids= 384 TEE=0
rank= 8 Lx=Ly=12 pg= 0.590 ids= 528 TEE=0
rank=11 Lx=Ly=12 pg= 0.590 ids= 511 TEE=0
rank= 1 Lx=Ly=12 pg= 0.590 ids= 681 TEE=0
rank=19 Lx=Ly=12 pg= 0.545 ids= 339 TEE=0
rank= 5 Lx=Ly=12 pg= 0.590 ids= 685 TEE=0
rank= 0 Lx=Ly=12 pg= 0.590 ids= 600 TEE=0
rank=16 Lx=Ly=12 pg= 0.590 ids= 536 TEE=0
rank=18 Lx=Ly=12 pg= 0.545 ids= 338 TEE=0
rank= 7 Lx=Ly=12 pg= 0.590 ids= 507 TEE=-1
rank=17 Lx=Ly=12 pg= 0.590 ids= 717 TEE=0
rank= 9 Lx=Ly=12 pg= 0.590 ids= 489 TEE=0
rank=10 Lx=Ly=12 pg= 0.590 ids= 630 TEE=0
rank=13 Lx=Ly=12 pg= 0.590 ids= 453 TEE=0
rank=14 Lx=Ly=12 pg= 0.590 ids= 614 TEE=0
rank= 8 Lx=Ly=12 pg= 0.590 ids= 548 TEE=0
rank= 3 Lx=Ly=12 pg= 0.545 ids= 363 TEE=0
rank= 6 Lx=Ly=12 pg= 0.545 ids= 326 TEE=0
rank= 1 Lx=Ly=12 pg= 0.590 ids= 701 TEE=0
rank=11 Lx=Ly=12 pg= 0.590 ids= 531 TEE=0
rank=15 Lx=Ly=12 pg= 0.545 ids= 415 TEE=-1
rank= 5 Lx=Ly=12 pg= 0.590 ids= 705 TEE=0
rank= 0 Lx=Ly=12 pg= 0.590 ids= 620 TEE=0
rank=12 Lx=Ly=12 pg= 0.545 ids= 312 TEE=0
rank=16 Lx=Ly=12 pg= 0.590 ids= 556 TEE=0
rank= 7 Lx=Ly=12 pg= 0.590 ids= 527 TEE=0
rank=17 Lx=Ly=12 pg= 0.590 ids= 737 TEE=0
rank= 9 Lx=Ly=12 pg= 0.590 ids= 509 TEE=0
rank=10 Lx=Ly=12 pg= 0.590 ids= 650 TEE=0
rank=14 Lx=Ly=12 pg= 0.590 ids= 634 TEE=0
rank=13 Lx=Ly=12 pg= 0.590 ids= 473 TEE=0
rank= 4 Lx=Ly=12 pg= 0.545 ids= 404 TEE=0
rank= 8 Lx=Ly=12 pg= 0.590 ids= 568 TEE=0
rank= 2 Lx=Ly=12 pg= 0.545 ids= 322 TEE=0
rank=19 Lx=Ly=12 pg= 0.545 ids= 359 TEE=0
rank= 1 Lx=Ly=12 pg= 0.590 ids= 721 TEE=0
rank=11 Lx=Ly=12 pg= 0.590 ids= 551 TEE=0
rank= 5 Lx=Ly=12 pg= 0.590 ids= 725 TEE=0
rank= 0 Lx=Ly=12 pg= 0.590 ids= 640 TEE=0
rank=16 Lx=Ly=12 pg= 0.590 ids= 576 TEE=0
rank= 7 Lx=Ly=12 pg= 0.590 ids= 547 TEE=0
rank=18 Lx=Ly=12 pg= 0.545 ids= 358 TEE=0
rank=17 Lx=Ly=12 pg= 0.590 ids= 757 TEE=0
rank= 9 Lx=Ly=12 pg= 0.590 ids= 529 TEE=0
rank=10 Lx=Ly=12 pg= 0.590 ids= 670 TEE=0
rank=14 Lx=Ly=12 pg= 0.590 ids= 654 TEE=0
rank=15 Lx=Ly=12 pg= 0.545 ids= 435 TEE=0
rank= 8 Lx=Ly=12 pg= 0.590 ids= 588 TEE=0
rank=13 Lx=Ly=12 pg= 0.590 ids= 493 TEE=0
rank= 1 Lx=Ly=12 pg= 0.590 ids= 741 TEE=0
rank=11 Lx=Ly=12 pg= 0.590 ids= 571 TEE=0
rank= 5 Lx=Ly=12 pg= 0.590 ids= 745 TEE=0
rank= 0 Lx=Ly=12 pg= 0.590 ids= 660 TEE=0
rank= 3 Lx=Ly=12 pg= 0.545 ids= 383 TEE=0
rank= 6 Lx=Ly=12 pg= 0.545 ids= 346 TEE=0
rank=12 Lx=Ly=12 pg= 0.545 ids= 332 TEE=0
rank=16 Lx=Ly=12 pg= 0.590 ids= 596 TEE=0
rank= 7 Lx=Ly=12 pg= 0.590 ids= 567 TEE=0
rank=17 Lx=Ly=12 pg= 0.590 ids= 777 TEE=0
rank= 9 Lx=Ly=12 pg= 0.590 ids= 549 TEE=0
rank=10 Lx=Ly=12 pg= 0.590 ids= 690 TEE=0
rank=14 Lx=Ly=12 pg= 0.590 ids= 674 TEE=0
rank= 2 Lx=Ly=12 pg= 0.545 ids= 342 TEE=0
rank=13 Lx=Ly=12 pg= 0.590 ids= 513 TEE=0
rank= 8 Lx=Ly=12 pg= 0.590 ids= 608 TEE=0
rank=19 Lx=Ly=12 pg= 0.545 ids= 379 TEE=0
rank=11 Lx=Ly=12 pg= 0.590 ids= 591 TEE=0
rank= 1 Lx=Ly=12 pg= 0.590 ids= 761 TEE=0
rank= 5 Lx=Ly=12 pg= 0.590 ids= 765 TEE=0
rank= 4 Lx=Ly=12 pg= 0.545 ids= 424 TEE=0
rank= 0 Lx=Ly=12 pg= 0.590 ids= 680 TEE=0
rank=16 Lx=Ly=12 pg= 0.590 ids= 616 TEE=0
rank=17 Lx=Ly=12 pg= 0.590 ids= 797 TEE=0
rank=18 Lx=Ly=12 pg= 0.545 ids= 378 TEE=0
rank= 7 Lx=Ly=12 pg= 0.590 ids= 587 TEE=0
rank= 9 Lx=Ly=12 pg= 0.590 ids= 569 TEE=0
rank=15 Lx=Ly=12 pg= 0.545 ids= 455 TEE=0
rank=14 Lx=Ly=12 pg= 0.590 ids= 694 TEE=0
rank=13 Lx=Ly=12 pg= 0.590 ids= 533 TEE=-1
rank= 8 Lx=Ly=12 pg= 0.590 ids= 628 TEE=0
rank=10 Lx=Ly=12 pg= 0.590 ids= 710 TEE=0
rank= 1 Lx=Ly=12 pg= 0.590 ids= 781 TEE=0
rank=11 Lx=Ly=12 pg= 0.590 ids= 611 TEE=0
rank= 5 Lx=Ly=12 pg= 0.590 ids= 785 TEE=0
rank= 0 Lx=Ly=12 pg= 0.590 ids= 700 TEE=0
rank= 2 Lx=Ly=12 pg= 0.545 ids= 362 TEE=0
rank= 3 Lx=Ly=12 pg= 0.545 ids= 403 TEE=0
rank=16 Lx=Ly=12 pg= 0.590 ids= 636 TEE=0
rank=12 Lx=Ly=12 pg= 0.545 ids= 352 TEE=0
rank=17 Lx=Ly=12 pg= 0.635 ids=  17 TEE=0
rank= 9 Lx=Ly=12 pg= 0.590 ids= 589 TEE=0
rank= 6 Lx=Ly=12 pg= 0.545 ids= 366 TEE=0
rank= 7 Lx=Ly=12 pg= 0.590 ids= 607 TEE=0
rank=14 Lx=Ly=12 pg= 0.590 ids= 714 TEE=0
rank= 8 Lx=Ly=12 pg= 0.590 ids= 648 TEE=0
rank= 1 Lx=Ly=12 pg= 0.635 ids=   1 TEE=0
rank=10 Lx=Ly=12 pg= 0.590 ids= 730 TEE=0
rank=11 Lx=Ly=12 pg= 0.590 ids= 631 TEE=0
rank= 5 Lx=Ly=12 pg= 0.635 ids=   5 TEE=-1
rank=19 Lx=Ly=12 pg= 0.545 ids= 399 TEE=0
rank=13 Lx=Ly=12 pg= 0.590 ids= 553 TEE=0
rank= 0 Lx=Ly=12 pg= 0.590 ids= 720 TEE=0
rank= 4 Lx=Ly=12 pg= 0.545 ids= 444 TEE=0
rank=15 Lx=Ly=12 pg= 0.545 ids= 475 TEE=0
rank=17 Lx=Ly=12 pg= 0.635 ids=  37 TEE=-1
rank= 9 Lx=Ly=12 pg= 0.590 ids= 609 TEE=0
rank= 7 Lx=Ly=12 pg= 0.590 ids= 627 TEE=0
rank=14 Lx=Ly=12 pg= 0.590 ids= 734 TEE=0
rank=16 Lx=Ly=12 pg= 0.590 ids= 656 TEE=0
rank=18 Lx=Ly=12 pg= 0.545 ids= 398 TEE=0
rank= 1 Lx=Ly=12 pg= 0.635 ids=  21 TEE=-1
rank=10 Lx=Ly=12 pg= 0.590 ids= 750 TEE=0
rank= 8 Lx=Ly=12 pg= 0.590 ids= 668 TEE=0
rank= 5 Lx=Ly=12 pg= 0.635 ids=  25 TEE=0
rank=13 Lx=Ly=12 pg= 0.590 ids= 573 TEE=0
rank= 0 Lx=Ly=12 pg= 0.590 ids= 740 TEE=0
rank=11 Lx=Ly=12 pg= 0.590 ids= 651 TEE=0
rank=17 Lx=Ly=12 pg= 0.635 ids=  57 TEE=0
rank= 2 Lx=Ly=12 pg= 0.545 ids= 382 TEE=0
rank= 9 Lx=Ly=12 pg= 0.590 ids= 629 TEE=0
rank=12 Lx=Ly=12 pg= 0.545 ids= 372 TEE=0
rank= 7 Lx=Ly=12 pg= 0.590 ids= 647 TEE=0
rank=14 Lx=Ly=12 pg= 0.590 ids= 754 TEE=0
rank=16 Lx=Ly=12 pg= 0.590 ids= 676 TEE=0
rank= 3 Lx=Ly=12 pg= 0.545 ids= 423 TEE=0
rank= 6 Lx=Ly=12 pg= 0.545 ids= 386 TEE=0
rank= 1 Lx=Ly=12 pg= 0.635 ids=  41 TEE=0
rank=10 Lx=Ly=12 pg= 0.590 ids= 770 TEE=0
rank= 8 Lx=Ly=12 pg= 0.590 ids= 688 TEE=0
rank= 5 Lx=Ly=12 pg= 0.635 ids=  45 TEE=0
rank=13 Lx=Ly=12 pg= 0.590 ids= 593 TEE=0
rank= 0 Lx=Ly=12 pg= 0.590 ids= 760 TEE=0
rank= 4 Lx=Ly=12 pg= 0.545 ids= 464 TEE=0
rank=19 Lx=Ly=12 pg= 0.545 ids= 419 TEE=0
rank=11 Lx=Ly=12 pg= 0.590 ids= 671 TEE=0
rank=17 Lx=Ly=12 pg= 0.635 ids=  77 TEE=0
rank=18 Lx=Ly=12 pg= 0.545 ids= 418 TEE=0
rank= 9 Lx=Ly=12 pg= 0.590 ids= 649 TEE=0
rank= 7 Lx=Ly=12 pg= 0.590 ids= 667 TEE=0
rank=16 Lx=Ly=12 pg= 0.590 ids= 696 TEE=0
rank=14 Lx=Ly=12 pg= 0.590 ids= 774 TEE=0
rank=15 Lx=Ly=12 pg= 0.545 ids= 495 TEE=0
rank= 1 Lx=Ly=12 pg= 0.635 ids=  61 TEE=-1
rank= 8 Lx=Ly=12 pg= 0.590 ids= 708 TEE=0
rank= 5 Lx=Ly=12 pg= 0.635 ids=  65 TEE=0
rank=13 Lx=Ly=12 pg= 0.590 ids= 613 TEE=0
rank=10 Lx=Ly=12 pg= 0.590 ids= 790 TEE=0
rank= 0 Lx=Ly=12 pg= 0.590 ids= 780 TEE=0
rank=17 Lx=Ly=12 pg= 0.635 ids=  97 TEE=-1
rank=11 Lx=Ly=12 pg= 0.590 ids= 691 TEE=0
rank= 9 Lx=Ly=12 pg= 0.590 ids= 669 TEE=0
rank= 7 Lx=Ly=12 pg= 0.590 ids= 687 TEE=0
rank=16 Lx=Ly=12 pg= 0.590 ids= 716 TEE=0
rank=14 Lx=Ly=12 pg= 0.590 ids= 794 TEE=0
rank= 2 Lx=Ly=12 pg= 0.545 ids= 402 TEE=0
rank= 6 Lx=Ly=12 pg= 0.545 ids= 406 TEE=0
rank= 1 Lx=Ly=12 pg= 0.635 ids=  81 TEE=-1
rank=12 Lx=Ly=12 pg= 0.545 ids= 392 TEE=0
rank= 8 Lx=Ly=12 pg= 0.590 ids= 728 TEE=0
rank= 5 Lx=Ly=12 pg= 0.635 ids=  85 TEE=0
rank= 3 Lx=Ly=12 pg= 0.545 ids= 443 TEE=0
rank=10 Lx=Ly=12 pg= 0.635 ids=  10 TEE=0
rank=13 Lx=Ly=12 pg= 0.590 ids= 633 TEE=0
rank= 0 Lx=Ly=12 pg= 0.635 ids=   0 TEE=0
rank= 4 Lx=Ly=12 pg= 0.545 ids= 484 TEE=0
rank=17 Lx=Ly=12 pg= 0.635 ids= 117 TEE=-1
rank=18 Lx=Ly=12 pg= 0.545 ids= 438 TEE=0
rank=11 Lx=Ly=12 pg= 0.590 ids= 711 TEE=0
rank=16 Lx=Ly=12 pg= 0.590 ids= 736 TEE=0
rank=14 Lx=Ly=12 pg= 0.635 ids=  14 TEE=-1
rank= 7 Lx=Ly=12 pg= 0.590 ids= 707 TEE=0
rank= 9 Lx=Ly=12 pg= 0.590 ids= 689 TEE=0
rank=19 Lx=Ly=12 pg= 0.545 ids= 439 TEE=0
rank= 1 Lx=Ly=12 pg= 0.635 ids= 101 TEE=0
rank= 5 Lx=Ly=12 pg= 0.635 ids= 105 TEE=-1
rank=15 Lx=Ly=12 pg= 0.545 ids= 515 TEE=0
rank= 8 Lx=Ly=12 pg= 0.590 ids= 748 TEE=0
rank=13 Lx=Ly=12 pg= 0.590 ids= 653 TEE=0
rank= 0 Lx=Ly=12 pg= 0.635 ids=  20 TEE=0
rank=10 Lx=Ly=12 pg= 0.635 ids=  30 TEE=0
rank=17 Lx=Ly=12 pg= 0.635 ids= 137 TEE=0
rank=11 Lx=Ly=12 pg= 0.590 ids= 731 TEE=0
rank=16 Lx=Ly=12 pg= 0.590 ids= 756 TEE=1
rank= 7 Lx=Ly=12 pg= 0.590 ids= 727 TEE=0
rank= 9 Lx=Ly=12 pg= 0.590 ids= 709 TEE=0
rank=14 Lx=Ly=12 pg= 0.635 ids=  34 TEE=0
rank= 2 Lx=Ly=12 pg= 0.545 ids= 422 TEE=0
rank= 1 Lx=Ly=12 pg= 0.635 ids= 121 TEE=0
rank= 5 Lx=Ly=12 pg= 0.635 ids= 125 TEE=0
rank= 3 Lx=Ly=12 pg= 0.545 ids= 463 TEE=0
rank=13 Lx=Ly=12 pg= 0.590 ids= 673 TEE=0
rank= 0 Lx=Ly=12 pg= 0.635 ids=  40 TEE=0
rank= 6 Lx=Ly=12 pg= 0.545 ids= 426 TEE=0
rank=10 Lx=Ly=12 pg= 0.635 ids=  50 TEE=-1
rank=12 Lx=Ly=12 pg= 0.545 ids= 412 TEE=0
rank= 4 Lx=Ly=12 pg= 0.545 ids= 504 TEE=0
rank= 8 Lx=Ly=12 pg= 0.590 ids= 768 TEE=0
rank=17 Lx=Ly=12 pg= 0.635 ids= 157 TEE=0
rank=11 Lx=Ly=12 pg= 0.590 ids= 751 TEE=0
rank=18 Lx=Ly=12 pg= 0.545 ids= 458 TEE=0
rank=16 Lx=Ly=12 pg= 0.590 ids= 776 TEE=0
rank= 7 Lx=Ly=12 pg= 0.590 ids= 747 TEE=0
rank=14 Lx=Ly=12 pg= 0.635 ids=  54 TEE=0
rank= 9 Lx=Ly=12 pg= 0.590 ids= 729 TEE=0
rank= 1 Lx=Ly=12 pg= 0.635 ids= 141 TEE=0
rank=15 Lx=Ly=12 pg= 0.545 ids= 535 TEE=0
rank=19 Lx=Ly=12 pg= 0.545 ids= 459 TEE=0
rank= 5 Lx=Ly=12 pg= 0.635 ids= 145 TEE=-1
rank= 0 Lx=Ly=12 pg= 0.635 ids=  60 TEE=0
rank=13 Lx=Ly=12 pg= 0.590 ids= 693 TEE=0
rank=10 Lx=Ly=12 pg= 0.635 ids=  70 TEE=0
rank=17 Lx=Ly=12 pg= 0.635 ids= 177 TEE=0
rank=11 Lx=Ly=12 pg= 0.590 ids= 771 TEE=0
rank= 8 Lx=Ly=12 pg= 0.590 ids= 788 TEE=0
rank=16 Lx=Ly=12 pg= 0.590 ids= 796 TEE=0
rank= 7 Lx=Ly=12 pg= 0.590 ids= 767 TEE=0
rank= 9 Lx=Ly=12 pg= 0.590 ids= 749 TEE=0
rank= 3 Lx=Ly=12 pg= 0.545 ids= 483 TEE=0
rank= 1 Lx=Ly=12 pg= 0.635 ids= 161 TEE=0
rank= 5 Lx=Ly=12 pg= 0.635 ids= 165 TEE=-1
rank=14 Lx=Ly=12 pg= 0.635 ids=  74 TEE=0
rank= 0 Lx=Ly=12 pg= 0.635 ids=  80 TEE=0
rank= 2 Lx=Ly=12 pg= 0.545 ids= 442 TEE=0
rank=10 Lx=Ly=12 pg= 0.635 ids=  90 TEE=0
rank= 4 Lx=Ly=12 pg= 0.545 ids= 524 TEE=0
rank=17 Lx=Ly=12 pg= 0.635 ids= 197 TEE=0
rank=18 Lx=Ly=12 pg= 0.545 ids= 478 TEE=0
rank= 6 Lx=Ly=12 pg= 0.545 ids= 446 TEE=0
rank=13 Lx=Ly=12 pg= 0.590 ids= 713 TEE=0
rank=11 Lx=Ly=12 pg= 0.590 ids= 791 TEE=0
rank= 8 Lx=Ly=12 pg= 0.635 ids=   8 TEE=0
rank=12 Lx=Ly=12 pg= 0.545 ids= 432 TEE=0
rank=16 Lx=Ly=12 pg= 0.635 ids=  16 TEE=0
rank= 7 Lx=Ly=12 pg= 0.590 ids= 787 TEE=0
rank= 9 Lx=Ly=12 pg= 0.590 ids= 769 TEE=0
rank= 1 Lx=Ly=12 pg= 0.635 ids= 181 TEE=-1
rank=15 Lx=Ly=12 pg= 0.545 ids= 555 TEE=0
rank= 5 Lx=Ly=12 pg= 0.635 ids= 185 TEE=0
rank=19 Lx=Ly=12 pg= 0.545 ids= 479 TEE=0
rank=14 Lx=Ly=12 pg= 0.635 ids=  94 TEE=0
rank= 0 Lx=Ly=12 pg= 0.635 ids= 100 TEE=0
rank=10 Lx=Ly=12 pg= 0.635 ids= 110 TEE=0
rank=17 Lx=Ly=12 pg= 0.635 ids= 217 TEE=0
rank=13 Lx=Ly=12 pg= 0.590 ids= 733 TEE=0
rank= 8 Lx=Ly=12 pg= 0.635 ids=  28 TEE=-1
rank=11 Lx=Ly=12 pg= 0.635 ids=  11 TEE=0
rank= 3 Lx=Ly=12 pg= 0.545 ids= 503 TEE=0
rank= 7 Lx=Ly=12 pg= 0.635 ids=   7 TEE=0
rank= 1 Lx=Ly=12 pg= 0.635 ids= 201 TEE=0
rank=16 Lx=Ly=12 pg= 0.635 ids=  36 TEE=0
rank= 9 Lx=Ly=12 pg= 0.590 ids= 789 TEE=0
rank= 5 Lx=Ly=12 pg= 0.635 ids= 205 TEE=-1
rank=14 Lx=Ly=12 pg= 0.635 ids= 114 TEE=0
rank= 2 Lx=Ly=12 pg= 0.545 ids= 462 TEE=0
rank=18 Lx=Ly=12 pg= 0.545 ids= 498 TEE=0
rank= 0 Lx=Ly=12 pg= 0.635 ids= 120 TEE=-1
rank=10 Lx=Ly=12 pg= 0.635 ids= 130 TEE=0
rank=17 Lx=Ly=12 pg= 0.635 ids= 237 TEE=-1
rank= 4 Lx=Ly=12 pg= 0.545 ids= 544 TEE=0
rank=13 Lx=Ly=12 pg= 0.590 ids= 753 TEE=0
rank=12 Lx=Ly=12 pg= 0.545 ids= 452 TEE=0
rank= 6 Lx=Ly=12 pg= 0.545 ids= 466 TEE=0
rank= 8 Lx=Ly=12 pg= 0.635 ids=  48 TEE=0
rank=11 Lx=Ly=12 pg= 0.635 ids=  31 TEE=0
rank= 7 Lx=Ly=12 pg= 0.635 ids=  27 TEE=-1
rank= 1 Lx=Ly=12 pg= 0.635 ids= 221 TEE=0
rank=16 Lx=Ly=12 pg= 0.635 ids=  56 TEE=0
rank= 9 Lx=Ly=12 pg= 0.635 ids=   9 TEE=0
rank=19 Lx=Ly=12 pg= 0.545 ids= 499 TEE=0
rank= 5 Lx=Ly=12 pg= 0.635 ids= 225 TEE=0
rank=14 Lx=Ly=12 pg= 0.635 ids= 134 TEE=0
rank= 0 Lx=Ly=12 pg= 0.635 ids= 140 TEE=0
rank=15 Lx=Ly=12 pg= 0.545 ids= 575 TEE=0
rank=10 Lx=Ly=12 pg= 0.635 ids= 150 TEE=-1
rank=17 Lx=Ly=12 pg= 0.635 ids= 257 TEE=-1
rank=13 Lx=Ly=12 pg= 0.590 ids= 773 TEE=0
rank= 8 Lx=Ly=12 pg= 0.635 ids=  68 TEE=0
rank=11 Lx=Ly=12 pg= 0.635 ids=  51 TEE=-1
rank= 3 Lx=Ly=12 pg= 0.545 ids= 523 TEE=0
rank= 1 Lx=Ly=12 pg= 0.635 ids= 241 TEE=-1
rank= 7 Lx=Ly=12 pg= 0.635 ids=  47 TEE=0
rank=16 Lx=Ly=12 pg= 0.635 ids=  76 TEE=0
rank= 9 Lx=Ly=12 pg= 0.635 ids=  29 TEE=0
rank=14 Lx=Ly=12 pg= 0.635 ids= 154 TEE=0
rank= 5 Lx=Ly=12 pg= 0.635 ids= 245 TEE=0
rank= 2 Lx=Ly=12 pg= 0.545 ids= 482 TEE=0
rank= 0 Lx=Ly=12 pg= 0.635 ids= 160 TEE=0
rank=17 Lx=Ly=12 pg= 0.635 ids= 277 TEE=1
rank=10 Lx=Ly=12 pg= 0.635 ids= 170 TEE=0
rank=18 Lx=Ly=12 pg= 0.545 ids= 518 TEE=0
rank=13 Lx=Ly=12 pg= 0.590 ids= 793 TEE=0
rank= 4 Lx=Ly=12 pg= 0.545 ids= 564 TEE=0
rank= 8 Lx=Ly=12 pg= 0.635 ids=  88 TEE=0
rank=11 Lx=Ly=12 pg= 0.635 ids=  71 TEE=0
rank= 6 Lx=Ly=12 pg= 0.545 ids= 486 TEE=0
rank= 7 Lx=Ly=12 pg= 0.635 ids=  67 TEE=0
rank= 1 Lx=Ly=12 pg= 0.635 ids= 261 TEE=0
rank=12 Lx=Ly=12 pg= 0.545 ids= 472 TEE=-1
rank= 9 Lx=Ly=12 pg= 0.635 ids=  49 TEE=-1
rank=16 Lx=Ly=12 pg= 0.635 ids=  96 TEE=-1
rank=14 Lx=Ly=12 pg= 0.635 ids= 174 TEE=0
rank= 5 Lx=Ly=12 pg= 0.635 ids= 265 TEE=0
rank= 0 Lx=Ly=12 pg= 0.635 ids= 180 TEE=0
rank=17 Lx=Ly=12 pg= 0.635 ids= 297 TEE=0
rank=10 Lx=Ly=12 pg= 0.635 ids= 190 TEE=0
rank=15 Lx=Ly=12 pg= 0.545 ids= 595 TEE=0
rank=19 Lx=Ly=12 pg= 0.545 ids= 519 TEE=0
rank=13 Lx=Ly=12 pg= 0.635 ids=  13 TEE=0
rank= 8 Lx=Ly=12 pg= 0.635 ids= 108 TEE=-1
rank=11 Lx=Ly=12 pg= 0.635 ids=  91 TEE=0
rank= 1 Lx=Ly=12 pg= 0.635 ids= 281 TEE=0
rank= 3 Lx=Ly=12 pg= 0.545 ids= 543 TEE=0
rank= 7 Lx=Ly=12 pg= 0.635 ids=  87 TEE=0
rank= 9 Lx=Ly=12 pg= 0.635 ids=  69 TEE=0
rank=14 Lx=Ly=12 pg= 0.635 ids= 194 TEE=-1
rank=16 Lx=Ly=12 pg= 0.635 ids= 116 TEE=0
rank= 5 Lx=Ly=12 pg= 0.635 ids= 285 TEE=0
rank=17 Lx=Ly=12 pg= 0.635 ids= 317 TEE=0
rank= 2 Lx=Ly=12 pg= 0.545 ids= 502 TEE=0
rank=10 Lx=Ly=12 pg= 0.635 ids= 210 TEE=0
rank= 0 Lx=Ly=12 pg= 0.635 ids= 200 TEE=0
rank=18 Lx=Ly=12 pg= 0.545 ids= 538 TEE=0
rank= 4 Lx=Ly=12 pg= 0.545 ids= 584 TEE=0
rank= 8 Lx=Ly=12 pg= 0.635 ids= 128 TEE=-1
rank=13 Lx=Ly=12 pg= 0.635 ids=  33 TEE=0
rank=12 Lx=Ly=12 pg= 0.545 ids= 492 TEE=0
rank= 1 Lx=Ly=12 pg= 0.635 ids= 301 TEE=1
rank=11 Lx=Ly=12 pg= 0.635 ids= 111 TEE=0
rank= 7 Lx=Ly=12 pg= 0.635 ids= 107 TEE=0
rank=14 Lx=Ly=12 pg= 0.635 ids= 214 TEE=0
rank= 9 Lx=Ly=12 pg= 0.635 ids=  89 TEE=0
rank= 5 Lx=Ly=12 pg= 0.635 ids= 305 TEE=0
rank= 6 Lx=Ly=12 pg= 0.545 ids= 506 TEE=0
rank=16 Lx=Ly=12 pg= 0.635 ids= 136 TEE=0
rank=15 Lx=Ly=12 pg= 0.545 ids= 615 TEE=0
rank=17 Lx=Ly=12 pg= 0.635 ids= 337 TEE=0
rank=10 Lx=Ly=12 pg= 0.635 ids= 230 TEE=0
rank= 0 Lx=Ly=12 pg= 0.635 ids= 220 TEE=-1
rank= 3 Lx=Ly=12 pg= 0.545 ids= 563 TEE=0
rank= 8 Lx=Ly=12 pg= 0.635 ids= 148 TEE=0
rank=19 Lx=Ly=12 pg= 0.545 ids= 539 TEE=0
rank= 1 Lx=Ly=12 pg= 0.635 ids= 321 TEE=0
rank=13 Lx=Ly=12 pg= 0.635 ids=  53 TEE=0
rank=14 Lx=Ly=12 pg= 0.635 ids= 234 TEE=0
rank=11 Lx=Ly=12 pg= 0.635 ids= 131 TEE=1
rank= 7 Lx=Ly=12 pg= 0.635 ids= 127 TEE=0
rank= 5 Lx=Ly=12 pg= 0.635 ids= 325 TEE=-1
rank= 9 Lx=Ly=12 pg= 0.635 ids= 109 TEE=-1
rank=17 Lx=Ly=12 pg= 0.635 ids= 357 TEE=0
rank= 2 Lx=Ly=12 pg= 0.545 ids= 522 TEE=0
rank=10 Lx=Ly=12 pg= 0.635 ids= 250 TEE=0
rank= 0 Lx=Ly=12 pg= 0.635 ids= 240 TEE=-1
rank=16 Lx=Ly=12 pg= 0.635 ids= 156 TEE=0
rank=12 Lx=Ly=12 pg= 0.545 ids= 512 TEE=0
rank= 8 Lx=Ly=12 pg= 0.635 ids= 168 TEE=0
rank= 1 Lx=Ly=12 pg= 0.635 ids= 341 TEE=0
rank= 4 Lx=Ly=12 pg= 0.545 ids= 604 TEE=0
rank=18 Lx=Ly=12 pg= 0.545 ids= 558 TEE=0
rank= 3 Lx=Ly=12 pg= 0.545 ids= 583 TEE=0
rank=13 Lx=Ly=12 pg= 0.635 ids=  73 TEE=0
rank=14 Lx=Ly=12 pg= 0.635 ids= 254 TEE=0
rank= 5 Lx=Ly=12 pg= 0.635 ids= 345 TEE=-1
rank= 7 Lx=Ly=12 pg= 0.635 ids= 147 TEE=-1
rank=11 Lx=Ly=12 pg= 0.635 ids= 151 TEE=0
rank=17 Lx=Ly=12 pg= 0.635 ids= 377 TEE=0
rank= 9 Lx=Ly=12 pg= 0.635 ids= 129 TEE=0
rank=15 Lx=Ly=12 pg= 0.545 ids= 635 TEE=0
rank=10 Lx=Ly=12 pg= 0.635 ids= 270 TEE=-1
rank= 0 Lx=Ly=12 pg= 0.635 ids= 260 TEE=0
rank=16 Lx=Ly=12 pg= 0.635 ids= 176 TEE=0
rank= 6 Lx=Ly=12 pg= 0.545 ids= 526 TEE=0
rank=19 Lx=Ly=12 pg= 0.545 ids= 559 TEE=0
rank= 1 Lx=Ly=12 pg= 0.635 ids= 361 TEE=0
rank=13 Lx=Ly=12 pg= 0.635 ids=  93 TEE=0
rank= 8 Lx=Ly=12 pg= 0.635 ids= 188 TEE=0
rank= 2 Lx=Ly=12 pg= 0.545 ids= 542 TEE=0
rank=14 Lx=Ly=12 pg= 0.635 ids= 274 TEE=0
rank= 5 Lx=Ly=12 pg= 0.635 ids= 365 TEE=0
rank=11 Lx=Ly=12 pg= 0.635 ids= 171 TEE=-1
rank=17 Lx=Ly=12 pg= 0.635 ids= 397 TEE=0
rank= 7 Lx=Ly=12 pg= 0.635 ids= 167 TEE=0
rank= 9 Lx=Ly=12 pg= 0.635 ids= 149 TEE=-1
rank=10 Lx=Ly=12 pg= 0.635 ids= 290 TEE=0
rank= 0 Lx=Ly=12 pg= 0.635 ids= 280 TEE=-1
rank=16 Lx=Ly=12 pg= 0.635 ids= 196 TEE=-1
rank= 1 Lx=Ly=12 pg= 0.635 ids= 381 TEE=0
rank=12 Lx=Ly=12 pg= 0.545 ids= 532 TEE=0
rank= 8 Lx=Ly=12 pg= 0.635 ids= 208 TEE=0
rank=13 Lx=Ly=12 pg= 0.635 ids= 113 TEE=0
rank= 4 Lx=Ly=12 pg= 0.545 ids= 624 TEE=0
rank=14 Lx=Ly=12 pg= 0.635 ids= 294 TEE=0
rank= 3 Lx=Ly=12 pg= 0.545 ids= 603 TEE=0
rank=11 Lx=Ly=12 pg= 0.635 ids= 191 TEE=0
rank=17 Lx=Ly=12 pg= 0.635 ids= 417 TEE=0
rank= 5 Lx=Ly=12 pg= 0.635 ids= 385 TEE=0
rank=18 Lx=Ly=12 pg= 0.545 ids= 578 TEE=0
rank=15 Lx=Ly=12 pg= 0.545 ids= 655 TEE=0
rank=10 Lx=Ly=12 pg= 0.635 ids= 310 TEE=0
rank= 0 Lx=Ly=12 pg= 0.635 ids= 300 TEE=0
rank= 9 Lx=Ly=12 pg= 0.635 ids= 169 TEE=0
rank= 7 Lx=Ly=12 pg= 0.635 ids= 187 TEE=-1
rank=16 Lx=Ly=12 pg= 0.635 ids= 216 TEE=0
rank=19 Lx=Ly=12 pg= 0.545 ids= 579 TEE=0
rank= 6 Lx=Ly=12 pg= 0.545 ids= 546 TEE=0
rank= 1 Lx=Ly=12 pg= 0.635 ids= 401 TEE=0
rank=14 Lx=Ly=12 pg= 0.635 ids= 314 TEE=0
rank= 8 Lx=Ly=12 pg= 0.635 ids= 228 TEE=0
rank=13 Lx=Ly=12 pg= 0.635 ids= 133 TEE=0
rank=17 Lx=Ly=12 pg= 0.635 ids= 437 TEE=0
rank= 5 Lx=Ly=12 pg= 0.635 ids= 405 TEE=0
rank= 2 Lx=Ly=12 pg= 0.545 ids= 562 TEE=0
rank= 9 Lx=Ly=12 pg= 0.635 ids= 189 TEE=-1
rank= 0 Lx=Ly=12 pg= 0.635 ids= 320 TEE=0
rank=10 Lx=Ly=12 pg= 0.635 ids= 330 TEE=0
rank=11 Lx=Ly=12 pg= 0.635 ids= 211 TEE=0
rank= 7 Lx=Ly=12 pg= 0.635 ids= 207 TEE=0
rank=16 Lx=Ly=12 pg= 0.635 ids= 236 TEE=0
rank= 4 Lx=Ly=12 pg= 0.545 ids= 644 TEE=0
rank=12 Lx=Ly=12 pg= 0.545 ids= 552 TEE=0
rank= 1 Lx=Ly=12 pg= 0.635 ids= 421 TEE=0
rank=18 Lx=Ly=12 pg= 0.545 ids= 598 TEE=0
rank=14 Lx=Ly=12 pg= 0.635 ids= 334 TEE=0
rank= 3 Lx=Ly=12 pg= 0.545 ids= 623 TEE=0
rank=17 Lx=Ly=12 pg= 0.635 ids= 457 TEE=0
rank= 5 Lx=Ly=12 pg= 0.635 ids= 425 TEE=0
rank= 8 Lx=Ly=12 pg= 0.635 ids= 248 TEE=0
rank=13 Lx=Ly=12 pg= 0.635 ids= 153 TEE=-1
rank= 0 Lx=Ly=12 pg= 0.635 ids= 340 TEE=0
rank=15 Lx=Ly=12 pg= 0.545 ids= 675 TEE=0
rank= 9 Lx=Ly=12 pg= 0.635 ids= 209 TEE=0
rank=10 Lx=Ly=12 pg= 0.635 ids= 350 TEE=0
rank= 7 Lx=Ly=12 pg= 0.635 ids= 227 TEE=-1
rank=11 Lx=Ly=12 pg= 0.635 ids= 231 TEE=0
rank=19 Lx=Ly=12 pg= 0.545 ids= 599 TEE=0
rank=16 Lx=Ly=12 pg= 0.635 ids= 256 TEE=-1
rank= 2 Lx=Ly=12 pg= 0.545 ids= 582 TEE=0
rank= 6 Lx=Ly=12 pg= 0.545 ids= 566 TEE=0
rank= 1 Lx=Ly=12 pg= 0.635 ids= 441 TEE=0
rank=14 Lx=Ly=12 pg= 0.635 ids= 354 TEE=0
rank=17 Lx=Ly=12 pg= 0.635 ids= 477 TEE=0
rank= 5 Lx=Ly=12 pg= 0.635 ids= 445 TEE=-1
rank= 8 Lx=Ly=12 pg= 0.635 ids= 268 TEE=0
rank= 0 Lx=Ly=12 pg= 0.635 ids= 360 TEE=-1
rank=10 Lx=Ly=12 pg= 0.635 ids= 370 TEE=0
rank=13 Lx=Ly=12 pg= 0.635 ids= 173 TEE=0
rank= 9 Lx=Ly=12 pg= 0.635 ids= 229 TEE=-1
rank= 4 Lx=Ly=12 pg= 0.545 ids= 664 TEE=0
rank= 7 Lx=Ly=12 pg= 0.635 ids= 247 TEE=0
rank=11 Lx=Ly=12 pg= 0.635 ids= 251 TEE=0
rank=16 Lx=Ly=12 pg= 0.635 ids= 276 TEE=0
rank= 1 Lx=Ly=12 pg= 0.635 ids= 461 TEE=0
rank=14 Lx=Ly=12 pg= 0.635 ids= 374 TEE=0
rank=17 Lx=Ly=12 pg= 0.635 ids= 497 TEE=0
rank= 5 Lx=Ly=12 pg= 0.635 ids= 465 TEE=0
rank=12 Lx=Ly=12 pg= 0.545 ids= 572 TEE=0
rank=15 Lx=Ly=12 pg= 0.545 ids= 695 TEE=0
rank=18 Lx=Ly=12 pg= 0.545 ids= 618 TEE=0
rank= 3 Lx=Ly=12 pg= 0.545 ids= 643 TEE=0
rank= 0 Lx=Ly=12 pg= 0.635 ids= 380 TEE=0
rank=10 Lx=Ly=12 pg= 0.635 ids= 390 TEE=0
rank= 8 Lx=Ly=12 pg= 0.635 ids= 288 TEE=-1
rank= 9 Lx=Ly=12 pg= 0.635 ids= 249 TEE=-1
rank=13 Lx=Ly=12 pg= 0.635 ids= 193 TEE=0
rank=11 Lx=Ly=12 pg= 0.635 ids= 271 TEE=-1
rank= 2 Lx=Ly=12 pg= 0.545 ids= 602 TEE=0
rank=19 Lx=Ly=12 pg= 0.545 ids= 619 TEE=0
rank= 7 Lx=Ly=12 pg= 0.635 ids= 267 TEE=0
rank= 6 Lx=Ly=12 pg= 0.545 ids= 586 TEE=0
rank= 1 Lx=Ly=12 pg= 0.635 ids= 481 TEE=0
rank=16 Lx=Ly=12 pg= 0.635 ids= 296 TEE=0
rank= 5 Lx=Ly=12 pg= 0.635 ids= 485 TEE=0
rank=17 Lx=Ly=12 pg= 0.635 ids= 517 TEE=0
rank=14 Lx=Ly=12 pg= 0.635 ids= 394 TEE=0
rank= 0 Lx=Ly=12 pg= 0.635 ids= 400 TEE=0
rank= 4 Lx=Ly=12 pg= 0.545 ids= 684 TEE=0
rank=10 Lx=Ly=12 pg= 0.635 ids= 410 TEE=-1
rank= 8 Lx=Ly=12 pg= 0.635 ids= 308 TEE=0
rank= 9 Lx=Ly=12 pg= 0.635 ids= 269 TEE=0
rank=11 Lx=Ly=12 pg= 0.635 ids= 291 TEE=0
rank= 1 Lx=Ly=12 pg= 0.635 ids= 501 TEE=0
rank=13 Lx=Ly=12 pg= 0.635 ids= 213 TEE=0
rank=16 Lx=Ly=12 pg= 0.635 ids= 316 TEE=-1
rank= 7 Lx=Ly=12 pg= 0.635 ids= 287 TEE=0
rank=15 Lx=Ly=12 pg= 0.545 ids= 715 TEE=0
rank= 3 Lx=Ly=12 pg= 0.545 ids= 663 TEE=0
rank=12 Lx=Ly=12 pg= 0.545 ids= 592 TEE=0
rank= 5 Lx=Ly=12 pg= 0.635 ids= 505 TEE=0
rank=14 Lx=Ly=12 pg= 0.635 ids= 414 TEE=0
rank=17 Lx=Ly=12 pg= 0.635 ids= 537 TEE=0
rank=18 Lx=Ly=12 pg= 0.545 ids= 638 TEE=0
rank= 0 Lx=Ly=12 pg= 0.635 ids= 420 TEE=0
rank=10 Lx=Ly=12 pg= 0.635 ids= 430 TEE=0
rank= 8 Lx=Ly=12 pg= 0.635 ids= 328 TEE=0
rank=19 Lx=Ly=12 pg= 0.545 ids= 639 TEE=0
rank= 9 Lx=Ly=12 pg= 0.635 ids= 289 TEE=0
rank=11 Lx=Ly=12 pg= 0.635 ids= 311 TEE=0
rank= 2 Lx=Ly=12 pg= 0.545 ids= 622 TEE=0
rank=16 Lx=Ly=12 pg= 0.635 ids= 336 TEE=0
rank= 7 Lx=Ly=12 pg= 0.635 ids= 307 TEE=-1
rank= 1 Lx=Ly=12 pg= 0.635 ids= 521 TEE=0
rank=13 Lx=Ly=12 pg= 0.635 ids= 233 TEE=-1
rank= 5 Lx=Ly=12 pg= 0.635 ids= 525 TEE=-1
rank=17 Lx=Ly=12 pg= 0.635 ids= 557 TEE=0
rank=14 Lx=Ly=12 pg= 0.635 ids= 434 TEE=0
rank= 6 Lx=Ly=12 pg= 0.545 ids= 606 TEE=0
rank= 0 Lx=Ly=12 pg= 0.635 ids= 440 TEE=0
rank= 4 Lx=Ly=12 pg= 0.545 ids= 704 TEE=0
rank= 8 Lx=Ly=12 pg= 0.635 ids= 348 TEE=0
rank=10 Lx=Ly=12 pg= 0.635 ids= 450 TEE=0
rank= 9 Lx=Ly=12 pg= 0.635 ids= 309 TEE=0
rank=11 Lx=Ly=12 pg= 0.635 ids= 331 TEE=-1
rank=16 Lx=Ly=12 pg= 0.635 ids= 356 TEE=0
rank= 3 Lx=Ly=12 pg= 0.545 ids= 683 TEE=0
rank= 1 Lx=Ly=12 pg= 0.635 ids= 541 TEE=0
rank= 7 Lx=Ly=12 pg= 0.635 ids= 327 TEE=0
rank=13 Lx=Ly=12 pg= 0.635 ids= 253 TEE=0
rank= 5 Lx=Ly=12 pg= 0.635 ids= 545 TEE=-1
rank=17 Lx=Ly=12 pg= 0.635 ids= 577 TEE=-1
rank=14 Lx=Ly=12 pg= 0.635 ids= 454 TEE=0
rank=18 Lx=Ly=12 pg= 0.545 ids= 658 TEE=0
rank=12 Lx=Ly=12 pg= 0.545 ids= 612 TEE=0
rank=15 Lx=Ly=12 pg= 0.545 ids= 735 TEE=0
rank= 0 Lx=Ly=12 pg= 0.635 ids= 460 TEE=0
rank=10 Lx=Ly=12 pg= 0.635 ids= 470 TEE=-1
rank= 8 Lx=Ly=12 pg= 0.635 ids= 368 TEE=0
rank=19 Lx=Ly=12 pg= 0.545 ids= 659 TEE=0
rank=11 Lx=Ly=12 pg= 0.635 ids= 351 TEE=0
rank= 9 Lx=Ly=12 pg= 0.635 ids= 329 TEE=-1
rank=16 Lx=Ly=12 pg= 0.635 ids= 376 TEE=0
rank= 2 Lx=Ly=12 pg= 0.545 ids= 642 TEE=0
rank= 1 Lx=Ly=12 pg= 0.635 ids= 561 TEE=0
rank= 7 Lx=Ly=12 pg= 0.635 ids= 347 TEE=0
rank=17 Lx=Ly=12 pg= 0.635 ids= 597 TEE=0
rank=14 Lx=Ly=12 pg= 0.635 ids= 474 TEE=1
rank= 5 Lx=Ly=12 pg= 0.635 ids= 565 TEE=0
rank=13 Lx=Ly=12 pg= 0.635 ids= 273 TEE=0
rank= 6 Lx=Ly=12 pg= 0.545 ids= 626 TEE=0
rank= 0 Lx=Ly=12 pg= 0.635 ids= 480 TEE=0
rank= 4 Lx=Ly=12 pg= 0.545 ids= 724 TEE=0
rank=10 Lx=Ly=12 pg= 0.635 ids= 490 TEE=0
rank= 8 Lx=Ly=12 pg= 0.635 ids= 388 TEE=0
rank= 9 Lx=Ly=12 pg= 0.635 ids= 349 TEE=0
rank= 1 Lx=Ly=12 pg= 0.635 ids= 581 TEE=0
rank=17 Lx=Ly=12 pg= 0.635 ids= 617 TEE=0
rank=14 Lx=Ly=12 pg= 0.635 ids= 494 TEE=-1
rank=16 Lx=Ly=12 pg= 0.635 ids= 396 TEE=0
rank= 5 Lx=Ly=12 pg= 0.635 ids= 585 TEE=0
rank=11 Lx=Ly=12 pg= 0.635 ids= 371 TEE=0
rank=18 Lx=Ly=12 pg= 0.545 ids= 678 TEE=0
rank= 7 Lx=Ly=12 pg= 0.635 ids= 367 TEE=0
rank= 3 Lx=Ly=12 pg= 0.545 ids= 703 TEE=0
rank=15 Lx=Ly=12 pg= 0.545 ids= 755 TEE=0
rank=13 Lx=Ly=12 pg= 0.635 ids= 293 TEE=0
rank=12 Lx=Ly=12 pg= 0.545 ids= 632 TEE=0
rank= 0 Lx=Ly=12 pg= 0.635 ids= 500 TEE=-1
rank=10 Lx=Ly=12 pg= 0.635 ids= 510 TEE=0
rank= 2 Lx=Ly=12 pg= 0.545 ids= 662 TEE=0
rank= 8 Lx=Ly=12 pg= 0.635 ids= 408 TEE=0
rank= 1 Lx=Ly=12 pg= 0.635 ids= 601 TEE=-1
rank=17 Lx=Ly=12 pg= 0.635 ids= 637 TEE=0
rank=19 Lx=Ly=12 pg= 0.545 ids= 679 TEE=0
rank=16 Lx=Ly=12 pg= 0.635 ids= 416 TEE=0
rank=14 Lx=Ly=12 pg= 0.635 ids= 514 TEE=0
rank= 5 Lx=Ly=12 pg= 0.635 ids= 605 TEE=0
rank= 9 Lx=Ly=12 pg= 0.635 ids= 369 TEE=0
rank=11 Lx=Ly=12 pg= 0.635 ids= 391 TEE=0
rank= 7 Lx=Ly=12 pg= 0.635 ids= 387 TEE=0
rank= 6 Lx=Ly=12 pg= 0.545 ids= 646 TEE=0
rank=13 Lx=Ly=12 pg= 0.635 ids= 313 TEE=-1
rank= 0 Lx=Ly=12 pg= 0.635 ids= 520 TEE=0
rank=10 Lx=Ly=12 pg= 0.635 ids= 530 TEE=0
rank= 4 Lx=Ly=12 pg= 0.545 ids= 744 TEE=0
rank= 1 Lx=Ly=12 pg= 0.635 ids= 621 TEE=-1
rank=18 Lx=Ly=12 pg= 0.545 ids= 698 TEE=0
rank=17 Lx=Ly=12 pg= 0.635 ids= 657 TEE=0
rank= 3 Lx=Ly=12 pg= 0.545 ids= 723 TEE=0
rank= 8 Lx=Ly=12 pg= 0.635 ids= 428 TEE=0
rank=14 Lx=Ly=12 pg= 0.635 ids= 534 TEE=0
rank= 5 Lx=Ly=12 pg= 0.635 ids= 625 TEE=0
rank= 9 Lx=Ly=12 pg= 0.635 ids= 389 TEE=0
rank=16 Lx=Ly=12 pg= 0.635 ids= 436 TEE=0
rank=11 Lx=Ly=12 pg= 0.635 ids= 411 TEE=0
rank= 7 Lx=Ly=12 pg= 0.635 ids= 407 TEE=0
rank=12 Lx=Ly=12 pg= 0.545 ids= 652 TEE=0
rank=13 Lx=Ly=12 pg= 0.635 ids= 333 TEE=-1
rank= 0 Lx=Ly=12 pg= 0.635 ids= 540 TEE=0
rank=15 Lx=Ly=12 pg= 0.545 ids= 775 TEE=0
rank=10 Lx=Ly=12 pg= 0.635 ids= 550 TEE=0
rank= 1 Lx=Ly=12 pg= 0.635 ids= 641 TEE=-1
rank= 2 Lx=Ly=12 pg= 0.545 ids= 682 TEE=0
rank=17 Lx=Ly=12 pg= 0.635 ids= 677 TEE=0
rank=19 Lx=Ly=12 pg= 0.545 ids= 699 TEE=0
rank= 8 Lx=Ly=12 pg= 0.635 ids= 448 TEE=0
rank= 5 Lx=Ly=12 pg= 0.635 ids= 645 TEE=0
rank=14 Lx=Ly=12 pg= 0.635 ids= 554 TEE=0
rank= 9 Lx=Ly=12 pg= 0.635 ids= 409 TEE=-1
rank=16 Lx=Ly=12 pg= 0.635 ids= 456 TEE=1
rank= 7 Lx=Ly=12 pg= 0.635 ids= 427 TEE=-1
rank=11 Lx=Ly=12 pg= 0.635 ids= 431 TEE=0
rank= 6 Lx=Ly=12 pg= 0.545 ids= 666 TEE=0
rank= 0 Lx=Ly=12 pg= 0.635 ids= 560 TEE=-1
rank=10 Lx=Ly=12 pg= 0.635 ids= 570 TEE=0
rank=13 Lx=Ly=12 pg= 0.635 ids= 353 TEE=0
rank= 3 Lx=Ly=12 pg= 0.545 ids= 743 TEE=0
rank= 4 Lx=Ly=12 pg= 0.545 ids= 764 TEE=0
rank=17 Lx=Ly=12 pg= 0.635 ids= 697 TEE=-1
rank=14 Lx=Ly=12 pg= 0.635 ids= 574 TEE=0
rank= 8 Lx=Ly=12 pg= 0.635 ids= 468 TEE=0
rank= 1 Lx=Ly=12 pg= 0.635 ids= 661 TEE=0
rank= 5 Lx=Ly=12 pg= 0.635 ids= 665 TEE=0
rank=18 Lx=Ly=12 pg= 0.545 ids= 718 TEE=0
rank= 9 Lx=Ly=12 pg= 0.635 ids= 429 TEE=-1
rank=12 Lx=Ly=12 pg= 0.545 ids= 672 TEE=-1
rank=16 Lx=Ly=12 pg= 0.635 ids= 476 TEE=0
rank=11 Lx=Ly=12 pg= 0.635 ids= 451 TEE=0
rank=15 Lx=Ly=12 pg= 0.545 ids= 795 TEE=0
rank= 7 Lx=Ly=12 pg= 0.635 ids= 447 TEE=0
rank= 0 Lx=Ly=12 pg= 0.635 ids= 580 TEE=0
rank=10 Lx=Ly=12 pg= 0.635 ids= 590 TEE=0
rank= 2 Lx=Ly=12 pg= 0.545 ids= 702 TEE=0
rank=13 Lx=Ly=12 pg= 0.635 ids= 373 TEE=0
rank=17 Lx=Ly=12 pg= 0.635 ids= 717 TEE=-1
rank=14 Lx=Ly=12 pg= 0.635 ids= 594 TEE=0
rank= 1 Lx=Ly=12 pg= 0.635 ids= 681 TEE=0
rank= 5 Lx=Ly=12 pg= 0.635 ids= 685 TEE=0
rank= 8 Lx=Ly=12 pg= 0.635 ids= 488 TEE=0
rank= 9 Lx=Ly=12 pg= 0.635 ids= 449 TEE=-1
rank=19 Lx=Ly=12 pg= 0.545 ids= 719 TEE=0
rank= 6 Lx=Ly=12 pg= 0.545 ids= 686 TEE=0
rank= 7 Lx=Ly=12 pg= 0.635 ids= 467 TEE=0
rank= 0 Lx=Ly=12 pg= 0.635 ids= 600 TEE=0
rank=11 Lx=Ly=12 pg= 0.635 ids= 471 TEE=0
rank=16 Lx=Ly=12 pg= 0.635 ids= 496 TEE=0
rank=10 Lx=Ly=12 pg= 0.635 ids= 610 TEE=0
rank=17 Lx=Ly=12 pg= 0.635 ids= 737 TEE=0
rank=13 Lx=Ly=12 pg= 0.635 ids= 393 TEE=0
rank=18 Lx=Ly=12 pg= 0.545 ids= 738 TEE=0
rank= 3 Lx=Ly=12 pg= 0.545 ids= 763 TEE=0
rank= 1 Lx=Ly=12 pg= 0.635 ids= 701 TEE=1
rank= 5 Lx=Ly=12 pg= 0.635 ids= 705 TEE=-1
rank= 8 Lx=Ly=12 pg= 0.635 ids= 508 TEE=-1
rank=14 Lx=Ly=12 pg= 0.635 ids= 614 TEE=0
rank= 4 Lx=Ly=12 pg= 0.545 ids= 784 TEE=0
rank= 9 Lx=Ly=12 pg= 0.635 ids= 469 TEE=0
rank= 0 Lx=Ly=12 pg= 0.635 ids= 620 TEE=0
rank=11 Lx=Ly=12 pg= 0.635 ids= 491 TEE=-1
rank= 7 Lx=Ly=12 pg= 0.635 ids= 487 TEE=0
rank=15 Lx=Ly=12 pg= 0.590 ids=  15 TEE=0
rank=12 Lx=Ly=12 pg= 0.545 ids= 692 TEE=0
rank=16 Lx=Ly=12 pg= 0.635 ids= 516 TEE=0
rank= 2 Lx=Ly=12 pg= 0.545 ids= 722 TEE=0
rank=10 Lx=Ly=12 pg= 0.635 ids= 630 TEE=-1
rank=17 Lx=Ly=12 pg= 0.635 ids= 757 TEE=0
rank=13 Lx=Ly=12 pg= 0.635 ids= 413 TEE=0
rank= 1 Lx=Ly=12 pg= 0.635 ids= 721 TEE=0
rank= 8 Lx=Ly=12 pg= 0.635 ids= 528 TEE=0
rank= 5 Lx=Ly=12 pg= 0.635 ids= 725 TEE=0
rank=14 Lx=Ly=12 pg= 0.635 ids= 634 TEE=0
rank= 9 Lx=Ly=12 pg= 0.635 ids= 489 TEE=0
rank=19 Lx=Ly=12 pg= 0.545 ids= 739 TEE=0
rank= 0 Lx=Ly=12 pg= 0.635 ids= 640 TEE=0
rank=11 Lx=Ly=12 pg= 0.635 ids= 511 TEE=0
rank= 7 Lx=Ly=12 pg= 0.635 ids= 507 TEE=0
rank=16 Lx=Ly=12 pg= 0.635 ids= 536 TEE=1
rank=10 Lx=Ly=12 pg= 0.635 ids= 650 TEE=0
rank= 6 Lx=Ly=12 pg= 0.545 ids= 706 TEE=0
rank=17 Lx=Ly=12 pg= 0.635 ids= 777 TEE=0
rank= 3 Lx=Ly=12 pg= 0.545 ids= 783 TEE=0
rank=13 Lx=Ly=12 pg= 0.635 ids= 433 TEE=-1
rank=18 Lx=Ly=12 pg= 0.545 ids= 758 TEE=0
rank= 1 Lx=Ly=12 pg= 0.635 ids= 741 TEE=0
rank= 5 Lx=Ly=12 pg= 0.635 ids= 745 TEE=-1
rank=14 Lx=Ly=12 pg= 0.635 ids= 654 TEE=0
rank= 8 Lx=Ly=12 pg= 0.635 ids= 548 TEE=-1
rank= 4 Lx=Ly=12 pg= 0.590 ids=   4 TEE=0
rank= 9 Lx=Ly=12 pg= 0.635 ids= 509 TEE=0
rank= 0 Lx=Ly=12 pg= 0.635 ids= 660 TEE=0
rank=11 Lx=Ly=12 pg= 0.635 ids= 531 TEE=-1
rank=16 Lx=Ly=12 pg= 0.635 ids= 556 TEE=0
rank= 7 Lx=Ly=12 pg= 0.635 ids= 527 TEE=0
rank=10 Lx=Ly=12 pg= 0.635 ids= 670 TEE=-1
rank=12 Lx=Ly=12 pg= 0.545 ids= 712 TEE=0
rank=15 Lx=Ly=12 pg= 0.590 ids=  35 TEE=0
rank= 2 Lx=Ly=12 pg= 0.545 ids= 742 TEE=0
rank=17 Lx=Ly=12 pg= 0.635 ids= 797 TEE=0
rank=13 Lx=Ly=12 pg= 0.635 ids= 453 TEE=0
rank= 1 Lx=Ly=12 pg= 0.635 ids= 761 TEE=0
rank=14 Lx=Ly=12 pg= 0.635 ids= 674 TEE=0
rank= 5 Lx=Ly=12 pg= 0.635 ids= 765 TEE=0
rank= 8 Lx=Ly=12 pg= 0.635 ids= 568 TEE=0
rank= 9 Lx=Ly=12 pg= 0.635 ids= 529 TEE=0
rank= 0 Lx=Ly=12 pg= 0.635 ids= 680 TEE=0
rank=19 Lx=Ly=12 pg= 0.545 ids= 759 TEE=0
rank=10 Lx=Ly=12 pg= 0.635 ids= 690 TEE=0
rank=11 Lx=Ly=12 pg= 0.635 ids= 551 TEE=0
rank=16 Lx=Ly=12 pg= 0.635 ids= 576 TEE=0
rank= 7 Lx=Ly=12 pg= 0.635 ids= 547 TEE=-1
rank=17 Lx=Ly=12 pg= 0.680 ids=  17 TEE=0
rank= 6 Lx=Ly=12 pg= 0.545 ids= 726 TEE=0
rank=18 Lx=Ly=12 pg= 0.545 ids= 778 TEE=0
rank= 1 Lx=Ly=12 pg= 0.635 ids= 781 TEE=0
rank=14 Lx=Ly=12 pg= 0.635 ids= 694 TEE=0
rank= 5 Lx=Ly=12 pg= 0.635 ids= 785 TEE=-1
rank=13 Lx=Ly=12 pg= 0.635 ids= 473 TEE=0
rank= 3 Lx=Ly=12 pg= 0.590 ids=   3 TEE=0
rank= 8 Lx=Ly=12 pg= 0.635 ids= 588 TEE=0
rank= 4 Lx=Ly=12 pg= 0.590 ids=  24 TEE=0
rank= 0 Lx=Ly=12 pg= 0.635 ids= 700 TEE=-1
rank= 9 Lx=Ly=12 pg= 0.635 ids= 549 TEE=0
rank=10 Lx=Ly=12 pg= 0.635 ids= 710 TEE=-1
rank=15 Lx=Ly=12 pg= 0.590 ids=  55 TEE=0
rank=16 Lx=Ly=12 pg= 0.635 ids= 596 TEE=0
rank=11 Lx=Ly=12 pg= 0.635 ids= 571 TEE=0
rank= 2 Lx=Ly=12 pg= 0.545 ids= 762 TEE=0
rank=17 Lx=Ly=12 pg= 0.680 ids=  37 TEE=-1
rank=12 Lx=Ly=12 pg= 0.545 ids= 732 TEE=0
rank= 7 Lx=Ly=12 pg= 0.635 ids= 567 TEE=0
rank= 1 Lx=Ly=12 pg= 0.680 ids=   1 TEE=-1
rank=14 Lx=Ly=12 pg= 0.635 ids= 714 TEE=0
rank= 5 Lx=Ly=12 pg= 0.680 ids=   5 TEE=-1
rank=13 Lx=Ly=12 pg= 0.635 ids= 493 TEE=0
rank= 8 Lx=Ly=12 pg= 0.635 ids= 608 TEE=0
rank= 0 Lx=Ly=12 pg= 0.635 ids= 720 TEE=0
rank=19 Lx=Ly=12 pg= 0.545 ids= 779 TEE=0
rank=10 Lx=Ly=12 pg= 0.635 ids= 730 TEE=0
rank= 9 Lx=Ly=12 pg= 0.635 ids= 569 TEE=0
rank=17 Lx=Ly=12 pg= 0.680 ids=  57 TEE=0
rank=18 Lx=Ly=12 pg= 0.545 ids= 798 TEE=0
rank=16 Lx=Ly=12 pg= 0.635 ids= 616 TEE=0
rank= 1 Lx=Ly=12 pg= 0.680 ids=  21 TEE=-1
rank=11 Lx=Ly=12 pg= 0.635 ids= 591 TEE=0
rank= 5 Lx=Ly=12 pg= 0.680 ids=  25 TEE=-1
rank=14 Lx=Ly=12 pg= 0.635 ids= 734 TEE=0
rank= 3 Lx=Ly=12 pg= 0.590 ids=  23 TEE=0
rank= 6 Lx=Ly=12 pg= 0.545 ids= 746 TEE=0
rank= 4 Lx=Ly=12 pg= 0.590 ids=  44 TEE=0
rank= 7 Lx=Ly=12 pg= 0.635 ids= 587 TEE=0
rank=13 Lx=Ly=12 pg= 0.635 ids= 513 TEE=-1
rank= 0 Lx=Ly=12 pg= 0.635 ids= 740 TEE=0
rank=10 Lx=Ly=12 pg= 0.635 ids= 750 TEE=-1
rank= 8 Lx=Ly=12 pg= 0.635 ids= 628 TEE=0
rank= 2 Lx=Ly=12 pg= 0.545 ids= 782 TEE=0
rank= 9 Lx=Ly=12 pg= 0.635 ids= 589 TEE=0
rank=17 Lx=Ly=12 pg= 0.680 ids=  77 TEE=0
rank=16 Lx=Ly=12 pg= 0.635 ids= 636 TEE=0
rank= 1 Lx=Ly=12 pg= 0.680 ids=  41 TEE=0
rank=15 Lx=Ly=12 pg= 0.590 ids=  75 TEE=0
rank=11 Lx=Ly=12 pg= 0.635 ids= 611 TEE=-1
rank= 5 Lx=Ly=12 pg= 0.680 ids=  45 TEE=0
rank=12 Lx=Ly=12 pg= 0.545 ids= 752 TEE=0
rank=14 Lx=Ly=12 pg= 0.635 ids= 754 TEE=0
rank=19 Lx=Ly=12 pg= 0.545 ids= 799 TEE=0
rank= 7 Lx=Ly=12 pg= 0.635 ids= 607 TEE=-1
rank= 0 Lx=Ly=12 pg= 0.635 ids= 760 TEE=0
rank=13 Lx=Ly=12 pg= 0.635 ids= 533 TEE=0
rank=10 Lx=Ly=12 pg= 0.635 ids= 770 TEE=0
rank= 8 Lx=Ly=12 pg= 0.635 ids= 648 TEE=0
rank=17 Lx=Ly=12 pg= 0.680 ids=  97 TEE=0
rank=18 Lx=Ly=12 pg= 0.590 ids=  18 TEE=0
rank= 3 Lx=Ly=12 pg= 0.590 ids=  43 TEE=0
rank= 1 Lx=Ly=12 pg= 0.680 ids=  61 TEE=-1
rank= 9 Lx=Ly=12 pg= 0.635 ids= 609 TEE=0
rank=11 Lx=Ly=12 pg= 0.635 ids= 631 TEE=-1
rank= 5 Lx=Ly=12 pg= 0.680 ids=  65 TEE=0
rank=14 Lx=Ly=12 pg= 0.635 ids= 774 TEE=0
rank=16 Lx=Ly=12 pg= 0.635 ids= 656 TEE=0
rank= 6 Lx=Ly=12 pg= 0.545 ids= 766 TEE=0
rank= 4 Lx=Ly=12 pg= 0.590 ids=  64 TEE=0
rank= 0 Lx=Ly=12 pg= 0.635 ids= 780 TEE=0
rank= 7 Lx=Ly=12 pg= 0.635 ids= 627 TEE=0
rank=13 Lx=Ly=12 pg= 0.635 ids= 553 TEE=0
rank=10 Lx=Ly=12 pg= 0.635 ids= 790 TEE=0
rank= 2 Lx=Ly=12 pg= 0.590 ids=   2 TEE=0
rank= 8 Lx=Ly=12 pg= 0.635 ids= 668 TEE=0
rank=15 Lx=Ly=12 pg= 0.590 ids=  95 TEE=0
rank=17 Lx=Ly=12 pg= 0.680 ids= 117 TEE=-1
rank= 1 Lx=Ly=12 pg= 0.680 ids=  81 TEE=-1
rank=14 Lx=Ly=12 pg= 0.635 ids= 794 TEE=0
rank= 5 Lx=Ly=12 pg= 0.680 ids=  85 TEE=-1
rank=11 Lx=Ly=12 pg= 0.635 ids= 651 TEE=0
rank= 9 Lx=Ly=12 pg= 0.635 ids= 629 TEE=0
rank=12 Lx=Ly=12 pg= 0.545 ids= 772 TEE=0
rank=16 Lx=Ly=12 pg= 0.635 ids= 676 TEE=0
rank=19 Lx=Ly=12 pg= 0.590 ids=  19 TEE=-1
rank= 0 Lx=Ly=12 pg= 0.680 ids=   0 TEE=-1
rank=10 Lx=Ly=12 pg= 0.680 ids=  10 TEE=-1
rank=13 Lx=Ly=12 pg= 0.635 ids= 573 TEE=0
rank= 8 Lx=Ly=12 pg= 0.635 ids= 688 TEE=0
rank= 7 Lx=Ly=12 pg= 0.635 ids= 647 TEE=0
rank= 3 Lx=Ly=12 pg= 0.590 ids=  63 TEE=0
rank=17 Lx=Ly=12 pg= 0.680 ids= 137 TEE=-1
rank=18 Lx=Ly=12 pg= 0.590 ids=  38 TEE=-1
rank= 1 Lx=Ly=12 pg= 0.680 ids= 101 TEE=0
rank=14 Lx=Ly=12 pg= 0.680 ids=  14 TEE=-1
rank= 5 Lx=Ly=12 pg= 0.680 ids= 105 TEE=-1
rank= 6 Lx=Ly=12 pg= 0.545 ids= 786 TEE=0
rank=11 Lx=Ly=12 pg= 0.635 ids= 671 TEE=0
rank= 9 Lx=Ly=12 pg= 0.635 ids= 649 TEE=0
rank= 4 Lx=Ly=12 pg= 0.590 ids=  84 TEE=0
rank=16 Lx=Ly=12 pg= 0.635 ids= 696 TEE=0
rank= 0 Lx=Ly=12 pg= 0.680 ids=  20 TEE=-1
rank=10 Lx=Ly=12 pg= 0.680 ids=  30 TEE=-1
rank=13 Lx=Ly=12 pg= 0.635 ids= 593 TEE=0
rank= 8 Lx=Ly=12 pg= 0.635 ids= 708 TEE=0
rank=17 Lx=Ly=12 pg= 0.680 ids= 157 TEE=0
rank= 7 Lx=Ly=12 pg= 0.635 ids= 667 TEE=0
rank= 2 Lx=Ly=12 pg= 0.590 ids=  22 TEE=0
rank= 1 Lx=Ly=12 pg= 0.680 ids= 121 TEE=-1
rank=14 Lx=Ly=12 pg= 0.680 ids=  34 TEE=0
rank= 5 Lx=Ly=12 pg= 0.680 ids= 125 TEE=0
rank=15 Lx=Ly=12 pg= 0.590 ids= 115 TEE=0
rank=12 Lx=Ly=12 pg= 0.545 ids= 792 TEE=0
rank=11 Lx=Ly=12 pg= 0.635 ids= 691 TEE=0
rank= 9 Lx=Ly=12 pg= 0.635 ids= 669 TEE=0
rank=16 Lx=Ly=12 pg= 0.635 ids= 716 TEE=1
rank= 0 Lx=Ly=12 pg= 0.680 ids=  40 TEE=-1
rank=19 Lx=Ly=12 pg= 0.590 ids=  39 TEE=0
rank=10 Lx=Ly=12 pg= 0.680 ids=  50 TEE=0
rank=17 Lx=Ly=12 pg= 0.680 ids= 177 TEE=-1
rank= 3 Lx=Ly=12 pg= 0.590 ids=  83 TEE=0
rank=13 Lx=Ly=12 pg= 0.635 ids= 613 TEE=-1
rank= 7 Lx=Ly=12 pg= 0.635 ids= 687 TEE=-1
rank= 1 Lx=Ly=12 pg= 0.680 ids= 141 TEE=-1
rank=14 Lx=Ly=12 pg= 0.680 ids=  54 TEE=-1
rank= 5 Lx=Ly=12 pg= 0.680 ids= 145 TEE=-1
rank= 4 Lx=Ly=12 pg= 0.590 ids= 104 TEE=0
rank= 8 Lx=Ly=12 pg= 0.635 ids= 728 TEE=0
rank=18 Lx=Ly=12 pg= 0.590 ids=  58 TEE=0
rank= 6 Lx=Ly=12 pg= 0.590 ids=   6 TEE=1
rank=16 Lx=Ly=12 pg= 0.635 ids= 736 TEE=0
rank=11 Lx=Ly=12 pg= 0.635 ids= 711 TEE=0
rank= 9 Lx=Ly=12 pg= 0.635 ids= 689 TEE=0
rank= 0 Lx=Ly=12 pg= 0.680 ids=  60 TEE=0
rank=12 Lx=Ly=12 pg= 0.590 ids=  12 TEE=0
rank=17 Lx=Ly=12 pg= 0.680 ids= 197 TEE=0
rank=10 Lx=Ly=12 pg= 0.680 ids=  70 TEE=0
rank= 5 Lx=Ly=12 pg= 0.680 ids= 165 TEE=0
rank=14 Lx=Ly=12 pg= 0.680 ids=  74 TEE=-1
rank=15 Lx=Ly=12 pg= 0.590 ids= 135 TEE=0
rank= 7 Lx=Ly=12 pg= 0.635 ids= 707 TEE=0
rank=13 Lx=Ly=12 pg= 0.635 ids= 633 TEE=0
rank= 1 Lx=Ly=12 pg= 0.680 ids= 161 TEE=-1
rank= 8 Lx=Ly=12 pg= 0.635 ids= 748 TEE=0
rank= 2 Lx=Ly=12 pg= 0.590 ids=  42 TEE=-1
rank=16 Lx=Ly=12 pg= 0.635 ids= 756 TEE=1
rank= 0 Lx=Ly=12 pg= 0.680 ids=  80 TEE=-1
rank= 9 Lx=Ly=12 pg= 0.635 ids= 709 TEE=0
rank=11 Lx=Ly=12 pg= 0.635 ids= 731 TEE=0
rank= 3 Lx=Ly=12 pg= 0.590 ids= 103 TEE=0
rank=19 Lx=Ly=12 pg= 0.590 ids=  59 TEE=0
rank=17 Lx=Ly=12 pg= 0.680 ids= 217 TEE=0
rank= 6 Lx=Ly=12 pg= 0.590 ids=  26 TEE=-1
rank=10 Lx=Ly=12 pg= 0.680 ids=  90 TEE=-1
rank=14 Lx=Ly=12 pg= 0.680 ids=  94 TEE=-1
rank= 5 Lx=Ly=12 pg= 0.680 ids= 185 TEE=0
rank= 7 Lx=Ly=12 pg= 0.635 ids= 727 TEE=0
rank= 1 Lx=Ly=12 pg= 0.680 ids= 181 TEE=-1
rank=13 Lx=Ly=12 pg= 0.635 ids= 653 TEE=0
rank= 8 Lx=Ly=12 pg= 0.635 ids= 768 TEE=0
rank= 4 Lx=Ly=12 pg= 0.590 ids= 124 TEE=-1
rank=18 Lx=Ly=12 pg= 0.590 ids=  78 TEE=0
rank=16 Lx=Ly=12 pg= 0.635 ids= 776 TEE=-1
rank= 0 Lx=Ly=12 pg= 0.680 ids= 100 TEE=0
rank= 9 Lx=Ly=12 pg= 0.635 ids= 729 TEE=0
rank=12 Lx=Ly=12 pg= 0.590 ids=  32 TEE=0
rank=17 Lx=Ly=12 pg= 0.680 ids= 237 TEE=0
rank=11 Lx=Ly=12 pg= 0.635 ids= 751 TEE=0
rank=10 Lx=Ly=12 pg= 0.680 ids= 110 TEE=0
rank=14 Lx=Ly=12 pg= 0.680 ids= 114 TEE=-1
rank=15 Lx=Ly=12 pg= 0.590 ids= 155 TEE=0
rank= 5 Lx=Ly=12 pg= 0.680 ids= 205 TEE=-1
rank= 1 Lx=Ly=12 pg= 0.680 ids= 201 TEE=-1
rank= 8 Lx=Ly=12 pg= 0.635 ids= 788 TEE=-1
rank=13 Lx=Ly=12 pg= 0.635 ids= 673 TEE=-1
rank= 7 Lx=Ly=12 pg= 0.635 ids= 747 TEE=0
rank= 2 Lx=Ly=12 pg= 0.590 ids=  62 TEE=0
rank=16 Lx=Ly=12 pg= 0.635 ids= 796 TEE=1
rank= 0 Lx=Ly=12 pg= 0.680 ids= 120 TEE=-1
rank=19 Lx=Ly=12 pg= 0.590 ids=  79 TEE=0
rank=17 Lx=Ly=12 pg= 0.680 ids= 257 TEE=0
rank= 9 Lx=Ly=12 pg= 0.635 ids= 749 TEE=0
rank=11 Lx=Ly=12 pg= 0.635 ids= 771 TEE=0
rank=10 Lx=Ly=12 pg= 0.680 ids= 130 TEE=-1
rank= 4 Lx=Ly=12 pg= 0.590 ids= 144 TEE=0
rank=14 Lx=Ly=12 pg= 0.680 ids= 134 TEE=-1
rank= 6 Lx=Ly=12 pg= 0.590 ids=  46 TEE=0
rank= 3 Lx=Ly=12 pg= 0.590 ids= 123 TEE=0
rank= 5 Lx=Ly=12 pg= 0.680 ids= 225 TEE=0
rank= 1 Lx=Ly=12 pg= 0.680 ids= 221 TEE=-1
rank= 8 Lx=Ly=12 pg= 0.680 ids=   8 TEE=0
rank=12 Lx=Ly=12 pg= 0.590 ids=  52 TEE=0
rank= 7 Lx=Ly=12 pg= 0.635 ids= 767 TEE=0
rank=13 Lx=Ly=12 pg= 0.635 ids= 693 TEE=0
rank=18 Lx=Ly=12 pg= 0.590 ids=  98 TEE=0
rank=16 Lx=Ly=12 pg= 0.680 ids=  16 TEE=0
rank= 0 Lx=Ly=12 pg= 0.680 ids= 140 TEE=0
rank=17 Lx=Ly=12 pg= 0.680 ids= 277 TEE=0
rank= 9 Lx=Ly=12 pg= 0.635 ids= 769 TEE=0
rank=14 Lx=Ly=12 pg= 0.680 ids= 154 TEE=0
rank=10 Lx=Ly=12 pg= 0.680 ids= 150 TEE=0
rank= 2 Lx=Ly=12 pg= 0.590 ids=  82 TEE=0
rank= 1 Lx=Ly=12 pg= 0.680 ids= 241 TEE=0
rank=11 Lx=Ly=12 pg= 0.635 ids= 791 TEE=0
rank=15 Lx=Ly=12 pg= 0.590 ids= 175 TEE=0
rank= 5 Lx=Ly=12 pg= 0.680 ids= 245 TEE=0
rank= 8 Lx=Ly=12 pg= 0.680 ids=  28 TEE=-1
rank= 7 Lx=Ly=12 pg= 0.635 ids= 787 TEE=0
rank=13 Lx=Ly=12 pg= 0.635 ids= 713 TEE=0
rank= 0 Lx=Ly=12 pg= 0.680 ids= 160 TEE=0
rank= 4 Lx=Ly=12 pg= 0.590 ids= 164 TEE=0
rank=16 Lx=Ly=12 pg= 0.680 ids=  36 TEE=0
rank=17 Lx=Ly=12 pg= 0.680 ids= 297 TEE=-1
rank= 3 Lx=Ly=12 pg= 0.590 ids= 143 TEE=0
rank=14 Lx=Ly=12 pg= 0.680 ids= 174 TEE=-1
rank= 9 Lx=Ly=12 pg= 0.635 ids= 789 TEE=0
rank=10 Lx=Ly=12 pg= 0.680 ids= 170 TEE=0
rank=19 Lx=Ly=12 pg= 0.590 ids=  99 TEE=0
rank= 1 Lx=Ly=12 pg= 0.680 ids= 261 TEE=-1
rank=12 Lx=Ly=12 pg= 0.590 ids=  72 TEE=0
rank=11 Lx=Ly=12 pg= 0.680 ids=  11 TEE=-1
rank= 5 Lx=Ly=12 pg= 0.680 ids= 265 TEE=0
rank= 6 Lx=Ly=12 pg= 0.590 ids=  66 TEE=0
rank= 7 Lx=Ly=12 pg= 0.680 ids=   7 TEE=0
rank= 8 Lx=Ly=12 pg= 0.680 ids=  48 TEE=0
rank=18 Lx=Ly=12 pg= 0.590 ids= 118 TEE=0
rank=13 Lx=Ly=12 pg= 0.635 ids= 733 TEE=0
rank= 0 Lx=Ly=12 pg= 0.680 ids= 180 TEE=0
rank= 2 Lx=Ly=12 pg= 0.590 ids= 102 TEE=0
rank=17 Lx=Ly=12 pg= 0.680 ids= 317 TEE=-1
rank=16 Lx=Ly=12 pg= 0.680 ids=  56 TEE=0
rank= 9 Lx=Ly=12 pg= 0.680 ids=   9 TEE=-1
rank=14 Lx=Ly=12 pg= 0.680 ids= 194 TEE=0
rank= 1 Lx=Ly=12 pg= 0.680 ids= 281 TEE=-1
rank=10 Lx=Ly=12 pg= 0.680 ids= 190 TEE=0
rank= 5 Lx=Ly=12 pg= 0.680 ids= 285 TEE=-1
rank=11 Lx=Ly=12 pg= 0.680 ids=  31 TEE=0
rank= 8 Lx=Ly=12 pg= 0.680 ids=  68 TEE=-1
rank= 7 Lx=Ly=12 pg= 0.680 ids=  27 TEE=-1
rank=15 Lx=Ly=12 pg= 0.590 ids= 195 TEE=0
rank=13 Lx=Ly=12 pg= 0.635 ids= 753 TEE=0
rank= 0 Lx=Ly=12 pg= 0.680 ids= 200 TEE=-1
rank= 4 Lx=Ly=12 pg= 0.590 ids= 184 TEE=0
rank=17 Lx=Ly=12 pg= 0.680 ids= 337 TEE=0
rank=19 Lx=Ly=12 pg= 0.590 ids= 119 TEE=0
rank=16 Lx=Ly=12 pg= 0.680 ids=  76 TEE=-1
rank=14 Lx=Ly=12 pg= 0.680 ids= 214 TEE=-1
rank= 1 Lx=Ly=12 pg= 0.680 ids= 301 TEE=0
rank= 3 Lx=Ly=12 pg= 0.590 ids= 163 TEE=0
rank=10 Lx=Ly=12 pg= 0.680 ids= 210 TEE=-1
rank= 5 Lx=Ly=12 pg= 0.680 ids= 305 TEE=1
rank=12 Lx=Ly=12 pg= 0.590 ids=  92 TEE=0
rank= 9 Lx=Ly=12 pg= 0.680 ids=  29 TEE=0
rank=11 Lx=Ly=12 pg= 0.680 ids=  51 TEE=0
rank= 6 Lx=Ly=12 pg= 0.590 ids=  86 TEE=0
rank= 0 Lx=Ly=12 pg= 0.680 ids= 220 TEE=0
rank=13 Lx=Ly=12 pg= 0.635 ids= 773 TEE=0
rank= 8 Lx=Ly=12 pg= 0.680 ids=  88 TEE=0
rank= 7 Lx=Ly=12 pg= 0.680 ids=  47 TEE=0
rank=18 Lx=Ly=12 pg= 0.590 ids= 138 TEE=0
rank=17 Lx=Ly=12 pg= 0.680 ids= 357 TEE=-1
rank= 2 Lx=Ly=12 pg= 0.590 ids= 122 TEE=0
rank=16 Lx=Ly=12 pg= 0.680 ids=  96 TEE=0
rank=14 Lx=Ly=12 pg= 0.680 ids= 234 TEE=0
rank= 1 Lx=Ly=12 pg= 0.680 ids= 321 TEE=0
rank=10 Lx=Ly=12 pg= 0.680 ids= 230 TEE=0
rank= 5 Lx=Ly=12 pg= 0.680 ids= 325 TEE=0
rank= 9 Lx=Ly=12 pg= 0.680 ids=  49 TEE=0
rank=11 Lx=Ly=12 pg= 0.680 ids=  71 TEE=0
rank= 4 Lx=Ly=12 pg= 0.590 ids= 204 TEE=0
rank= 0 Lx=Ly=12 pg= 0.680 ids= 240 TEE=0
rank=15 Lx=Ly=12 pg= 0.590 ids= 215 TEE=0
rank= 8 Lx=Ly=12 pg= 0.680 ids= 108 TEE=-1
rank=17 Lx=Ly=12 pg= 0.680 ids= 377 TEE=0
rank= 7 Lx=Ly=12 pg= 0.680 ids=  67 TEE=0
rank=16 Lx=Ly=12 pg= 0.680 ids= 116 TEE=0
rank=13 Lx=Ly=12 pg= 0.635 ids= 793 TEE=0
rank=14 Lx=Ly=12 pg= 0.680 ids= 254 TEE=0
rank= 3 Lx=Ly=12 pg= 0.590 ids= 183 TEE=0
rank=19 Lx=Ly=12 pg= 0.590 ids= 139 TEE=0
rank= 1 Lx=Ly=12 pg= 0.680 ids= 341 TEE=0
rank=10 Lx=Ly=12 pg= 0.680 ids= 250 TEE=-1
rank= 5 Lx=Ly=12 pg= 0.680 ids= 345 TEE=0
rank=11 Lx=Ly=12 pg= 0.680 ids=  91 TEE=0
rank=12 Lx=Ly=12 pg= 0.590 ids= 112 TEE=0
rank= 6 Lx=Ly=12 pg= 0.590 ids= 106 TEE=0
rank= 2 Lx=Ly=12 pg= 0.590 ids= 142 TEE=0
rank= 0 Lx=Ly=12 pg= 0.680 ids= 260 TEE=-1
rank= 9 Lx=Ly=12 pg= 0.680 ids=  69 TEE=0
rank=17 Lx=Ly=12 pg= 0.680 ids= 397 TEE=0
rank= 7 Lx=Ly=12 pg= 0.680 ids=  87 TEE=-1
rank= 8 Lx=Ly=12 pg= 0.680 ids= 128 TEE=-1
rank=16 Lx=Ly=12 pg= 0.680 ids= 136 TEE=0
rank=18 Lx=Ly=12 pg= 0.590 ids= 158 TEE=0
rank=13 Lx=Ly=12 pg= 0.680 ids=  13 TEE=0
rank=14 Lx=Ly=12 pg= 0.680 ids= 274 TEE=0
rank= 1 Lx=Ly=12 pg= 0.680 ids= 361 TEE=0
rank=10 Lx=Ly=12 pg= 0.680 ids= 270 TEE=-1
rank= 5 Lx=Ly=12 pg= 0.680 ids= 365 TEE=0
rank=11 Lx=Ly=12 pg= 0.680 ids= 111 TEE=0
rank=19 Lx=Ly=12 pg= 0.590 ids= 159 TEE=0
rank= 0 Lx=Ly=12 pg= 0.680 ids= 280 TEE=-1
rank=17 Lx=Ly=12 pg= 0.680 ids= 417 TEE=-1
rank= 9 Lx=Ly=12 pg= 0.680 ids=  89 TEE=-1
rank=15 Lx=Ly=12 pg= 0.590 ids= 235 TEE=0
rank= 3 Lx=Ly=12 pg= 0.590 ids= 203 TEE=0
rank= 4 Lx=Ly=12 pg= 0.590 ids= 224 TEE=-1
rank= 8 Lx=Ly=12 pg= 0.680 ids= 148 TEE=0
rank=16 Lx=Ly=12 pg= 0.680 ids= 156 TEE=0
rank=13 Lx=Ly=12 pg= 0.680 ids=  33 TEE=-1
rank=14 Lx=Ly=12 pg= 0.680 ids= 294 TEE=-1
rank= 1 Lx=Ly=12 pg= 0.680 ids= 381 TEE=-1
rank=10 Lx=Ly=12 pg= 0.680 ids= 290 TEE=-1
rank= 7 Lx=Ly=12 pg= 0.680 ids= 107 TEE=-1
rank= 5 Lx=Ly=12 pg= 0.680 ids= 385 TEE=0
rank=12 Lx=Ly=12 pg= 0.590 ids= 132 TEE=0
rank= 6 Lx=Ly=12 pg= 0.590 ids= 126 TEE=0
rank=11 Lx=Ly=12 pg= 0.680 ids= 131 TEE=-1
rank= 0 Lx=Ly=12 pg= 0.680 ids= 300 TEE=0
rank=17 Lx=Ly=12 pg= 0.680 ids= 437 TEE=0
rank= 9 Lx=Ly=12 pg= 0.680 ids= 109 TEE=-1
rank= 8 Lx=Ly=12 pg= 0.680 ids= 168 TEE=-1
rank= 2 Lx=Ly=12 pg= 0.590 ids= 162 TEE=0
rank=16 Lx=Ly=12 pg= 0.680 ids= 176 TEE=-1
rank=13 Lx=Ly=12 pg= 0.680 ids=  53 TEE=-1
rank=14 Lx=Ly=12 pg= 0.680 ids= 314 TEE=0
rank=18 Lx=Ly=12 pg= 0.590 ids= 178 TEE=0
rank= 1 Lx=Ly=12 pg= 0.680 ids= 401 TEE=-1
rank=10 Lx=Ly=12 pg= 0.680 ids= 310 TEE=0
rank= 5 Lx=Ly=12 pg= 0.680 ids= 405 TEE=-1
rank= 7 Lx=Ly=12 pg= 0.680 ids= 127 TEE=-1
rank=15 Lx=Ly=12 pg= 0.590 ids= 255 TEE=0
rank=11 Lx=Ly=12 pg= 0.680 ids= 151 TEE=0
rank= 0 Lx=Ly=12 pg= 0.680 ids= 320 TEE=-1
rank=19 Lx=Ly=12 pg= 0.590 ids= 179 TEE=0
rank=17 Lx=Ly=12 pg= 0.680 ids= 457 TEE=-1
rank= 9 Lx=Ly=12 pg= 0.680 ids= 129 TEE=0
rank= 3 Lx=Ly=12 pg= 0.590 ids= 223 TEE=0
rank= 8 Lx=Ly=12 pg= 0.680 ids= 188 TEE=0
rank= 1 Lx=Ly=12 pg= 0.680 ids= 421 TEE=0
rank=13 Lx=Ly=12 pg= 0.680 ids=  73 TEE=-1
rank=10 Lx=Ly=12 pg= 0.680 ids= 330 TEE=0
rank=16 Lx=Ly=12 pg= 0.680 ids= 196 TEE=-1
rank=14 Lx=Ly=12 pg= 0.680 ids= 334 TEE=0
rank= 4 Lx=Ly=12 pg= 0.590 ids= 244 TEE=0
rank= 5 Lx=Ly=12 pg= 0.680 ids= 425 TEE=-1
rank= 7 Lx=Ly=12 pg= 0.680 ids= 147 TEE=0
rank=12 Lx=Ly=12 pg= 0.590 ids= 152 TEE=0
rank=11 Lx=Ly=12 pg= 0.680 ids= 171 TEE=-1
rank= 0 Lx=Ly=12 pg= 0.680 ids= 340 TEE=-1
rank= 6 Lx=Ly=12 pg= 0.590 ids= 146 TEE=0
rank=17 Lx=Ly=12 pg= 0.680 ids= 477 TEE=0
rank= 9 Lx=Ly=12 pg= 0.680 ids= 149 TEE=-1
rank= 2 Lx=Ly=12 pg= 0.590 ids= 182 TEE=0
rank= 1 Lx=Ly=12 pg= 0.680 ids= 441 TEE=0
rank=13 Lx=Ly=12 pg= 0.680 ids=  93 TEE=-1
rank=14 Lx=Ly=12 pg= 0.680 ids= 354 TEE=-1
rank=10 Lx=Ly=12 pg= 0.680 ids= 350 TEE=-1
rank= 8 Lx=Ly=12 pg= 0.680 ids= 208 TEE=0
rank= 5 Lx=Ly=12 pg= 0.680 ids= 445 TEE=-1
rank=16 Lx=Ly=12 pg= 0.680 ids= 216 TEE=-1
rank=18 Lx=Ly=12 pg= 0.590 ids= 198 TEE=0
rank= 7 Lx=Ly=12 pg= 0.680 ids= 167 TEE=-1
rank=19 Lx=Ly=12 pg= 0.590 ids= 199 TEE=0
rank=15 Lx=Ly=12 pg= 0.590 ids= 275 TEE=0
rank= 0 Lx=Ly=12 pg= 0.680 ids= 360 TEE=-1
rank= 3 Lx=Ly=12 pg= 0.590 ids= 243 TEE=0
rank=11 Lx=Ly=12 pg= 0.680 ids= 191 TEE=0
rank= 9 Lx=Ly=12 pg= 0.680 ids= 169 TEE=0
rank=17 Lx=Ly=12 pg= 0.680 ids= 497 TEE=0
rank= 1 Lx=Ly=12 pg= 0.680 ids= 461 TEE=-1
rank=10 Lx=Ly=12 pg= 0.680 ids= 370 TEE=-1
rank=14 Lx=Ly=12 pg= 0.680 ids= 374 TEE=-1
rank= 8 Lx=Ly=12 pg= 0.680 ids= 228 TEE=0
rank= 5 Lx=Ly=12 pg= 0.680 ids= 465 TEE=0
rank=13 Lx=Ly=12 pg= 0.680 ids= 113 TEE=-1
rank=12 Lx=Ly=12 pg= 0.590 ids= 172 TEE=0
rank=16 Lx=Ly=12 pg= 0.680 ids= 236 TEE=0
rank= 7 Lx=Ly=12 pg= 0.680 ids= 187 TEE=-1
rank= 4 Lx=Ly=12 pg= 0.590 ids= 264 TEE=0
rank= 6 Lx=Ly=12 pg= 0.590 ids= 166 TEE=0
rank= 0 Lx=Ly=12 pg= 0.680 ids= 380 TEE=-1
rank=11 Lx=Ly=12 pg= 0.680 ids= 211 TEE=0
rank= 2 Lx=Ly=12 pg= 0.590 ids= 202 TEE=0
rank=18 Lx=Ly=12 pg= 0.590 ids= 218 TEE=0
rank= 1 Lx=Ly=12 pg= 0.680 ids= 481 TEE=-1
rank= 9 Lx=Ly=12 pg= 0.680 ids= 189 TEE=0
rank=14 Lx=Ly=12 pg= 0.680 ids= 394 TEE=-1
rank= 8 Lx=Ly=12 pg= 0.680 ids= 248 TEE=-1
rank= 5 Lx=Ly=12 pg= 0.680 ids= 485 TEE=-1
rank=10 Lx=Ly=12 pg= 0.680 ids= 390 TEE=0
rank=17 Lx=Ly=12 pg= 0.680 ids= 517 TEE=-1
rank=13 Lx=Ly=12 pg= 0.680 ids= 133 TEE=0
rank=15 Lx=Ly=12 pg= 0.590 ids= 295 TEE=0
rank=16 Lx=Ly=12 pg= 0.680 ids= 256 TEE=0
rank= 3 Lx=Ly=12 pg= 0.590 ids= 263 TEE=0
rank= 7 Lx=Ly=12 pg= 0.680 ids= 207 TEE=0
rank=19 Lx=Ly=12 pg= 0.590 ids= 219 TEE=0
rank= 0 Lx=Ly=12 pg= 0.680 ids= 400 TEE=0
rank=11 Lx=Ly=12 pg= 0.680 ids= 231 TEE=-1
rank= 1 Lx=Ly=12 pg= 0.680 ids= 501 TEE=-1
rank=14 Lx=Ly=12 pg= 0.680 ids= 414 TEE=0
rank= 9 Lx=Ly=12 pg= 0.680 ids= 209 TEE=0
rank= 5 Lx=Ly=12 pg= 0.680 ids= 505 TEE=-1
rank=10 Lx=Ly=12 pg= 0.680 ids= 410 TEE=0
rank=17 Lx=Ly=12 pg= 0.680 ids= 537 TEE=0
rank= 8 Lx=Ly=12 pg= 0.680 ids= 268 TEE=-1
rank=13 Lx=Ly=12 pg= 0.680 ids= 153 TEE=-1
rank=16 Lx=Ly=12 pg= 0.680 ids= 276 TEE=-1
rank=12 Lx=Ly=12 pg= 0.590 ids= 192 TEE=-1
rank= 4 Lx=Ly=12 pg= 0.590 ids= 284 TEE=0
rank= 0 Lx=Ly=12 pg= 0.680 ids= 420 TEE=-1
rank= 6 Lx=Ly=12 pg= 0.590 ids= 186 TEE=0
rank= 7 Lx=Ly=12 pg= 0.680 ids= 227 TEE=-1
rank= 2 Lx=Ly=12 pg= 0.590 ids= 222 TEE=0
rank=11 Lx=Ly=12 pg= 0.680 ids= 251 TEE=0
rank= 1 Lx=Ly=12 pg= 0.680 ids= 521 TEE=-1
rank=14 Lx=Ly=12 pg= 0.680 ids= 434 TEE=-1
rank= 9 Lx=Ly=12 pg= 0.680 ids= 229 TEE=-1
rank= 5 Lx=Ly=12 pg= 0.680 ids= 525 TEE=-1
rank=15 Lx=Ly=12 pg= 0.590 ids= 315 TEE=0
rank=10 Lx=Ly=12 pg= 0.680 ids= 430 TEE=0
rank= 8 Lx=Ly=12 pg= 0.680 ids= 288 TEE=-1
rank=18 Lx=Ly=12 pg= 0.590 ids= 238 TEE=0
rank=17 Lx=Ly=12 pg= 0.680 ids= 557 TEE=-1
rank= 3 Lx=Ly=12 pg= 0.590 ids= 283 TEE=0
rank=19 Lx=Ly=12 pg= 0.590 ids= 239 TEE=0
rank=13 Lx=Ly=12 pg= 0.680 ids= 173 TEE=-1
rank=16 Lx=Ly=12 pg= 0.680 ids= 296 TEE=0
rank= 0 Lx=Ly=12 pg= 0.680 ids= 440 TEE=0
rank=11 Lx=Ly=12 pg= 0.680 ids= 271 TEE=0
rank= 4 Lx=Ly=12 pg= 0.590 ids= 304 TEE=0
rank= 7 Lx=Ly=12 pg= 0.680 ids= 247 TEE=-1
rank= 1 Lx=Ly=12 pg= 0.680 ids= 541 TEE=-1
rank= 5 Lx=Ly=12 pg= 0.680 ids= 545 TEE=0
rank=14 Lx=Ly=12 pg= 0.680 ids= 454 TEE=0
rank=10 Lx=Ly=12 pg= 0.680 ids= 450 TEE=-1
rank=17 Lx=Ly=12 pg= 0.680 ids= 577 TEE=0
rank= 9 Lx=Ly=12 pg= 0.680 ids= 249 TEE=0
rank=12 Lx=Ly=12 pg= 0.590 ids= 212 TEE=0
rank= 8 Lx=Ly=12 pg= 0.680 ids= 308 TEE=0
rank=13 Lx=Ly=12 pg= 0.680 ids= 193 TEE=0
rank= 2 Lx=Ly=12 pg= 0.590 ids= 242 TEE=0
rank= 0 Lx=Ly=12 pg= 0.680 ids= 460 TEE=-1
rank= 6 Lx=Ly=12 pg= 0.590 ids= 206 TEE=0
rank=16 Lx=Ly=12 pg= 0.680 ids= 316 TEE=-1
rank= 1 Lx=Ly=12 pg= 0.680 ids= 561 TEE=0
rank=15 Lx=Ly=12 pg= 0.590 ids= 335 TEE=0
rank=11 Lx=Ly=12 pg= 0.680 ids= 291 TEE=-1
rank= 7 Lx=Ly=12 pg= 0.680 ids= 267 TEE=-1
rank=14 Lx=Ly=12 pg= 0.680 ids= 474 TEE=-1
rank=10 Lx=Ly=12 pg= 0.680 ids= 470 TEE=-1
rank= 5 Lx=Ly=12 pg= 0.680 ids= 565 TEE=0
rank=17 Lx=Ly=12 pg= 0.680 ids= 597 TEE=-1
rank=19 Lx=Ly=12 pg= 0.590 ids= 259 TEE=0
rank= 3 Lx=Ly=12 pg= 0.590 ids= 303 TEE=0
rank= 9 Lx=Ly=12 pg= 0.680 ids= 269 TEE=0
rank=18 Lx=Ly=12 pg= 0.590 ids= 258 TEE=0
rank= 0 Lx=Ly=12 pg= 0.680 ids= 480 TEE=-1
rank=13 Lx=Ly=12 pg= 0.680 ids= 213 TEE=-1
rank= 8 Lx=Ly=12 pg= 0.680 ids= 328 TEE=-1
rank= 4 Lx=Ly=12 pg= 0.590 ids= 324 TEE=0
rank= 1 Lx=Ly=12 pg= 0.680 ids= 581 TEE=-1
rank=16 Lx=Ly=12 pg= 0.680 ids= 336 TEE=0
rank=14 Lx=Ly=12 pg= 0.680 ids= 494 TEE=-1
rank=10 Lx=Ly=12 pg= 0.680 ids= 490 TEE=0
rank=17 Lx=Ly=12 pg= 0.680 ids= 617 TEE=-1
rank= 5 Lx=Ly=12 pg= 0.680 ids= 585 TEE=-1
rank=11 Lx=Ly=12 pg= 0.680 ids= 311 TEE=0
rank= 7 Lx=Ly=12 pg= 0.680 ids= 287 TEE=-1
rank= 9 Lx=Ly=12 pg= 0.680 ids= 289 TEE=-1
rank=12 Lx=Ly=12 pg= 0.590 ids= 232 TEE=0
rank= 0 Lx=Ly=12 pg= 0.680 ids= 500 TEE=-1
rank= 2 Lx=Ly=12 pg= 0.590 ids= 262 TEE=0
rank=13 Lx=Ly=12 pg= 0.680 ids= 233 TEE=0
rank= 8 Lx=Ly=12 pg= 0.680 ids= 348 TEE=0
rank= 1 Lx=Ly=12 pg= 0.680 ids= 601 TEE=-1
rank= 6 Lx=Ly=12 pg= 0.590 ids= 226 TEE=0
rank=14 Lx=Ly=12 pg= 0.680 ids= 514 TEE=0
rank=10 Lx=Ly=12 pg= 0.680 ids= 510 TEE=0
rank=17 Lx=Ly=12 pg= 0.680 ids= 637 TEE=0
rank=16 Lx=Ly=12 pg= 0.680 ids= 356 TEE=-1
rank= 4 Lx=Ly=12 pg= 0.590 ids= 344 TEE=0
rank= 5 Lx=Ly=12 pg= 0.680 ids= 605 TEE=0
rank=19 Lx=Ly=12 pg= 0.590 ids= 279 TEE=0
rank=15 Lx=Ly=12 pg= 0.590 ids= 355 TEE=0
rank= 7 Lx=Ly=12 pg= 0.680 ids= 307 TEE=-1
rank=11 Lx=Ly=12 pg= 0.680 ids= 331 TEE=0
rank= 9 Lx=Ly=12 pg= 0.680 ids= 309 TEE=0
rank=18 Lx=Ly=12 pg= 0.590 ids= 278 TEE=0
rank= 3 Lx=Ly=12 pg= 0.590 ids= 323 TEE=0
rank= 0 Lx=Ly=12 pg= 0.680 ids= 520 TEE=-1
rank= 1 Lx=Ly=12 pg= 0.680 ids= 621 TEE=0
rank=13 Lx=Ly=12 pg= 0.680 ids= 253 TEE=-1
rank=14 Lx=Ly=12 pg= 0.680 ids= 534 TEE=0
rank= 8 Lx=Ly=12 pg= 0.680 ids= 368 TEE=-1
rank=10 Lx=Ly=12 pg= 0.680 ids= 530 TEE=0
rank=17 Lx=Ly=12 pg= 0.680 ids= 657 TEE=0
rank=16 Lx=Ly=12 pg= 0.680 ids= 376 TEE=0
rank= 5 Lx=Ly=12 pg= 0.680 ids= 625 TEE=0
rank= 7 Lx=Ly=12 pg= 0.680 ids= 327 TEE=-1
rank=11 Lx=Ly=12 pg= 0.680 ids= 351 TEE=-1
rank= 9 Lx=Ly=12 pg= 0.680 ids= 329 TEE=0
rank= 2 Lx=Ly=12 pg= 0.590 ids= 282 TEE=0
rank=12 Lx=Ly=12 pg= 0.590 ids= 252 TEE=0
rank= 0 Lx=Ly=12 pg= 0.680 ids= 540 TEE=0
rank= 1 Lx=Ly=12 pg= 0.680 ids= 641 TEE=0
rank=14 Lx=Ly=12 pg= 0.680 ids= 554 TEE=-1
rank=13 Lx=Ly=12 pg= 0.680 ids= 273 TEE=-1
rank=17 Lx=Ly=12 pg= 0.680 ids= 677 TEE=-1
rank=10 Lx=Ly=12 pg= 0.680 ids= 550 TEE=0
rank= 8 Lx=Ly=12 pg= 0.680 ids= 388 TEE=0
rank=16 Lx=Ly=12 pg= 0.680 ids= 396 TEE=-1
rank= 6 Lx=Ly=12 pg= 0.590 ids= 246 TEE=0
rank= 5 Lx=Ly=12 pg= 0.680 ids= 645 TEE=0
rank= 4 Lx=Ly=12 pg= 0.590 ids= 364 TEE=0
rank=19 Lx=Ly=12 pg= 0.590 ids= 299 TEE=0
rank= 7 Lx=Ly=12 pg= 0.680 ids= 347 TEE=0
rank=11 Lx=Ly=12 pg= 0.680 ids= 371 TEE=0
rank=15 Lx=Ly=12 pg= 0.590 ids= 375 TEE=0
rank=18 Lx=Ly=12 pg= 0.590 ids= 298 TEE=0
rank= 0 Lx=Ly=12 pg= 0.680 ids= 560 TEE=-1
rank= 9 Lx=Ly=12 pg= 0.680 ids= 349 TEE=0
rank= 1 Lx=Ly=12 pg= 0.680 ids= 661 TEE=-1
rank=14 Lx=Ly=12 pg= 0.680 ids= 574 TEE=0
rank= 3 Lx=Ly=12 pg= 0.590 ids= 343 TEE=0
rank=17 Lx=Ly=12 pg= 0.680 ids= 697 TEE=0
rank=10 Lx=Ly=12 pg= 0.680 ids= 570 TEE=0
rank=13 Lx=Ly=12 pg= 0.680 ids= 293 TEE=-1
rank=16 Lx=Ly=12 pg= 0.680 ids= 416 TEE=-1
rank= 5 Lx=Ly=12 pg= 0.680 ids= 665 TEE=-1
rank= 8 Lx=Ly=12 pg= 0.680 ids= 408 TEE=0
rank=11 Lx=Ly=12 pg= 0.680 ids= 391 TEE=-1
rank= 0 Lx=Ly=12 pg= 0.680 ids= 580 TEE=-1
rank= 7 Lx=Ly=12 pg= 0.680 ids= 367 TEE=-1
rank=12 Lx=Ly=12 pg= 0.590 ids= 272 TEE=0
rank= 2 Lx=Ly=12 pg= 0.590 ids= 302 TEE=0
rank= 1 Lx=Ly=12 pg= 0.680 ids= 681 TEE=-1
rank=14 Lx=Ly=12 pg= 0.680 ids= 594 TEE=0
rank= 9 Lx=Ly=12 pg= 0.680 ids= 369 TEE=-1
rank=17 Lx=Ly=12 pg= 0.680 ids= 717 TEE=-1
rank=10 Lx=Ly=12 pg= 0.680 ids= 590 TEE=-1
rank=13 Lx=Ly=12 pg= 0.680 ids= 313 TEE=0
rank= 5 Lx=Ly=12 pg= 0.680 ids= 685 TEE=-1
rank=16 Lx=Ly=12 pg= 0.680 ids= 436 TEE=0
rank=18 Lx=Ly=12 pg= 0.590 ids= 318 TEE=0
rank= 8 Lx=Ly=12 pg= 0.680 ids= 428 TEE=-1
rank= 6 Lx=Ly=12 pg= 0.590 ids= 266 TEE=0
rank= 4 Lx=Ly=12 pg= 0.590 ids= 384 TEE=0
rank=19 Lx=Ly=12 pg= 0.590 ids= 319 TEE=0
rank=15 Lx=Ly=12 pg= 0.590 ids= 395 TEE=0
rank= 0 Lx=Ly=12 pg= 0.680 ids= 600 TEE=0
rank=11 Lx=Ly=12 pg= 0.680 ids= 411 TEE=0
rank= 3 Lx=Ly=12 pg= 0.590 ids= 363 TEE=0
rank= 1 Lx=Ly=12 pg= 0.680 ids= 701 TEE=-1
rank= 7 Lx=Ly=12 pg= 0.680 ids= 387 TEE=0
rank=14 Lx=Ly=12 pg= 0.680 ids= 614 TEE=-1
rank=17 Lx=Ly=12 pg= 0.680 ids= 737 TEE=0
rank= 9 Lx=Ly=12 pg= 0.680 ids= 389 TEE=0
rank=10 Lx=Ly=12 pg= 0.680 ids= 610 TEE=-1
rank= 5 Lx=Ly=12 pg= 0.680 ids= 705 TEE=-1
rank=13 Lx=Ly=12 pg= 0.680 ids= 333 TEE=-1
rank=16 Lx=Ly=12 pg= 0.680 ids= 456 TEE=0
rank= 8 Lx=Ly=12 pg= 0.680 ids= 448 TEE=0
rank= 0 Lx=Ly=12 pg= 0.680 ids= 620 TEE=-1
rank=11 Lx=Ly=12 pg= 0.680 ids= 431 TEE=0
rank= 1 Lx=Ly=12 pg= 0.680 ids= 721 TEE=0
rank=14 Lx=Ly=12 pg= 0.680 ids= 634 TEE=-1
rank=12 Lx=Ly=12 pg= 0.590 ids= 292 TEE=0
rank= 7 Lx=Ly=12 pg= 0.680 ids= 407 TEE=0
rank=17 Lx=Ly=12 pg= 0.680 ids= 757 TEE=-1
rank= 2 Lx=Ly=12 pg= 0.590 ids= 322 TEE=-1
rank=10 Lx=Ly=12 pg= 0.680 ids= 630 TEE=0
rank= 9 Lx=Ly=12 pg= 0.680 ids= 409 TEE=-1
rank= 5 Lx=Ly=12 pg= 0.680 ids= 725 TEE=0
rank=18 Lx=Ly=12 pg= 0.590 ids= 338 TEE=0
rank=13 Lx=Ly=12 pg= 0.680 ids= 353 TEE=0
rank= 4 Lx=Ly=12 pg= 0.590 ids= 404 TEE=0
rank= 6 Lx=Ly=12 pg= 0.590 ids= 286 TEE=0
rank=16 Lx=Ly=12 pg= 0.680 ids= 476 TEE=0
rank= 8 Lx=Ly=12 pg= 0.680 ids= 468 TEE=0
rank=19 Lx=Ly=12 pg= 0.590 ids= 339 TEE=0
rank= 0 Lx=Ly=12 pg= 0.680 ids= 640 TEE=-1
rank=15 Lx=Ly=12 pg= 0.590 ids= 415 TEE=0
rank=11 Lx=Ly=12 pg= 0.680 ids= 451 TEE=-1
rank= 1 Lx=Ly=12 pg= 0.680 ids= 741 TEE=0
rank=17 Lx=Ly=12 pg= 0.680 ids= 777 TEE=-1
rank=14 Lx=Ly=12 pg= 0.680 ids= 654 TEE=-1
rank= 3 Lx=Ly=12 pg= 0.590 ids= 383 TEE=0
rank= 7 Lx=Ly=12 pg= 0.680 ids= 427 TEE=-1
rank=10 Lx=Ly=12 pg= 0.680 ids= 650 TEE=-1
rank= 9 Lx=Ly=12 pg= 0.680 ids= 429 TEE=0
rank= 5 Lx=Ly=12 pg= 0.680 ids= 745 TEE=-1
rank=13 Lx=Ly=12 pg= 0.680 ids= 373 TEE=0
rank=16 Lx=Ly=12 pg= 0.680 ids= 496 TEE=0
rank= 8 Lx=Ly=12 pg= 0.680 ids= 488 TEE=-1
rank= 0 Lx=Ly=12 pg= 0.680 ids= 660 TEE=-1
rank= 1 Lx=Ly=12 pg= 0.680 ids= 761 TEE=-1
rank=12 Lx=Ly=12 pg= 0.590 ids= 312 TEE=0
rank=11 Lx=Ly=12 pg= 0.680 ids= 471 TEE=0
rank=17 Lx=Ly=12 pg= 0.680 ids= 797 TEE=-1
rank=14 Lx=Ly=12 pg= 0.680 ids= 674 TEE=-1
rank=10 Lx=Ly=12 pg= 0.680 ids= 670 TEE=0
rank= 7 Lx=Ly=12 pg= 0.680 ids= 447 TEE=-1
rank= 9 Lx=Ly=12 pg= 0.680 ids= 449 TEE=0
rank= 5 Lx=Ly=12 pg= 0.680 ids= 765 TEE=-1
rank= 2 Lx=Ly=12 pg= 0.590 ids= 342 TEE=-1
rank= 4 Lx=Ly=12 pg= 0.590 ids= 424 TEE=-1
rank=18 Lx=Ly=12 pg= 0.590 ids= 358 TEE=0
rank=13 Lx=Ly=12 pg= 0.680 ids= 393 TEE=-1
rank=19 Lx=Ly=12 pg= 0.590 ids= 359 TEE=0
rank= 8 Lx=Ly=12 pg= 0.680 ids= 508 TEE=0
rank= 0 Lx=Ly=12 pg= 0.680 ids= 680 TEE=-1
rank= 6 Lx=Ly=12 pg= 0.590 ids= 306 TEE=0
rank= 1 Lx=Ly=12 pg= 0.680 ids= 781 TEE=0
rank=16 Lx=Ly=12 pg= 0.680 ids= 516 TEE=-1
rank=15 Lx=Ly=12 pg= 0.590 ids= 435 TEE=0
rank=17 Lx=Ly=12 pg= 0.725 ids=  17 TEE=-1
rank= 3 Lx=Ly=12 pg= 0.590 ids= 403 TEE=0
rank=14 Lx=Ly=12 pg= 0.680 ids= 694 TEE=-1
rank=11 Lx=Ly=12 pg= 0.680 ids= 491 TEE=0
rank=10 Lx=Ly=12 pg= 0.680 ids= 690 TEE=-1
rank= 7 Lx=Ly=12 pg= 0.680 ids= 467 TEE=-1
rank= 9 Lx=Ly=12 pg= 0.680 ids= 469 TEE=-1
rank= 5 Lx=Ly=12 pg= 0.680 ids= 785 TEE=0
rank=13 Lx=Ly=12 pg= 0.680 ids= 413 TEE=-1
rank=12 Lx=Ly=12 pg= 0.590 ids= 332 TEE=0
rank= 1 Lx=Ly=12 pg= 0.725 ids=   1 TEE=-1
rank= 0 Lx=Ly=12 pg= 0.680 ids= 700 TEE=-1
rank= 8 Lx=Ly=12 pg= 0.680 ids= 528 TEE=0
rank=16 Lx=Ly=12 pg= 0.680 ids= 536 TEE=0
rank=14 Lx=Ly=12 pg= 0.680 ids= 714 TEE=-1
rank=17 Lx=Ly=12 pg= 0.725 ids=  37 TEE=-1
rank=11 Lx=Ly=12 pg= 0.680 ids= 511 TEE=-1
rank=10 Lx=Ly=12 pg= 0.680 ids= 710 TEE=0
rank= 5 Lx=Ly=12 pg= 0.725 ids=   5 TEE=-1
rank= 9 Lx=Ly=12 pg= 0.680 ids= 489 TEE=0
rank= 7 Lx=Ly=12 pg= 0.680 ids= 487 TEE=-1
rank= 4 Lx=Ly=12 pg= 0.590 ids= 444 TEE=0
rank=18 Lx=Ly=12 pg= 0.590 ids= 378 TEE=0
rank=13 Lx=Ly=12 pg= 0.680 ids= 433 TEE=0
rank= 2 Lx=Ly=12 pg= 0.590 ids= 362 TEE=0
rank=19 Lx=Ly=12 pg= 0.590 ids= 379 TEE=0
rank= 1 Lx=Ly=12 pg= 0.725 ids=  21 TEE=-1
rank= 0 Lx=Ly=12 pg= 0.680 ids= 720 TEE=-1
rank=16 Lx=Ly=12 pg= 0.680 ids= 556 TEE=-1
rank= 8 Lx=Ly=12 pg= 0.680 ids= 548 TEE=0
rank=17 Lx=Ly=12 pg= 0.725 ids=  57 TEE=-1
rank=10 Lx=Ly=12 pg= 0.680 ids= 730 TEE=0
rank= 6 Lx=Ly=12 pg= 0.590 ids= 326 TEE=0
rank=11 Lx=Ly=12 pg= 0.680 ids= 531 TEE=-1
rank=14 Lx=Ly=12 pg= 0.680 ids= 734 TEE=-1
rank= 3 Lx=Ly=12 pg= 0.590 ids= 423 TEE=0
rank=15 Lx=Ly=12 pg= 0.590 ids= 455 TEE=0
rank= 5 Lx=Ly=12 pg= 0.725 ids=  25 TEE=-1
rank= 9 Lx=Ly=12 pg= 0.680 ids= 509 TEE=0
rank= 7 Lx=Ly=12 pg= 0.680 ids= 507 TEE=0
rank=13 Lx=Ly=12 pg= 0.680 ids= 453 TEE=-1
rank= 1 Lx=Ly=12 pg= 0.725 ids=  41 TEE=-1
rank= 0 Lx=Ly=12 pg= 0.680 ids= 740 TEE=-1
rank=12 Lx=Ly=12 pg= 0.590 ids= 352 TEE=0
rank= 8 Lx=Ly=12 pg= 0.680 ids= 568 TEE=0
rank=17 Lx=Ly=12 pg= 0.725 ids=  77 TEE=0
rank=10 Lx=Ly=12 pg= 0.680 ids= 750 TEE=0
rank=11 Lx=Ly=12 pg= 0.680 ids= 551 TEE=-1
rank=14 Lx=Ly=12 pg= 0.680 ids= 754 TEE=0
rank=16 Lx=Ly=12 pg= 0.680 ids= 576 TEE=0
rank= 5 Lx=Ly=12 pg= 0.725 ids=  45 TEE=-1
rank= 9 Lx=Ly=12 pg= 0.680 ids= 529 TEE=0
rank=19 Lx=Ly=12 pg= 0.590 ids= 399 TEE=0
rank= 7 Lx=Ly=12 pg= 0.680 ids= 527 TEE=-1
rank= 2 Lx=Ly=12 pg= 0.590 ids= 382 TEE=0
rank= 4 Lx=Ly=12 pg= 0.590 ids= 464 TEE=0
rank= 1 Lx=Ly=12 pg= 0.725 ids=  61 TEE=-1
rank=18 Lx=Ly=12 pg= 0.590 ids= 398 TEE=0
rank= 0 Lx=Ly=12 pg= 0.680 ids= 760 TEE=-1
rank= 3 Lx=Ly=12 pg= 0.590 ids= 443 TEE=0
rank=13 Lx=Ly=12 pg= 0.680 ids= 473 TEE=-1
rank=15 Lx=Ly=12 pg= 0.590 ids= 475 TEE=0
rank= 8 Lx=Ly=12 pg= 0.680 ids= 588 TEE=0
rank=17 Lx=Ly=12 pg= 0.725 ids=  97 TEE=0
rank=10 Lx=Ly=12 pg= 0.680 ids= 770 TEE=-1
rank=14 Lx=Ly=12 pg= 0.680 ids= 774 TEE=0
rank= 6 Lx=Ly=12 pg= 0.590 ids= 346 TEE=0
rank=11 Lx=Ly=12 pg= 0.680 ids= 571 TEE=-1
rank=16 Lx=Ly=12 pg= 0.680 ids= 596 TEE=-1
rank= 5 Lx=Ly=12 pg= 0.725 ids=  65 TEE=0
rank= 9 Lx=Ly=12 pg= 0.680 ids= 549 TEE=-1
rank=12 Lx=Ly=12 pg= 0.590 ids= 372 TEE=0
rank= 7 Lx=Ly=12 pg= 0.680 ids= 547 TEE=-1
rank= 0 Lx=Ly=12 pg= 0.680 ids= 780 TEE=0
rank=13 Lx=Ly=12 pg= 0.680 ids= 493 TEE=-1
rank=17 Lx=Ly=12 pg= 0.725 ids= 117 TEE=-1
rank= 8 Lx=Ly=12 pg= 0.680 ids= 608 TEE=0
rank=14 Lx=Ly=12 pg= 0.680 ids= 794 TEE=0
rank=10 Lx=Ly=12 pg= 0.680 ids= 790 TEE=-1
rank= 1 Lx=Ly=12 pg= 0.725 ids=  81 TEE=-1
rank=11 Lx=Ly=12 pg= 0.680 ids= 591 TEE=-1
rank=16 Lx=Ly=12 pg= 0.680 ids= 616 TEE=0
rank=19 Lx=Ly=12 pg= 0.590 ids= 419 TEE=0
rank= 5 Lx=Ly=12 pg= 0.725 ids=  85 TEE=-1
rank= 2 Lx=Ly=12 pg= 0.590 ids= 402 TEE=0
rank= 9 Lx=Ly=12 pg= 0.680 ids= 569 TEE=0
rank=18 Lx=Ly=12 pg= 0.590 ids= 418 TEE=0
rank= 7 Lx=Ly=12 pg= 0.680 ids= 567 TEE=-1
rank= 4 Lx=Ly=12 pg= 0.590 ids= 484 TEE=0
rank= 0 Lx=Ly=12 pg= 0.725 ids=   0 TEE=-1
rank=17 Lx=Ly=12 pg= 0.725 ids= 137 TEE=-1
rank= 3 Lx=Ly=12 pg= 0.590 ids= 463 TEE=0
rank=14 Lx=Ly=12 pg= 0.725 ids=  14 TEE=0
rank=10 Lx=Ly=12 pg= 0.725 ids=  10 TEE=-1
rank=15 Lx=Ly=12 pg= 0.590 ids= 495 TEE=0
rank=11 Lx=Ly=12 pg= 0.680 ids= 611 TEE=0
rank= 1 Lx=Ly=12 pg= 0.725 ids= 101 TEE=0
rank=16 Lx=Ly=12 pg= 0.680 ids= 636 TEE=0
rank= 8 Lx=Ly=12 pg= 0.680 ids= 628 TEE=0
rank=13 Lx=Ly=12 pg= 0.680 ids= 513 TEE=-1
rank= 5 Lx=Ly=12 pg= 0.725 ids= 105 TEE=-1
rank=12 Lx=Ly=12 pg= 0.590 ids= 392 TEE=0
rank= 6 Lx=Ly=12 pg= 0.590 ids= 366 TEE=0
rank= 9 Lx=Ly=12 pg= 0.680 ids= 589 TEE=-1
rank= 7 Lx=Ly=12 pg= 0.680 ids= 587 TEE=-1
rank= 0 Lx=Ly=12 pg= 0.725 ids=  20 TEE=-1
rank=17 Lx=Ly=12 pg= 0.725 ids= 157 TEE=-1
rank=14 Lx=Ly=12 pg= 0.725 ids=  34 TEE=-1
rank= 1 Lx=Ly=12 pg= 0.725 ids= 121 TEE=-1
rank=11 Lx=Ly=12 pg= 0.680 ids= 631 TEE=-1
rank=10 Lx=Ly=12 pg= 0.725 ids=  30 TEE=0
rank= 5 Lx=Ly=12 pg= 0.725 ids= 125 TEE=-1
rank=13 Lx=Ly=12 pg= 0.680 ids= 533 TEE=0
rank=16 Lx=Ly=12 pg= 0.680 ids= 656 TEE=-1
rank= 8 Lx=Ly=12 pg= 0.680 ids= 648 TEE=-1
rank=19 Lx=Ly=12 pg= 0.590 ids= 439 TEE=0
rank= 9 Lx=Ly=12 pg= 0.680 ids= 609 TEE=-1
rank= 2 Lx=Ly=12 pg= 0.590 ids= 422 TEE=1
rank= 4 Lx=Ly=12 pg= 0.590 ids= 504 TEE=0
rank= 7 Lx=Ly=12 pg= 0.680 ids= 607 TEE=0
rank=18 Lx=Ly=12 pg= 0.590 ids= 438 TEE=-1
rank= 3 Lx=Ly=12 pg= 0.590 ids= 483 TEE=0
rank= 0 Lx=Ly=12 pg= 0.725 ids=  40 TEE=-1
rank=17 Lx=Ly=12 pg= 0.725 ids= 177 TEE=-1
rank=14 Lx=Ly=12 pg= 0.725 ids=  54 TEE=-1
rank=11 Lx=Ly=12 pg= 0.680 ids= 651 TEE=-1
rank= 1 Lx=Ly=12 pg= 0.725 ids= 141 TEE=-1
rank=10 Lx=Ly=12 pg= 0.725 ids=  50 TEE=0
rank=15 Lx=Ly=12 pg= 0.590 ids= 515 TEE=0
rank= 5 Lx=Ly=12 pg= 0.725 ids= 145 TEE=-1
rank=12 Lx=Ly=12 pg= 0.590 ids= 412 TEE=1
rank= 6 Lx=Ly=12 pg= 0.590 ids= 386 TEE=0
rank= 8 Lx=Ly=12 pg= 0.680 ids= 668 TEE=0
rank= 9 Lx=Ly=12 pg= 0.680 ids= 629 TEE=0
rank=13 Lx=Ly=12 pg= 0.680 ids= 553 TEE=-1
rank=16 Lx=Ly=12 pg= 0.680 ids= 676 TEE=-1
rank= 7 Lx=Ly=12 pg= 0.680 ids= 627 TEE=-1
rank= 0 Lx=Ly=12 pg= 0.725 ids=  60 TEE=-1
rank=17 Lx=Ly=12 pg= 0.725 ids= 197 TEE=-1
rank=14 Lx=Ly=12 pg= 0.725 ids=  74 TEE=0
rank=11 Lx=Ly=12 pg= 0.680 ids= 671 TEE=0
rank=10 Lx=Ly=12 pg= 0.725 ids=  70 TEE=0
rank= 1 Lx=Ly=12 pg= 0.725 ids= 161 TEE=-1
rank= 5 Lx=Ly=12 pg= 0.725 ids= 165 TEE=0
rank= 8 Lx=Ly=12 pg= 0.680 ids= 688 TEE=-1
rank=13 Lx=Ly=12 pg= 0.680 ids= 573 TEE=0
rank=19 Lx=Ly=12 pg= 0.590 ids= 459 TEE=0
rank=16 Lx=Ly=12 pg= 0.680 ids= 696 TEE=0
rank= 9 Lx=Ly=12 pg= 0.680 ids= 649 TEE=0
rank= 4 Lx=Ly=12 pg= 0.590 ids= 524 TEE=0
rank=18 Lx=Ly=12 pg= 0.590 ids= 458 TEE=0
rank= 2 Lx=Ly=12 pg= 0.590 ids= 442 TEE=0
rank= 0 Lx=Ly=12 pg= 0.725 ids=  80 TEE=0
rank= 7 Lx=Ly=12 pg= 0.680 ids= 647 TEE=-1
rank=17 Lx=Ly=12 pg= 0.725 ids= 217 TEE=0
rank=14 Lx=Ly=12 pg= 0.725 ids=  94 TEE=-1
rank= 6 Lx=Ly=12 pg= 0.590 ids= 406 TEE=0
rank=11 Lx=Ly=12 pg= 0.680 ids= 691 TEE=0
rank= 3 Lx=Ly=12 pg= 0.590 ids= 503 TEE=0
rank=10 Lx=Ly=12 pg= 0.725 ids=  90 TEE=-1
rank= 1 Lx=Ly=12 pg= 0.725 ids= 181 TEE=-1
rank=15 Lx=Ly=12 pg= 0.590 ids= 535 TEE=0
rank= 5 Lx=Ly=12 pg= 0.725 ids= 185 TEE=0
rank= 8 Lx=Ly=12 pg= 0.680 ids= 708 TEE=0
rank=13 Lx=Ly=12 pg= 0.680 ids= 593 TEE=0
rank=16 Lx=Ly=12 pg= 0.680 ids= 716 TEE=-1
rank=12 Lx=Ly=12 pg= 0.590 ids= 432 TEE=0
rank= 9 Lx=Ly=12 pg= 0.680 ids= 669 TEE=0
rank= 0 Lx=Ly=12 pg= 0.725 ids= 100 TEE=-1
rank=17 Lx=Ly=12 pg= 0.725 ids= 237 TEE=0
rank= 7 Lx=Ly=12 pg= 0.680 ids= 667 TEE=0
rank=14 Lx=Ly=12 pg= 0.725 ids= 114 TEE=-1
rank=11 Lx=Ly=12 pg= 0.680 ids= 711 TEE=0
rank=10 Lx=Ly=12 pg= 0.725 ids= 110 TEE=-1
rank= 1 Lx=Ly=12 pg= 0.725 ids= 201 TEE=-1
rank= 2 Lx=Ly=12 pg= 0.590 ids= 462 TEE=0
rank=19 Lx=Ly=12 pg= 0.590 ids= 479 TEE=0
rank= 5 Lx=Ly=12 pg= 0.725 ids= 205 TEE=0
rank= 8 Lx=Ly=12 pg= 0.680 ids= 728 TEE=0
rank= 4 Lx=Ly=12 pg= 0.590 ids= 544 TEE=0
rank=16 Lx=Ly=12 pg= 0.680 ids= 736 TEE=0
rank=13 Lx=Ly=12 pg= 0.680 ids= 613 TEE=-1
rank= 0 Lx=Ly=12 pg= 0.725 ids= 120 TEE=-1
rank=17 Lx=Ly=12 pg= 0.725 ids= 257 TEE=-1
rank=18 Lx=Ly=12 pg= 0.590 ids= 478 TEE=0
rank=15 Lx=Ly=12 pg= 0.590 ids= 555 TEE=0
rank= 6 Lx=Ly=12 pg= 0.590 ids= 426 TEE=0
rank=14 Lx=Ly=12 pg= 0.725 ids= 134 TEE=-1
rank= 9 Lx=Ly=12 pg= 0.680 ids= 689 TEE=-1
rank=11 Lx=Ly=12 pg= 0.680 ids= 731 TEE=-1
rank= 7 Lx=Ly=12 pg= 0.680 ids= 687 TEE=-1
rank=10 Lx=Ly=12 pg= 0.725 ids= 130 TEE=-1
rank= 1 Lx=Ly=12 pg= 0.725 ids= 221 TEE=-1
rank= 3 Lx=Ly=12 pg= 0.590 ids= 523 TEE=0
rank= 5 Lx=Ly=12 pg= 0.725 ids= 225 TEE=-1
rank=12 Lx=Ly=12 pg= 0.590 ids= 452 TEE=0
rank=16 Lx=Ly=12 pg= 0.680 ids= 756 TEE=-1
rank= 8 Lx=Ly=12 pg= 0.680 ids= 748 TEE=-1
rank=13 Lx=Ly=12 pg= 0.680 ids= 633 TEE=-1
rank= 0 Lx=Ly=12 pg= 0.725 ids= 140 TEE=-1
rank=19 Lx=Ly=12 pg= 0.590 ids= 499 TEE=0
rank=17 Lx=Ly=12 pg= 0.725 ids= 277 TEE=-1
rank=14 Lx=Ly=12 pg= 0.725 ids= 154 TEE=-1
rank= 7 Lx=Ly=12 pg= 0.680 ids= 707 TEE=0
rank= 1 Lx=Ly=12 pg= 0.725 ids= 241 TEE=-1
rank= 9 Lx=Ly=12 pg= 0.680 ids= 709 TEE=-1
rank=11 Lx=Ly=12 pg= 0.680 ids= 751 TEE=0
rank=10 Lx=Ly=12 pg= 0.725 ids= 150 TEE=-1
rank= 5 Lx=Ly=12 pg= 0.725 ids= 245 TEE=0
rank= 2 Lx=Ly=12 pg= 0.590 ids= 482 TEE=0
rank= 4 Lx=Ly=12 pg= 0.590 ids= 564 TEE=0
rank=16 Lx=Ly=12 pg= 0.680 ids= 776 TEE=0
rank=13 Lx=Ly=12 pg= 0.680 ids= 653 TEE=0
rank=18 Lx=Ly=12 pg= 0.590 ids= 498 TEE=0
rank=15 Lx=Ly=12 pg= 0.590 ids= 575 TEE=0
rank= 8 Lx=Ly=12 pg= 0.680 ids= 768 TEE=0
rank= 0 Lx=Ly=12 pg= 0.725 ids= 160 TEE=-1
rank=17 Lx=Ly=12 pg= 0.725 ids= 297 TEE=0
rank= 6 Lx=Ly=12 pg= 0.590 ids= 446 TEE=0
rank=14 Lx=Ly=12 pg= 0.725 ids= 174 TEE=-1
rank= 1 Lx=Ly=12 pg= 0.725 ids= 261 TEE=-1
rank= 9 Lx=Ly=12 pg= 0.680 ids= 729 TEE=0
rank=10 Lx=Ly=12 pg= 0.725 ids= 170 TEE=-1
rank= 7 Lx=Ly=12 pg= 0.680 ids= 727 TEE=-1
rank=11 Lx=Ly=12 pg= 0.680 ids= 771 TEE=-1
rank= 3 Lx=Ly=12 pg= 0.590 ids= 543 TEE=0
rank= 5 Lx=Ly=12 pg= 0.725 ids= 265 TEE=0
rank=12 Lx=Ly=12 pg= 0.590 ids= 472 TEE=0
rank=13 Lx=Ly=12 pg= 0.680 ids= 673 TEE=-1
rank=16 Lx=Ly=12 pg= 0.680 ids= 796 TEE=-1
rank= 0 Lx=Ly=12 pg= 0.725 ids= 180 TEE=-1
rank=17 Lx=Ly=12 pg= 0.725 ids= 317 TEE=0
rank=14 Lx=Ly=12 pg= 0.725 ids= 194 TEE=0
rank= 8 Lx=Ly=12 pg= 0.680 ids= 788 TEE=-1
rank= 1 Lx=Ly=12 pg= 0.725 ids= 281 TEE=-1
rank= 9 Lx=Ly=12 pg= 0.680 ids= 749 TEE=0
rank= 7 Lx=Ly=12 pg= 0.680 ids= 747 TEE=0
rank=10 Lx=Ly=12 pg= 0.725 ids= 190 TEE=0
rank=19 Lx=Ly=12 pg= 0.590 ids= 519 TEE=0
rank=11 Lx=Ly=12 pg= 0.680 ids= 791 TEE=0
rank= 5 Lx=Ly=12 pg= 0.725 ids= 285 TEE=-1
rank= 4 Lx=Ly=12 pg= 0.590 ids= 584 TEE=0
rank= 2 Lx=Ly=12 pg= 0.590 ids= 502 TEE=0
rank=13 Lx=Ly=12 pg= 0.680 ids= 693 TEE=0
rank=16 Lx=Ly=12 pg= 0.725 ids=  16 TEE=-1
rank=17 Lx=Ly=12 pg= 0.725 ids= 337 TEE=-1
rank=15 Lx=Ly=12 pg= 0.590 ids= 595 TEE=0
rank= 0 Lx=Ly=12 pg= 0.725 ids= 200 TEE=0
rank= 8 Lx=Ly=12 pg= 0.725 ids=   8 TEE=-1
rank=14 Lx=Ly=12 pg= 0.725 ids= 214 TEE=0
rank=18 Lx=Ly=12 pg= 0.590 ids= 518 TEE=0
rank= 9 Lx=Ly=12 pg= 0.680 ids= 769 TEE=0
rank=10 Lx=Ly=12 pg= 0.725 ids= 210 TEE=-1
rank= 1 Lx=Ly=12 pg= 0.725 ids= 301 TEE=-1
rank= 3 Lx=Ly=12 pg= 0.590 ids= 563 TEE=0
rank= 7 Lx=Ly=12 pg= 0.680 ids= 767 TEE=0
rank=11 Lx=Ly=12 pg= 0.725 ids=  11 TEE=-1
rank= 6 Lx=Ly=12 pg= 0.590 ids= 466 TEE=0
rank= 5 Lx=Ly=12 pg= 0.725 ids= 305 TEE=0
rank=12 Lx=Ly=12 pg= 0.590 ids= 492 TEE=0
rank=13 Lx=Ly=12 pg= 0.680 ids= 713 TEE=0
rank=16 Lx=Ly=12 pg= 0.725 ids=  36 TEE=0
rank=17 Lx=Ly=12 pg= 0.725 ids= 357 TEE=-1
rank= 8 Lx=Ly=12 pg= 0.725 ids=  28 TEE=1
rank=14 Lx=Ly=12 pg= 0.725 ids= 234 TEE=0
rank= 0 Lx=Ly=12 pg= 0.725 ids= 220 TEE=-1
rank= 9 Lx=Ly=12 pg= 0.680 ids= 789 TEE=0
rank= 1 Lx=Ly=12 pg= 0.725 ids= 321 TEE=-1
rank=10 Lx=Ly=12 pg= 0.725 ids= 230 TEE=-1
rank=11 Lx=Ly=12 pg= 0.725 ids=  31 TEE=-1
rank=19 Lx=Ly=12 pg= 0.590 ids= 539 TEE=0
rank= 5 Lx=Ly=12 pg= 0.725 ids= 325 TEE=-1
rank= 2 Lx=Ly=12 pg= 0.590 ids= 522 TEE=0
rank= 7 Lx=Ly=12 pg= 0.680 ids= 787 TEE=-1
rank= 4 Lx=Ly=12 pg= 0.590 ids= 604 TEE=0
rank=16 Lx=Ly=12 pg= 0.725 ids=  56 TEE=-1
rank=13 Lx=Ly=12 pg= 0.680 ids= 733 TEE=0
rank= 3 Lx=Ly=12 pg= 0.590 ids= 583 TEE=1
rank=17 Lx=Ly=12 pg= 0.725 ids= 377 TEE=-1
rank= 8 Lx=Ly=12 pg= 0.725 ids=  48 TEE=0
rank=15 Lx=Ly=12 pg= 0.590 ids= 615 TEE=0
rank=14 Lx=Ly=12 pg= 0.725 ids= 254 TEE=-1
rank= 0 Lx=Ly=12 pg= 0.725 ids= 240 TEE=-1
rank= 9 Lx=Ly=12 pg= 0.725 ids=   9 TEE=-1
rank= 1 Lx=Ly=12 pg= 0.725 ids= 341 TEE=0
rank=12 Lx=Ly=12 pg= 0.590 ids= 512 TEE=0
rank=10 Lx=Ly=12 pg= 0.725 ids= 250 TEE=-1
rank=11 Lx=Ly=12 pg= 0.725 ids=  51 TEE=0
rank=18 Lx=Ly=12 pg= 0.590 ids= 538 TEE=0
rank= 6 Lx=Ly=12 pg= 0.590 ids= 486 TEE=0
rank= 5 Lx=Ly=12 pg= 0.725 ids= 345 TEE=-1
rank=16 Lx=Ly=12 pg= 0.725 ids=  76 TEE=-1
rank= 7 Lx=Ly=12 pg= 0.725 ids=   7 TEE=0
rank=13 Lx=Ly=12 pg= 0.680 ids= 753 TEE=0
rank=17 Lx=Ly=12 pg= 0.725 ids= 397 TEE=-1
rank=14 Lx=Ly=12 pg= 0.725 ids= 274 TEE=-1
rank= 9 Lx=Ly=12 pg= 0.725 ids=  29 TEE=0
rank= 0 Lx=Ly=12 pg= 0.725 ids= 260 TEE=-1
rank= 1 Lx=Ly=12 pg= 0.725 ids= 361 TEE=-1
rank= 8 Lx=Ly=12 pg= 0.725 ids=  68 TEE=0
rank= 2 Lx=Ly=12 pg= 0.590 ids= 542 TEE=0
rank=10 Lx=Ly=12 pg= 0.725 ids= 270 TEE=0
rank=11 Lx=Ly=12 pg= 0.725 ids=  71 TEE=0
rank= 5 Lx=Ly=12 pg= 0.725 ids= 365 TEE=0
rank=19 Lx=Ly=12 pg= 0.590 ids= 559 TEE=0
rank= 4 Lx=Ly=12 pg= 0.590 ids= 624 TEE=0
rank=16 Lx=Ly=12 pg= 0.725 ids=  96 TEE=-1
rank=15 Lx=Ly=12 pg= 0.590 ids= 635 TEE=0
rank=17 Lx=Ly=12 pg= 0.725 ids= 417 TEE=-1
rank=13 Lx=Ly=12 pg= 0.680 ids= 773 TEE=-1
rank= 7 Lx=Ly=12 pg= 0.725 ids=  27 TEE=0
rank=14 Lx=Ly=12 pg= 0.725 ids= 294 TEE=-1
rank= 3 Lx=Ly=12 pg= 0.590 ids= 603 TEE=0
rank= 0 Lx=Ly=12 pg= 0.725 ids= 280 TEE=0
rank= 9 Lx=Ly=12 pg= 0.725 ids=  49 TEE=-1
rank= 1 Lx=Ly=12 pg= 0.725 ids= 381 TEE=-1
rank= 8 Lx=Ly=12 pg= 0.725 ids=  88 TEE=-1
rank=10 Lx=Ly=12 pg= 0.725 ids= 290 TEE=0
rank=11 Lx=Ly=12 pg= 0.725 ids=  91 TEE=0
rank= 5 Lx=Ly=12 pg= 0.725 ids= 385 TEE=-1
rank= 6 Lx=Ly=12 pg= 0.590 ids= 506 TEE=0
rank=18 Lx=Ly=12 pg= 0.590 ids= 558 TEE=0
rank=12 Lx=Ly=12 pg= 0.590 ids= 532 TEE=0
rank=16 Lx=Ly=12 pg= 0.725 ids= 116 TEE=-1
rank=17 Lx=Ly=12 pg= 0.725 ids= 437 TEE=-1
rank=13 Lx=Ly=12 pg= 0.680 ids= 793 TEE=0
rank=14 Lx=Ly=12 pg= 0.725 ids= 314 TEE=-1
rank= 7 Lx=Ly=12 pg= 0.725 ids=  47 TEE=-1
rank= 0 Lx=Ly=12 pg= 0.725 ids= 300 TEE=0
rank= 1 Lx=Ly=12 pg= 0.725 ids= 401 TEE=0
rank= 8 Lx=Ly=12 pg= 0.725 ids= 108 TEE=0
rank= 9 Lx=Ly=12 pg= 0.725 ids=  69 TEE=0
rank=10 Lx=Ly=12 pg= 0.725 ids= 310 TEE=0
rank=11 Lx=Ly=12 pg= 0.725 ids= 111 TEE=-1
rank= 2 Lx=Ly=12 pg= 0.590 ids= 562 TEE=0
rank= 5 Lx=Ly=12 pg= 0.725 ids= 405 TEE=-1
rank= 4 Lx=Ly=12 pg= 0.590 ids= 644 TEE=0
rank=17 Lx=Ly=12 pg= 0.725 ids= 457 TEE=-1
rank=19 Lx=Ly=12 pg= 0.590 ids= 579 TEE=-1
rank=13 Lx=Ly=12 pg= 0.725 ids=  13 TEE=-1
rank=14 Lx=Ly=12 pg= 0.725 ids= 334 TEE=0
rank= 7 Lx=Ly=12 pg= 0.725 ids=  67 TEE=-1
rank= 0 Lx=Ly=12 pg= 0.725 ids= 320 TEE=-1
rank= 3 Lx=Ly=12 pg= 0.590 ids= 623 TEE=0
rank= 8 Lx=Ly=12 pg= 0.725 ids= 128 TEE=0
rank= 1 Lx=Ly=12 pg= 0.725 ids= 421 TEE=0
rank= 9 Lx=Ly=12 pg= 0.725 ids=  89 TEE=-1
rank=15 Lx=Ly=12 pg= 0.590 ids= 655 TEE=-1
rank=16 Lx=Ly=12 pg= 0.725 ids= 136 TEE=-1
rank=10 Lx=Ly=12 pg= 0.725 ids= 330 TEE=-1
rank=11 Lx=Ly=12 pg= 0.725 ids= 131 TEE=0
rank= 5 Lx=Ly=12 pg= 0.725 ids= 425 TEE=-1
rank=12 Lx=Ly=12 pg= 0.590 ids= 552 TEE=0
rank=18 Lx=Ly=12 pg= 0.590 ids= 578 TEE=0
rank= 6 Lx=Ly=12 pg= 0.590 ids= 526 TEE=0
rank=17 Lx=Ly=12 pg= 0.725 ids= 477 TEE=0
rank= 2 Lx=Ly=12 pg= 0.590 ids= 582 TEE=0
rank=14 Lx=Ly=12 pg= 0.725 ids= 354 TEE=0
rank=13 Lx=Ly=12 pg= 0.725 ids=  33 TEE=0
rank= 7 Lx=Ly=12 pg= 0.725 ids=  87 TEE=0
rank= 0 Lx=Ly=12 pg= 0.725 ids= 340 TEE=-1
rank= 1 Lx=Ly=12 pg= 0.725 ids= 441 TEE=-1
rank= 9 Lx=Ly=12 pg= 0.725 ids= 109 TEE=-1
rank=16 Lx=Ly=12 pg= 0.725 ids= 156 TEE=0
rank=10 Lx=Ly=12 pg= 0.725 ids= 350 TEE=-1
rank= 8 Lx=Ly=12 pg= 0.725 ids= 148 TEE=-1
rank=11 Lx=Ly=12 pg= 0.725 ids= 151 TEE=0
rank= 5 Lx=Ly=12 pg= 0.725 ids= 445 TEE=-1
rank= 4 Lx=Ly=12 pg= 0.590 ids= 664 TEE=0
rank=17 Lx=Ly=12 pg= 0.725 ids= 497 TEE=-1
rank=19 Lx=Ly=12 pg= 0.590 ids= 599 TEE=0
rank=14 Lx=Ly=12 pg= 0.725 ids= 374 TEE=-1
rank=15 Lx=Ly=12 pg= 0.590 ids= 675 TEE=0
rank= 0 Lx=Ly=12 pg= 0.725 ids= 360 TEE=-1
rank= 1 Lx=Ly=12 pg= 0.725 ids= 461 TEE=-1
rank=13 Lx=Ly=12 pg= 0.725 ids=  53 TEE=-1
rank=10 Lx=Ly=12 pg= 0.725 ids= 370 TEE=-1
rank=16 Lx=Ly=12 pg= 0.725 ids= 176 TEE=-1
rank= 9 Lx=Ly=12 pg= 0.725 ids= 129 TEE=-1
rank= 7 Lx=Ly=12 pg= 0.725 ids= 107 TEE=-1
rank= 3 Lx=Ly=12 pg= 0.590 ids= 643 TEE=0
rank= 8 Lx=Ly=12 pg= 0.725 ids= 168 TEE=-1
rank=11 Lx=Ly=12 pg= 0.725 ids= 171 TEE=-1
rank= 5 Lx=Ly=12 pg= 0.725 ids= 465 TEE=0
rank=12 Lx=Ly=12 pg= 0.590 ids= 572 TEE=0
rank=17 Lx=Ly=12 pg= 0.725 ids= 517 TEE=-1
rank=18 Lx=Ly=12 pg= 0.590 ids= 598 TEE=0
rank=14 Lx=Ly=12 pg= 0.725 ids= 394 TEE=-1
rank= 6 Lx=Ly=12 pg= 0.590 ids= 546 TEE=0
rank= 2 Lx=Ly=12 pg= 0.590 ids= 602 TEE=0
rank= 0 Lx=Ly=12 pg= 0.725 ids= 380 TEE=-1
rank= 1 Lx=Ly=12 pg= 0.725 ids= 481 TEE=-1
rank=16 Lx=Ly=12 pg= 0.725 ids= 196 TEE=0
rank=10 Lx=Ly=12 pg= 0.725 ids= 390 TEE=-1
rank= 9 Lx=Ly=12 pg= 0.725 ids= 149 TEE=-1
rank= 7 Lx=Ly=12 pg= 0.725 ids= 127 TEE=-1
rank= 8 Lx=Ly=12 pg= 0.725 ids= 188 TEE=-1
rank=13 Lx=Ly=12 pg= 0.725 ids=  73 TEE=-1
rank=11 Lx=Ly=12 pg= 0.725 ids= 191 TEE=-1
rank= 5 Lx=Ly=12 pg= 0.725 ids= 485 TEE=-1
rank=17 Lx=Ly=12 pg= 0.725 ids= 537 TEE=0
rank=19 Lx=Ly=12 pg= 0.590 ids= 619 TEE=0
rank= 4 Lx=Ly=12 pg= 0.590 ids= 684 TEE=0
rank=14 Lx=Ly=12 pg= 0.725 ids= 414 TEE=0
rank= 0 Lx=Ly=12 pg= 0.725 ids= 400 TEE=-1
rank= 1 Lx=Ly=12 pg= 0.725 ids= 501 TEE=-1
rank=16 Lx=Ly=12 pg= 0.725 ids= 216 TEE=-1
rank=10 Lx=Ly=12 pg= 0.725 ids= 410 TEE=0
rank= 9 Lx=Ly=12 pg= 0.725 ids= 169 TEE=-1
rank= 8 Lx=Ly=12 pg= 0.725 ids= 208 TEE=-1
rank=11 Lx=Ly=12 pg= 0.725 ids= 211 TEE=-1
rank= 7 Lx=Ly=12 pg= 0.725 ids= 147 TEE=0
rank= 5 Lx=Ly=12 pg= 0.725 ids= 505 TEE=-1
rank=15 Lx=Ly=12 pg= 0.590 ids= 695 TEE=0
rank=13 Lx=Ly=12 pg= 0.725 ids=  93 TEE=0
rank= 3 Lx=Ly=12 pg= 0.590 ids= 663 TEE=0
rank=12 Lx=Ly=12 pg= 0.590 ids= 592 TEE=0
rank=17 Lx=Ly=12 pg= 0.725 ids= 557 TEE=-1
rank=14 Lx=Ly=12 pg= 0.725 ids= 434 TEE=0
rank=18 Lx=Ly=12 pg= 0.590 ids= 618 TEE=0
rank= 0 Lx=Ly=12 pg= 0.725 ids= 420 TEE=0
rank= 1 Lx=Ly=12 pg= 0.725 ids= 521 TEE=-1
rank= 9 Lx=Ly=12 pg= 0.725 ids= 189 TEE=-1
rank=10 Lx=Ly=12 pg= 0.725 ids= 430 TEE=-1
rank= 6 Lx=Ly=12 pg= 0.590 ids= 566 TEE=1
rank= 2 Lx=Ly=12 pg= 0.590 ids= 622 TEE=0
rank=16 Lx=Ly=12 pg= 0.725 ids= 236 TEE=-1
rank=11 Lx=Ly=12 pg= 0.725 ids= 231 TEE=-1
rank= 5 Lx=Ly=12 pg= 0.725 ids= 525 TEE=-1
rank= 8 Lx=Ly=12 pg= 0.725 ids= 228 TEE=-1
rank= 7 Lx=Ly=12 pg= 0.725 ids= 167 TEE=-1
rank=17 Lx=Ly=12 pg= 0.725 ids= 577 TEE=-1
rank=13 Lx=Ly=12 pg= 0.725 ids= 113 TEE=0
rank=19 Lx=Ly=12 pg= 0.590 ids= 639 TEE=0
rank=14 Lx=Ly=12 pg= 0.725 ids= 454 TEE=0
rank= 4 Lx=Ly=12 pg= 0.590 ids= 704 TEE=0
rank= 0 Lx=Ly=12 pg= 0.725 ids= 440 TEE=1
rank= 1 Lx=Ly=12 pg= 0.725 ids= 541 TEE=-1
rank=10 Lx=Ly=12 pg= 0.725 ids= 450 TEE=-1
rank=15 Lx=Ly=12 pg= 0.590 ids= 715 TEE=0
rank= 9 Lx=Ly=12 pg= 0.725 ids= 209 TEE=-1
rank= 5 Lx=Ly=12 pg= 0.725 ids= 545 TEE=-1
rank=11 Lx=Ly=12 pg= 0.725 ids= 251 TEE=0
rank= 8 Lx=Ly=12 pg= 0.725 ids= 248 TEE=-1
rank=16 Lx=Ly=12 pg= 0.725 ids= 256 TEE=-1
rank= 7 Lx=Ly=12 pg= 0.725 ids= 187 TEE=0
rank= 3 Lx=Ly=12 pg= 0.590 ids= 683 TEE=0
rank=17 Lx=Ly=12 pg= 0.725 ids= 597 TEE=0
rank=12 Lx=Ly=12 pg= 0.590 ids= 612 TEE=-1
rank=13 Lx=Ly=12 pg= 0.725 ids= 133 TEE=-1
rank=18 Lx=Ly=12 pg= 0.590 ids= 638 TEE=0
rank=14 Lx=Ly=12 pg= 0.725 ids= 474 TEE=-1
rank= 0 Lx=Ly=12 pg= 0.725 ids= 460 TEE=0
rank= 1 Lx=Ly=12 pg= 0.725 ids= 561 TEE=0
rank=10 Lx=Ly=12 pg= 0.725 ids= 470 TEE=-1
rank= 2 Lx=Ly=12 pg= 0.590 ids= 642 TEE=0
rank= 5 Lx=Ly=12 pg= 0.725 ids= 565 TEE=-1
rank= 9 Lx=Ly=12 pg= 0.725 ids= 229 TEE=-1
rank=11 Lx=Ly=12 pg= 0.725 ids= 271 TEE=0
rank= 6 Lx=Ly=12 pg= 0.590 ids= 586 TEE=0
rank= 8 Lx=Ly=12 pg= 0.725 ids= 268 TEE=0
rank=16 Lx=Ly=12 pg= 0.725 ids= 276 TEE=-1
rank=17 Lx=Ly=12 pg= 0.725 ids= 617 TEE=-1
rank=15 Lx=Ly=12 pg= 0.590 ids= 735 TEE=0
rank= 7 Lx=Ly=12 pg= 0.725 ids= 207 TEE=-1
rank=13 Lx=Ly=12 pg= 0.725 ids= 153 TEE=-1
rank=19 Lx=Ly=12 pg= 0.590 ids= 659 TEE=0
rank= 0 Lx=Ly=12 pg= 0.725 ids= 480 TEE=0
rank= 1 Lx=Ly=12 pg= 0.725 ids= 581 TEE=-1
rank=10 Lx=Ly=12 pg= 0.725 ids= 490 TEE=-1
rank=12 Lx=Ly=12 pg= 0.590 ids= 632 TEE=0
rank= 4 Lx=Ly=12 pg= 0.590 ids= 724 TEE=0
rank= 5 Lx=Ly=12 pg= 0.725 ids= 585 TEE=0
rank= 9 Lx=Ly=12 pg= 0.725 ids= 249 TEE=0
rank=11 Lx=Ly=12 pg= 0.725 ids= 291 TEE=-1
rank= 8 Lx=Ly=12 pg= 0.725 ids= 288 TEE=-1
rank=17 Lx=Ly=12 pg= 0.725 ids= 637 TEE=0
rank= 3 Lx=Ly=12 pg= 0.590 ids= 703 TEE=0
rank=15 Lx=Ly=12 pg= 0.590 ids= 755 TEE=0
rank= 7 Lx=Ly=12 pg= 0.725 ids= 227 TEE=-1
rank=16 Lx=Ly=12 pg= 0.725 ids= 296 TEE=-1
rank=14 Lx=Ly=12 pg= 0.725 ids= 494 TEE=-1
rank=13 Lx=Ly=12 pg= 0.725 ids= 173 TEE=0
rank=18 Lx=Ly=12 pg= 0.590 ids= 658 TEE=0
rank= 0 Lx=Ly=12 pg= 0.725 ids= 500 TEE=0
rank= 1 Lx=Ly=12 pg= 0.725 ids= 601 TEE=-1
rank=10 Lx=Ly=12 pg= 0.725 ids= 510 TEE=-1
rank= 5 Lx=Ly=12 pg= 0.725 ids= 605 TEE=0
rank= 6 Lx=Ly=12 pg= 0.590 ids= 606 TEE=0
rank= 9 Lx=Ly=12 pg= 0.725 ids= 269 TEE=-1
rank= 2 Lx=Ly=12 pg= 0.590 ids= 662 TEE=0
rank=11 Lx=Ly=12 pg= 0.725 ids= 311 TEE=-1
rank=17 Lx=Ly=12 pg= 0.725 ids= 657 TEE=0
rank= 8 Lx=Ly=12 pg= 0.725 ids= 308 TEE=-1
rank=15 Lx=Ly=12 pg= 0.590 ids= 775 TEE=0
rank= 7 Lx=Ly=12 pg= 0.725 ids= 247 TEE=0
rank=16 Lx=Ly=12 pg= 0.725 ids= 316 TEE=-1
rank=19 Lx=Ly=12 pg= 0.590 ids= 679 TEE=0
rank= 0 Lx=Ly=12 pg= 0.725 ids= 520 TEE=-1
rank= 1 Lx=Ly=12 pg= 0.725 ids= 621 TEE=-1
rank=13 Lx=Ly=12 pg= 0.725 ids= 193 TEE=-1
rank=10 Lx=Ly=12 pg= 0.725 ids= 530 TEE=-1
rank=12 Lx=Ly=12 pg= 0.590 ids= 652 TEE=0
rank= 5 Lx=Ly=12 pg= 0.725 ids= 625 TEE=0
rank= 9 Lx=Ly=12 pg= 0.725 ids= 289 TEE=-1
rank=17 Lx=Ly=12 pg= 0.725 ids= 677 TEE=-1
rank= 4 Lx=Ly=12 pg= 0.590 ids= 744 TEE=0
rank= 8 Lx=Ly=12 pg= 0.725 ids= 328 TEE=0
rank=11 Lx=Ly=12 pg= 0.725 ids= 331 TEE=-1
rank=15 Lx=Ly=12 pg= 0.590 ids= 795 TEE=0
rank= 3 Lx=Ly=12 pg= 0.590 ids= 723 TEE=0
rank=16 Lx=Ly=12 pg= 0.725 ids= 336 TEE=0
rank=14 Lx=Ly=12 pg= 0.725 ids= 514 TEE=-1
rank=18 Lx=Ly=12 pg= 0.590 ids= 678 TEE=0
rank= 7 Lx=Ly=12 pg= 0.725 ids= 267 TEE=-1
rank= 0 Lx=Ly=12 pg= 0.725 ids= 540 TEE=-1
rank= 1 Lx=Ly=12 pg= 0.725 ids= 641 TEE=0
rank=10 Lx=Ly=12 pg= 0.725 ids= 550 TEE=0
rank=13 Lx=Ly=12 pg= 0.725 ids= 213 TEE=0
rank= 5 Lx=Ly=12 pg= 0.725 ids= 645 TEE=0
rank= 2 Lx=Ly=12 pg= 0.590 ids= 682 TEE=0
rank=19 Lx=Ly=12 pg= 0.590 ids= 699 TEE=0
rank= 9 Lx=Ly=12 pg= 0.725 ids= 309 TEE=-1
rank= 6 Lx=Ly=12 pg= 0.590 ids= 626 TEE=0
rank=17 Lx=Ly=12 pg= 0.725 ids= 697 TEE=-1
rank=15 Lx=Ly=12 pg= 0.635 ids=  15 TEE=0
rank= 8 Lx=Ly=12 pg= 0.725 ids= 348 TEE=-1
rank=11 Lx=Ly=12 pg= 0.725 ids= 351 TEE=-1
rank=16 Lx=Ly=12 pg= 0.725 ids= 356 TEE=0
rank= 1 Lx=Ly=12 pg= 0.725 ids= 661 TEE=-1
rank= 0 Lx=Ly=12 pg= 0.725 ids= 560 TEE=-1
rank=12 Lx=Ly=12 pg= 0.590 ids= 672 TEE=0
rank= 7 Lx=Ly=12 pg= 0.725 ids= 287 TEE=-1
rank=10 Lx=Ly=12 pg= 0.725 ids= 570 TEE=0
rank=13 Lx=Ly=12 pg= 0.725 ids= 233 TEE=0
rank= 5 Lx=Ly=12 pg= 0.725 ids= 665 TEE=0
rank= 3 Lx=Ly=12 pg= 0.590 ids= 743 TEE=0
rank= 9 Lx=Ly=12 pg= 0.725 ids= 329 TEE=-1
rank=17 Lx=Ly=12 pg= 0.725 ids= 717 TEE=-1
rank=15 Lx=Ly=12 pg= 0.635 ids=  35 TEE=0
rank=11 Lx=Ly=12 pg= 0.725 ids= 371 TEE=0
rank= 4 Lx=Ly=12 pg= 0.590 ids= 764 TEE=0
rank=14 Lx=Ly=12 pg= 0.725 ids= 534 TEE=-1
rank=16 Lx=Ly=12 pg= 0.725 ids= 376 TEE=0
rank= 8 Lx=Ly=12 pg= 0.725 ids= 368 TEE=-1
rank= 1 Lx=Ly=12 pg= 0.725 ids= 681 TEE=-1
rank=19 Lx=Ly=12 pg= 0.590 ids= 719 TEE=0
rank= 2 Lx=Ly=12 pg= 0.590 ids= 702 TEE=0
rank=18 Lx=Ly=12 pg= 0.590 ids= 698 TEE=0
rank= 6 Lx=Ly=12 pg= 0.590 ids= 646 TEE=0
rank= 0 Lx=Ly=12 pg= 0.725 ids= 580 TEE=-1
rank= 7 Lx=Ly=12 pg= 0.725 ids= 307 TEE=0
rank=10 Lx=Ly=12 pg= 0.725 ids= 590 TEE=0
rank=13 Lx=Ly=12 pg= 0.725 ids= 253 TEE=0
rank= 5 Lx=Ly=12 pg= 0.725 ids= 685 TEE=-1
rank= 9 Lx=Ly=12 pg= 0.725 ids= 349 TEE=-1
rank=17 Lx=Ly=12 pg= 0.725 ids= 737 TEE=-1
rank=15 Lx=Ly=12 pg= 0.635 ids=  55 TEE=0
rank=11 Lx=Ly=12 pg= 0.725 ids= 391 TEE=-1
rank= 8 Lx=Ly=12 pg= 0.725 ids= 388 TEE=-1
rank= 1 Lx=Ly=12 pg= 0.725 ids= 701 TEE=0
rank=16 Lx=Ly=12 pg= 0.725 ids= 396 TEE=0
rank= 0 Lx=Ly=12 pg= 0.725 ids= 600 TEE=-1
rank= 7 Lx=Ly=12 pg= 0.725 ids= 327 TEE=0
rank=10 Lx=Ly=12 pg= 0.725 ids= 610 TEE=-1
rank=12 Lx=Ly=12 pg= 0.590 ids= 692 TEE=0
rank=13 Lx=Ly=12 pg= 0.725 ids= 273 TEE=-1
rank= 5 Lx=Ly=12 pg= 0.725 ids= 705 TEE=-1
rank= 3 Lx=Ly=12 pg= 0.590 ids= 763 TEE=0
rank= 4 Lx=Ly=12 pg= 0.590 ids= 784 TEE=0
rank= 9 Lx=Ly=12 pg= 0.725 ids= 369 TEE=0
rank=17 Lx=Ly=12 pg= 0.725 ids= 757 TEE=1
rank=15 Lx=Ly=12 pg= 0.635 ids=  75 TEE=-1
rank=11 Lx=Ly=12 pg= 0.725 ids= 411 TEE=-1
rank= 8 Lx=Ly=12 pg= 0.725 ids= 408 TEE=0
rank= 1 Lx=Ly=12 pg= 0.725 ids= 721 TEE=-1
rank=16 Lx=Ly=12 pg= 0.725 ids= 416 TEE=-1
rank=19 Lx=Ly=12 pg= 0.590 ids= 739 TEE=0
rank=18 Lx=Ly=12 pg= 0.590 ids= 718 TEE=0
rank=14 Lx=Ly=12 pg= 0.725 ids= 554 TEE=-1
rank= 0 Lx=Ly=12 pg= 0.725 ids= 620 TEE=-1
rank= 7 Lx=Ly=12 pg= 0.725 ids= 347 TEE=-1
rank=10 Lx=Ly=12 pg= 0.725 ids= 630 TEE=-1
rank= 2 Lx=Ly=12 pg= 0.590 ids= 722 TEE=0
rank= 5 Lx=Ly=12 pg= 0.725 ids= 725 TEE=-1
rank= 6 Lx=Ly=12 pg= 0.590 ids= 666 TEE=0
rank=13 Lx=Ly=12 pg= 0.725 ids= 293 TEE=0
rank= 9 Lx=Ly=12 pg= 0.725 ids= 389 TEE=-1
rank=17 Lx=Ly=12 pg= 0.725 ids= 777 TEE=0
rank=15 Lx=Ly=12 pg= 0.635 ids=  95 TEE=0
rank=11 Lx=Ly=12 pg= 0.725 ids= 431 TEE=0
rank= 8 Lx=Ly=12 pg= 0.725 ids= 428 TEE=-1
rank= 1 Lx=Ly=12 pg= 0.725 ids= 741 TEE=-1
rank=16 Lx=Ly=12 pg= 0.725 ids= 436 TEE=0
rank= 0 Lx=Ly=12 pg= 0.725 ids= 640 TEE=-1
rank=10 Lx=Ly=12 pg= 0.725 ids= 650 TEE=-1
rank= 7 Lx=Ly=12 pg= 0.725 ids= 367 TEE=-1
rank= 5 Lx=Ly=12 pg= 0.725 ids= 745 TEE=-1
rank=13 Lx=Ly=12 pg= 0.725 ids= 313 TEE=-1
rank=17 Lx=Ly=12 pg= 0.725 ids= 797 TEE=-1
rank= 3 Lx=Ly=12 pg= 0.590 ids= 783 TEE=0
rank= 9 Lx=Ly=12 pg= 0.725 ids= 409 TEE=0
rank=12 Lx=Ly=12 pg= 0.590 ids= 712 TEE=0
rank=15 Lx=Ly=12 pg= 0.635 ids= 115 TEE=0
rank= 4 Lx=Ly=12 pg= 0.635 ids=   4 TEE=0
rank=11 Lx=Ly=12 pg= 0.725 ids= 451 TEE=1
rank= 8 Lx=Ly=12 pg= 0.725 ids= 448 TEE=-1
rank= 1 Lx=Ly=12 pg= 0.725 ids= 761 TEE=-1
rank=18 Lx=Ly=12 pg= 0.590 ids= 738 TEE=0
rank=16 Lx=Ly=12 pg= 0.725 ids= 456 TEE=-1
rank= 7 Lx=Ly=12 pg= 0.725 ids= 387 TEE=-1
rank= 0 Lx=Ly=12 pg= 0.725 ids= 660 TEE=0
rank=10 Lx=Ly=12 pg= 0.725 ids= 670 TEE=-1
rank= 5 Lx=Ly=12 pg= 0.725 ids= 765 TEE=-1
rank=19 Lx=Ly=12 pg= 0.590 ids= 759 TEE=0
rank=14 Lx=Ly=12 pg= 0.725 ids= 574 TEE=-1
rank= 6 Lx=Ly=12 pg= 0.590 ids= 686 TEE=0
rank= 2 Lx=Ly=12 pg= 0.590 ids= 742 TEE=0
rank=17 Lx=Ly=12 pg= 0.770 ids=  17 TEE=0
rank=13 Lx=Ly=12 pg= 0.725 ids= 333 TEE=-1
rank=15 Lx=Ly=12 pg= 0.635 ids= 135 TEE=0
rank=11 Lx=Ly=12 pg= 0.725 ids= 471 TEE=-1
rank= 9 Lx=Ly=12 pg= 0.725 ids= 429 TEE=-1
rank= 1 Lx=Ly=12 pg= 0.725 ids= 781 TEE=-1
rank= 8 Lx=Ly=12 pg= 0.725 ids= 468 TEE=0
rank=12 Lx=Ly=12 pg= 0.590 ids= 732 TEE=0
rank= 7 Lx=Ly=12 pg= 0.725 ids= 407 TEE=0
rank=10 Lx=Ly=12 pg= 0.725 ids= 690 TEE=-1
rank=16 Lx=Ly=12 pg= 0.725 ids= 476 TEE=-1
rank= 5 Lx=Ly=12 pg= 0.725 ids= 785 TEE=0
rank= 0 Lx=Ly=12 pg= 0.725 ids= 680 TEE=0
rank=17 Lx=Ly=12 pg= 0.770 ids=  37 TEE=-1
rank= 4 Lx=Ly=12 pg= 0.635 ids=  24 TEE=0
rank= 3 Lx=Ly=12 pg= 0.635 ids=   3 TEE=0
rank=13 Lx=Ly=12 pg= 0.725 ids= 353 TEE=-1
rank=15 Lx=Ly=12 pg= 0.635 ids= 155 TEE=0
rank=11 Lx=Ly=12 pg= 0.725 ids= 491 TEE=-1
rank= 9 Lx=Ly=12 pg= 0.725 ids= 449 TEE=-1
rank= 1 Lx=Ly=12 pg= 0.770 ids=   1 TEE=-1
rank=18 Lx=Ly=12 pg= 0.590 ids= 758 TEE=0
rank= 8 Lx=Ly=12 pg= 0.725 ids= 488 TEE=0
rank=14 Lx=Ly=12 pg= 0.725 ids= 594 TEE=-1
rank= 6 Lx=Ly=12 pg= 0.590 ids= 706 TEE=0
rank=16 Lx=Ly=12 pg= 0.725 ids= 496 TEE=0
rank= 5 Lx=Ly=12 pg= 0.770 ids=   5 TEE=-1
rank=10 Lx=Ly=12 pg= 0.725 ids= 710 TEE=-1
rank= 7 Lx=Ly=12 pg= 0.725 ids= 427 TEE=0
rank=12 Lx=Ly=12 pg= 0.590 ids= 752 TEE=0
rank=17 Lx=Ly=12 pg= 0.770 ids=  57 TEE=-1
rank= 0 Lx=Ly=12 pg= 0.725 ids= 700 TEE=0
rank=19 Lx=Ly=12 pg= 0.590 ids= 779 TEE=-1
rank=13 Lx=Ly=12 pg= 0.725 ids= 373 TEE=-1
rank= 2 Lx=Ly=12 pg= 0.590 ids= 762 TEE=0
rank=15 Lx=Ly=12 pg= 0.635 ids= 175 TEE=0
rank=11 Lx=Ly=12 pg= 0.725 ids= 511 TEE=-1
rank= 9 Lx=Ly=12 pg= 0.725 ids= 469 TEE=-1
rank= 1 Lx=Ly=12 pg= 0.770 ids=  21 TEE=-1
rank= 8 Lx=Ly=12 pg= 0.725 ids= 508 TEE=-1
rank=16 Lx=Ly=12 pg= 0.725 ids= 516 TEE=-1
rank=10 Lx=Ly=12 pg= 0.725 ids= 730 TEE=-1
rank= 4 Lx=Ly=12 pg= 0.635 ids=  44 TEE=0
rank= 5 Lx=Ly=12 pg= 0.770 ids=  25 TEE=-1
rank= 3 Lx=Ly=12 pg= 0.635 ids=  23 TEE=-1
rank= 7 Lx=Ly=12 pg= 0.725 ids= 447 TEE=-1
rank= 0 Lx=Ly=12 pg= 0.725 ids= 720 TEE=-1
rank=17 Lx=Ly=12 pg= 0.770 ids=  77 TEE=-1
rank=15 Lx=Ly=12 pg= 0.635 ids= 195 TEE=1
rank=11 Lx=Ly=12 pg= 0.725 ids= 531 TEE=-1
rank= 9 Lx=Ly=12 pg= 0.725 ids= 489 TEE=-1
rank=13 Lx=Ly=12 pg= 0.725 ids= 393 TEE=0
rank= 1 Lx=Ly=12 pg= 0.770 ids=  41 TEE=-1
rank= 8 Lx=Ly=12 pg= 0.725 ids= 528 TEE=-1
rank=16 Lx=Ly=12 pg= 0.725 ids= 536 TEE=0
rank=10 Lx=Ly=12 pg= 0.725 ids= 750 TEE=-1
rank= 5 Lx=Ly=12 pg= 0.770 ids=  45 TEE=-1
rank=18 Lx=Ly=12 pg= 0.590 ids= 778 TEE=0
rank= 7 Lx=Ly=12 pg= 0.725 ids= 467 TEE=-1
rank= 6 Lx=Ly=12 pg= 0.590 ids= 726 TEE=0
rank=14 Lx=Ly=12 pg= 0.725 ids= 614 TEE=-1
rank= 0 Lx=Ly=12 pg= 0.725 ids= 740 TEE=-1
rank=17 Lx=Ly=12 pg= 0.770 ids=  97 TEE=0
rank=12 Lx=Ly=12 pg= 0.590 ids= 772 TEE=0
rank= 2 Lx=Ly=12 pg= 0.590 ids= 782 TEE=0
rank=15 Lx=Ly=12 pg= 0.635 ids= 215 TEE=0
rank=11 Lx=Ly=12 pg= 0.725 ids= 551 TEE=0
rank= 9 Lx=Ly=12 pg= 0.725 ids= 509 TEE=-1
rank=13 Lx=Ly=12 pg= 0.725 ids= 413 TEE=-1
rank=19 Lx=Ly=12 pg= 0.590 ids= 799 TEE=0
rank= 1 Lx=Ly=12 pg= 0.770 ids=  61 TEE=-1
rank= 4 Lx=Ly=12 pg= 0.635 ids=  64 TEE=0
rank= 3 Lx=Ly=12 pg= 0.635 ids=  43 TEE=0
rank=10 Lx=Ly=12 pg= 0.725 ids= 770 TEE=-1
rank= 8 Lx=Ly=12 pg= 0.725 ids= 548 TEE=0
rank= 5 Lx=Ly=12 pg= 0.770 ids=  65 TEE=-1
rank= 7 Lx=Ly=12 pg= 0.725 ids= 487 TEE=-1
rank=17 Lx=Ly=12 pg= 0.770 ids= 117 TEE=-1
rank=16 Lx=Ly=12 pg= 0.725 ids= 556 TEE=-1
rank= 0 Lx=Ly=12 pg= 0.725 ids= 760 TEE=-1
rank=15 Lx=Ly=12 pg= 0.635 ids= 235 TEE=0
rank= 9 Lx=Ly=12 pg= 0.725 ids= 529 TEE=-1
rank=11 Lx=Ly=12 pg= 0.725 ids= 571 TEE=0
rank= 1 Lx=Ly=12 pg= 0.770 ids=  81 TEE=-1
rank=13 Lx=Ly=12 pg= 0.725 ids= 433 TEE=-1
rank=10 Lx=Ly=12 pg= 0.725 ids= 790 TEE=0
rank= 5 Lx=Ly=12 pg= 0.770 ids=  85 TEE=-1
rank= 8 Lx=Ly=12 pg= 0.725 ids= 568 TEE=-1
rank=17 Lx=Ly=12 pg= 0.770 ids= 137 TEE=-1
rank=14 Lx=Ly=12 pg= 0.725 ids= 634 TEE=0
rank= 4 Lx=Ly=12 pg= 0.635 ids=  84 TEE=0
rank=16 Lx=Ly=12 pg= 0.725 ids= 576 TEE=0
rank= 0 Lx=Ly=12 pg= 0.725 ids= 780 TEE=0
rank= 6 Lx=Ly=12 pg= 0.590 ids= 746 TEE=0
rank= 7 Lx=Ly=12 pg= 0.725 ids= 507 TEE=0
rank=12 Lx=Ly=12 pg= 0.590 ids= 792 TEE=0
rank=18 Lx=Ly=12 pg= 0.590 ids= 798 TEE=0
rank=15 Lx=Ly=12 pg= 0.635 ids= 255 TEE=-1
rank=19 Lx=Ly=12 pg= 0.635 ids=  19 TEE=0
rank= 9 Lx=Ly=12 pg= 0.725 ids= 549 TEE=-1
rank= 2 Lx=Ly=12 pg= 0.635 ids=   2 TEE=0
rank=11 Lx=Ly=12 pg= 0.725 ids= 591 TEE=0
rank= 1 Lx=Ly=12 pg= 0.770 ids= 101 TEE=-1
rank= 3 Lx=Ly=12 pg= 0.635 ids=  63 TEE=-1
rank=13 Lx=Ly=12 pg= 0.725 ids= 453 TEE=-1
rank=10 Lx=Ly=12 pg= 0.770 ids=  10 TEE=-1
rank= 5 Lx=Ly=12 pg= 0.770 ids= 105 TEE=-1
rank=17 Lx=Ly=12 pg= 0.770 ids= 157 TEE=-1
rank= 8 Lx=Ly=12 pg= 0.725 ids= 588 TEE=0
rank= 0 Lx=Ly=12 pg= 0.770 ids=   0 TEE=-1
rank=16 Lx=Ly=12 pg= 0.725 ids= 596 TEE=0
rank=15 Lx=Ly=12 pg= 0.635 ids= 275 TEE=0
rank= 7 Lx=Ly=12 pg= 0.725 ids= 527 TEE=0
rank= 9 Lx=Ly=12 pg= 0.725 ids= 569 TEE=0
rank= 1 Lx=Ly=12 pg= 0.770 ids= 121 TEE=0
rank=11 Lx=Ly=12 pg= 0.725 ids= 611 TEE=-1
rank= 4 Lx=Ly=12 pg= 0.635 ids= 104 TEE=-1
rank=13 Lx=Ly=12 pg= 0.725 ids= 473 TEE=-1
rank=10 Lx=Ly=12 pg= 0.770 ids=  30 TEE=-1
rank= 6 Lx=Ly=12 pg= 0.590 ids= 766 TEE=0
rank= 5 Lx=Ly=12 pg= 0.770 ids= 125 TEE=-1
rank=14 Lx=Ly=12 pg= 0.725 ids= 654 TEE=0
rank= 8 Lx=Ly=12 pg= 0.725 ids= 608 TEE=-1
rank=12 Lx=Ly=12 pg= 0.635 ids=  12 TEE=0
rank= 0 Lx=Ly=12 pg= 0.770 ids=  20 TEE=-1
rank=16 Lx=Ly=12 pg= 0.725 ids= 616 TEE=-1
rank=17 Lx=Ly=12 pg= 0.770 ids= 177 TEE=-1
rank=19 Lx=Ly=12 pg= 0.635 ids=  39 TEE=0
rank=15 Lx=Ly=12 pg= 0.635 ids= 295 TEE=0
rank= 7 Lx=Ly=12 pg= 0.725 ids= 547 TEE=-1
rank= 2 Lx=Ly=12 pg= 0.635 ids=  22 TEE=0
rank=18 Lx=Ly=12 pg= 0.635 ids=  18 TEE=0
rank= 3 Lx=Ly=12 pg= 0.635 ids=  83 TEE=0
rank= 9 Lx=Ly=12 pg= 0.725 ids= 589 TEE=0
rank= 1 Lx=Ly=12 pg= 0.770 ids= 141 TEE=-1
rank=11 Lx=Ly=12 pg= 0.725 ids= 631 TEE=0
rank=13 Lx=Ly=12 pg= 0.725 ids= 493 TEE=-1
rank=10 Lx=Ly=12 pg= 0.770 ids=  50 TEE=0
rank= 5 Lx=Ly=12 pg= 0.770 ids= 145 TEE=-1
rank= 8 Lx=Ly=12 pg= 0.725 ids= 628 TEE=0
rank=16 Lx=Ly=12 pg= 0.725 ids= 636 TEE=-1
rank=17 Lx=Ly=12 pg= 0.770 ids= 197 TEE=-1
rank= 0 Lx=Ly=12 pg= 0.770 ids=  40 TEE=0
rank=15 Lx=Ly=12 pg= 0.635 ids= 315 TEE=0
rank= 7 Lx=Ly=12 pg= 0.725 ids= 567 TEE=0
rank= 9 Lx=Ly=12 pg= 0.725 ids= 609 TEE=0
rank= 1 Lx=Ly=12 pg= 0.770 ids= 161 TEE=-1
rank=11 Lx=Ly=12 pg= 0.725 ids= 651 TEE=-1
rank= 4 Lx=Ly=12 pg= 0.635 ids= 124 TEE=-1
rank=13 Lx=Ly=12 pg= 0.725 ids= 513 TEE=0
rank=10 Lx=Ly=12 pg= 0.770 ids=  70 TEE=-1
rank= 5 Lx=Ly=12 pg= 0.770 ids= 165 TEE=-1
rank= 6 Lx=Ly=12 pg= 0.590 ids= 786 TEE=0
rank= 8 Lx=Ly=12 pg= 0.725 ids= 648 TEE=-1
rank=17 Lx=Ly=12 pg= 0.770 ids= 217 TEE=-1
rank=16 Lx=Ly=12 pg= 0.725 ids= 656 TEE=-1
rank= 0 Lx=Ly=12 pg= 0.770 ids=  60 TEE=-1
rank=14 Lx=Ly=12 pg= 0.725 ids= 674 TEE=-1
rank=15 Lx=Ly=12 pg= 0.635 ids= 335 TEE=0
rank= 7 Lx=Ly=12 pg= 0.725 ids= 587 TEE=0
rank=19 Lx=Ly=12 pg= 0.635 ids=  59 TEE=0
rank=18 Lx=Ly=12 pg= 0.635 ids=  38 TEE=0
rank=12 Lx=Ly=12 pg= 0.635 ids=  32 TEE=0
rank= 1 Lx=Ly=12 pg= 0.770 ids= 181 TEE=-1
rank= 9 Lx=Ly=12 pg= 0.725 ids= 629 TEE=0
rank= 2 Lx=Ly=12 pg= 0.635 ids=  42 TEE=0
rank=11 Lx=Ly=12 pg= 0.725 ids= 671 TEE=-1
rank= 3 Lx=Ly=12 pg= 0.635 ids= 103 TEE=0
rank=10 Lx=Ly=12 pg= 0.770 ids=  90 TEE=-1
rank= 5 Lx=Ly=12 pg= 0.770 ids= 185 TEE=0
rank=13 Lx=Ly=12 pg= 0.725 ids= 533 TEE=-1
rank=17 Lx=Ly=12 pg= 0.770 ids= 237 TEE=-1
rank= 0 Lx=Ly=12 pg= 0.770 ids=  80 TEE=-1
rank=16 Lx=Ly=12 pg= 0.725 ids= 676 TEE=0
rank=15 Lx=Ly=12 pg= 0.635 ids= 355 TEE=0
rank= 8 Lx=Ly=12 pg= 0.725 ids= 668 TEE=-1
rank= 7 Lx=Ly=12 pg= 0.725 ids= 607 TEE=-1
rank= 1 Lx=Ly=12 pg= 0.770 ids= 201 TEE=-1
rank= 9 Lx=Ly=12 pg= 0.725 ids= 649 TEE=0
rank=11 Lx=Ly=12 pg= 0.725 ids= 691 TEE=-1
rank= 4 Lx=Ly=12 pg= 0.635 ids= 144 TEE=0
rank=14 Lx=Ly=12 pg= 0.725 ids= 694 TEE=-1
rank= 5 Lx=Ly=12 pg= 0.770 ids= 205 TEE=-1
rank=10 Lx=Ly=12 pg= 0.770 ids= 110 TEE=-1
rank=13 Lx=Ly=12 pg= 0.725 ids= 553 TEE=0
rank= 6 Lx=Ly=12 pg= 0.635 ids=   6 TEE=0
rank=17 Lx=Ly=12 pg= 0.770 ids= 257 TEE=-1
rank=15 Lx=Ly=12 pg= 0.635 ids= 375 TEE=0
rank= 0 Lx=Ly=12 pg= 0.770 ids= 100 TEE=-1
rank= 8 Lx=Ly=12 pg= 0.725 ids= 688 TEE=-1
rank=16 Lx=Ly=12 pg= 0.725 ids= 696 TEE=-1
rank= 7 Lx=Ly=12 pg= 0.725 ids= 627 TEE=-1
rank=19 Lx=Ly=12 pg= 0.635 ids=  79 TEE=0
rank= 1 Lx=Ly=12 pg= 0.770 ids= 221 TEE=-1
rank=18 Lx=Ly=12 pg= 0.635 ids=  58 TEE=0
rank=12 Lx=Ly=12 pg= 0.635 ids=  52 TEE=0
rank= 9 Lx=Ly=12 pg= 0.725 ids= 669 TEE=-1
rank=11 Lx=Ly=12 pg= 0.725 ids= 711 TEE=-1
rank= 2 Lx=Ly=12 pg= 0.635 ids=  62 TEE=0
rank= 5 Lx=Ly=12 pg= 0.770 ids= 225 TEE=0
rank=10 Lx=Ly=12 pg= 0.770 ids= 130 TEE=-1
rank= 3 Lx=Ly=12 pg= 0.635 ids= 123 TEE=0
rank=13 Lx=Ly=12 pg= 0.725 ids= 573 TEE=-1
rank=17 Lx=Ly=12 pg= 0.770 ids= 277 TEE=-1
rank=15 Lx=Ly=12 pg= 0.635 ids= 395 TEE=-1
rank= 0 Lx=Ly=12 pg= 0.770 ids= 120 TEE=-1
rank= 8 Lx=Ly=12 pg= 0.725 ids= 708 TEE=0
rank= 7 Lx=Ly=12 pg= 0.725 ids= 647 TEE=-1
rank= 1 Lx=Ly=12 pg= 0.770 ids= 241 TEE=-1
rank=16 Lx=Ly=12 pg= 0.725 ids= 716 TEE=0
rank= 9 Lx=Ly=12 pg= 0.725 ids= 689 TEE=0
rank= 4 Lx=Ly=12 pg= 0.635 ids= 164 TEE=-1
rank=11 Lx=Ly=12 pg= 0.725 ids= 731 TEE=-1
rank= 5 Lx=Ly=12 pg= 0.770 ids= 245 TEE=-1
rank=10 Lx=Ly=12 pg= 0.770 ids= 150 TEE=-1
rank=13 Lx=Ly=12 pg= 0.725 ids= 593 TEE=0
rank=14 Lx=Ly=12 pg= 0.725 ids= 714 TEE=-1
rank=17 Lx=Ly=12 pg= 0.770 ids= 297 TEE=-1
rank=15 Lx=Ly=12 pg= 0.635 ids= 415 TEE=0
rank= 6 Lx=Ly=12 pg= 0.635 ids=  26 TEE=-1
rank= 0 Lx=Ly=12 pg= 0.770 ids= 140 TEE=-1
rank= 8 Lx=Ly=12 pg= 0.725 ids= 728 TEE=-1
rank= 1 Lx=Ly=12 pg= 0.770 ids= 261 TEE=0
rank=16 Lx=Ly=12 pg= 0.725 ids= 736 TEE=-1
rank= 7 Lx=Ly=12 pg= 0.725 ids= 667 TEE=0
rank= 2 Lx=Ly=12 pg= 0.635 ids=  82 TEE=0
rank=19 Lx=Ly=12 pg= 0.635 ids=  99 TEE=0
rank= 9 Lx=Ly=12 pg= 0.725 ids= 709 TEE=-1
rank=18 Lx=Ly=12 pg= 0.635 ids=  78 TEE=0
rank=11 Lx=Ly=12 pg= 0.725 ids= 751 TEE=-1
rank= 5 Lx=Ly=12 pg= 0.770 ids= 265 TEE=-1
rank=10 Lx=Ly=12 pg= 0.770 ids= 170 TEE=-1
rank=12 Lx=Ly=12 pg= 0.635 ids=  72 TEE=0
rank=13 Lx=Ly=12 pg= 0.725 ids= 613 TEE=-1
rank=17 Lx=Ly=12 pg= 0.770 ids= 317 TEE=-1
rank=15 Lx=Ly=12 pg= 0.635 ids= 435 TEE=0
rank= 8 Lx=Ly=12 pg= 0.725 ids= 748 TEE=-1
rank= 0 Lx=Ly=12 pg= 0.770 ids= 160 TEE=-1
rank= 3 Lx=Ly=12 pg= 0.635 ids= 143 TEE=0
rank= 1 Lx=Ly=12 pg= 0.770 ids= 281 TEE=-1
rank=16 Lx=Ly=12 pg= 0.725 ids= 756 TEE=-1
rank= 7 Lx=Ly=12 pg= 0.725 ids= 687 TEE=0
rank= 9 Lx=Ly=12 pg= 0.725 ids= 729 TEE=0
rank= 4 Lx=Ly=12 pg= 0.635 ids= 184 TEE=0
rank=11 Lx=Ly=12 pg= 0.725 ids= 771 TEE=-1
rank= 5 Lx=Ly=12 pg= 0.770 ids= 285 TEE=0
rank=10 Lx=Ly=12 pg= 0.770 ids= 190 TEE=-1
rank=17 Lx=Ly=12 pg= 0.770 ids= 337 TEE=-1
rank=13 Lx=Ly=12 pg= 0.725 ids= 633 TEE=-1
rank=15 Lx=Ly=12 pg= 0.635 ids= 455 TEE=0
rank= 6 Lx=Ly=12 pg= 0.635 ids=  46 TEE=0
rank=14 Lx=Ly=12 pg= 0.725 ids= 734 TEE=0
rank= 0 Lx=Ly=12 pg= 0.770 ids= 180 TEE=-1
rank= 1 Lx=Ly=12 pg= 0.770 ids= 301 TEE=-1
rank=18 Lx=Ly=12 pg= 0.635 ids=  98 TEE=0
rank= 8 Lx=Ly=12 pg= 0.725 ids= 768 TEE=-1
rank= 7 Lx=Ly=12 pg= 0.725 ids= 707 TEE=-1
rank= 2 Lx=Ly=12 pg= 0.635 ids= 102 TEE=0
rank=16 Lx=Ly=12 pg= 0.725 ids= 776 TEE=-1
rank=19 Lx=Ly=12 pg= 0.635 ids= 119 TEE=0
rank= 9 Lx=Ly=12 pg= 0.725 ids= 749 TEE=-1
rank=12 Lx=Ly=12 pg= 0.635 ids=  92 TEE=0
rank= 5 Lx=Ly=12 pg= 0.770 ids= 305 TEE=0
rank=11 Lx=Ly=12 pg= 0.725 ids= 791 TEE=-1
rank=10 Lx=Ly=12 pg= 0.770 ids= 210 TEE=0
rank=17 Lx=Ly=12 pg= 0.770 ids= 357 TEE=-1
rank=13 Lx=Ly=12 pg= 0.725 ids= 653 TEE=-1
rank=15 Lx=Ly=12 pg= 0.635 ids= 475 TEE=-1
rank= 3 Lx=Ly=12 pg= 0.635 ids= 163 TEE=-1
rank= 0 Lx=Ly=12 pg= 0.770 ids= 200 TEE=-1
rank= 1 Lx=Ly=12 pg= 0.770 ids= 321 TEE=-1
rank= 8 Lx=Ly=12 pg= 0.725 ids= 788 TEE=0
rank= 7 Lx=Ly=12 pg= 0.725 ids= 727 TEE=0
rank= 9 Lx=Ly=12 pg= 0.725 ids= 769 TEE=0
rank=16 Lx=Ly=12 pg= 0.725 ids= 796 TEE=-1
rank= 5 Lx=Ly=12 pg= 0.770 ids= 325 TEE=-1
rank= 4 Lx=Ly=12 pg= 0.635 ids= 204 TEE=0
rank=10 Lx=Ly=12 pg= 0.770 ids= 230 TEE=0
rank=17 Lx=Ly=12 pg= 0.770 ids= 377 TEE=-1
rank=11 Lx=Ly=12 pg= 0.770 ids=  11 TEE=-1
rank=13 Lx=Ly=12 pg= 0.725 ids= 673 TEE=-1
rank=15 Lx=Ly=12 pg= 0.635 ids= 495 TEE=0
rank= 0 Lx=Ly=12 pg= 0.770 ids= 220 TEE=-1
rank= 1 Lx=Ly=12 pg= 0.770 ids= 341 TEE=-1
rank=14 Lx=Ly=12 pg= 0.725 ids= 754 TEE=0
rank= 8 Lx=Ly=12 pg= 0.770 ids=   8 TEE=-1
rank= 6 Lx=Ly=12 pg= 0.635 ids=  66 TEE=0
rank= 7 Lx=Ly=12 pg= 0.725 ids= 747 TEE=-1
rank= 9 Lx=Ly=12 pg= 0.725 ids= 789 TEE=-1
rank=16 Lx=Ly=12 pg= 0.770 ids=  16 TEE=-1
rank= 5 Lx=Ly=12 pg= 0.770 ids= 345 TEE=-1
rank=18 Lx=Ly=12 pg= 0.635 ids= 118 TEE=0
rank= 2 Lx=Ly=12 pg= 0.635 ids= 122 TEE=0
rank=10 Lx=Ly=12 pg= 0.770 ids= 250 TEE=0
rank=17 Lx=Ly=12 pg= 0.770 ids= 397 TEE=-1
rank=12 Lx=Ly=12 pg= 0.635 ids= 112 TEE=0
rank=11 Lx=Ly=12 pg= 0.770 ids=  31 TEE=-1
rank=13 Lx=Ly=12 pg= 0.725 ids= 693 TEE=0
rank=19 Lx=Ly=12 pg= 0.635 ids= 139 TEE=0
rank=15 Lx=Ly=12 pg= 0.635 ids= 515 TEE=0
rank= 0 Lx=Ly=12 pg= 0.770 ids= 240 TEE=-1
rank= 1 Lx=Ly=12 pg= 0.770 ids= 361 TEE=-1
rank= 8 Lx=Ly=12 pg= 0.770 ids=  28 TEE=0
rank= 7 Lx=Ly=12 pg= 0.725 ids= 767 TEE=0
rank= 9 Lx=Ly=12 pg= 0.770 ids=   9 TEE=-1
rank=16 Lx=Ly=12 pg= 0.770 ids=  36 TEE=-1
rank= 3 Lx=Ly=12 pg= 0.635 ids= 183 TEE=0
rank= 5 Lx=Ly=12 pg= 0.770 ids= 365 TEE=-1
rank=10 Lx=Ly=12 pg= 0.770 ids= 270 TEE=0
rank=17 Lx=Ly=12 pg= 0.770 ids= 417 TEE=0
rank=11 Lx=Ly=12 pg= 0.770 ids=  51 TEE=-1
rank=13 Lx=Ly=12 pg= 0.725 ids= 713 TEE=-1
rank=15 Lx=Ly=12 pg= 0.635 ids= 535 TEE=0
rank= 0 Lx=Ly=12 pg= 0.770 ids= 260 TEE=-1
rank= 1 Lx=Ly=12 pg= 0.770 ids= 381 TEE=-1
rank=14 Lx=Ly=12 pg= 0.725 ids= 774 TEE=-1
rank= 4 Lx=Ly=12 pg= 0.635 ids= 224 TEE=-1
rank= 8 Lx=Ly=12 pg= 0.770 ids=  48 TEE=-1
rank= 7 Lx=Ly=12 pg= 0.725 ids= 787 TEE=0
rank=16 Lx=Ly=12 pg= 0.770 ids=  56 TEE=-1
rank= 9 Lx=Ly=12 pg= 0.770 ids=  29 TEE=-1
rank= 6 Lx=Ly=12 pg= 0.635 ids=  86 TEE=-1
rank= 2 Lx=Ly=12 pg= 0.635 ids= 142 TEE=0
rank= 5 Lx=Ly=12 pg= 0.770 ids= 385 TEE=-1
rank=10 Lx=Ly=12 pg= 0.770 ids= 290 TEE=-1
rank=17 Lx=Ly=12 pg= 0.770 ids= 437 TEE=-1
rank=11 Lx=Ly=12 pg= 0.770 ids=  71 TEE=-1
rank=15 Lx=Ly=12 pg= 0.635 ids= 555 TEE=-1
rank=18 Lx=Ly=12 pg= 0.635 ids= 138 TEE=0
rank= 0 Lx=Ly=12 pg= 0.770 ids= 280 TEE=-1
rank= 1 Lx=Ly=12 pg= 0.770 ids= 401 TEE=-1
rank=12 Lx=Ly=12 pg= 0.635 ids= 132 TEE=0
rank=13 Lx=Ly=12 pg= 0.725 ids= 733 TEE=0
rank=19 Lx=Ly=12 pg= 0.635 ids= 159 TEE=0
rank= 7 Lx=Ly=12 pg= 0.770 ids=   7 TEE=-1
rank= 8 Lx=Ly=12 pg= 0.770 ids=  68 TEE=-1
rank= 9 Lx=Ly=12 pg= 0.770 ids=  49 TEE=0
rank=16 Lx=Ly=12 pg= 0.770 ids=  76 TEE=-1
rank= 5 Lx=Ly=12 pg= 0.770 ids= 405 TEE=-1
rank=10 Lx=Ly=12 pg= 0.770 ids= 310 TEE=-1
rank=17 Lx=Ly=12 pg= 0.770 ids= 457 TEE=-1
rank=11 Lx=Ly=12 pg= 0.770 ids=  91 TEE=-1
rank= 3 Lx=Ly=12 pg= 0.635 ids= 203 TEE=-1
rank=15 Lx=Ly=12 pg= 0.635 ids= 575 TEE=0
rank=14 Lx=Ly=12 pg= 0.725 ids= 794 TEE=-1
rank= 0 Lx=Ly=12 pg= 0.770 ids= 300 TEE=-1
rank= 1 Lx=Ly=12 pg= 0.770 ids= 421 TEE=0
rank=13 Lx=Ly=12 pg= 0.725 ids= 753 TEE=-1
rank= 2 Lx=Ly=12 pg= 0.635 ids= 162 TEE=-1
rank= 4 Lx=Ly=12 pg= 0.635 ids= 244 TEE=0
rank= 7 Lx=Ly=12 pg= 0.770 ids=  27 TEE=-1
rank= 8 Lx=Ly=12 pg= 0.770 ids=  88 TEE=-1
rank=16 Lx=Ly=12 pg= 0.770 ids=  96 TEE=-1
rank= 9 Lx=Ly=12 pg= 0.770 ids=  69 TEE=-1
rank= 5 Lx=Ly=12 pg= 0.770 ids= 425 TEE=-1
rank=10 Lx=Ly=12 pg= 0.770 ids= 330 TEE=-1
rank=17 Lx=Ly=12 pg= 0.770 ids= 477 TEE=-1
rank=11 Lx=Ly=12 pg= 0.770 ids= 111 TEE=-1
rank= 6 Lx=Ly=12 pg= 0.635 ids= 106 TEE=0
rank=15 Lx=Ly=12 pg= 0.635 ids= 595 TEE=0
rank= 0 Lx=Ly=12 pg= 0.770 ids= 320 TEE=-1
rank= 1 Lx=Ly=12 pg= 0.770 ids= 441 TEE=-1
rank=12 Lx=Ly=12 pg= 0.635 ids= 152 TEE=0
rank=18 Lx=Ly=12 pg= 0.635 ids= 158 TEE=0
rank=13 Lx=Ly=12 pg= 0.725 ids= 773 TEE=0
rank=16 Lx=Ly=12 pg= 0.770 ids= 116 TEE=-1
rank= 7 Lx=Ly=12 pg= 0.770 ids=  47 TEE=-1
rank=19 Lx=Ly=12 pg= 0.635 ids= 179 TEE=0
rank= 5 Lx=Ly=12 pg= 0.770 ids= 445 TEE=0
rank= 8 Lx=Ly=12 pg= 0.770 ids= 108 TEE=-1
rank=10 Lx=Ly=12 pg= 0.770 ids= 350 TEE=-1
rank=14 Lx=Ly=12 pg= 0.770 ids=  14 TEE=-1
rank= 9 Lx=Ly=12 pg= 0.770 ids=  89 TEE=-1
rank=17 Lx=Ly=12 pg= 0.770 ids= 497 TEE=-1
rank= 3 Lx=Ly=12 pg= 0.635 ids= 223 TEE=0
rank=11 Lx=Ly=12 pg= 0.770 ids= 131 TEE=-1
rank=15 Lx=Ly=12 pg= 0.635 ids= 615 TEE=0
rank= 0 Lx=Ly=12 pg= 0.770 ids= 340 TEE=-1
rank= 1 Lx=Ly=12 pg= 0.770 ids= 461 TEE=-1
rank= 4 Lx=Ly=12 pg= 0.635 ids= 264 TEE=0
rank= 2 Lx=Ly=12 pg= 0.635 ids= 182 TEE=0
rank=13 Lx=Ly=12 pg= 0.725 ids= 793 TEE=-1
rank= 7 Lx=Ly=12 pg= 0.770 ids=  67 TEE=-1
rank=16 Lx=Ly=12 pg= 0.770 ids= 136 TEE=-1
rank= 8 Lx=Ly=12 pg= 0.770 ids= 128 TEE=0
rank= 6 Lx=Ly=12 pg= 0.635 ids= 126 TEE=0
rank=10 Lx=Ly=12 pg= 0.770 ids= 370 TEE=-1
rank= 5 Lx=Ly=12 pg= 0.770 ids= 465 TEE=-1
rank=17 Lx=Ly=12 pg= 0.770 ids= 517 TEE=-1
rank=15 Lx=Ly=12 pg= 0.635 ids= 635 TEE=0
rank= 9 Lx=Ly=12 pg= 0.770 ids= 109 TEE=-1
rank= 0 Lx=Ly=12 pg= 0.770 ids= 360 TEE=0
rank= 1 Lx=Ly=12 pg= 0.770 ids= 481 TEE=-1
rank=12 Lx=Ly=12 pg= 0.635 ids= 172 TEE=0
rank=11 Lx=Ly=12 pg= 0.770 ids= 151 TEE=-1
rank=13 Lx=Ly=12 pg= 0.770 ids=  13 TEE=-1
rank=18 Lx=Ly=12 pg= 0.635 ids= 178 TEE=-1
rank=16 Lx=Ly=12 pg= 0.770 ids= 156 TEE=-1
rank= 7 Lx=Ly=12 pg= 0.770 ids=  87 TEE=-1
rank= 8 Lx=Ly=12 pg= 0.770 ids= 148 TEE=-1
rank=10 Lx=Ly=12 pg= 0.770 ids= 390 TEE=0
rank=19 Lx=Ly=12 pg= 0.635 ids= 199 TEE=0
rank= 5 Lx=Ly=12 pg= 0.770 ids= 485 TEE=-1
rank=17 Lx=Ly=12 pg= 0.770 ids= 537 TEE=-1
rank=14 Lx=Ly=12 pg= 0.770 ids=  34 TEE=-1
rank=15 Lx=Ly=12 pg= 0.635 ids= 655 TEE=0
rank= 9 Lx=Ly=12 pg= 0.770 ids= 129 TEE=-1
rank= 0 Lx=Ly=12 pg= 0.770 ids= 380 TEE=-1
rank= 1 Lx=Ly=12 pg= 0.770 ids= 501 TEE=-1
rank= 3 Lx=Ly=12 pg= 0.635 ids= 243 TEE=0
rank= 2 Lx=Ly=12 pg= 0.635 ids= 202 TEE=0
rank= 4 Lx=Ly=12 pg= 0.635 ids= 284 TEE=0
rank=11 Lx=Ly=12 pg= 0.770 ids= 171 TEE=-1
rank=13 Lx=Ly=12 pg= 0.770 ids=  33 TEE=-1
rank=16 Lx=Ly=12 pg= 0.770 ids= 176 TEE=-1
rank= 8 Lx=Ly=12 pg= 0.770 ids= 168 TEE=-1
rank=10 Lx=Ly=12 pg= 0.770 ids= 410 TEE=-1
rank= 5 Lx=Ly=12 pg= 0.770 ids= 505 TEE=-1
rank=15 Lx=Ly=12 pg= 0.635 ids= 675 TEE=0
rank= 9 Lx=Ly=12 pg= 0.770 ids= 149 TEE=-1
rank=17 Lx=Ly=12 pg= 0.770 ids= 557 TEE=0
rank= 7 Lx=Ly=12 pg= 0.770 ids= 107 TEE=-1
rank= 0 Lx=Ly=12 pg= 0.770 ids= 400 TEE=-1
rank= 1 Lx=Ly=12 pg= 0.770 ids= 521 TEE=-1
rank= 6 Lx=Ly=12 pg= 0.635 ids= 146 TEE=0
rank=12 Lx=Ly=12 pg= 0.635 ids= 192 TEE=0
rank=18 Lx=Ly=12 pg= 0.635 ids= 198 TEE=0
rank=11 Lx=Ly=12 pg= 0.770 ids= 191 TEE=0
rank=13 Lx=Ly=12 pg= 0.770 ids=  53 TEE=0
rank=14 Lx=Ly=12 pg= 0.770 ids=  54 TEE=-1
rank=16 Lx=Ly=12 pg= 0.770 ids= 196 TEE=-1
rank= 8 Lx=Ly=12 pg= 0.770 ids= 188 TEE=-1
rank= 5 Lx=Ly=12 pg= 0.770 ids= 525 TEE=0
rank=10 Lx=Ly=12 pg= 0.770 ids= 430 TEE=-1
rank=19 Lx=Ly=12 pg= 0.635 ids= 219 TEE=-1
rank=15 Lx=Ly=12 pg= 0.635 ids= 695 TEE=0
rank=17 Lx=Ly=12 pg= 0.770 ids= 577 TEE=-1
rank= 0 Lx=Ly=12 pg= 0.770 ids= 420 TEE=-1
rank= 1 Lx=Ly=12 pg= 0.770 ids= 541 TEE=0
rank= 9 Lx=Ly=12 pg= 0.770 ids= 169 TEE=-1
rank= 3 Lx=Ly=12 pg= 0.635 ids= 263 TEE=0
rank= 4 Lx=Ly=12 pg= 0.635 ids= 304 TEE=0
rank= 7 Lx=Ly=12 pg= 0.770 ids= 127 TEE=0
rank= 2 Lx=Ly=12 pg= 0.635 ids= 222 TEE=0
rank=11 Lx=Ly=12 pg= 0.770 ids= 211 TEE=-1
rank=13 Lx=Ly=12 pg= 0.770 ids=  73 TEE=-1
rank=16 Lx=Ly=12 pg= 0.770 ids= 216 TEE=-1
rank= 8 Lx=Ly=12 pg= 0.770 ids= 208 TEE=0
rank= 6 Lx=Ly=12 pg= 0.635 ids= 166 TEE=0
rank=18 Lx=Ly=12 pg= 0.635 ids= 218 TEE=0
rank=10 Lx=Ly=12 pg= 0.770 ids= 450 TEE=-1
rank= 5 Lx=Ly=12 pg= 0.770 ids= 545 TEE=-1
rank=17 Lx=Ly=12 pg= 0.770 ids= 597 TEE=-1
rank=15 Lx=Ly=12 pg= 0.635 ids= 715 TEE=0
rank=12 Lx=Ly=12 pg= 0.635 ids= 212 TEE=0
rank= 0 Lx=Ly=12 pg= 0.770 ids= 440 TEE=-1
rank= 1 Lx=Ly=12 pg= 0.770 ids= 561 TEE=0
rank= 7 Lx=Ly=12 pg= 0.770 ids= 147 TEE=-1
rank=11 Lx=Ly=12 pg= 0.770 ids= 231 TEE=-1
rank= 9 Lx=Ly=12 pg= 0.770 ids= 189 TEE=-1
rank=13 Lx=Ly=12 pg= 0.770 ids=  93 TEE=-1
rank= 8 Lx=Ly=12 pg= 0.770 ids= 228 TEE=-1
rank=16 Lx=Ly=12 pg= 0.770 ids= 236 TEE=0
rank= 5 Lx=Ly=12 pg= 0.770 ids= 565 TEE=-1
rank= 2 Lx=Ly=12 pg= 0.635 ids= 242 TEE=-1
rank=10 Lx=Ly=12 pg= 0.770 ids= 470 TEE=-1
rank=14 Lx=Ly=12 pg= 0.770 ids=  74 TEE=-1
rank=17 Lx=Ly=12 pg= 0.770 ids= 617 TEE=-1
rank=15 Lx=Ly=12 pg= 0.635 ids= 735 TEE=-1
rank= 0 Lx=Ly=12 pg= 0.770 ids= 460 TEE=-1
rank= 1 Lx=Ly=12 pg= 0.770 ids= 581 TEE=-1
rank=19 Lx=Ly=12 pg= 0.635 ids= 239 TEE=0
rank= 4 Lx=Ly=12 pg= 0.635 ids= 324 TEE=0
rank= 3 Lx=Ly=12 pg= 0.635 ids= 283 TEE=0
rank=11 Lx=Ly=12 pg= 0.770 ids= 251 TEE=-1
rank= 7 Lx=Ly=12 pg= 0.770 ids= 167 TEE=-1
rank=13 Lx=Ly=12 pg= 0.770 ids= 113 TEE=-1
rank= 8 Lx=Ly=12 pg= 0.770 ids= 248 TEE=-1
rank= 9 Lx=Ly=12 pg= 0.770 ids= 209 TEE=-1
rank=10 Lx=Ly=12 pg= 0.770 ids= 490 TEE=-1
rank= 5 Lx=Ly=12 pg= 0.770 ids= 585 TEE=-1
rank=17 Lx=Ly=12 pg= 0.770 ids= 637 TEE=-1
rank= 6 Lx=Ly=12 pg= 0.635 ids= 186 TEE=-1
rank=15 Lx=Ly=12 pg= 0.635 ids= 755 TEE=0
rank=12 Lx=Ly=12 pg= 0.635 ids= 232 TEE=0
rank=16 Lx=Ly=12 pg= 0.770 ids= 256 TEE=-1
rank=18 Lx=Ly=12 pg= 0.635 ids= 238 TEE=-1
rank= 0 Lx=Ly=12 pg= 0.770 ids= 480 TEE=-1
rank= 1 Lx=Ly=12 pg= 0.770 ids= 601 TEE=-1
rank=11 Lx=Ly=12 pg= 0.770 ids= 271 TEE=0
rank= 7 Lx=Ly=12 pg= 0.770 ids= 187 TEE=0
rank=13 Lx=Ly=12 pg= 0.770 ids= 133 TEE=-1
rank= 9 Lx=Ly=12 pg= 0.770 ids= 229 TEE=-1
rank= 2 Lx=Ly=12 pg= 0.635 ids= 262 TEE=0
rank= 5 Lx=Ly=12 pg= 0.770 ids= 605 TEE=-1
rank=17 Lx=Ly=12 pg= 0.770 ids= 657 TEE=-1
rank=15 Lx=Ly=12 pg= 0.635 ids= 775 TEE=0
rank=10 Lx=Ly=12 pg= 0.770 ids= 510 TEE=-1
rank=14 Lx=Ly=12 pg= 0.770 ids=  94 TEE=-1
rank=16 Lx=Ly=12 pg= 0.770 ids= 276 TEE=-1
rank= 0 Lx=Ly=12 pg= 0.770 ids= 500 TEE=-1
rank= 8 Lx=Ly=12 pg= 0.770 ids= 268 TEE=-1
rank= 1 Lx=Ly=12 pg= 0.770 ids= 621 TEE=-1
rank=19 Lx=Ly=12 pg= 0.635 ids= 259 TEE=0
rank=11 Lx=Ly=12 pg= 0.770 ids= 291 TEE=-1
rank= 7 Lx=Ly=12 pg= 0.770 ids= 207 TEE=-1
rank=13 Lx=Ly=12 pg= 0.770 ids= 153 TEE=-1
rank= 4 Lx=Ly=12 pg= 0.635 ids= 344 TEE=0
rank= 3 Lx=Ly=12 pg= 0.635 ids= 303 TEE=-1
rank=12 Lx=Ly=12 pg= 0.635 ids= 252 TEE=0
rank= 5 Lx=Ly=12 pg= 0.770 ids= 625 TEE=-1
rank=17 Lx=Ly=12 pg= 0.770 ids= 677 TEE=-1
rank=15 Lx=Ly=12 pg= 0.635 ids= 795 TEE=-1
rank=16 Lx=Ly=12 pg= 0.770 ids= 296 TEE=-1
rank= 6 Lx=Ly=12 pg= 0.635 ids= 206 TEE=-1
rank= 9 Lx=Ly=12 pg= 0.770 ids= 249 TEE=-1
rank=10 Lx=Ly=12 pg= 0.770 ids= 530 TEE=-1
rank= 1 Lx=Ly=12 pg= 0.770 ids= 641 TEE=-1
rank= 8 Lx=Ly=12 pg= 0.770 ids= 288 TEE=0
rank= 0 Lx=Ly=12 pg= 0.770 ids= 520 TEE=-1
rank=18 Lx=Ly=12 pg= 0.635 ids= 258 TEE=0
rank=19 Lx=Ly=12 pg= 0.635 ids= 279 TEE=0
rank=11 Lx=Ly=12 pg= 0.770 ids= 311 TEE=-1
rank= 7 Lx=Ly=12 pg= 0.770 ids= 227 TEE=-1
rank=13 Lx=Ly=12 pg= 0.770 ids= 173 TEE=-1
rank=17 Lx=Ly=12 pg= 0.770 ids= 697 TEE=0
rank= 5 Lx=Ly=12 pg= 0.770 ids= 645 TEE=-1
rank=15 Lx=Ly=12 pg= 0.680 ids=  15 TEE=0
rank= 1 Lx=Ly=12 pg= 0.770 ids= 661 TEE=-1
rank=16 Lx=Ly=12 pg= 0.770 ids= 316 TEE=-1
rank= 9 Lx=Ly=12 pg= 0.770 ids= 269 TEE=0
rank= 2 Lx=Ly=12 pg= 0.635 ids= 282 TEE=-1
rank=10 Lx=Ly=12 pg= 0.770 ids= 550 TEE=-1
rank= 8 Lx=Ly=12 pg= 0.770 ids= 308 TEE=-1
rank= 0 Lx=Ly=12 pg= 0.770 ids= 540 TEE=-1
rank= 4 Lx=Ly=12 pg= 0.635 ids= 364 TEE=0
rank=14 Lx=Ly=12 pg= 0.770 ids= 114 TEE=0
rank= 7 Lx=Ly=12 pg= 0.770 ids= 247 TEE=-1
rank= 6 Lx=Ly=12 pg= 0.635 ids= 226 TEE=0
rank=13 Lx=Ly=12 pg= 0.770 ids= 193 TEE=-1
rank=11 Lx=Ly=12 pg= 0.770 ids= 331 TEE=-1
rank=17 Lx=Ly=12 pg= 0.770 ids= 717 TEE=0
rank= 5 Lx=Ly=12 pg= 0.770 ids= 665 TEE=-1
rank= 3 Lx=Ly=12 pg= 0.635 ids= 323 TEE=0
rank=12 Lx=Ly=12 pg= 0.635 ids= 272 TEE=0
rank=15 Lx=Ly=12 pg= 0.680 ids=  35 TEE=-1
rank= 1 Lx=Ly=12 pg= 0.770 ids= 681 TEE=-1
rank=16 Lx=Ly=12 pg= 0.770 ids= 336 TEE=-1
rank=10 Lx=Ly=12 pg= 0.770 ids= 570 TEE=0
rank= 8 Lx=Ly=12 pg= 0.770 ids= 328 TEE=-1
rank=18 Lx=Ly=12 pg= 0.635 ids= 278 TEE=0
rank= 0 Lx=Ly=12 pg= 0.770 ids= 560 TEE=-1
rank= 9 Lx=Ly=12 pg= 0.770 ids= 289 TEE=-1
rank=19 Lx=Ly=12 pg= 0.635 ids= 299 TEE=0
rank= 7 Lx=Ly=12 pg= 0.770 ids= 267 TEE=-1
rank=13 Lx=Ly=12 pg= 0.770 ids= 213 TEE=-1
rank= 5 Lx=Ly=12 pg= 0.770 ids= 685 TEE=-1
rank=17 Lx=Ly=12 pg= 0.770 ids= 737 TEE=-1
rank=15 Lx=Ly=12 pg= 0.680 ids=  55 TEE=-1
rank= 1 Lx=Ly=12 pg= 0.770 ids= 701 TEE=-1
rank=16 Lx=Ly=12 pg= 0.770 ids= 356 TEE=-1
rank=11 Lx=Ly=12 pg= 0.770 ids= 351 TEE=-1
rank=10 Lx=Ly=12 pg= 0.770 ids= 590 TEE=-1
rank= 8 Lx=Ly=12 pg= 0.770 ids= 348 TEE=0
rank= 0 Lx=Ly=12 pg= 0.770 ids= 580 TEE=-1
rank= 4 Lx=Ly=12 pg= 0.635 ids= 384 TEE=0
rank= 2 Lx=Ly=12 pg= 0.635 ids= 302 TEE=0
rank= 9 Lx=Ly=12 pg= 0.770 ids= 309 TEE=-1
rank=14 Lx=Ly=12 pg= 0.770 ids= 134 TEE=0
rank= 3 Lx=Ly=12 pg= 0.635 ids= 343 TEE=0
rank=12 Lx=Ly=12 pg= 0.635 ids= 292 TEE=0
rank= 6 Lx=Ly=12 pg= 0.635 ids= 246 TEE=-1
rank= 7 Lx=Ly=12 pg= 0.770 ids= 287 TEE=-1
rank=13 Lx=Ly=12 pg= 0.770 ids= 233 TEE=-1
rank= 5 Lx=Ly=12 pg= 0.770 ids= 705 TEE=-1
rank=17 Lx=Ly=12 pg= 0.770 ids= 757 TEE=0
rank=15 Lx=Ly=12 pg= 0.680 ids=  75 TEE=-1
rank= 1 Lx=Ly=12 pg= 0.770 ids= 721 TEE=-1
rank=18 Lx=Ly=12 pg= 0.635 ids= 298 TEE=0
rank=16 Lx=Ly=12 pg= 0.770 ids= 376 TEE=-1
rank=10 Lx=Ly=12 pg= 0.770 ids= 610 TEE=-1
rank= 8 Lx=Ly=12 pg= 0.770 ids= 368 TEE=-1
rank= 0 Lx=Ly=12 pg= 0.770 ids= 600 TEE=-1
rank=11 Lx=Ly=12 pg= 0.770 ids= 371 TEE=-1
rank= 9 Lx=Ly=12 pg= 0.770 ids= 329 TEE=0
rank= 7 Lx=Ly=12 pg= 0.770 ids= 307 TEE=-1
rank=19 Lx=Ly=12 pg= 0.635 ids= 319 TEE=0
rank= 5 Lx=Ly=12 pg= 0.770 ids= 725 TEE=-1
rank=13 Lx=Ly=12 pg= 0.770 ids= 253 TEE=-1
rank=17 Lx=Ly=12 pg= 0.770 ids= 777 TEE=-1
rank=15 Lx=Ly=12 pg= 0.680 ids=  95 TEE=-1
rank= 1 Lx=Ly=12 pg= 0.770 ids= 741 TEE=-1
rank=10 Lx=Ly=12 pg= 0.770 ids= 630 TEE=-1
rank=16 Lx=Ly=12 pg= 0.770 ids= 396 TEE=-1
rank= 0 Lx=Ly=12 pg= 0.770 ids= 620 TEE=-1
rank=11 Lx=Ly=12 pg= 0.770 ids= 391 TEE=-1
rank= 8 Lx=Ly=12 pg= 0.770 ids= 388 TEE=0
rank= 4 Lx=Ly=12 pg= 0.635 ids= 404 TEE=0
rank= 9 Lx=Ly=12 pg= 0.770 ids= 349 TEE=-1
rank= 2 Lx=Ly=12 pg= 0.635 ids= 322 TEE=0
rank=12 Lx=Ly=12 pg= 0.635 ids= 312 TEE=0
rank=14 Lx=Ly=12 pg= 0.770 ids= 154 TEE=-1
rank= 5 Lx=Ly=12 pg= 0.770 ids= 745 TEE=-1
rank= 3 Lx=Ly=12 pg= 0.635 ids= 363 TEE=0
rank=13 Lx=Ly=12 pg= 0.770 ids= 273 TEE=-1
rank=17 Lx=Ly=12 pg= 0.770 ids= 797 TEE=-1
rank= 7 Lx=Ly=12 pg= 0.770 ids= 327 TEE=-1
rank=18 Lx=Ly=12 pg= 0.635 ids= 318 TEE=0
rank=15 Lx=Ly=12 pg= 0.680 ids= 115 TEE=0
rank= 6 Lx=Ly=12 pg= 0.635 ids= 266 TEE=0
rank=10 Lx=Ly=12 pg= 0.770 ids= 650 TEE=0
rank= 1 Lx=Ly=12 pg= 0.770 ids= 761 TEE=-1
rank= 0 Lx=Ly=12 pg= 0.770 ids= 640 TEE=-1
rank= 8 Lx=Ly=12 pg= 0.770 ids= 408 TEE=-1
rank= 9 Lx=Ly=12 pg= 0.770 ids= 369 TEE=-1
rank=11 Lx=Ly=12 pg= 0.770 ids= 411 TEE=0
rank=16 Lx=Ly=12 pg= 0.770 ids= 416 TEE=-1
rank=19 Lx=Ly=12 pg= 0.635 ids= 339 TEE=0
rank= 5 Lx=Ly=12 pg= 0.770 ids= 765 TEE=-1
rank=13 Lx=Ly=12 pg= 0.770 ids= 293 TEE=-1
rank=14 Lx=Ly=12 pg= 0.770 ids= 174 TEE=-1
rank=17 Lx=Ly=12 pg= 0.815 ids=  17 TEE=0
rank= 7 Lx=Ly=12 pg= 0.770 ids= 347 TEE=-1
rank=12 Lx=Ly=12 pg= 0.635 ids= 332 TEE=0
rank= 4 Lx=Ly=12 pg= 0.635 ids= 424 TEE=-1
rank=10 Lx=Ly=12 pg= 0.770 ids= 670 TEE=-1
rank= 1 Lx=Ly=12 pg= 0.770 ids= 781 TEE=0
rank= 0 Lx=Ly=12 pg= 0.770 ids= 660 TEE=-1
rank= 2 Lx=Ly=12 pg= 0.635 ids= 342 TEE=0
rank= 8 Lx=Ly=12 pg= 0.770 ids= 428 TEE=-1
rank= 9 Lx=Ly=12 pg= 0.770 ids= 389 TEE=-1
rank=18 Lx=Ly=12 pg= 0.635 ids= 338 TEE=0
rank=16 Lx=Ly=12 pg= 0.770 ids= 436 TEE=-1
rank=11 Lx=Ly=12 pg= 0.770 ids= 431 TEE=-1
rank= 5 Lx=Ly=12 pg= 0.770 ids= 785 TEE=0
rank=14 Lx=Ly=12 pg= 0.770 ids= 194 TEE=-1
rank= 6 Lx=Ly=12 pg= 0.635 ids= 286 TEE=0
rank= 7 Lx=Ly=12 pg= 0.770 ids= 367 TEE=-1
rank=17 Lx=Ly=12 pg= 0.815 ids=  37 TEE=-1
rank=10 Lx=Ly=12 pg= 0.770 ids= 690 TEE=-1
rank= 1 Lx=Ly=12 pg= 0.815 ids=   1 TEE=-1
rank=13 Lx=Ly=12 pg= 0.770 ids= 313 TEE=-1
rank= 3 Lx=Ly=12 pg= 0.635 ids= 383 TEE=0
rank=15 Lx=Ly=12 pg= 0.680 ids= 135 TEE=-1
rank= 0 Lx=Ly=12 pg= 0.770 ids= 680 TEE=-1
rank= 8 Lx=Ly=12 pg= 0.770 ids= 448 TEE=-1
rank= 9 Lx=Ly=12 pg= 0.770 ids= 409 TEE=0
rank=16 Lx=Ly=12 pg= 0.770 ids= 456 TEE=-1
rank=11 Lx=Ly=12 pg= 0.770 ids= 451 TEE=-1
rank= 5 Lx=Ly=12 pg= 0.815 ids=   5 TEE=-1
rank=14 Lx=Ly=12 pg= 0.770 ids= 214 TEE=-1
rank=19 Lx=Ly=12 pg= 0.635 ids= 359 TEE=0
rank= 7 Lx=Ly=12 pg= 0.770 ids= 387 TEE=-1
rank=17 Lx=Ly=12 pg= 0.815 ids=  57 TEE=-1
rank= 2 Lx=Ly=12 pg= 0.635 ids= 362 TEE=0
rank=10 Lx=Ly=12 pg= 0.770 ids= 710 TEE=0
rank= 1 Lx=Ly=12 pg= 0.815 ids=  21 TEE=-1
rank= 0 Lx=Ly=12 pg= 0.770 ids= 700 TEE=-1
rank=12 Lx=Ly=12 pg= 0.635 ids= 352 TEE=0
rank=13 Lx=Ly=12 pg= 0.770 ids= 333 TEE=-1
rank=18 Lx=Ly=12 pg= 0.635 ids= 358 TEE=0
rank= 8 Lx=Ly=12 pg= 0.770 ids= 468 TEE=-1
rank= 4 Lx=Ly=12 pg= 0.635 ids= 444 TEE=0
rank=16 Lx=Ly=12 pg= 0.770 ids= 476 TEE=-1
rank= 9 Lx=Ly=12 pg= 0.770 ids= 429 TEE=-1
rank=11 Lx=Ly=12 pg= 0.770 ids= 471 TEE=-1
rank=14 Lx=Ly=12 pg= 0.770 ids= 234 TEE=-1
rank=17 Lx=Ly=12 pg= 0.815 ids=  77 TEE=-1
rank= 5 Lx=Ly=12 pg= 0.815 ids=  25 TEE=-1
rank=10 Lx=Ly=12 pg= 0.770 ids= 730 TEE=-1
rank= 1 Lx=Ly=12 pg= 0.815 ids=  41 TEE=-1
rank= 6 Lx=Ly=12 pg= 0.635 ids= 306 TEE=0
rank= 0 Lx=Ly=12 pg= 0.770 ids= 720 TEE=0
rank= 7 Lx=Ly=12 pg= 0.770 ids= 407 TEE=-1
rank=13 Lx=Ly=12 pg= 0.770 ids= 353 TEE=-1
rank=15 Lx=Ly=12 pg= 0.680 ids= 155 TEE=-1
rank= 3 Lx=Ly=12 pg= 0.635 ids= 403 TEE=-1
rank= 8 Lx=Ly=12 pg= 0.770 ids= 488 TEE=-1
rank=19 Lx=Ly=12 pg= 0.635 ids= 379 TEE=0
rank=16 Lx=Ly=12 pg= 0.770 ids= 496 TEE=-1
rank= 9 Lx=Ly=12 pg= 0.770 ids= 449 TEE=-1
rank=11 Lx=Ly=12 pg= 0.770 ids= 491 TEE=-1
rank=14 Lx=Ly=12 pg= 0.770 ids= 254 TEE=-1
rank=17 Lx=Ly=12 pg= 0.815 ids=  97 TEE=-1
rank= 5 Lx=Ly=12 pg= 0.815 ids=  45 TEE=-1
rank= 2 Lx=Ly=12 pg= 0.635 ids= 382 TEE=0
rank=10 Lx=Ly=12 pg= 0.770 ids= 750 TEE=-1
rank= 1 Lx=Ly=12 pg= 0.815 ids=  61 TEE=-1
rank= 0 Lx=Ly=12 pg= 0.770 ids= 740 TEE=-1
rank= 4 Lx=Ly=12 pg= 0.635 ids= 464 TEE=0
rank= 7 Lx=Ly=12 pg= 0.770 ids= 427 TEE=-1
rank=18 Lx=Ly=12 pg= 0.635 ids= 378 TEE=0
rank=13 Lx=Ly=12 pg= 0.770 ids= 373 TEE=-1
rank=12 Lx=Ly=12 pg= 0.635 ids= 372 TEE=-1
rank=16 Lx=Ly=12 pg= 0.770 ids= 516 TEE=0
rank= 8 Lx=Ly=12 pg= 0.770 ids= 508 TEE=-1
rank= 9 Lx=Ly=12 pg= 0.770 ids= 469 TEE=-1
rank=11 Lx=Ly=12 pg= 0.770 ids= 511 TEE=-1
rank=14 Lx=Ly=12 pg= 0.770 ids= 274 TEE=-1
rank=17 Lx=Ly=12 pg= 0.815 ids= 117 TEE=-1
rank= 5 Lx=Ly=12 pg= 0.815 ids=  65 TEE=-1
rank=15 Lx=Ly=12 pg= 0.680 ids= 175 TEE=-1
rank= 3 Lx=Ly=12 pg= 0.635 ids= 423 TEE=0
rank= 1 Lx=Ly=12 pg= 0.815 ids=  81 TEE=-1
rank= 0 Lx=Ly=12 pg= 0.770 ids= 760 TEE=-1
rank=10 Lx=Ly=12 pg= 0.770 ids= 770 TEE=-1
rank= 7 Lx=Ly=12 pg= 0.770 ids= 447 TEE=0
rank=19 Lx=Ly=12 pg= 0.635 ids= 399 TEE=-1
rank=13 Lx=Ly=12 pg= 0.770 ids= 393 TEE=0
rank= 6 Lx=Ly=12 pg= 0.635 ids= 326 TEE=0
rank= 8 Lx=Ly=12 pg= 0.770 ids= 528 TEE=-1
rank= 4 Lx=Ly=12 pg= 0.635 ids= 484 TEE=0
rank= 9 Lx=Ly=12 pg= 0.770 ids= 489 TEE=-1
rank=16 Lx=Ly=12 pg= 0.770 ids= 536 TEE=-1
rank= 2 Lx=Ly=12 pg= 0.635 ids= 402 TEE=0
rank=14 Lx=Ly=12 pg= 0.770 ids= 294 TEE=0
rank=11 Lx=Ly=12 pg= 0.770 ids= 531 TEE=-1
rank=17 Lx=Ly=12 pg= 0.815 ids= 137 TEE=-1
rank= 5 Lx=Ly=12 pg= 0.815 ids=  85 TEE=-1
rank= 1 Lx=Ly=12 pg= 0.815 ids= 101 TEE=-1
rank=10 Lx=Ly=12 pg= 0.770 ids= 790 TEE=-1
rank= 7 Lx=Ly=12 pg= 0.770 ids= 467 TEE=-1
rank= 0 Lx=Ly=12 pg= 0.770 ids= 780 TEE=-1
rank=13 Lx=Ly=12 pg= 0.770 ids= 413 TEE=-1
rank=18 Lx=Ly=12 pg= 0.635 ids= 398 TEE=0
rank=12 Lx=Ly=12 pg= 0.635 ids= 392 TEE=0
rank= 8 Lx=Ly=12 pg= 0.770 ids= 548 TEE=0
rank= 9 Lx=Ly=12 pg= 0.770 ids= 509 TEE=-1
rank=16 Lx=Ly=12 pg= 0.770 ids= 556 TEE=-1
rank=14 Lx=Ly=12 pg= 0.770 ids= 314 TEE=-1
rank=15 Lx=Ly=12 pg= 0.680 ids= 195 TEE=0
rank=11 Lx=Ly=12 pg= 0.770 ids= 551 TEE=-1
rank= 5 Lx=Ly=12 pg= 0.815 ids= 105 TEE=-1
rank=17 Lx=Ly=12 pg= 0.815 ids= 157 TEE=-1
rank= 1 Lx=Ly=12 pg= 0.815 ids= 121 TEE=-1
rank=10 Lx=Ly=12 pg= 0.815 ids=  10 TEE=0
rank= 0 Lx=Ly=12 pg= 0.815 ids=   0 TEE=-1
rank=13 Lx=Ly=12 pg= 0.770 ids= 433 TEE=0
rank=19 Lx=Ly=12 pg= 0.635 ids= 419 TEE=0
rank= 3 Lx=Ly=12 pg= 0.635 ids= 443 TEE=0
rank= 7 Lx=Ly=12 pg= 0.770 ids= 487 TEE=-1
rank= 8 Lx=Ly=12 pg= 0.770 ids= 568 TEE=-1
rank= 2 Lx=Ly=12 pg= 0.635 ids= 422 TEE=0
rank= 9 Lx=Ly=12 pg= 0.770 ids= 529 TEE=0
rank= 4 Lx=Ly=12 pg= 0.635 ids= 504 TEE=0
rank= 6 Lx=Ly=12 pg= 0.635 ids= 346 TEE=0
rank=14 Lx=Ly=12 pg= 0.770 ids= 334 TEE=-1
rank=16 Lx=Ly=12 pg= 0.770 ids= 576 TEE=-1
rank=11 Lx=Ly=12 pg= 0.770 ids= 571 TEE=-1
rank= 5 Lx=Ly=12 pg= 0.815 ids= 125 TEE=-1
rank=17 Lx=Ly=12 pg= 0.815 ids= 177 TEE=-1
rank=12 Lx=Ly=12 pg= 0.635 ids= 412 TEE=-1
rank= 1 Lx=Ly=12 pg= 0.815 ids= 141 TEE=-1
rank=10 Lx=Ly=12 pg= 0.815 ids=  30 TEE=0
rank= 0 Lx=Ly=12 pg= 0.815 ids=  20 TEE=-1
rank=15 Lx=Ly=12 pg= 0.680 ids= 215 TEE=0
rank=18 Lx=Ly=12 pg= 0.635 ids= 418 TEE=1
rank= 7 Lx=Ly=12 pg= 0.770 ids= 507 TEE=-1
rank= 8 Lx=Ly=12 pg= 0.770 ids= 588 TEE=0
rank=13 Lx=Ly=12 pg= 0.770 ids= 453 TEE=0
rank=14 Lx=Ly=12 pg= 0.770 ids= 354 TEE=-1
rank= 9 Lx=Ly=12 pg= 0.770 ids= 549 TEE=-1
rank=11 Lx=Ly=12 pg= 0.770 ids= 591 TEE=-1
rank=17 Lx=Ly=12 pg= 0.815 ids= 197 TEE=-1
rank= 5 Lx=Ly=12 pg= 0.815 ids= 145 TEE=-1
rank=16 Lx=Ly=12 pg= 0.770 ids= 596 TEE=-1
rank= 3 Lx=Ly=12 pg= 0.635 ids= 463 TEE=0
rank=10 Lx=Ly=12 pg= 0.815 ids=  50 TEE=0
rank= 1 Lx=Ly=12 pg= 0.815 ids= 161 TEE=-1
rank= 0 Lx=Ly=12 pg= 0.815 ids=  40 TEE=-1
rank=19 Lx=Ly=12 pg= 0.635 ids= 439 TEE=1
rank= 7 Lx=Ly=12 pg= 0.770 ids= 527 TEE=0
rank= 8 Lx=Ly=12 pg= 0.770 ids= 608 TEE=-1
rank=13 Lx=Ly=12 pg= 0.770 ids= 473 TEE=-1
rank= 4 Lx=Ly=12 pg= 0.635 ids= 524 TEE=0
rank= 2 Lx=Ly=12 pg= 0.635 ids= 442 TEE=0
rank=14 Lx=Ly=12 pg= 0.770 ids= 374 TEE=-1
rank= 9 Lx=Ly=12 pg= 0.770 ids= 569 TEE=-1
rank=11 Lx=Ly=12 pg= 0.770 ids= 611 TEE=-1
rank=17 Lx=Ly=12 pg= 0.815 ids= 217 TEE=-1
rank= 6 Lx=Ly=12 pg= 0.635 ids= 366 TEE=-1
rank= 5 Lx=Ly=12 pg= 0.815 ids= 165 TEE=-1
rank=12 Lx=Ly=12 pg= 0.635 ids= 432 TEE=-1
rank= 1 Lx=Ly=12 pg= 0.815 ids= 181 TEE=-1
rank=10 Lx=Ly=12 pg= 0.815 ids=  70 TEE=-1
rank= 0 Lx=Ly=12 pg= 0.815 ids=  60 TEE=-1
rank=15 Lx=Ly=12 pg= 0.680 ids= 235 TEE=-1
rank=16 Lx=Ly=12 pg= 0.770 ids= 616 TEE=-1
rank=18 Lx=Ly=12 pg= 0.635 ids= 438 TEE=0
rank= 7 Lx=Ly=12 pg= 0.770 ids= 547 TEE=-1
rank= 8 Lx=Ly=12 pg= 0.770 ids= 628 TEE=-1
rank=13 Lx=Ly=12 pg= 0.770 ids= 493 TEE=-1
rank=14 Lx=Ly=12 pg= 0.770 ids= 394 TEE=-1
rank=17 Lx=Ly=12 pg= 0.815 ids= 237 TEE=0
rank=11 Lx=Ly=12 pg= 0.770 ids= 631 TEE=0
rank= 5 Lx=Ly=12 pg= 0.815 ids= 185 TEE=-1
rank= 3 Lx=Ly=12 pg= 0.635 ids= 483 TEE=0
rank= 9 Lx=Ly=12 pg= 0.770 ids= 589 TEE=-1
rank= 1 Lx=Ly=12 pg= 0.815 ids= 201 TEE=-1
rank=10 Lx=Ly=12 pg= 0.815 ids=  90 TEE=-1
rank= 0 Lx=Ly=12 pg= 0.815 ids=  80 TEE=-1
rank=16 Lx=Ly=12 pg= 0.770 ids= 636 TEE=-1
rank=15 Lx=Ly=12 pg= 0.680 ids= 255 TEE=0
rank=19 Lx=Ly=12 pg= 0.635 ids= 459 TEE=0
rank=13 Lx=Ly=12 pg= 0.770 ids= 513 TEE=-1
rank= 7 Lx=Ly=12 pg= 0.770 ids= 567 TEE=-1
rank=14 Lx=Ly=12 pg= 0.770 ids= 414 TEE=-1
rank= 4 Lx=Ly=12 pg= 0.635 ids= 544 TEE=0
rank= 8 Lx=Ly=12 pg= 0.770 ids= 648 TEE=0
rank=17 Lx=Ly=12 pg= 0.815 ids= 257 TEE=-1
rank= 5 Lx=Ly=12 pg= 0.815 ids= 205 TEE=-1
rank= 2 Lx=Ly=12 pg= 0.635 ids= 462 TEE=0
rank=11 Lx=Ly=12 pg= 0.770 ids= 651 TEE=-1
rank= 6 Lx=Ly=12 pg= 0.635 ids= 386 TEE=0
rank= 1 Lx=Ly=12 pg= 0.815 ids= 221 TEE=-1
rank= 0 Lx=Ly=12 pg= 0.815 ids= 100 TEE=-1
rank=10 Lx=Ly=12 pg= 0.815 ids= 110 TEE=-1
rank=18 Lx=Ly=12 pg= 0.635 ids= 458 TEE=0
rank= 9 Lx=Ly=12 pg= 0.770 ids= 609 TEE=-1
rank=16 Lx=Ly=12 pg= 0.770 ids= 656 TEE=-1
rank=12 Lx=Ly=12 pg= 0.635 ids= 452 TEE=-1
rank=13 Lx=Ly=12 pg= 0.770 ids= 533 TEE=-1
rank= 3 Lx=Ly=12 pg= 0.635 ids= 503 TEE=0
rank=14 Lx=Ly=12 pg= 0.770 ids= 434 TEE=-1
rank=17 Lx=Ly=12 pg= 0.815 ids= 277 TEE=-1
rank= 7 Lx=Ly=12 pg= 0.770 ids= 587 TEE=0
rank= 8 Lx=Ly=12 pg= 0.770 ids= 668 TEE=0
rank= 5 Lx=Ly=12 pg= 0.815 ids= 225 TEE=-1
rank= 1 Lx=Ly=12 pg= 0.815 ids= 241 TEE=-1
rank=11 Lx=Ly=12 pg= 0.770 ids= 671 TEE=0
rank=10 Lx=Ly=12 pg= 0.815 ids= 130 TEE=-1
rank= 0 Lx=Ly=12 pg= 0.815 ids= 120 TEE=-1
rank=16 Lx=Ly=12 pg= 0.770 ids= 676 TEE=-1
rank= 9 Lx=Ly=12 pg= 0.770 ids= 629 TEE=-1
rank=15 Lx=Ly=12 pg= 0.680 ids= 275 TEE=0
rank=18 Lx=Ly=12 pg= 0.635 ids= 478 TEE=0
rank= 4 Lx=Ly=12 pg= 0.635 ids= 564 TEE=0
rank=13 Lx=Ly=12 pg= 0.770 ids= 553 TEE=-1
rank=19 Lx=Ly=12 pg= 0.635 ids= 479 TEE=0
rank=14 Lx=Ly=12 pg= 0.770 ids= 454 TEE=-1
rank= 6 Lx=Ly=12 pg= 0.635 ids= 406 TEE=-1
rank= 8 Lx=Ly=12 pg= 0.770 ids= 688 TEE=-1
rank= 5 Lx=Ly=12 pg= 0.815 ids= 245 TEE=-1
rank= 7 Lx=Ly=12 pg= 0.770 ids= 607 TEE=-1
rank=17 Lx=Ly=12 pg= 0.815 ids= 297 TEE=-1
rank= 2 Lx=Ly=12 pg= 0.635 ids= 482 TEE=0
rank=11 Lx=Ly=12 pg= 0.770 ids= 691 TEE=-1
rank=10 Lx=Ly=12 pg= 0.815 ids= 150 TEE=-1
rank= 0 Lx=Ly=12 pg= 0.815 ids= 140 TEE=-1
rank= 1 Lx=Ly=12 pg= 0.815 ids= 261 TEE=-1
rank=16 Lx=Ly=12 pg= 0.770 ids= 696 TEE=-1
rank= 9 Lx=Ly=12 pg= 0.770 ids= 649 TEE=-1
rank=13 Lx=Ly=12 pg= 0.770 ids= 573 TEE=-1
rank=12 Lx=Ly=12 pg= 0.635 ids= 472 TEE=0
rank=14 Lx=Ly=12 pg= 0.770 ids= 474 TEE=-1
rank= 3 Lx=Ly=12 pg= 0.635 ids= 523 TEE=0
rank= 8 Lx=Ly=12 pg= 0.770 ids= 708 TEE=-1
rank= 5 Lx=Ly=12 pg= 0.815 ids= 265 TEE=-1
rank=17 Lx=Ly=12 pg= 0.815 ids= 317 TEE=-1
rank= 7 Lx=Ly=12 pg= 0.770 ids= 627 TEE=-1
rank=10 Lx=Ly=12 pg= 0.815 ids= 170 TEE=-1
rank= 1 Lx=Ly=12 pg= 0.815 ids= 281 TEE=-1
rank= 0 Lx=Ly=12 pg= 0.815 ids= 160 TEE=-1
rank=11 Lx=Ly=12 pg= 0.770 ids= 711 TEE=-1
rank=15 Lx=Ly=12 pg= 0.680 ids= 295 TEE=0
rank= 9 Lx=Ly=12 pg= 0.770 ids= 669 TEE=-1
rank=18 Lx=Ly=12 pg= 0.635 ids= 498 TEE=0
rank=16 Lx=Ly=12 pg= 0.770 ids= 716 TEE=-1
rank=19 Lx=Ly=12 pg= 0.635 ids= 499 TEE=0
rank=14 Lx=Ly=12 pg= 0.770 ids= 494 TEE=-1
rank=13 Lx=Ly=12 pg= 0.770 ids= 593 TEE=-1
rank= 8 Lx=Ly=12 pg= 0.770 ids= 728 TEE=-1
rank= 5 Lx=Ly=12 pg= 0.815 ids= 285 TEE=-1
rank=17 Lx=Ly=12 pg= 0.815 ids= 337 TEE=-1
rank= 4 Lx=Ly=12 pg= 0.635 ids= 584 TEE=0
rank= 6 Lx=Ly=12 pg= 0.635 ids= 426 TEE=-1
rank= 1 Lx=Ly=12 pg= 0.815 ids= 301 TEE=-1
rank= 2 Lx=Ly=12 pg= 0.635 ids= 502 TEE=0
rank=10 Lx=Ly=12 pg= 0.815 ids= 190 TEE=-1
rank= 0 Lx=Ly=12 pg= 0.815 ids= 180 TEE=-1
rank= 7 Lx=Ly=12 pg= 0.770 ids= 647 TEE=-1
rank=11 Lx=Ly=12 pg= 0.770 ids= 731 TEE=-1
rank= 9 Lx=Ly=12 pg= 0.770 ids= 689 TEE=0
rank=12 Lx=Ly=12 pg= 0.635 ids= 492 TEE=0
rank=16 Lx=Ly=12 pg= 0.770 ids= 736 TEE=0
rank=13 Lx=Ly=12 pg= 0.770 ids= 613 TEE=-1
rank=15 Lx=Ly=12 pg= 0.680 ids= 315 TEE=0
rank=18 Lx=Ly=12 pg= 0.635 ids= 518 TEE=-1
rank= 3 Lx=Ly=12 pg= 0.635 ids= 543 TEE=0
rank=17 Lx=Ly=12 pg= 0.815 ids= 357 TEE=-1
rank= 8 Lx=Ly=12 pg= 0.770 ids= 748 TEE=-1
rank= 5 Lx=Ly=12 pg= 0.815 ids= 305 TEE=-1
rank=19 Lx=Ly=12 pg= 0.635 ids= 519 TEE=-1
rank=14 Lx=Ly=12 pg= 0.770 ids= 514 TEE=0
rank= 1 Lx=Ly=12 pg= 0.815 ids= 321 TEE=-1
rank=10 Lx=Ly=12 pg= 0.815 ids= 210 TEE=-1
rank= 0 Lx=Ly=12 pg= 0.815 ids= 200 TEE=-1
rank= 7 Lx=Ly=12 pg= 0.770 ids= 667 TEE=-1
rank= 9 Lx=Ly=12 pg= 0.770 ids= 709 TEE=-1
rank=11 Lx=Ly=12 pg= 0.770 ids= 751 TEE=-1
rank=15 Lx=Ly=12 pg= 0.680 ids= 335 TEE=0
rank=16 Lx=Ly=12 pg= 0.770 ids= 756 TEE=-1
rank= 4 Lx=Ly=12 pg= 0.635 ids= 604 TEE=0
rank=13 Lx=Ly=12 pg= 0.770 ids= 633 TEE=-1
rank=17 Lx=Ly=12 pg= 0.815 ids= 377 TEE=-1
rank= 5 Lx=Ly=12 pg= 0.815 ids= 325 TEE=0
rank= 8 Lx=Ly=12 pg= 0.770 ids= 768 TEE=-1
rank= 1 Lx=Ly=12 pg= 0.815 ids= 341 TEE=-1
rank= 2 Lx=Ly=12 pg= 0.635 ids= 522 TEE=-1
rank=10 Lx=Ly=12 pg= 0.815 ids= 230 TEE=-1
rank= 0 Lx=Ly=12 pg= 0.815 ids= 220 TEE=1
rank= 6 Lx=Ly=12 pg= 0.635 ids= 446 TEE=0
rank=12 Lx=Ly=12 pg= 0.635 ids= 512 TEE=0
rank= 7 Lx=Ly=12 pg= 0.770 ids= 687 TEE=-1
rank= 9 Lx=Ly=12 pg= 0.770 ids= 729 TEE=-1
rank=11 Lx=Ly=12 pg= 0.770 ids= 771 TEE=-1
rank=16 Lx=Ly=12 pg= 0.770 ids= 776 TEE=0
rank=15 Lx=Ly=12 pg= 0.680 ids= 355 TEE=-1
rank=13 Lx=Ly=12 pg= 0.770 ids= 653 TEE=-1
rank=18 Lx=Ly=12 pg= 0.635 ids= 538 TEE=0
rank=17 Lx=Ly=12 pg= 0.815 ids= 397 TEE=-1
rank=19 Lx=Ly=12 pg= 0.635 ids= 539 TEE=0
rank= 3 Lx=Ly=12 pg= 0.635 ids= 563 TEE=0
rank= 5 Lx=Ly=12 pg= 0.815 ids= 345 TEE=-1
rank= 8 Lx=Ly=12 pg= 0.770 ids= 788 TEE=0
rank=10 Lx=Ly=12 pg= 0.815 ids= 250 TEE=-1
rank= 0 Lx=Ly=12 pg= 0.815 ids= 240 TEE=0
rank= 1 Lx=Ly=12 pg= 0.815 ids= 361 TEE=-1
rank= 7 Lx=Ly=12 pg= 0.770 ids= 707 TEE=-1
rank=14 Lx=Ly=12 pg= 0.770 ids= 534 TEE=-1
rank=11 Lx=Ly=12 pg= 0.770 ids= 791 TEE=-1
rank=16 Lx=Ly=12 pg= 0.770 ids= 796 TEE=-1
rank=15 Lx=Ly=12 pg= 0.680 ids= 375 TEE=0
rank= 9 Lx=Ly=12 pg= 0.770 ids= 749 TEE=-1
rank=17 Lx=Ly=12 pg= 0.815 ids= 417 TEE=-1
rank= 4 Lx=Ly=12 pg= 0.635 ids= 624 TEE=0
rank=13 Lx=Ly=12 pg= 0.770 ids= 673 TEE=0
rank= 5 Lx=Ly=12 pg= 0.815 ids= 365 TEE=-1
rank= 8 Lx=Ly=12 pg= 0.815 ids=   8 TEE=-1
rank= 0 Lx=Ly=12 pg= 0.815 ids= 260 TEE=0
rank=10 Lx=Ly=12 pg= 0.815 ids= 270 TEE=-1
rank= 1 Lx=Ly=12 pg= 0.815 ids= 381 TEE=-1
rank= 2 Lx=Ly=12 pg= 0.635 ids= 542 TEE=0
rank=11 Lx=Ly=12 pg= 0.815 ids=  11 TEE=-1
rank= 7 Lx=Ly=12 pg= 0.770 ids= 727 TEE=-1
rank=12 Lx=Ly=12 pg= 0.635 ids= 532 TEE=0
rank=16 Lx=Ly=12 pg= 0.815 ids=  16 TEE=-1
rank=15 Lx=Ly=12 pg= 0.680 ids= 395 TEE=-1
rank= 9 Lx=Ly=12 pg= 0.770 ids= 769 TEE=-1
rank= 6 Lx=Ly=12 pg= 0.635 ids= 466 TEE=0
rank=17 Lx=Ly=12 pg= 0.815 ids= 437 TEE=-1
rank=18 Lx=Ly=12 pg= 0.635 ids= 558 TEE=-1
rank=13 Lx=Ly=12 pg= 0.770 ids= 693 TEE=-1
rank=19 Lx=Ly=12 pg= 0.635 ids= 559 TEE=0
rank= 3 Lx=Ly=12 pg= 0.635 ids= 583 TEE=0
rank= 5 Lx=Ly=12 pg= 0.815 ids= 385 TEE=-1
rank=10 Lx=Ly=12 pg= 0.815 ids= 290 TEE=-1
rank= 0 Lx=Ly=12 pg= 0.815 ids= 280 TEE=-1
rank= 8 Lx=Ly=12 pg= 0.815 ids=  28 TEE=-1
rank= 1 Lx=Ly=12 pg= 0.815 ids= 401 TEE=-1
rank=14 Lx=Ly=12 pg= 0.770 ids= 554 TEE=-1
rank= 7 Lx=Ly=12 pg= 0.770 ids= 747 TEE=-1
rank=16 Lx=Ly=12 pg= 0.815 ids=  36 TEE=-1
rank=15 Lx=Ly=12 pg= 0.680 ids= 415 TEE=-1
rank= 9 Lx=Ly=12 pg= 0.770 ids= 789 TEE=-1
rank=17 Lx=Ly=12 pg= 0.815 ids= 457 TEE=-1
rank=13 Lx=Ly=12 pg= 0.770 ids= 713 TEE=-1
rank=11 Lx=Ly=12 pg= 0.815 ids=  31 TEE=-1
rank= 5 Lx=Ly=12 pg= 0.815 ids= 405 TEE=-1
rank= 4 Lx=Ly=12 pg= 0.635 ids= 644 TEE=0
rank= 0 Lx=Ly=12 pg= 0.815 ids= 300 TEE=-1
rank=10 Lx=Ly=12 pg= 0.815 ids= 310 TEE=0
rank= 8 Lx=Ly=12 pg= 0.815 ids=  48 TEE=-1
rank= 1 Lx=Ly=12 pg= 0.815 ids= 421 TEE=-1
rank= 2 Lx=Ly=12 pg= 0.635 ids= 562 TEE=0
rank=12 Lx=Ly=12 pg= 0.635 ids= 552 TEE=0
rank= 7 Lx=Ly=12 pg= 0.770 ids= 767 TEE=-1
rank=16 Lx=Ly=12 pg= 0.815 ids=  56 TEE=-1
rank=15 Lx=Ly=12 pg= 0.680 ids= 435 TEE=0
rank= 9 Lx=Ly=12 pg= 0.815 ids=   9 TEE=0
rank=17 Lx=Ly=12 pg= 0.815 ids= 477 TEE=-1
rank=13 Lx=Ly=12 pg= 0.770 ids= 733 TEE=-1
rank= 5 Lx=Ly=12 pg= 0.815 ids= 425 TEE=-1
rank=18 Lx=Ly=12 pg= 0.635 ids= 578 TEE=-1
rank= 6 Lx=Ly=12 pg= 0.635 ids= 486 TEE=-1
rank=11 Lx=Ly=12 pg= 0.815 ids=  51 TEE=-1
rank= 0 Lx=Ly=12 pg= 0.815 ids= 320 TEE=-1
rank=10 Lx=Ly=12 pg= 0.815 ids= 330 TEE=-1
rank= 1 Lx=Ly=12 pg= 0.815 ids= 441 TEE=-1
rank= 3 Lx=Ly=12 pg= 0.635 ids= 603 TEE=-1
rank=19 Lx=Ly=12 pg= 0.635 ids= 579 TEE=0
rank= 8 Lx=Ly=12 pg= 0.815 ids=  68 TEE=-1
rank= 7 Lx=Ly=12 pg= 0.770 ids= 787 TEE=-1
rank=14 Lx=Ly=12 pg= 0.770 ids= 574 TEE=-1
rank=15 Lx=Ly=12 pg= 0.680 ids= 455 TEE=0
rank=16 Lx=Ly=12 pg= 0.815 ids=  76 TEE=-1
rank= 9 Lx=Ly=12 pg= 0.815 ids=  29 TEE=0
rank=17 Lx=Ly=12 pg= 0.815 ids= 497 TEE=-1
rank=12 Lx=Ly=12 pg= 0.635 ids= 572 TEE=0
rank=13 Lx=Ly=12 pg= 0.770 ids= 753 TEE=-1
rank= 5 Lx=Ly=12 pg= 0.815 ids= 445 TEE=-1
rank= 0 Lx=Ly=12 pg= 0.815 ids= 340 TEE=-1
rank=10 Lx=Ly=12 pg= 0.815 ids= 350 TEE=-1
rank= 1 Lx=Ly=12 pg= 0.815 ids= 461 TEE=-1
rank=11 Lx=Ly=12 pg= 0.815 ids=  71 TEE=-1
rank= 4 Lx=Ly=12 pg= 0.635 ids= 664 TEE=0
rank= 8 Lx=Ly=12 pg= 0.815 ids=  88 TEE=-1
rank= 2 Lx=Ly=12 pg= 0.635 ids= 582 TEE=0
rank=15 Lx=Ly=12 pg= 0.680 ids= 475 TEE=0
rank=19 Lx=Ly=12 pg= 0.635 ids= 599 TEE=0
rank=17 Lx=Ly=12 pg= 0.815 ids= 517 TEE=-1
rank= 9 Lx=Ly=12 pg= 0.815 ids=  49 TEE=0
rank= 3 Lx=Ly=12 pg= 0.635 ids= 623 TEE=0
rank= 7 Lx=Ly=12 pg= 0.815 ids=   7 TEE=-1
rank=16 Lx=Ly=12 pg= 0.815 ids=  96 TEE=0
rank= 6 Lx=Ly=12 pg= 0.635 ids= 506 TEE=0
rank= 5 Lx=Ly=12 pg= 0.815 ids= 465 TEE=-1
rank=13 Lx=Ly=12 pg= 0.770 ids= 773 TEE=-1
rank= 0 Lx=Ly=12 pg= 0.815 ids= 360 TEE=-1
rank= 1 Lx=Ly=12 pg= 0.815 ids= 481 TEE=-1
rank=10 Lx=Ly=12 pg= 0.815 ids= 370 TEE=-1
rank=14 Lx=Ly=12 pg= 0.770 ids= 594 TEE=-1
rank=11 Lx=Ly=12 pg= 0.815 ids=  91 TEE=-1
rank=18 Lx=Ly=12 pg= 0.635 ids= 598 TEE=0
rank= 8 Lx=Ly=12 pg= 0.815 ids= 108 TEE=-1
rank=15 Lx=Ly=12 pg= 0.680 ids= 495 TEE=0
rank=17 Lx=Ly=12 pg= 0.815 ids= 537 TEE=-1
rank= 9 Lx=Ly=12 pg= 0.815 ids=  69 TEE=-1
rank=16 Lx=Ly=12 pg= 0.815 ids= 116 TEE=0
rank=12 Lx=Ly=12 pg= 0.635 ids= 592 TEE=0
rank= 7 Lx=Ly=12 pg= 0.815 ids=  27 TEE=-1
rank= 5 Lx=Ly=12 pg= 0.815 ids= 485 TEE=-1
rank=13 Lx=Ly=12 pg= 0.770 ids= 793 TEE=-1
rank= 1 Lx=Ly=12 pg= 0.815 ids= 501 TEE=-1
rank=10 Lx=Ly=12 pg= 0.815 ids= 390 TEE=0
rank= 0 Lx=Ly=12 pg= 0.815 ids= 380 TEE=-1
rank= 2 Lx=Ly=12 pg= 0.635 ids= 602 TEE=-1
rank=11 Lx=Ly=12 pg= 0.815 ids= 111 TEE=-1
rank= 8 Lx=Ly=12 pg= 0.815 ids= 128 TEE=-1
rank= 4 Lx=Ly=12 pg= 0.635 ids= 684 TEE=-1
rank=19 Lx=Ly=12 pg= 0.635 ids= 619 TEE=0
rank=15 Lx=Ly=12 pg= 0.680 ids= 515 TEE=-1
rank=17 Lx=Ly=12 pg= 0.815 ids= 557 TEE=0
rank= 9 Lx=Ly=12 pg= 0.815 ids=  89 TEE=-1
rank=16 Lx=Ly=12 pg= 0.815 ids= 136 TEE=-1
rank= 3 Lx=Ly=12 pg= 0.635 ids= 643 TEE=0
rank= 5 Lx=Ly=12 pg= 0.815 ids= 505 TEE=-1
rank= 1 Lx=Ly=12 pg= 0.815 ids= 521 TEE=-1
rank=13 Lx=Ly=12 pg= 0.815 ids=  13 TEE=-1
rank= 7 Lx=Ly=12 pg= 0.815 ids=  47 TEE=-1
rank=10 Lx=Ly=12 pg= 0.815 ids= 410 TEE=-1
rank= 0 Lx=Ly=12 pg= 0.815 ids= 400 TEE=-1
rank= 6 Lx=Ly=12 pg= 0.635 ids= 526 TEE=-1
rank=14 Lx=Ly=12 pg= 0.770 ids= 614 TEE=-1
rank=11 Lx=Ly=12 pg= 0.815 ids= 131 TEE=-1
rank= 8 Lx=Ly=12 pg= 0.815 ids= 148 TEE=-1
rank=18 Lx=Ly=12 pg= 0.635 ids= 618 TEE=0
rank=15 Lx=Ly=12 pg= 0.680 ids= 535 TEE=-1
rank=17 Lx=Ly=12 pg= 0.815 ids= 577 TEE=0
rank=16 Lx=Ly=12 pg= 0.815 ids= 156 TEE=-1
rank= 9 Lx=Ly=12 pg= 0.815 ids= 109 TEE=-1
rank= 5 Lx=Ly=12 pg= 0.815 ids= 525 TEE=-1
rank=12 Lx=Ly=12 pg= 0.635 ids= 612 TEE=0
rank= 1 Lx=Ly=12 pg= 0.815 ids= 541 TEE=-1
rank=13 Lx=Ly=12 pg= 0.815 ids=  33 TEE=-1
rank=10 Lx=Ly=12 pg= 0.815 ids= 430 TEE=-1
rank= 0 Lx=Ly=12 pg= 0.815 ids= 420 TEE=-1
rank= 7 Lx=Ly=12 pg= 0.815 ids=  67 TEE=-1
rank= 8 Lx=Ly=12 pg= 0.815 ids= 168 TEE=-1
rank= 2 Lx=Ly=12 pg= 0.635 ids= 622 TEE=0
rank= 4 Lx=Ly=12 pg= 0.635 ids= 704 TEE=0
rank=17 Lx=Ly=12 pg= 0.815 ids= 597 TEE=-1
rank=15 Lx=Ly=12 pg= 0.680 ids= 555 TEE=-1
rank=11 Lx=Ly=12 pg= 0.815 ids= 151 TEE=-1
rank=16 Lx=Ly=12 pg= 0.815 ids= 176 TEE=-1
rank=18 Lx=Ly=12 pg= 0.635 ids= 638 TEE=1
rank= 3 Lx=Ly=12 pg= 0.635 ids= 663 TEE=0
rank= 5 Lx=Ly=12 pg= 0.815 ids= 545 TEE=-1
rank=19 Lx=Ly=12 pg= 0.635 ids= 639 TEE=0
rank= 9 Lx=Ly=12 pg= 0.815 ids= 129 TEE=0
rank=10 Lx=Ly=12 pg= 0.815 ids= 450 TEE=-1
rank= 6 Lx=Ly=12 pg= 0.635 ids= 546 TEE=-1
rank= 0 Lx=Ly=12 pg= 0.815 ids= 440 TEE=-1
rank=14 Lx=Ly=12 pg= 0.770 ids= 634 TEE=0
rank= 1 Lx=Ly=12 pg= 0.815 ids= 561 TEE=-1
rank= 7 Lx=Ly=12 pg= 0.815 ids=  87 TEE=-1
rank=13 Lx=Ly=12 pg= 0.815 ids=  53 TEE=-1
rank= 8 Lx=Ly=12 pg= 0.815 ids= 188 TEE=-1
rank=17 Lx=Ly=12 pg= 0.815 ids= 617 TEE=-1
rank=15 Lx=Ly=12 pg= 0.680 ids= 575 TEE=0
rank=12 Lx=Ly=12 pg= 0.635 ids= 632 TEE=1
rank=16 Lx=Ly=12 pg= 0.815 ids= 196 TEE=-1
rank=11 Lx=Ly=12 pg= 0.815 ids= 171 TEE=0
rank= 5 Lx=Ly=12 pg= 0.815 ids= 565 TEE=-1
rank= 9 Lx=Ly=12 pg= 0.815 ids= 149 TEE=-1
rank=10 Lx=Ly=12 pg= 0.815 ids= 470 TEE=-1
rank= 0 Lx=Ly=12 pg= 0.815 ids= 460 TEE=-1
rank= 1 Lx=Ly=12 pg= 0.815 ids= 581 TEE=-1
rank= 7 Lx=Ly=12 pg= 0.815 ids= 107 TEE=-1
rank= 8 Lx=Ly=12 pg= 0.815 ids= 208 TEE=-1
rank=13 Lx=Ly=12 pg= 0.815 ids=  73 TEE=-1
rank=17 Lx=Ly=12 pg= 0.815 ids= 637 TEE=0
rank= 4 Lx=Ly=12 pg= 0.635 ids= 724 TEE=0
rank= 2 Lx=Ly=12 pg= 0.635 ids= 642 TEE=0
rank=18 Lx=Ly=12 pg= 0.635 ids= 658 TEE=0
rank=15 Lx=Ly=12 pg= 0.680 ids= 595 TEE=0
rank= 3 Lx=Ly=12 pg= 0.635 ids= 683 TEE=1
rank=16 Lx=Ly=12 pg= 0.815 ids= 216 TEE=-1
rank= 5 Lx=Ly=12 pg= 0.815 ids= 585 TEE=-1
rank= 6 Lx=Ly=12 pg= 0.635 ids= 566 TEE=0
rank=11 Lx=Ly=12 pg= 0.815 ids= 191 TEE=0
rank= 9 Lx=Ly=12 pg= 0.815 ids= 169 TEE=-1
rank= 0 Lx=Ly=12 pg= 0.815 ids= 480 TEE=-1
rank=10 Lx=Ly=12 pg= 0.815 ids= 490 TEE=-1
rank= 1 Lx=Ly=12 pg= 0.815 ids= 601 TEE=-1
rank=14 Lx=Ly=12 pg= 0.770 ids= 654 TEE=-1
rank= 7 Lx=Ly=12 pg= 0.815 ids= 127 TEE=-1
rank=19 Lx=Ly=12 pg= 0.635 ids= 659 TEE=-1
rank= 8 Lx=Ly=12 pg= 0.815 ids= 228 TEE=-1
rank=15 Lx=Ly=12 pg= 0.680 ids= 615 TEE=0
rank=17 Lx=Ly=12 pg= 0.815 ids= 657 TEE=0
rank=13 Lx=Ly=12 pg= 0.815 ids=  93 TEE=0
rank=16 Lx=Ly=12 pg= 0.815 ids= 236 TEE=0
rank=12 Lx=Ly=12 pg= 0.635 ids= 652 TEE=0
rank= 5 Lx=Ly=12 pg= 0.815 ids= 605 TEE=-1
rank=11 Lx=Ly=12 pg= 0.815 ids= 211 TEE=-1
rank= 0 Lx=Ly=12 pg= 0.815 ids= 500 TEE=-1
rank= 9 Lx=Ly=12 pg= 0.815 ids= 189 TEE=-1
rank=10 Lx=Ly=12 pg= 0.815 ids= 510 TEE=-1
rank= 1 Lx=Ly=12 pg= 0.815 ids= 621 TEE=-1
rank= 3 Lx=Ly=12 pg= 0.635 ids= 703 TEE=0
rank= 7 Lx=Ly=12 pg= 0.815 ids= 147 TEE=0
rank= 8 Lx=Ly=12 pg= 0.815 ids= 248 TEE=-1
rank= 4 Lx=Ly=12 pg= 0.635 ids= 744 TEE=0
rank=17 Lx=Ly=12 pg= 0.815 ids= 677 TEE=-1
rank=15 Lx=Ly=12 pg= 0.680 ids= 635 TEE=0
rank=18 Lx=Ly=12 pg= 0.635 ids= 678 TEE=0
rank=16 Lx=Ly=12 pg= 0.815 ids= 256 TEE=-1
rank=13 Lx=Ly=12 pg= 0.815 ids= 113 TEE=0
rank= 5 Lx=Ly=12 pg= 0.815 ids= 625 TEE=-1
rank= 2 Lx=Ly=12 pg= 0.635 ids= 662 TEE=0
rank=11 Lx=Ly=12 pg= 0.815 ids= 231 TEE=-1
rank= 0 Lx=Ly=12 pg= 0.815 ids= 520 TEE=-1
rank=10 Lx=Ly=12 pg= 0.815 ids= 530 TEE=-1
rank= 1 Lx=Ly=12 pg= 0.815 ids= 641 TEE=-1
rank= 9 Lx=Ly=12 pg= 0.815 ids= 209 TEE=0
rank= 6 Lx=Ly=12 pg= 0.635 ids= 586 TEE=-1
rank=14 Lx=Ly=12 pg= 0.770 ids= 674 TEE=-1
rank= 8 Lx=Ly=12 pg= 0.815 ids= 268 TEE=-1
rank= 7 Lx=Ly=12 pg= 0.815 ids= 167 TEE=-1
rank=19 Lx=Ly=12 pg= 0.635 ids= 679 TEE=0
rank=17 Lx=Ly=12 pg= 0.815 ids= 697 TEE=-1
rank=15 Lx=Ly=12 pg= 0.680 ids= 655 TEE=0
rank=13 Lx=Ly=12 pg= 0.815 ids= 133 TEE=-1
rank= 5 Lx=Ly=12 pg= 0.815 ids= 645 TEE=-1
rank=16 Lx=Ly=12 pg= 0.815 ids= 276 TEE=-1
rank=11 Lx=Ly=12 pg= 0.815 ids= 251 TEE=-1
rank= 0 Lx=Ly=12 pg= 0.815 ids= 540 TEE=-1
rank= 1 Lx=Ly=12 pg= 0.815 ids= 661 TEE=-1
rank=10 Lx=Ly=12 pg= 0.815 ids= 550 TEE=-1
rank= 9 Lx=Ly=12 pg= 0.815 ids= 229 TEE=-1
rank=12 Lx=Ly=12 pg= 0.635 ids= 672 TEE=-1
rank= 3 Lx=Ly=12 pg= 0.635 ids= 723 TEE=-1
rank= 8 Lx=Ly=12 pg= 0.815 ids= 288 TEE=-1
rank=17 Lx=Ly=12 pg= 0.815 ids= 717 TEE=0
rank=15 Lx=Ly=12 pg= 0.680 ids= 675 TEE=-1
rank= 7 Lx=Ly=12 pg= 0.815 ids= 187 TEE=-1
rank= 4 Lx=Ly=12 pg= 0.635 ids= 764 TEE=-1
rank= 6 Lx=Ly=12 pg= 0.635 ids= 606 TEE=0
rank=18 Lx=Ly=12 pg= 0.635 ids= 698 TEE=0
rank=16 Lx=Ly=12 pg= 0.815 ids= 296 TEE=-1
rank= 5 Lx=Ly=12 pg= 0.815 ids= 665 TEE=-1
rank=11 Lx=Ly=12 pg= 0.815 ids= 271 TEE=-1
rank= 2 Lx=Ly=12 pg= 0.635 ids= 682 TEE=0
rank= 1 Lx=Ly=12 pg= 0.815 ids= 681 TEE=-1
rank=10 Lx=Ly=12 pg= 0.815 ids= 570 TEE=-1
rank= 0 Lx=Ly=12 pg= 0.815 ids= 560 TEE=-1
rank=13 Lx=Ly=12 pg= 0.815 ids= 153 TEE=-1
rank= 9 Lx=Ly=12 pg= 0.815 ids= 249 TEE=-1
rank= 8 Lx=Ly=12 pg= 0.815 ids= 308 TEE=-1
rank=17 Lx=Ly=12 pg= 0.815 ids= 737 TEE=-1
rank=14 Lx=Ly=12 pg= 0.770 ids= 694 TEE=-1
rank=15 Lx=Ly=12 pg= 0.680 ids= 695 TEE=-1
rank= 7 Lx=Ly=12 pg= 0.815 ids= 207 TEE=-1
rank=19 Lx=Ly=12 pg= 0.635 ids= 699 TEE=-1
rank= 5 Lx=Ly=12 pg= 0.815 ids= 685 TEE=-1
rank=11 Lx=Ly=12 pg= 0.815 ids= 291 TEE=-1
rank= 1 Lx=Ly=12 pg= 0.815 ids= 701 TEE=-1
rank=16 Lx=Ly=12 pg= 0.815 ids= 316 TEE=-1
rank= 0 Lx=Ly=12 pg= 0.815 ids= 580 TEE=-1
rank=10 Lx=Ly=12 pg= 0.815 ids= 590 TEE=-1
rank=13 Lx=Ly=12 pg= 0.815 ids= 173 TEE=-1
rank= 9 Lx=Ly=12 pg= 0.815 ids= 269 TEE=-1
rank= 6 Lx=Ly=12 pg= 0.635 ids= 626 TEE=0
rank=12 Lx=Ly=12 pg= 0.635 ids= 692 TEE=0
rank= 8 Lx=Ly=12 pg= 0.815 ids= 328 TEE=-1
rank= 3 Lx=Ly=12 pg= 0.635 ids= 743 TEE=0
rank=17 Lx=Ly=12 pg= 0.815 ids= 757 TEE=-1
rank= 4 Lx=Ly=12 pg= 0.635 ids= 784 TEE=0
rank=15 Lx=Ly=12 pg= 0.680 ids= 715 TEE=-1
rank=18 Lx=Ly=12 pg= 0.635 ids= 718 TEE=1
rank= 2 Lx=Ly=12 pg= 0.635 ids= 702 TEE=0
rank= 5 Lx=Ly=12 pg= 0.815 ids= 705 TEE=-1
rank=11 Lx=Ly=12 pg= 0.815 ids= 311 TEE=-1
rank= 7 Lx=Ly=12 pg= 0.815 ids= 227 TEE=-1
rank= 1 Lx=Ly=12 pg= 0.815 ids= 721 TEE=0
rank= 0 Lx=Ly=12 pg= 0.815 ids= 600 TEE=-1
rank=10 Lx=Ly=12 pg= 0.815 ids= 610 TEE=-1
rank=13 Lx=Ly=12 pg= 0.815 ids= 193 TEE=-1
rank=16 Lx=Ly=12 pg= 0.815 ids= 336 TEE=-1
rank= 8 Lx=Ly=12 pg= 0.815 ids= 348 TEE=-1
rank=17 Lx=Ly=12 pg= 0.815 ids= 777 TEE=-1
rank=19 Lx=Ly=12 pg= 0.635 ids= 719 TEE=-1
rank=14 Lx=Ly=12 pg= 0.770 ids= 714 TEE=-1
rank= 9 Lx=Ly=12 pg= 0.815 ids= 289 TEE=-1
rank=15 Lx=Ly=12 pg= 0.680 ids= 735 TEE=0
rank= 5 Lx=Ly=12 pg= 0.815 ids= 725 TEE=-1
rank=11 Lx=Ly=12 pg= 0.815 ids= 331 TEE=-1
rank= 6 Lx=Ly=12 pg= 0.635 ids= 646 TEE=1
rank= 0 Lx=Ly=12 pg= 0.815 ids= 620 TEE=-1
rank= 7 Lx=Ly=12 pg= 0.815 ids= 247 TEE=-1
rank= 3 Lx=Ly=12 pg= 0.635 ids= 763 TEE=0
rank=10 Lx=Ly=12 pg= 0.815 ids= 630 TEE=-1
rank=13 Lx=Ly=12 pg= 0.815 ids= 213 TEE=-1
rank=16 Lx=Ly=12 pg= 0.815 ids= 356 TEE=-1
rank= 4 Lx=Ly=12 pg= 0.680 ids=   4 TEE=-1
rank=12 Lx=Ly=12 pg= 0.635 ids= 712 TEE=0
rank= 1 Lx=Ly=12 pg= 0.815 ids= 741 TEE=-1
rank=18 Lx=Ly=12 pg= 0.635 ids= 738 TEE=0
rank=17 Lx=Ly=12 pg= 0.815 ids= 797 TEE=-1
rank= 2 Lx=Ly=12 pg= 0.635 ids= 722 TEE=-1
rank= 8 Lx=Ly=12 pg= 0.815 ids= 368 TEE=-1
rank= 9 Lx=Ly=12 pg= 0.815 ids= 309 TEE=-1
rank=15 Lx=Ly=12 pg= 0.680 ids= 755 TEE=-1
rank= 5 Lx=Ly=12 pg= 0.815 ids= 745 TEE=-1
rank=14 Lx=Ly=12 pg= 0.770 ids= 734 TEE=-1
rank= 0 Lx=Ly=12 pg= 0.815 ids= 640 TEE=-1
rank=11 Lx=Ly=12 pg= 0.815 ids= 351 TEE=-1
rank=10 Lx=Ly=12 pg= 0.815 ids= 650 TEE=-1
rank=19 Lx=Ly=12 pg= 0.635 ids= 739 TEE=0
rank=16 Lx=Ly=12 pg= 0.815 ids= 376 TEE=-1
rank=13 Lx=Ly=12 pg= 0.815 ids= 233 TEE=-1
rank= 7 Lx=Ly=12 pg= 0.815 ids= 267 TEE=-1
rank= 1 Lx=Ly=12 pg= 0.815 ids= 761 TEE=-1
rank=17 Lx=Ly=12 pg= 0.860 ids=  17 TEE=-1
rank= 4 Lx=Ly=12 pg= 0.680 ids=  24 TEE=0
rank= 9 Lx=Ly=12 pg= 0.815 ids= 329 TEE=-1
rank=15 Lx=Ly=12 pg= 0.680 ids= 775 TEE=0
rank= 5 Lx=Ly=12 pg= 0.815 ids= 765 TEE=0
rank= 8 Lx=Ly=12 pg= 0.815 ids= 388 TEE=-1
rank= 6 Lx=Ly=12 pg= 0.635 ids= 666 TEE=0
rank=18 Lx=Ly=12 pg= 0.635 ids= 758 TEE=-1
rank= 0 Lx=Ly=12 pg= 0.815 ids= 660 TEE=-1
rank=11 Lx=Ly=12 pg= 0.815 ids= 371 TEE=-1
rank= 3 Lx=Ly=12 pg= 0.635 ids= 783 TEE=0
rank=10 Lx=Ly=12 pg= 0.815 ids= 670 TEE=-1
rank= 1 Lx=Ly=12 pg= 0.815 ids= 781 TEE=-1
rank=16 Lx=Ly=12 pg= 0.815 ids= 396 TEE=-1
rank= 7 Lx=Ly=12 pg= 0.815 ids= 287 TEE=-1
rank=17 Lx=Ly=12 pg= 0.860 ids=  37 TEE=-1
rank=13 Lx=Ly=12 pg= 0.815 ids= 253 TEE=-1
rank=12 Lx=Ly=12 pg= 0.635 ids= 732 TEE=0
rank= 2 Lx=Ly=12 pg= 0.635 ids= 742 TEE=0
rank=14 Lx=Ly=12 pg= 0.770 ids= 754 TEE=-1
rank=15 Lx=Ly=12 pg= 0.680 ids= 795 TEE=0
rank= 9 Lx=Ly=12 pg= 0.815 ids= 349 TEE=-1
rank= 8 Lx=Ly=12 pg= 0.815 ids= 408 TEE=-1
rank= 5 Lx=Ly=12 pg= 0.815 ids= 785 TEE=-1
rank= 0 Lx=Ly=12 pg= 0.815 ids= 680 TEE=-1
rank=11 Lx=Ly=12 pg= 0.815 ids= 391 TEE=-1
rank=10 Lx=Ly=12 pg= 0.815 ids= 690 TEE=-1
rank= 1 Lx=Ly=12 pg= 0.860 ids=   1 TEE=-1
rank=19 Lx=Ly=12 pg= 0.635 ids= 759 TEE=0
rank=16 Lx=Ly=12 pg= 0.815 ids= 416 TEE=-1
rank=13 Lx=Ly=12 pg= 0.815 ids= 273 TEE=-1
rank= 7 Lx=Ly=12 pg= 0.815 ids= 307 TEE=0
rank=17 Lx=Ly=12 pg= 0.860 ids=  57 TEE=-1
rank=15 Lx=Ly=12 pg= 0.725 ids=  15 TEE=0
rank= 4 Lx=Ly=12 pg= 0.680 ids=  44 TEE=-1
rank= 9 Lx=Ly=12 pg= 0.815 ids= 369 TEE=-1
rank= 8 Lx=Ly=12 pg= 0.815 ids= 428 TEE=-1
rank=18 Lx=Ly=12 pg= 0.635 ids= 778 TEE=-1
rank= 5 Lx=Ly=12 pg= 0.860 ids=   5 TEE=-1
rank= 6 Lx=Ly=12 pg= 0.635 ids= 686 TEE=-1
rank= 0 Lx=Ly=12 pg= 0.815 ids= 700 TEE=-1
rank=11 Lx=Ly=12 pg= 0.815 ids= 411 TEE=-1
rank=10 Lx=Ly=12 pg= 0.815 ids= 710 TEE=-1
rank=12 Lx=Ly=12 pg= 0.635 ids= 752 TEE=0
rank= 1 Lx=Ly=12 pg= 0.860 ids=  21 TEE=-1
rank=16 Lx=Ly=12 pg= 0.815 ids= 436 TEE=-1
rank= 7 Lx=Ly=12 pg= 0.815 ids= 327 TEE=-1
rank=13 Lx=Ly=12 pg= 0.815 ids= 293 TEE=-1
rank=17 Lx=Ly=12 pg= 0.860 ids=  77 TEE=-1
rank= 3 Lx=Ly=12 pg= 0.680 ids=   3 TEE=0
rank=15 Lx=Ly=12 pg= 0.725 ids=  35 TEE=-1
rank= 9 Lx=Ly=12 pg= 0.815 ids= 389 TEE=-1
rank=14 Lx=Ly=12 pg= 0.770 ids= 774 TEE=-1
rank= 2 Lx=Ly=12 pg= 0.635 ids= 762 TEE=0
rank= 8 Lx=Ly=12 pg= 0.815 ids= 448 TEE=-1
rank= 5 Lx=Ly=12 pg= 0.860 ids=  25 TEE=-1
rank= 0 Lx=Ly=12 pg= 0.815 ids= 720 TEE=-1
rank=11 Lx=Ly=12 pg= 0.815 ids= 431 TEE=-1
rank=19 Lx=Ly=12 pg= 0.635 ids= 779 TEE=0
rank=10 Lx=Ly=12 pg= 0.815 ids= 730 TEE=-1
rank= 1 Lx=Ly=12 pg= 0.860 ids=  41 TEE=-1
rank=16 Lx=Ly=12 pg= 0.815 ids= 456 TEE=-1
rank=17 Lx=Ly=12 pg= 0.860 ids=  97 TEE=-1
rank=13 Lx=Ly=12 pg= 0.815 ids= 313 TEE=-1
rank= 7 Lx=Ly=12 pg= 0.815 ids= 347 TEE=-1
rank=15 Lx=Ly=12 pg= 0.725 ids=  55 TEE=0
rank= 9 Lx=Ly=12 pg= 0.815 ids= 409 TEE=-1
rank=18 Lx=Ly=12 pg= 0.635 ids= 798 TEE=0
rank= 5 Lx=Ly=12 pg= 0.860 ids=  45 TEE=-1
rank= 0 Lx=Ly=12 pg= 0.815 ids= 740 TEE=-1
rank= 8 Lx=Ly=12 pg= 0.815 ids= 468 TEE=-1
rank= 4 Lx=Ly=12 pg= 0.680 ids=  64 TEE=0
rank=11 Lx=Ly=12 pg= 0.815 ids= 451 TEE=-1
rank=10 Lx=Ly=12 pg= 0.815 ids= 750 TEE=-1
rank= 1 Lx=Ly=12 pg= 0.860 ids=  61 TEE=-1
rank= 3 Lx=Ly=12 pg= 0.680 ids=  23 TEE=0
rank=16 Lx=Ly=12 pg= 0.815 ids= 476 TEE=-1
rank= 6 Lx=Ly=12 pg= 0.635 ids= 706 TEE=0
rank=17 Lx=Ly=12 pg= 0.860 ids= 117 TEE=-1
rank=13 Lx=Ly=12 pg= 0.815 ids= 333 TEE=-1
rank=12 Lx=Ly=12 pg= 0.635 ids= 772 TEE=-1
rank= 7 Lx=Ly=12 pg= 0.815 ids= 367 TEE=-1
rank=15 Lx=Ly=12 pg= 0.725 ids=  75 TEE=0
rank= 2 Lx=Ly=12 pg= 0.635 ids= 782 TEE=0
rank= 9 Lx=Ly=12 pg= 0.815 ids= 429 TEE=-1
rank= 8 Lx=Ly=12 pg= 0.815 ids= 488 TEE=-1
rank=14 Lx=Ly=12 pg= 0.770 ids= 794 TEE=-1
rank= 0 Lx=Ly=12 pg= 0.815 ids= 760 TEE=-1
rank= 5 Lx=Ly=12 pg= 0.860 ids=  65 TEE=-1
rank=10 Lx=Ly=12 pg= 0.815 ids= 770 TEE=-1
rank= 1 Lx=Ly=12 pg= 0.860 ids=  81 TEE=0
rank=11 Lx=Ly=12 pg= 0.815 ids= 471 TEE=-1
rank=16 Lx=Ly=12 pg= 0.815 ids= 496 TEE=-1
rank=17 Lx=Ly=12 pg= 0.860 ids= 137 TEE=0
rank=19 Lx=Ly=12 pg= 0.635 ids= 799 TEE=0
rank=13 Lx=Ly=12 pg= 0.815 ids= 353 TEE=-1
rank=15 Lx=Ly=12 pg= 0.725 ids=  95 TEE=-1
rank= 7 Lx=Ly=12 pg= 0.815 ids= 387 TEE=-1
rank= 3 Lx=Ly=12 pg= 0.680 ids=  43 TEE=0
rank=18 Lx=Ly=12 pg= 0.680 ids=  18 TEE=-1
rank= 0 Lx=Ly=12 pg= 0.815 ids= 780 TEE=-1
rank= 9 Lx=Ly=12 pg= 0.815 ids= 449 TEE=0
rank= 6 Lx=Ly=12 pg= 0.635 ids= 726 TEE=-1
rank= 5 Lx=Ly=12 pg= 0.860 ids=  85 TEE=0
rank= 8 Lx=Ly=12 pg= 0.815 ids= 508 TEE=-1
rank= 1 Lx=Ly=12 pg= 0.860 ids= 101 TEE=-1
rank=10 Lx=Ly=12 pg= 0.815 ids= 790 TEE=-1
rank=11 Lx=Ly=12 pg= 0.815 ids= 491 TEE=-1
rank=17 Lx=Ly=12 pg= 0.860 ids= 157 TEE=-1
rank= 4 Lx=Ly=12 pg= 0.680 ids=  84 TEE=0
rank=16 Lx=Ly=12 pg= 0.815 ids= 516 TEE=0
rank= 2 Lx=Ly=12 pg= 0.680 ids=   2 TEE=0
rank=13 Lx=Ly=12 pg= 0.815 ids= 373 TEE=0
rank=15 Lx=Ly=12 pg= 0.725 ids= 115 TEE=0
rank= 7 Lx=Ly=12 pg= 0.815 ids= 407 TEE=-1
rank=14 Lx=Ly=12 pg= 0.815 ids=  14 TEE=0
rank=12 Lx=Ly=12 pg= 0.635 ids= 792 TEE=0
rank= 0 Lx=Ly=12 pg= 0.860 ids=   0 TEE=-1
rank= 5 Lx=Ly=12 pg= 0.860 ids= 105 TEE=-1
rank= 8 Lx=Ly=12 pg= 0.815 ids= 528 TEE=0
rank= 9 Lx=Ly=12 pg= 0.815 ids= 469 TEE=-1
rank= 1 Lx=Ly=12 pg= 0.860 ids= 121 TEE=-1
rank=10 Lx=Ly=12 pg= 0.860 ids=  10 TEE=-1
rank=17 Lx=Ly=12 pg= 0.860 ids= 177 TEE=-1
rank=11 Lx=Ly=12 pg= 0.815 ids= 511 TEE=-1
rank=16 Lx=Ly=12 pg= 0.815 ids= 536 TEE=-1
rank=13 Lx=Ly=12 pg= 0.815 ids= 393 TEE=-1
rank=15 Lx=Ly=12 pg= 0.725 ids= 135 TEE=-1
rank=19 Lx=Ly=12 pg= 0.680 ids=  19 TEE=0
rank= 7 Lx=Ly=12 pg= 0.815 ids= 427 TEE=-1
rank=18 Lx=Ly=12 pg= 0.680 ids=  38 TEE=0
rank= 0 Lx=Ly=12 pg= 0.860 ids=  20 TEE=0
rank= 6 Lx=Ly=12 pg= 0.635 ids= 746 TEE=0
rank= 5 Lx=Ly=12 pg= 0.860 ids= 125 TEE=-1
rank= 3 Lx=Ly=12 pg= 0.680 ids=  63 TEE=0
rank= 1 Lx=Ly=12 pg= 0.860 ids= 141 TEE=-1
rank=10 Lx=Ly=12 pg= 0.860 ids=  30 TEE=-1
rank= 9 Lx=Ly=12 pg= 0.815 ids= 489 TEE=-1
rank=17 Lx=Ly=12 pg= 0.860 ids= 197 TEE=-1
rank= 8 Lx=Ly=12 pg= 0.815 ids= 548 TEE=-1
rank=11 Lx=Ly=12 pg= 0.815 ids= 531 TEE=-1
rank= 4 Lx=Ly=12 pg= 0.680 ids= 104 TEE=0
rank= 2 Lx=Ly=12 pg= 0.680 ids=  22 TEE=-1
rank=12 Lx=Ly=12 pg= 0.680 ids=  12 TEE=-1
rank=16 Lx=Ly=12 pg= 0.815 ids= 556 TEE=-1
rank=15 Lx=Ly=12 pg= 0.725 ids= 155 TEE=-1
rank=13 Lx=Ly=12 pg= 0.815 ids= 413 TEE=-1
rank= 7 Lx=Ly=12 pg= 0.815 ids= 447 TEE=-1
rank= 0 Lx=Ly=12 pg= 0.860 ids=  40 TEE=-1
rank=14 Lx=Ly=12 pg= 0.815 ids=  34 TEE=-1
rank= 5 Lx=Ly=12 pg= 0.860 ids= 145 TEE=-1
rank= 1 Lx=Ly=12 pg= 0.860 ids= 161 TEE=-1
rank=10 Lx=Ly=12 pg= 0.860 ids=  50 TEE=-1
rank= 9 Lx=Ly=12 pg= 0.815 ids= 509 TEE=0
rank=17 Lx=Ly=12 pg= 0.860 ids= 217 TEE=-1
rank= 8 Lx=Ly=12 pg= 0.815 ids= 568 TEE=-1
rank=16 Lx=Ly=12 pg= 0.815 ids= 576 TEE=-1
rank=11 Lx=Ly=12 pg= 0.815 ids= 551 TEE=-1
rank=15 Lx=Ly=12 pg= 0.725 ids= 175 TEE=-1
rank=13 Lx=Ly=12 pg= 0.815 ids= 433 TEE=-1
rank=19 Lx=Ly=12 pg= 0.680 ids=  39 TEE=0
rank= 7 Lx=Ly=12 pg= 0.815 ids= 467 TEE=-1
rank= 6 Lx=Ly=12 pg= 0.635 ids= 766 TEE=0
rank= 5 Lx=Ly=12 pg= 0.860 ids= 165 TEE=-1
rank=18 Lx=Ly=12 pg= 0.680 ids=  58 TEE=-1
rank= 1 Lx=Ly=12 pg= 0.860 ids= 181 TEE=-1
rank= 0 Lx=Ly=12 pg= 0.860 ids=  60 TEE=-1
rank= 2 Lx=Ly=12 pg= 0.680 ids=  42 TEE=-1
rank=10 Lx=Ly=12 pg= 0.860 ids=  70 TEE=-1
rank= 9 Lx=Ly=12 pg= 0.815 ids= 529 TEE=-1
rank=17 Lx=Ly=12 pg= 0.860 ids= 237 TEE=-1
rank= 8 Lx=Ly=12 pg= 0.815 ids= 588 TEE=-1
rank= 3 Lx=Ly=12 pg= 0.680 ids=  83 TEE=-1
rank= 4 Lx=Ly=12 pg= 0.680 ids= 124 TEE=0
rank=15 Lx=Ly=12 pg= 0.725 ids= 195 TEE=0
rank=16 Lx=Ly=12 pg= 0.815 ids= 596 TEE=-1
rank=11 Lx=Ly=12 pg= 0.815 ids= 571 TEE=0
rank=12 Lx=Ly=12 pg= 0.680 ids=  32 TEE=-1
rank=13 Lx=Ly=12 pg= 0.815 ids= 453 TEE=-1
rank=14 Lx=Ly=12 pg= 0.815 ids=  54 TEE=-1
rank= 7 Lx=Ly=12 pg= 0.815 ids= 487 TEE=0
rank= 5 Lx=Ly=12 pg= 0.860 ids= 185 TEE=-1
rank= 1 Lx=Ly=12 pg= 0.860 ids= 201 TEE=-1
rank= 0 Lx=Ly=12 pg= 0.860 ids=  80 TEE=-1
rank=10 Lx=Ly=12 pg= 0.860 ids=  90 TEE=-1
rank=17 Lx=Ly=12 pg= 0.860 ids= 257 TEE=-1
rank= 9 Lx=Ly=12 pg= 0.815 ids= 549 TEE=-1
rank=19 Lx=Ly=12 pg= 0.680 ids=  59 TEE=-1
rank= 8 Lx=Ly=12 pg= 0.815 ids= 608 TEE=-1
rank=16 Lx=Ly=12 pg= 0.815 ids= 616 TEE=-1
rank=15 Lx=Ly=12 pg= 0.725 ids= 215 TEE=-1
rank=11 Lx=Ly=12 pg= 0.815 ids= 591 TEE=-1
rank=13 Lx=Ly=12 pg= 0.815 ids= 473 TEE=-1
rank= 7 Lx=Ly=12 pg= 0.815 ids= 507 TEE=-1
rank= 5 Lx=Ly=12 pg= 0.860 ids= 205 TEE=-1
rank= 1 Lx=Ly=12 pg= 0.860 ids= 221 TEE=-1
rank= 6 Lx=Ly=12 pg= 0.635 ids= 786 TEE=0
rank= 0 Lx=Ly=12 pg= 0.860 ids= 100 TEE=-1
rank=10 Lx=Ly=12 pg= 0.860 ids= 110 TEE=-1
rank=18 Lx=Ly=12 pg= 0.680 ids=  78 TEE=0
rank=17 Lx=Ly=12 pg= 0.860 ids= 277 TEE=-1
rank= 9 Lx=Ly=12 pg= 0.815 ids= 569 TEE=0
rank= 2 Lx=Ly=12 pg= 0.680 ids=  62 TEE=-1
rank= 8 Lx=Ly=12 pg= 0.815 ids= 628 TEE=-1
rank=16 Lx=Ly=12 pg= 0.815 ids= 636 TEE=-1
rank=15 Lx=Ly=12 pg= 0.725 ids= 235 TEE=0
rank=12 Lx=Ly=12 pg= 0.680 ids=  52 TEE=-1
rank=11 Lx=Ly=12 pg= 0.815 ids= 611 TEE=-1
rank= 4 Lx=Ly=12 pg= 0.680 ids= 144 TEE=0
rank=14 Lx=Ly=12 pg= 0.815 ids=  74 TEE=-1
rank= 3 Lx=Ly=12 pg= 0.680 ids= 103 TEE=-1
rank= 5 Lx=Ly=12 pg= 0.860 ids= 225 TEE=-1
rank= 7 Lx=Ly=12 pg= 0.815 ids= 527 TEE=-1
rank=13 Lx=Ly=12 pg= 0.815 ids= 493 TEE=-1
rank= 1 Lx=Ly=12 pg= 0.860 ids= 241 TEE=-1
rank=10 Lx=Ly=12 pg= 0.860 ids= 130 TEE=-1
rank= 0 Lx=Ly=12 pg= 0.860 ids= 120 TEE=-1
rank=17 Lx=Ly=12 pg= 0.860 ids= 297 TEE=-1
rank= 9 Lx=Ly=12 pg= 0.815 ids= 589 TEE=-1
rank= 8 Lx=Ly=12 pg= 0.815 ids= 648 TEE=-1
rank=15 Lx=Ly=12 pg= 0.725 ids= 255 TEE=-1
rank=16 Lx=Ly=12 pg= 0.815 ids= 656 TEE=-1
rank=11 Lx=Ly=12 pg= 0.815 ids= 631 TEE=-1
rank=18 Lx=Ly=12 pg= 0.680 ids=  98 TEE=0
rank=19 Lx=Ly=12 pg= 0.680 ids=  79 TEE=-1
rank= 6 Lx=Ly=12 pg= 0.680 ids=   6 TEE=-1
rank=13 Lx=Ly=12 pg= 0.815 ids= 513 TEE=-1
rank= 5 Lx=Ly=12 pg= 0.860 ids= 245 TEE=-1
rank= 1 Lx=Ly=12 pg= 0.860 ids= 261 TEE=-1
rank=17 Lx=Ly=12 pg= 0.860 ids= 317 TEE=-1
rank= 0 Lx=Ly=12 pg= 0.860 ids= 140 TEE=-1
rank=10 Lx=Ly=12 pg= 0.860 ids= 150 TEE=-1
rank= 7 Lx=Ly=12 pg= 0.815 ids= 547 TEE=-1
rank= 2 Lx=Ly=12 pg= 0.680 ids=  82 TEE=-1
rank= 3 Lx=Ly=12 pg= 0.680 ids= 123 TEE=-1
rank= 9 Lx=Ly=12 pg= 0.815 ids= 609 TEE=-1
rank=12 Lx=Ly=12 pg= 0.680 ids=  72 TEE=-1
rank= 8 Lx=Ly=12 pg= 0.815 ids= 668 TEE=0
rank=15 Lx=Ly=12 pg= 0.725 ids= 275 TEE=-1
rank=16 Lx=Ly=12 pg= 0.815 ids= 676 TEE=-1
rank=11 Lx=Ly=12 pg= 0.815 ids= 651 TEE=-1
rank= 4 Lx=Ly=12 pg= 0.680 ids= 164 TEE=-1
rank=14 Lx=Ly=12 pg= 0.815 ids=  94 TEE=-1
rank= 1 Lx=Ly=12 pg= 0.860 ids= 281 TEE=-1
rank=17 Lx=Ly=12 pg= 0.860 ids= 337 TEE=-1
rank=13 Lx=Ly=12 pg= 0.815 ids= 533 TEE=-1
rank= 7 Lx=Ly=12 pg= 0.815 ids= 567 TEE=-1
rank= 5 Lx=Ly=12 pg= 0.860 ids= 265 TEE=-1
rank= 0 Lx=Ly=12 pg= 0.860 ids= 160 TEE=-1
rank=10 Lx=Ly=12 pg= 0.860 ids= 170 TEE=-1
rank= 6 Lx=Ly=12 pg= 0.680 ids=  26 TEE=-1
rank= 9 Lx=Ly=12 pg= 0.815 ids= 629 TEE=-1
rank= 8 Lx=Ly=12 pg= 0.815 ids= 688 TEE=-1
rank=15 Lx=Ly=12 pg= 0.725 ids= 295 TEE=-1
rank=16 Lx=Ly=12 pg= 0.815 ids= 696 TEE=-1
rank=19 Lx=Ly=12 pg= 0.680 ids=  99 TEE=-1
rank=18 Lx=Ly=12 pg= 0.680 ids= 118 TEE=-1
rank= 1 Lx=Ly=12 pg= 0.860 ids= 301 TEE=-1
rank=17 Lx=Ly=12 pg= 0.860 ids= 357 TEE=-1
rank=12 Lx=Ly=12 pg= 0.680 ids=  92 TEE=-1
rank= 7 Lx=Ly=12 pg= 0.815 ids= 587 TEE=0
rank= 2 Lx=Ly=12 pg= 0.680 ids= 102 TEE=0
rank= 5 Lx=Ly=12 pg= 0.860 ids= 285 TEE=-1
rank=13 Lx=Ly=12 pg= 0.815 ids= 553 TEE=0
rank= 0 Lx=Ly=12 pg= 0.860 ids= 180 TEE=-1
rank= 3 Lx=Ly=12 pg= 0.680 ids= 143 TEE=0
rank=10 Lx=Ly=12 pg= 0.860 ids= 190 TEE=-1
rank= 9 Lx=Ly=12 pg= 0.815 ids= 649 TEE=-1
rank= 6 Lx=Ly=12 pg= 0.680 ids=  46 TEE=-1
rank= 8 Lx=Ly=12 pg= 0.815 ids= 708 TEE=-1
rank=15 Lx=Ly=12 pg= 0.725 ids= 315 TEE=0
rank=16 Lx=Ly=12 pg= 0.815 ids= 716 TEE=-1
rank= 4 Lx=Ly=12 pg= 0.680 ids= 184 TEE=-1
rank=11 Lx=Ly=12 pg= 0.815 ids= 671 TEE=-1
rank= 1 Lx=Ly=12 pg= 0.860 ids= 321 TEE=-1
rank=17 Lx=Ly=12 pg= 0.860 ids= 377 TEE=-1
rank= 7 Lx=Ly=12 pg= 0.815 ids= 607 TEE=-1
rank=14 Lx=Ly=12 pg= 0.815 ids= 114 TEE=-1
rank= 5 Lx=Ly=12 pg= 0.860 ids= 305 TEE=-1
rank=13 Lx=Ly=12 pg= 0.815 ids= 573 TEE=-1
rank= 0 Lx=Ly=12 pg= 0.860 ids= 200 TEE=-1
rank=10 Lx=Ly=12 pg= 0.860 ids= 210 TEE=-1
rank= 9 Lx=Ly=12 pg= 0.815 ids= 669 TEE=-1
rank= 8 Lx=Ly=12 pg= 0.815 ids= 728 TEE=-1
rank= 6 Lx=Ly=12 pg= 0.680 ids=  66 TEE=-1
rank=16 Lx=Ly=12 pg= 0.815 ids= 736 TEE=0
rank=15 Lx=Ly=12 pg= 0.725 ids= 335 TEE=-1
rank=18 Lx=Ly=12 pg= 0.680 ids= 138 TEE=0
rank=19 Lx=Ly=12 pg= 0.680 ids= 119 TEE=-1
rank= 1 Lx=Ly=12 pg= 0.860 ids= 341 TEE=-1
rank= 3 Lx=Ly=12 pg= 0.680 ids= 163 TEE=-1
rank=17 Lx=Ly=12 pg= 0.860 ids= 397 TEE=-1
rank= 2 Lx=Ly=12 pg= 0.680 ids= 122 TEE=-1
rank= 7 Lx=Ly=12 pg= 0.815 ids= 627 TEE=-1
rank= 5 Lx=Ly=12 pg= 0.860 ids= 325 TEE=-1
rank=12 Lx=Ly=12 pg= 0.680 ids= 112 TEE=-1
rank=10 Lx=Ly=12 pg= 0.860 ids= 230 TEE=-1
rank= 0 Lx=Ly=12 pg= 0.860 ids= 220 TEE=-1
rank=13 Lx=Ly=12 pg= 0.815 ids= 593 TEE=-1
rank= 9 Lx=Ly=12 pg= 0.815 ids= 689 TEE=-1
rank= 6 Lx=Ly=12 pg= 0.680 ids=  86 TEE=0
rank=16 Lx=Ly=12 pg= 0.815 ids= 756 TEE=0
rank= 8 Lx=Ly=12 pg= 0.815 ids= 748 TEE=-1
rank=15 Lx=Ly=12 pg= 0.725 ids= 355 TEE=-1
rank=11 Lx=Ly=12 pg= 0.815 ids= 691 TEE=-1
rank= 1 Lx=Ly=12 pg= 0.860 ids= 361 TEE=-1
rank= 4 Lx=Ly=12 pg= 0.680 ids= 204 TEE=0
rank=17 Lx=Ly=12 pg= 0.860 ids= 417 TEE=-1
rank= 5 Lx=Ly=12 pg= 0.860 ids= 345 TEE=-1
rank= 7 Lx=Ly=12 pg= 0.815 ids= 647 TEE=-1
rank=10 Lx=Ly=12 pg= 0.860 ids= 250 TEE=-1
rank= 0 Lx=Ly=12 pg= 0.860 ids= 240 TEE=-1
rank=13 Lx=Ly=12 pg= 0.815 ids= 613 TEE=-1
rank= 9 Lx=Ly=12 pg= 0.815 ids= 709 TEE=-1
rank=14 Lx=Ly=12 pg= 0.815 ids= 134 TEE=-1
rank= 6 Lx=Ly=12 pg= 0.680 ids= 106 TEE=0
rank=16 Lx=Ly=12 pg= 0.815 ids= 776 TEE=0
rank= 8 Lx=Ly=12 pg= 0.815 ids= 768 TEE=-1
rank=15 Lx=Ly=12 pg= 0.725 ids= 375 TEE=0
rank= 2 Lx=Ly=12 pg= 0.680 ids= 142 TEE=0
rank=18 Lx=Ly=12 pg= 0.680 ids= 158 TEE=0
rank= 1 Lx=Ly=12 pg= 0.860 ids= 381 TEE=0
rank=17 Lx=Ly=12 pg= 0.860 ids= 437 TEE=-1
rank= 3 Lx=Ly=12 pg= 0.680 ids= 183 TEE=-1
rank=19 Lx=Ly=12 pg= 0.680 ids= 139 TEE=-1
rank= 5 Lx=Ly=12 pg= 0.860 ids= 365 TEE=-1
rank=12 Lx=Ly=12 pg= 0.680 ids= 132 TEE=0
rank=10 Lx=Ly=12 pg= 0.860 ids= 270 TEE=-1
rank= 0 Lx=Ly=12 pg= 0.860 ids= 260 TEE=-1
rank= 7 Lx=Ly=12 pg= 0.815 ids= 667 TEE=-1
rank=13 Lx=Ly=12 pg= 0.815 ids= 633 TEE=-1
rank= 9 Lx=Ly=12 pg= 0.815 ids= 729 TEE=-1
rank= 6 Lx=Ly=12 pg= 0.680 ids= 126 TEE=1
rank=15 Lx=Ly=12 pg= 0.725 ids= 395 TEE=-1
rank= 8 Lx=Ly=12 pg= 0.815 ids= 788 TEE=-1
rank= 4 Lx=Ly=12 pg= 0.680 ids= 224 TEE=0
rank=16 Lx=Ly=12 pg= 0.815 ids= 796 TEE=-1
rank=11 Lx=Ly=12 pg= 0.815 ids= 711 TEE=-1
rank=17 Lx=Ly=12 pg= 0.860 ids= 457 TEE=-1
rank= 1 Lx=Ly=12 pg= 0.860 ids= 401 TEE=-1
rank= 5 Lx=Ly=12 pg= 0.860 ids= 385 TEE=0
rank=14 Lx=Ly=12 pg= 0.815 ids= 154 TEE=-1
rank=10 Lx=Ly=12 pg= 0.860 ids= 290 TEE=-1
rank= 0 Lx=Ly=12 pg= 0.860 ids= 280 TEE=-1
rank=13 Lx=Ly=12 pg= 0.815 ids= 653 TEE=-1
rank= 9 Lx=Ly=12 pg= 0.815 ids= 749 TEE=0
rank= 7 Lx=Ly=12 pg= 0.815 ids= 687 TEE=-1
rank=15 Lx=Ly=12 pg= 0.725 ids= 415 TEE=-1
rank= 2 Lx=Ly=12 pg= 0.680 ids= 162 TEE=-1
rank= 6 Lx=Ly=12 pg= 0.680 ids= 146 TEE=0
rank= 8 Lx=Ly=12 pg= 0.860 ids=   8 TEE=-1
rank= 3 Lx=Ly=12 pg= 0.680 ids= 203 TEE=0
rank=17 Lx=Ly=12 pg= 0.860 ids= 477 TEE=-1
rank=16 Lx=Ly=12 pg= 0.860 ids=  16 TEE=-1
rank=19 Lx=Ly=12 pg= 0.680 ids= 159 TEE=0
rank= 1 Lx=Ly=12 pg= 0.860 ids= 421 TEE=-1
rank=18 Lx=Ly=12 pg= 0.680 ids= 178 TEE=0
rank= 5 Lx=Ly=12 pg= 0.860 ids= 405 TEE=-1
rank=12 Lx=Ly=12 pg= 0.680 ids= 152 TEE=0
rank=10 Lx=Ly=12 pg= 0.860 ids= 310 TEE=-1
rank= 0 Lx=Ly=12 pg= 0.860 ids= 300 TEE=-1
rank=13 Lx=Ly=12 pg= 0.815 ids= 673 TEE=-1
rank= 9 Lx=Ly=12 pg= 0.815 ids= 769 TEE=0
rank= 7 Lx=Ly=12 pg= 0.815 ids= 707 TEE=-1
rank=15 Lx=Ly=12 pg= 0.725 ids= 435 TEE=-1
rank= 6 Lx=Ly=12 pg= 0.680 ids= 166 TEE=0
rank=11 Lx=Ly=12 pg= 0.815 ids= 731 TEE=-1
rank= 4 Lx=Ly=12 pg= 0.680 ids= 244 TEE=0
rank= 8 Lx=Ly=12 pg= 0.860 ids=  28 TEE=-1
rank=16 Lx=Ly=12 pg= 0.860 ids=  36 TEE=-1
rank= 1 Lx=Ly=12 pg= 0.860 ids= 441 TEE=-1
rank=14 Lx=Ly=12 pg= 0.815 ids= 174 TEE=-1
rank= 5 Lx=Ly=12 pg= 0.860 ids= 425 TEE=-1
rank=17 Lx=Ly=12 pg= 0.860 ids= 497 TEE=-1
rank= 0 Lx=Ly=12 pg= 0.860 ids= 320 TEE=-1
rank=10 Lx=Ly=12 pg= 0.860 ids= 330 TEE=-1
rank= 9 Lx=Ly=12 pg= 0.815 ids= 789 TEE=-1
rank=13 Lx=Ly=12 pg= 0.815 ids= 693 TEE=-1
rank= 7 Lx=Ly=12 pg= 0.815 ids= 727 TEE=-1
rank=15 Lx=Ly=12 pg= 0.725 ids= 455 TEE=-1
rank=19 Lx=Ly=12 pg= 0.680 ids= 179 TEE=-1
rank=12 Lx=Ly=12 pg= 0.680 ids= 172 TEE=0
rank= 6 Lx=Ly=12 pg= 0.680 ids= 186 TEE=-1
rank= 8 Lx=Ly=12 pg= 0.860 ids=  48 TEE=-1
rank= 1 Lx=Ly=12 pg= 0.860 ids= 461 TEE=-1
rank= 2 Lx=Ly=12 pg= 0.680 ids= 182 TEE=1
rank=16 Lx=Ly=12 pg= 0.860 ids=  56 TEE=-1
rank=18 Lx=Ly=12 pg= 0.680 ids= 198 TEE=0
rank= 5 Lx=Ly=12 pg= 0.860 ids= 445 TEE=-1
rank= 3 Lx=Ly=12 pg= 0.680 ids= 223 TEE=0
rank=17 Lx=Ly=12 pg= 0.860 ids= 517 TEE=-1
rank= 0 Lx=Ly=12 pg= 0.860 ids= 340 TEE=-1
rank=10 Lx=Ly=12 pg= 0.860 ids= 350 TEE=-1
rank= 9 Lx=Ly=12 pg= 0.860 ids=   9 TEE=-1
rank=15 Lx=Ly=12 pg= 0.725 ids= 475 TEE=-1
rank= 7 Lx=Ly=12 pg= 0.815 ids= 747 TEE=-1
rank=13 Lx=Ly=12 pg= 0.815 ids= 713 TEE=-1
rank= 6 Lx=Ly=12 pg= 0.680 ids= 206 TEE=-1
rank= 8 Lx=Ly=12 pg= 0.860 ids=  68 TEE=-1
rank=14 Lx=Ly=12 pg= 0.815 ids= 194 TEE=-1
rank= 1 Lx=Ly=12 pg= 0.860 ids= 481 TEE=-1
rank= 4 Lx=Ly=12 pg= 0.680 ids= 264 TEE=-1
rank=11 Lx=Ly=12 pg= 0.815 ids= 751 TEE=-1
rank=16 Lx=Ly=12 pg= 0.860 ids=  76 TEE=-1
rank= 5 Lx=Ly=12 pg= 0.860 ids= 465 TEE=-1
rank=17 Lx=Ly=12 pg= 0.860 ids= 537 TEE=-1
rank= 0 Lx=Ly=12 pg= 0.860 ids= 360 TEE=-1
rank=10 Lx=Ly=12 pg= 0.860 ids= 370 TEE=-1
rank= 9 Lx=Ly=12 pg= 0.860 ids=  29 TEE=-1
rank=15 Lx=Ly=12 pg= 0.725 ids= 495 TEE=-1
rank= 7 Lx=Ly=12 pg= 0.815 ids= 767 TEE=-1
rank=13 Lx=Ly=12 pg= 0.815 ids= 733 TEE=-1
rank=12 Lx=Ly=12 pg= 0.680 ids= 192 TEE=0
rank= 6 Lx=Ly=12 pg= 0.680 ids= 226 TEE=0
rank= 1 Lx=Ly=12 pg= 0.860 ids= 501 TEE=-1
rank=19 Lx=Ly=12 pg= 0.680 ids= 199 TEE=0
rank=16 Lx=Ly=12 pg= 0.860 ids=  96 TEE=-1
rank= 8 Lx=Ly=12 pg= 0.860 ids=  88 TEE=-1
rank=17 Lx=Ly=12 pg= 0.860 ids= 557 TEE=-1
rank= 5 Lx=Ly=12 pg= 0.860 ids= 485 TEE=-1
rank= 2 Lx=Ly=12 pg= 0.680 ids= 202 TEE=-1
rank= 0 Lx=Ly=12 pg= 0.860 ids= 380 TEE=-1
rank=18 Lx=Ly=12 pg= 0.680 ids= 218 TEE=0
rank= 3 Lx=Ly=12 pg= 0.680 ids= 243 TEE=-1
rank=10 Lx=Ly=12 pg= 0.860 ids= 390 TEE=-1
rank= 9 Lx=Ly=12 pg= 0.860 ids=  49 TEE=-1
rank=15 Lx=Ly=12 pg= 0.725 ids= 515 TEE=-1
rank=13 Lx=Ly=12 pg= 0.815 ids= 753 TEE=-1
rank= 7 Lx=Ly=12 pg= 0.815 ids= 787 TEE=-1
rank= 1 Lx=Ly=12 pg= 0.860 ids= 521 TEE=-1
rank=14 Lx=Ly=12 pg= 0.815 ids= 214 TEE=0
rank=16 Lx=Ly=12 pg= 0.860 ids= 116 TEE=-1
rank= 8 Lx=Ly=12 pg= 0.860 ids= 108 TEE=-1
rank=17 Lx=Ly=12 pg= 0.860 ids= 577 TEE=-1
rank= 5 Lx=Ly=12 pg= 0.860 ids= 505 TEE=-1
rank=11 Lx=Ly=12 pg= 0.815 ids= 771 TEE=-1
rank= 0 Lx=Ly=12 pg= 0.860 ids= 400 TEE=-1
rank= 6 Lx=Ly=12 pg= 0.680 ids= 246 TEE=0
rank= 4 Lx=Ly=12 pg= 0.680 ids= 284 TEE=0
rank= 2 Lx=Ly=12 pg= 0.680 ids= 222 TEE=0
rank=10 Lx=Ly=12 pg= 0.860 ids= 410 TEE=-1
rank= 9 Lx=Ly=12 pg= 0.860 ids=  69 TEE=-1
rank=13 Lx=Ly=12 pg= 0.815 ids= 773 TEE=-1
rank= 7 Lx=Ly=12 pg= 0.860 ids=   7 TEE=-1
rank=15 Lx=Ly=12 pg= 0.725 ids= 535 TEE=-1
rank= 1 Lx=Ly=12 pg= 0.860 ids= 541 TEE=-1
rank=19 Lx=Ly=12 pg= 0.680 ids= 219 TEE=0
rank=16 Lx=Ly=12 pg= 0.860 ids= 136 TEE=-1
rank= 3 Lx=Ly=12 pg= 0.680 ids= 263 TEE=-1
rank=12 Lx=Ly=12 pg= 0.680 ids= 212 TEE=-1
rank= 5 Lx=Ly=12 pg= 0.860 ids= 525 TEE=-1
rank= 0 Lx=Ly=12 pg= 0.860 ids= 420 TEE=0
rank= 8 Lx=Ly=12 pg= 0.860 ids= 128 TEE=-1
rank= 6 Lx=Ly=12 pg= 0.680 ids= 266 TEE=0
rank=17 Lx=Ly=12 pg= 0.860 ids= 597 TEE=-1
rank=10 Lx=Ly=12 pg= 0.860 ids= 430 TEE=-1
rank=18 Lx=Ly=12 pg= 0.680 ids= 238 TEE=0
rank= 9 Lx=Ly=12 pg= 0.860 ids=  89 TEE=-1
rank=13 Lx=Ly=12 pg= 0.815 ids= 793 TEE=-1
rank= 7 Lx=Ly=12 pg= 0.860 ids=  27 TEE=-1
rank=14 Lx=Ly=12 pg= 0.815 ids= 234 TEE=-1
rank=15 Lx=Ly=12 pg= 0.725 ids= 555 TEE=0
rank= 1 Lx=Ly=12 pg= 0.860 ids= 561 TEE=-1
rank=11 Lx=Ly=12 pg= 0.815 ids= 791 TEE=-1
rank= 5 Lx=Ly=12 pg= 0.860 ids= 545 TEE=-1
rank= 0 Lx=Ly=12 pg= 0.860 ids= 440 TEE=-1
rank= 8 Lx=Ly=12 pg= 0.860 ids= 148 TEE=-1
rank=17 Lx=Ly=12 pg= 0.860 ids= 617 TEE=-1
rank=16 Lx=Ly=12 pg= 0.860 ids= 156 TEE=-1
rank= 4 Lx=Ly=12 pg= 0.680 ids= 304 TEE=0
rank= 2 Lx=Ly=12 pg= 0.680 ids= 242 TEE=0
rank=10 Lx=Ly=12 pg= 0.860 ids= 450 TEE=-1
rank= 6 Lx=Ly=12 pg= 0.680 ids= 286 TEE=-1
rank=19 Lx=Ly=12 pg= 0.680 ids= 239 TEE=-1
rank= 3 Lx=Ly=12 pg= 0.680 ids= 283 TEE=-1
rank=13 Lx=Ly=12 pg= 0.860 ids=  13 TEE=-1
rank= 7 Lx=Ly=12 pg= 0.860 ids=  47 TEE=-1
rank=15 Lx=Ly=12 pg= 0.725 ids= 575 TEE=-1
rank= 9 Lx=Ly=12 pg= 0.860 ids= 109 TEE=-1
rank= 1 Lx=Ly=12 pg= 0.860 ids= 581 TEE=-1
rank=12 Lx=Ly=12 pg= 0.680 ids= 232 TEE=-1
rank= 5 Lx=Ly=12 pg= 0.860 ids= 565 TEE=-1
rank= 0 Lx=Ly=12 pg= 0.860 ids= 460 TEE=-1
rank=17 Lx=Ly=12 pg= 0.860 ids= 637 TEE=-1
rank= 8 Lx=Ly=12 pg= 0.860 ids= 168 TEE=-1
rank=11 Lx=Ly=12 pg= 0.860 ids=  11 TEE=-1
rank=10 Lx=Ly=12 pg= 0.860 ids= 470 TEE=-1
rank=16 Lx=Ly=12 pg= 0.860 ids= 176 TEE=0
rank=14 Lx=Ly=12 pg= 0.815 ids= 254 TEE=-1
rank=13 Lx=Ly=12 pg= 0.860 ids=  33 TEE=0
rank= 7 Lx=Ly=12 pg= 0.860 ids=  67 TEE=-1
rank=15 Lx=Ly=12 pg= 0.725 ids= 595 TEE=-1
rank=18 Lx=Ly=12 pg= 0.680 ids= 258 TEE=0
rank= 9 Lx=Ly=12 pg= 0.860 ids= 129 TEE=-1
rank= 1 Lx=Ly=12 pg= 0.860 ids= 601 TEE=-1
rank= 5 Lx=Ly=12 pg= 0.860 ids= 585 TEE=-1
rank= 0 Lx=Ly=12 pg= 0.860 ids= 480 TEE=-1
rank= 2 Lx=Ly=12 pg= 0.680 ids= 262 TEE=0
rank= 4 Lx=Ly=12 pg= 0.680 ids= 324 TEE=-1
rank=17 Lx=Ly=12 pg= 0.860 ids= 657 TEE=-1
rank= 8 Lx=Ly=12 pg= 0.860 ids= 188 TEE=-1
rank=19 Lx=Ly=12 pg= 0.680 ids= 259 TEE=0
rank=11 Lx=Ly=12 pg= 0.860 ids=  31 TEE=-1
rank=10 Lx=Ly=12 pg= 0.860 ids= 490 TEE=-1
rank=16 Lx=Ly=12 pg= 0.860 ids= 196 TEE=-1
rank= 3 Lx=Ly=12 pg= 0.680 ids= 303 TEE=0
rank=13 Lx=Ly=12 pg= 0.860 ids=  53 TEE=-1
rank= 6 Lx=Ly=12 pg= 0.680 ids= 306 TEE=0
rank= 7 Lx=Ly=12 pg= 0.860 ids=  87 TEE=-1
rank=15 Lx=Ly=12 pg= 0.725 ids= 615 TEE=-1
rank= 1 Lx=Ly=12 pg= 0.860 ids= 621 TEE=-1
rank= 9 Lx=Ly=12 pg= 0.860 ids= 149 TEE=-1
rank= 5 Lx=Ly=12 pg= 0.860 ids= 605 TEE=-1
rank= 0 Lx=Ly=12 pg= 0.860 ids= 500 TEE=-1
rank=12 Lx=Ly=12 pg= 0.680 ids= 252 TEE=-1
rank=17 Lx=Ly=12 pg= 0.860 ids= 677 TEE=-1
rank= 8 Lx=Ly=12 pg= 0.860 ids= 208 TEE=-1
rank=11 Lx=Ly=12 pg= 0.860 ids=  51 TEE=-1
rank=10 Lx=Ly=12 pg= 0.860 ids= 510 TEE=-1
rank=16 Lx=Ly=12 pg= 0.860 ids= 216 TEE=-1
rank=14 Lx=Ly=12 pg= 0.815 ids= 274 TEE=-1
rank=13 Lx=Ly=12 pg= 0.860 ids=  73 TEE=-1
rank= 7 Lx=Ly=12 pg= 0.860 ids= 107 TEE=-1
rank=15 Lx=Ly=12 pg= 0.725 ids= 635 TEE=0
rank= 1 Lx=Ly=12 pg= 0.860 ids= 641 TEE=-1
rank= 9 Lx=Ly=12 pg= 0.860 ids= 169 TEE=-1
rank= 5 Lx=Ly=12 pg= 0.860 ids= 625 TEE=0
rank= 0 Lx=Ly=12 pg= 0.860 ids= 520 TEE=-1
rank=18 Lx=Ly=12 pg= 0.680 ids= 278 TEE=0
rank= 4 Lx=Ly=12 pg= 0.680 ids= 344 TEE=0
rank=17 Lx=Ly=12 pg= 0.860 ids= 697 TEE=-1
rank= 2 Lx=Ly=12 pg= 0.680 ids= 282 TEE=-1
rank= 8 Lx=Ly=12 pg= 0.860 ids= 228 TEE=-1
rank=10 Lx=Ly=12 pg= 0.860 ids= 530 TEE=0
rank= 3 Lx=Ly=12 pg= 0.680 ids= 323 TEE=0
rank=16 Lx=Ly=12 pg= 0.860 ids= 236 TEE=0
rank=19 Lx=Ly=12 pg= 0.680 ids= 279 TEE=0
rank=11 Lx=Ly=12 pg= 0.860 ids=  71 TEE=-1
rank=13 Lx=Ly=12 pg= 0.860 ids=  93 TEE=-1
rank=15 Lx=Ly=12 pg= 0.725 ids= 655 TEE=0
rank= 1 Lx=Ly=12 pg= 0.860 ids= 661 TEE=-1
rank= 7 Lx=Ly=12 pg= 0.860 ids= 127 TEE=-1
rank= 5 Lx=Ly=12 pg= 0.860 ids= 645 TEE=-1
rank= 0 Lx=Ly=12 pg= 0.860 ids= 540 TEE=-1
rank= 6 Lx=Ly=12 pg= 0.680 ids= 326 TEE=0
rank= 9 Lx=Ly=12 pg= 0.860 ids= 189 TEE=-1
rank=12 Lx=Ly=12 pg= 0.680 ids= 272 TEE=0
rank=17 Lx=Ly=12 pg= 0.860 ids= 717 TEE=-1
rank=10 Lx=Ly=12 pg= 0.860 ids= 550 TEE=-1
rank=16 Lx=Ly=12 pg= 0.860 ids= 256 TEE=-1
rank= 8 Lx=Ly=12 pg= 0.860 ids= 248 TEE=0
rank=14 Lx=Ly=12 pg= 0.815 ids= 294 TEE=-1
rank=11 Lx=Ly=12 pg= 0.860 ids=  91 TEE=0
rank=15 Lx=Ly=12 pg= 0.725 ids= 675 TEE=-1
rank= 1 Lx=Ly=12 pg= 0.860 ids= 681 TEE=-1
rank= 4 Lx=Ly=12 pg= 0.680 ids= 364 TEE=0
rank=13 Lx=Ly=12 pg= 0.860 ids= 113 TEE=-1
rank= 5 Lx=Ly=12 pg= 0.860 ids= 665 TEE=-1
rank= 7 Lx=Ly=12 pg= 0.860 ids= 147 TEE=-1
rank= 0 Lx=Ly=12 pg= 0.860 ids= 560 TEE=-1
rank= 9 Lx=Ly=12 pg= 0.860 ids= 209 TEE=-1
rank=17 Lx=Ly=12 pg= 0.860 ids= 737 TEE=-1
rank=19 Lx=Ly=12 pg= 0.680 ids= 299 TEE=0
rank= 2 Lx=Ly=12 pg= 0.680 ids= 302 TEE=-1
rank= 3 Lx=Ly=12 pg= 0.680 ids= 343 TEE=0
rank=18 Lx=Ly=12 pg= 0.680 ids= 298 TEE=0
rank=10 Lx=Ly=12 pg= 0.860 ids= 570 TEE=-1
rank=16 Lx=Ly=12 pg= 0.860 ids= 276 TEE=-1
rank=11 Lx=Ly=12 pg= 0.860 ids= 111 TEE=0
rank= 8 Lx=Ly=12 pg= 0.860 ids= 268 TEE=-1
rank=15 Lx=Ly=12 pg= 0.725 ids= 695 TEE=-1
rank= 1 Lx=Ly=12 pg= 0.860 ids= 701 TEE=-1
rank=13 Lx=Ly=12 pg= 0.860 ids= 133 TEE=-1
rank=12 Lx=Ly=12 pg= 0.680 ids= 292 TEE=0
rank= 5 Lx=Ly=12 pg= 0.860 ids= 685 TEE=-1
rank= 7 Lx=Ly=12 pg= 0.860 ids= 167 TEE=-1
rank= 0 Lx=Ly=12 pg= 0.860 ids= 580 TEE=-1
rank= 6 Lx=Ly=12 pg= 0.680 ids= 346 TEE=0
rank=17 Lx=Ly=12 pg= 0.860 ids= 757 TEE=-1
rank= 9 Lx=Ly=12 pg= 0.860 ids= 229 TEE=0
rank=10 Lx=Ly=12 pg= 0.860 ids= 590 TEE=-1
rank= 4 Lx=Ly=12 pg= 0.680 ids= 384 TEE=-1
rank=14 Lx=Ly=12 pg= 0.815 ids= 314 TEE=-1
rank= 8 Lx=Ly=12 pg= 0.860 ids= 288 TEE=-1
rank= 1 Lx=Ly=12 pg= 0.860 ids= 721 TEE=-1
rank=11 Lx=Ly=12 pg= 0.860 ids= 131 TEE=-1
rank=15 Lx=Ly=12 pg= 0.725 ids= 715 TEE=-1
rank=13 Lx=Ly=12 pg= 0.860 ids= 153 TEE=-1
rank=16 Lx=Ly=12 pg= 0.860 ids= 296 TEE=-1
rank= 3 Lx=Ly=12 pg= 0.680 ids= 363 TEE=-1
rank= 5 Lx=Ly=12 pg= 0.860 ids= 705 TEE=-1
rank= 0 Lx=Ly=12 pg= 0.860 ids= 600 TEE=-1
rank=17 Lx=Ly=12 pg= 0.860 ids= 777 TEE=0
rank=19 Lx=Ly=12 pg= 0.680 ids= 319 TEE=-1
rank= 9 Lx=Ly=12 pg= 0.860 ids= 249 TEE=-1
rank= 7 Lx=Ly=12 pg= 0.860 ids= 187 TEE=-1
rank=10 Lx=Ly=12 pg= 0.860 ids= 610 TEE=0
rank= 2 Lx=Ly=12 pg= 0.680 ids= 322 TEE=1
rank=18 Lx=Ly=12 pg= 0.680 ids= 318 TEE=-1
rank= 1 Lx=Ly=12 pg= 0.860 ids= 741 TEE=-1
rank=15 Lx=Ly=12 pg= 0.725 ids= 735 TEE=0
rank= 8 Lx=Ly=12 pg= 0.860 ids= 308 TEE=-1
rank=12 Lx=Ly=12 pg= 0.680 ids= 312 TEE=-1
rank=13 Lx=Ly=12 pg= 0.860 ids= 173 TEE=-1
rank=16 Lx=Ly=12 pg= 0.860 ids= 316 TEE=-1
rank= 5 Lx=Ly=12 pg= 0.860 ids= 725 TEE=-1
rank= 0 Lx=Ly=12 pg= 0.860 ids= 620 TEE=-1
rank=11 Lx=Ly=12 pg= 0.860 ids= 151 TEE=-1
rank=17 Lx=Ly=12 pg= 0.860 ids= 797 TEE=-1
rank= 9 Lx=Ly=12 pg= 0.860 ids= 269 TEE=-1
rank= 7 Lx=Ly=12 pg= 0.860 ids= 207 TEE=-1
rank= 6 Lx=Ly=12 pg= 0.680 ids= 366 TEE=0
rank= 4 Lx=Ly=12 pg= 0.680 ids= 404 TEE=0
rank=10 Lx=Ly=12 pg= 0.860 ids= 630 TEE=-1
rank= 1 Lx=Ly=12 pg= 0.860 ids= 761 TEE=-1
rank=15 Lx=Ly=12 pg= 0.725 ids= 755 TEE=-1
rank= 8 Lx=Ly=12 pg= 0.860 ids= 328 TEE=0
rank=14 Lx=Ly=12 pg= 0.815 ids= 334 TEE=0
rank= 5 Lx=Ly=12 pg= 0.860 ids= 745 TEE=-1
rank=16 Lx=Ly=12 pg= 0.860 ids= 336 TEE=-1
rank=13 Lx=Ly=12 pg= 0.860 ids= 193 TEE=-1
rank= 0 Lx=Ly=12 pg= 0.860 ids= 640 TEE=-1
rank= 3 Lx=Ly=12 pg= 0.680 ids= 383 TEE=-1
rank=17 Lx=Ly=12 pg= 0.905 ids=  17 TEE=-1
rank=11 Lx=Ly=12 pg= 0.860 ids= 171 TEE=-1
rank= 9 Lx=Ly=12 pg= 0.860 ids= 289 TEE=-1
rank= 7 Lx=Ly=12 pg= 0.860 ids= 227 TEE=-1
rank=19 Lx=Ly=12 pg= 0.680 ids= 339 TEE=-1
rank=10 Lx=Ly=12 pg= 0.860 ids= 650 TEE=-1
rank= 1 Lx=Ly=12 pg= 0.860 ids= 781 TEE=-1
rank=15 Lx=Ly=12 pg= 0.725 ids= 775 TEE=-1
rank= 2 Lx=Ly=12 pg= 0.680 ids= 342 TEE=0
rank= 8 Lx=Ly=12 pg= 0.860 ids= 348 TEE=-1
rank= 6 Lx=Ly=12 pg= 0.680 ids= 386 TEE=-1
rank= 5 Lx=Ly=12 pg= 0.860 ids= 765 TEE=-1
rank= 0 Lx=Ly=12 pg= 0.860 ids= 660 TEE=-1
rank=18 Lx=Ly=12 pg= 0.680 ids= 338 TEE=-1
rank=13 Lx=Ly=12 pg= 0.860 ids= 213 TEE=-1
rank=17 Lx=Ly=12 pg= 0.905 ids=  37 TEE=0
rank= 4 Lx=Ly=12 pg= 0.680 ids= 424 TEE=0
rank=12 Lx=Ly=12 pg= 0.680 ids= 332 TEE=-1
rank=16 Lx=Ly=12 pg= 0.860 ids= 356 TEE=-1
rank= 9 Lx=Ly=12 pg= 0.860 ids= 309 TEE=-1
rank=11 Lx=Ly=12 pg= 0.860 ids= 191 TEE=-1
rank= 7 Lx=Ly=12 pg= 0.860 ids= 247 TEE=-1
rank=10 Lx=Ly=12 pg= 0.860 ids= 670 TEE=-1
rank= 3 Lx=Ly=12 pg= 0.680 ids= 403 TEE=-1
rank= 1 Lx=Ly=12 pg= 0.905 ids=   1 TEE=-1
rank=14 Lx=Ly=12 pg= 0.815 ids= 354 TEE=-1
rank=15 Lx=Ly=12 pg= 0.725 ids= 795 TEE=-1
rank= 8 Lx=Ly=12 pg= 0.860 ids= 368 TEE=-1
rank= 0 Lx=Ly=12 pg= 0.860 ids= 680 TEE=-1
rank=17 Lx=Ly=12 pg= 0.905 ids=  57 TEE=-1
rank= 5 Lx=Ly=12 pg= 0.860 ids= 785 TEE=-1
rank=19 Lx=Ly=12 pg= 0.680 ids= 359 TEE=-1
rank=13 Lx=Ly=12 pg= 0.860 ids= 233 TEE=-1
rank=16 Lx=Ly=12 pg= 0.860 ids= 376 TEE=-1
rank= 9 Lx=Ly=12 pg= 0.860 ids= 329 TEE=-1
rank=11 Lx=Ly=12 pg= 0.860 ids= 211 TEE=-1
rank= 7 Lx=Ly=12 pg= 0.860 ids= 267 TEE=-1
rank=10 Lx=Ly=12 pg= 0.860 ids= 690 TEE=-1
rank= 1 Lx=Ly=12 pg= 0.905 ids=  21 TEE=-1
rank=15 Lx=Ly=12 pg= 0.770 ids=  15 TEE=0
rank= 2 Lx=Ly=12 pg= 0.680 ids= 362 TEE=0
rank= 8 Lx=Ly=12 pg= 0.860 ids= 388 TEE=-1
rank=17 Lx=Ly=12 pg= 0.905 ids=  77 TEE=-1
rank= 0 Lx=Ly=12 pg= 0.860 ids= 700 TEE=-1
rank=12 Lx=Ly=12 pg= 0.680 ids= 352 TEE=-1
rank= 6 Lx=Ly=12 pg= 0.680 ids= 406 TEE=0
rank= 5 Lx=Ly=12 pg= 0.905 ids=   5 TEE=-1
rank=16 Lx=Ly=12 pg= 0.860 ids= 396 TEE=-1
rank=13 Lx=Ly=12 pg= 0.860 ids= 253 TEE=-1
rank=18 Lx=Ly=12 pg= 0.680 ids= 358 TEE=0
rank= 9 Lx=Ly=12 pg= 0.860 ids= 349 TEE=-1
rank= 4 Lx=Ly=12 pg= 0.680 ids= 444 TEE=0
rank=11 Lx=Ly=12 pg= 0.860 ids= 231 TEE=-1
rank= 7 Lx=Ly=12 pg= 0.860 ids= 287 TEE=-1
rank=10 Lx=Ly=12 pg= 0.860 ids= 710 TEE=-1
rank= 1 Lx=Ly=12 pg= 0.905 ids=  41 TEE=-1
rank=15 Lx=Ly=12 pg= 0.770 ids=  35 TEE=-1
rank= 3 Lx=Ly=12 pg= 0.680 ids= 423 TEE=0
rank=17 Lx=Ly=12 pg= 0.905 ids=  97 TEE=-1
rank= 8 Lx=Ly=12 pg= 0.860 ids= 408 TEE=-1
rank= 0 Lx=Ly=12 pg= 0.860 ids= 720 TEE=-1
rank=14 Lx=Ly=12 pg= 0.815 ids= 374 TEE=-1
rank= 5 Lx=Ly=12 pg= 0.905 ids=  25 TEE=0
rank=19 Lx=Ly=12 pg= 0.680 ids= 379 TEE=0
rank=13 Lx=Ly=12 pg= 0.860 ids= 273 TEE=-1
rank=16 Lx=Ly=12 pg= 0.860 ids= 416 TEE=-1
rank=10 Lx=Ly=12 pg= 0.860 ids= 730 TEE=-1
rank=11 Lx=Ly=12 pg= 0.860 ids= 251 TEE=-1
rank= 7 Lx=Ly=12 pg= 0.860 ids= 307 TEE=-1
rank= 9 Lx=Ly=12 pg= 0.860 ids= 369 TEE=-1
rank= 1 Lx=Ly=12 pg= 0.905 ids=  61 TEE=-1
rank=15 Lx=Ly=12 pg= 0.770 ids=  55 TEE=-1
rank=17 Lx=Ly=12 pg= 0.905 ids= 117 TEE=-1
rank= 8 Lx=Ly=12 pg= 0.860 ids= 428 TEE=-1
rank= 2 Lx=Ly=12 pg= 0.680 ids= 382 TEE=-1
rank= 0 Lx=Ly=12 pg= 0.860 ids= 740 TEE=-1
rank= 6 Lx=Ly=12 pg= 0.680 ids= 426 TEE=0
rank=12 Lx=Ly=12 pg= 0.680 ids= 372 TEE=0
rank= 5 Lx=Ly=12 pg= 0.905 ids=  45 TEE=-1
rank=13 Lx=Ly=12 pg= 0.860 ids= 293 TEE=-1
rank=16 Lx=Ly=12 pg= 0.860 ids= 436 TEE=0
rank= 4 Lx=Ly=12 pg= 0.680 ids= 464 TEE=-1
rank=18 Lx=Ly=12 pg= 0.680 ids= 378 TEE=-1
rank= 3 Lx=Ly=12 pg= 0.680 ids= 443 TEE=-1
rank= 7 Lx=Ly=12 pg= 0.860 ids= 327 TEE=-1
rank=11 Lx=Ly=12 pg= 0.860 ids= 271 TEE=-1
rank=19 Lx=Ly=12 pg= 0.680 ids= 399 TEE=-1
rank= 1 Lx=Ly=12 pg= 0.905 ids=  81 TEE=-1
rank=15 Lx=Ly=12 pg= 0.770 ids=  75 TEE=-1
rank=14 Lx=Ly=12 pg= 0.815 ids= 394 TEE=-1
rank= 9 Lx=Ly=12 pg= 0.860 ids= 389 TEE=-1
rank=10 Lx=Ly=12 pg= 0.860 ids= 750 TEE=0
rank= 0 Lx=Ly=12 pg= 0.860 ids= 760 TEE=-1
rank=17 Lx=Ly=12 pg= 0.905 ids= 137 TEE=0
rank= 5 Lx=Ly=12 pg= 0.905 ids=  65 TEE=-1
rank= 8 Lx=Ly=12 pg= 0.860 ids= 448 TEE=-1
rank=13 Lx=Ly=12 pg= 0.860 ids= 313 TEE=-1
rank=16 Lx=Ly=12 pg= 0.860 ids= 456 TEE=-1
rank= 7 Lx=Ly=12 pg= 0.860 ids= 347 TEE=-1
rank= 1 Lx=Ly=12 pg= 0.905 ids= 101 TEE=-1
rank=15 Lx=Ly=12 pg= 0.770 ids=  95 TEE=-1
rank= 6 Lx=Ly=12 pg= 0.680 ids= 446 TEE=-1
rank= 9 Lx=Ly=12 pg= 0.860 ids= 409 TEE=-1
rank=10 Lx=Ly=12 pg= 0.860 ids= 770 TEE=-1
rank=11 Lx=Ly=12 pg= 0.860 ids= 291 TEE=-1
rank= 0 Lx=Ly=12 pg= 0.860 ids= 780 TEE=-1
rank=17 Lx=Ly=12 pg= 0.905 ids= 157 TEE=-1
rank=19 Lx=Ly=12 pg= 0.680 ids= 419 TEE=-1
rank= 5 Lx=Ly=12 pg= 0.905 ids=  85 TEE=-1
rank=13 Lx=Ly=12 pg= 0.860 ids= 333 TEE=-1
rank= 2 Lx=Ly=12 pg= 0.680 ids= 402 TEE=0
rank=12 Lx=Ly=12 pg= 0.680 ids= 392 TEE=0
rank=16 Lx=Ly=12 pg= 0.860 ids= 476 TEE=-1
rank= 3 Lx=Ly=12 pg= 0.680 ids= 463 TEE=-1
rank= 4 Lx=Ly=12 pg= 0.680 ids= 484 TEE=0
rank= 8 Lx=Ly=12 pg= 0.860 ids= 468 TEE=-1
rank=18 Lx=Ly=12 pg= 0.680 ids= 398 TEE=-1
rank= 1 Lx=Ly=12 pg= 0.905 ids= 121 TEE=-1
rank=15 Lx=Ly=12 pg= 0.770 ids= 115 TEE=-1
rank= 7 Lx=Ly=12 pg= 0.860 ids= 367 TEE=-1
rank=14 Lx=Ly=12 pg= 0.815 ids= 414 TEE=-1
rank=10 Lx=Ly=12 pg= 0.860 ids= 790 TEE=-1
rank=11 Lx=Ly=12 pg= 0.860 ids= 311 TEE=-1
rank=17 Lx=Ly=12 pg= 0.905 ids= 177 TEE=-1
rank= 0 Lx=Ly=12 pg= 0.905 ids=   0 TEE=-1
rank= 9 Lx=Ly=12 pg= 0.860 ids= 429 TEE=-1
rank=16 Lx=Ly=12 pg= 0.860 ids= 496 TEE=-1
rank=13 Lx=Ly=12 pg= 0.860 ids= 353 TEE=0
rank= 5 Lx=Ly=12 pg= 0.905 ids= 105 TEE=0
rank= 8 Lx=Ly=12 pg= 0.860 ids= 488 TEE=-1
rank= 4 Lx=Ly=12 pg= 0.680 ids= 504 TEE=0
rank= 1 Lx=Ly=12 pg= 0.905 ids= 141 TEE=-1
rank=15 Lx=Ly=12 pg= 0.770 ids= 135 TEE=-1
rank= 6 Lx=Ly=12 pg= 0.680 ids= 466 TEE=0
rank=10 Lx=Ly=12 pg= 0.905 ids=  10 TEE=-1
rank= 7 Lx=Ly=12 pg= 0.860 ids= 387 TEE=-1
rank=11 Lx=Ly=12 pg= 0.860 ids= 331 TEE=-1
rank= 0 Lx=Ly=12 pg= 0.905 ids=  20 TEE=-1
rank=17 Lx=Ly=12 pg= 0.905 ids= 197 TEE=-1
rank= 9 Lx=Ly=12 pg= 0.860 ids= 449 TEE=-1
rank=19 Lx=Ly=12 pg= 0.680 ids= 439 TEE=-1
rank= 2 Lx=Ly=12 pg= 0.680 ids= 422 TEE=-1
rank=16 Lx=Ly=12 pg= 0.860 ids= 516 TEE=-1
rank= 3 Lx=Ly=12 pg= 0.680 ids= 483 TEE=-1
rank= 5 Lx=Ly=12 pg= 0.905 ids= 125 TEE=-1
rank=12 Lx=Ly=12 pg= 0.680 ids= 412 TEE=0
rank= 8 Lx=Ly=12 pg= 0.860 ids= 508 TEE=-1
rank= 1 Lx=Ly=12 pg= 0.905 ids= 161 TEE=-1
rank=14 Lx=Ly=12 pg= 0.815 ids= 434 TEE=-1
rank=15 Lx=Ly=12 pg= 0.770 ids= 155 TEE=-1
rank=13 Lx=Ly=12 pg= 0.860 ids= 373 TEE=-1
rank=18 Lx=Ly=12 pg= 0.680 ids= 418 TEE=0
rank= 7 Lx=Ly=12 pg= 0.860 ids= 407 TEE=-1
rank=10 Lx=Ly=12 pg= 0.905 ids=  30 TEE=-1
rank=11 Lx=Ly=12 pg= 0.860 ids= 351 TEE=-1
rank= 0 Lx=Ly=12 pg= 0.905 ids=  40 TEE=-1
rank=17 Lx=Ly=12 pg= 0.905 ids= 217 TEE=-1
rank= 9 Lx=Ly=12 pg= 0.860 ids= 469 TEE=-1
rank= 4 Lx=Ly=12 pg= 0.680 ids= 524 TEE=-1
rank=16 Lx=Ly=12 pg= 0.860 ids= 536 TEE=-1
rank= 8 Lx=Ly=12 pg= 0.860 ids= 528 TEE=-1
rank= 1 Lx=Ly=12 pg= 0.905 ids= 181 TEE=0
rank= 5 Lx=Ly=12 pg= 0.905 ids= 145 TEE=-1
rank=15 Lx=Ly=12 pg= 0.770 ids= 175 TEE=-1
rank=13 Lx=Ly=12 pg= 0.860 ids= 393 TEE=-1
rank= 6 Lx=Ly=12 pg= 0.680 ids= 486 TEE=0
rank=10 Lx=Ly=12 pg= 0.905 ids=  50 TEE=-1
rank= 7 Lx=Ly=12 pg= 0.860 ids= 427 TEE=-1
rank= 0 Lx=Ly=12 pg= 0.905 ids=  60 TEE=-1
rank= 9 Lx=Ly=12 pg= 0.860 ids= 489 TEE=-1
rank=17 Lx=Ly=12 pg= 0.905 ids= 237 TEE=-1
rank=11 Lx=Ly=12 pg= 0.860 ids= 371 TEE=-1
rank=19 Lx=Ly=12 pg= 0.680 ids= 459 TEE=0
rank= 3 Lx=Ly=12 pg= 0.680 ids= 503 TEE=0
rank= 2 Lx=Ly=12 pg= 0.680 ids= 442 TEE=-1
rank=12 Lx=Ly=12 pg= 0.680 ids= 432 TEE=0
rank=14 Lx=Ly=12 pg= 0.815 ids= 454 TEE=-1
rank= 8 Lx=Ly=12 pg= 0.860 ids= 548 TEE=-1
rank= 1 Lx=Ly=12 pg= 0.905 ids= 201 TEE=-1
rank=15 Lx=Ly=12 pg= 0.770 ids= 195 TEE=-1
rank= 5 Lx=Ly=12 pg= 0.905 ids= 165 TEE=-1
rank=16 Lx=Ly=12 pg= 0.860 ids= 556 TEE=-1
rank=13 Lx=Ly=12 pg= 0.860 ids= 413 TEE=-1
rank=10 Lx=Ly=12 pg= 0.905 ids=  70 TEE=-1
rank= 7 Lx=Ly=12 pg= 0.860 ids= 447 TEE=-1
rank= 0 Lx=Ly=12 pg= 0.905 ids=  80 TEE=-1
rank= 9 Lx=Ly=12 pg= 0.860 ids= 509 TEE=-1
rank=17 Lx=Ly=12 pg= 0.905 ids= 257 TEE=-1
rank=18 Lx=Ly=12 pg= 0.680 ids= 438 TEE=-1
rank= 4 Lx=Ly=12 pg= 0.680 ids= 544 TEE=-1
rank=11 Lx=Ly=12 pg= 0.860 ids= 391 TEE=-1
rank= 1 Lx=Ly=12 pg= 0.905 ids= 221 TEE=-1
rank= 8 Lx=Ly=12 pg= 0.860 ids= 568 TEE=-1
rank= 5 Lx=Ly=12 pg= 0.905 ids= 185 TEE=-1
rank=16 Lx=Ly=12 pg= 0.860 ids= 576 TEE=-1
rank=15 Lx=Ly=12 pg= 0.770 ids= 215 TEE=-1
rank=14 Lx=Ly=12 pg= 0.815 ids= 474 TEE=0
rank=10 Lx=Ly=12 pg= 0.905 ids=  90 TEE=-1
rank= 6 Lx=Ly=12 pg= 0.680 ids= 506 TEE=-1
rank= 9 Lx=Ly=12 pg= 0.860 ids= 529 TEE=-1
rank= 0 Lx=Ly=12 pg= 0.905 ids= 100 TEE=0
rank= 7 Lx=Ly=12 pg= 0.860 ids= 467 TEE=-1
rank=17 Lx=Ly=12 pg= 0.905 ids= 277 TEE=-1
rank=13 Lx=Ly=12 pg= 0.860 ids= 433 TEE=-1
rank= 2 Lx=Ly=12 pg= 0.680 ids= 462 TEE=0
rank=11 Lx=Ly=12 pg= 0.860 ids= 411 TEE=-1
rank=19 Lx=Ly=12 pg= 0.680 ids= 479 TEE=0
rank=18 Lx=Ly=12 pg= 0.680 ids= 458 TEE=0
rank= 1 Lx=Ly=12 pg= 0.905 ids= 241 TEE=-1
rank= 8 Lx=Ly=12 pg= 0.860 ids= 588 TEE=-1
rank= 3 Lx=Ly=12 pg= 0.680 ids= 523 TEE=0
rank= 5 Lx=Ly=12 pg= 0.905 ids= 205 TEE=-1
rank=12 Lx=Ly=12 pg= 0.680 ids= 452 TEE=-1
rank=15 Lx=Ly=12 pg= 0.770 ids= 235 TEE=-1
rank=10 Lx=Ly=12 pg= 0.905 ids= 110 TEE=-1
rank=16 Lx=Ly=12 pg= 0.860 ids= 596 TEE=-1
rank= 4 Lx=Ly=12 pg= 0.680 ids= 564 TEE=-1
rank= 9 Lx=Ly=12 pg= 0.860 ids= 549 TEE=-1
rank= 0 Lx=Ly=12 pg= 0.905 ids= 120 TEE=-1
rank=17 Lx=Ly=12 pg= 0.905 ids= 297 TEE=-1
rank=13 Lx=Ly=12 pg= 0.860 ids= 453 TEE=-1
rank= 7 Lx=Ly=12 pg= 0.860 ids= 487 TEE=-1
rank=11 Lx=Ly=12 pg= 0.860 ids= 431 TEE=-1
rank= 1 Lx=Ly=12 pg= 0.905 ids= 261 TEE=-1
rank= 8 Lx=Ly=12 pg= 0.860 ids= 608 TEE=-1
rank= 5 Lx=Ly=12 pg= 0.905 ids= 225 TEE=-1
rank=15 Lx=Ly=12 pg= 0.770 ids= 255 TEE=0
rank=10 Lx=Ly=12 pg= 0.905 ids= 130 TEE=-1
rank=16 Lx=Ly=12 pg= 0.860 ids= 616 TEE=-1
rank= 9 Lx=Ly=12 pg= 0.860 ids= 569 TEE=-1
rank= 0 Lx=Ly=12 pg= 0.905 ids= 140 TEE=-1
rank=14 Lx=Ly=12 pg= 0.815 ids= 494 TEE=-1
rank=17 Lx=Ly=12 pg= 0.905 ids= 317 TEE=-1
rank=13 Lx=Ly=12 pg= 0.860 ids= 473 TEE=-1
rank= 6 Lx=Ly=12 pg= 0.680 ids= 526 TEE=-1
rank=11 Lx=Ly=12 pg= 0.860 ids= 451 TEE=0
rank= 7 Lx=Ly=12 pg= 0.860 ids= 507 TEE=0
rank= 2 Lx=Ly=12 pg= 0.680 ids= 482 TEE=-1
rank=19 Lx=Ly=12 pg= 0.680 ids= 499 TEE=-1
rank= 1 Lx=Ly=12 pg= 0.905 ids= 281 TEE=-1
rank=18 Lx=Ly=12 pg= 0.680 ids= 478 TEE=-1
rank=12 Lx=Ly=12 pg= 0.680 ids= 472 TEE=-1
rank= 8 Lx=Ly=12 pg= 0.860 ids= 628 TEE=-1
rank= 5 Lx=Ly=12 pg= 0.905 ids= 245 TEE=0
rank=15 Lx=Ly=12 pg= 0.770 ids= 275 TEE=-1
rank= 3 Lx=Ly=12 pg= 0.680 ids= 543 TEE=-1
rank=10 Lx=Ly=12 pg= 0.905 ids= 150 TEE=-1
rank=16 Lx=Ly=12 pg= 0.860 ids= 636 TEE=-1
rank= 9 Lx=Ly=12 pg= 0.860 ids= 589 TEE=-1
rank=17 Lx=Ly=12 pg= 0.905 ids= 337 TEE=-1
rank= 0 Lx=Ly=12 pg= 0.905 ids= 160 TEE=-1
rank= 4 Lx=Ly=12 pg= 0.680 ids= 584 TEE=-1
rank=13 Lx=Ly=12 pg= 0.860 ids= 493 TEE=-1
rank= 7 Lx=Ly=12 pg= 0.860 ids= 527 TEE=-1
rank=11 Lx=Ly=12 pg= 0.860 ids= 471 TEE=-1
rank= 1 Lx=Ly=12 pg= 0.905 ids= 301 TEE=-1
rank=15 Lx=Ly=12 pg= 0.770 ids= 295 TEE=0
rank=14 Lx=Ly=12 pg= 0.815 ids= 514 TEE=-1
rank= 2 Lx=Ly=12 pg= 0.680 ids= 502 TEE=0
rank= 5 Lx=Ly=12 pg= 0.905 ids= 265 TEE=-1
rank=10 Lx=Ly=12 pg= 0.905 ids= 170 TEE=-1
rank=16 Lx=Ly=12 pg= 0.860 ids= 656 TEE=-1
rank=17 Lx=Ly=12 pg= 0.905 ids= 357 TEE=-1
rank= 9 Lx=Ly=12 pg= 0.860 ids= 609 TEE=-1
rank= 8 Lx=Ly=12 pg= 0.860 ids= 648 TEE=-1
rank= 0 Lx=Ly=12 pg= 0.905 ids= 180 TEE=-1
rank= 6 Lx=Ly=12 pg= 0.680 ids= 546 TEE=-1
rank=19 Lx=Ly=12 pg= 0.680 ids= 519 TEE=0
rank=12 Lx=Ly=12 pg= 0.680 ids= 492 TEE=-1
rank=13 Lx=Ly=12 pg= 0.860 ids= 513 TEE=-1
rank= 7 Lx=Ly=12 pg= 0.860 ids= 547 TEE=-1
rank= 3 Lx=Ly=12 pg= 0.680 ids= 563 TEE=0
rank= 1 Lx=Ly=12 pg= 0.905 ids= 321 TEE=-1
rank=11 Lx=Ly=12 pg= 0.860 ids= 491 TEE=0
rank=15 Lx=Ly=12 pg= 0.770 ids= 315 TEE=-1
rank= 5 Lx=Ly=12 pg= 0.905 ids= 285 TEE=-1
rank=18 Lx=Ly=12 pg= 0.680 ids= 498 TEE=-1
rank=10 Lx=Ly=12 pg= 0.905 ids= 190 TEE=-1
rank= 9 Lx=Ly=12 pg= 0.860 ids= 629 TEE=-1
rank=17 Lx=Ly=12 pg= 0.905 ids= 377 TEE=-1
rank= 0 Lx=Ly=12 pg= 0.905 ids= 200 TEE=-1
rank= 8 Lx=Ly=12 pg= 0.860 ids= 668 TEE=-1
rank= 4 Lx=Ly=12 pg= 0.680 ids= 604 TEE=0
rank=16 Lx=Ly=12 pg= 0.860 ids= 676 TEE=-1
rank=13 Lx=Ly=12 pg= 0.860 ids= 533 TEE=0
rank= 7 Lx=Ly=12 pg= 0.860 ids= 567 TEE=-1
rank= 2 Lx=Ly=12 pg= 0.680 ids= 522 TEE=-1
rank= 1 Lx=Ly=12 pg= 0.905 ids= 341 TEE=-1
rank=11 Lx=Ly=12 pg= 0.860 ids= 511 TEE=-1
rank=15 Lx=Ly=12 pg= 0.770 ids= 335 TEE=-1
rank=14 Lx=Ly=12 pg= 0.815 ids= 534 TEE=-1
rank= 5 Lx=Ly=12 pg= 0.905 ids= 305 TEE=-1
rank=10 Lx=Ly=12 pg= 0.905 ids= 210 TEE=-1
rank=19 Lx=Ly=12 pg= 0.680 ids= 539 TEE=0
rank= 9 Lx=Ly=12 pg= 0.860 ids= 649 TEE=-1
rank=17 Lx=Ly=12 pg= 0.905 ids= 397 TEE=-1
rank= 0 Lx=Ly=12 pg= 0.905 ids= 220 TEE=-1
rank= 8 Lx=Ly=12 pg= 0.860 ids= 688 TEE=-1
rank= 6 Lx=Ly=12 pg= 0.680 ids= 566 TEE=0
rank= 3 Lx=Ly=12 pg= 0.680 ids= 583 TEE=-1
rank=18 Lx=Ly=12 pg= 0.680 ids= 518 TEE=-1
rank=16 Lx=Ly=12 pg= 0.860 ids= 696 TEE=-1
rank= 1 Lx=Ly=12 pg= 0.905 ids= 361 TEE=-1
rank=12 Lx=Ly=12 pg= 0.680 ids= 512 TEE=0
rank=15 Lx=Ly=12 pg= 0.770 ids= 355 TEE=-1
rank=13 Lx=Ly=12 pg= 0.860 ids= 553 TEE=-1
rank= 7 Lx=Ly=12 pg= 0.860 ids= 587 TEE=-1
rank=11 Lx=Ly=12 pg= 0.860 ids= 531 TEE=0
rank= 5 Lx=Ly=12 pg= 0.905 ids= 325 TEE=-1
rank=10 Lx=Ly=12 pg= 0.905 ids= 230 TEE=0
rank=17 Lx=Ly=12 pg= 0.905 ids= 417 TEE=-1
rank= 0 Lx=Ly=12 pg= 0.905 ids= 240 TEE=-1
rank= 9 Lx=Ly=12 pg= 0.860 ids= 669 TEE=-1
rank= 8 Lx=Ly=12 pg= 0.860 ids= 708 TEE=-1
rank= 2 Lx=Ly=12 pg= 0.680 ids= 542 TEE=0
rank=16 Lx=Ly=12 pg= 0.860 ids= 716 TEE=-1
rank= 4 Lx=Ly=12 pg= 0.680 ids= 624 TEE=-1
rank= 1 Lx=Ly=12 pg= 0.905 ids= 381 TEE=-1
rank=15 Lx=Ly=12 pg= 0.770 ids= 375 TEE=-1
rank=13 Lx=Ly=12 pg= 0.860 ids= 573 TEE=-1
rank= 7 Lx=Ly=12 pg= 0.860 ids= 607 TEE=-1
rank= 5 Lx=Ly=12 pg= 0.905 ids= 345 TEE=-1
rank=14 Lx=Ly=12 pg= 0.815 ids= 554 TEE=-1
rank=10 Lx=Ly=12 pg= 0.905 ids= 250 TEE=0
rank=19 Lx=Ly=12 pg= 0.680 ids= 559 TEE=-1
rank=11 Lx=Ly=12 pg= 0.860 ids= 551 TEE=-1
rank=17 Lx=Ly=12 pg= 0.905 ids= 437 TEE=-1
rank= 0 Lx=Ly=12 pg= 0.905 ids= 260 TEE=-1
rank= 6 Lx=Ly=12 pg= 0.680 ids= 586 TEE=0
rank= 9 Lx=Ly=12 pg= 0.860 ids= 689 TEE=-1
rank= 8 Lx=Ly=12 pg= 0.860 ids= 728 TEE=-1
rank=16 Lx=Ly=12 pg= 0.860 ids= 736 TEE=-1
rank= 1 Lx=Ly=12 pg= 0.905 ids= 401 TEE=-1
rank=18 Lx=Ly=12 pg= 0.680 ids= 538 TEE=0
rank=15 Lx=Ly=12 pg= 0.770 ids= 395 TEE=-1
rank=12 Lx=Ly=12 pg= 0.680 ids= 532 TEE=-1
rank= 3 Lx=Ly=12 pg= 0.680 ids= 603 TEE=-1
rank= 7 Lx=Ly=12 pg= 0.860 ids= 627 TEE=-1
rank= 5 Lx=Ly=12 pg= 0.905 ids= 365 TEE=-1
rank=13 Lx=Ly=12 pg= 0.860 ids= 593 TEE=-1
rank=10 Lx=Ly=12 pg= 0.905 ids= 270 TEE=-1
rank=11 Lx=Ly=12 pg= 0.860 ids= 571 TEE=-1
rank=17 Lx=Ly=12 pg= 0.905 ids= 457 TEE=-1
rank= 0 Lx=Ly=12 pg= 0.905 ids= 280 TEE=-1
rank= 9 Lx=Ly=12 pg= 0.860 ids= 709 TEE=0
rank= 8 Lx=Ly=12 pg= 0.860 ids= 748 TEE=-1
rank=16 Lx=Ly=12 pg= 0.860 ids= 756 TEE=-1
rank= 4 Lx=Ly=12 pg= 0.680 ids= 644 TEE=0
rank= 2 Lx=Ly=12 pg= 0.680 ids= 562 TEE=-1
rank= 1 Lx=Ly=12 pg= 0.905 ids= 421 TEE=-1
rank=14 Lx=Ly=12 pg= 0.815 ids= 574 TEE=-1
rank=15 Lx=Ly=12 pg= 0.770 ids= 415 TEE=-1
rank= 5 Lx=Ly=12 pg= 0.905 ids= 385 TEE=-1
rank= 7 Lx=Ly=12 pg= 0.860 ids= 647 TEE=-1
rank=13 Lx=Ly=12 pg= 0.860 ids= 613 TEE=-1
rank=10 Lx=Ly=12 pg= 0.905 ids= 290 TEE=-1
rank=17 Lx=Ly=12 pg= 0.905 ids= 477 TEE=-1
rank= 0 Lx=Ly=12 pg= 0.905 ids= 300 TEE=-1
rank=11 Lx=Ly=12 pg= 0.860 ids= 591 TEE=-1
rank=19 Lx=Ly=12 pg= 0.680 ids= 579 TEE=0
rank= 8 Lx=Ly=12 pg= 0.860 ids= 768 TEE=-1
rank= 9 Lx=Ly=12 pg= 0.860 ids= 729 TEE=-1
rank= 6 Lx=Ly=12 pg= 0.680 ids= 606 TEE=0
rank=16 Lx=Ly=12 pg= 0.860 ids= 776 TEE=-1
rank=18 Lx=Ly=12 pg= 0.680 ids= 558 TEE=0
rank= 1 Lx=Ly=12 pg= 0.905 ids= 441 TEE=-1
rank=15 Lx=Ly=12 pg= 0.770 ids= 435 TEE=-1
rank= 5 Lx=Ly=12 pg= 0.905 ids= 405 TEE=0
rank= 7 Lx=Ly=12 pg= 0.860 ids= 667 TEE=0
rank= 3 Lx=Ly=12 pg= 0.680 ids= 623 TEE=-1
rank=13 Lx=Ly=12 pg= 0.860 ids= 633 TEE=-1
rank=10 Lx=Ly=12 pg= 0.905 ids= 310 TEE=-1
rank=12 Lx=Ly=12 pg= 0.680 ids= 552 TEE=-1
rank=17 Lx=Ly=12 pg= 0.905 ids= 497 TEE=0
rank= 0 Lx=Ly=12 pg= 0.905 ids= 320 TEE=-1
rank=11 Lx=Ly=12 pg= 0.860 ids= 611 TEE=-1
rank= 8 Lx=Ly=12 pg= 0.860 ids= 788 TEE=-1
rank= 9 Lx=Ly=12 pg= 0.860 ids= 749 TEE=-1
rank= 2 Lx=Ly=12 pg= 0.680 ids= 582 TEE=-1
rank=16 Lx=Ly=12 pg= 0.860 ids= 796 TEE=-1
rank= 1 Lx=Ly=12 pg= 0.905 ids= 461 TEE=-1
rank= 4 Lx=Ly=12 pg= 0.680 ids= 664 TEE=-1
rank=15 Lx=Ly=12 pg= 0.770 ids= 455 TEE=0
rank= 5 Lx=Ly=12 pg= 0.905 ids= 425 TEE=-1
rank=14 Lx=Ly=12 pg= 0.815 ids= 594 TEE=-1
rank=13 Lx=Ly=12 pg= 0.860 ids= 653 TEE=-1
rank=10 Lx=Ly=12 pg= 0.905 ids= 330 TEE=-1
rank=17 Lx=Ly=12 pg= 0.905 ids= 517 TEE=-1
rank= 7 Lx=Ly=12 pg= 0.860 ids= 687 TEE=-1
rank= 0 Lx=Ly=12 pg= 0.905 ids= 340 TEE=-1
rank=11 Lx=Ly=12 pg= 0.860 ids= 631 TEE=-1
rank= 8 Lx=Ly=12 pg= 0.905 ids=   8 TEE=0
rank= 9 Lx=Ly=12 pg= 0.860 ids= 769 TEE=-1
rank=19 Lx=Ly=12 pg= 0.680 ids= 599 TEE=0
rank= 1 Lx=Ly=12 pg= 0.905 ids= 481 TEE=0
rank=12 Lx=Ly=12 pg= 0.680 ids= 572 TEE=0
rank= 6 Lx=Ly=12 pg= 0.680 ids= 626 TEE=-1
rank=15 Lx=Ly=12 pg= 0.770 ids= 475 TEE=-1
rank=18 Lx=Ly=12 pg= 0.680 ids= 578 TEE=0
rank= 5 Lx=Ly=12 pg= 0.905 ids= 445 TEE=-1
rank=16 Lx=Ly=12 pg= 0.905 ids=  16 TEE=-1
rank=13 Lx=Ly=12 pg= 0.860 ids= 673 TEE=0
rank=10 Lx=Ly=12 pg= 0.905 ids= 350 TEE=-1
rank=17 Lx=Ly=12 pg= 0.905 ids= 537 TEE=-1
rank= 0 Lx=Ly=12 pg= 0.905 ids= 360 TEE=-1
rank= 7 Lx=Ly=12 pg= 0.860 ids= 707 TEE=-1
rank=14 Lx=Ly=12 pg= 0.815 ids= 614 TEE=0
rank= 3 Lx=Ly=12 pg= 0.680 ids= 643 TEE=-1
rank= 9 Lx=Ly=12 pg= 0.860 ids= 789 TEE=0
rank=11 Lx=Ly=12 pg= 0.860 ids= 651 TEE=-1
rank= 1 Lx=Ly=12 pg= 0.905 ids= 501 TEE=-1
rank= 8 Lx=Ly=12 pg= 0.905 ids=  28 TEE=-1
rank= 2 Lx=Ly=12 pg= 0.680 ids= 602 TEE=-1
rank=15 Lx=Ly=12 pg= 0.770 ids= 495 TEE=-1
rank= 5 Lx=Ly=12 pg= 0.905 ids= 465 TEE=-1
rank= 4 Lx=Ly=12 pg= 0.680 ids= 684 TEE=-1
rank=13 Lx=Ly=12 pg= 0.860 ids= 693 TEE=-1
rank=10 Lx=Ly=12 pg= 0.905 ids= 370 TEE=-1
rank=16 Lx=Ly=12 pg= 0.905 ids=  36 TEE=-1
rank=17 Lx=Ly=12 pg= 0.905 ids= 557 TEE=-1
rank= 0 Lx=Ly=12 pg= 0.905 ids= 380 TEE=-1
rank= 7 Lx=Ly=12 pg= 0.860 ids= 727 TEE=-1
rank= 9 Lx=Ly=12 pg= 0.905 ids=   9 TEE=-1
rank=12 Lx=Ly=12 pg= 0.680 ids= 592 TEE=-1
rank= 6 Lx=Ly=12 pg= 0.680 ids= 646 TEE=-1
rank= 1 Lx=Ly=12 pg= 0.905 ids= 521 TEE=-1
rank= 8 Lx=Ly=12 pg= 0.905 ids=  48 TEE=-1
rank=11 Lx=Ly=12 pg= 0.860 ids= 671 TEE=-1
rank=15 Lx=Ly=12 pg= 0.770 ids= 515 TEE=-1
rank= 5 Lx=Ly=12 pg= 0.905 ids= 485 TEE=-1
rank=19 Lx=Ly=12 pg= 0.680 ids= 619 TEE=0
rank=10 Lx=Ly=12 pg= 0.905 ids= 390 TEE=0
rank=13 Lx=Ly=12 pg= 0.860 ids= 713 TEE=-1
rank=16 Lx=Ly=12 pg= 0.905 ids=  56 TEE=-1
rank=17 Lx=Ly=12 pg= 0.905 ids= 577 TEE=-1
rank=18 Lx=Ly=12 pg= 0.680 ids= 598 TEE=-1
rank= 0 Lx=Ly=12 pg= 0.905 ids= 400 TEE=-1
rank= 3 Lx=Ly=12 pg= 0.680 ids= 663 TEE=-1
rank= 7 Lx=Ly=12 pg= 0.860 ids= 747 TEE=-1
rank=14 Lx=Ly=12 pg= 0.815 ids= 634 TEE=-1
rank= 9 Lx=Ly=12 pg= 0.905 ids=  29 TEE=-1
rank= 1 Lx=Ly=12 pg= 0.905 ids= 541 TEE=-1
rank=11 Lx=Ly=12 pg= 0.860 ids= 691 TEE=-1
rank= 8 Lx=Ly=12 pg= 0.905 ids=  68 TEE=-1
rank=15 Lx=Ly=12 pg= 0.770 ids= 535 TEE=-1
rank= 5 Lx=Ly=12 pg= 0.905 ids= 505 TEE=0
rank= 4 Lx=Ly=12 pg= 0.680 ids= 704 TEE=0
rank=13 Lx=Ly=12 pg= 0.860 ids= 733 TEE=-1
rank= 2 Lx=Ly=12 pg= 0.680 ids= 622 TEE=-1
rank=10 Lx=Ly=12 pg= 0.905 ids= 410 TEE=-1
rank=17 Lx=Ly=12 pg= 0.905 ids= 597 TEE=-1
rank=16 Lx=Ly=12 pg= 0.905 ids=  76 TEE=-1
rank= 0 Lx=Ly=12 pg= 0.905 ids= 420 TEE=-1
rank= 7 Lx=Ly=12 pg= 0.860 ids= 767 TEE=-1
rank= 1 Lx=Ly=12 pg= 0.905 ids= 561 TEE=-1
rank= 9 Lx=Ly=12 pg= 0.905 ids=  49 TEE=-1
rank= 6 Lx=Ly=12 pg= 0.680 ids= 666 TEE=0
rank= 5 Lx=Ly=12 pg= 0.905 ids= 525 TEE=-1
rank=15 Lx=Ly=12 pg= 0.770 ids= 555 TEE=-1
rank= 8 Lx=Ly=12 pg= 0.905 ids=  88 TEE=-1
rank=11 Lx=Ly=12 pg= 0.860 ids= 711 TEE=0
rank=12 Lx=Ly=12 pg= 0.680 ids= 612 TEE=0
rank=19 Lx=Ly=12 pg= 0.680 ids= 639 TEE=0
rank=10 Lx=Ly=12 pg= 0.905 ids= 430 TEE=-1
rank=17 Lx=Ly=12 pg= 0.905 ids= 617 TEE=-1
rank=13 Lx=Ly=12 pg= 0.860 ids= 753 TEE=0
rank=16 Lx=Ly=12 pg= 0.905 ids=  96 TEE=-1
rank=18 Lx=Ly=12 pg= 0.680 ids= 618 TEE=0
rank= 0 Lx=Ly=12 pg= 0.905 ids= 440 TEE=-1
rank= 3 Lx=Ly=12 pg= 0.680 ids= 683 TEE=-1
rank= 7 Lx=Ly=12 pg= 0.860 ids= 787 TEE=-1
rank=14 Lx=Ly=12 pg= 0.815 ids= 654 TEE=-1
rank= 4 Lx=Ly=12 pg= 0.680 ids= 724 TEE=0
rank= 9 Lx=Ly=12 pg= 0.905 ids=  69 TEE=-1
rank= 1 Lx=Ly=12 pg= 0.905 ids= 581 TEE=-1
rank= 6 Lx=Ly=12 pg= 0.680 ids= 686 TEE=0
rank= 5 Lx=Ly=12 pg= 0.905 ids= 545 TEE=-1
rank= 8 Lx=Ly=12 pg= 0.905 ids= 108 TEE=-1
rank=11 Lx=Ly=12 pg= 0.860 ids= 731 TEE=-1
rank=15 Lx=Ly=12 pg= 0.770 ids= 575 TEE=-1
rank=17 Lx=Ly=12 pg= 0.905 ids= 637 TEE=-1
rank=13 Lx=Ly=12 pg= 0.860 ids= 773 TEE=-1
rank=10 Lx=Ly=12 pg= 0.905 ids= 450 TEE=-1
rank= 0 Lx=Ly=12 pg= 0.905 ids= 460 TEE=-1
rank= 2 Lx=Ly=12 pg= 0.680 ids= 642 TEE=0
rank=16 Lx=Ly=12 pg= 0.905 ids= 116 TEE=-1
rank= 7 Lx=Ly=12 pg= 0.905 ids=   7 TEE=-1
rank= 9 Lx=Ly=12 pg= 0.905 ids=  89 TEE=-1
rank= 1 Lx=Ly=12 pg= 0.905 ids= 601 TEE=-1
rank= 5 Lx=Ly=12 pg= 0.905 ids= 565 TEE=-1
rank= 3 Lx=Ly=12 pg= 0.680 ids= 703 TEE=0
rank=15 Lx=Ly=12 pg= 0.770 ids= 595 TEE=-1
rank=19 Lx=Ly=12 pg= 0.680 ids= 659 TEE=-1
rank=11 Lx=Ly=12 pg= 0.860 ids= 751 TEE=-1
rank= 8 Lx=Ly=12 pg= 0.905 ids= 128 TEE=-1
rank=17 Lx=Ly=12 pg= 0.905 ids= 657 TEE=-1
rank=14 Lx=Ly=12 pg= 0.815 ids= 674 TEE=-1
rank=10 Lx=Ly=12 pg= 0.905 ids= 470 TEE=-1
rank= 0 Lx=Ly=12 pg= 0.905 ids= 480 TEE=-1
rank=13 Lx=Ly=12 pg= 0.860 ids= 793 TEE=-1
rank=12 Lx=Ly=12 pg= 0.680 ids= 632 TEE=0
rank=18 Lx=Ly=12 pg= 0.680 ids= 638 TEE=0
rank= 9 Lx=Ly=12 pg= 0.905 ids= 109 TEE=-1
rank= 4 Lx=Ly=12 pg= 0.680 ids= 744 TEE=-1
rank= 1 Lx=Ly=12 pg= 0.905 ids= 621 TEE=-1
rank=16 Lx=Ly=12 pg= 0.905 ids= 136 TEE=-1
rank= 7 Lx=Ly=12 pg= 0.905 ids=  27 TEE=-1
rank= 5 Lx=Ly=12 pg= 0.905 ids= 585 TEE=-1
rank= 6 Lx=Ly=12 pg= 0.680 ids= 706 TEE=0
rank=15 Lx=Ly=12 pg= 0.770 ids= 615 TEE=-1
rank=17 Lx=Ly=12 pg= 0.905 ids= 677 TEE=-1
rank=11 Lx=Ly=12 pg= 0.860 ids= 771 TEE=-1
rank= 8 Lx=Ly=12 pg= 0.905 ids= 148 TEE=-1
rank=10 Lx=Ly=12 pg= 0.905 ids= 490 TEE=-1
rank= 2 Lx=Ly=12 pg= 0.680 ids= 662 TEE=0
rank= 0 Lx=Ly=12 pg= 0.905 ids= 500 TEE=-1
rank=13 Lx=Ly=12 pg= 0.905 ids=  13 TEE=-1
rank=19 Lx=Ly=12 pg= 0.680 ids= 679 TEE=-1
rank= 9 Lx=Ly=12 pg= 0.905 ids= 129 TEE=-1
rank= 1 Lx=Ly=12 pg= 0.905 ids= 641 TEE=-1
rank=16 Lx=Ly=12 pg= 0.905 ids= 156 TEE=-1
rank= 3 Lx=Ly=12 pg= 0.680 ids= 723 TEE=0
rank= 7 Lx=Ly=12 pg= 0.905 ids=  47 TEE=-1
rank= 5 Lx=Ly=12 pg= 0.905 ids= 605 TEE=-1
rank=15 Lx=Ly=12 pg= 0.770 ids= 635 TEE=-1
rank=11 Lx=Ly=12 pg= 0.860 ids= 791 TEE=-1
rank= 0 Lx=Ly=12 pg= 0.905 ids= 520 TEE=0
rank=17 Lx=Ly=12 pg= 0.905 ids= 697 TEE=-1
rank=14 Lx=Ly=12 pg= 0.815 ids= 694 TEE=-1
rank=12 Lx=Ly=12 pg= 0.680 ids= 652 TEE=-1
rank= 8 Lx=Ly=12 pg= 0.905 ids= 168 TEE=-1
rank=18 Lx=Ly=12 pg= 0.680 ids= 658 TEE=0
rank=10 Lx=Ly=12 pg= 0.905 ids= 510 TEE=-1
rank=13 Lx=Ly=12 pg= 0.905 ids=  33 TEE=-1
rank= 4 Lx=Ly=12 pg= 0.680 ids= 764 TEE=0
rank= 1 Lx=Ly=12 pg= 0.905 ids= 661 TEE=0
rank=16 Lx=Ly=12 pg= 0.905 ids= 176 TEE=-1
rank= 5 Lx=Ly=12 pg= 0.905 ids= 625 TEE=-1
rank= 9 Lx=Ly=12 pg= 0.905 ids= 149 TEE=-1
rank= 7 Lx=Ly=12 pg= 0.905 ids=  67 TEE=-1
rank=15 Lx=Ly=12 pg= 0.770 ids= 655 TEE=-1
rank= 6 Lx=Ly=12 pg= 0.680 ids= 726 TEE=0
rank=17 Lx=Ly=12 pg= 0.905 ids= 717 TEE=-1
rank= 0 Lx=Ly=12 pg= 0.905 ids= 540 TEE=-1
rank= 2 Lx=Ly=12 pg= 0.680 ids= 682 TEE=-1
rank=11 Lx=Ly=12 pg= 0.905 ids=  11 TEE=-1
rank=13 Lx=Ly=12 pg= 0.905 ids=  53 TEE=-1
rank=10 Lx=Ly=12 pg= 0.905 ids= 530 TEE=-1
rank= 8 Lx=Ly=12 pg= 0.905 ids= 188 TEE=-1
rank=19 Lx=Ly=12 pg= 0.680 ids= 699 TEE=0
rank= 1 Lx=Ly=12 pg= 0.905 ids= 681 TEE=-1
rank= 3 Lx=Ly=12 pg= 0.680 ids= 743 TEE=0
rank= 5 Lx=Ly=12 pg= 0.905 ids= 645 TEE=-1
rank=18 Lx=Ly=12 pg= 0.680 ids= 678 TEE=-1
rank= 9 Lx=Ly=12 pg= 0.905 ids= 169 TEE=-1
rank= 7 Lx=Ly=12 pg= 0.905 ids=  87 TEE=-1
rank=16 Lx=Ly=12 pg= 0.905 ids= 196 TEE=-1
rank=15 Lx=Ly=12 pg= 0.770 ids= 675 TEE=-1
rank=12 Lx=Ly=12 pg= 0.680 ids= 672 TEE=-1
rank=17 Lx=Ly=12 pg= 0.905 ids= 737 TEE=-1
rank= 0 Lx=Ly=12 pg= 0.905 ids= 560 TEE=-1
rank=13 Lx=Ly=12 pg= 0.905 ids=  73 TEE=-1
rank= 8 Lx=Ly=12 pg= 0.905 ids= 208 TEE=-1
rank=14 Lx=Ly=12 pg= 0.815 ids= 714 TEE=-1
rank=10 Lx=Ly=12 pg= 0.905 ids= 550 TEE=-1
rank=11 Lx=Ly=12 pg= 0.905 ids=  31 TEE=-1
rank= 1 Lx=Ly=12 pg= 0.905 ids= 701 TEE=-1
rank= 5 Lx=Ly=12 pg= 0.905 ids= 665 TEE=-1
rank= 6 Lx=Ly=12 pg= 0.680 ids= 746 TEE=-1
rank= 4 Lx=Ly=12 pg= 0.680 ids= 784 TEE=0
rank=16 Lx=Ly=12 pg= 0.905 ids= 216 TEE=-1
rank= 9 Lx=Ly=12 pg= 0.905 ids= 189 TEE=-1
rank= 7 Lx=Ly=12 pg= 0.905 ids= 107 TEE=-1
rank=15 Lx=Ly=12 pg= 0.770 ids= 695 TEE=-1
rank= 0 Lx=Ly=12 pg= 0.905 ids= 580 TEE=-1
rank= 8 Lx=Ly=12 pg= 0.905 ids= 228 TEE=-1
rank=13 Lx=Ly=12 pg= 0.905 ids=  93 TEE=-1
rank=17 Lx=Ly=12 pg= 0.905 ids= 757 TEE=-1
rank= 2 Lx=Ly=12 pg= 0.680 ids= 702 TEE=0
rank=10 Lx=Ly=12 pg= 0.905 ids= 570 TEE=-1
rank=11 Lx=Ly=12 pg= 0.905 ids=  51 TEE=-1
rank=19 Lx=Ly=12 pg= 0.680 ids= 719 TEE=-1
rank= 3 Lx=Ly=12 pg= 0.680 ids= 763 TEE=-1
rank=18 Lx=Ly=12 pg= 0.680 ids= 698 TEE=0
rank= 1 Lx=Ly=12 pg= 0.905 ids= 721 TEE=-1
rank= 5 Lx=Ly=12 pg= 0.905 ids= 685 TEE=-1
rank=16 Lx=Ly=12 pg= 0.905 ids= 236 TEE=0
rank= 7 Lx=Ly=12 pg= 0.905 ids= 127 TEE=-1
rank= 9 Lx=Ly=12 pg= 0.905 ids= 209 TEE=-1
rank=15 Lx=Ly=12 pg= 0.770 ids= 715 TEE=-1
rank=12 Lx=Ly=12 pg= 0.680 ids= 692 TEE=0
rank= 0 Lx=Ly=12 pg= 0.905 ids= 600 TEE=-1
rank= 8 Lx=Ly=12 pg= 0.905 ids= 248 TEE=-1
rank=17 Lx=Ly=12 pg= 0.905 ids= 777 TEE=-1
rank=10 Lx=Ly=12 pg= 0.905 ids= 590 TEE=-1
rank=13 Lx=Ly=12 pg= 0.905 ids= 113 TEE=-1
rank=14 Lx=Ly=12 pg= 0.815 ids= 734 TEE=0
rank=11 Lx=Ly=12 pg= 0.905 ids=  71 TEE=0
rank= 1 Lx=Ly=12 pg= 0.905 ids= 741 TEE=-1
rank= 5 Lx=Ly=12 pg= 0.905 ids= 705 TEE=-1
rank= 6 Lx=Ly=12 pg= 0.680 ids= 766 TEE=-1
rank= 4 Lx=Ly=12 pg= 0.725 ids=   4 TEE=-1
rank=15 Lx=Ly=12 pg= 0.770 ids= 735 TEE=-1
rank= 7 Lx=Ly=12 pg= 0.905 ids= 147 TEE=-1
rank=16 Lx=Ly=12 pg= 0.905 ids= 256 TEE=-1
rank= 9 Lx=Ly=12 pg= 0.905 ids= 229 TEE=-1
rank= 0 Lx=Ly=12 pg= 0.905 ids= 620 TEE=-1
rank= 8 Lx=Ly=12 pg= 0.905 ids= 268 TEE=-1
rank=17 Lx=Ly=12 pg= 0.905 ids= 797 TEE=-1
rank=18 Lx=Ly=12 pg= 0.680 ids= 718 TEE=0
rank=10 Lx=Ly=12 pg= 0.905 ids= 610 TEE=-1
rank= 2 Lx=Ly=12 pg= 0.680 ids= 722 TEE=0
rank=13 Lx=Ly=12 pg= 0.905 ids= 133 TEE=-1
rank= 1 Lx=Ly=12 pg= 0.905 ids= 761 TEE=-1
rank=11 Lx=Ly=12 pg= 0.905 ids=  91 TEE=-1
rank= 5 Lx=Ly=12 pg= 0.905 ids= 725 TEE=-1
rank=15 Lx=Ly=12 pg= 0.770 ids= 755 TEE=-1
rank= 3 Lx=Ly=12 pg= 0.680 ids= 783 TEE=-1
rank=19 Lx=Ly=12 pg= 0.680 ids= 739 TEE=-1
rank=16 Lx=Ly=12 pg= 0.905 ids= 276 TEE=-1
rank= 7 Lx=Ly=12 pg= 0.905 ids= 167 TEE=-1
rank= 9 Lx=Ly=12 pg= 0.905 ids= 249 TEE=-1
rank= 0 Lx=Ly=12 pg= 0.905 ids= 640 TEE=-1
rank=14 Lx=Ly=12 pg= 0.815 ids= 754 TEE=-1
rank= 8 Lx=Ly=12 pg= 0.905 ids= 288 TEE=-1
rank=17 Lx=Ly=12 pg= 0.950 ids=  17 TEE=-1
rank=10 Lx=Ly=12 pg= 0.905 ids= 630 TEE=-1
rank=12 Lx=Ly=12 pg= 0.680 ids= 712 TEE=0
rank=13 Lx=Ly=12 pg= 0.905 ids= 153 TEE=-1
rank= 1 Lx=Ly=12 pg= 0.905 ids= 781 TEE=0
rank=11 Lx=Ly=12 pg= 0.905 ids= 111 TEE=-1
rank= 5 Lx=Ly=12 pg= 0.905 ids= 745 TEE=-1
rank=15 Lx=Ly=12 pg= 0.770 ids= 775 TEE=-1
rank= 2 Lx=Ly=12 pg= 0.680 ids= 742 TEE=0
rank= 6 Lx=Ly=12 pg= 0.680 ids= 786 TEE=-1
rank= 7 Lx=Ly=12 pg= 0.905 ids= 187 TEE=-1
rank= 4 Lx=Ly=12 pg= 0.725 ids=  24 TEE=-1
rank=16 Lx=Ly=12 pg= 0.905 ids= 296 TEE=-1
rank= 9 Lx=Ly=12 pg= 0.905 ids= 269 TEE=-1
rank= 0 Lx=Ly=12 pg= 0.905 ids= 660 TEE=-1
rank=17 Lx=Ly=12 pg= 0.950 ids=  37 TEE=-1
rank= 8 Lx=Ly=12 pg= 0.905 ids= 308 TEE=-1
rank=10 Lx=Ly=12 pg= 0.905 ids= 650 TEE=-1
rank=18 Lx=Ly=12 pg= 0.680 ids= 738 TEE=0
rank= 5 Lx=Ly=12 pg= 0.905 ids= 765 TEE=-1
rank=11 Lx=Ly=12 pg= 0.905 ids= 131 TEE=0
rank=13 Lx=Ly=12 pg= 0.905 ids= 173 TEE=-1
rank= 1 Lx=Ly=12 pg= 0.950 ids=   1 TEE=-1
rank=15 Lx=Ly=12 pg= 0.770 ids= 795 TEE=0
rank= 3 Lx=Ly=12 pg= 0.725 ids=   3 TEE=-1
rank= 7 Lx=Ly=12 pg= 0.905 ids= 207 TEE=-1
rank=16 Lx=Ly=12 pg= 0.905 ids= 316 TEE=-1
rank= 0 Lx=Ly=12 pg= 0.905 ids= 680 TEE=-1
rank=17 Lx=Ly=12 pg= 0.950 ids=  57 TEE=-1
rank=19 Lx=Ly=12 pg= 0.680 ids= 759 TEE=-1
rank=14 Lx=Ly=12 pg= 0.815 ids= 774 TEE=-1
rank=10 Lx=Ly=12 pg= 0.905 ids= 670 TEE=-1
rank= 9 Lx=Ly=12 pg= 0.905 ids= 289 TEE=0
rank= 8 Lx=Ly=12 pg= 0.905 ids= 328 TEE=-1
rank=12 Lx=Ly=12 pg= 0.680 ids= 732 TEE=0
rank= 5 Lx=Ly=12 pg= 0.905 ids= 785 TEE=-1
rank= 1 Lx=Ly=12 pg= 0.950 ids=  21 TEE=-1
rank=13 Lx=Ly=12 pg= 0.905 ids= 193 TEE=-1
rank= 6 Lx=Ly=12 pg= 0.725 ids=   6 TEE=-1
rank=15 Lx=Ly=12 pg= 0.815 ids=  15 TEE=-1
rank= 4 Lx=Ly=12 pg= 0.725 ids=  44 TEE=-1
rank=11 Lx=Ly=12 pg= 0.905 ids= 151 TEE=-1
rank= 2 Lx=Ly=12 pg= 0.680 ids= 762 TEE=0
rank= 7 Lx=Ly=12 pg= 0.905 ids= 227 TEE=-1
rank=17 Lx=Ly=12 pg= 0.950 ids=  77 TEE=-1
rank= 0 Lx=Ly=12 pg= 0.905 ids= 700 TEE=-1
rank=16 Lx=Ly=12 pg= 0.905 ids= 336 TEE=0
rank= 9 Lx=Ly=12 pg= 0.905 ids= 309 TEE=-1
rank=10 Lx=Ly=12 pg= 0.905 ids= 690 TEE=-1
rank= 8 Lx=Ly=12 pg= 0.905 ids= 348 TEE=-1
rank= 3 Lx=Ly=12 pg= 0.725 ids=  23 TEE=-1
rank= 5 Lx=Ly=12 pg= 0.950 ids=   5 TEE=-1
rank= 1 Lx=Ly=12 pg= 0.950 ids=  41 TEE=-1
rank=18 Lx=Ly=12 pg= 0.680 ids= 758 TEE=-1
rank=15 Lx=Ly=12 pg= 0.815 ids=  35 TEE=-1
rank=19 Lx=Ly=12 pg= 0.680 ids= 779 TEE=0
rank=13 Lx=Ly=12 pg= 0.905 ids= 213 TEE=-1
rank=11 Lx=Ly=12 pg= 0.905 ids= 171 TEE=-1
rank= 7 Lx=Ly=12 pg= 0.905 ids= 247 TEE=-1
rank=17 Lx=Ly=12 pg= 0.950 ids=  97 TEE=-1
rank=16 Lx=Ly=12 pg= 0.905 ids= 356 TEE=-1
rank= 0 Lx=Ly=12 pg= 0.905 ids= 720 TEE=-1
rank=10 Lx=Ly=12 pg= 0.905 ids= 710 TEE=-1
rank= 2 Lx=Ly=12 pg= 0.680 ids= 782 TEE=-1
rank=14 Lx=Ly=12 pg= 0.815 ids= 794 TEE=-1
rank=12 Lx=Ly=12 pg= 0.680 ids= 752 TEE=0
rank= 8 Lx=Ly=12 pg= 0.905 ids= 368 TEE=-1
rank= 5 Lx=Ly=12 pg= 0.950 ids=  25 TEE=-1
rank= 1 Lx=Ly=12 pg= 0.950 ids=  61 TEE=-1
rank= 9 Lx=Ly=12 pg= 0.905 ids= 329 TEE=-1
rank=15 Lx=Ly=12 pg= 0.815 ids=  55 TEE=-1
rank= 6 Lx=Ly=12 pg= 0.725 ids=  26 TEE=-1
rank=13 Lx=Ly=12 pg= 0.905 ids= 233 TEE=-1
rank= 4 Lx=Ly=12 pg= 0.725 ids=  64 TEE=0
rank=11 Lx=Ly=12 pg= 0.905 ids= 191 TEE=-1
rank=17 Lx=Ly=12 pg= 0.950 ids= 117 TEE=0
rank= 7 Lx=Ly=12 pg= 0.905 ids= 267 TEE=-1
rank=16 Lx=Ly=12 pg= 0.905 ids= 376 TEE=-1
rank= 0 Lx=Ly=12 pg= 0.905 ids= 740 TEE=-1
rank= 3 Lx=Ly=12 pg= 0.725 ids=  43 TEE=0
rank= 8 Lx=Ly=12 pg= 0.905 ids= 388 TEE=0
rank=10 Lx=Ly=12 pg= 0.905 ids= 730 TEE=-1
rank= 5 Lx=Ly=12 pg= 0.950 ids=  45 TEE=-1
rank= 1 Lx=Ly=12 pg= 0.950 ids=  81 TEE=-1
rank=18 Lx=Ly=12 pg= 0.680 ids= 778 TEE=-1
rank=15 Lx=Ly=12 pg= 0.815 ids=  75 TEE=-1
rank= 9 Lx=Ly=12 pg= 0.905 ids= 349 TEE=-1
rank=19 Lx=Ly=12 pg= 0.680 ids= 799 TEE=0
rank=13 Lx=Ly=12 pg= 0.905 ids= 253 TEE=-1
rank=11 Lx=Ly=12 pg= 0.905 ids= 211 TEE=-1
rank=17 Lx=Ly=12 pg= 0.950 ids= 137 TEE=-1
rank=16 Lx=Ly=12 pg= 0.905 ids= 396 TEE=0
rank= 7 Lx=Ly=12 pg= 0.905 ids= 287 TEE=-1
rank= 0 Lx=Ly=12 pg= 0.905 ids= 760 TEE=-1
rank=12 Lx=Ly=12 pg= 0.680 ids= 772 TEE=0
rank= 8 Lx=Ly=12 pg= 0.905 ids= 408 TEE=-1
rank=14 Lx=Ly=12 pg= 0.860 ids=  14 TEE=-1
rank= 5 Lx=Ly=12 pg= 0.950 ids=  65 TEE=-1
rank= 1 Lx=Ly=12 pg= 0.950 ids= 101 TEE=-1
rank=10 Lx=Ly=12 pg= 0.905 ids= 750 TEE=-1
rank= 2 Lx=Ly=12 pg= 0.725 ids=   2 TEE=-1
rank=15 Lx=Ly=12 pg= 0.815 ids=  95 TEE=-1
rank= 3 Lx=Ly=12 pg= 0.725 ids=  63 TEE=-1
rank= 9 Lx=Ly=12 pg= 0.905 ids= 369 TEE=-1
rank= 6 Lx=Ly=12 pg= 0.725 ids=  46 TEE=-1
rank=13 Lx=Ly=12 pg= 0.905 ids= 273 TEE=-1
rank=17 Lx=Ly=12 pg= 0.950 ids= 157 TEE=0
rank=11 Lx=Ly=12 pg= 0.905 ids= 231 TEE=-1
rank= 0 Lx=Ly=12 pg= 0.905 ids= 780 TEE=-1
rank= 4 Lx=Ly=12 pg= 0.725 ids=  84 TEE=-1
rank=16 Lx=Ly=12 pg= 0.905 ids= 416 TEE=-1
rank= 7 Lx=Ly=12 pg= 0.905 ids= 307 TEE=-1
rank= 8 Lx=Ly=12 pg= 0.905 ids= 428 TEE=0
rank= 1 Lx=Ly=12 pg= 0.950 ids= 121 TEE=-1
rank=10 Lx=Ly=12 pg= 0.905 ids= 770 TEE=-1
rank= 5 Lx=Ly=12 pg= 0.950 ids=  85 TEE=-1
rank=15 Lx=Ly=12 pg= 0.815 ids= 115 TEE=-1
rank= 9 Lx=Ly=12 pg= 0.905 ids= 389 TEE=-1
rank=12 Lx=Ly=12 pg= 0.680 ids= 792 TEE=-1
rank=18 Lx=Ly=12 pg= 0.680 ids= 798 TEE=-1
rank=19 Lx=Ly=12 pg= 0.725 ids=  19 TEE=-1
rank=17 Lx=Ly=12 pg= 0.950 ids= 177 TEE=-1
rank=13 Lx=Ly=12 pg= 0.905 ids= 293 TEE=-1
rank=14 Lx=Ly=12 pg= 0.860 ids=  34 TEE=-1
rank= 0 Lx=Ly=12 pg= 0.950 ids=   0 TEE=-1
rank=11 Lx=Ly=12 pg= 0.905 ids= 251 TEE=-1
rank=16 Lx=Ly=12 pg= 0.905 ids= 436 TEE=-1
rank= 7 Lx=Ly=12 pg= 0.905 ids= 327 TEE=-1
rank= 1 Lx=Ly=12 pg= 0.950 ids= 141 TEE=-1
rank=10 Lx=Ly=12 pg= 0.905 ids= 790 TEE=-1
rank= 3 Lx=Ly=12 pg= 0.725 ids=  83 TEE=-1
rank= 8 Lx=Ly=12 pg= 0.905 ids= 448 TEE=-1
rank= 5 Lx=Ly=12 pg= 0.950 ids= 105 TEE=-1
rank=15 Lx=Ly=12 pg= 0.815 ids= 135 TEE=0
rank= 9 Lx=Ly=12 pg= 0.905 ids= 409 TEE=-1
rank= 6 Lx=Ly=12 pg= 0.725 ids=  66 TEE=0
rank= 2 Lx=Ly=12 pg= 0.725 ids=  22 TEE=-1
rank=17 Lx=Ly=12 pg= 0.950 ids= 197 TEE=-1
rank= 0 Lx=Ly=12 pg= 0.950 ids=  20 TEE=-1
rank=13 Lx=Ly=12 pg= 0.905 ids= 313 TEE=-1
rank=16 Lx=Ly=12 pg= 0.905 ids= 456 TEE=-1
rank= 7 Lx=Ly=12 pg= 0.905 ids= 347 TEE=-1
rank=11 Lx=Ly=12 pg= 0.905 ids= 271 TEE=-1
rank= 1 Lx=Ly=12 pg= 0.950 ids= 161 TEE=-1
rank=10 Lx=Ly=12 pg= 0.950 ids=  10 TEE=-1
rank= 4 Lx=Ly=12 pg= 0.725 ids= 104 TEE=-1
rank=14 Lx=Ly=12 pg= 0.860 ids=  54 TEE=-1
rank= 8 Lx=Ly=12 pg= 0.905 ids= 468 TEE=-1
rank= 5 Lx=Ly=12 pg= 0.950 ids= 125 TEE=-1
rank= 9 Lx=Ly=12 pg= 0.905 ids= 429 TEE=-1
rank=18 Lx=Ly=12 pg= 0.725 ids=  18 TEE=-1
rank=17 Lx=Ly=12 pg= 0.950 ids= 217 TEE=-1
rank=12 Lx=Ly=12 pg= 0.725 ids=  12 TEE=-1
rank=19 Lx=Ly=12 pg= 0.725 ids=  39 TEE=-1
rank= 0 Lx=Ly=12 pg= 0.950 ids=  40 TEE=-1
rank=13 Lx=Ly=12 pg= 0.905 ids= 333 TEE=-1
rank=16 Lx=Ly=12 pg= 0.905 ids= 476 TEE=-1
rank= 7 Lx=Ly=12 pg= 0.905 ids= 367 TEE=-1
rank= 1 Lx=Ly=12 pg= 0.950 ids= 181 TEE=-1
rank=10 Lx=Ly=12 pg= 0.950 ids=  30 TEE=-1
rank=14 Lx=Ly=12 pg= 0.860 ids=  74 TEE=-1
rank=11 Lx=Ly=12 pg= 0.905 ids= 291 TEE=-1
rank= 8 Lx=Ly=12 pg= 0.905 ids= 488 TEE=-1
rank= 5 Lx=Ly=12 pg= 0.950 ids= 145 TEE=-1
rank= 6 Lx=Ly=12 pg= 0.725 ids=  86 TEE=-1
rank= 3 Lx=Ly=12 pg= 0.725 ids= 103 TEE=-1
rank=15 Lx=Ly=12 pg= 0.815 ids= 155 TEE=-1
rank=17 Lx=Ly=12 pg= 0.950 ids= 237 TEE=-1
rank= 2 Lx=Ly=12 pg= 0.725 ids=  42 TEE=-1
rank= 9 Lx=Ly=12 pg= 0.905 ids= 449 TEE=-1
rank= 0 Lx=Ly=12 pg= 0.950 ids=  60 TEE=-1
rank=13 Lx=Ly=12 pg= 0.905 ids= 353 TEE=-1
rank=16 Lx=Ly=12 pg= 0.905 ids= 496 TEE=-1
rank=18 Lx=Ly=12 pg= 0.725 ids=  38 TEE=-1
rank= 1 Lx=Ly=12 pg= 0.950 ids= 201 TEE=-1
rank=10 Lx=Ly=12 pg= 0.950 ids=  50 TEE=-1
rank= 7 Lx=Ly=12 pg= 0.905 ids= 387 TEE=-1
rank=14 Lx=Ly=12 pg= 0.860 ids=  94 TEE=-1
rank=19 Lx=Ly=12 pg= 0.725 ids=  59 TEE=-1
rank= 5 Lx=Ly=12 pg= 0.950 ids= 165 TEE=-1
rank=11 Lx=Ly=12 pg= 0.905 ids= 311 TEE=-1
rank= 4 Lx=Ly=12 pg= 0.725 ids= 124 TEE=-1
rank= 8 Lx=Ly=12 pg= 0.905 ids= 508 TEE=-1
rank= 9 Lx=Ly=12 pg= 0.905 ids= 469 TEE=-1
rank=17 Lx=Ly=12 pg= 0.950 ids= 257 TEE=-1
rank=12 Lx=Ly=12 pg= 0.725 ids=  32 TEE=-1
rank= 0 Lx=Ly=12 pg= 0.950 ids=  80 TEE=-1
rank=16 Lx=Ly=12 pg= 0.905 ids= 516 TEE=0
rank= 1 Lx=Ly=12 pg= 0.950 ids= 221 TEE=-1
rank=10 Lx=Ly=12 pg= 0.950 ids=  70 TEE=-1
rank=14 Lx=Ly=12 pg= 0.860 ids= 114 TEE=-1
rank=13 Lx=Ly=12 pg= 0.905 ids= 373 TEE=0
rank=15 Lx=Ly=12 pg= 0.815 ids= 175 TEE=-1
rank= 5 Lx=Ly=12 pg= 0.950 ids= 185 TEE=-1
rank= 7 Lx=Ly=12 pg= 0.905 ids= 407 TEE=0
rank=11 Lx=Ly=12 pg= 0.905 ids= 331 TEE=-1
rank=18 Lx=Ly=12 pg= 0.725 ids=  58 TEE=-1
rank= 3 Lx=Ly=12 pg= 0.725 ids= 123 TEE=-1
rank= 6 Lx=Ly=12 pg= 0.725 ids= 106 TEE=-1
rank= 8 Lx=Ly=12 pg= 0.905 ids= 528 TEE=-1
rank=17 Lx=Ly=12 pg= 0.950 ids= 277 TEE=-1
rank= 0 Lx=Ly=12 pg= 0.950 ids= 100 TEE=-1
rank= 2 Lx=Ly=12 pg= 0.725 ids=  62 TEE=-1
rank= 9 Lx=Ly=12 pg= 0.905 ids= 489 TEE=-1
rank=10 Lx=Ly=12 pg= 0.950 ids=  90 TEE=-1
rank= 4 Lx=Ly=12 pg= 0.725 ids= 144 TEE=-1
rank= 1 Lx=Ly=12 pg= 0.950 ids= 241 TEE=-1
rank=16 Lx=Ly=12 pg= 0.905 ids= 536 TEE=-1
rank=13 Lx=Ly=12 pg= 0.905 ids= 393 TEE=-1
rank=14 Lx=Ly=12 pg= 0.860 ids= 134 TEE=-1
rank=19 Lx=Ly=12 pg= 0.725 ids=  79 TEE=-1
rank=11 Lx=Ly=12 pg= 0.905 ids= 351 TEE=-1
rank= 7 Lx=Ly=12 pg= 0.905 ids= 427 TEE=0
rank= 5 Lx=Ly=12 pg= 0.950 ids= 205 TEE=-1
rank=12 Lx=Ly=12 pg= 0.725 ids=  52 TEE=-1
rank=17 Lx=Ly=12 pg= 0.950 ids= 297 TEE=-1
rank= 8 Lx=Ly=12 pg= 0.905 ids= 548 TEE=-1
rank= 0 Lx=Ly=12 pg= 0.950 ids= 120 TEE=-1
rank= 9 Lx=Ly=12 pg= 0.905 ids= 509 TEE=0
rank= 3 Lx=Ly=12 pg= 0.725 ids= 143 TEE=-1
rank=16 Lx=Ly=12 pg= 0.905 ids= 556 TEE=-1
rank=14 Lx=Ly=12 pg= 0.860 ids= 154 TEE=-1
rank=13 Lx=Ly=12 pg= 0.905 ids= 413 TEE=-1
rank= 1 Lx=Ly=12 pg= 0.950 ids= 261 TEE=-1
rank=10 Lx=Ly=12 pg= 0.950 ids= 110 TEE=-1
rank= 7 Lx=Ly=12 pg= 0.905 ids= 447 TEE=-1
rank= 5 Lx=Ly=12 pg= 0.950 ids= 225 TEE=-1
rank=11 Lx=Ly=12 pg= 0.905 ids= 371 TEE=-1
rank=17 Lx=Ly=12 pg= 0.950 ids= 317 TEE=-1
rank=15 Lx=Ly=12 pg= 0.815 ids= 195 TEE=-1
rank= 6 Lx=Ly=12 pg= 0.725 ids= 126 TEE=0
rank=18 Lx=Ly=12 pg= 0.725 ids=  78 TEE=-1
rank= 8 Lx=Ly=12 pg= 0.905 ids= 568 TEE=-1
rank= 0 Lx=Ly=12 pg= 0.950 ids= 140 TEE=-1
rank= 2 Lx=Ly=12 pg= 0.725 ids=  82 TEE=-1
rank= 9 Lx=Ly=12 pg= 0.905 ids= 529 TEE=-1
rank= 4 Lx=Ly=12 pg= 0.725 ids= 164 TEE=0
rank=16 Lx=Ly=12 pg= 0.905 ids= 576 TEE=-1
rank=14 Lx=Ly=12 pg= 0.860 ids= 174 TEE=-1
rank= 1 Lx=Ly=12 pg= 0.950 ids= 281 TEE=-1
rank=19 Lx=Ly=12 pg= 0.725 ids=  99 TEE=-1
rank=13 Lx=Ly=12 pg= 0.905 ids= 433 TEE=0
rank= 5 Lx=Ly=12 pg= 0.950 ids= 245 TEE=-1
rank=12 Lx=Ly=12 pg= 0.725 ids=  72 TEE=-1
rank= 7 Lx=Ly=12 pg= 0.905 ids= 467 TEE=-1
rank=11 Lx=Ly=12 pg= 0.905 ids= 391 TEE=-1
rank=10 Lx=Ly=12 pg= 0.950 ids= 130 TEE=-1
rank=17 Lx=Ly=12 pg= 0.950 ids= 337 TEE=-1
rank= 8 Lx=Ly=12 pg= 0.905 ids= 588 TEE=-1
rank= 0 Lx=Ly=12 pg= 0.950 ids= 160 TEE=0
rank= 9 Lx=Ly=12 pg= 0.905 ids= 549 TEE=-1
rank= 3 Lx=Ly=12 pg= 0.725 ids= 163 TEE=-1
rank=14 Lx=Ly=12 pg= 0.860 ids= 194 TEE=-1
rank=16 Lx=Ly=12 pg= 0.905 ids= 596 TEE=-1
rank= 1 Lx=Ly=12 pg= 0.950 ids= 301 TEE=-1
rank=13 Lx=Ly=12 pg= 0.905 ids= 453 TEE=-1
rank= 5 Lx=Ly=12 pg= 0.950 ids= 265 TEE=-1
rank=11 Lx=Ly=12 pg= 0.905 ids= 411 TEE=-1
rank= 7 Lx=Ly=12 pg= 0.905 ids= 487 TEE=-1
rank=10 Lx=Ly=12 pg= 0.950 ids= 150 TEE=-1
rank=18 Lx=Ly=12 pg= 0.725 ids=  98 TEE=0
rank=17 Lx=Ly=12 pg= 0.950 ids= 357 TEE=-1
rank= 8 Lx=Ly=12 pg= 0.905 ids= 608 TEE=0
rank=15 Lx=Ly=12 pg= 0.815 ids= 215 TEE=-1
rank= 0 Lx=Ly=12 pg= 0.950 ids= 180 TEE=-1
rank= 6 Lx=Ly=12 pg= 0.725 ids= 146 TEE=-1
rank= 2 Lx=Ly=12 pg= 0.725 ids= 102 TEE=-1
rank= 9 Lx=Ly=12 pg= 0.905 ids= 569 TEE=-1
rank=14 Lx=Ly=12 pg= 0.860 ids= 214 TEE=-1
rank= 1 Lx=Ly=12 pg= 0.950 ids= 321 TEE=-1
rank= 4 Lx=Ly=12 pg= 0.725 ids= 184 TEE=-1
rank=12 Lx=Ly=12 pg= 0.725 ids=  92 TEE=0
rank=13 Lx=Ly=12 pg= 0.905 ids= 473 TEE=-1
rank= 5 Lx=Ly=12 pg= 0.950 ids= 285 TEE=0
rank=16 Lx=Ly=12 pg= 0.905 ids= 616 TEE=-1
rank=11 Lx=Ly=12 pg= 0.905 ids= 431 TEE=-1
rank=19 Lx=Ly=12 pg= 0.725 ids= 119 TEE=0
rank=10 Lx=Ly=12 pg= 0.950 ids= 170 TEE=-1
rank=17 Lx=Ly=12 pg= 0.950 ids= 377 TEE=-1
rank= 7 Lx=Ly=12 pg= 0.905 ids= 507 TEE=-1
rank= 8 Lx=Ly=12 pg= 0.905 ids= 628 TEE=-1
rank= 0 Lx=Ly=12 pg= 0.950 ids= 200 TEE=-1
rank=14 Lx=Ly=12 pg= 0.860 ids= 234 TEE=-1
rank= 9 Lx=Ly=12 pg= 0.905 ids= 589 TEE=-1
rank= 1 Lx=Ly=12 pg= 0.950 ids= 341 TEE=-1
rank= 5 Lx=Ly=12 pg= 0.950 ids= 305 TEE=-1
rank=10 Lx=Ly=12 pg= 0.950 ids= 190 TEE=-1
rank= 6 Lx=Ly=12 pg= 0.725 ids= 166 TEE=0
rank=18 Lx=Ly=12 pg= 0.725 ids= 118 TEE=0
rank= 3 Lx=Ly=12 pg= 0.725 ids= 183 TEE=-1
rank=16 Lx=Ly=12 pg= 0.905 ids= 636 TEE=-1
rank=11 Lx=Ly=12 pg= 0.905 ids= 451 TEE=-1
rank=13 Lx=Ly=12 pg= 0.905 ids= 493 TEE=-1
rank=17 Lx=Ly=12 pg= 0.950 ids= 397 TEE=-1
rank= 7 Lx=Ly=12 pg= 0.905 ids= 527 TEE=0
rank=15 Lx=Ly=12 pg= 0.815 ids= 235 TEE=-1
rank= 2 Lx=Ly=12 pg= 0.725 ids= 122 TEE=-1
rank= 0 Lx=Ly=12 pg= 0.950 ids= 220 TEE=-1
rank=12 Lx=Ly=12 pg= 0.725 ids= 112 TEE=0
rank= 8 Lx=Ly=12 pg= 0.905 ids= 648 TEE=-1
rank= 4 Lx=Ly=12 pg= 0.725 ids= 204 TEE=0
rank= 1 Lx=Ly=12 pg= 0.950 ids= 361 TEE=-1
rank= 9 Lx=Ly=12 pg= 0.905 ids= 609 TEE=-1
rank=14 Lx=Ly=12 pg= 0.860 ids= 254 TEE=-1
rank= 5 Lx=Ly=12 pg= 0.950 ids= 325 TEE=-1
rank=19 Lx=Ly=12 pg= 0.725 ids= 139 TEE=-1
rank=10 Lx=Ly=12 pg= 0.950 ids= 210 TEE=-1
rank=16 Lx=Ly=12 pg= 0.905 ids= 656 TEE=-1
rank=17 Lx=Ly=12 pg= 0.950 ids= 417 TEE=-1
rank=13 Lx=Ly=12 pg= 0.905 ids= 513 TEE=-1
rank= 7 Lx=Ly=12 pg= 0.905 ids= 547 TEE=-1
rank=11 Lx=Ly=12 pg= 0.905 ids= 471 TEE=-1
rank= 0 Lx=Ly=12 pg= 0.950 ids= 240 TEE=-1
rank= 3 Lx=Ly=12 pg= 0.725 ids= 203 TEE=-1
rank= 9 Lx=Ly=12 pg= 0.905 ids= 629 TEE=-1
rank=18 Lx=Ly=12 pg= 0.725 ids= 138 TEE=-1
rank=14 Lx=Ly=12 pg= 0.860 ids= 274 TEE=-1
rank= 1 Lx=Ly=12 pg= 0.950 ids= 381 TEE=-1
rank= 8 Lx=Ly=12 pg= 0.905 ids= 668 TEE=-1
rank= 5 Lx=Ly=12 pg= 0.950 ids= 345 TEE=-1
rank=10 Lx=Ly=12 pg= 0.950 ids= 230 TEE=-1
rank= 2 Lx=Ly=12 pg= 0.725 ids= 142 TEE=-1
rank= 6 Lx=Ly=12 pg= 0.725 ids= 186 TEE=0
rank=17 Lx=Ly=12 pg= 0.950 ids= 437 TEE=-1
rank=16 Lx=Ly=12 pg= 0.905 ids= 676 TEE=-1
rank=15 Lx=Ly=12 pg= 0.815 ids= 255 TEE=-1
rank=12 Lx=Ly=12 pg= 0.725 ids= 132 TEE=-1
rank=13 Lx=Ly=12 pg= 0.905 ids= 533 TEE=-1
rank= 0 Lx=Ly=12 pg= 0.950 ids= 260 TEE=-1
rank= 7 Lx=Ly=12 pg= 0.905 ids= 567 TEE=-1
rank=11 Lx=Ly=12 pg= 0.905 ids= 491 TEE=-1
rank= 9 Lx=Ly=12 pg= 0.905 ids= 649 TEE=-1
rank=14 Lx=Ly=12 pg= 0.860 ids= 294 TEE=-1
rank= 4 Lx=Ly=12 pg= 0.725 ids= 224 TEE=0
rank= 8 Lx=Ly=12 pg= 0.905 ids= 688 TEE=-1
rank=19 Lx=Ly=12 pg= 0.725 ids= 159 TEE=-1
rank= 1 Lx=Ly=12 pg= 0.950 ids= 401 TEE=-1
rank=10 Lx=Ly=12 pg= 0.950 ids= 250 TEE=-1
rank= 5 Lx=Ly=12 pg= 0.950 ids= 365 TEE=0
rank=18 Lx=Ly=12 pg= 0.725 ids= 158 TEE=-1
rank=17 Lx=Ly=12 pg= 0.950 ids= 457 TEE=-1
rank=13 Lx=Ly=12 pg= 0.905 ids= 553 TEE=-1
rank=16 Lx=Ly=12 pg= 0.905 ids= 696 TEE=-1
rank= 0 Lx=Ly=12 pg= 0.950 ids= 280 TEE=-1
rank=11 Lx=Ly=12 pg= 0.905 ids= 511 TEE=-1
rank= 3 Lx=Ly=12 pg= 0.725 ids= 223 TEE=-1
rank= 9 Lx=Ly=12 pg= 0.905 ids= 669 TEE=-1
rank= 7 Lx=Ly=12 pg= 0.905 ids= 587 TEE=-1
rank=14 Lx=Ly=12 pg= 0.860 ids= 314 TEE=-1
rank= 8 Lx=Ly=12 pg= 0.905 ids= 708 TEE=-1
rank= 1 Lx=Ly=12 pg= 0.950 ids= 421 TEE=-1
rank= 5 Lx=Ly=12 pg= 0.950 ids= 385 TEE=-1
rank=10 Lx=Ly=12 pg= 0.950 ids= 270 TEE=-1
rank= 2 Lx=Ly=12 pg= 0.725 ids= 162 TEE=-1
rank=17 Lx=Ly=12 pg= 0.950 ids= 477 TEE=-1
rank= 6 Lx=Ly=12 pg= 0.725 ids= 206 TEE=-1
rank=12 Lx=Ly=12 pg= 0.725 ids= 152 TEE=-1
rank=16 Lx=Ly=12 pg= 0.905 ids= 716 TEE=-1
rank= 0 Lx=Ly=12 pg= 0.950 ids= 300 TEE=-1
rank=15 Lx=Ly=12 pg= 0.815 ids= 275 TEE=-1
rank=13 Lx=Ly=12 pg= 0.905 ids= 573 TEE=-1
rank=11 Lx=Ly=12 pg= 0.905 ids= 531 TEE=-1
rank= 9 Lx=Ly=12 pg= 0.905 ids= 689 TEE=-1
rank=14 Lx=Ly=12 pg= 0.860 ids= 334 TEE=-1
rank= 7 Lx=Ly=12 pg= 0.905 ids= 607 TEE=-1
rank= 1 Lx=Ly=12 pg= 0.950 ids= 441 TEE=-1
rank=19 Lx=Ly=12 pg= 0.725 ids= 179 TEE=-1
rank= 5 Lx=Ly=12 pg= 0.950 ids= 405 TEE=-1
rank=10 Lx=Ly=12 pg= 0.950 ids= 290 TEE=-1
rank= 8 Lx=Ly=12 pg= 0.905 ids= 728 TEE=-1
rank=17 Lx=Ly=12 pg= 0.950 ids= 497 TEE=-1
rank= 3 Lx=Ly=12 pg= 0.725 ids= 243 TEE=-1
rank= 4 Lx=Ly=12 pg= 0.725 ids= 244 TEE=-1
rank=18 Lx=Ly=12 pg= 0.725 ids= 178 TEE=0
rank= 0 Lx=Ly=12 pg= 0.950 ids= 320 TEE=-1
rank=16 Lx=Ly=12 pg= 0.905 ids= 736 TEE=-1
rank=13 Lx=Ly=12 pg= 0.905 ids= 593 TEE=-1
rank= 2 Lx=Ly=12 pg= 0.725 ids= 182 TEE=-1
rank=14 Lx=Ly=12 pg= 0.860 ids= 354 TEE=-1
rank=11 Lx=Ly=12 pg= 0.905 ids= 551 TEE=0
rank= 9 Lx=Ly=12 pg= 0.905 ids= 709 TEE=-1
rank= 1 Lx=Ly=12 pg= 0.950 ids= 461 TEE=-1
rank= 7 Lx=Ly=12 pg= 0.905 ids= 627 TEE=-1
rank= 5 Lx=Ly=12 pg= 0.950 ids= 425 TEE=-1
rank= 6 Lx=Ly=12 pg= 0.725 ids= 226 TEE=-1
rank= 8 Lx=Ly=12 pg= 0.905 ids= 748 TEE=-1
rank=10 Lx=Ly=12 pg= 0.950 ids= 310 TEE=-1
rank=17 Lx=Ly=12 pg= 0.950 ids= 517 TEE=-1
rank=12 Lx=Ly=12 pg= 0.725 ids= 172 TEE=-1
rank=19 Lx=Ly=12 pg= 0.725 ids= 199 TEE=0
rank= 0 Lx=Ly=12 pg= 0.950 ids= 340 TEE=-1
rank=16 Lx=Ly=12 pg= 0.905 ids= 756 TEE=-1
rank=13 Lx=Ly=12 pg= 0.905 ids= 613 TEE=-1
rank= 9 Lx=Ly=12 pg= 0.905 ids= 729 TEE=-1
rank= 1 Lx=Ly=12 pg= 0.950 ids= 481 TEE=-1
rank=15 Lx=Ly=12 pg= 0.815 ids= 295 TEE=-1
rank= 3 Lx=Ly=12 pg= 0.725 ids= 263 TEE=-1
rank= 5 Lx=Ly=12 pg= 0.950 ids= 445 TEE=-1
rank=11 Lx=Ly=12 pg= 0.905 ids= 571 TEE=-1
rank=14 Lx=Ly=12 pg= 0.860 ids= 374 TEE=-1
rank=18 Lx=Ly=12 pg= 0.725 ids= 198 TEE=-1
rank= 7 Lx=Ly=12 pg= 0.905 ids= 647 TEE=0
rank=10 Lx=Ly=12 pg= 0.950 ids= 330 TEE=-1
rank= 4 Lx=Ly=12 pg= 0.725 ids= 264 TEE=-1
rank=17 Lx=Ly=12 pg= 0.950 ids= 537 TEE=-1
rank= 8 Lx=Ly=12 pg= 0.905 ids= 768 TEE=-1
rank= 0 Lx=Ly=12 pg= 0.950 ids= 360 TEE=-1
rank=16 Lx=Ly=12 pg= 0.905 ids= 776 TEE=-1
rank= 2 Lx=Ly=12 pg= 0.725 ids= 202 TEE=-1
rank= 6 Lx=Ly=12 pg= 0.725 ids= 246 TEE=0
rank=13 Lx=Ly=12 pg= 0.905 ids= 633 TEE=-1
rank= 1 Lx=Ly=12 pg= 0.950 ids= 501 TEE=-1
rank= 5 Lx=Ly=12 pg= 0.950 ids= 465 TEE=-1
rank=14 Lx=Ly=12 pg= 0.860 ids= 394 TEE=-1
rank= 9 Lx=Ly=12 pg= 0.905 ids= 749 TEE=-1
rank=10 Lx=Ly=12 pg= 0.950 ids= 350 TEE=-1
rank=11 Lx=Ly=12 pg= 0.905 ids= 591 TEE=0
rank=17 Lx=Ly=12 pg= 0.950 ids= 557 TEE=-1
rank= 7 Lx=Ly=12 pg= 0.905 ids= 667 TEE=-1
rank= 8 Lx=Ly=12 pg= 0.905 ids= 788 TEE=-1
rank= 0 Lx=Ly=12 pg= 0.950 ids= 380 TEE=-1
rank=12 Lx=Ly=12 pg= 0.725 ids= 192 TEE=0
rank=16 Lx=Ly=12 pg= 0.905 ids= 796 TEE=0
rank= 3 Lx=Ly=12 pg= 0.725 ids= 283 TEE=-1
rank=19 Lx=Ly=12 pg= 0.725 ids= 219 TEE=-1
rank= 1 Lx=Ly=12 pg= 0.950 ids= 521 TEE=-1
rank=13 Lx=Ly=12 pg= 0.905 ids= 653 TEE=0
rank= 5 Lx=Ly=12 pg= 0.950 ids= 485 TEE=-1
rank=14 Lx=Ly=12 pg= 0.860 ids= 414 TEE=-1
rank= 9 Lx=Ly=12 pg= 0.905 ids= 769 TEE=-1
rank=10 Lx=Ly=12 pg= 0.950 ids= 370 TEE=-1
rank=11 Lx=Ly=12 pg= 0.905 ids= 611 TEE=-1
rank=17 Lx=Ly=12 pg= 0.950 ids= 577 TEE=-1
rank=18 Lx=Ly=12 pg= 0.725 ids= 218 TEE=-1
rank= 7 Lx=Ly=12 pg= 0.905 ids= 687 TEE=-1
rank=15 Lx=Ly=12 pg= 0.815 ids= 315 TEE=-1
rank= 4 Lx=Ly=12 pg= 0.725 ids= 284 TEE=-1
rank= 8 Lx=Ly=12 pg= 0.950 ids=   8 TEE=-1
rank= 0 Lx=Ly=12 pg= 0.950 ids= 400 TEE=-1
rank=16 Lx=Ly=12 pg= 0.950 ids=  16 TEE=-1
rank= 2 Lx=Ly=12 pg= 0.725 ids= 222 TEE=-1
rank= 1 Lx=Ly=12 pg= 0.950 ids= 541 TEE=-1
rank= 5 Lx=Ly=12 pg= 0.950 ids= 505 TEE=-1
rank=14 Lx=Ly=12 pg= 0.860 ids= 434 TEE=0
rank= 6 Lx=Ly=12 pg= 0.725 ids= 266 TEE=-1
rank=13 Lx=Ly=12 pg= 0.905 ids= 673 TEE=-1
rank=11 Lx=Ly=12 pg= 0.905 ids= 631 TEE=-1
rank=10 Lx=Ly=12 pg= 0.950 ids= 390 TEE=-1
rank= 9 Lx=Ly=12 pg= 0.905 ids= 789 TEE=-1
rank=17 Lx=Ly=12 pg= 0.950 ids= 597 TEE=-1
rank= 7 Lx=Ly=12 pg= 0.905 ids= 707 TEE=-1
rank=12 Lx=Ly=12 pg= 0.725 ids= 212 TEE=-1
rank= 0 Lx=Ly=12 pg= 0.950 ids= 420 TEE=-1
rank=16 Lx=Ly=12 pg= 0.950 ids=  36 TEE=-1
rank= 8 Lx=Ly=12 pg= 0.950 ids=  28 TEE=-1
rank= 3 Lx=Ly=12 pg= 0.725 ids= 303 TEE=-1
rank= 1 Lx=Ly=12 pg= 0.950 ids= 561 TEE=-1
rank=19 Lx=Ly=12 pg= 0.725 ids= 239 TEE=0
rank=14 Lx=Ly=12 pg= 0.860 ids= 454 TEE=-1
rank= 5 Lx=Ly=12 pg= 0.950 ids= 525 TEE=-1
rank=15 Lx=Ly=12 pg= 0.815 ids= 335 TEE=-1
rank=13 Lx=Ly=12 pg= 0.905 ids= 693 TEE=-1
rank=11 Lx=Ly=12 pg= 0.905 ids= 651 TEE=-1
rank=17 Lx=Ly=12 pg= 0.950 ids= 617 TEE=-1
rank= 4 Lx=Ly=12 pg= 0.725 ids= 304 TEE=-1
rank= 9 Lx=Ly=12 pg= 0.950 ids=   9 TEE=-1
rank=10 Lx=Ly=12 pg= 0.950 ids= 410 TEE=-1
rank=18 Lx=Ly=12 pg= 0.725 ids= 238 TEE=-1
rank= 7 Lx=Ly=12 pg= 0.905 ids= 727 TEE=-1
rank= 0 Lx=Ly=12 pg= 0.950 ids= 440 TEE=-1
rank=16 Lx=Ly=12 pg= 0.950 ids=  56 TEE=-1
rank= 8 Lx=Ly=12 pg= 0.950 ids=  48 TEE=-1
rank= 1 Lx=Ly=12 pg= 0.950 ids= 581 TEE=-1
rank=14 Lx=Ly=12 pg= 0.860 ids= 474 TEE=-1
rank= 2 Lx=Ly=12 pg= 0.725 ids= 242 TEE=0
rank= 5 Lx=Ly=12 pg= 0.950 ids= 545 TEE=-1
rank=11 Lx=Ly=12 pg= 0.905 ids= 671 TEE=-1
rank=13 Lx=Ly=12 pg= 0.905 ids= 713 TEE=-1
rank=17 Lx=Ly=12 pg= 0.950 ids= 637 TEE=0
rank= 9 Lx=Ly=12 pg= 0.950 ids=  29 TEE=-1
rank=10 Lx=Ly=12 pg= 0.950 ids= 430 TEE=-1
rank= 7 Lx=Ly=12 pg= 0.905 ids= 747 TEE=-1
rank= 6 Lx=Ly=12 pg= 0.725 ids= 286 TEE=-1
rank= 0 Lx=Ly=12 pg= 0.950 ids= 460 TEE=-1
rank=19 Lx=Ly=12 pg= 0.725 ids= 259 TEE=-1
rank=12 Lx=Ly=12 pg= 0.725 ids= 232 TEE=-1
rank=16 Lx=Ly=12 pg= 0.950 ids=  76 TEE=-1
rank= 3 Lx=Ly=12 pg= 0.725 ids= 323 TEE=-1
rank= 8 Lx=Ly=12 pg= 0.950 ids=  68 TEE=-1
rank= 1 Lx=Ly=12 pg= 0.950 ids= 601 TEE=-1
rank=14 Lx=Ly=12 pg= 0.860 ids= 494 TEE=-1
rank=18 Lx=Ly=12 pg= 0.725 ids= 258 TEE=-1
rank= 5 Lx=Ly=12 pg= 0.950 ids= 565 TEE=-1
rank=11 Lx=Ly=12 pg= 0.905 ids= 691 TEE=0
rank=13 Lx=Ly=12 pg= 0.905 ids= 733 TEE=-1
rank=17 Lx=Ly=12 pg= 0.950 ids= 657 TEE=-1
rank= 9 Lx=Ly=12 pg= 0.950 ids=  49 TEE=-1
rank=10 Lx=Ly=12 pg= 0.950 ids= 450 TEE=-1
rank=15 Lx=Ly=12 pg= 0.815 ids= 355 TEE=-1
rank= 7 Lx=Ly=12 pg= 0.905 ids= 767 TEE=-1
rank= 4 Lx=Ly=12 pg= 0.725 ids= 324 TEE=0
rank= 0 Lx=Ly=12 pg= 0.950 ids= 480 TEE=-1
rank=16 Lx=Ly=12 pg= 0.950 ids=  96 TEE=-1
rank= 8 Lx=Ly=12 pg= 0.950 ids=  88 TEE=-1
rank= 1 Lx=Ly=12 pg= 0.950 ids= 621 TEE=-1
rank=14 Lx=Ly=12 pg= 0.860 ids= 514 TEE=-1
rank= 5 Lx=Ly=12 pg= 0.950 ids= 585 TEE=-1
rank=11 Lx=Ly=12 pg= 0.905 ids= 711 TEE=-1
rank=17 Lx=Ly=12 pg= 0.950 ids= 677 TEE=-1
rank=13 Lx=Ly=12 pg= 0.905 ids= 753 TEE=-1
rank=10 Lx=Ly=12 pg= 0.950 ids= 470 TEE=-1
rank= 2 Lx=Ly=12 pg= 0.725 ids= 262 TEE=-1
rank= 7 Lx=Ly=12 pg= 0.905 ids= 787 TEE=-1
rank= 9 Lx=Ly=12 pg= 0.950 ids=  69 TEE=-1
rank= 0 Lx=Ly=12 pg= 0.950 ids= 500 TEE=-1
rank=19 Lx=Ly=12 pg= 0.725 ids= 279 TEE=-1
rank= 6 Lx=Ly=12 pg= 0.725 ids= 306 TEE=-1
rank=18 Lx=Ly=12 pg= 0.725 ids= 278 TEE=-1
rank=16 Lx=Ly=12 pg= 0.950 ids= 116 TEE=-1
rank=12 Lx=Ly=12 pg= 0.725 ids= 252 TEE=-1
rank= 1 Lx=Ly=12 pg= 0.950 ids= 641 TEE=-1
rank= 3 Lx=Ly=12 pg= 0.725 ids= 343 TEE=0
rank=14 Lx=Ly=12 pg= 0.860 ids= 534 TEE=-1
rank= 5 Lx=Ly=12 pg= 0.950 ids= 605 TEE=-1
rank= 8 Lx=Ly=12 pg= 0.950 ids= 108 TEE=-1
rank=11 Lx=Ly=12 pg= 0.905 ids= 731 TEE=-1
rank=13 Lx=Ly=12 pg= 0.905 ids= 773 TEE=-1
rank=17 Lx=Ly=12 pg= 0.950 ids= 697 TEE=-1
rank=10 Lx=Ly=12 pg= 0.950 ids= 490 TEE=-1
rank=15 Lx=Ly=12 pg= 0.815 ids= 375 TEE=-1
rank= 7 Lx=Ly=12 pg= 0.950 ids=   7 TEE=-1
rank= 9 Lx=Ly=12 pg= 0.950 ids=  89 TEE=-1
rank= 0 Lx=Ly=12 pg= 0.950 ids= 520 TEE=-1
rank= 4 Lx=Ly=12 pg= 0.725 ids= 344 TEE=-1
rank=16 Lx=Ly=12 pg= 0.950 ids= 136 TEE=-1
rank= 1 Lx=Ly=12 pg= 0.950 ids= 661 TEE=0
rank=14 Lx=Ly=12 pg= 0.860 ids= 554 TEE=-1
rank= 5 Lx=Ly=12 pg= 0.950 ids= 625 TEE=-1
rank= 8 Lx=Ly=12 pg= 0.950 ids= 128 TEE=-1
rank=11 Lx=Ly=12 pg= 0.905 ids= 751 TEE=-1
rank=17 Lx=Ly=12 pg= 0.950 ids= 717 TEE=-1
rank=10 Lx=Ly=12 pg= 0.950 ids= 510 TEE=-1
rank= 3 Lx=Ly=12 pg= 0.725 ids= 363 TEE=-1
rank=13 Lx=Ly=12 pg= 0.905 ids= 793 TEE=-1
rank= 9 Lx=Ly=12 pg= 0.950 ids= 109 TEE=-1
rank= 7 Lx=Ly=12 pg= 0.950 ids=  27 TEE=-1
rank= 0 Lx=Ly=12 pg= 0.950 ids= 540 TEE=-1
rank= 2 Lx=Ly=12 pg= 0.725 ids= 282 TEE=-1
rank=18 Lx=Ly=12 pg= 0.725 ids= 298 TEE=-1
rank=16 Lx=Ly=12 pg= 0.950 ids= 156 TEE=-1
rank= 6 Lx=Ly=12 pg= 0.725 ids= 326 TEE=0
rank= 1 Lx=Ly=12 pg= 0.950 ids= 681 TEE=-1
rank=12 Lx=Ly=12 pg= 0.725 ids= 272 TEE=0
rank=19 Lx=Ly=12 pg= 0.725 ids= 299 TEE=-1
rank=14 Lx=Ly=12 pg= 0.860 ids= 574 TEE=-1
rank= 5 Lx=Ly=12 pg= 0.950 ids= 645 TEE=-1
rank= 8 Lx=Ly=12 pg= 0.950 ids= 148 TEE=-1
rank=17 Lx=Ly=12 pg= 0.950 ids= 737 TEE=-1
rank=15 Lx=Ly=12 pg= 0.815 ids= 395 TEE=-1
rank=10 Lx=Ly=12 pg= 0.950 ids= 530 TEE=-1
rank=11 Lx=Ly=12 pg= 0.905 ids= 771 TEE=-1
rank=13 Lx=Ly=12 pg= 0.950 ids=  13 TEE=-1
rank= 9 Lx=Ly=12 pg= 0.950 ids= 129 TEE=-1
rank= 0 Lx=Ly=12 pg= 0.950 ids= 560 TEE=-1
rank= 7 Lx=Ly=12 pg= 0.950 ids=  47 TEE=-1
rank= 4 Lx=Ly=12 pg= 0.725 ids= 364 TEE=0
rank= 1 Lx=Ly=12 pg= 0.950 ids= 701 TEE=-1
rank=16 Lx=Ly=12 pg= 0.950 ids= 176 TEE=-1
rank=14 Lx=Ly=12 pg= 0.860 ids= 594 TEE=0
rank= 5 Lx=Ly=12 pg= 0.950 ids= 665 TEE=-1
rank= 8 Lx=Ly=12 pg= 0.950 ids= 168 TEE=-1
rank=17 Lx=Ly=12 pg= 0.950 ids= 757 TEE=-1
rank=10 Lx=Ly=12 pg= 0.950 ids= 550 TEE=-1
rank=11 Lx=Ly=12 pg= 0.905 ids= 791 TEE=-1
rank= 3 Lx=Ly=12 pg= 0.725 ids= 383 TEE=-1
rank=13 Lx=Ly=12 pg= 0.950 ids=  33 TEE=-1
rank= 0 Lx=Ly=12 pg= 0.950 ids= 580 TEE=-1
rank= 7 Lx=Ly=12 pg= 0.950 ids=  67 TEE=-1
rank= 9 Lx=Ly=12 pg= 0.950 ids= 149 TEE=-1
rank= 1 Lx=Ly=12 pg= 0.950 ids= 721 TEE=-1
rank= 6 Lx=Ly=12 pg= 0.725 ids= 346 TEE=-1
rank=18 Lx=Ly=12 pg= 0.725 ids= 318 TEE=-1
rank=14 Lx=Ly=12 pg= 0.860 ids= 614 TEE=-1
rank=15 Lx=Ly=12 pg= 0.815 ids= 415 TEE=-1
rank= 5 Lx=Ly=12 pg= 0.950 ids= 685 TEE=-1
rank=16 Lx=Ly=12 pg= 0.950 ids= 196 TEE=-1
rank= 8 Lx=Ly=12 pg= 0.950 ids= 188 TEE=-1
rank= 2 Lx=Ly=12 pg= 0.725 ids= 302 TEE=-1
rank=17 Lx=Ly=12 pg= 0.950 ids= 777 TEE=-1
rank=19 Lx=Ly=12 pg= 0.725 ids= 319 TEE=-1
rank=12 Lx=Ly=12 pg= 0.725 ids= 292 TEE=0
rank=10 Lx=Ly=12 pg= 0.950 ids= 570 TEE=-1
rank=11 Lx=Ly=12 pg= 0.950 ids=  11 TEE=-1
rank=13 Lx=Ly=12 pg= 0.950 ids=  53 TEE=-1
rank= 0 Lx=Ly=12 pg= 0.950 ids= 600 TEE=-1
rank= 7 Lx=Ly=12 pg= 0.950 ids=  87 TEE=-1
rank= 9 Lx=Ly=12 pg= 0.950 ids= 169 TEE=-1
rank= 1 Lx=Ly=12 pg= 0.950 ids= 741 TEE=-1
rank=14 Lx=Ly=12 pg= 0.860 ids= 634 TEE=-1
rank= 5 Lx=Ly=12 pg= 0.950 ids= 705 TEE=-1
rank= 8 Lx=Ly=12 pg= 0.950 ids= 208 TEE=-1
rank=16 Lx=Ly=12 pg= 0.950 ids= 216 TEE=-1
rank=17 Lx=Ly=12 pg= 0.950 ids= 797 TEE=-1
rank= 4 Lx=Ly=12 pg= 0.725 ids= 384 TEE=-1
rank=10 Lx=Ly=12 pg= 0.950 ids= 590 TEE=-1
rank=11 Lx=Ly=12 pg= 0.950 ids=  31 TEE=-1
rank=13 Lx=Ly=12 pg= 0.950 ids=  73 TEE=-1
rank= 0 Lx=Ly=12 pg= 0.950 ids= 620 TEE=-1
rank= 3 Lx=Ly=12 pg= 0.725 ids= 403 TEE=0
rank= 7 Lx=Ly=12 pg= 0.950 ids= 107 TEE=-1
rank= 9 Lx=Ly=12 pg= 0.950 ids= 189 TEE=-1
rank= 1 Lx=Ly=12 pg= 0.950 ids= 761 TEE=-1
rank=14 Lx=Ly=12 pg= 0.860 ids= 654 TEE=-1
rank= 5 Lx=Ly=12 pg= 0.950 ids= 725 TEE=-1
rank= 8 Lx=Ly=12 pg= 0.950 ids= 228 TEE=-1
rank=16 Lx=Ly=12 pg= 0.950 ids= 236 TEE=-1
rank= 2 Lx=Ly=12 pg= 0.725 ids= 322 TEE=-1
rank=19 Lx=Ly=12 pg= 0.725 ids= 339 TEE=0
rank=18 Lx=Ly=12 pg= 0.725 ids= 338 TEE=-1
rank=15 Lx=Ly=12 pg= 0.815 ids= 435 TEE=-1
rank= 6 Lx=Ly=12 pg= 0.725 ids= 366 TEE=-1
rank=10 Lx=Ly=12 pg= 0.950 ids= 610 TEE=-1
rank=11 Lx=Ly=12 pg= 0.950 ids=  51 TEE=-1
rank=12 Lx=Ly=12 pg= 0.725 ids= 312 TEE=-1
rank= 0 Lx=Ly=12 pg= 0.950 ids= 640 TEE=-1
rank=13 Lx=Ly=12 pg= 0.950 ids=  93 TEE=-1
rank= 7 Lx=Ly=12 pg= 0.950 ids= 127 TEE=-1
rank= 1 Lx=Ly=12 pg= 0.950 ids= 781 TEE=-1
rank= 9 Lx=Ly=12 pg= 0.950 ids= 209 TEE=-1
rank= 5 Lx=Ly=12 pg= 0.950 ids= 745 TEE=-1
rank=14 Lx=Ly=12 pg= 0.860 ids= 674 TEE=0
rank= 8 Lx=Ly=12 pg= 0.950 ids= 248 TEE=-1
rank=16 Lx=Ly=12 pg= 0.950 ids= 256 TEE=-1
rank=10 Lx=Ly=12 pg= 0.950 ids= 630 TEE=0
rank= 4 Lx=Ly=12 pg= 0.725 ids= 404 TEE=-1
rank= 0 Lx=Ly=12 pg= 0.950 ids= 660 TEE=-1
rank= 3 Lx=Ly=12 pg= 0.725 ids= 423 TEE=-1
rank=11 Lx=Ly=12 pg= 0.950 ids=  71 TEE=-1
rank=13 Lx=Ly=12 pg= 0.950 ids= 113 TEE=-1
rank= 7 Lx=Ly=12 pg= 0.950 ids= 147 TEE=-1
rank= 2 Lx=Ly=12 pg= 0.725 ids= 342 TEE=-1
rank=14 Lx=Ly=12 pg= 0.860 ids= 694 TEE=-1
rank= 9 Lx=Ly=12 pg= 0.950 ids= 229 TEE=-1
rank=18 Lx=Ly=12 pg= 0.725 ids= 358 TEE=-1
rank= 5 Lx=Ly=12 pg= 0.950 ids= 765 TEE=-1
rank= 8 Lx=Ly=12 pg= 0.950 ids= 268 TEE=-1
rank=19 Lx=Ly=12 pg= 0.725 ids= 359 TEE=-1
rank= 6 Lx=Ly=12 pg= 0.725 ids= 386 TEE=0
rank=12 Lx=Ly=12 pg= 0.725 ids= 332 TEE=0
rank=16 Lx=Ly=12 pg= 0.950 ids= 276 TEE=-1
rank=10 Lx=Ly=12 pg= 0.950 ids= 650 TEE=-1
rank= 0 Lx=Ly=12 pg= 0.950 ids= 680 TEE=-1
rank=15 Lx=Ly=12 pg= 0.815 ids= 455 TEE=-1
rank=11 Lx=Ly=12 pg= 0.950 ids=  91 TEE=-1
rank=13 Lx=Ly=12 pg= 0.950 ids= 133 TEE=-1
rank= 7 Lx=Ly=12 pg= 0.950 ids= 167 TEE=-1
rank=14 Lx=Ly=12 pg= 0.860 ids= 714 TEE=-1
rank= 9 Lx=Ly=12 pg= 0.950 ids= 249 TEE=-1
rank= 5 Lx=Ly=12 pg= 0.950 ids= 785 TEE=-1
rank= 4 Lx=Ly=12 pg= 0.725 ids= 424 TEE=-1
rank=16 Lx=Ly=12 pg= 0.950 ids= 296 TEE=-1
rank= 8 Lx=Ly=12 pg= 0.950 ids= 288 TEE=-1
rank=10 Lx=Ly=12 pg= 0.950 ids= 670 TEE=-1
rank= 0 Lx=Ly=12 pg= 0.950 ids= 700 TEE=-1
rank=11 Lx=Ly=12 pg= 0.950 ids= 111 TEE=-1
rank= 7 Lx=Ly=12 pg= 0.950 ids= 187 TEE=-1
rank=14 Lx=Ly=12 pg= 0.860 ids= 734 TEE=-1
rank=13 Lx=Ly=12 pg= 0.950 ids= 153 TEE=-1
rank=18 Lx=Ly=12 pg= 0.725 ids= 378 TEE=-1
rank= 9 Lx=Ly=12 pg= 0.950 ids= 269 TEE=-1
rank= 3 Lx=Ly=12 pg= 0.725 ids= 443 TEE=0
rank= 2 Lx=Ly=12 pg= 0.725 ids= 362 TEE=-1
rank=16 Lx=Ly=12 pg= 0.950 ids= 316 TEE=-1
rank= 8 Lx=Ly=12 pg= 0.950 ids= 308 TEE=-1
rank=10 Lx=Ly=12 pg= 0.950 ids= 690 TEE=-1
rank=15 Lx=Ly=12 pg= 0.815 ids= 475 TEE=-1
rank= 0 Lx=Ly=12 pg= 0.950 ids= 720 TEE=-1
rank=19 Lx=Ly=12 pg= 0.725 ids= 379 TEE=-1
rank= 6 Lx=Ly=12 pg= 0.725 ids= 406 TEE=0
rank=11 Lx=Ly=12 pg= 0.950 ids= 131 TEE=0
rank=12 Lx=Ly=12 pg= 0.725 ids= 352 TEE=-1
rank= 7 Lx=Ly=12 pg= 0.950 ids= 207 TEE=-1
rank=14 Lx=Ly=12 pg= 0.860 ids= 754 TEE=-1
rank=13 Lx=Ly=12 pg= 0.950 ids= 173 TEE=-1
rank= 9 Lx=Ly=12 pg= 0.950 ids= 289 TEE=-1
rank= 4 Lx=Ly=12 pg= 0.725 ids= 444 TEE=-1
rank=16 Lx=Ly=12 pg= 0.950 ids= 336 TEE=-1
rank= 8 Lx=Ly=12 pg= 0.950 ids= 328 TEE=-1
rank=10 Lx=Ly=12 pg= 0.950 ids= 710 TEE=-1
rank= 0 Lx=Ly=12 pg= 0.950 ids= 740 TEE=-1
rank=11 Lx=Ly=12 pg= 0.950 ids= 151 TEE=-1
rank=14 Lx=Ly=12 pg= 0.860 ids= 774 TEE=-1
rank= 7 Lx=Ly=12 pg= 0.950 ids= 227 TEE=-1
rank=18 Lx=Ly=12 pg= 0.725 ids= 398 TEE=0
rank=13 Lx=Ly=12 pg= 0.950 ids= 193 TEE=-1
rank= 2 Lx=Ly=12 pg= 0.725 ids= 382 TEE=0
rank= 9 Lx=Ly=12 pg= 0.950 ids= 309 TEE=-1
rank= 3 Lx=Ly=12 pg= 0.725 ids= 463 TEE=-1
rank=10 Lx=Ly=12 pg= 0.950 ids= 730 TEE=-1
rank=16 Lx=Ly=12 pg= 0.950 ids= 356 TEE=-1
rank=19 Lx=Ly=12 pg= 0.725 ids= 399 TEE=-1
rank=15 Lx=Ly=12 pg= 0.815 ids= 495 TEE=-1
rank= 8 Lx=Ly=12 pg= 0.950 ids= 348 TEE=-1
rank= 0 Lx=Ly=12 pg= 0.950 ids= 760 TEE=-1
rank=11 Lx=Ly=12 pg= 0.950 ids= 171 TEE=-1
rank=12 Lx=Ly=12 pg= 0.725 ids= 372 TEE=-1
rank=14 Lx=Ly=12 pg= 0.860 ids= 794 TEE=-1
rank= 6 Lx=Ly=12 pg= 0.725 ids= 426 TEE=-1
rank= 7 Lx=Ly=12 pg= 0.950 ids= 247 TEE=-1
rank=13 Lx=Ly=12 pg= 0.950 ids= 213 TEE=-1
rank= 4 Lx=Ly=12 pg= 0.725 ids= 464 TEE=0
rank=10 Lx=Ly=12 pg= 0.950 ids= 750 TEE=-1
rank= 9 Lx=Ly=12 pg= 0.950 ids= 329 TEE=-1
rank= 8 Lx=Ly=12 pg= 0.950 ids= 368 TEE=-1
rank=16 Lx=Ly=12 pg= 0.950 ids= 376 TEE=-1
rank= 0 Lx=Ly=12 pg= 0.950 ids= 780 TEE=-1
rank=11 Lx=Ly=12 pg= 0.950 ids= 191 TEE=-1
rank=14 Lx=Ly=12 pg= 0.905 ids=  14 TEE=-1
rank= 2 Lx=Ly=12 pg= 0.725 ids= 402 TEE=-1
rank=18 Lx=Ly=12 pg= 0.725 ids= 418 TEE=-1
rank=15 Lx=Ly=12 pg= 0.815 ids= 515 TEE=-1
rank=12 Lx=Ly=12 pg= 0.725 ids= 392 TEE=-1
rank=10 Lx=Ly=12 pg= 0.950 ids= 770 TEE=-1
rank=13 Lx=Ly=12 pg= 0.950 ids= 233 TEE=-1
rank= 3 Lx=Ly=12 pg= 0.725 ids= 483 TEE=-1
rank= 9 Lx=Ly=12 pg= 0.950 ids= 349 TEE=-1
rank= 6 Lx=Ly=12 pg= 0.725 ids= 446 TEE=-1
rank=19 Lx=Ly=12 pg= 0.725 ids= 419 TEE=0
rank= 8 Lx=Ly=12 pg= 0.950 ids= 388 TEE=-1
rank= 7 Lx=Ly=12 pg= 0.950 ids= 267 TEE=-1
rank=16 Lx=Ly=12 pg= 0.950 ids= 396 TEE=-1
rank=14 Lx=Ly=12 pg= 0.905 ids=  34 TEE=-1
rank=11 Lx=Ly=12 pg= 0.950 ids= 211 TEE=0
rank= 4 Lx=Ly=12 pg= 0.725 ids= 484 TEE=0
rank= 9 Lx=Ly=12 pg= 0.950 ids= 369 TEE=-1
rank=10 Lx=Ly=12 pg= 0.950 ids= 790 TEE=-1
rank=13 Lx=Ly=12 pg= 0.950 ids= 253 TEE=-1
rank= 8 Lx=Ly=12 pg= 0.950 ids= 408 TEE=-1
rank= 7 Lx=Ly=12 pg= 0.950 ids= 287 TEE=-1
rank=16 Lx=Ly=12 pg= 0.950 ids= 416 TEE=-1
rank=18 Lx=Ly=12 pg= 0.725 ids= 438 TEE=0
rank=15 Lx=Ly=12 pg= 0.815 ids= 535 TEE=-1
rank=14 Lx=Ly=12 pg= 0.905 ids=  54 TEE=-1
rank= 2 Lx=Ly=12 pg= 0.725 ids= 422 TEE=-1
rank=12 Lx=Ly=12 pg= 0.725 ids= 412 TEE=-1
rank=19 Lx=Ly=12 pg= 0.725 ids= 439 TEE=-1
rank=11 Lx=Ly=12 pg= 0.950 ids= 231 TEE=-1
rank= 6 Lx=Ly=12 pg= 0.725 ids= 466 TEE=0
rank= 3 Lx=Ly=12 pg= 0.725 ids= 503 TEE=-1
rank= 9 Lx=Ly=12 pg= 0.950 ids= 389 TEE=-1
rank=13 Lx=Ly=12 pg= 0.950 ids= 273 TEE=-1
rank= 8 Lx=Ly=12 pg= 0.950 ids= 428 TEE=-1
rank= 7 Lx=Ly=12 pg= 0.950 ids= 307 TEE=-1
rank=16 Lx=Ly=12 pg= 0.950 ids= 436 TEE=-1
rank=14 Lx=Ly=12 pg= 0.905 ids=  74 TEE=-1
rank= 4 Lx=Ly=12 pg= 0.725 ids= 504 TEE=-1
rank=11 Lx=Ly=12 pg= 0.950 ids= 251 TEE=0
rank=18 Lx=Ly=12 pg= 0.725 ids= 458 TEE=-1
rank= 9 Lx=Ly=12 pg= 0.950 ids= 409 TEE=-1
rank=13 Lx=Ly=12 pg= 0.950 ids= 293 TEE=-1
rank= 2 Lx=Ly=12 pg= 0.725 ids= 442 TEE=-1
rank= 7 Lx=Ly=12 pg= 0.950 ids= 327 TEE=-1
rank=16 Lx=Ly=12 pg= 0.950 ids= 456 TEE=-1
rank=14 Lx=Ly=12 pg= 0.905 ids=  94 TEE=-1
rank=15 Lx=Ly=12 pg= 0.815 ids= 555 TEE=-1
rank= 8 Lx=Ly=12 pg= 0.950 ids= 448 TEE=-1
rank=12 Lx=Ly=12 pg= 0.725 ids= 432 TEE=-1
rank=11 Lx=Ly=12 pg= 0.950 ids= 271 TEE=-1
rank=19 Lx=Ly=12 pg= 0.725 ids= 459 TEE=-1
rank= 6 Lx=Ly=12 pg= 0.725 ids= 486 TEE=-1
rank= 9 Lx=Ly=12 pg= 0.950 ids= 429 TEE=-1
rank= 3 Lx=Ly=12 pg= 0.725 ids= 523 TEE=-1
rank=14 Lx=Ly=12 pg= 0.905 ids= 114 TEE=-1
rank=16 Lx=Ly=12 pg= 0.950 ids= 476 TEE=-1
rank= 7 Lx=Ly=12 pg= 0.950 ids= 347 TEE=-1
rank= 8 Lx=Ly=12 pg= 0.950 ids= 468 TEE=-1
rank=13 Lx=Ly=12 pg= 0.950 ids= 313 TEE=-1
rank=18 Lx=Ly=12 pg= 0.725 ids= 478 TEE=-1
rank=11 Lx=Ly=12 pg= 0.950 ids= 291 TEE=-1
rank= 4 Lx=Ly=12 pg= 0.725 ids= 524 TEE=-1
rank= 9 Lx=Ly=12 pg= 0.950 ids= 449 TEE=-1
rank=14 Lx=Ly=12 pg= 0.905 ids= 134 TEE=-1
rank=16 Lx=Ly=12 pg= 0.950 ids= 496 TEE=-1
rank=12 Lx=Ly=12 pg= 0.725 ids= 452 TEE=-1
rank= 7 Lx=Ly=12 pg= 0.950 ids= 367 TEE=0
rank= 2 Lx=Ly=12 pg= 0.725 ids= 462 TEE=-1
rank= 8 Lx=Ly=12 pg= 0.950 ids= 488 TEE=-1
rank=13 Lx=Ly=12 pg= 0.950 ids= 333 TEE=-1
rank=15 Lx=Ly=12 pg= 0.815 ids= 575 TEE=-1
rank=11 Lx=Ly=12 pg= 0.950 ids= 311 TEE=-1
rank=19 Lx=Ly=12 pg= 0.725 ids= 479 TEE=0
rank= 9 Lx=Ly=12 pg= 0.950 ids= 469 TEE=-1
rank=14 Lx=Ly=12 pg= 0.905 ids= 154 TEE=-1
rank= 6 Lx=Ly=12 pg= 0.725 ids= 506 TEE=0
rank= 3 Lx=Ly=12 pg= 0.725 ids= 543 TEE=-1
rank=16 Lx=Ly=12 pg= 0.950 ids= 516 TEE=-1
rank= 7 Lx=Ly=12 pg= 0.950 ids= 387 TEE=-1
rank= 8 Lx=Ly=12 pg= 0.950 ids= 508 TEE=-1
rank=13 Lx=Ly=12 pg= 0.950 ids= 353 TEE=-1
rank=11 Lx=Ly=12 pg= 0.950 ids= 331 TEE=-1
rank=14 Lx=Ly=12 pg= 0.905 ids= 174 TEE=-1
rank=18 Lx=Ly=12 pg= 0.725 ids= 498 TEE=-1
rank= 9 Lx=Ly=12 pg= 0.950 ids= 489 TEE=-1
rank= 4 Lx=Ly=12 pg= 0.725 ids= 544 TEE=-1
rank=16 Lx=Ly=12 pg= 0.950 ids= 536 TEE=-1
rank=19 Lx=Ly=12 pg= 0.725 ids= 499 TEE=-1
rank= 8 Lx=Ly=12 pg= 0.950 ids= 528 TEE=-1
rank= 7 Lx=Ly=12 pg= 0.950 ids= 407 TEE=-1
rank=13 Lx=Ly=12 pg= 0.950 ids= 373 TEE=0
rank= 2 Lx=Ly=12 pg= 0.725 ids= 482 TEE=-1
rank=12 Lx=Ly=12 pg= 0.725 ids= 472 TEE=0
rank=15 Lx=Ly=12 pg= 0.815 ids= 595 TEE=0
rank=14 Lx=Ly=12 pg= 0.905 ids= 194 TEE=-1
rank=11 Lx=Ly=12 pg= 0.950 ids= 351 TEE=-1
rank= 9 Lx=Ly=12 pg= 0.950 ids= 509 TEE=-1
rank=16 Lx=Ly=12 pg= 0.950 ids= 556 TEE=0
rank= 6 Lx=Ly=12 pg= 0.725 ids= 526 TEE=-1
rank= 3 Lx=Ly=12 pg= 0.725 ids= 563 TEE=-1
rank= 8 Lx=Ly=12 pg= 0.950 ids= 548 TEE=-1
rank= 7 Lx=Ly=12 pg= 0.950 ids= 427 TEE=-1
rank=13 Lx=Ly=12 pg= 0.950 ids= 393 TEE=0
rank=14 Lx=Ly=12 pg= 0.905 ids= 214 TEE=-1
rank= 4 Lx=Ly=12 pg= 0.725 ids= 564 TEE=-1
rank=11 Lx=Ly=12 pg= 0.950 ids= 371 TEE=-1
rank= 9 Lx=Ly=12 pg= 0.950 ids= 529 TEE=-1
rank=18 Lx=Ly=12 pg= 0.725 ids= 518 TEE=0
rank=15 Lx=Ly=12 pg= 0.815 ids= 615 TEE=-1
rank=16 Lx=Ly=12 pg= 0.950 ids= 576 TEE=-1
rank=19 Lx=Ly=12 pg= 0.725 ids= 519 TEE=0
rank= 8 Lx=Ly=12 pg= 0.950 ids= 568 TEE=-1
rank= 7 Lx=Ly=12 pg= 0.950 ids= 447 TEE=-1
rank= 2 Lx=Ly=12 pg= 0.725 ids= 502 TEE=0
rank=13 Lx=Ly=12 pg= 0.950 ids= 413 TEE=-1
rank=12 Lx=Ly=12 pg= 0.725 ids= 492 TEE=-1
rank=14 Lx=Ly=12 pg= 0.905 ids= 234 TEE=-1
rank=11 Lx=Ly=12 pg= 0.950 ids= 391 TEE=0
rank= 3 Lx=Ly=12 pg= 0.725 ids= 583 TEE=-1
rank= 9 Lx=Ly=12 pg= 0.950 ids= 549 TEE=-1
rank=16 Lx=Ly=12 pg= 0.950 ids= 596 TEE=-1
rank= 8 Lx=Ly=12 pg= 0.950 ids= 588 TEE=-1
rank= 6 Lx=Ly=12 pg= 0.725 ids= 546 TEE=0
rank= 4 Lx=Ly=12 pg= 0.725 ids= 584 TEE=-1
rank=14 Lx=Ly=12 pg= 0.905 ids= 254 TEE=-1
rank= 7 Lx=Ly=12 pg= 0.950 ids= 467 TEE=-1
rank=13 Lx=Ly=12 pg= 0.950 ids= 433 TEE=-1
rank=18 Lx=Ly=12 pg= 0.725 ids= 538 TEE=-1
rank=15 Lx=Ly=12 pg= 0.815 ids= 635 TEE=-1
rank=11 Lx=Ly=12 pg= 0.950 ids= 411 TEE=-1
rank=19 Lx=Ly=12 pg= 0.725 ids= 539 TEE=-1
rank= 2 Lx=Ly=12 pg= 0.725 ids= 522 TEE=0
rank=12 Lx=Ly=12 pg= 0.725 ids= 512 TEE=-1
rank= 9 Lx=Ly=12 pg= 0.950 ids= 569 TEE=-1
rank=14 Lx=Ly=12 pg= 0.905 ids= 274 TEE=-1
rank=16 Lx=Ly=12 pg= 0.950 ids= 616 TEE=-1
rank= 8 Lx=Ly=12 pg= 0.950 ids= 608 TEE=-1
rank= 7 Lx=Ly=12 pg= 0.950 ids= 487 TEE=-1
rank= 3 Lx=Ly=12 pg= 0.725 ids= 603 TEE=-1
rank=11 Lx=Ly=12 pg= 0.950 ids= 431 TEE=-1
rank=13 Lx=Ly=12 pg= 0.950 ids= 453 TEE=-1
rank= 4 Lx=Ly=12 pg= 0.725 ids= 604 TEE=-1
rank= 6 Lx=Ly=12 pg= 0.725 ids= 566 TEE=-1
rank= 9 Lx=Ly=12 pg= 0.950 ids= 589 TEE=-1
rank=15 Lx=Ly=12 pg= 0.815 ids= 655 TEE=-1
rank=14 Lx=Ly=12 pg= 0.905 ids= 294 TEE=-1
rank=16 Lx=Ly=12 pg= 0.950 ids= 636 TEE=-1
rank=19 Lx=Ly=12 pg= 0.725 ids= 559 TEE=-1
rank=12 Lx=Ly=12 pg= 0.725 ids= 532 TEE=-1
rank= 8 Lx=Ly=12 pg= 0.950 ids= 628 TEE=-1
rank= 7 Lx=Ly=12 pg= 0.950 ids= 507 TEE=-1
rank=18 Lx=Ly=12 pg= 0.725 ids= 558 TEE=-1
rank=11 Lx=Ly=12 pg= 0.950 ids= 451 TEE=-1
rank=13 Lx=Ly=12 pg= 0.950 ids= 473 TEE=-1
rank= 2 Lx=Ly=12 pg= 0.725 ids= 542 TEE=-1
rank= 9 Lx=Ly=12 pg= 0.950 ids= 609 TEE=-1
rank=14 Lx=Ly=12 pg= 0.905 ids= 314 TEE=-1
rank= 3 Lx=Ly=12 pg= 0.725 ids= 623 TEE=-1
rank=16 Lx=Ly=12 pg= 0.950 ids= 656 TEE=0
rank= 8 Lx=Ly=12 pg= 0.950 ids= 648 TEE=-1
rank=15 Lx=Ly=12 pg= 0.815 ids= 675 TEE=-1
rank= 4 Lx=Ly=12 pg= 0.725 ids= 624 TEE=-1
rank=11 Lx=Ly=12 pg= 0.950 ids= 471 TEE=-1
rank= 7 Lx=Ly=12 pg= 0.950 ids= 527 TEE=-1
rank= 6 Lx=Ly=12 pg= 0.725 ids= 586 TEE=-1
rank=13 Lx=Ly=12 pg= 0.950 ids= 493 TEE=0
rank=12 Lx=Ly=12 pg= 0.725 ids= 552 TEE=0
rank=19 Lx=Ly=12 pg= 0.725 ids= 579 TEE=-1
rank=14 Lx=Ly=12 pg= 0.905 ids= 334 TEE=-1
rank= 9 Lx=Ly=12 pg= 0.950 ids= 629 TEE=-1
rank= 8 Lx=Ly=12 pg= 0.950 ids= 668 TEE=-1
rank= 2 Lx=Ly=12 pg= 0.725 ids= 562 TEE=-1
rank=16 Lx=Ly=12 pg= 0.950 ids= 676 TEE=-1
rank=18 Lx=Ly=12 pg= 0.725 ids= 578 TEE=-1
rank= 3 Lx=Ly=12 pg= 0.725 ids= 643 TEE=-1
rank= 7 Lx=Ly=12 pg= 0.950 ids= 547 TEE=-1
rank=11 Lx=Ly=12 pg= 0.950 ids= 491 TEE=-1
rank=13 Lx=Ly=12 pg= 0.950 ids= 513 TEE=-1
rank=15 Lx=Ly=12 pg= 0.815 ids= 695 TEE=-1
rank=14 Lx=Ly=12 pg= 0.905 ids= 354 TEE=-1
rank= 4 Lx=Ly=12 pg= 0.725 ids= 644 TEE=-1
rank= 8 Lx=Ly=12 pg= 0.950 ids= 688 TEE=-1
rank=16 Lx=Ly=12 pg= 0.950 ids= 696 TEE=-1
rank= 9 Lx=Ly=12 pg= 0.950 ids= 649 TEE=-1
rank= 2 Lx=Ly=12 pg= 0.725 ids= 582 TEE=-1
rank= 7 Lx=Ly=12 pg= 0.950 ids= 567 TEE=-1
rank=12 Lx=Ly=12 pg= 0.725 ids= 572 TEE=-1
rank= 6 Lx=Ly=12 pg= 0.725 ids= 606 TEE=-1
rank=14 Lx=Ly=12 pg= 0.905 ids= 374 TEE=-1
rank=18 Lx=Ly=12 pg= 0.725 ids= 598 TEE=-1
rank=13 Lx=Ly=12 pg= 0.950 ids= 533 TEE=-1
rank=19 Lx=Ly=12 pg= 0.725 ids= 599 TEE=0
rank=11 Lx=Ly=12 pg= 0.950 ids= 511 TEE=-1
rank= 3 Lx=Ly=12 pg= 0.725 ids= 663 TEE=-1
rank= 8 Lx=Ly=12 pg= 0.950 ids= 708 TEE=-1
rank=16 Lx=Ly=12 pg= 0.950 ids= 716 TEE=-1
rank= 4 Lx=Ly=12 pg= 0.725 ids= 664 TEE=-1
rank= 9 Lx=Ly=12 pg= 0.950 ids= 669 TEE=-1
rank=14 Lx=Ly=12 pg= 0.905 ids= 394 TEE=-1
rank= 7 Lx=Ly=12 pg= 0.950 ids= 587 TEE=-1
rank=13 Lx=Ly=12 pg= 0.950 ids= 553 TEE=-1
rank=15 Lx=Ly=12 pg= 0.815 ids= 715 TEE=-1
rank=11 Lx=Ly=12 pg= 0.950 ids= 531 TEE=-1
rank= 2 Lx=Ly=12 pg= 0.725 ids= 602 TEE=-1
rank= 8 Lx=Ly=12 pg= 0.950 ids= 728 TEE=-1
rank=16 Lx=Ly=12 pg= 0.950 ids= 736 TEE=-1
rank=18 Lx=Ly=12 pg= 0.725 ids= 618 TEE=-1
rank=19 Lx=Ly=12 pg= 0.725 ids= 619 TEE=0
rank= 9 Lx=Ly=12 pg= 0.950 ids= 689 TEE=-1
rank=14 Lx=Ly=12 pg= 0.905 ids= 414 TEE=-1
rank= 7 Lx=Ly=12 pg= 0.950 ids= 607 TEE=-1
rank=12 Lx=Ly=12 pg= 0.725 ids= 592 TEE=-1
rank=13 Lx=Ly=12 pg= 0.950 ids= 573 TEE=-1
rank= 6 Lx=Ly=12 pg= 0.725 ids= 626 TEE=-1
rank=11 Lx=Ly=12 pg= 0.950 ids= 551 TEE=-1
rank= 4 Lx=Ly=12 pg= 0.725 ids= 684 TEE=0
rank= 8 Lx=Ly=12 pg= 0.950 ids= 748 TEE=-1
rank= 3 Lx=Ly=12 pg= 0.725 ids= 683 TEE=-1
rank=16 Lx=Ly=12 pg= 0.950 ids= 756 TEE=-1
rank=15 Lx=Ly=12 pg= 0.815 ids= 735 TEE=0
rank=14 Lx=Ly=12 pg= 0.905 ids= 434 TEE=-1
rank= 2 Lx=Ly=12 pg= 0.725 ids= 622 TEE=-1
rank=13 Lx=Ly=12 pg= 0.950 ids= 593 TEE=-1
rank= 9 Lx=Ly=12 pg= 0.950 ids= 709 TEE=-1
rank=11 Lx=Ly=12 pg= 0.950 ids= 571 TEE=-1
rank= 8 Lx=Ly=12 pg= 0.950 ids= 768 TEE=-1
rank= 7 Lx=Ly=12 pg= 0.950 ids= 627 TEE=-1
rank=16 Lx=Ly=12 pg= 0.950 ids= 776 TEE=-1
rank=15 Lx=Ly=12 pg= 0.815 ids= 755 TEE=-1
rank=18 Lx=Ly=12 pg= 0.725 ids= 638 TEE=-1
rank= 6 Lx=Ly=12 pg= 0.725 ids= 646 TEE=-1
rank=19 Lx=Ly=12 pg= 0.725 ids= 639 TEE=-1
rank=13 Lx=Ly=12 pg= 0.950 ids= 613 TEE=0
rank=11 Lx=Ly=12 pg= 0.950 ids= 591 TEE=-1
rank=12 Lx=Ly=12 pg= 0.725 ids= 612 TEE=-1
rank= 9 Lx=Ly=12 pg= 0.950 ids= 729 TEE=0
rank= 4 Lx=Ly=12 pg= 0.725 ids= 704 TEE=-1
rank= 8 Lx=Ly=12 pg= 0.950 ids= 788 TEE=-1
rank= 3 Lx=Ly=12 pg= 0.725 ids= 703 TEE=-1
rank= 2 Lx=Ly=12 pg= 0.725 ids= 642 TEE=-1
rank=14 Lx=Ly=12 pg= 0.905 ids= 454 TEE=-1
rank=15 Lx=Ly=12 pg= 0.815 ids= 775 TEE=-1
rank=16 Lx=Ly=12 pg= 0.950 ids= 796 TEE=-1
rank= 7 Lx=Ly=12 pg= 0.950 ids= 647 TEE=-1
rank=11 Lx=Ly=12 pg= 0.950 ids= 611 TEE=-1
rank=13 Lx=Ly=12 pg= 0.950 ids= 633 TEE=-1
rank= 9 Lx=Ly=12 pg= 0.950 ids= 749 TEE=-1
rank=19 Lx=Ly=12 pg= 0.725 ids= 659 TEE=-1
rank=15 Lx=Ly=12 pg= 0.815 ids= 795 TEE=-1
rank=18 Lx=Ly=12 pg= 0.725 ids= 658 TEE=-1
rank= 7 Lx=Ly=12 pg= 0.950 ids= 667 TEE=-1
rank= 6 Lx=Ly=12 pg= 0.725 ids= 666 TEE=0
rank=11 Lx=Ly=12 pg= 0.950 ids= 631 TEE=-1
rank=13 Lx=Ly=12 pg= 0.950 ids= 653 TEE=-1
rank= 4 Lx=Ly=12 pg= 0.725 ids= 724 TEE=-1
rank=12 Lx=Ly=12 pg= 0.725 ids= 632 TEE=-1
rank= 3 Lx=Ly=12 pg= 0.725 ids= 723 TEE=0
rank= 2 Lx=Ly=12 pg= 0.725 ids= 662 TEE=-1
rank= 9 Lx=Ly=12 pg= 0.950 ids= 769 TEE=-1
rank=15 Lx=Ly=12 pg= 0.860 ids=  15 TEE=-1
rank=14 Lx=Ly=12 pg= 0.905 ids= 474 TEE=-1
rank= 7 Lx=Ly=12 pg= 0.950 ids= 687 TEE=-1
rank=18 Lx=Ly=12 pg= 0.725 ids= 678 TEE=0
rank=19 Lx=Ly=12 pg= 0.725 ids= 679 TEE=0
rank=13 Lx=Ly=12 pg= 0.950 ids= 673 TEE=-1
rank= 9 Lx=Ly=12 pg= 0.950 ids= 789 TEE=-1
rank=15 Lx=Ly=12 pg= 0.860 ids=  35 TEE=-1
rank=11 Lx=Ly=12 pg= 0.950 ids= 651 TEE=-1
rank=12 Lx=Ly=12 pg= 0.725 ids= 652 TEE=-1
rank= 7 Lx=Ly=12 pg= 0.950 ids= 707 TEE=-1
rank= 3 Lx=Ly=12 pg= 0.725 ids= 743 TEE=-1
rank= 6 Lx=Ly=12 pg= 0.725 ids= 686 TEE=-1
rank=14 Lx=Ly=12 pg= 0.905 ids= 494 TEE=-1
rank= 4 Lx=Ly=12 pg= 0.725 ids= 744 TEE=-1
rank= 2 Lx=Ly=12 pg= 0.725 ids= 682 TEE=0
rank=15 Lx=Ly=12 pg= 0.860 ids=  55 TEE=-1
rank=11 Lx=Ly=12 pg= 0.950 ids= 671 TEE=-1
rank=13 Lx=Ly=12 pg= 0.950 ids= 693 TEE=-1
rank= 7 Lx=Ly=12 pg= 0.950 ids= 727 TEE=-1
rank=18 Lx=Ly=12 pg= 0.725 ids= 698 TEE=0
rank=19 Lx=Ly=12 pg= 0.725 ids= 699 TEE=-1
rank=15 Lx=Ly=12 pg= 0.860 ids=  75 TEE=-1
rank= 3 Lx=Ly=12 pg= 0.725 ids= 763 TEE=0
rank=11 Lx=Ly=12 pg= 0.950 ids= 691 TEE=-1
rank=14 Lx=Ly=12 pg= 0.905 ids= 514 TEE=-1
rank= 6 Lx=Ly=12 pg= 0.725 ids= 706 TEE=-1
rank=12 Lx=Ly=12 pg= 0.725 ids= 672 TEE=-1
rank=13 Lx=Ly=12 pg= 0.950 ids= 713 TEE=-1
rank= 4 Lx=Ly=12 pg= 0.725 ids= 764 TEE=-1
rank= 2 Lx=Ly=12 pg= 0.725 ids= 702 TEE=-1
rank= 7 Lx=Ly=12 pg= 0.950 ids= 747 TEE=-1
rank=19 Lx=Ly=12 pg= 0.725 ids= 719 TEE=0
rank=11 Lx=Ly=12 pg= 0.950 ids= 711 TEE=-1
rank=15 Lx=Ly=12 pg= 0.860 ids=  95 TEE=-1
rank=18 Lx=Ly=12 pg= 0.725 ids= 718 TEE=0
rank=13 Lx=Ly=12 pg= 0.950 ids= 733 TEE=-1
rank= 3 Lx=Ly=12 pg= 0.725 ids= 783 TEE=-1
rank=14 Lx=Ly=12 pg= 0.905 ids= 534 TEE=-1
rank= 7 Lx=Ly=12 pg= 0.950 ids= 767 TEE=-1
rank=12 Lx=Ly=12 pg= 0.725 ids= 692 TEE=-1
rank= 6 Lx=Ly=12 pg= 0.725 ids= 726 TEE=-1
rank= 2 Lx=Ly=12 pg= 0.725 ids= 722 TEE=0
rank= 4 Lx=Ly=12 pg= 0.725 ids= 784 TEE=-1
rank=15 Lx=Ly=12 pg= 0.860 ids= 115 TEE=-1
rank=11 Lx=Ly=12 pg= 0.950 ids= 731 TEE=-1
rank=13 Lx=Ly=12 pg= 0.950 ids= 753 TEE=-1
rank= 7 Lx=Ly=12 pg= 0.950 ids= 787 TEE=-1
rank=19 Lx=Ly=12 pg= 0.725 ids= 739 TEE=0
rank=18 Lx=Ly=12 pg= 0.725 ids= 738 TEE=0
rank=15 Lx=Ly=12 pg= 0.860 ids= 135 TEE=-1
rank=14 Lx=Ly=12 pg= 0.905 ids= 554 TEE=-1
rank=11 Lx=Ly=12 pg= 0.950 ids= 751 TEE=-1
rank= 3 Lx=Ly=12 pg= 0.770 ids=   3 TEE=-1
rank=13 Lx=Ly=12 pg= 0.950 ids= 773 TEE=-1
rank= 4 Lx=Ly=12 pg= 0.770 ids=   4 TEE=-1
rank=12 Lx=Ly=12 pg= 0.725 ids= 712 TEE=-1
rank= 6 Lx=Ly=12 pg= 0.725 ids= 746 TEE=-1
rank= 2 Lx=Ly=12 pg= 0.725 ids= 742 TEE=-1
rank=19 Lx=Ly=12 pg= 0.725 ids= 759 TEE=-1
rank=15 Lx=Ly=12 pg= 0.860 ids= 155 TEE=-1
rank=11 Lx=Ly=12 pg= 0.950 ids= 771 TEE=-1
rank=13 Lx=Ly=12 pg= 0.950 ids= 793 TEE=-1
rank=18 Lx=Ly=12 pg= 0.725 ids= 758 TEE=0
rank=14 Lx=Ly=12 pg= 0.905 ids= 574 TEE=-1
rank=15 Lx=Ly=12 pg= 0.860 ids= 175 TEE=-1
rank= 3 Lx=Ly=12 pg= 0.770 ids=  23 TEE=-1
rank=19 Lx=Ly=12 pg= 0.725 ids= 779 TEE=0
rank=12 Lx=Ly=12 pg= 0.725 ids= 732 TEE=-1
rank=11 Lx=Ly=12 pg= 0.950 ids= 791 TEE=-1
rank= 6 Lx=Ly=12 pg= 0.725 ids= 766 TEE=0
rank= 4 Lx=Ly=12 pg= 0.770 ids=  24 TEE=0
rank= 2 Lx=Ly=12 pg= 0.725 ids= 762 TEE=-1
rank=15 Lx=Ly=12 pg= 0.860 ids= 195 TEE=-1
rank=19 Lx=Ly=12 pg= 0.725 ids= 799 TEE=-1
rank=18 Lx=Ly=12 pg= 0.725 ids= 778 TEE=0
rank=14 Lx=Ly=12 pg= 0.905 ids= 594 TEE=-1
rank= 4 Lx=Ly=12 pg= 0.770 ids=  44 TEE=-1
rank= 3 Lx=Ly=12 pg= 0.770 ids=  43 TEE=-1
rank= 6 Lx=Ly=12 pg= 0.725 ids= 786 TEE=-1
rank=12 Lx=Ly=12 pg= 0.725 ids= 752 TEE=-1
rank=15 Lx=Ly=12 pg= 0.860 ids= 215 TEE=-1
rank=19 Lx=Ly=12 pg= 0.770 ids=  19 TEE=-1
rank= 2 Lx=Ly=12 pg= 0.725 ids= 782 TEE=-1
rank=15 Lx=Ly=12 pg= 0.860 ids= 235 TEE=-1
rank=18 Lx=Ly=12 pg= 0.725 ids= 798 TEE=0
rank=14 Lx=Ly=12 pg= 0.905 ids= 614 TEE=-1
rank= 4 Lx=Ly=12 pg= 0.770 ids=  64 TEE=-1
rank= 3 Lx=Ly=12 pg= 0.770 ids=  63 TEE=-1
rank=12 Lx=Ly=12 pg= 0.725 ids= 772 TEE=-1
rank=19 Lx=Ly=12 pg= 0.770 ids=  39 TEE=-1
rank= 6 Lx=Ly=12 pg= 0.770 ids=   6 TEE=-1
rank=15 Lx=Ly=12 pg= 0.860 ids= 255 TEE=-1
rank= 2 Lx=Ly=12 pg= 0.770 ids=   2 TEE=-1
rank=18 Lx=Ly=12 pg= 0.770 ids=  18 TEE=-1
rank=14 Lx=Ly=12 pg= 0.905 ids= 634 TEE=0
rank=19 Lx=Ly=12 pg= 0.770 ids=  59 TEE=-1
rank=15 Lx=Ly=12 pg= 0.860 ids= 275 TEE=-1
rank= 4 Lx=Ly=12 pg= 0.770 ids=  84 TEE=-1
rank= 3 Lx=Ly=12 pg= 0.770 ids=  83 TEE=-1
rank= 6 Lx=Ly=12 pg= 0.770 ids=  26 TEE=-1
rank=12 Lx=Ly=12 pg= 0.725 ids= 792 TEE=-1
rank=19 Lx=Ly=12 pg= 0.770 ids=  79 TEE=-1
rank= 2 Lx=Ly=12 pg= 0.770 ids=  22 TEE=0
rank=15 Lx=Ly=12 pg= 0.860 ids= 295 TEE=-1
rank=18 Lx=Ly=12 pg= 0.770 ids=  38 TEE=-1
rank=14 Lx=Ly=12 pg= 0.905 ids= 654 TEE=-1
rank=19 Lx=Ly=12 pg= 0.770 ids=  99 TEE=-1
rank= 3 Lx=Ly=12 pg= 0.770 ids= 103 TEE=-1
rank= 4 Lx=Ly=12 pg= 0.770 ids= 104 TEE=-1
rank=15 Lx=Ly=12 pg= 0.860 ids= 315 TEE=-1
rank=12 Lx=Ly=12 pg= 0.770 ids=  12 TEE=-1
rank= 6 Lx=Ly=12 pg= 0.770 ids=  46 TEE=-1
rank= 2 Lx=Ly=12 pg= 0.770 ids=  42 TEE=-1
rank=19 Lx=Ly=12 pg= 0.770 ids= 119 TEE=-1
rank=18 Lx=Ly=12 pg= 0.770 ids=  58 TEE=-1
rank=15 Lx=Ly=12 pg= 0.860 ids= 335 TEE=-1
rank=14 Lx=Ly=12 pg= 0.905 ids= 674 TEE=-1
rank=12 Lx=Ly=12 pg= 0.770 ids=  32 TEE=-1
rank= 3 Lx=Ly=12 pg= 0.770 ids= 123 TEE=-1
rank= 4 Lx=Ly=12 pg= 0.770 ids= 124 TEE=-1
rank= 2 Lx=Ly=12 pg= 0.770 ids=  62 TEE=-1
rank= 6 Lx=Ly=12 pg= 0.770 ids=  66 TEE=-1
rank=19 Lx=Ly=12 pg= 0.770 ids= 139 TEE=-1
rank=15 Lx=Ly=12 pg= 0.860 ids= 355 TEE=-1
rank=18 Lx=Ly=12 pg= 0.770 ids=  78 TEE=-1
rank=14 Lx=Ly=12 pg= 0.905 ids= 694 TEE=0
rank=12 Lx=Ly=12 pg= 0.770 ids=  52 TEE=-1
rank=19 Lx=Ly=12 pg= 0.770 ids= 159 TEE=-1
rank= 4 Lx=Ly=12 pg= 0.770 ids= 144 TEE=-1
rank= 3 Lx=Ly=12 pg= 0.770 ids= 143 TEE=-1
rank=15 Lx=Ly=12 pg= 0.860 ids= 375 TEE=-1
rank= 2 Lx=Ly=12 pg= 0.770 ids=  82 TEE=0
rank= 6 Lx=Ly=12 pg= 0.770 ids=  86 TEE=0
rank=18 Lx=Ly=12 pg= 0.770 ids=  98 TEE=-1
rank=19 Lx=Ly=12 pg= 0.770 ids= 179 TEE=-1
rank=15 Lx=Ly=12 pg= 0.860 ids= 395 TEE=-1
rank=14 Lx=Ly=12 pg= 0.905 ids= 714 TEE=-1
rank= 4 Lx=Ly=12 pg= 0.770 ids= 164 TEE=-1
rank=12 Lx=Ly=12 pg= 0.770 ids=  72 TEE=-1
rank= 3 Lx=Ly=12 pg= 0.770 ids= 163 TEE=0
rank= 6 Lx=Ly=12 pg= 0.770 ids= 106 TEE=-1
rank=19 Lx=Ly=12 pg= 0.770 ids= 199 TEE=-1
rank= 2 Lx=Ly=12 pg= 0.770 ids= 102 TEE=-1
rank=15 Lx=Ly=12 pg= 0.860 ids= 415 TEE=-1
rank=18 Lx=Ly=12 pg= 0.770 ids= 118 TEE=-1
rank=14 Lx=Ly=12 pg= 0.905 ids= 734 TEE=-1
rank=19 Lx=Ly=12 pg= 0.770 ids= 219 TEE=-1
rank= 3 Lx=Ly=12 pg= 0.770 ids= 183 TEE=-1
rank= 4 Lx=Ly=12 pg= 0.770 ids= 184 TEE=-1
rank=15 Lx=Ly=12 pg= 0.860 ids= 435 TEE=-1
rank=12 Lx=Ly=12 pg= 0.770 ids=  92 TEE=-1
rank= 6 Lx=Ly=12 pg= 0.770 ids= 126 TEE=-1
rank= 2 Lx=Ly=12 pg= 0.770 ids= 122 TEE=0
rank=14 Lx=Ly=12 pg= 0.905 ids= 754 TEE=-1
rank=15 Lx=Ly=12 pg= 0.860 ids= 455 TEE=-1
rank=18 Lx=Ly=12 pg= 0.770 ids= 138 TEE=-1
rank=19 Lx=Ly=12 pg= 0.770 ids= 239 TEE=-1
rank= 3 Lx=Ly=12 pg= 0.770 ids= 203 TEE=-1
rank= 4 Lx=Ly=12 pg= 0.770 ids= 204 TEE=-1
rank= 6 Lx=Ly=12 pg= 0.770 ids= 146 TEE=-1
rank=12 Lx=Ly=12 pg= 0.770 ids= 112 TEE=0
rank=15 Lx=Ly=12 pg= 0.860 ids= 475 TEE=-1
rank=19 Lx=Ly=12 pg= 0.770 ids= 259 TEE=-1
rank= 2 Lx=Ly=12 pg= 0.770 ids= 142 TEE=-1
rank=14 Lx=Ly=12 pg= 0.905 ids= 774 TEE=-1
rank=18 Lx=Ly=12 pg= 0.770 ids= 158 TEE=-1
rank= 4 Lx=Ly=12 pg= 0.770 ids= 224 TEE=-1
rank= 3 Lx=Ly=12 pg= 0.770 ids= 223 TEE=-1
rank=15 Lx=Ly=12 pg= 0.860 ids= 495 TEE=-1
rank= 6 Lx=Ly=12 pg= 0.770 ids= 166 TEE=-1
rank=19 Lx=Ly=12 pg= 0.770 ids= 279 TEE=-1
rank=12 Lx=Ly=12 pg= 0.770 ids= 132 TEE=-1
rank= 2 Lx=Ly=12 pg= 0.770 ids= 162 TEE=0
rank=18 Lx=Ly=12 pg= 0.770 ids= 178 TEE=-1
rank=14 Lx=Ly=12 pg= 0.905 ids= 794 TEE=-1
rank=15 Lx=Ly=12 pg= 0.860 ids= 515 TEE=-1
rank=19 Lx=Ly=12 pg= 0.770 ids= 299 TEE=-1
rank= 3 Lx=Ly=12 pg= 0.770 ids= 243 TEE=0
rank= 4 Lx=Ly=12 pg= 0.770 ids= 244 TEE=-1
rank= 6 Lx=Ly=12 pg= 0.770 ids= 186 TEE=0
rank=12 Lx=Ly=12 pg= 0.770 ids= 152 TEE=-1
rank= 2 Lx=Ly=12 pg= 0.770 ids= 182 TEE=-1
rank=15 Lx=Ly=12 pg= 0.860 ids= 535 TEE=-1
rank=19 Lx=Ly=12 pg= 0.770 ids= 319 TEE=-1
rank=14 Lx=Ly=12 pg= 0.950 ids=  14 TEE=-1
rank=18 Lx=Ly=12 pg= 0.770 ids= 198 TEE=-1
rank= 3 Lx=Ly=12 pg= 0.770 ids= 263 TEE=-1
rank=15 Lx=Ly=12 pg= 0.860 ids= 555 TEE=-1
rank= 4 Lx=Ly=12 pg= 0.770 ids= 264 TEE=-1
rank=19 Lx=Ly=12 pg= 0.770 ids= 339 TEE=-1
rank= 6 Lx=Ly=12 pg= 0.770 ids= 206 TEE=-1
rank= 2 Lx=Ly=12 pg= 0.770 ids= 202 TEE=-1
rank=12 Lx=Ly=12 pg= 0.770 ids= 172 TEE=-1
rank=15 Lx=Ly=12 pg= 0.860 ids= 575 TEE=-1
rank=14 Lx=Ly=12 pg= 0.950 ids=  34 TEE=0
rank=19 Lx=Ly=12 pg= 0.770 ids= 359 TEE=-1
rank= 3 Lx=Ly=12 pg= 0.770 ids= 283 TEE=-1
rank=18 Lx=Ly=12 pg= 0.770 ids= 218 TEE=-1
rank= 4 Lx=Ly=12 pg= 0.770 ids= 284 TEE=-1
rank=15 Lx=Ly=12 pg= 0.860 ids= 595 TEE=-1
rank= 6 Lx=Ly=12 pg= 0.770 ids= 226 TEE=-1
rank= 2 Lx=Ly=12 pg= 0.770 ids= 222 TEE=-1
rank=12 Lx=Ly=12 pg= 0.770 ids= 192 TEE=0
rank=19 Lx=Ly=12 pg= 0.770 ids= 379 TEE=-1
rank=14 Lx=Ly=12 pg= 0.950 ids=  54 TEE=-1
rank=15 Lx=Ly=12 pg= 0.860 ids= 615 TEE=-1
rank= 3 Lx=Ly=12 pg= 0.770 ids= 303 TEE=-1
rank=18 Lx=Ly=12 pg= 0.770 ids= 238 TEE=-1
rank=19 Lx=Ly=12 pg= 0.770 ids= 399 TEE=-1
rank= 4 Lx=Ly=12 pg= 0.770 ids= 304 TEE=-1
rank= 6 Lx=Ly=12 pg= 0.770 ids= 246 TEE=-1
rank=15 Lx=Ly=12 pg= 0.860 ids= 635 TEE=-1
rank= 2 Lx=Ly=12 pg= 0.770 ids= 242 TEE=0
rank=12 Lx=Ly=12 pg= 0.770 ids= 212 TEE=-1
rank=19 Lx=Ly=12 pg= 0.770 ids= 419 TEE=-1
rank=14 Lx=Ly=12 pg= 0.950 ids=  74 TEE=-1
rank=18 Lx=Ly=12 pg= 0.770 ids= 258 TEE=0
rank= 3 Lx=Ly=12 pg= 0.770 ids= 323 TEE=-1
rank= 4 Lx=Ly=12 pg= 0.770 ids= 324 TEE=0
rank=15 Lx=Ly=12 pg= 0.860 ids= 655 TEE=-1
rank= 6 Lx=Ly=12 pg= 0.770 ids= 266 TEE=-1
rank=19 Lx=Ly=12 pg= 0.770 ids= 439 TEE=0
rank= 2 Lx=Ly=12 pg= 0.770 ids= 262 TEE=-1
rank=12 Lx=Ly=12 pg= 0.770 ids= 232 TEE=-1
rank=14 Lx=Ly=12 pg= 0.950 ids=  94 TEE=-1
rank=15 Lx=Ly=12 pg= 0.860 ids= 675 TEE=0
rank=18 Lx=Ly=12 pg= 0.770 ids= 278 TEE=-1
rank= 3 Lx=Ly=12 pg= 0.770 ids= 343 TEE=-1
rank=19 Lx=Ly=12 pg= 0.770 ids= 459 TEE=-1
rank= 4 Lx=Ly=12 pg= 0.770 ids= 344 TEE=-1
rank= 6 Lx=Ly=12 pg= 0.770 ids= 286 TEE=-1
rank=15 Lx=Ly=12 pg= 0.860 ids= 695 TEE=-1
rank= 2 Lx=Ly=12 pg= 0.770 ids= 282 TEE=-1
rank=14 Lx=Ly=12 pg= 0.950 ids= 114 TEE=-1
rank=19 Lx=Ly=12 pg= 0.770 ids= 479 TEE=-1
rank=12 Lx=Ly=12 pg= 0.770 ids= 252 TEE=0
rank= 6 Lx=Ly=12 pg= 0.770 ids= 306 TEE=-1
rank=18 Lx=Ly=12 pg= 0.770 ids= 298 TEE=-1
rank=15 Lx=Ly=12 pg= 0.860 ids= 715 TEE=-1
rank= 3 Lx=Ly=12 pg= 0.770 ids= 363 TEE=-1
rank= 4 Lx=Ly=12 pg= 0.770 ids= 364 TEE=0
rank=19 Lx=Ly=12 pg= 0.770 ids= 499 TEE=-1
rank= 2 Lx=Ly=12 pg= 0.770 ids= 302 TEE=-1
rank=14 Lx=Ly=12 pg= 0.950 ids= 134 TEE=-1
rank=12 Lx=Ly=12 pg= 0.770 ids= 272 TEE=0
rank=15 Lx=Ly=12 pg= 0.860 ids= 735 TEE=-1
rank= 3 Lx=Ly=12 pg= 0.770 ids= 383 TEE=-1
rank= 6 Lx=Ly=12 pg= 0.770 ids= 326 TEE=-1
rank=18 Lx=Ly=12 pg= 0.770 ids= 318 TEE=-1
rank=19 Lx=Ly=12 pg= 0.770 ids= 519 TEE=0
rank= 4 Lx=Ly=12 pg= 0.770 ids= 384 TEE=-1
rank=15 Lx=Ly=12 pg= 0.860 ids= 755 TEE=-1
rank=14 Lx=Ly=12 pg= 0.950 ids= 154 TEE=-1
rank= 2 Lx=Ly=12 pg= 0.770 ids= 322 TEE=0
rank=12 Lx=Ly=12 pg= 0.770 ids= 292 TEE=-1
rank=19 Lx=Ly=12 pg= 0.770 ids= 539 TEE=-1
rank= 3 Lx=Ly=12 pg= 0.770 ids= 403 TEE=-1
rank=18 Lx=Ly=12 pg= 0.770 ids= 338 TEE=-1
rank=15 Lx=Ly=12 pg= 0.860 ids= 775 TEE=-1
rank= 6 Lx=Ly=12 pg= 0.770 ids= 346 TEE=-1
rank= 4 Lx=Ly=12 pg= 0.770 ids= 404 TEE=0
rank=19 Lx=Ly=12 pg= 0.770 ids= 559 TEE=-1
rank= 2 Lx=Ly=12 pg= 0.770 ids= 342 TEE=-1
rank=14 Lx=Ly=12 pg= 0.950 ids= 174 TEE=-1
rank=15 Lx=Ly=12 pg= 0.860 ids= 795 TEE=-1
rank=12 Lx=Ly=12 pg= 0.770 ids= 312 TEE=0
rank=18 Lx=Ly=12 pg= 0.770 ids= 358 TEE=-1
rank= 3 Lx=Ly=12 pg= 0.770 ids= 423 TEE=0
rank=19 Lx=Ly=12 pg= 0.770 ids= 579 TEE=-1
rank= 6 Lx=Ly=12 pg= 0.770 ids= 366 TEE=-1
rank= 4 Lx=Ly=12 pg= 0.770 ids= 424 TEE=-1
rank=15 Lx=Ly=12 pg= 0.905 ids=  15 TEE=0
rank= 2 Lx=Ly=12 pg= 0.770 ids= 362 TEE=-1
rank=14 Lx=Ly=12 pg= 0.950 ids= 194 TEE=-1
rank=19 Lx=Ly=12 pg= 0.770 ids= 599 TEE=0
rank=18 Lx=Ly=12 pg= 0.770 ids= 378 TEE=-1
rank=12 Lx=Ly=12 pg= 0.770 ids= 332 TEE=0
rank= 3 Lx=Ly=12 pg= 0.770 ids= 443 TEE=-1
rank=15 Lx=Ly=12 pg= 0.905 ids=  35 TEE=-1
rank= 6 Lx=Ly=12 pg= 0.770 ids= 386 TEE=-1
rank=19 Lx=Ly=12 pg= 0.770 ids= 619 TEE=-1
rank= 4 Lx=Ly=12 pg= 0.770 ids= 444 TEE=-1
rank= 2 Lx=Ly=12 pg= 0.770 ids= 382 TEE=-1
rank=15 Lx=Ly=12 pg= 0.905 ids=  55 TEE=-1
rank= 3 Lx=Ly=12 pg= 0.770 ids= 463 TEE=-1
rank=14 Lx=Ly=12 pg= 0.950 ids= 214 TEE=-1
rank=18 Lx=Ly=12 pg= 0.770 ids= 398 TEE=-1
rank=12 Lx=Ly=12 pg= 0.770 ids= 352 TEE=-1
rank=19 Lx=Ly=12 pg= 0.770 ids= 639 TEE=-1
rank=15 Lx=Ly=12 pg= 0.905 ids=  75 TEE=-1
rank= 6 Lx=Ly=12 pg= 0.770 ids= 406 TEE=-1
rank= 4 Lx=Ly=12 pg= 0.770 ids= 464 TEE=-1
rank= 2 Lx=Ly=12 pg= 0.770 ids= 402 TEE=-1
rank= 3 Lx=Ly=12 pg= 0.770 ids= 483 TEE=-1
rank=19 Lx=Ly=12 pg= 0.770 ids= 659 TEE=-1
rank=14 Lx=Ly=12 pg= 0.950 ids= 234 TEE=-1
rank=18 Lx=Ly=12 pg= 0.770 ids= 418 TEE=-1
rank=15 Lx=Ly=12 pg= 0.905 ids=  95 TEE=-1
rank=12 Lx=Ly=12 pg= 0.770 ids= 372 TEE=-1
rank= 6 Lx=Ly=12 pg= 0.770 ids= 426 TEE=-1
rank= 4 Lx=Ly=12 pg= 0.770 ids= 484 TEE=0
rank= 2 Lx=Ly=12 pg= 0.770 ids= 422 TEE=-1
rank=15 Lx=Ly=12 pg= 0.905 ids= 115 TEE=-1
rank=19 Lx=Ly=12 pg= 0.770 ids= 679 TEE=-1
rank= 3 Lx=Ly=12 pg= 0.770 ids= 503 TEE=-1
rank=14 Lx=Ly=12 pg= 0.950 ids= 254 TEE=-1
rank=18 Lx=Ly=12 pg= 0.770 ids= 438 TEE=-1
rank=12 Lx=Ly=12 pg= 0.770 ids= 392 TEE=-1
rank= 6 Lx=Ly=12 pg= 0.770 ids= 446 TEE=-1
rank=15 Lx=Ly=12 pg= 0.905 ids= 135 TEE=-1
rank=19 Lx=Ly=12 pg= 0.770 ids= 699 TEE=0
rank= 4 Lx=Ly=12 pg= 0.770 ids= 504 TEE=-1
rank= 2 Lx=Ly=12 pg= 0.770 ids= 442 TEE=0
rank= 3 Lx=Ly=12 pg= 0.770 ids= 523 TEE=-1
rank=15 Lx=Ly=12 pg= 0.905 ids= 155 TEE=-1
rank=19 Lx=Ly=12 pg= 0.770 ids= 719 TEE=-1
rank=18 Lx=Ly=12 pg= 0.770 ids= 458 TEE=-1
rank=14 Lx=Ly=12 pg= 0.950 ids= 274 TEE=-1
rank=12 Lx=Ly=12 pg= 0.770 ids= 412 TEE=-1
rank= 6 Lx=Ly=12 pg= 0.770 ids= 466 TEE=-1
rank= 4 Lx=Ly=12 pg= 0.770 ids= 524 TEE=-1
rank=15 Lx=Ly=12 pg= 0.905 ids= 175 TEE=-1
rank= 2 Lx=Ly=12 pg= 0.770 ids= 462 TEE=-1
rank=19 Lx=Ly=12 pg= 0.770 ids= 739 TEE=-1
rank= 3 Lx=Ly=12 pg= 0.770 ids= 543 TEE=0
rank=15 Lx=Ly=12 pg= 0.905 ids= 195 TEE=-1
rank=18 Lx=Ly=12 pg= 0.770 ids= 478 TEE=-1
rank=14 Lx=Ly=12 pg= 0.950 ids= 294 TEE=-1
rank=12 Lx=Ly=12 pg= 0.770 ids= 432 TEE=0
rank=19 Lx=Ly=12 pg= 0.770 ids= 759 TEE=-1
rank= 6 Lx=Ly=12 pg= 0.770 ids= 486 TEE=-1
rank= 4 Lx=Ly=12 pg= 0.770 ids= 544 TEE=-1
rank= 3 Lx=Ly=12 pg= 0.770 ids= 563 TEE=-1
rank= 2 Lx=Ly=12 pg= 0.770 ids= 482 TEE=-1
rank=15 Lx=Ly=12 pg= 0.905 ids= 215 TEE=-1
rank=19 Lx=Ly=12 pg= 0.770 ids= 779 TEE=-1
rank=14 Lx=Ly=12 pg= 0.950 ids= 314 TEE=-1
rank=18 Lx=Ly=12 pg= 0.770 ids= 498 TEE=-1
rank= 6 Lx=Ly=12 pg= 0.770 ids= 506 TEE=-1
rank= 4 Lx=Ly=12 pg= 0.770 ids= 564 TEE=-1
rank=15 Lx=Ly=12 pg= 0.905 ids= 235 TEE=-1
rank=12 Lx=Ly=12 pg= 0.770 ids= 452 TEE=0
rank= 3 Lx=Ly=12 pg= 0.770 ids= 583 TEE=-1
rank=19 Lx=Ly=12 pg= 0.770 ids= 799 TEE=-1
rank= 2 Lx=Ly=12 pg= 0.770 ids= 502 TEE=-1
rank=14 Lx=Ly=12 pg= 0.950 ids= 334 TEE=-1
rank=15 Lx=Ly=12 pg= 0.905 ids= 255 TEE=-1
rank=19 Lx=Ly=12 pg= 0.815 ids=  19 TEE=-1
rank= 6 Lx=Ly=12 pg= 0.770 ids= 526 TEE=-1
rank=18 Lx=Ly=12 pg= 0.770 ids= 518 TEE=0
rank= 4 Lx=Ly=12 pg= 0.770 ids= 584 TEE=-1
rank=12 Lx=Ly=12 pg= 0.770 ids= 472 TEE=-1
rank= 3 Lx=Ly=12 pg= 0.770 ids= 603 TEE=-1
rank= 2 Lx=Ly=12 pg= 0.770 ids= 522 TEE=0
rank=15 Lx=Ly=12 pg= 0.905 ids= 275 TEE=-1
rank=19 Lx=Ly=12 pg= 0.815 ids=  39 TEE=-1
rank=14 Lx=Ly=12 pg= 0.950 ids= 354 TEE=-1
rank=18 Lx=Ly=12 pg= 0.770 ids= 538 TEE=-1
rank= 3 Lx=Ly=12 pg= 0.770 ids= 623 TEE=-1
rank=15 Lx=Ly=12 pg= 0.905 ids= 295 TEE=-1
rank= 6 Lx=Ly=12 pg= 0.770 ids= 546 TEE=-1
rank=12 Lx=Ly=12 pg= 0.770 ids= 492 TEE=-1
rank= 4 Lx=Ly=12 pg= 0.770 ids= 604 TEE=-1
rank=19 Lx=Ly=12 pg= 0.815 ids=  59 TEE=-1
rank= 2 Lx=Ly=12 pg= 0.770 ids= 542 TEE=-1
rank=14 Lx=Ly=12 pg= 0.950 ids= 374 TEE=-1
rank=15 Lx=Ly=12 pg= 0.905 ids= 315 TEE=-1
rank=19 Lx=Ly=12 pg= 0.815 ids=  79 TEE=-1
rank=18 Lx=Ly=12 pg= 0.770 ids= 558 TEE=-1
rank=12 Lx=Ly=12 pg= 0.770 ids= 512 TEE=0
rank= 6 Lx=Ly=12 pg= 0.770 ids= 566 TEE=-1
rank= 3 Lx=Ly=12 pg= 0.770 ids= 643 TEE=-1
rank= 4 Lx=Ly=12 pg= 0.770 ids= 624 TEE=0
rank=15 Lx=Ly=12 pg= 0.905 ids= 335 TEE=-1
rank= 2 Lx=Ly=12 pg= 0.770 ids= 562 TEE=0
rank=19 Lx=Ly=12 pg= 0.815 ids=  99 TEE=0
rank=14 Lx=Ly=12 pg= 0.950 ids= 394 TEE=-1
rank= 6 Lx=Ly=12 pg= 0.770 ids= 586 TEE=-1
rank=12 Lx=Ly=12 pg= 0.770 ids= 532 TEE=0
rank=15 Lx=Ly=12 pg= 0.905 ids= 355 TEE=-1
rank=18 Lx=Ly=12 pg= 0.770 ids= 578 TEE=-1
rank= 2 Lx=Ly=12 pg= 0.770 ids= 582 TEE=-1
rank= 3 Lx=Ly=12 pg= 0.770 ids= 663 TEE=-1
rank= 4 Lx=Ly=12 pg= 0.770 ids= 644 TEE=0
rank=19 Lx=Ly=12 pg= 0.815 ids= 119 TEE=-1
rank=15 Lx=Ly=12 pg= 0.905 ids= 375 TEE=-1
rank=14 Lx=Ly=12 pg= 0.950 ids= 414 TEE=-1
rank= 6 Lx=Ly=12 pg= 0.770 ids= 606 TEE=-1
rank=18 Lx=Ly=12 pg= 0.770 ids= 598 TEE=-1
rank=12 Lx=Ly=12 pg= 0.770 ids= 552 TEE=-1
rank=19 Lx=Ly=12 pg= 0.815 ids= 139 TEE=-1
rank= 2 Lx=Ly=12 pg= 0.770 ids= 602 TEE=-1
rank=15 Lx=Ly=12 pg= 0.905 ids= 395 TEE=-1
rank= 3 Lx=Ly=12 pg= 0.770 ids= 683 TEE=-1
rank= 4 Lx=Ly=12 pg= 0.770 ids= 664 TEE=0
rank=14 Lx=Ly=12 pg= 0.950 ids= 434 TEE=-1
rank=15 Lx=Ly=12 pg= 0.905 ids= 415 TEE=-1
rank=19 Lx=Ly=12 pg= 0.815 ids= 159 TEE=-1
rank= 6 Lx=Ly=12 pg= 0.770 ids= 626 TEE=-1
rank=18 Lx=Ly=12 pg= 0.770 ids= 618 TEE=-1
rank= 2 Lx=Ly=12 pg= 0.770 ids= 622 TEE=0
rank=12 Lx=Ly=12 pg= 0.770 ids= 572 TEE=-1
rank=15 Lx=Ly=12 pg= 0.905 ids= 435 TEE=-1
rank= 3 Lx=Ly=12 pg= 0.770 ids= 703 TEE=-1
rank= 4 Lx=Ly=12 pg= 0.770 ids= 684 TEE=-1
rank=19 Lx=Ly=12 pg= 0.815 ids= 179 TEE=-1
rank=14 Lx=Ly=12 pg= 0.950 ids= 454 TEE=-1
rank=18 Lx=Ly=12 pg= 0.770 ids= 638 TEE=1
rank= 6 Lx=Ly=12 pg= 0.770 ids= 646 TEE=-1
rank=15 Lx=Ly=12 pg= 0.905 ids= 455 TEE=0
rank=12 Lx=Ly=12 pg= 0.770 ids= 592 TEE=-1
rank=19 Lx=Ly=12 pg= 0.815 ids= 199 TEE=-1
rank= 2 Lx=Ly=12 pg= 0.770 ids= 642 TEE=-1
rank= 4 Lx=Ly=12 pg= 0.770 ids= 704 TEE=-1
rank= 3 Lx=Ly=12 pg= 0.770 ids= 723 TEE=-1
rank=15 Lx=Ly=12 pg= 0.905 ids= 475 TEE=-1
rank=18 Lx=Ly=12 pg= 0.770 ids= 658 TEE=-1
rank=19 Lx=Ly=12 pg= 0.815 ids= 219 TEE=0
rank=14 Lx=Ly=12 pg= 0.950 ids= 474 TEE=-1
rank= 6 Lx=Ly=12 pg= 0.770 ids= 666 TEE=0
rank=12 Lx=Ly=12 pg= 0.770 ids= 612 TEE=-1
rank=15 Lx=Ly=12 pg= 0.905 ids= 495 TEE=-1
rank= 2 Lx=Ly=12 pg= 0.770 ids= 662 TEE=-1
rank=19 Lx=Ly=12 pg= 0.815 ids= 239 TEE=-1
rank= 3 Lx=Ly=12 pg= 0.770 ids= 743 TEE=-1
rank= 4 Lx=Ly=12 pg= 0.770 ids= 724 TEE=-1
rank=18 Lx=Ly=12 pg= 0.770 ids= 678 TEE=-1
rank= 6 Lx=Ly=12 pg= 0.770 ids= 686 TEE=0
rank=14 Lx=Ly=12 pg= 0.950 ids= 494 TEE=-1
rank=15 Lx=Ly=12 pg= 0.905 ids= 515 TEE=-1
rank=19 Lx=Ly=12 pg= 0.815 ids= 259 TEE=-1
rank=12 Lx=Ly=12 pg= 0.770 ids= 632 TEE=-1
rank= 2 Lx=Ly=12 pg= 0.770 ids= 682 TEE=-1
rank= 3 Lx=Ly=12 pg= 0.770 ids= 763 TEE=-1
rank= 4 Lx=Ly=12 pg= 0.770 ids= 744 TEE=-1
rank=15 Lx=Ly=12 pg= 0.905 ids= 535 TEE=-1
rank=18 Lx=Ly=12 pg= 0.770 ids= 698 TEE=-1
rank=19 Lx=Ly=12 pg= 0.815 ids= 279 TEE=-1
rank= 6 Lx=Ly=12 pg= 0.770 ids= 706 TEE=-1
rank=14 Lx=Ly=12 pg= 0.950 ids= 514 TEE=-1
rank=12 Lx=Ly=12 pg= 0.770 ids= 652 TEE=-1
rank=15 Lx=Ly=12 pg= 0.905 ids= 555 TEE=-1
rank=19 Lx=Ly=12 pg= 0.815 ids= 299 TEE=-1
rank= 2 Lx=Ly=12 pg= 0.770 ids= 702 TEE=0
rank= 3 Lx=Ly=12 pg= 0.770 ids= 783 TEE=0
rank=18 Lx=Ly=12 pg= 0.770 ids= 718 TEE=-1
rank= 4 Lx=Ly=12 pg= 0.770 ids= 764 TEE=0
rank= 6 Lx=Ly=12 pg= 0.770 ids= 726 TEE=-1
rank=15 Lx=Ly=12 pg= 0.905 ids= 575 TEE=0
rank=14 Lx=Ly=12 pg= 0.950 ids= 534 TEE=-1
rank=19 Lx=Ly=12 pg= 0.815 ids= 319 TEE=-1
rank= 2 Lx=Ly=12 pg= 0.770 ids= 722 TEE=-1
rank=12 Lx=Ly=12 pg= 0.770 ids= 672 TEE=-1
rank=15 Lx=Ly=12 pg= 0.905 ids= 595 TEE=-1
rank= 3 Lx=Ly=12 pg= 0.815 ids=   3 TEE=-1
rank=14 Lx=Ly=12 pg= 0.950 ids= 554 TEE=-1
rank= 4 Lx=Ly=12 pg= 0.770 ids= 784 TEE=-1
rank=18 Lx=Ly=12 pg= 0.770 ids= 738 TEE=0
rank= 6 Lx=Ly=12 pg= 0.770 ids= 746 TEE=-1
rank=19 Lx=Ly=12 pg= 0.815 ids= 339 TEE=-1
rank=15 Lx=Ly=12 pg= 0.905 ids= 615 TEE=-1
rank= 2 Lx=Ly=12 pg= 0.770 ids= 742 TEE=-1
rank=12 Lx=Ly=12 pg= 0.770 ids= 692 TEE=-1
rank=19 Lx=Ly=12 pg= 0.815 ids= 359 TEE=-1
rank=14 Lx=Ly=12 pg= 0.950 ids= 574 TEE=-1
rank= 3 Lx=Ly=12 pg= 0.815 ids=  23 TEE=-1
rank=15 Lx=Ly=12 pg= 0.905 ids= 635 TEE=-1
rank= 6 Lx=Ly=12 pg= 0.770 ids= 766 TEE=-1
rank= 4 Lx=Ly=12 pg= 0.815 ids=   4 TEE=-1
rank=18 Lx=Ly=12 pg= 0.770 ids= 758 TEE=-1
rank=19 Lx=Ly=12 pg= 0.815 ids= 379 TEE=-1
rank=12 Lx=Ly=12 pg= 0.770 ids= 712 TEE=-1
rank= 2 Lx=Ly=12 pg= 0.770 ids= 762 TEE=-1
rank=15 Lx=Ly=12 pg= 0.905 ids= 655 TEE=-1
rank=19 Lx=Ly=12 pg= 0.815 ids= 399 TEE=-1
rank=14 Lx=Ly=12 pg= 0.950 ids= 594 TEE=-1
rank= 3 Lx=Ly=12 pg= 0.815 ids=  43 TEE=-1
rank=18 Lx=Ly=12 pg= 0.770 ids= 778 TEE=-1
rank= 6 Lx=Ly=12 pg= 0.770 ids= 786 TEE=0
rank= 4 Lx=Ly=12 pg= 0.815 ids=  24 TEE=0
rank=15 Lx=Ly=12 pg= 0.905 ids= 675 TEE=-1
rank=19 Lx=Ly=12 pg= 0.815 ids= 419 TEE=-1
rank=12 Lx=Ly=12 pg= 0.770 ids= 732 TEE=-1
rank= 2 Lx=Ly=12 pg= 0.770 ids= 782 TEE=-1
rank=15 Lx=Ly=12 pg= 0.905 ids= 695 TEE=-1
rank=18 Lx=Ly=12 pg= 0.770 ids= 798 TEE=-1
rank=14 Lx=Ly=12 pg= 0.950 ids= 614 TEE=-1
rank= 6 Lx=Ly=12 pg= 0.815 ids=   6 TEE=-1
rank= 3 Lx=Ly=12 pg= 0.815 ids=  63 TEE=-1
rank= 4 Lx=Ly=12 pg= 0.815 ids=  44 TEE=-1
rank=19 Lx=Ly=12 pg= 0.815 ids= 439 TEE=-1
rank=15 Lx=Ly=12 pg= 0.905 ids= 715 TEE=-1
rank=12 Lx=Ly=12 pg= 0.770 ids= 752 TEE=-1
rank= 2 Lx=Ly=12 pg= 0.815 ids=   2 TEE=-1
rank=18 Lx=Ly=12 pg= 0.815 ids=  18 TEE=-1
rank=14 Lx=Ly=12 pg= 0.950 ids= 634 TEE=-1
rank=15 Lx=Ly=12 pg= 0.905 ids= 735 TEE=-1
rank= 6 Lx=Ly=12 pg= 0.815 ids=  26 TEE=-1
rank=19 Lx=Ly=12 pg= 0.815 ids= 459 TEE=-1
rank= 3 Lx=Ly=12 pg= 0.815 ids=  83 TEE=-1
rank= 4 Lx=Ly=12 pg= 0.815 ids=  64 TEE=-1
rank=12 Lx=Ly=12 pg= 0.770 ids= 772 TEE=-1
rank=15 Lx=Ly=12 pg= 0.905 ids= 755 TEE=-1
rank=19 Lx=Ly=12 pg= 0.815 ids= 479 TEE=-1
rank= 2 Lx=Ly=12 pg= 0.815 ids=  22 TEE=0
rank=14 Lx=Ly=12 pg= 0.950 ids= 654 TEE=-1
rank=18 Lx=Ly=12 pg= 0.815 ids=  38 TEE=-1
rank= 6 Lx=Ly=12 pg= 0.815 ids=  46 TEE=-1
rank= 4 Lx=Ly=12 pg= 0.815 ids=  84 TEE=-1
rank= 3 Lx=Ly=12 pg= 0.815 ids= 103 TEE=-1
rank=15 Lx=Ly=12 pg= 0.905 ids= 775 TEE=-1
rank=19 Lx=Ly=12 pg= 0.815 ids= 499 TEE=-1
rank=12 Lx=Ly=12 pg= 0.770 ids= 792 TEE=-1
rank= 2 Lx=Ly=12 pg= 0.815 ids=  42 TEE=-1
rank=18 Lx=Ly=12 pg= 0.815 ids=  58 TEE=-1
rank=14 Lx=Ly=12 pg= 0.950 ids= 674 TEE=-1
rank= 4 Lx=Ly=12 pg= 0.815 ids= 104 TEE=-1
rank=15 Lx=Ly=12 pg= 0.905 ids= 795 TEE=-1
rank= 6 Lx=Ly=12 pg= 0.815 ids=  66 TEE=-1
rank=19 Lx=Ly=12 pg= 0.815 ids= 519 TEE=-1
rank= 3 Lx=Ly=12 pg= 0.815 ids= 123 TEE=-1
rank=15 Lx=Ly=12 pg= 0.950 ids=  15 TEE=-1
rank=12 Lx=Ly=12 pg= 0.815 ids=  12 TEE=-1
rank= 2 Lx=Ly=12 pg= 0.815 ids=  62 TEE=-1
rank=18 Lx=Ly=12 pg= 0.815 ids=  78 TEE=-1
rank= 4 Lx=Ly=12 pg= 0.815 ids= 124 TEE=-1
rank=19 Lx=Ly=12 pg= 0.815 ids= 539 TEE=-1
rank=14 Lx=Ly=12 pg= 0.950 ids= 694 TEE=-1
rank= 6 Lx=Ly=12 pg= 0.815 ids=  86 TEE=-1
rank= 3 Lx=Ly=12 pg= 0.815 ids= 143 TEE=-1
rank=15 Lx=Ly=12 pg= 0.950 ids=  35 TEE=-1
rank=19 Lx=Ly=12 pg= 0.815 ids= 559 TEE=-1
rank= 6 Lx=Ly=12 pg= 0.815 ids= 106 TEE=-1
rank=12 Lx=Ly=12 pg= 0.815 ids=  32 TEE=-1
rank=18 Lx=Ly=12 pg= 0.815 ids=  98 TEE=-1
rank=15 Lx=Ly=12 pg= 0.950 ids=  55 TEE=-1
rank= 2 Lx=Ly=12 pg= 0.815 ids=  82 TEE=0
rank= 4 Lx=Ly=12 pg= 0.815 ids= 144 TEE=-1
rank=14 Lx=Ly=12 pg= 0.950 ids= 714 TEE=-1
rank= 3 Lx=Ly=12 pg= 0.815 ids= 163 TEE=-1
rank=19 Lx=Ly=12 pg= 0.815 ids= 579 TEE=-1
rank=15 Lx=Ly=12 pg= 0.950 ids=  75 TEE=-1
rank= 6 Lx=Ly=12 pg= 0.815 ids= 126 TEE=-1
rank=12 Lx=Ly=12 pg= 0.815 ids=  52 TEE=-1
rank=18 Lx=Ly=12 pg= 0.815 ids= 118 TEE=-1
rank= 2 Lx=Ly=12 pg= 0.815 ids= 102 TEE=-1
rank= 4 Lx=Ly=12 pg= 0.815 ids= 164 TEE=-1
rank=19 Lx=Ly=12 pg= 0.815 ids= 599 TEE=-1
rank=14 Lx=Ly=12 pg= 0.950 ids= 734 TEE=-1
rank=15 Lx=Ly=12 pg= 0.950 ids=  95 TEE=-1
rank= 6 Lx=Ly=12 pg= 0.815 ids= 146 TEE=-1
rank= 3 Lx=Ly=12 pg= 0.815 ids= 183 TEE=-1
rank=12 Lx=Ly=12 pg= 0.815 ids=  72 TEE=-1
rank=19 Lx=Ly=12 pg= 0.815 ids= 619 TEE=-1
rank=18 Lx=Ly=12 pg= 0.815 ids= 138 TEE=-1
rank=15 Lx=Ly=12 pg= 0.950 ids= 115 TEE=-1
rank= 2 Lx=Ly=12 pg= 0.815 ids= 122 TEE=-1
rank= 4 Lx=Ly=12 pg= 0.815 ids= 184 TEE=0
rank=14 Lx=Ly=12 pg= 0.950 ids= 754 TEE=-1
rank= 6 Lx=Ly=12 pg= 0.815 ids= 166 TEE=0
rank=19 Lx=Ly=12 pg= 0.815 ids= 639 TEE=-1
rank= 3 Lx=Ly=12 pg= 0.815 ids= 203 TEE=-1
rank=15 Lx=Ly=12 pg= 0.950 ids= 135 TEE=-1
rank=12 Lx=Ly=12 pg= 0.815 ids=  92 TEE=0
rank= 2 Lx=Ly=12 pg= 0.815 ids= 142 TEE=-1
rank=18 Lx=Ly=12 pg= 0.815 ids= 158 TEE=0
rank= 6 Lx=Ly=12 pg= 0.815 ids= 186 TEE=-1
rank=19 Lx=Ly=12 pg= 0.815 ids= 659 TEE=-1
rank= 4 Lx=Ly=12 pg= 0.815 ids= 204 TEE=-1
rank=14 Lx=Ly=12 pg= 0.950 ids= 774 TEE=-1
rank=15 Lx=Ly=12 pg= 0.950 ids= 155 TEE=0
rank= 3 Lx=Ly=12 pg= 0.815 ids= 223 TEE=-1
rank=12 Lx=Ly=12 pg= 0.815 ids= 112 TEE=-1
rank=19 Lx=Ly=12 pg= 0.815 ids= 679 TEE=-1
rank= 2 Lx=Ly=12 pg= 0.815 ids= 162 TEE=0
rank=15 Lx=Ly=12 pg= 0.950 ids= 175 TEE=-1
rank= 6 Lx=Ly=12 pg= 0.815 ids= 206 TEE=-1
rank=18 Lx=Ly=12 pg= 0.815 ids= 178 TEE=-1
rank=14 Lx=Ly=12 pg= 0.950 ids= 794 TEE=-1
rank= 4 Lx=Ly=12 pg= 0.815 ids= 224 TEE=-1
rank=19 Lx=Ly=12 pg= 0.815 ids= 699 TEE=-1
rank=12 Lx=Ly=12 pg= 0.815 ids= 132 TEE=-1
rank= 3 Lx=Ly=12 pg= 0.815 ids= 243 TEE=-1
rank=15 Lx=Ly=12 pg= 0.950 ids= 195 TEE=-1
rank= 6 Lx=Ly=12 pg= 0.815 ids= 226 TEE=-1
rank= 2 Lx=Ly=12 pg= 0.815 ids= 182 TEE=-1
rank=18 Lx=Ly=12 pg= 0.815 ids= 198 TEE=-1
rank= 4 Lx=Ly=12 pg= 0.815 ids= 244 TEE=-1
rank=19 Lx=Ly=12 pg= 0.815 ids= 719 TEE=-1
rank=15 Lx=Ly=12 pg= 0.950 ids= 215 TEE=0
rank=12 Lx=Ly=12 pg= 0.815 ids= 152 TEE=-1
rank= 6 Lx=Ly=12 pg= 0.815 ids= 246 TEE=0
rank= 3 Lx=Ly=12 pg= 0.815 ids= 263 TEE=-1
rank= 2 Lx=Ly=12 pg= 0.815 ids= 202 TEE=-1
rank=15 Lx=Ly=12 pg= 0.950 ids= 235 TEE=-1
rank=18 Lx=Ly=12 pg= 0.815 ids= 218 TEE=0
rank=19 Lx=Ly=12 pg= 0.815 ids= 739 TEE=-1
rank= 4 Lx=Ly=12 pg= 0.815 ids= 264 TEE=0
rank= 6 Lx=Ly=12 pg= 0.815 ids= 266 TEE=-1
rank=15 Lx=Ly=12 pg= 0.950 ids= 255 TEE=-1
rank=12 Lx=Ly=12 pg= 0.815 ids= 172 TEE=0
rank= 3 Lx=Ly=12 pg= 0.815 ids= 283 TEE=-1
rank=19 Lx=Ly=12 pg= 0.815 ids= 759 TEE=-1
rank= 2 Lx=Ly=12 pg= 0.815 ids= 222 TEE=-1
rank= 4 Lx=Ly=12 pg= 0.815 ids= 284 TEE=-1
rank=18 Lx=Ly=12 pg= 0.815 ids= 238 TEE=-1
rank=15 Lx=Ly=12 pg= 0.950 ids= 275 TEE=-1
rank=19 Lx=Ly=12 pg= 0.815 ids= 779 TEE=-1
rank=12 Lx=Ly=12 pg= 0.815 ids= 192 TEE=-1
rank= 6 Lx=Ly=12 pg= 0.815 ids= 286 TEE=-1
rank= 3 Lx=Ly=12 pg= 0.815 ids= 303 TEE=-1
rank= 2 Lx=Ly=12 pg= 0.815 ids= 242 TEE=-1
rank=15 Lx=Ly=12 pg= 0.950 ids= 295 TEE=-1
rank=18 Lx=Ly=12 pg= 0.815 ids= 258 TEE=-1
rank= 4 Lx=Ly=12 pg= 0.815 ids= 304 TEE=-1
rank=19 Lx=Ly=12 pg= 0.815 ids= 799 TEE=-1
rank=12 Lx=Ly=12 pg= 0.815 ids= 212 TEE=-1
rank= 3 Lx=Ly=12 pg= 0.815 ids= 323 TEE=-1
rank=15 Lx=Ly=12 pg= 0.950 ids= 315 TEE=-1
rank= 6 Lx=Ly=12 pg= 0.815 ids= 306 TEE=-1
rank=19 Lx=Ly=12 pg= 0.860 ids=  19 TEE=-1
rank= 4 Lx=Ly=12 pg= 0.815 ids= 324 TEE=-1
rank= 2 Lx=Ly=12 pg= 0.815 ids= 262 TEE=-1
rank=18 Lx=Ly=12 pg= 0.815 ids= 278 TEE=-1
rank=15 Lx=Ly=12 pg= 0.950 ids= 335 TEE=0
rank=12 Lx=Ly=12 pg= 0.815 ids= 232 TEE=-1
rank=19 Lx=Ly=12 pg= 0.860 ids=  39 TEE=-1
rank= 3 Lx=Ly=12 pg= 0.815 ids= 343 TEE=0
rank= 6 Lx=Ly=12 pg= 0.815 ids= 326 TEE=-1
rank=15 Lx=Ly=12 pg= 0.950 ids= 355 TEE=-1
rank= 4 Lx=Ly=12 pg= 0.815 ids= 344 TEE=-1
rank= 2 Lx=Ly=12 pg= 0.815 ids= 282 TEE=-1
rank=18 Lx=Ly=12 pg= 0.815 ids= 298 TEE=-1
rank=19 Lx=Ly=12 pg= 0.860 ids=  59 TEE=-1
rank= 3 Lx=Ly=12 pg= 0.815 ids= 363 TEE=-1
rank=12 Lx=Ly=12 pg= 0.815 ids= 252 TEE=-1
rank=15 Lx=Ly=12 pg= 0.950 ids= 375 TEE=-1
rank= 4 Lx=Ly=12 pg= 0.815 ids= 364 TEE=0
rank=19 Lx=Ly=12 pg= 0.860 ids=  79 TEE=-1
rank= 6 Lx=Ly=12 pg= 0.815 ids= 346 TEE=-1
rank=18 Lx=Ly=12 pg= 0.815 ids= 318 TEE=-1
rank= 2 Lx=Ly=12 pg= 0.815 ids= 302 TEE=-1
rank=15 Lx=Ly=12 pg= 0.950 ids= 395 TEE=-1
rank=12 Lx=Ly=12 pg= 0.815 ids= 272 TEE=-1
rank= 3 Lx=Ly=12 pg= 0.815 ids= 383 TEE=-1
rank=19 Lx=Ly=12 pg= 0.860 ids=  99 TEE=-1
rank= 6 Lx=Ly=12 pg= 0.815 ids= 366 TEE=-1
rank= 4 Lx=Ly=12 pg= 0.815 ids= 384 TEE=0
rank=18 Lx=Ly=12 pg= 0.815 ids= 338 TEE=-1
rank= 2 Lx=Ly=12 pg= 0.815 ids= 322 TEE=0
rank=15 Lx=Ly=12 pg= 0.950 ids= 415 TEE=-1
rank= 6 Lx=Ly=12 pg= 0.815 ids= 386 TEE=-1
rank=19 Lx=Ly=12 pg= 0.860 ids= 119 TEE=-1
rank=12 Lx=Ly=12 pg= 0.815 ids= 292 TEE=-1
rank= 3 Lx=Ly=12 pg= 0.815 ids= 403 TEE=-1
rank= 4 Lx=Ly=12 pg= 0.815 ids= 404 TEE=-1
rank=15 Lx=Ly=12 pg= 0.950 ids= 435 TEE=-1
rank=18 Lx=Ly=12 pg= 0.815 ids= 358 TEE=-1
rank= 2 Lx=Ly=12 pg= 0.815 ids= 342 TEE=-1
rank=19 Lx=Ly=12 pg= 0.860 ids= 139 TEE=-1
rank= 6 Lx=Ly=12 pg= 0.815 ids= 406 TEE=-1
rank=15 Lx=Ly=12 pg= 0.950 ids= 455 TEE=-1
rank= 3 Lx=Ly=12 pg= 0.815 ids= 423 TEE=-1
rank=12 Lx=Ly=12 pg= 0.815 ids= 312 TEE=-1
rank= 4 Lx=Ly=12 pg= 0.815 ids= 424 TEE=-1
rank= 2 Lx=Ly=12 pg= 0.815 ids= 362 TEE=-1
rank=18 Lx=Ly=12 pg= 0.815 ids= 378 TEE=-1
rank=19 Lx=Ly=12 pg= 0.860 ids= 159 TEE=-1
rank=15 Lx=Ly=12 pg= 0.950 ids= 475 TEE=-1
rank= 6 Lx=Ly=12 pg= 0.815 ids= 426 TEE=0
rank=12 Lx=Ly=12 pg= 0.815 ids= 332 TEE=-1
rank= 3 Lx=Ly=12 pg= 0.815 ids= 443 TEE=-1
rank=19 Lx=Ly=12 pg= 0.860 ids= 179 TEE=-1
rank=15 Lx=Ly=12 pg= 0.950 ids= 495 TEE=-1
rank= 4 Lx=Ly=12 pg= 0.815 ids= 444 TEE=-1
rank=18 Lx=Ly=12 pg= 0.815 ids= 398 TEE=-1
rank= 2 Lx=Ly=12 pg= 0.815 ids= 382 TEE=-1
rank=19 Lx=Ly=12 pg= 0.860 ids= 199 TEE=-1
rank=15 Lx=Ly=12 pg= 0.950 ids= 515 TEE=-1
rank= 6 Lx=Ly=12 pg= 0.815 ids= 446 TEE=0
rank=12 Lx=Ly=12 pg= 0.815 ids= 352 TEE=-1
rank= 3 Lx=Ly=12 pg= 0.815 ids= 463 TEE=-1
rank= 4 Lx=Ly=12 pg= 0.815 ids= 464 TEE=-1
rank= 2 Lx=Ly=12 pg= 0.815 ids= 402 TEE=-1
rank=15 Lx=Ly=12 pg= 0.950 ids= 535 TEE=-1
rank=19 Lx=Ly=12 pg= 0.860 ids= 219 TEE=-1
rank=18 Lx=Ly=12 pg= 0.815 ids= 418 TEE=-1
rank= 6 Lx=Ly=12 pg= 0.815 ids= 466 TEE=-1
rank=12 Lx=Ly=12 pg= 0.815 ids= 372 TEE=-1
rank=15 Lx=Ly=12 pg= 0.950 ids= 555 TEE=-1
rank= 3 Lx=Ly=12 pg= 0.815 ids= 483 TEE=-1
rank= 4 Lx=Ly=12 pg= 0.815 ids= 484 TEE=-1
rank=19 Lx=Ly=12 pg= 0.860 ids= 239 TEE=-1
rank= 2 Lx=Ly=12 pg= 0.815 ids= 422 TEE=-1
rank=18 Lx=Ly=12 pg= 0.815 ids= 438 TEE=-1
rank=15 Lx=Ly=12 pg= 0.950 ids= 575 TEE=-1
rank= 6 Lx=Ly=12 pg= 0.815 ids= 486 TEE=-1
rank=12 Lx=Ly=12 pg= 0.815 ids= 392 TEE=-1
rank= 4 Lx=Ly=12 pg= 0.815 ids= 504 TEE=-1
rank=19 Lx=Ly=12 pg= 0.860 ids= 259 TEE=0
rank= 3 Lx=Ly=12 pg= 0.815 ids= 503 TEE=-1
rank=15 Lx=Ly=12 pg= 0.950 ids= 595 TEE=-1
rank=18 Lx=Ly=12 pg= 0.815 ids= 458 TEE=-1
rank= 2 Lx=Ly=12 pg= 0.815 ids= 442 TEE=-1
rank=19 Lx=Ly=12 pg= 0.860 ids= 279 TEE=-1
rank= 3 Lx=Ly=12 pg= 0.815 ids= 523 TEE=-1
rank=12 Lx=Ly=12 pg= 0.815 ids= 412 TEE=-1
rank= 6 Lx=Ly=12 pg= 0.815 ids= 506 TEE=-1
rank= 4 Lx=Ly=12 pg= 0.815 ids= 524 TEE=-1
rank=15 Lx=Ly=12 pg= 0.950 ids= 615 TEE=-1
rank= 2 Lx=Ly=12 pg= 0.815 ids= 462 TEE=-1
rank=18 Lx=Ly=12 pg= 0.815 ids= 478 TEE=-1
rank=19 Lx=Ly=12 pg= 0.860 ids= 299 TEE=-1
rank=12 Lx=Ly=12 pg= 0.815 ids= 432 TEE=-1
rank=15 Lx=Ly=12 pg= 0.950 ids= 635 TEE=-1
rank= 3 Lx=Ly=12 pg= 0.815 ids= 543 TEE=-1
rank= 6 Lx=Ly=12 pg= 0.815 ids= 526 TEE=-1
rank= 4 Lx=Ly=12 pg= 0.815 ids= 544 TEE=-1
rank=18 Lx=Ly=12 pg= 0.815 ids= 498 TEE=-1
rank=19 Lx=Ly=12 pg= 0.860 ids= 319 TEE=0
rank= 2 Lx=Ly=12 pg= 0.815 ids= 482 TEE=-1
rank=15 Lx=Ly=12 pg= 0.950 ids= 655 TEE=-1
rank=12 Lx=Ly=12 pg= 0.815 ids= 452 TEE=-1
rank= 6 Lx=Ly=12 pg= 0.815 ids= 546 TEE=-1
rank= 3 Lx=Ly=12 pg= 0.815 ids= 563 TEE=-1
rank=19 Lx=Ly=12 pg= 0.860 ids= 339 TEE=-1
rank= 4 Lx=Ly=12 pg= 0.815 ids= 564 TEE=-1
rank=15 Lx=Ly=12 pg= 0.950 ids= 675 TEE=-1
rank=18 Lx=Ly=12 pg= 0.815 ids= 518 TEE=-1
rank= 2 Lx=Ly=12 pg= 0.815 ids= 502 TEE=-1
rank=19 Lx=Ly=12 pg= 0.860 ids= 359 TEE=-1
rank= 6 Lx=Ly=12 pg= 0.815 ids= 566 TEE=-1
rank=12 Lx=Ly=12 pg= 0.815 ids= 472 TEE=-1
rank= 3 Lx=Ly=12 pg= 0.815 ids= 583 TEE=-1
rank=15 Lx=Ly=12 pg= 0.950 ids= 695 TEE=-1
rank= 4 Lx=Ly=12 pg= 0.815 ids= 584 TEE=-1
rank=18 Lx=Ly=12 pg= 0.815 ids= 538 TEE=-1
rank=19 Lx=Ly=12 pg= 0.860 ids= 379 TEE=-1
rank= 2 Lx=Ly=12 pg= 0.815 ids= 522 TEE=-1
rank=15 Lx=Ly=12 pg= 0.950 ids= 715 TEE=-1
rank=12 Lx=Ly=12 pg= 0.815 ids= 492 TEE=-1
rank= 6 Lx=Ly=12 pg= 0.815 ids= 586 TEE=-1
rank= 3 Lx=Ly=12 pg= 0.815 ids= 603 TEE=-1
rank=18 Lx=Ly=12 pg= 0.815 ids= 558 TEE=-1
rank= 4 Lx=Ly=12 pg= 0.815 ids= 604 TEE=-1
rank=19 Lx=Ly=12 pg= 0.860 ids= 399 TEE=-1
rank=15 Lx=Ly=12 pg= 0.950 ids= 735 TEE=-1
rank= 2 Lx=Ly=12 pg= 0.815 ids= 542 TEE=-1
rank=12 Lx=Ly=12 pg= 0.815 ids= 512 TEE=-1
rank= 6 Lx=Ly=12 pg= 0.815 ids= 606 TEE=-1
rank= 3 Lx=Ly=12 pg= 0.815 ids= 623 TEE=-1
rank=15 Lx=Ly=12 pg= 0.950 ids= 755 TEE=-1
rank=19 Lx=Ly=12 pg= 0.860 ids= 419 TEE=-1
rank=18 Lx=Ly=12 pg= 0.815 ids= 578 TEE=-1
rank= 4 Lx=Ly=12 pg= 0.815 ids= 624 TEE=-1
rank= 2 Lx=Ly=12 pg= 0.815 ids= 562 TEE=0
rank=15 Lx=Ly=12 pg= 0.950 ids= 775 TEE=-1
rank=19 Lx=Ly=12 pg= 0.860 ids= 439 TEE=-1
rank= 3 Lx=Ly=12 pg= 0.815 ids= 643 TEE=0
rank=12 Lx=Ly=12 pg= 0.815 ids= 532 TEE=-1
rank= 6 Lx=Ly=12 pg= 0.815 ids= 626 TEE=0
rank=18 Lx=Ly=12 pg= 0.815 ids= 598 TEE=-1
rank=15 Lx=Ly=12 pg= 0.950 ids= 795 TEE=-1
rank= 4 Lx=Ly=12 pg= 0.815 ids= 644 TEE=-1
rank=19 Lx=Ly=12 pg= 0.860 ids= 459 TEE=0
rank= 2 Lx=Ly=12 pg= 0.815 ids= 582 TEE=-1
rank= 3 Lx=Ly=12 pg= 0.815 ids= 663 TEE=-1
rank= 6 Lx=Ly=12 pg= 0.815 ids= 646 TEE=-1
rank=12 Lx=Ly=12 pg= 0.815 ids= 552 TEE=-1
rank=19 Lx=Ly=12 pg= 0.860 ids= 479 TEE=-1
rank=18 Lx=Ly=12 pg= 0.815 ids= 618 TEE=-1
rank= 4 Lx=Ly=12 pg= 0.815 ids= 664 TEE=-1
rank= 3 Lx=Ly=12 pg= 0.815 ids= 683 TEE=-1
rank= 2 Lx=Ly=12 pg= 0.815 ids= 602 TEE=-1
rank=19 Lx=Ly=12 pg= 0.860 ids= 499 TEE=-1
rank=12 Lx=Ly=12 pg= 0.815 ids= 572 TEE=-1
rank= 6 Lx=Ly=12 pg= 0.815 ids= 666 TEE=-1
rank=18 Lx=Ly=12 pg= 0.815 ids= 638 TEE=-1
rank= 4 Lx=Ly=12 pg= 0.815 ids= 684 TEE=-1
rank=19 Lx=Ly=12 pg= 0.860 ids= 519 TEE=-1
rank= 3 Lx=Ly=12 pg= 0.815 ids= 703 TEE=-1
rank= 2 Lx=Ly=12 pg= 0.815 ids= 622 TEE=0
rank=12 Lx=Ly=12 pg= 0.815 ids= 592 TEE=0
rank= 6 Lx=Ly=12 pg= 0.815 ids= 686 TEE=-1
rank= 4 Lx=Ly=12 pg= 0.815 ids= 704 TEE=-1
rank=18 Lx=Ly=12 pg= 0.815 ids= 658 TEE=-1
rank=19 Lx=Ly=12 pg= 0.860 ids= 539 TEE=-1
rank= 3 Lx=Ly=12 pg= 0.815 ids= 723 TEE=-1
rank= 2 Lx=Ly=12 pg= 0.815 ids= 642 TEE=-1
rank=12 Lx=Ly=12 pg= 0.815 ids= 612 TEE=-1
rank= 4 Lx=Ly=12 pg= 0.815 ids= 724 TEE=0
rank= 6 Lx=Ly=12 pg= 0.815 ids= 706 TEE=-1
rank=18 Lx=Ly=12 pg= 0.815 ids= 678 TEE=-1
rank=19 Lx=Ly=12 pg= 0.860 ids= 559 TEE=-1
rank= 3 Lx=Ly=12 pg= 0.815 ids= 743 TEE=-1
rank= 2 Lx=Ly=12 pg= 0.815 ids= 662 TEE=-1
rank=12 Lx=Ly=12 pg= 0.815 ids= 632 TEE=-1
rank= 4 Lx=Ly=12 pg= 0.815 ids= 744 TEE=-1
rank= 6 Lx=Ly=12 pg= 0.815 ids= 726 TEE=-1
rank=19 Lx=Ly=12 pg= 0.860 ids= 579 TEE=-1
rank=18 Lx=Ly=12 pg= 0.815 ids= 698 TEE=-1
rank= 3 Lx=Ly=12 pg= 0.815 ids= 763 TEE=-1
rank= 2 Lx=Ly=12 pg= 0.815 ids= 682 TEE=-1
rank=19 Lx=Ly=12 pg= 0.860 ids= 599 TEE=-1
rank=12 Lx=Ly=12 pg= 0.815 ids= 652 TEE=-1
rank= 4 Lx=Ly=12 pg= 0.815 ids= 764 TEE=-1
rank= 6 Lx=Ly=12 pg= 0.815 ids= 746 TEE=0
rank=18 Lx=Ly=12 pg= 0.815 ids= 718 TEE=-1
rank=19 Lx=Ly=12 pg= 0.860 ids= 619 TEE=-1
rank= 2 Lx=Ly=12 pg= 0.815 ids= 702 TEE=-1
rank=12 Lx=Ly=12 pg= 0.815 ids= 672 TEE=-1
rank= 3 Lx=Ly=12 pg= 0.815 ids= 783 TEE=-1
rank= 4 Lx=Ly=12 pg= 0.815 ids= 784 TEE=-1
rank= 6 Lx=Ly=12 pg= 0.815 ids= 766 TEE=-1
rank=19 Lx=Ly=12 pg= 0.860 ids= 639 TEE=-1
rank=18 Lx=Ly=12 pg= 0.815 ids= 738 TEE=-1
rank= 3 Lx=Ly=12 pg= 0.860 ids=   3 TEE=0
rank=12 Lx=Ly=12 pg= 0.815 ids= 692 TEE=-1
rank= 2 Lx=Ly=12 pg= 0.815 ids= 722 TEE=-1
rank=19 Lx=Ly=12 pg= 0.860 ids= 659 TEE=-1
rank= 6 Lx=Ly=12 pg= 0.815 ids= 786 TEE=-1
rank= 4 Lx=Ly=12 pg= 0.860 ids=   4 TEE=-1
rank= 3 Lx=Ly=12 pg= 0.860 ids=  23 TEE=-1
rank=18 Lx=Ly=12 pg= 0.815 ids= 758 TEE=0
rank= 2 Lx=Ly=12 pg= 0.815 ids= 742 TEE=-1
rank=19 Lx=Ly=12 pg= 0.860 ids= 679 TEE=-1
rank=12 Lx=Ly=12 pg= 0.815 ids= 712 TEE=-1
rank= 4 Lx=Ly=12 pg= 0.860 ids=  24 TEE=-1
rank= 6 Lx=Ly=12 pg= 0.860 ids=   6 TEE=0
rank= 3 Lx=Ly=12 pg= 0.860 ids=  43 TEE=-1
rank=19 Lx=Ly=12 pg= 0.860 ids= 699 TEE=-1
rank=18 Lx=Ly=12 pg= 0.815 ids= 778 TEE=-1
rank= 2 Lx=Ly=12 pg= 0.815 ids= 762 TEE=-1
rank=12 Lx=Ly=12 pg= 0.815 ids= 732 TEE=-1
rank= 4 Lx=Ly=12 pg= 0.860 ids=  44 TEE=-1
rank= 6 Lx=Ly=12 pg= 0.860 ids=  26 TEE=-1
rank=19 Lx=Ly=12 pg= 0.860 ids= 719 TEE=-1
rank= 3 Lx=Ly=12 pg= 0.860 ids=  63 TEE=-1
rank=18 Lx=Ly=12 pg= 0.815 ids= 798 TEE=-1
rank= 2 Lx=Ly=12 pg= 0.815 ids= 782 TEE=-1
rank=12 Lx=Ly=12 pg= 0.815 ids= 752 TEE=-1
rank= 4 Lx=Ly=12 pg= 0.860 ids=  64 TEE=-1
rank=19 Lx=Ly=12 pg= 0.860 ids= 739 TEE=-1
rank= 6 Lx=Ly=12 pg= 0.860 ids=  46 TEE=0
rank= 3 Lx=Ly=12 pg= 0.860 ids=  83 TEE=-1
rank=18 Lx=Ly=12 pg= 0.860 ids=  18 TEE=-1
rank= 2 Lx=Ly=12 pg= 0.860 ids=   2 TEE=-1
rank=12 Lx=Ly=12 pg= 0.815 ids= 772 TEE=-1
rank=19 Lx=Ly=12 pg= 0.860 ids= 759 TEE=-1
rank= 4 Lx=Ly=12 pg= 0.860 ids=  84 TEE=-1
rank= 6 Lx=Ly=12 pg= 0.860 ids=  66 TEE=0
rank=19 Lx=Ly=12 pg= 0.860 ids= 779 TEE=-1
rank= 3 Lx=Ly=12 pg= 0.860 ids= 103 TEE=0
rank=18 Lx=Ly=12 pg= 0.860 ids=  38 TEE=-1
rank= 2 Lx=Ly=12 pg= 0.860 ids=  22 TEE=0
rank= 4 Lx=Ly=12 pg= 0.860 ids= 104 TEE=-1
rank=12 Lx=Ly=12 pg= 0.815 ids= 792 TEE=-1
rank=19 Lx=Ly=12 pg= 0.860 ids= 799 TEE=-1
rank= 6 Lx=Ly=12 pg= 0.860 ids=  86 TEE=-1
rank= 3 Lx=Ly=12 pg= 0.860 ids= 123 TEE=-1
rank=18 Lx=Ly=12 pg= 0.860 ids=  58 TEE=-1
rank=19 Lx=Ly=12 pg= 0.905 ids=  19 TEE=-1
rank= 2 Lx=Ly=12 pg= 0.860 ids=  42 TEE=-1
rank= 4 Lx=Ly=12 pg= 0.860 ids= 124 TEE=-1
rank=12 Lx=Ly=12 pg= 0.860 ids=  12 TEE=-1
rank= 6 Lx=Ly=12 pg= 0.860 ids= 106 TEE=-1
rank=19 Lx=Ly=12 pg= 0.905 ids=  39 TEE=-1
rank=18 Lx=Ly=12 pg= 0.860 ids=  78 TEE=0
rank=12 Lx=Ly=12 pg= 0.860 ids=  32 TEE=-1
rank= 4 Lx=Ly=12 pg= 0.860 ids= 144 TEE=-1
rank= 3 Lx=Ly=12 pg= 0.860 ids= 143 TEE=-1
rank= 2 Lx=Ly=12 pg= 0.860 ids=  62 TEE=-1
rank= 6 Lx=Ly=12 pg= 0.860 ids= 126 TEE=-1
rank=19 Lx=Ly=12 pg= 0.905 ids=  59 TEE=-1
rank= 4 Lx=Ly=12 pg= 0.860 ids= 164 TEE=-1
rank=18 Lx=Ly=12 pg= 0.860 ids=  98 TEE=-1
rank=12 Lx=Ly=12 pg= 0.860 ids=  52 TEE=-1
rank= 3 Lx=Ly=12 pg= 0.860 ids= 163 TEE=-1
rank=19 Lx=Ly=12 pg= 0.905 ids=  79 TEE=-1
rank= 2 Lx=Ly=12 pg= 0.860 ids=  82 TEE=-1
rank= 6 Lx=Ly=12 pg= 0.860 ids= 146 TEE=-1
rank= 4 Lx=Ly=12 pg= 0.860 ids= 184 TEE=-1
rank=19 Lx=Ly=12 pg= 0.905 ids=  99 TEE=-1
rank=12 Lx=Ly=12 pg= 0.860 ids=  72 TEE=-1
rank=18 Lx=Ly=12 pg= 0.860 ids= 118 TEE=-1
rank= 2 Lx=Ly=12 pg= 0.860 ids= 102 TEE=-1
rank= 3 Lx=Ly=12 pg= 0.860 ids= 183 TEE=-1
rank= 6 Lx=Ly=12 pg= 0.860 ids= 166 TEE=0
rank=19 Lx=Ly=12 pg= 0.905 ids= 119 TEE=-1
rank= 4 Lx=Ly=12 pg= 0.860 ids= 204 TEE=-1
rank=12 Lx=Ly=12 pg= 0.860 ids=  92 TEE=-1
rank= 2 Lx=Ly=12 pg= 0.860 ids= 122 TEE=-1
rank=18 Lx=Ly=12 pg= 0.860 ids= 138 TEE=-1
rank= 3 Lx=Ly=12 pg= 0.860 ids= 203 TEE=-1
rank= 6 Lx=Ly=12 pg= 0.860 ids= 186 TEE=-1
rank=19 Lx=Ly=12 pg= 0.905 ids= 139 TEE=-1
rank= 4 Lx=Ly=12 pg= 0.860 ids= 224 TEE=-1
rank=12 Lx=Ly=12 pg= 0.860 ids= 112 TEE=0
rank= 2 Lx=Ly=12 pg= 0.860 ids= 142 TEE=-1
rank=19 Lx=Ly=12 pg= 0.905 ids= 159 TEE=-1
rank=18 Lx=Ly=12 pg= 0.860 ids= 158 TEE=-1
rank= 3 Lx=Ly=12 pg= 0.860 ids= 223 TEE=0
rank= 6 Lx=Ly=12 pg= 0.860 ids= 206 TEE=-1
rank= 4 Lx=Ly=12 pg= 0.860 ids= 244 TEE=-1
rank=19 Lx=Ly=12 pg= 0.905 ids= 179 TEE=-1
rank= 2 Lx=Ly=12 pg= 0.860 ids= 162 TEE=0
rank=18 Lx=Ly=12 pg= 0.860 ids= 178 TEE=-1
rank=12 Lx=Ly=12 pg= 0.860 ids= 132 TEE=-1
rank= 3 Lx=Ly=12 pg= 0.860 ids= 243 TEE=-1
rank= 6 Lx=Ly=12 pg= 0.860 ids= 226 TEE=0
rank=19 Lx=Ly=12 pg= 0.905 ids= 199 TEE=-1
rank= 4 Lx=Ly=12 pg= 0.860 ids= 264 TEE=0
rank=18 Lx=Ly=12 pg= 0.860 ids= 198 TEE=-1
rank= 2 Lx=Ly=12 pg= 0.860 ids= 182 TEE=-1
rank=12 Lx=Ly=12 pg= 0.860 ids= 152 TEE=-1
rank=19 Lx=Ly=12 pg= 0.905 ids= 219 TEE=-1
rank= 6 Lx=Ly=12 pg= 0.860 ids= 246 TEE=-1
rank= 3 Lx=Ly=12 pg= 0.860 ids= 263 TEE=-1
rank=19 Lx=Ly=12 pg= 0.905 ids= 239 TEE=-1
rank= 4 Lx=Ly=12 pg= 0.860 ids= 284 TEE=-1
rank=18 Lx=Ly=12 pg= 0.860 ids= 218 TEE=-1
rank= 2 Lx=Ly=12 pg= 0.860 ids= 202 TEE=-1
rank=12 Lx=Ly=12 pg= 0.860 ids= 172 TEE=-1
rank= 3 Lx=Ly=12 pg= 0.860 ids= 283 TEE=-1
rank= 6 Lx=Ly=12 pg= 0.860 ids= 266 TEE=-1
rank=19 Lx=Ly=12 pg= 0.905 ids= 259 TEE=-1
rank= 2 Lx=Ly=12 pg= 0.860 ids= 222 TEE=-1
rank= 4 Lx=Ly=12 pg= 0.860 ids= 304 TEE=-1
rank=18 Lx=Ly=12 pg= 0.860 ids= 238 TEE=-1
rank=12 Lx=Ly=12 pg= 0.860 ids= 192 TEE=-1
rank=19 Lx=Ly=12 pg= 0.905 ids= 279 TEE=-1
rank= 3 Lx=Ly=12 pg= 0.860 ids= 303 TEE=0
rank= 6 Lx=Ly=12 pg= 0.860 ids= 286 TEE=-1
rank= 4 Lx=Ly=12 pg= 0.860 ids= 324 TEE=-1
rank=19 Lx=Ly=12 pg= 0.905 ids= 299 TEE=-1
rank=18 Lx=Ly=12 pg= 0.860 ids= 258 TEE=-1
rank= 2 Lx=Ly=12 pg= 0.860 ids= 242 TEE=0
rank=12 Lx=Ly=12 pg= 0.860 ids= 212 TEE=-1
rank= 6 Lx=Ly=12 pg= 0.860 ids= 306 TEE=-1
rank= 3 Lx=Ly=12 pg= 0.860 ids= 323 TEE=-1
rank=19 Lx=Ly=12 pg= 0.905 ids= 319 TEE=-1
rank=18 Lx=Ly=12 pg= 0.860 ids= 278 TEE=-1
rank= 4 Lx=Ly=12 pg= 0.860 ids= 344 TEE=-1
rank= 2 Lx=Ly=12 pg= 0.860 ids= 262 TEE=-1
rank=12 Lx=Ly=12 pg= 0.860 ids= 232 TEE=-1
rank=19 Lx=Ly=12 pg= 0.905 ids= 339 TEE=-1
rank= 3 Lx=Ly=12 pg= 0.860 ids= 343 TEE=-1
rank= 6 Lx=Ly=12 pg= 0.860 ids= 326 TEE=-1
rank= 2 Lx=Ly=12 pg= 0.860 ids= 282 TEE=-1
rank=19 Lx=Ly=12 pg= 0.905 ids= 359 TEE=-1
rank=18 Lx=Ly=12 pg= 0.860 ids= 298 TEE=-1
rank=12 Lx=Ly=12 pg= 0.860 ids= 252 TEE=-1
rank= 4 Lx=Ly=12 pg= 0.860 ids= 364 TEE=-1
rank= 3 Lx=Ly=12 pg= 0.860 ids= 363 TEE=-1
rank= 6 Lx=Ly=12 pg= 0.860 ids= 346 TEE=-1
rank=19 Lx=Ly=12 pg= 0.905 ids= 379 TEE=-1
rank= 4 Lx=Ly=12 pg= 0.860 ids= 384 TEE=-1
rank= 2 Lx=Ly=12 pg= 0.860 ids= 302 TEE=-1
rank= 6 Lx=Ly=12 pg= 0.860 ids= 366 TEE=-1
rank=18 Lx=Ly=12 pg= 0.860 ids= 318 TEE=-1
rank=12 Lx=Ly=12 pg= 0.860 ids= 272 TEE=-1
rank= 3 Lx=Ly=12 pg= 0.860 ids= 383 TEE=-1
rank=19 Lx=Ly=12 pg= 0.905 ids= 399 TEE=-1
rank= 2 Lx=Ly=12 pg= 0.860 ids= 322 TEE=-1
rank= 4 Lx=Ly=12 pg= 0.860 ids= 404 TEE=-1
rank=18 Lx=Ly=12 pg= 0.860 ids= 338 TEE=-1
rank=12 Lx=Ly=12 pg= 0.860 ids= 292 TEE=-1
rank= 3 Lx=Ly=12 pg= 0.860 ids= 403 TEE=-1
rank= 6 Lx=Ly=12 pg= 0.860 ids= 386 TEE=-1
rank=19 Lx=Ly=12 pg= 0.905 ids= 419 TEE=-1
rank= 2 Lx=Ly=12 pg= 0.860 ids= 342 TEE=-1
rank=19 Lx=Ly=12 pg= 0.905 ids= 439 TEE=-1
rank= 4 Lx=Ly=12 pg= 0.860 ids= 424 TEE=-1
rank=18 Lx=Ly=12 pg= 0.860 ids= 358 TEE=-1
rank=12 Lx=Ly=12 pg= 0.860 ids= 312 TEE=-1
rank= 3 Lx=Ly=12 pg= 0.860 ids= 423 TEE=-1
rank= 6 Lx=Ly=12 pg= 0.860 ids= 406 TEE=-1
rank=19 Lx=Ly=12 pg= 0.905 ids= 459 TEE=-1
rank= 2 Lx=Ly=12 pg= 0.860 ids= 362 TEE=-1
rank= 4 Lx=Ly=12 pg= 0.860 ids= 444 TEE=-1
rank=18 Lx=Ly=12 pg= 0.860 ids= 378 TEE=-1
rank=19 Lx=Ly=12 pg= 0.905 ids= 479 TEE=-1
rank=12 Lx=Ly=12 pg= 0.860 ids= 332 TEE=-1
rank= 3 Lx=Ly=12 pg= 0.860 ids= 443 TEE=-1
rank= 6 Lx=Ly=12 pg= 0.860 ids= 426 TEE=-1
rank= 2 Lx=Ly=12 pg= 0.860 ids= 382 TEE=-1
rank=19 Lx=Ly=12 pg= 0.905 ids= 499 TEE=-1
rank=18 Lx=Ly=12 pg= 0.860 ids= 398 TEE=0
rank= 4 Lx=Ly=12 pg= 0.860 ids= 464 TEE=-1
rank= 3 Lx=Ly=12 pg= 0.860 ids= 463 TEE=-1
rank=12 Lx=Ly=12 pg= 0.860 ids= 352 TEE=-1
rank= 6 Lx=Ly=12 pg= 0.860 ids= 446 TEE=-1
rank= 2 Lx=Ly=12 pg= 0.860 ids= 402 TEE=-1
rank=19 Lx=Ly=12 pg= 0.905 ids= 519 TEE=-1
rank=18 Lx=Ly=12 pg= 0.860 ids= 418 TEE=0
rank= 3 Lx=Ly=12 pg= 0.860 ids= 483 TEE=0
rank=12 Lx=Ly=12 pg= 0.860 ids= 372 TEE=-1
rank= 4 Lx=Ly=12 pg= 0.860 ids= 484 TEE=-1
rank= 6 Lx=Ly=12 pg= 0.860 ids= 466 TEE=-1
rank=19 Lx=Ly=12 pg= 0.905 ids= 539 TEE=0
rank= 2 Lx=Ly=12 pg= 0.860 ids= 422 TEE=-1
rank=18 Lx=Ly=12 pg= 0.860 ids= 438 TEE=-1
rank=12 Lx=Ly=12 pg= 0.860 ids= 392 TEE=-1
rank= 3 Lx=Ly=12 pg= 0.860 ids= 503 TEE=-1
rank= 6 Lx=Ly=12 pg= 0.860 ids= 486 TEE=-1
rank=19 Lx=Ly=12 pg= 0.905 ids= 559 TEE=-1
rank= 4 Lx=Ly=12 pg= 0.860 ids= 504 TEE=0
rank= 2 Lx=Ly=12 pg= 0.860 ids= 442 TEE=-1
rank=18 Lx=Ly=12 pg= 0.860 ids= 458 TEE=0
rank= 6 Lx=Ly=12 pg= 0.860 ids= 506 TEE=-1
rank=19 Lx=Ly=12 pg= 0.905 ids= 579 TEE=-1
rank= 2 Lx=Ly=12 pg= 0.860 ids= 462 TEE=-1
rank= 3 Lx=Ly=12 pg= 0.860 ids= 523 TEE=-1
rank=12 Lx=Ly=12 pg= 0.860 ids= 412 TEE=-1
rank= 4 Lx=Ly=12 pg= 0.860 ids= 524 TEE=-1
rank= 6 Lx=Ly=12 pg= 0.860 ids= 526 TEE=-1
rank=19 Lx=Ly=12 pg= 0.905 ids= 599 TEE=-1
rank=18 Lx=Ly=12 pg= 0.860 ids= 478 TEE=-1
rank=12 Lx=Ly=12 pg= 0.860 ids= 432 TEE=-1
rank= 4 Lx=Ly=12 pg= 0.860 ids= 544 TEE=-1
rank= 2 Lx=Ly=12 pg= 0.860 ids= 482 TEE=0
rank= 3 Lx=Ly=12 pg= 0.860 ids= 543 TEE=-1
rank= 6 Lx=Ly=12 pg= 0.860 ids= 546 TEE=-1
rank=19 Lx=Ly=12 pg= 0.905 ids= 619 TEE=-1
rank=18 Lx=Ly=12 pg= 0.860 ids= 498 TEE=-1
rank=12 Lx=Ly=12 pg= 0.860 ids= 452 TEE=-1
rank= 3 Lx=Ly=12 pg= 0.860 ids= 563 TEE=-1
rank= 4 Lx=Ly=12 pg= 0.860 ids= 564 TEE=-1
rank= 2 Lx=Ly=12 pg= 0.860 ids= 502 TEE=-1
rank=19 Lx=Ly=12 pg= 0.905 ids= 639 TEE=-1
rank= 6 Lx=Ly=12 pg= 0.860 ids= 566 TEE=-1
rank=18 Lx=Ly=12 pg= 0.860 ids= 518 TEE=-1
rank=12 Lx=Ly=12 pg= 0.860 ids= 472 TEE=-1
rank= 6 Lx=Ly=12 pg= 0.860 ids= 586 TEE=-1
rank=19 Lx=Ly=12 pg= 0.905 ids= 659 TEE=-1
rank= 3 Lx=Ly=12 pg= 0.860 ids= 583 TEE=-1
rank= 4 Lx=Ly=12 pg= 0.860 ids= 584 TEE=-1
rank= 2 Lx=Ly=12 pg= 0.860 ids= 522 TEE=-1
rank= 6 Lx=Ly=12 pg= 0.860 ids= 606 TEE=-1
rank=18 Lx=Ly=12 pg= 0.860 ids= 538 TEE=-1
rank=19 Lx=Ly=12 pg= 0.905 ids= 679 TEE=-1
rank=12 Lx=Ly=12 pg= 0.860 ids= 492 TEE=-1
rank= 4 Lx=Ly=12 pg= 0.860 ids= 604 TEE=-1
rank= 3 Lx=Ly=12 pg= 0.860 ids= 603 TEE=-1
rank= 2 Lx=Ly=12 pg= 0.860 ids= 542 TEE=-1
rank= 6 Lx=Ly=12 pg= 0.860 ids= 626 TEE=-1
rank=19 Lx=Ly=12 pg= 0.905 ids= 699 TEE=-1
rank=18 Lx=Ly=12 pg= 0.860 ids= 558 TEE=-1
rank=12 Lx=Ly=12 pg= 0.860 ids= 512 TEE=-1
rank= 4 Lx=Ly=12 pg= 0.860 ids= 624 TEE=-1
rank= 3 Lx=Ly=12 pg= 0.860 ids= 623 TEE=-1
rank= 6 Lx=Ly=12 pg= 0.860 ids= 646 TEE=-1
rank=19 Lx=Ly=12 pg= 0.905 ids= 719 TEE=-1
rank= 2 Lx=Ly=12 pg= 0.860 ids= 562 TEE=-1
rank=18 Lx=Ly=12 pg= 0.860 ids= 578 TEE=-1
rank=12 Lx=Ly=12 pg= 0.860 ids= 532 TEE=-1
rank= 6 Lx=Ly=12 pg= 0.860 ids= 666 TEE=-1
rank= 4 Lx=Ly=12 pg= 0.860 ids= 644 TEE=-1
rank=19 Lx=Ly=12 pg= 0.905 ids= 739 TEE=-1
rank= 3 Lx=Ly=12 pg= 0.860 ids= 643 TEE=-1
rank= 2 Lx=Ly=12 pg= 0.860 ids= 582 TEE=-1
rank= 6 Lx=Ly=12 pg= 0.860 ids= 686 TEE=-1
rank=18 Lx=Ly=12 pg= 0.860 ids= 598 TEE=-1
rank=19 Lx=Ly=12 pg= 0.905 ids= 759 TEE=-1
rank=12 Lx=Ly=12 pg= 0.860 ids= 552 TEE=-1
rank= 4 Lx=Ly=12 pg= 0.860 ids= 664 TEE=-1
rank= 3 Lx=Ly=12 pg= 0.860 ids= 663 TEE=-1
rank= 6 Lx=Ly=12 pg= 0.860 ids= 706 TEE=-1
rank= 2 Lx=Ly=12 pg= 0.860 ids= 602 TEE=0
rank=19 Lx=Ly=12 pg= 0.905 ids= 779 TEE=-1
rank=18 Lx=Ly=12 pg= 0.860 ids= 618 TEE=-1
rank=12 Lx=Ly=12 pg= 0.860 ids= 572 TEE=-1
rank= 4 Lx=Ly=12 pg= 0.860 ids= 684 TEE=-1
rank= 6 Lx=Ly=12 pg= 0.860 ids= 726 TEE=-1
rank=19 Lx=Ly=12 pg= 0.905 ids= 799 TEE=-1
rank= 3 Lx=Ly=12 pg= 0.860 ids= 683 TEE=-1
rank= 2 Lx=Ly=12 pg= 0.860 ids= 622 TEE=-1
rank=18 Lx=Ly=12 pg= 0.860 ids= 638 TEE=-1
rank= 6 Lx=Ly=12 pg= 0.860 ids= 746 TEE=0
rank= 4 Lx=Ly=12 pg= 0.860 ids= 704 TEE=-1
rank=12 Lx=Ly=12 pg= 0.860 ids= 592 TEE=-1
rank=19 Lx=Ly=12 pg= 0.950 ids=  19 TEE=-1
rank= 3 Lx=Ly=12 pg= 0.860 ids= 703 TEE=-1
rank= 2 Lx=Ly=12 pg= 0.860 ids= 642 TEE=-1
rank=19 Lx=Ly=12 pg= 0.950 ids=  39 TEE=-1
rank= 6 Lx=Ly=12 pg= 0.860 ids= 766 TEE=-1
rank=18 Lx=Ly=12 pg= 0.860 ids= 658 TEE=-1
rank= 4 Lx=Ly=12 pg= 0.860 ids= 724 TEE=-1
rank=12 Lx=Ly=12 pg= 0.860 ids= 612 TEE=-1
rank= 3 Lx=Ly=12 pg= 0.860 ids= 723 TEE=-1
rank= 2 Lx=Ly=12 pg= 0.860 ids= 662 TEE=-1
rank= 6 Lx=Ly=12 pg= 0.860 ids= 786 TEE=-1
rank=19 Lx=Ly=12 pg= 0.950 ids=  59 TEE=-1
rank=18 Lx=Ly=12 pg= 0.860 ids= 678 TEE=-1
rank= 4 Lx=Ly=12 pg= 0.860 ids= 744 TEE=-1
rank=12 Lx=Ly=12 pg= 0.860 ids= 632 TEE=-1
rank= 6 Lx=Ly=12 pg= 0.905 ids=   6 TEE=-1
rank= 3 Lx=Ly=12 pg= 0.860 ids= 743 TEE=-1
rank= 2 Lx=Ly=12 pg= 0.860 ids= 682 TEE=-1
rank=19 Lx=Ly=12 pg= 0.950 ids=  79 TEE=-1
rank= 4 Lx=Ly=12 pg= 0.860 ids= 764 TEE=-1
rank=18 Lx=Ly=12 pg= 0.860 ids= 698 TEE=-1
rank= 6 Lx=Ly=12 pg= 0.905 ids=  26 TEE=-1
rank=12 Lx=Ly=12 pg= 0.860 ids= 652 TEE=-1
rank=19 Lx=Ly=12 pg= 0.950 ids=  99 TEE=-1
rank= 3 Lx=Ly=12 pg= 0.860 ids= 763 TEE=-1
rank= 2 Lx=Ly=12 pg= 0.860 ids= 702 TEE=-1
rank= 6 Lx=Ly=12 pg= 0.905 ids=  46 TEE=0
rank=18 Lx=Ly=12 pg= 0.860 ids= 718 TEE=-1
rank=19 Lx=Ly=12 pg= 0.950 ids= 119 TEE=-1
rank= 4 Lx=Ly=12 pg= 0.860 ids= 784 TEE=-1
rank= 2 Lx=Ly=12 pg= 0.860 ids= 722 TEE=-1
rank=12 Lx=Ly=12 pg= 0.860 ids= 672 TEE=-1
rank= 3 Lx=Ly=12 pg= 0.860 ids= 783 TEE=-1
rank= 6 Lx=Ly=12 pg= 0.905 ids=  66 TEE=-1
rank=19 Lx=Ly=12 pg= 0.950 ids= 139 TEE=-1
rank=18 Lx=Ly=12 pg= 0.860 ids= 738 TEE=-1
rank= 4 Lx=Ly=12 pg= 0.905 ids=   4 TEE=-1
rank= 6 Lx=Ly=12 pg= 0.905 ids=  86 TEE=-1
rank= 2 Lx=Ly=12 pg= 0.860 ids= 742 TEE=0
rank=12 Lx=Ly=12 pg= 0.860 ids= 692 TEE=-1
rank= 3 Lx=Ly=12 pg= 0.905 ids=   3 TEE=-1
rank=19 Lx=Ly=12 pg= 0.950 ids= 159 TEE=-1
rank=18 Lx=Ly=12 pg= 0.860 ids= 758 TEE=-1
rank= 4 Lx=Ly=12 pg= 0.905 ids=  24 TEE=-1
rank= 6 Lx=Ly=12 pg= 0.905 ids= 106 TEE=-1
rank=19 Lx=Ly=12 pg= 0.950 ids= 179 TEE=-1
rank=12 Lx=Ly=12 pg= 0.860 ids= 712 TEE=-1
rank= 3 Lx=Ly=12 pg= 0.905 ids=  23 TEE=-1
rank= 2 Lx=Ly=12 pg= 0.860 ids= 762 TEE=-1
rank= 6 Lx=Ly=12 pg= 0.905 ids= 126 TEE=-1
rank=19 Lx=Ly=12 pg= 0.950 ids= 199 TEE=-1
rank= 4 Lx=Ly=12 pg= 0.905 ids=  44 TEE=-1
rank=18 Lx=Ly=12 pg= 0.860 ids= 778 TEE=-1
rank=12 Lx=Ly=12 pg= 0.860 ids= 732 TEE=-1
rank= 2 Lx=Ly=12 pg= 0.860 ids= 782 TEE=-1
rank= 3 Lx=Ly=12 pg= 0.905 ids=  43 TEE=-1
rank= 6 Lx=Ly=12 pg= 0.905 ids= 146 TEE=-1
rank=19 Lx=Ly=12 pg= 0.950 ids= 219 TEE=-1
rank= 4 Lx=Ly=12 pg= 0.905 ids=  64 TEE=-1
rank=18 Lx=Ly=12 pg= 0.860 ids= 798 TEE=-1
rank= 6 Lx=Ly=12 pg= 0.905 ids= 166 TEE=-1
rank=19 Lx=Ly=12 pg= 0.950 ids= 239 TEE=-1
rank= 2 Lx=Ly=12 pg= 0.905 ids=   2 TEE=-1
rank=12 Lx=Ly=12 pg= 0.860 ids= 752 TEE=-1
rank= 3 Lx=Ly=12 pg= 0.905 ids=  63 TEE=-1
rank=18 Lx=Ly=12 pg= 0.905 ids=  18 TEE=-1
rank= 6 Lx=Ly=12 pg= 0.905 ids= 186 TEE=-1
rank= 4 Lx=Ly=12 pg= 0.905 ids=  84 TEE=-1
rank=19 Lx=Ly=12 pg= 0.950 ids= 259 TEE=-1
rank= 2 Lx=Ly=12 pg= 0.905 ids=  22 TEE=-1
rank=12 Lx=Ly=12 pg= 0.860 ids= 772 TEE=-1
rank= 3 Lx=Ly=12 pg= 0.905 ids=  83 TEE=-1
rank= 6 Lx=Ly=12 pg= 0.905 ids= 206 TEE=-1
rank=19 Lx=Ly=12 pg= 0.950 ids= 279 TEE=-1
rank= 4 Lx=Ly=12 pg= 0.905 ids= 104 TEE=-1
rank=18 Lx=Ly=12 pg= 0.905 ids=  38 TEE=-1
rank= 2 Lx=Ly=12 pg= 0.905 ids=  42 TEE=-1
rank= 6 Lx=Ly=12 pg= 0.905 ids= 226 TEE=-1
rank=12 Lx=Ly=12 pg= 0.860 ids= 792 TEE=-1
rank=19 Lx=Ly=12 pg= 0.950 ids= 299 TEE=0
rank= 3 Lx=Ly=12 pg= 0.905 ids= 103 TEE=0
rank= 4 Lx=Ly=12 pg= 0.905 ids= 124 TEE=-1
rank=18 Lx=Ly=12 pg= 0.905 ids=  58 TEE=-1
rank= 6 Lx=Ly=12 pg= 0.905 ids= 246 TEE=-1
rank= 2 Lx=Ly=12 pg= 0.905 ids=  62 TEE=-1
rank=19 Lx=Ly=12 pg= 0.950 ids= 319 TEE=-1
rank=12 Lx=Ly=12 pg= 0.905 ids=  12 TEE=-1
rank= 3 Lx=Ly=12 pg= 0.905 ids= 123 TEE=-1
rank= 4 Lx=Ly=12 pg= 0.905 ids= 144 TEE=-1
rank=18 Lx=Ly=12 pg= 0.905 ids=  78 TEE=-1
rank= 6 Lx=Ly=12 pg= 0.905 ids= 266 TEE=-1
rank=19 Lx=Ly=12 pg= 0.950 ids= 339 TEE=-1
rank= 2 Lx=Ly=12 pg= 0.905 ids=  82 TEE=-1
rank=12 Lx=Ly=12 pg= 0.905 ids=  32 TEE=-1
rank= 3 Lx=Ly=12 pg= 0.905 ids= 143 TEE=0
rank= 6 Lx=Ly=12 pg= 0.905 ids= 286 TEE=-1
rank= 4 Lx=Ly=12 pg= 0.905 ids= 164 TEE=-1
rank=18 Lx=Ly=12 pg= 0.905 ids=  98 TEE=-1
rank=19 Lx=Ly=12 pg= 0.950 ids= 359 TEE=-1
rank= 2 Lx=Ly=12 pg= 0.905 ids= 102 TEE=-1
rank=12 Lx=Ly=12 pg= 0.905 ids=  52 TEE=-1
rank= 6 Lx=Ly=12 pg= 0.905 ids= 306 TEE=-1
rank= 3 Lx=Ly=12 pg= 0.905 ids= 163 TEE=-1
rank=18 Lx=Ly=12 pg= 0.905 ids= 118 TEE=0
rank= 4 Lx=Ly=12 pg= 0.905 ids= 184 TEE=-1
rank=19 Lx=Ly=12 pg= 0.950 ids= 379 TEE=-1
rank= 6 Lx=Ly=12 pg= 0.905 ids= 326 TEE=-1
rank= 2 Lx=Ly=12 pg= 0.905 ids= 122 TEE=-1
rank=12 Lx=Ly=12 pg= 0.905 ids=  72 TEE=-1
rank= 3 Lx=Ly=12 pg= 0.905 ids= 183 TEE=0
rank= 4 Lx=Ly=12 pg= 0.905 ids= 204 TEE=-1
rank=18 Lx=Ly=12 pg= 0.905 ids= 138 TEE=0
rank=19 Lx=Ly=12 pg= 0.950 ids= 399 TEE=-1
rank= 6 Lx=Ly=12 pg= 0.905 ids= 346 TEE=-1
rank= 2 Lx=Ly=12 pg= 0.905 ids= 142 TEE=-1
rank= 3 Lx=Ly=12 pg= 0.905 ids= 203 TEE=-1
rank=19 Lx=Ly=12 pg= 0.950 ids= 419 TEE=-1
rank=12 Lx=Ly=12 pg= 0.905 ids=  92 TEE=-1
rank= 4 Lx=Ly=12 pg= 0.905 ids= 224 TEE=-1
rank=18 Lx=Ly=12 pg= 0.905 ids= 158 TEE=-1
rank= 6 Lx=Ly=12 pg= 0.905 ids= 366 TEE=-1
rank=19 Lx=Ly=12 pg= 0.950 ids= 439 TEE=-1
rank= 2 Lx=Ly=12 pg= 0.905 ids= 162 TEE=-1
rank= 3 Lx=Ly=12 pg= 0.905 ids= 223 TEE=-1
rank= 6 Lx=Ly=12 pg= 0.905 ids= 386 TEE=-1
rank= 4 Lx=Ly=12 pg= 0.905 ids= 244 TEE=0
rank=12 Lx=Ly=12 pg= 0.905 ids= 112 TEE=-1
rank=18 Lx=Ly=12 pg= 0.905 ids= 178 TEE=-1
rank=19 Lx=Ly=12 pg= 0.950 ids= 459 TEE=-1
rank= 6 Lx=Ly=12 pg= 0.905 ids= 406 TEE=-1
rank= 2 Lx=Ly=12 pg= 0.905 ids= 182 TEE=0
rank= 4 Lx=Ly=12 pg= 0.905 ids= 264 TEE=-1
rank= 3 Lx=Ly=12 pg= 0.905 ids= 243 TEE=-1
rank=12 Lx=Ly=12 pg= 0.905 ids= 132 TEE=-1
rank=19 Lx=Ly=12 pg= 0.950 ids= 479 TEE=-1
rank=18 Lx=Ly=12 pg= 0.905 ids= 198 TEE=-1
rank= 6 Lx=Ly=12 pg= 0.905 ids= 426 TEE=-1
rank= 2 Lx=Ly=12 pg= 0.905 ids= 202 TEE=-1
rank= 4 Lx=Ly=12 pg= 0.905 ids= 284 TEE=-1
rank=12 Lx=Ly=12 pg= 0.905 ids= 152 TEE=-1
rank=19 Lx=Ly=12 pg= 0.950 ids= 499 TEE=-1
rank= 3 Lx=Ly=12 pg= 0.905 ids= 263 TEE=-1
rank= 6 Lx=Ly=12 pg= 0.905 ids= 446 TEE=-1
rank=18 Lx=Ly=12 pg= 0.905 ids= 218 TEE=-1
rank= 2 Lx=Ly=12 pg= 0.905 ids= 222 TEE=-1
rank=19 Lx=Ly=12 pg= 0.950 ids= 519 TEE=-1
rank=12 Lx=Ly=12 pg= 0.905 ids= 172 TEE=-1
rank= 4 Lx=Ly=12 pg= 0.905 ids= 304 TEE=-1
rank= 3 Lx=Ly=12 pg= 0.905 ids= 283 TEE=-1
rank= 6 Lx=Ly=12 pg= 0.905 ids= 466 TEE=-1
rank=18 Lx=Ly=12 pg= 0.905 ids= 238 TEE=-1
rank=19 Lx=Ly=12 pg= 0.950 ids= 539 TEE=-1
rank= 2 Lx=Ly=12 pg= 0.905 ids= 242 TEE=-1
rank=12 Lx=Ly=12 pg= 0.905 ids= 192 TEE=0
rank= 6 Lx=Ly=12 pg= 0.905 ids= 486 TEE=0
rank= 4 Lx=Ly=12 pg= 0.905 ids= 324 TEE=-1
rank= 3 Lx=Ly=12 pg= 0.905 ids= 303 TEE=-1
rank=19 Lx=Ly=12 pg= 0.950 ids= 559 TEE=-1
rank=18 Lx=Ly=12 pg= 0.905 ids= 258 TEE=-1
rank= 6 Lx=Ly=12 pg= 0.905 ids= 506 TEE=-1
rank=12 Lx=Ly=12 pg= 0.905 ids= 212 TEE=-1
rank= 2 Lx=Ly=12 pg= 0.905 ids= 262 TEE=-1
rank=19 Lx=Ly=12 pg= 0.950 ids= 579 TEE=-1
rank= 4 Lx=Ly=12 pg= 0.905 ids= 344 TEE=-1
rank= 3 Lx=Ly=12 pg= 0.905 ids= 323 TEE=-1
rank=18 Lx=Ly=12 pg= 0.905 ids= 278 TEE=-1
rank= 6 Lx=Ly=12 pg= 0.905 ids= 526 TEE=-1
rank=19 Lx=Ly=12 pg= 0.950 ids= 599 TEE=-1
rank= 4 Lx=Ly=12 pg= 0.905 ids= 364 TEE=-1
rank=12 Lx=Ly=12 pg= 0.905 ids= 232 TEE=-1
rank= 2 Lx=Ly=12 pg= 0.905 ids= 282 TEE=-1
rank= 3 Lx=Ly=12 pg= 0.905 ids= 343 TEE=-1
rank= 6 Lx=Ly=12 pg= 0.905 ids= 546 TEE=-1
rank=19 Lx=Ly=12 pg= 0.950 ids= 619 TEE=-1
rank=18 Lx=Ly=12 pg= 0.905 ids= 298 TEE=-1
rank=12 Lx=Ly=12 pg= 0.905 ids= 252 TEE=-1
rank= 3 Lx=Ly=12 pg= 0.905 ids= 363 TEE=-1
rank= 6 Lx=Ly=12 pg= 0.905 ids= 566 TEE=-1
rank= 4 Lx=Ly=12 pg= 0.905 ids= 384 TEE=-1
rank= 2 Lx=Ly=12 pg= 0.905 ids= 302 TEE=-1
rank=19 Lx=Ly=12 pg= 0.950 ids= 639 TEE=-1
rank=18 Lx=Ly=12 pg= 0.905 ids= 318 TEE=-1
rank= 4 Lx=Ly=12 pg= 0.905 ids= 404 TEE=-1
rank= 6 Lx=Ly=12 pg= 0.905 ids= 586 TEE=-1
rank=12 Lx=Ly=12 pg= 0.905 ids= 272 TEE=-1
rank= 3 Lx=Ly=12 pg= 0.905 ids= 383 TEE=-1
rank= 2 Lx=Ly=12 pg= 0.905 ids= 322 TEE=-1
rank=19 Lx=Ly=12 pg= 0.950 ids= 659 TEE=-1
rank= 6 Lx=Ly=12 pg= 0.905 ids= 606 TEE=-1
rank=18 Lx=Ly=12 pg= 0.905 ids= 338 TEE=-1
rank=12 Lx=Ly=12 pg= 0.905 ids= 292 TEE=-1
rank= 4 Lx=Ly=12 pg= 0.905 ids= 424 TEE=-1
rank= 2 Lx=Ly=12 pg= 0.905 ids= 342 TEE=-1
rank= 3 Lx=Ly=12 pg= 0.905 ids= 403 TEE=-1
rank=19 Lx=Ly=12 pg= 0.950 ids= 679 TEE=-1
rank= 6 Lx=Ly=12 pg= 0.905 ids= 626 TEE=-1
rank=18 Lx=Ly=12 pg= 0.905 ids= 358 TEE=-1
rank=12 Lx=Ly=12 pg= 0.905 ids= 312 TEE=-1
rank= 4 Lx=Ly=12 pg= 0.905 ids= 444 TEE=0
rank=19 Lx=Ly=12 pg= 0.950 ids= 699 TEE=-1
rank= 2 Lx=Ly=12 pg= 0.905 ids= 362 TEE=-1
rank= 6 Lx=Ly=12 pg= 0.905 ids= 646 TEE=-1
rank= 3 Lx=Ly=12 pg= 0.905 ids= 423 TEE=-1
rank=18 Lx=Ly=12 pg= 0.905 ids= 378 TEE=-1
rank= 4 Lx=Ly=12 pg= 0.905 ids= 464 TEE=-1
rank=12 Lx=Ly=12 pg= 0.905 ids= 332 TEE=-1
rank=19 Lx=Ly=12 pg= 0.950 ids= 719 TEE=-1
rank= 6 Lx=Ly=12 pg= 0.905 ids= 666 TEE=-1
rank= 2 Lx=Ly=12 pg= 0.905 ids= 382 TEE=-1
rank=18 Lx=Ly=12 pg= 0.905 ids= 398 TEE=-1
rank= 3 Lx=Ly=12 pg= 0.905 ids= 443 TEE=-1
rank=12 Lx=Ly=12 pg= 0.905 ids= 352 TEE=-1
rank=19 Lx=Ly=12 pg= 0.950 ids= 739 TEE=-1
rank= 6 Lx=Ly=12 pg= 0.905 ids= 686 TEE=-1
rank= 4 Lx=Ly=12 pg= 0.905 ids= 484 TEE=0
rank= 2 Lx=Ly=12 pg= 0.905 ids= 402 TEE=0
rank= 3 Lx=Ly=12 pg= 0.905 ids= 463 TEE=-1
rank=18 Lx=Ly=12 pg= 0.905 ids= 418 TEE=-1
rank=19 Lx=Ly=12 pg= 0.950 ids= 759 TEE=-1
rank=12 Lx=Ly=12 pg= 0.905 ids= 372 TEE=-1
rank= 6 Lx=Ly=12 pg= 0.905 ids= 706 TEE=-1
rank= 4 Lx=Ly=12 pg= 0.905 ids= 504 TEE=-1
rank= 2 Lx=Ly=12 pg= 0.905 ids= 422 TEE=-1
rank= 3 Lx=Ly=12 pg= 0.905 ids= 483 TEE=-1
rank=19 Lx=Ly=12 pg= 0.950 ids= 779 TEE=-1
rank=18 Lx=Ly=12 pg= 0.905 ids= 438 TEE=-1
rank= 6 Lx=Ly=12 pg= 0.905 ids= 726 TEE=-1
rank=12 Lx=Ly=12 pg= 0.905 ids= 392 TEE=-1
rank=19 Lx=Ly=12 pg= 0.950 ids= 799 TEE=-1
rank= 4 Lx=Ly=12 pg= 0.905 ids= 524 TEE=-1
rank=18 Lx=Ly=12 pg= 0.905 ids= 458 TEE=-1
rank= 6 Lx=Ly=12 pg= 0.905 ids= 746 TEE=0
rank= 2 Lx=Ly=12 pg= 0.905 ids= 442 TEE=-1
rank= 3 Lx=Ly=12 pg= 0.905 ids= 503 TEE=-1
rank=12 Lx=Ly=12 pg= 0.905 ids= 412 TEE=-1
rank= 6 Lx=Ly=12 pg= 0.905 ids= 766 TEE=-1
rank= 4 Lx=Ly=12 pg= 0.905 ids= 544 TEE=0
rank=18 Lx=Ly=12 pg= 0.905 ids= 478 TEE=-1
rank= 2 Lx=Ly=12 pg= 0.905 ids= 462 TEE=-1
rank= 3 Lx=Ly=12 pg= 0.905 ids= 523 TEE=-1
rank= 6 Lx=Ly=12 pg= 0.905 ids= 786 TEE=-1
rank=12 Lx=Ly=12 pg= 0.905 ids= 432 TEE=-1
rank= 4 Lx=Ly=12 pg= 0.905 ids= 564 TEE=-1
rank=18 Lx=Ly=12 pg= 0.905 ids= 498 TEE=-1
rank= 2 Lx=Ly=12 pg= 0.905 ids= 482 TEE=-1
rank= 3 Lx=Ly=12 pg= 0.905 ids= 543 TEE=-1
rank= 6 Lx=Ly=12 pg= 0.950 ids=   6 TEE=-1
rank=12 Lx=Ly=12 pg= 0.905 ids= 452 TEE=-1
rank= 4 Lx=Ly=12 pg= 0.905 ids= 584 TEE=-1
rank=18 Lx=Ly=12 pg= 0.905 ids= 518 TEE=-1
rank= 6 Lx=Ly=12 pg= 0.950 ids=  26 TEE=-1
rank= 2 Lx=Ly=12 pg= 0.905 ids= 502 TEE=-1
rank= 3 Lx=Ly=12 pg= 0.905 ids= 563 TEE=-1
rank=12 Lx=Ly=12 pg= 0.905 ids= 472 TEE=-1
rank= 4 Lx=Ly=12 pg= 0.905 ids= 604 TEE=-1
rank= 6 Lx=Ly=12 pg= 0.950 ids=  46 TEE=-1
rank=18 Lx=Ly=12 pg= 0.905 ids= 538 TEE=-1
rank= 2 Lx=Ly=12 pg= 0.905 ids= 522 TEE=-1
rank= 3 Lx=Ly=12 pg= 0.905 ids= 583 TEE=-1
rank= 6 Lx=Ly=12 pg= 0.950 ids=  66 TEE=-1
rank=12 Lx=Ly=12 pg= 0.905 ids= 492 TEE=-1
rank= 4 Lx=Ly=12 pg= 0.905 ids= 624 TEE=-1
rank=18 Lx=Ly=12 pg= 0.905 ids= 558 TEE=-1
rank= 2 Lx=Ly=12 pg= 0.905 ids= 542 TEE=-1
rank= 3 Lx=Ly=12 pg= 0.905 ids= 603 TEE=-1
rank= 6 Lx=Ly=12 pg= 0.950 ids=  86 TEE=-1
rank=12 Lx=Ly=12 pg= 0.905 ids= 512 TEE=-1
rank= 4 Lx=Ly=12 pg= 0.905 ids= 644 TEE=-1
rank=18 Lx=Ly=12 pg= 0.905 ids= 578 TEE=-1
rank= 2 Lx=Ly=12 pg= 0.905 ids= 562 TEE=0
rank= 6 Lx=Ly=12 pg= 0.950 ids= 106 TEE=-1
rank= 3 Lx=Ly=12 pg= 0.905 ids= 623 TEE=-1
rank=12 Lx=Ly=12 pg= 0.905 ids= 532 TEE=-1
rank=18 Lx=Ly=12 pg= 0.905 ids= 598 TEE=-1
rank= 4 Lx=Ly=12 pg= 0.905 ids= 664 TEE=-1
rank= 6 Lx=Ly=12 pg= 0.950 ids= 126 TEE=-1
rank= 2 Lx=Ly=12 pg= 0.905 ids= 582 TEE=-1
rank= 3 Lx=Ly=12 pg= 0.905 ids= 643 TEE=-1
rank=12 Lx=Ly=12 pg= 0.905 ids= 552 TEE=-1
rank= 6 Lx=Ly=12 pg= 0.950 ids= 146 TEE=-1
rank=18 Lx=Ly=12 pg= 0.905 ids= 618 TEE=-1
rank= 4 Lx=Ly=12 pg= 0.905 ids= 684 TEE=-1
rank= 2 Lx=Ly=12 pg= 0.905 ids= 602 TEE=0
rank= 3 Lx=Ly=12 pg= 0.905 ids= 663 TEE=-1
rank= 6 Lx=Ly=12 pg= 0.950 ids= 166 TEE=-1
rank=12 Lx=Ly=12 pg= 0.905 ids= 572 TEE=-1
rank=18 Lx=Ly=12 pg= 0.905 ids= 638 TEE=-1
rank= 4 Lx=Ly=12 pg= 0.905 ids= 704 TEE=0
rank= 2 Lx=Ly=12 pg= 0.905 ids= 622 TEE=-1
rank= 6 Lx=Ly=12 pg= 0.950 ids= 186 TEE=-1
rank= 3 Lx=Ly=12 pg= 0.905 ids= 683 TEE=-1
rank=12 Lx=Ly=12 pg= 0.905 ids= 592 TEE=-1
rank= 2 Lx=Ly=12 pg= 0.905 ids= 642 TEE=-1
rank=18 Lx=Ly=12 pg= 0.905 ids= 658 TEE=-1
rank= 4 Lx=Ly=12 pg= 0.905 ids= 724 TEE=-1
rank= 6 Lx=Ly=12 pg= 0.950 ids= 206 TEE=-1
rank= 3 Lx=Ly=12 pg= 0.905 ids= 703 TEE=-1
rank=12 Lx=Ly=12 pg= 0.905 ids= 612 TEE=-1
rank= 6 Lx=Ly=12 pg= 0.950 ids= 226 TEE=-1
rank= 2 Lx=Ly=12 pg= 0.905 ids= 662 TEE=-1
rank= 4 Lx=Ly=12 pg= 0.905 ids= 744 TEE=-1
rank=18 Lx=Ly=12 pg= 0.905 ids= 678 TEE=0
rank= 3 Lx=Ly=12 pg= 0.905 ids= 723 TEE=-1
rank= 6 Lx=Ly=12 pg= 0.950 ids= 246 TEE=-1
rank=12 Lx=Ly=12 pg= 0.905 ids= 632 TEE=-1
rank= 2 Lx=Ly=12 pg= 0.905 ids= 682 TEE=-1
rank=18 Lx=Ly=12 pg= 0.905 ids= 698 TEE=-1
rank= 4 Lx=Ly=12 pg= 0.905 ids= 764 TEE=-1
rank= 6 Lx=Ly=12 pg= 0.950 ids= 266 TEE=-1
rank= 3 Lx=Ly=12 pg= 0.905 ids= 743 TEE=-1
rank=12 Lx=Ly=12 pg= 0.905 ids= 652 TEE=-1
rank= 2 Lx=Ly=12 pg= 0.905 ids= 702 TEE=-1
rank=18 Lx=Ly=12 pg= 0.905 ids= 718 TEE=-1
rank= 6 Lx=Ly=12 pg= 0.950 ids= 286 TEE=-1
rank= 4 Lx=Ly=12 pg= 0.905 ids= 784 TEE=-1
rank= 3 Lx=Ly=12 pg= 0.905 ids= 763 TEE=-1
rank= 2 Lx=Ly=12 pg= 0.905 ids= 722 TEE=-1
rank= 6 Lx=Ly=12 pg= 0.950 ids= 306 TEE=-1
rank=12 Lx=Ly=12 pg= 0.905 ids= 672 TEE=-1
rank= 4 Lx=Ly=12 pg= 0.950 ids=   4 TEE=-1
rank=18 Lx=Ly=12 pg= 0.905 ids= 738 TEE=-1
rank= 3 Lx=Ly=12 pg= 0.905 ids= 783 TEE=-1
rank= 6 Lx=Ly=12 pg= 0.950 ids= 326 TEE=-1
rank= 2 Lx=Ly=12 pg= 0.905 ids= 742 TEE=-1
rank=12 Lx=Ly=12 pg= 0.905 ids= 692 TEE=-1
rank= 6 Lx=Ly=12 pg= 0.950 ids= 346 TEE=-1
rank= 4 Lx=Ly=12 pg= 0.950 ids=  24 TEE=-1
rank=18 Lx=Ly=12 pg= 0.905 ids= 758 TEE=-1
rank= 3 Lx=Ly=12 pg= 0.950 ids=   3 TEE=-1
rank= 6 Lx=Ly=12 pg= 0.950 ids= 366 TEE=-1
rank= 2 Lx=Ly=12 pg= 0.905 ids= 762 TEE=-1
rank=12 Lx=Ly=12 pg= 0.905 ids= 712 TEE=-1
rank= 4 Lx=Ly=12 pg= 0.950 ids=  44 TEE=-1
rank= 3 Lx=Ly=12 pg= 0.950 ids=  23 TEE=-1
rank=18 Lx=Ly=12 pg= 0.905 ids= 778 TEE=-1
rank= 6 Lx=Ly=12 pg= 0.950 ids= 386 TEE=0
rank= 2 Lx=Ly=12 pg= 0.905 ids= 782 TEE=-1
rank=12 Lx=Ly=12 pg= 0.905 ids= 732 TEE=-1
rank= 3 Lx=Ly=12 pg= 0.950 ids=  43 TEE=-1
rank= 4 Lx=Ly=12 pg= 0.950 ids=  64 TEE=-1
rank=18 Lx=Ly=12 pg= 0.905 ids= 798 TEE=-1
rank= 6 Lx=Ly=12 pg= 0.950 ids= 406 TEE=0
rank= 2 Lx=Ly=12 pg= 0.950 ids=   2 TEE=-1
rank= 6 Lx=Ly=12 pg= 0.950 ids= 426 TEE=-1
rank=12 Lx=Ly=12 pg= 0.905 ids= 752 TEE=-1
rank= 3 Lx=Ly=12 pg= 0.950 ids=  63 TEE=-1
rank= 4 Lx=Ly=12 pg= 0.950 ids=  84 TEE=-1
rank=18 Lx=Ly=12 pg= 0.950 ids=  18 TEE=-1
rank= 2 Lx=Ly=12 pg= 0.950 ids=  22 TEE=-1
rank= 6 Lx=Ly=12 pg= 0.950 ids= 446 TEE=-1
rank= 4 Lx=Ly=12 pg= 0.950 ids= 104 TEE=-1
rank= 3 Lx=Ly=12 pg= 0.950 ids=  83 TEE=-1
rank=18 Lx=Ly=12 pg= 0.950 ids=  38 TEE=-1
rank=12 Lx=Ly=12 pg= 0.905 ids= 772 TEE=0
rank= 6 Lx=Ly=12 pg= 0.950 ids= 466 TEE=-1
rank= 2 Lx=Ly=12 pg= 0.950 ids=  42 TEE=-1
rank= 4 Lx=Ly=12 pg= 0.950 ids= 124 TEE=-1
rank= 3 Lx=Ly=12 pg= 0.950 ids= 103 TEE=-1
rank=18 Lx=Ly=12 pg= 0.950 ids=  58 TEE=-1
rank=12 Lx=Ly=12 pg= 0.905 ids= 792 TEE=0
rank= 6 Lx=Ly=12 pg= 0.950 ids= 486 TEE=-1
rank= 3 Lx=Ly=12 pg= 0.950 ids= 123 TEE=-1
rank= 2 Lx=Ly=12 pg= 0.950 ids=  62 TEE=-1
rank= 4 Lx=Ly=12 pg= 0.950 ids= 144 TEE=-1
rank=18 Lx=Ly=12 pg= 0.950 ids=  78 TEE=-1
rank=12 Lx=Ly=12 pg= 0.950 ids=  12 TEE=-1
rank= 6 Lx=Ly=12 pg= 0.950 ids= 506 TEE=-1
rank= 3 Lx=Ly=12 pg= 0.950 ids= 143 TEE=0
rank= 2 Lx=Ly=12 pg= 0.950 ids=  82 TEE=-1
rank= 4 Lx=Ly=12 pg= 0.950 ids= 164 TEE=-1
rank=12 Lx=Ly=12 pg= 0.950 ids=  32 TEE=-1
rank=18 Lx=Ly=12 pg= 0.950 ids=  98 TEE=-1
rank= 6 Lx=Ly=12 pg= 0.950 ids= 526 TEE=-1
rank= 3 Lx=Ly=12 pg= 0.950 ids= 163 TEE=-1
rank= 2 Lx=Ly=12 pg= 0.950 ids= 102 TEE=-1
rank=18 Lx=Ly=12 pg= 0.950 ids= 118 TEE=-1
rank= 6 Lx=Ly=12 pg= 0.950 ids= 546 TEE=-1
rank= 4 Lx=Ly=12 pg= 0.950 ids= 184 TEE=-1
rank=12 Lx=Ly=12 pg= 0.950 ids=  52 TEE=-1
rank= 3 Lx=Ly=12 pg= 0.950 ids= 183 TEE=-1
rank= 2 Lx=Ly=12 pg= 0.950 ids= 122 TEE=-1
rank= 6 Lx=Ly=12 pg= 0.950 ids= 566 TEE=-1
rank=18 Lx=Ly=12 pg= 0.950 ids= 138 TEE=0
rank= 4 Lx=Ly=12 pg= 0.950 ids= 204 TEE=-1
rank=12 Lx=Ly=12 pg= 0.950 ids=  72 TEE=-1
rank= 3 Lx=Ly=12 pg= 0.950 ids= 203 TEE=-1
rank= 6 Lx=Ly=12 pg= 0.950 ids= 586 TEE=-1
rank= 2 Lx=Ly=12 pg= 0.950 ids= 142 TEE=-1
rank= 4 Lx=Ly=12 pg= 0.950 ids= 224 TEE=-1
rank=18 Lx=Ly=12 pg= 0.950 ids= 158 TEE=-1
rank= 3 Lx=Ly=12 pg= 0.950 ids= 223 TEE=-1
rank=12 Lx=Ly=12 pg= 0.950 ids=  92 TEE=-1
rank= 6 Lx=Ly=12 pg= 0.950 ids= 606 TEE=-1
rank= 2 Lx=Ly=12 pg= 0.950 ids= 162 TEE=-1
rank= 4 Lx=Ly=12 pg= 0.950 ids= 244 TEE=-1
rank=18 Lx=Ly=12 pg= 0.950 ids= 178 TEE=-1
rank=12 Lx=Ly=12 pg= 0.950 ids= 112 TEE=-1
rank= 3 Lx=Ly=12 pg= 0.950 ids= 243 TEE=-1
rank= 6 Lx=Ly=12 pg= 0.950 ids= 626 TEE=-1
rank= 2 Lx=Ly=12 pg= 0.950 ids= 182 TEE=-1
rank= 4 Lx=Ly=12 pg= 0.950 ids= 264 TEE=-1
rank=18 Lx=Ly=12 pg= 0.950 ids= 198 TEE=-1
rank= 6 Lx=Ly=12 pg= 0.950 ids= 646 TEE=-1
rank= 3 Lx=Ly=12 pg= 0.950 ids= 263 TEE=-1
rank=12 Lx=Ly=12 pg= 0.950 ids= 132 TEE=-1
rank= 2 Lx=Ly=12 pg= 0.950 ids= 202 TEE=0
rank= 6 Lx=Ly=12 pg= 0.950 ids= 666 TEE=-1
rank=18 Lx=Ly=12 pg= 0.950 ids= 218 TEE=-1
rank= 4 Lx=Ly=12 pg= 0.950 ids= 284 TEE=-1
rank=12 Lx=Ly=12 pg= 0.950 ids= 152 TEE=-1
rank= 3 Lx=Ly=12 pg= 0.950 ids= 283 TEE=-1
rank= 2 Lx=Ly=12 pg= 0.950 ids= 222 TEE=-1
rank= 6 Lx=Ly=12 pg= 0.950 ids= 686 TEE=-1
rank=18 Lx=Ly=12 pg= 0.950 ids= 238 TEE=-1
rank= 4 Lx=Ly=12 pg= 0.950 ids= 304 TEE=-1
rank=12 Lx=Ly=12 pg= 0.950 ids= 172 TEE=-1
rank= 3 Lx=Ly=12 pg= 0.950 ids= 303 TEE=0
rank= 6 Lx=Ly=12 pg= 0.950 ids= 706 TEE=-1
rank= 2 Lx=Ly=12 pg= 0.950 ids= 242 TEE=-1
rank=18 Lx=Ly=12 pg= 0.950 ids= 258 TEE=-1
rank= 4 Lx=Ly=12 pg= 0.950 ids= 324 TEE=-1
rank= 3 Lx=Ly=12 pg= 0.950 ids= 323 TEE=-1
rank=12 Lx=Ly=12 pg= 0.950 ids= 192 TEE=-1
rank= 6 Lx=Ly=12 pg= 0.950 ids= 726 TEE=-1
rank= 2 Lx=Ly=12 pg= 0.950 ids= 262 TEE=-1
rank=18 Lx=Ly=12 pg= 0.950 ids= 278 TEE=-1
rank= 4 Lx=Ly=12 pg= 0.950 ids= 344 TEE=-1
rank= 6 Lx=Ly=12 pg= 0.950 ids= 746 TEE=-1
rank= 3 Lx=Ly=12 pg= 0.950 ids= 343 TEE=-1
rank=12 Lx=Ly=12 pg= 0.950 ids= 212 TEE=-1
rank= 6 Lx=Ly=12 pg= 0.950 ids= 766 TEE=-1
rank= 2 Lx=Ly=12 pg= 0.950 ids= 282 TEE=-1
rank=18 Lx=Ly=12 pg= 0.950 ids= 298 TEE=-1
rank= 4 Lx=Ly=12 pg= 0.950 ids= 364 TEE=-1
rank= 3 Lx=Ly=12 pg= 0.950 ids= 363 TEE=-1
rank=12 Lx=Ly=12 pg= 0.950 ids= 232 TEE=-1
rank= 6 Lx=Ly=12 pg= 0.950 ids= 786 TEE=-1
rank= 2 Lx=Ly=12 pg= 0.950 ids= 302 TEE=-1
rank=18 Lx=Ly=12 pg= 0.950 ids= 318 TEE=-1
rank= 4 Lx=Ly=12 pg= 0.950 ids= 384 TEE=0
rank= 3 Lx=Ly=12 pg= 0.950 ids= 383 TEE=-1
rank=12 Lx=Ly=12 pg= 0.950 ids= 252 TEE=-1
rank= 2 Lx=Ly=12 pg= 0.950 ids= 322 TEE=-1
rank=18 Lx=Ly=12 pg= 0.950 ids= 338 TEE=-1
rank= 4 Lx=Ly=12 pg= 0.950 ids= 404 TEE=-1
rank= 3 Lx=Ly=12 pg= 0.950 ids= 403 TEE=-1
rank=12 Lx=Ly=12 pg= 0.950 ids= 272 TEE=-1
rank= 2 Lx=Ly=12 pg= 0.950 ids= 342 TEE=-1
rank= 4 Lx=Ly=12 pg= 0.950 ids= 424 TEE=-1
rank=18 Lx=Ly=12 pg= 0.950 ids= 358 TEE=-1
rank= 3 Lx=Ly=12 pg= 0.950 ids= 423 TEE=-1
rank=12 Lx=Ly=12 pg= 0.950 ids= 292 TEE=-1
rank= 2 Lx=Ly=12 pg= 0.950 ids= 362 TEE=-1
rank=18 Lx=Ly=12 pg= 0.950 ids= 378 TEE=-1
rank= 4 Lx=Ly=12 pg= 0.950 ids= 444 TEE=-1
rank=12 Lx=Ly=12 pg= 0.950 ids= 312 TEE=-1
rank= 3 Lx=Ly=12 pg= 0.950 ids= 443 TEE=-1
rank= 2 Lx=Ly=12 pg= 0.950 ids= 382 TEE=-1
rank=18 Lx=Ly=12 pg= 0.950 ids= 398 TEE=-1
rank= 4 Lx=Ly=12 pg= 0.950 ids= 464 TEE=-1
rank= 3 Lx=Ly=12 pg= 0.950 ids= 463 TEE=-1
rank=12 Lx=Ly=12 pg= 0.950 ids= 332 TEE=-1
rank= 2 Lx=Ly=12 pg= 0.950 ids= 402 TEE=-1
rank=18 Lx=Ly=12 pg= 0.950 ids= 418 TEE=-1
rank= 4 Lx=Ly=12 pg= 0.950 ids= 484 TEE=-1
rank= 3 Lx=Ly=12 pg= 0.950 ids= 483 TEE=-1
rank=12 Lx=Ly=12 pg= 0.950 ids= 352 TEE=-1
rank= 2 Lx=Ly=12 pg= 0.950 ids= 422 TEE=-1
rank=18 Lx=Ly=12 pg= 0.950 ids= 438 TEE=-1
rank= 4 Lx=Ly=12 pg= 0.950 ids= 504 TEE=-1
rank= 3 Lx=Ly=12 pg= 0.950 ids= 503 TEE=-1
rank=12 Lx=Ly=12 pg= 0.950 ids= 372 TEE=-1
rank= 2 Lx=Ly=12 pg= 0.950 ids= 442 TEE=-1
rank=18 Lx=Ly=12 pg= 0.950 ids= 458 TEE=-1
rank= 4 Lx=Ly=12 pg= 0.950 ids= 524 TEE=-1
rank=12 Lx=Ly=12 pg= 0.950 ids= 392 TEE=-1
rank= 3 Lx=Ly=12 pg= 0.950 ids= 523 TEE=-1
rank= 2 Lx=Ly=12 pg= 0.950 ids= 462 TEE=-1
rank=18 Lx=Ly=12 pg= 0.950 ids= 478 TEE=-1
rank= 4 Lx=Ly=12 pg= 0.950 ids= 544 TEE=-1
rank=12 Lx=Ly=12 pg= 0.950 ids= 412 TEE=-1
rank= 3 Lx=Ly=12 pg= 0.950 ids= 543 TEE=-1
rank= 2 Lx=Ly=12 pg= 0.950 ids= 482 TEE=-1
rank=18 Lx=Ly=12 pg= 0.950 ids= 498 TEE=-1
rank= 4 Lx=Ly=12 pg= 0.950 ids= 564 TEE=-1
rank=12 Lx=Ly=12 pg= 0.950 ids= 432 TEE=-1
rank= 3 Lx=Ly=12 pg= 0.950 ids= 563 TEE=0
rank= 2 Lx=Ly=12 pg= 0.950 ids= 502 TEE=-1
rank=18 Lx=Ly=12 pg= 0.950 ids= 518 TEE=-1
rank= 4 Lx=Ly=12 pg= 0.950 ids= 584 TEE=-1
rank=12 Lx=Ly=12 pg= 0.950 ids= 452 TEE=-1
rank= 3 Lx=Ly=12 pg= 0.950 ids= 583 TEE=-1
rank= 2 Lx=Ly=12 pg= 0.950 ids= 522 TEE=-1
rank=18 Lx=Ly=12 pg= 0.950 ids= 538 TEE=-1
rank= 4 Lx=Ly=12 pg= 0.950 ids= 604 TEE=-1
rank=12 Lx=Ly=12 pg= 0.950 ids= 472 TEE=-1
rank= 3 Lx=Ly=12 pg= 0.950 ids= 603 TEE=-1
rank= 2 Lx=Ly=12 pg= 0.950 ids= 542 TEE=0
rank=18 Lx=Ly=12 pg= 0.950 ids= 558 TEE=-1
rank= 4 Lx=Ly=12 pg= 0.950 ids= 624 TEE=-1
rank=12 Lx=Ly=12 pg= 0.950 ids= 492 TEE=-1
rank= 3 Lx=Ly=12 pg= 0.950 ids= 623 TEE=-1
rank= 2 Lx=Ly=12 pg= 0.950 ids= 562 TEE=-1
rank=18 Lx=Ly=12 pg= 0.950 ids= 578 TEE=-1
rank= 4 Lx=Ly=12 pg= 0.950 ids= 644 TEE=-1
rank=12 Lx=Ly=12 pg= 0.950 ids= 512 TEE=-1
rank= 3 Lx=Ly=12 pg= 0.950 ids= 643 TEE=-1
rank= 2 Lx=Ly=12 pg= 0.950 ids= 582 TEE=-1
rank=18 Lx=Ly=12 pg= 0.950 ids= 598 TEE=-1
rank= 4 Lx=Ly=12 pg= 0.950 ids= 664 TEE=-1
rank=12 Lx=Ly=12 pg= 0.950 ids= 532 TEE=-1
rank= 3 Lx=Ly=12 pg= 0.950 ids= 663 TEE=-1
rank= 2 Lx=Ly=12 pg= 0.950 ids= 602 TEE=-1
rank=18 Lx=Ly=12 pg= 0.950 ids= 618 TEE=-1
rank= 4 Lx=Ly=12 pg= 0.950 ids= 684 TEE=-1
rank=12 Lx=Ly=12 pg= 0.950 ids= 552 TEE=-1
rank= 3 Lx=Ly=12 pg= 0.950 ids= 683 TEE=-1
rank=18 Lx=Ly=12 pg= 0.950 ids= 638 TEE=-1
rank= 2 Lx=Ly=12 pg= 0.950 ids= 622 TEE=-1
rank= 4 Lx=Ly=12 pg= 0.950 ids= 704 TEE=-1
rank= 3 Lx=Ly=12 pg= 0.950 ids= 703 TEE=-1
rank=12 Lx=Ly=12 pg= 0.950 ids= 572 TEE=-1
rank=18 Lx=Ly=12 pg= 0.950 ids= 658 TEE=-1
rank= 2 Lx=Ly=12 pg= 0.950 ids= 642 TEE=-1
rank= 4 Lx=Ly=12 pg= 0.950 ids= 724 TEE=-1
rank= 3 Lx=Ly=12 pg= 0.950 ids= 723 TEE=0
rank=12 Lx=Ly=12 pg= 0.950 ids= 592 TEE=-1
rank=18 Lx=Ly=12 pg= 0.950 ids= 678 TEE=-1
rank= 4 Lx=Ly=12 pg= 0.950 ids= 744 TEE=-1
rank= 2 Lx=Ly=12 pg= 0.950 ids= 662 TEE=-1
rank= 3 Lx=Ly=12 pg= 0.950 ids= 743 TEE=-1
rank=12 Lx=Ly=12 pg= 0.950 ids= 612 TEE=-1
rank=18 Lx=Ly=12 pg= 0.950 ids= 698 TEE=-1
rank= 2 Lx=Ly=12 pg= 0.950 ids= 682 TEE=-1
rank= 4 Lx=Ly=12 pg= 0.950 ids= 764 TEE=-1
rank= 3 Lx=Ly=12 pg= 0.950 ids= 763 TEE=-1
rank=12 Lx=Ly=12 pg= 0.950 ids= 632 TEE=-1
rank= 2 Lx=Ly=12 pg= 0.950 ids= 702 TEE=-1
rank=18 Lx=Ly=12 pg= 0.950 ids= 718 TEE=0
rank= 4 Lx=Ly=12 pg= 0.950 ids= 784 TEE=-1
rank= 3 Lx=Ly=12 pg= 0.950 ids= 783 TEE=-1
rank=12 Lx=Ly=12 pg= 0.950 ids= 652 TEE=-1
rank=18 Lx=Ly=12 pg= 0.950 ids= 738 TEE=-1
rank= 2 Lx=Ly=12 pg= 0.950 ids= 722 TEE=0
rank=12 Lx=Ly=12 pg= 0.950 ids= 672 TEE=-1
rank=18 Lx=Ly=12 pg= 0.950 ids= 758 TEE=-1
rank= 2 Lx=Ly=12 pg= 0.950 ids= 742 TEE=-1
rank=12 Lx=Ly=12 pg= 0.950 ids= 692 TEE=-1
rank= 2 Lx=Ly=12 pg= 0.950 ids= 762 TEE=-1
rank=18 Lx=Ly=12 pg= 0.950 ids= 778 TEE=-1
rank=12 Lx=Ly=12 pg= 0.950 ids= 712 TEE=-1
rank= 2 Lx=Ly=12 pg= 0.950 ids= 782 TEE=-1
rank=18 Lx=Ly=12 pg= 0.950 ids= 798 TEE=0
rank=12 Lx=Ly=12 pg= 0.950 ids= 732 TEE=-1
rank=12 Lx=Ly=12 pg= 0.950 ids= 752 TEE=-1
rank=12 Lx=Ly=12 pg= 0.950 ids= 772 TEE=0
rank=12 Lx=Ly=12 pg= 0.950 ids= 792 TEE=-1
Lx=12, pg=0.500 : ave=0.0013 ± 0.0013, var=0.0012
Lx=12, pg=0.545 : ave=-0.0037 ± 0.0038, var=0.0112
Lx=12, pg=0.590 : ave=-0.0225 ± 0.0077, var=0.0470
Lx=12, pg=0.635 : ave=-0.1737 ± 0.0154, var=0.1886
Lx=12, pg=0.680 : ave=-0.4875 ± 0.0180, var=0.2598
Lx=12, pg=0.725 : ave=-0.6900 ± 0.0167, var=0.2239
Lx=12, pg=0.770 : ave=-0.8413 ± 0.0130, var=0.1360
Lx=12, pg=0.815 : ave=-0.8925 ± 0.0111, var=0.0984
Lx=12, pg=0.860 : ave=-0.9200 ± 0.0096, var=0.0736
Lx=12, pg=0.905 : ave=-0.9163 ± 0.0098, var=0.0767
Lx=12, pg=0.950 : ave=-0.9513 ± 0.0076, var=0.0464
pz= 0.05 Np= 11 Nd= 800 NT= 2592 time= 3255
