rank= 49 Lx=Ly=12 pg= 0.700 ids=  49 TEE1=-0.035 TEE2= 0.069 TEE3= 0.160  TEE4= 0.188  TEE5= 0.160  TEE6= 0.132
rank= 48 Lx=Ly=12 pg= 0.700 ids=  48 TEE1= 0.000 TEE2= 0.035 TEE3= 0.042  TEE4= 0.021  TEE5= 0.021  TEE6= 0.021
rank= 35 Lx=Ly=12 pg= 0.700 ids=  35 TEE1= 0.097 TEE2= 0.076 TEE3= 0.104  TEE4= 0.083  TEE5= 0.083  TEE6= 0.097
rank= 36 Lx=Ly=12 pg= 0.700 ids=  36 TEE1=-0.069 TEE2= 0.021 TEE3= 0.028  TEE4= 0.014  TEE5= 0.007  TEE6= 0.021
rank= 46 Lx=Ly=12 pg= 0.700 ids=  46 TEE1=-0.021 TEE2= 0.014 TEE3= 0.014  TEE4= 0.007  TEE5= 0.007  TEE6= 0.007
rank= 39 Lx=Ly=12 pg= 0.700 ids=  39 TEE1= 0.014 TEE2= 0.056 TEE3= 0.056  TEE4= 0.028  TEE5= 0.042  TEE6= 0.056
rank= 41 Lx=Ly=12 pg= 0.700 ids=  41 TEE1=-0.014 TEE2= 0.042 TEE3= 0.056  TEE4= 0.035  TEE5= 0.042  TEE6= 0.049
rank= 47 Lx=Ly=12 pg= 0.700 ids=  47 TEE1= 0.062 TEE2= 0.049 TEE3= 0.049  TEE4= 0.021  TEE5= 0.021  TEE6= 0.035
rank= 43 Lx=Ly=12 pg= 0.700 ids=  43 TEE1= 0.035 TEE2= 0.090 TEE3= 0.132  TEE4= 0.125  TEE5= 0.160  TEE6= 0.160
rank= 45 Lx=Ly=12 pg= 0.700 ids=  45 TEE1= 0.062 TEE2= 0.076 TEE3= 0.111  TEE4= 0.111  TEE5= 0.118  TEE6= 0.160
rank= 44 Lx=Ly=12 pg= 0.700 ids=  44 TEE1= 0.014 TEE2= 0.014 TEE3= 0.014  TEE4= 0.007  TEE5= 0.007  TEE6= 0.007
rank= 37 Lx=Ly=12 pg= 0.700 ids=  37 TEE1= 0.028 TEE2= 0.000 TEE3= 0.000  TEE4= 0.000  TEE5= 0.000  TEE6= 0.000
rank= 32 Lx=Ly=12 pg= 0.700 ids=  32 TEE1= 0.021 TEE2= 0.014 TEE3= 0.014  TEE4= 0.007  TEE5= 0.007  TEE6= 0.007
rank= 40 Lx=Ly=12 pg= 0.700 ids=  40 TEE1=-0.021 TEE2= 0.069 TEE3= 0.153  TEE4= 0.229  TEE5= 0.264  TEE6= 0.215
rank= 34 Lx=Ly=12 pg= 0.700 ids=  34 TEE1= 0.021 TEE2= 0.014 TEE3= 0.014  TEE4= 0.007  TEE5= 0.007  TEE6= 0.007
rank= 38 Lx=Ly=12 pg= 0.700 ids=  38 TEE1= 0.062 TEE2= 0.014 TEE3= 0.014  TEE4= 0.007  TEE5= 0.007  TEE6= 0.007
rank= 33 Lx=Ly=12 pg= 0.700 ids=  33 TEE1= 0.111 TEE2= 0.076 TEE3= 0.097  TEE4= 0.083  TEE5= 0.076  TEE6= 0.090
rank= 42 Lx=Ly=12 pg= 0.700 ids=  42 TEE1=-0.042 TEE2= 0.056 TEE3= 0.062  TEE4= 0.021  TEE5= 0.021  TEE6= 0.062
rank= 15 Lx=Ly=12 pg= 0.700 ids=  15 TEE1= 0.035 TEE2= 0.014 TEE3= 0.007  TEE4= 0.007  TEE5= 0.007  TEE6= 0.007
rank= 12 Lx=Ly=12 pg= 0.700 ids=  12 TEE1= 0.090 TEE2= 0.042 TEE3= 0.035  TEE4= 0.021  TEE5= 0.021  TEE6= 0.021
rank= 14 Lx=Ly=12 pg= 0.700 ids=  14 TEE1=-0.028 TEE2= 0.007 TEE3= 0.014  TEE4= 0.007  TEE5= 0.007  TEE6= 0.007
rank= 23 Lx=Ly=12 pg= 0.700 ids=  23 TEE1=-0.083 TEE2= 0.000 TEE3= 0.021  TEE4= 0.007  TEE5= 0.014  TEE6= 0.028
rank= 10 Lx=Ly=12 pg= 0.700 ids=  10 TEE1= 0.021 TEE2= 0.007 TEE3= 0.014  TEE4= 0.007  TEE5= 0.007  TEE6= 0.007
rank= 11 Lx=Ly=12 pg= 0.700 ids=  11 TEE1= 0.062 TEE2= 0.049 TEE3= 0.049  TEE4= 0.042  TEE5= 0.042  TEE6= 0.028
rank=  2 Lx=Ly=12 pg= 0.700 ids=   2 TEE1=-0.007 TEE2= 0.014 TEE3= 0.028  TEE4= 0.014  TEE5= 0.007  TEE6= 0.021
rank= 28 Lx=Ly=12 pg= 0.700 ids=  28 TEE1=-0.007 TEE2= 0.104 TEE3= 0.139  TEE4= 0.188  TEE5= 0.201  TEE6= 0.181
rank= 20 Lx=Ly=12 pg= 0.700 ids=  20 TEE1= 0.007 TEE2= 0.000 TEE3= 0.000  TEE4= 0.000  TEE5= 0.000  TEE6= 0.000
rank= 17 Lx=Ly=12 pg= 0.700 ids=  17 TEE1= 0.021 TEE2= 0.056 TEE3= 0.062  TEE4= 0.062  TEE5= 0.049  TEE6= 0.069
rank=  8 Lx=Ly=12 pg= 0.700 ids=   8 TEE1=-0.132 TEE2=-0.021 TEE3= 0.000  TEE4= 0.000  TEE5= 0.000  TEE6= 0.000
rank= 24 Lx=Ly=12 pg= 0.700 ids=  24 TEE1=-0.028 TEE2= 0.000 TEE3= 0.000  TEE4= 0.000  TEE5= 0.000  TEE6= 0.000
rank=  9 Lx=Ly=12 pg= 0.700 ids=   9 TEE1= 0.000 TEE2= 0.028 TEE3= 0.014  TEE4= 0.021  TEE5= 0.028  TEE6= 0.014
rank=  3 Lx=Ly=12 pg= 0.700 ids=   3 TEE1=-0.014 TEE2= 0.014 TEE3= 0.014  TEE4= 0.007  TEE5= 0.007  TEE6= 0.007
rank= 21 Lx=Ly=12 pg= 0.700 ids=  21 TEE1=-0.035 TEE2=-0.007 TEE3= 0.000  TEE4= 0.000  TEE5= 0.000  TEE6= 0.000
rank= 25 Lx=Ly=12 pg= 0.700 ids=  25 TEE1= 0.007 TEE2= 0.069 TEE3= 0.076  TEE4= 0.062  TEE5= 0.076  TEE6= 0.076
rank= 19 Lx=Ly=12 pg= 0.700 ids=  19 TEE1=-0.007 TEE2=-0.007 TEE3= 0.000  TEE4= 0.000  TEE5= 0.000  TEE6= 0.000
rank= 30 Lx=Ly=12 pg= 0.700 ids=  30 TEE1= 0.069 TEE2= 0.028 TEE3= 0.028  TEE4= 0.021  TEE5= 0.021  TEE6= 0.028
rank=  6 Lx=Ly=12 pg= 0.700 ids=   6 TEE1=-0.125 TEE2=-0.035 TEE3= 0.014  TEE4= 0.007  TEE5= 0.007  TEE6= 0.007
rank= 27 Lx=Ly=12 pg= 0.700 ids=  27 TEE1=-0.035 TEE2= 0.014 TEE3= 0.035  TEE4= 0.021  TEE5= 0.042  TEE6= 0.042
rank=  5 Lx=Ly=12 pg= 0.700 ids=   5 TEE1=-0.014 TEE2= 0.000 TEE3= 0.000  TEE4= 0.000  TEE5= 0.000  TEE6= 0.000
rank=  7 Lx=Ly=12 pg= 0.700 ids=   7 TEE1=-0.076 TEE2= 0.014 TEE3= 0.028  TEE4= 0.014  TEE5= 0.014  TEE6= 0.014
rank= 13 Lx=Ly=12 pg= 0.700 ids=  13 TEE1=-0.069 TEE2= 0.000 TEE3= 0.014  TEE4= 0.007  TEE5= 0.007  TEE6= 0.007
rank=  4 Lx=Ly=12 pg= 0.700 ids=   4 TEE1= 0.028 TEE2= 0.014 TEE3= 0.014  TEE4= 0.007  TEE5= 0.007  TEE6= 0.007
rank=  1 Lx=Ly=12 pg= 0.700 ids=   1 TEE1= 0.021 TEE2= 0.000 TEE3= 0.000  TEE4= 0.000  TEE5= 0.000  TEE6= 0.000
rank= 16 Lx=Ly=12 pg= 0.700 ids=  16 TEE1= 0.076 TEE2= 0.118 TEE3= 0.139  TEE4= 0.083  TEE5= 0.076  TEE6= 0.097
rank= 26 Lx=Ly=12 pg= 0.700 ids=  26 TEE1= 0.049 TEE2= 0.062 TEE3= 0.076  TEE4= 0.042  TEE5= 0.042  TEE6= 0.049
rank= 29 Lx=Ly=12 pg= 0.700 ids=  29 TEE1= 0.042 TEE2= 0.014 TEE3= 0.014  TEE4= 0.007  TEE5= 0.007  TEE6= 0.007
rank= 18 Lx=Ly=12 pg= 0.700 ids=  18 TEE1= 0.000 TEE2= 0.000 TEE3= 0.000  TEE4= 0.000  TEE5= 0.000  TEE6= 0.000
rank=  0 Lx=Ly=12 pg= 0.700 ids=   0 TEE1= 0.014 TEE2= 0.000 TEE3= 0.000  TEE4= 0.000  TEE5= 0.000  TEE6= 0.000
rank= 31 Lx=Ly=12 pg= 0.700 ids=  31 TEE1= 0.028 TEE2= 0.000 TEE3= 0.000  TEE4= 0.000  TEE5= 0.000  TEE6= 0.000
rank= 22 Lx=Ly=12 pg= 0.700 ids=  22 TEE1=-0.049 TEE2= 0.007 TEE3= 0.028  TEE4= 0.028  TEE5= 0.028  TEE6= 0.021
rank= 48 Lx=Ly=12 pg= 0.710 ids=  48 TEE1= 0.049 TEE2= 0.069 TEE3= 0.083  TEE4= 0.062  TEE5= 0.062  TEE6= 0.090
rank= 49 Lx=Ly=12 pg= 0.710 ids=  49 TEE1= 0.035 TEE2= 0.076 TEE3= 0.097  TEE4= 0.083  TEE5= 0.090  TEE6= 0.062
rank= 35 Lx=Ly=12 pg= 0.710 ids=  35 TEE1=-0.021 TEE2= 0.021 TEE3= 0.049  TEE4= 0.049  TEE5= 0.028  TEE6= 0.028
rank= 46 Lx=Ly=12 pg= 0.710 ids=  46 TEE1= 0.028 TEE2= 0.021 TEE3= 0.014  TEE4= 0.021  TEE5= 0.028  TEE6= 0.014
rank= 36 Lx=Ly=12 pg= 0.710 ids=  36 TEE1= 0.056 TEE2= 0.035 TEE3= 0.056  TEE4= 0.069  TEE5= 0.042  TEE6= 0.028
rank= 39 Lx=Ly=12 pg= 0.710 ids=  39 TEE1=-0.042 TEE2= 0.042 TEE3= 0.056  TEE4= 0.049  TEE5= 0.056  TEE6= 0.049
rank= 47 Lx=Ly=12 pg= 0.710 ids=  47 TEE1= 0.118 TEE2= 0.069 TEE3= 0.049  TEE4= 0.076  TEE5= 0.076  TEE6= 0.035
rank= 43 Lx=Ly=12 pg= 0.710 ids=  43 TEE1= 0.028 TEE2= 0.014 TEE3= 0.007  TEE4= 0.007  TEE5= 0.007  TEE6= 0.007
rank= 41 Lx=Ly=12 pg= 0.710 ids=  41 TEE1= 0.083 TEE2= 0.035 TEE3= 0.028  TEE4= 0.007  TEE5= 0.014  TEE6= 0.028
rank= 37 Lx=Ly=12 pg= 0.710 ids=  37 TEE1= 0.014 TEE2= 0.028 TEE3= 0.028  TEE4= 0.014  TEE5= 0.021  TEE6= 0.028
rank= 44 Lx=Ly=12 pg= 0.710 ids=  44 TEE1=-0.042 TEE2= 0.007 TEE3= 0.035  TEE4= 0.028  TEE5= 0.021  TEE6= 0.035
rank= 45 Lx=Ly=12 pg= 0.710 ids=  45 TEE1=-0.028 TEE2= 0.021 TEE3= 0.076  TEE4= 0.062  TEE5= 0.090  TEE6= 0.097
rank= 38 Lx=Ly=12 pg= 0.710 ids=  38 TEE1= 0.104 TEE2= 0.069 TEE3= 0.056  TEE4= 0.049  TEE5= 0.049  TEE6= 0.062
rank= 40 Lx=Ly=12 pg= 0.710 ids=  40 TEE1=-0.014 TEE2= 0.021 TEE3= 0.021  TEE4= 0.014  TEE5= 0.014  TEE6= 0.014
rank= 34 Lx=Ly=12 pg= 0.710 ids=  34 TEE1= 0.056 TEE2= 0.076 TEE3= 0.090  TEE4= 0.056  TEE5= 0.062  TEE6= 0.076
rank= 32 Lx=Ly=12 pg= 0.710 ids=  32 TEE1=-0.069 TEE2= 0.049 TEE3= 0.049  TEE4= 0.021  TEE5= 0.028  TEE6= 0.042
rank= 33 Lx=Ly=12 pg= 0.710 ids=  33 TEE1=-0.042 TEE2= 0.049 TEE3= 0.090  TEE4= 0.111  TEE5= 0.111  TEE6= 0.125
rank= 42 Lx=Ly=12 pg= 0.710 ids=  42 TEE1=-0.021 TEE2= 0.007 TEE3= 0.007  TEE4= 0.007  TEE5= 0.007  TEE6= 0.007
rank= 15 Lx=Ly=12 pg= 0.710 ids=  15 TEE1=-0.090 TEE2=-0.021 TEE3= 0.021  TEE4= 0.014  TEE5= 0.014  TEE6= 0.014
rank= 11 Lx=Ly=12 pg= 0.710 ids=  11 TEE1=-0.097 TEE2=-0.007 TEE3= 0.007  TEE4= 0.007  TEE5= 0.007  TEE6= 0.007
rank=  6 Lx=Ly=12 pg= 0.710 ids=   6 TEE1= 0.028 TEE2= 0.056 TEE3= 0.056  TEE4= 0.049  TEE5= 0.056  TEE6= 0.035
rank=  9 Lx=Ly=12 pg= 0.710 ids=   9 TEE1=-0.062 TEE2= 0.042 TEE3= 0.069  TEE4= 0.056  TEE5= 0.062  TEE6= 0.090
rank= 12 Lx=Ly=12 pg= 0.710 ids=  12 TEE1=-0.007 TEE2= 0.049 TEE3= 0.056  TEE4= 0.056  TEE5= 0.049  TEE6= 0.069
rank= 14 Lx=Ly=12 pg= 0.710 ids=  14 TEE1=-0.007 TEE2= 0.056 TEE3= 0.056  TEE4= 0.028  TEE5= 0.049  TEE6= 0.056
rank= 13 Lx=Ly=12 pg= 0.710 ids=  13 TEE1= 0.028 TEE2= 0.042 TEE3= 0.028  TEE4= 0.021  TEE5= 0.028  TEE6= 0.035
rank=  3 Lx=Ly=12 pg= 0.710 ids=   3 TEE1=-0.062 TEE2= 0.021 TEE3= 0.042  TEE4= 0.062  TEE5= 0.076  TEE6= 0.062
rank=  2 Lx=Ly=12 pg= 0.710 ids=   2 TEE1=-0.069 TEE2=-0.028 TEE3= 0.000  TEE4= 0.000  TEE5= 0.000  TEE6= 0.000
rank= 28 Lx=Ly=12 pg= 0.710 ids=  28 TEE1=-0.125 TEE2=-0.042 TEE3= 0.021  TEE4= 0.028  TEE5= 0.076  TEE6= 0.062
rank= 10 Lx=Ly=12 pg= 0.710 ids=  10 TEE1= 0.007 TEE2= 0.000 TEE3= 0.000  TEE4= 0.000  TEE5= 0.000  TEE6= 0.000
rank=  4 Lx=Ly=12 pg= 0.710 ids=   4 TEE1=-0.076 TEE2= 0.021 TEE3= 0.042  TEE4= 0.035  TEE5= 0.028  TEE6= 0.035
rank=  8 Lx=Ly=12 pg= 0.710 ids=   8 TEE1= 0.076 TEE2= 0.028 TEE3= 0.021  TEE4= 0.035  TEE5= 0.028  TEE6= 0.014
rank= 19 Lx=Ly=12 pg= 0.710 ids=  19 TEE1=-0.215 TEE2=-0.083 TEE3= 0.014  TEE4= 0.014  TEE5= 0.014  TEE6= 0.014
rank=  5 Lx=Ly=12 pg= 0.710 ids=   5 TEE1= 0.021 TEE2= 0.062 TEE3= 0.056  TEE4= 0.056  TEE5= 0.076  TEE6= 0.056
rank=  7 Lx=Ly=12 pg= 0.710 ids=   7 TEE1=-0.097 TEE2=-0.021 TEE3= 0.049  TEE4= 0.083  TEE5= 0.083  TEE6= 0.069
rank= 20 Lx=Ly=12 pg= 0.710 ids=  20 TEE1= 0.000 TEE2= 0.042 TEE3= 0.035  TEE4= 0.035  TEE5= 0.042  TEE6= 0.028
rank=  1 Lx=Ly=12 pg= 0.710 ids=   1 TEE1=-0.118 TEE2=-0.014 TEE3= 0.028  TEE4= 0.014  TEE5= 0.014  TEE6= 0.014
rank= 21 Lx=Ly=12 pg= 0.710 ids=  21 TEE1= 0.076 TEE2=-0.007 TEE3= 0.000  TEE4= 0.000  TEE5= 0.000  TEE6= 0.000
rank= 23 Lx=Ly=12 pg= 0.710 ids=  23 TEE1=-0.146 TEE2=-0.042 TEE3=-0.007  TEE4= 0.000  TEE5= 0.000  TEE6= 0.000
rank= 30 Lx=Ly=12 pg= 0.710 ids=  30 TEE1=-0.097 TEE2= 0.042 TEE3= 0.111  TEE4= 0.167  TEE5= 0.188  TEE6= 0.194
rank=  0 Lx=Ly=12 pg= 0.710 ids=   0 TEE1= 0.042 TEE2= 0.014 TEE3= 0.014  TEE4= 0.007  TEE5= 0.007  TEE6= 0.007
rank= 25 Lx=Ly=12 pg= 0.710 ids=  25 TEE1=-0.042 TEE2= 0.000 TEE3= 0.000  TEE4= 0.000  TEE5= 0.000  TEE6= 0.000
rank= 16 Lx=Ly=12 pg= 0.710 ids=  16 TEE1=-0.035 TEE2= 0.056 TEE3= 0.111  TEE4= 0.118  TEE5= 0.139  TEE6= 0.174
rank= 17 Lx=Ly=12 pg= 0.710 ids=  17 TEE1=-0.194 TEE2=-0.056 TEE3=-0.007  TEE4= 0.000  TEE5= 0.000  TEE6= 0.000
rank= 26 Lx=Ly=12 pg= 0.710 ids=  26 TEE1=-0.021 TEE2= 0.014 TEE3= 0.014  TEE4= 0.007  TEE5= 0.007  TEE6= 0.007
rank= 24 Lx=Ly=12 pg= 0.710 ids=  24 TEE1= 0.083 TEE2= 0.125 TEE3= 0.146  TEE4= 0.083  TEE5= 0.097  TEE6= 0.146
rank= 18 Lx=Ly=12 pg= 0.710 ids=  18 TEE1=-0.104 TEE2= 0.021 TEE3= 0.014  TEE4= 0.021  TEE5= 0.028  TEE6= 0.014
rank= 27 Lx=Ly=12 pg= 0.710 ids=  27 TEE1=-0.215 TEE2=-0.174 TEE3=-0.090  TEE4= 0.021  TEE5= 0.076  TEE6= 0.062
rank= 31 Lx=Ly=12 pg= 0.710 ids=  31 TEE1= 0.000 TEE2=-0.007 TEE3= 0.000  TEE4= 0.000  TEE5= 0.000  TEE6= 0.000
rank= 22 Lx=Ly=12 pg= 0.710 ids=  22 TEE1=-0.076 TEE2=-0.021 TEE3=-0.007  TEE4= 0.000  TEE5= 0.000  TEE6= 0.000
rank= 29 Lx=Ly=12 pg= 0.710 ids=  29 TEE1=-0.014 TEE2= 0.069 TEE3= 0.104  TEE4= 0.097  TEE5= 0.083  TEE6= 0.097
rank= 48 Lx=Ly=12 pg= 0.720 ids=  48 TEE1=-0.090 TEE2= 0.083 TEE3= 0.139  TEE4= 0.118  TEE5= 0.090  TEE6= 0.139
rank= 49 Lx=Ly=12 pg= 0.720 ids=  49 TEE1= 0.028 TEE2= 0.076 TEE3= 0.069  TEE4= 0.028  TEE5= 0.049  TEE6= 0.076
rank= 35 Lx=Ly=12 pg= 0.720 ids=  35 TEE1= 0.007 TEE2= 0.021 TEE3= 0.021  TEE4= 0.014  TEE5= 0.014  TEE6= 0.014
rank= 46 Lx=Ly=12 pg= 0.720 ids=  46 TEE1=-0.125 TEE2=-0.062 TEE3= 0.007  TEE4= 0.007  TEE5= 0.007  TEE6= 0.007
rank= 36 Lx=Ly=12 pg= 0.720 ids=  36 TEE1= 0.007 TEE2= 0.056 TEE3= 0.042  TEE4= 0.028  TEE5= 0.035  TEE6= 0.042
rank= 39 Lx=Ly=12 pg= 0.720 ids=  39 TEE1=-0.049 TEE2= 0.021 TEE3= 0.111  TEE4= 0.132  TEE5= 0.125  TEE6= 0.111
rank= 47 Lx=Ly=12 pg= 0.720 ids=  47 TEE1=-0.035 TEE2= 0.021 TEE3= 0.104  TEE4= 0.208  TEE5= 0.285  TEE6= 0.312
rank= 37 Lx=Ly=12 pg= 0.720 ids=  37 TEE1= 0.000 TEE2= 0.014 TEE3= 0.014  TEE4= 0.007  TEE5= 0.007  TEE6= 0.007
rank= 43 Lx=Ly=12 pg= 0.720 ids=  43 TEE1=-0.160 TEE2=-0.069 TEE3= 0.014  TEE4= 0.035  TEE5= 0.028  TEE6= 0.014
rank= 44 Lx=Ly=12 pg= 0.720 ids=  44 TEE1= 0.083 TEE2= 0.083 TEE3= 0.104  TEE4= 0.104  TEE5= 0.090  TEE6= 0.083
rank= 41 Lx=Ly=12 pg= 0.720 ids=  41 TEE1=-0.042 TEE2= 0.000 TEE3= 0.000  TEE4= 0.000  TEE5= 0.000  TEE6= 0.000
rank= 38 Lx=Ly=12 pg= 0.720 ids=  38 TEE1= 0.042 TEE2= 0.028 TEE3= 0.014  TEE4= 0.014  TEE5= 0.014  TEE6= 0.014
rank= 40 Lx=Ly=12 pg= 0.720 ids=  40 TEE1=-0.007 TEE2= 0.042 TEE3= 0.042  TEE4= 0.014  TEE5= 0.021  TEE6= 0.035
rank= 32 Lx=Ly=12 pg= 0.720 ids=  32 TEE1=-0.049 TEE2= 0.014 TEE3= 0.042  TEE4= 0.021  TEE5= 0.021  TEE6= 0.021
rank= 33 Lx=Ly=12 pg= 0.720 ids=  33 TEE1=-0.062 TEE2= 0.090 TEE3= 0.181  TEE4= 0.271  TEE5= 0.292  TEE6= 0.347
rank= 45 Lx=Ly=12 pg= 0.720 ids=  45 TEE1=-0.056 TEE2= 0.000 TEE3= 0.000  TEE4= 0.000  TEE5= 0.000  TEE6= 0.000
rank= 34 Lx=Ly=12 pg= 0.720 ids=  34 TEE1=-0.215 TEE2=-0.035 TEE3= 0.014  TEE4= 0.028  TEE5= 0.021  TEE6= 0.007
rank= 42 Lx=Ly=12 pg= 0.720 ids=  42 TEE1=-0.021 TEE2= 0.000 TEE3= 0.021  TEE4= 0.028  TEE5= 0.028  TEE6= 0.014
rank= 15 Lx=Ly=12 pg= 0.720 ids=  15 TEE1= 0.000 TEE2= 0.021 TEE3= 0.062  TEE4= 0.090  TEE5= 0.104  TEE6= 0.090
rank= 11 Lx=Ly=12 pg= 0.720 ids=  11 TEE1=-0.125 TEE2=-0.028 TEE3= 0.083  TEE4= 0.076  TEE5= 0.111  TEE6= 0.118
rank=  9 Lx=Ly=12 pg= 0.720 ids=   9 TEE1= 0.062 TEE2= 0.028 TEE3= 0.021  TEE4= 0.014  TEE5= 0.014  TEE6= 0.014
rank= 13 Lx=Ly=12 pg= 0.720 ids=  13 TEE1= 0.000 TEE2= 0.028 TEE3= 0.049  TEE4= 0.042  TEE5= 0.028  TEE6= 0.028
rank=  3 Lx=Ly=12 pg= 0.720 ids=   3 TEE1=-0.111 TEE2=-0.021 TEE3= 0.014  TEE4= 0.021  TEE5= 0.028  TEE6= 0.014
rank=  6 Lx=Ly=12 pg= 0.720 ids=   6 TEE1=-0.062 TEE2=-0.014 TEE3= 0.021  TEE4= 0.014  TEE5= 0.014  TEE6= 0.014
rank=  5 Lx=Ly=12 pg= 0.720 ids=   5 TEE1= 0.028 TEE2= 0.014 TEE3= 0.007  TEE4= 0.007  TEE5= 0.007  TEE6= 0.007
rank= 14 Lx=Ly=12 pg= 0.720 ids=  14 TEE1= 0.083 TEE2= 0.014 TEE3= 0.014  TEE4= 0.007  TEE5= 0.007  TEE6= 0.007
rank=  7 Lx=Ly=12 pg= 0.720 ids=   7 TEE1= 0.062 TEE2= 0.000 TEE3= 0.000  TEE4= 0.000  TEE5= 0.000  TEE6= 0.000
rank= 28 Lx=Ly=12 pg= 0.720 ids=  28 TEE1=-0.028 TEE2= 0.049 TEE3= 0.042  TEE4= 0.042  TEE5= 0.049  TEE6= 0.042
rank= 12 Lx=Ly=12 pg= 0.720 ids=  12 TEE1= 0.146 TEE2= 0.090 TEE3= 0.076  TEE4= 0.090  TEE5= 0.097  TEE6= 0.083
rank=  4 Lx=Ly=12 pg= 0.720 ids=   4 TEE1=-0.028 TEE2= 0.146 TEE3= 0.215  TEE4= 0.257  TEE5= 0.312  TEE6= 0.410
rank= 23 Lx=Ly=12 pg= 0.720 ids=  23 TEE1=-0.007 TEE2= 0.014 TEE3= 0.042  TEE4= 0.042  TEE5= 0.028  TEE6= 0.028
rank=  1 Lx=Ly=12 pg= 0.720 ids=   1 TEE1=-0.069 TEE2=-0.062 TEE3= 0.049  TEE4= 0.090  TEE5= 0.097  TEE6= 0.139
rank=  2 Lx=Ly=12 pg= 0.720 ids=   2 TEE1= 0.007 TEE2= 0.035 TEE3= 0.035  TEE4= 0.014  TEE5= 0.014  TEE6= 0.028
rank= 25 Lx=Ly=12 pg= 0.720 ids=  25 TEE1= 0.014 TEE2= 0.042 TEE3= 0.049  TEE4= 0.028  TEE5= 0.035  TEE6= 0.028
rank= 10 Lx=Ly=12 pg= 0.720 ids=  10 TEE1=-0.104 TEE2=-0.014 TEE3= 0.049  TEE4= 0.028  TEE5= 0.042  TEE6= 0.049
rank= 19 Lx=Ly=12 pg= 0.720 ids=  19 TEE1=-0.104 TEE2= 0.000 TEE3= 0.069  TEE4= 0.069  TEE5= 0.083  TEE6= 0.069
rank= 48 Lx=Ly=12 pg= 0.730 ids=  48 TEE1=-0.049 TEE2= 0.035 TEE3= 0.083  TEE4= 0.104  TEE5= 0.118  TEE6= 0.125
rank= 20 Lx=Ly=12 pg= 0.720 ids=  20 TEE1=-0.174 TEE2=-0.014 TEE3= 0.007  TEE4= 0.021  TEE5= 0.028  TEE6= 0.014
rank= 21 Lx=Ly=12 pg= 0.720 ids=  21 TEE1= 0.000 TEE2= 0.069 TEE3= 0.056  TEE4= 0.028  TEE5= 0.042  TEE6= 0.062
rank= 49 Lx=Ly=12 pg= 0.730 ids=  49 TEE1=-0.132 TEE2=-0.035 TEE3= 0.000  TEE4= 0.000  TEE5= 0.000  TEE6= 0.000
rank=  8 Lx=Ly=12 pg= 0.720 ids=   8 TEE1= 0.049 TEE2= 0.028 TEE3= 0.021  TEE4= 0.014  TEE5= 0.014  TEE6= 0.014
rank= 17 Lx=Ly=12 pg= 0.720 ids=  17 TEE1=-0.125 TEE2= 0.021 TEE3= 0.208  TEE4= 0.312  TEE5= 0.361  TEE6= 0.486
rank= 27 Lx=Ly=12 pg= 0.720 ids=  27 TEE1=-0.146 TEE2= 0.118 TEE3= 0.292  TEE4= 0.368  TEE5= 0.431  TEE6= 0.507
rank=  0 Lx=Ly=12 pg= 0.720 ids=   0 TEE1= 0.021 TEE2= 0.021 TEE3= 0.042  TEE4= 0.021  TEE5= 0.014  TEE6= 0.028
rank= 30 Lx=Ly=12 pg= 0.720 ids=  30 TEE1=-0.007 TEE2= 0.118 TEE3= 0.132  TEE4= 0.146  TEE5= 0.146  TEE6= 0.153
rank= 16 Lx=Ly=12 pg= 0.720 ids=  16 TEE1= 0.056 TEE2= 0.139 TEE3= 0.139  TEE4= 0.097  TEE5= 0.125  TEE6= 0.153
rank= 31 Lx=Ly=12 pg= 0.720 ids=  31 TEE1=-0.104 TEE2=-0.056 TEE3=-0.007  TEE4= 0.000  TEE5= 0.000  TEE6= 0.000
rank= 29 Lx=Ly=12 pg= 0.720 ids=  29 TEE1=-0.007 TEE2= 0.014 TEE3= 0.014  TEE4= 0.014  TEE5= 0.014  TEE6= 0.014
rank= 26 Lx=Ly=12 pg= 0.720 ids=  26 TEE1=-0.035 TEE2= 0.021 TEE3= 0.076  TEE4= 0.076  TEE5= 0.104  TEE6= 0.111
rank= 18 Lx=Ly=12 pg= 0.720 ids=  18 TEE1=-0.042 TEE2= 0.014 TEE3= 0.007  TEE4= 0.021  TEE5= 0.028  TEE6= 0.014
rank= 24 Lx=Ly=12 pg= 0.720 ids=  24 TEE1=-0.090 TEE2= 0.042 TEE3= 0.056  TEE4= 0.035  TEE5= 0.042  TEE6= 0.035
rank= 22 Lx=Ly=12 pg= 0.720 ids=  22 TEE1= 0.042 TEE2= 0.028 TEE3= 0.028  TEE4= 0.035  TEE5= 0.028  TEE6= 0.014
rank= 35 Lx=Ly=12 pg= 0.730 ids=  35 TEE1= 0.097 TEE2= 0.083 TEE3= 0.076  TEE4= 0.049  TEE5= 0.062  TEE6= 0.069
rank= 46 Lx=Ly=12 pg= 0.730 ids=  46 TEE1=-0.139 TEE2=-0.049 TEE3= 0.104  TEE4= 0.236  TEE5= 0.257  TEE6= 0.271
rank= 36 Lx=Ly=12 pg= 0.730 ids=  36 TEE1=-0.104 TEE2= 0.035 TEE3= 0.146  TEE4= 0.250  TEE5= 0.299  TEE6= 0.299
rank= 37 Lx=Ly=12 pg= 0.730 ids=  37 TEE1=-0.021 TEE2= 0.028 TEE3= 0.049  TEE4= 0.069  TEE5= 0.056  TEE6= 0.035
rank= 39 Lx=Ly=12 pg= 0.730 ids=  39 TEE1=-0.028 TEE2= 0.000 TEE3= 0.000  TEE4= 0.000  TEE5= 0.000  TEE6= 0.000
rank= 47 Lx=Ly=12 pg= 0.730 ids=  47 TEE1=-0.042 TEE2=-0.014 TEE3= 0.056  TEE4= 0.069  TEE5= 0.076  TEE6= 0.056
rank= 43 Lx=Ly=12 pg= 0.730 ids=  43 TEE1=-0.035 TEE2= 0.062 TEE3= 0.090  TEE4= 0.076  TEE5= 0.069  TEE6= 0.083
rank= 38 Lx=Ly=12 pg= 0.730 ids=  38 TEE1= 0.007 TEE2= 0.111 TEE3= 0.208  TEE4= 0.243  TEE5= 0.236  TEE6= 0.243
rank= 44 Lx=Ly=12 pg= 0.730 ids=  44 TEE1=-0.035 TEE2= 0.021 TEE3= 0.035  TEE4= 0.062  TEE5= 0.049  TEE6= 0.028
rank= 40 Lx=Ly=12 pg= 0.730 ids=  40 TEE1= 0.021 TEE2= 0.028 TEE3= 0.028  TEE4= 0.014  TEE5= 0.014  TEE6= 0.014
rank= 41 Lx=Ly=12 pg= 0.730 ids=  41 TEE1=-0.021 TEE2= 0.062 TEE3= 0.097  TEE4= 0.076  TEE5= 0.062  TEE6= 0.069
rank= 34 Lx=Ly=12 pg= 0.730 ids=  34 TEE1= 0.062 TEE2= 0.076 TEE3= 0.076  TEE4= 0.090  TEE5= 0.118  TEE6= 0.125
rank= 33 Lx=Ly=12 pg= 0.730 ids=  33 TEE1= 0.000 TEE2= 0.021 TEE3= 0.028  TEE4= 0.014  TEE5= 0.014  TEE6= 0.014
rank= 32 Lx=Ly=12 pg= 0.730 ids=  32 TEE1=-0.306 TEE2=-0.118 TEE3= 0.007  TEE4= 0.014  TEE5= 0.021  TEE6= 0.035
rank= 45 Lx=Ly=12 pg= 0.730 ids=  45 TEE1=-0.111 TEE2=-0.028 TEE3= 0.035  TEE4= 0.049  TEE5= 0.056  TEE6= 0.042
rank= 15 Lx=Ly=12 pg= 0.730 ids=  15 TEE1=-0.111 TEE2= 0.000 TEE3= 0.007  TEE4= 0.007  TEE5= 0.007  TEE6= 0.007
rank= 42 Lx=Ly=12 pg= 0.730 ids=  42 TEE1=-0.104 TEE2= 0.014 TEE3= 0.069  TEE4= 0.035  TEE5= 0.056  TEE6= 0.069
rank= 11 Lx=Ly=12 pg= 0.730 ids=  11 TEE1=-0.056 TEE2= 0.007 TEE3= 0.049  TEE4= 0.042  TEE5= 0.028  TEE6= 0.028
rank=  9 Lx=Ly=12 pg= 0.730 ids=   9 TEE1=-0.014 TEE2=-0.007 TEE3= 0.000  TEE4= 0.000  TEE5= 0.000  TEE6= 0.000
rank= 13 Lx=Ly=12 pg= 0.730 ids=  13 TEE1= 0.146 TEE2= 0.090 TEE3= 0.090  TEE4= 0.062  TEE5= 0.062  TEE6= 0.062
rank= 48 Lx=Ly=12 pg= 0.740 ids=  48 TEE1=-0.062 TEE2=-0.028 TEE3= 0.000  TEE4= 0.000  TEE5= 0.000  TEE6= 0.000
rank=  3 Lx=Ly=12 pg= 0.730 ids=   3 TEE1= 0.028 TEE2= 0.035 TEE3= 0.042  TEE4= 0.021  TEE5= 0.021  TEE6= 0.021
rank=  5 Lx=Ly=12 pg= 0.730 ids=   5 TEE1=-0.083 TEE2= 0.118 TEE3= 0.174  TEE4= 0.174  TEE5= 0.215  TEE6= 0.312
rank=  7 Lx=Ly=12 pg= 0.730 ids=   7 TEE1=-0.194 TEE2=-0.014 TEE3= 0.042  TEE4= 0.069  TEE5= 0.076  TEE6= 0.069
rank= 49 Lx=Ly=12 pg= 0.740 ids=  49 TEE1=-0.090 TEE2=-0.007 TEE3= 0.021  TEE4= 0.035  TEE5= 0.028  TEE6= 0.014
rank=  1 Lx=Ly=12 pg= 0.730 ids=   1 TEE1=-0.056 TEE2=-0.007 TEE3= 0.000  TEE4= 0.000  TEE5= 0.000  TEE6= 0.000
rank=  6 Lx=Ly=12 pg= 0.730 ids=   6 TEE1= 0.090 TEE2= 0.076 TEE3= 0.069  TEE4= 0.042  TEE5= 0.042  TEE6= 0.062
rank= 14 Lx=Ly=12 pg= 0.730 ids=  14 TEE1=-0.104 TEE2= 0.000 TEE3= 0.000  TEE4= 0.000  TEE5= 0.000  TEE6= 0.000
rank= 12 Lx=Ly=12 pg= 0.730 ids=  12 TEE1= 0.042 TEE2= 0.021 TEE3= 0.028  TEE4= 0.014  TEE5= 0.007  TEE6= 0.021
rank= 28 Lx=Ly=12 pg= 0.730 ids=  28 TEE1=-0.042 TEE2= 0.000 TEE3= 0.014  TEE4= 0.028  TEE5= 0.021  TEE6= 0.007
rank= 23 Lx=Ly=12 pg= 0.730 ids=  23 TEE1=-0.062 TEE2= 0.062 TEE3= 0.069  TEE4= 0.062  TEE5= 0.097  TEE6= 0.090
rank=  2 Lx=Ly=12 pg= 0.730 ids=   2 TEE1=-0.118 TEE2=-0.056 TEE3= 0.007  TEE4= 0.007  TEE5= 0.007  TEE6= 0.007
rank= 19 Lx=Ly=12 pg= 0.730 ids=  19 TEE1= 0.090 TEE2= 0.153 TEE3= 0.181  TEE4= 0.236  TEE5= 0.264  TEE6= 0.278
rank= 25 Lx=Ly=12 pg= 0.730 ids=  25 TEE1=-0.014 TEE2= 0.049 TEE3= 0.062  TEE4= 0.062  TEE5= 0.076  TEE6= 0.076
rank=  4 Lx=Ly=12 pg= 0.730 ids=   4 TEE1=-0.118 TEE2=-0.118 TEE3=-0.035  TEE4= 0.000  TEE5= 0.007  TEE6= 0.007
rank= 21 Lx=Ly=12 pg= 0.730 ids=  21 TEE1= 0.062 TEE2= 0.083 TEE3= 0.111  TEE4= 0.132  TEE5= 0.132  TEE6= 0.146
rank= 10 Lx=Ly=12 pg= 0.730 ids=  10 TEE1=-0.028 TEE2= 0.007 TEE3= 0.007  TEE4= 0.007  TEE5= 0.007  TEE6= 0.007
rank= 20 Lx=Ly=12 pg= 0.730 ids=  20 TEE1= 0.042 TEE2= 0.028 TEE3= 0.021  TEE4= 0.028  TEE5= 0.028  TEE6= 0.014
rank= 17 Lx=Ly=12 pg= 0.730 ids=  17 TEE1=-0.243 TEE2=-0.132 TEE3=-0.028  TEE4= 0.000  TEE5= 0.007  TEE6= 0.007
rank=  8 Lx=Ly=12 pg= 0.730 ids=   8 TEE1=-0.125 TEE2=-0.028 TEE3= 0.069  TEE4= 0.056  TEE5= 0.069  TEE6= 0.062
rank= 27 Lx=Ly=12 pg= 0.730 ids=  27 TEE1=-0.139 TEE2=-0.035 TEE3= 0.076  TEE4= 0.069  TEE5= 0.069  TEE6= 0.069
rank= 29 Lx=Ly=12 pg= 0.730 ids=  29 TEE1=-0.035 TEE2= 0.000 TEE3= 0.000  TEE4= 0.000  TEE5= 0.000  TEE6= 0.000
rank= 31 Lx=Ly=12 pg= 0.730 ids=  31 TEE1=-0.076 TEE2= 0.028 TEE3= 0.069  TEE4= 0.090  TEE5= 0.111  TEE6= 0.069
rank=  0 Lx=Ly=12 pg= 0.730 ids=   0 TEE1=-0.090 TEE2= 0.146 TEE3= 0.278  TEE4= 0.375  TEE5= 0.403  TEE6= 0.479
rank= 30 Lx=Ly=12 pg= 0.730 ids=  30 TEE1=-0.118 TEE2= 0.028 TEE3= 0.139  TEE4= 0.222  TEE5= 0.222  TEE6= 0.299
rank= 18 Lx=Ly=12 pg= 0.730 ids=  18 TEE1=-0.104 TEE2= 0.014 TEE3= 0.118  TEE4= 0.153  TEE5= 0.139  TEE6= 0.160
rank= 26 Lx=Ly=12 pg= 0.730 ids=  26 TEE1= 0.014 TEE2= 0.000 TEE3= 0.000  TEE4= 0.000  TEE5= 0.000  TEE6= 0.000
rank= 24 Lx=Ly=12 pg= 0.730 ids=  24 TEE1=-0.083 TEE2= 0.028 TEE3= 0.042  TEE4= 0.021  TEE5= 0.021  TEE6= 0.021
rank= 16 Lx=Ly=12 pg= 0.730 ids=  16 TEE1=-0.271 TEE2=-0.160 TEE3=-0.028  TEE4= 0.007  TEE5= 0.132  TEE6= 0.215
rank= 22 Lx=Ly=12 pg= 0.730 ids=  22 TEE1=-0.042 TEE2= 0.097 TEE3= 0.146  TEE4= 0.181  TEE5= 0.215  TEE6= 0.243
rank= 35 Lx=Ly=12 pg= 0.740 ids=  35 TEE1= 0.076 TEE2= 0.097 TEE3= 0.097  TEE4= 0.069  TEE5= 0.083  TEE6= 0.069
rank= 46 Lx=Ly=12 pg= 0.740 ids=  46 TEE1=-0.104 TEE2=-0.035 TEE3= 0.139  TEE4= 0.236  TEE5= 0.271  TEE6= 0.285
rank= 36 Lx=Ly=12 pg= 0.740 ids=  36 TEE1=-0.104 TEE2= 0.014 TEE3= 0.035  TEE4= 0.014  TEE5= 0.014  TEE6= 0.028
rank= 37 Lx=Ly=12 pg= 0.740 ids=  37 TEE1=-0.035 TEE2= 0.083 TEE3= 0.250  TEE4= 0.292  TEE5= 0.319  TEE6= 0.403
rank= 43 Lx=Ly=12 pg= 0.740 ids=  43 TEE1=-0.049 TEE2= 0.062 TEE3= 0.146  TEE4= 0.188  TEE5= 0.181  TEE6= 0.153
rank= 47 Lx=Ly=12 pg= 0.740 ids=  47 TEE1=-0.069 TEE2= 0.056 TEE3= 0.090  TEE4= 0.056  TEE5= 0.056  TEE6= 0.069
rank= 39 Lx=Ly=12 pg= 0.740 ids=  39 TEE1= 0.000 TEE2= 0.049 TEE3= 0.042  TEE4= 0.042  TEE5= 0.056  TEE6= 0.049
rank= 15 Lx=Ly=12 pg= 0.740 ids=  15 TEE1=-0.104 TEE2= 0.021 TEE3= 0.132  TEE4= 0.069  TEE5= 0.056  TEE6= 0.097
rank= 38 Lx=Ly=12 pg= 0.740 ids=  38 TEE1=-0.229 TEE2=-0.028 TEE3= 0.049  TEE4= 0.056  TEE5= 0.056  TEE6= 0.083
rank= 40 Lx=Ly=12 pg= 0.740 ids=  40 TEE1=-0.049 TEE2= 0.083 TEE3= 0.111  TEE4= 0.097  TEE5= 0.111  TEE6= 0.111
rank= 41 Lx=Ly=12 pg= 0.740 ids=  41 TEE1=-0.111 TEE2= 0.042 TEE3= 0.083  TEE4= 0.083  TEE5= 0.097  TEE6= 0.097
rank= 44 Lx=Ly=12 pg= 0.740 ids=  44 TEE1=-0.125 TEE2= 0.028 TEE3= 0.035  TEE4= 0.035  TEE5= 0.035  TEE6= 0.021
rank= 32 Lx=Ly=12 pg= 0.740 ids=  32 TEE1=-0.014 TEE2= 0.076 TEE3= 0.104  TEE4= 0.090  TEE5= 0.111  TEE6= 0.132
rank= 45 Lx=Ly=12 pg= 0.740 ids=  45 TEE1=-0.014 TEE2= 0.000 TEE3= 0.007  TEE4= 0.007  TEE5= 0.007  TEE6= 0.007
rank= 33 Lx=Ly=12 pg= 0.740 ids=  33 TEE1=-0.118 TEE2= 0.028 TEE3= 0.076  TEE4= 0.035  TEE5= 0.056  TEE6= 0.062
rank= 42 Lx=Ly=12 pg= 0.740 ids=  42 TEE1=-0.069 TEE2=-0.049 TEE3= 0.021  TEE4= 0.014  TEE5= 0.021  TEE6= 0.021
rank= 34 Lx=Ly=12 pg= 0.740 ids=  34 TEE1=-0.188 TEE2=-0.153 TEE3=-0.056  TEE4=-0.007  TEE5= 0.000  TEE6= 0.000
rank= 11 Lx=Ly=12 pg= 0.740 ids=  11 TEE1=-0.167 TEE2=-0.035 TEE3= 0.132  TEE4= 0.215  TEE5= 0.250  TEE6= 0.236
rank=  9 Lx=Ly=12 pg= 0.740 ids=   9 TEE1= 0.014 TEE2= 0.049 TEE3= 0.056  TEE4= 0.035  TEE5= 0.028  TEE6= 0.049
rank= 13 Lx=Ly=12 pg= 0.740 ids=  13 TEE1=-0.042 TEE2= 0.049 TEE3= 0.111  TEE4= 0.160  TEE5= 0.160  TEE6= 0.146
rank= 48 Lx=Ly=12 pg= 0.750 ids=  48 TEE1=-0.042 TEE2= 0.042 TEE3= 0.062  TEE4= 0.056  TEE5= 0.035  TEE6= 0.035
rank= 49 Lx=Ly=12 pg= 0.750 ids=  49 TEE1=-0.118 TEE2= 0.021 TEE3= 0.049  TEE4= 0.028  TEE5= 0.021  TEE6= 0.035
rank=  3 Lx=Ly=12 pg= 0.740 ids=   3 TEE1=-0.194 TEE2=-0.042 TEE3= 0.042  TEE4= 0.021  TEE5= 0.042  TEE6= 0.049
rank=  5 Lx=Ly=12 pg= 0.740 ids=   5 TEE1=-0.007 TEE2= 0.035 TEE3= 0.062  TEE4= 0.042  TEE5= 0.028  TEE6= 0.049
rank=  7 Lx=Ly=12 pg= 0.740 ids=   7 TEE1=-0.181 TEE2=-0.056 TEE3= 0.014  TEE4= 0.007  TEE5= 0.014  TEE6= 0.028
rank=  1 Lx=Ly=12 pg= 0.740 ids=   1 TEE1=-0.035 TEE2= 0.042 TEE3= 0.083  TEE4= 0.049  TEE5= 0.056  TEE6= 0.049
rank= 28 Lx=Ly=12 pg= 0.740 ids=  28 TEE1=-0.056 TEE2= 0.007 TEE3= 0.014  TEE4= 0.007  TEE5= 0.007  TEE6= 0.007
rank= 14 Lx=Ly=12 pg= 0.740 ids=  14 TEE1=-0.132 TEE2=-0.028 TEE3= 0.035  TEE4= 0.028  TEE5= 0.028  TEE6= 0.035
rank=  6 Lx=Ly=12 pg= 0.740 ids=   6 TEE1=-0.326 TEE2=-0.306 TEE3=-0.201  TEE4=-0.097  TEE5= 0.014  TEE6= 0.049
rank= 12 Lx=Ly=12 pg= 0.740 ids=  12 TEE1=-0.021 TEE2= 0.000 TEE3= 0.007  TEE4= 0.007  TEE5= 0.007  TEE6= 0.007
rank= 23 Lx=Ly=12 pg= 0.740 ids=  23 TEE1=-0.132 TEE2= 0.000 TEE3= 0.069  TEE4= 0.090  TEE5= 0.111  TEE6= 0.097
rank= 19 Lx=Ly=12 pg= 0.740 ids=  19 TEE1= 0.028 TEE2= 0.028 TEE3= 0.035  TEE4= 0.021  TEE5= 0.021  TEE6= 0.021
rank= 25 Lx=Ly=12 pg= 0.740 ids=  25 TEE1=-0.035 TEE2= 0.076 TEE3= 0.104  TEE4= 0.062  TEE5= 0.069  TEE6= 0.083
rank=  4 Lx=Ly=12 pg= 0.740 ids=   4 TEE1= 0.042 TEE2= 0.028 TEE3= 0.028  TEE4= 0.014  TEE5= 0.014  TEE6= 0.014
rank= 21 Lx=Ly=12 pg= 0.740 ids=  21 TEE1=-0.104 TEE2= 0.035 TEE3= 0.097  TEE4= 0.090  TEE5= 0.097  TEE6= 0.132
rank=  2 Lx=Ly=12 pg= 0.740 ids=   2 TEE1=-0.125 TEE2= 0.021 TEE3= 0.069  TEE4= 0.042  TEE5= 0.049  TEE6= 0.062
rank= 10 Lx=Ly=12 pg= 0.740 ids=  10 TEE1=-0.097 TEE2=-0.028 TEE3= 0.049  TEE4= 0.083  TEE5= 0.118  TEE6= 0.104
rank= 17 Lx=Ly=12 pg= 0.740 ids=  17 TEE1=-0.125 TEE2=-0.014 TEE3= 0.118  TEE4= 0.208  TEE5= 0.264  TEE6= 0.326
rank= 20 Lx=Ly=12 pg= 0.740 ids=  20 TEE1= 0.090 TEE2= 0.062 TEE3= 0.069  TEE4= 0.035  TEE5= 0.028  TEE6= 0.042
rank= 27 Lx=Ly=12 pg= 0.740 ids=  27 TEE1= 0.007 TEE2= 0.000 TEE3= 0.000  TEE4= 0.000  TEE5= 0.000  TEE6= 0.000
rank= 29 Lx=Ly=12 pg= 0.740 ids=  29 TEE1=-0.042 TEE2=-0.028 TEE3= 0.000  TEE4= 0.007  TEE5= 0.007  TEE6= 0.007
rank=  8 Lx=Ly=12 pg= 0.740 ids=   8 TEE1=-0.125 TEE2=-0.014 TEE3= 0.021  TEE4= 0.014  TEE5= 0.014  TEE6= 0.014
rank= 31 Lx=Ly=12 pg= 0.740 ids=  31 TEE1=-0.056 TEE2= 0.007 TEE3= 0.111  TEE4= 0.111  TEE5= 0.104  TEE6= 0.125
rank=  0 Lx=Ly=12 pg= 0.740 ids=   0 TEE1=-0.049 TEE2= 0.028 TEE3= 0.035  TEE4= 0.042  TEE5= 0.035  TEE6= 0.021
rank= 18 Lx=Ly=12 pg= 0.740 ids=  18 TEE1= 0.069 TEE2= 0.056 TEE3= 0.049  TEE4= 0.028  TEE5= 0.042  TEE6= 0.035
rank= 30 Lx=Ly=12 pg= 0.740 ids=  30 TEE1=-0.174 TEE2=-0.062 TEE3= 0.042  TEE4= 0.062  TEE5= 0.069  TEE6= 0.076
rank= 26 Lx=Ly=12 pg= 0.740 ids=  26 TEE1=-0.062 TEE2= 0.062 TEE3= 0.062  TEE4= 0.056  TEE5= 0.069  TEE6= 0.056
rank= 35 Lx=Ly=12 pg= 0.750 ids=  35 TEE1=-0.188 TEE2=-0.042 TEE3= 0.042  TEE4= 0.042  TEE5= 0.049  TEE6= 0.049
rank= 16 Lx=Ly=12 pg= 0.740 ids=  16 TEE1=-0.118 TEE2= 0.035 TEE3= 0.132  TEE4= 0.153  TEE5= 0.167  TEE6= 0.153
rank= 22 Lx=Ly=12 pg= 0.740 ids=  22 TEE1=-0.076 TEE2= 0.035 TEE3= 0.160  TEE4= 0.243  TEE5= 0.292  TEE6= 0.319
rank= 24 Lx=Ly=12 pg= 0.740 ids=  24 TEE1=-0.056 TEE2= 0.007 TEE3= 0.014  TEE4= 0.007  TEE5= 0.007  TEE6= 0.007
rank= 46 Lx=Ly=12 pg= 0.750 ids=  46 TEE1=-0.382 TEE2=-0.354 TEE3=-0.181  TEE4=-0.056  TEE5= 0.021  TEE6= 0.035
rank= 15 Lx=Ly=12 pg= 0.750 ids=  15 TEE1=-0.194 TEE2= 0.028 TEE3= 0.097  TEE4= 0.125  TEE5= 0.132  TEE6= 0.167
rank= 37 Lx=Ly=12 pg= 0.750 ids=  37 TEE1=-0.132 TEE2= 0.021 TEE3= 0.090  TEE4= 0.153  TEE5= 0.181  TEE6= 0.194
rank= 36 Lx=Ly=12 pg= 0.750 ids=  36 TEE1=-0.118 TEE2=-0.007 TEE3= 0.035  TEE4= 0.014  TEE5= 0.014  TEE6= 0.028
rank= 43 Lx=Ly=12 pg= 0.750 ids=  43 TEE1=-0.021 TEE2= 0.007 TEE3= 0.014  TEE4= 0.007  TEE5= 0.007  TEE6= 0.007
rank= 39 Lx=Ly=12 pg= 0.750 ids=  39 TEE1=-0.062 TEE2= 0.111 TEE3= 0.243  TEE4= 0.403  TEE5= 0.500  TEE6= 0.549
rank= 47 Lx=Ly=12 pg= 0.750 ids=  47 TEE1=-0.271 TEE2=-0.153 TEE3=-0.042  TEE4=-0.007  TEE5= 0.021  TEE6= 0.028
rank= 40 Lx=Ly=12 pg= 0.750 ids=  40 TEE1=-0.097 TEE2= 0.007 TEE3= 0.056  TEE4= 0.069  TEE5= 0.104  TEE6= 0.111
rank= 38 Lx=Ly=12 pg= 0.750 ids=  38 TEE1=-0.028 TEE2=-0.014 TEE3= 0.028  TEE4= 0.021  TEE5= 0.035  TEE6= 0.028
rank= 41 Lx=Ly=12 pg= 0.750 ids=  41 TEE1=-0.174 TEE2=-0.035 TEE3= 0.028  TEE4= 0.021  TEE5= 0.035  TEE6= 0.028
rank= 44 Lx=Ly=12 pg= 0.750 ids=  44 TEE1=-0.368 TEE2=-0.257 TEE3=-0.132  TEE4=-0.035  TEE5= 0.042  TEE6= 0.076
rank= 33 Lx=Ly=12 pg= 0.750 ids=  33 TEE1= 0.021 TEE2= 0.111 TEE3= 0.125  TEE4= 0.069  TEE5= 0.111  TEE6= 0.118
rank= 32 Lx=Ly=12 pg= 0.750 ids=  32 TEE1=-0.188 TEE2=-0.028 TEE3= 0.069  TEE4= 0.146  TEE5= 0.153  TEE6= 0.167
rank= 45 Lx=Ly=12 pg= 0.750 ids=  45 TEE1=-0.340 TEE2=-0.250 TEE3=-0.090  TEE4= 0.076  TEE5= 0.118  TEE6= 0.090
rank= 42 Lx=Ly=12 pg= 0.750 ids=  42 TEE1= 0.028 TEE2= 0.076 TEE3= 0.118  TEE4= 0.146  TEE5= 0.167  TEE6= 0.167
rank= 34 Lx=Ly=12 pg= 0.750 ids=  34 TEE1=-0.264 TEE2=-0.181 TEE3=-0.062  TEE4= 0.014  TEE5= 0.042  TEE6= 0.062
rank= 11 Lx=Ly=12 pg= 0.750 ids=  11 TEE1=-0.368 TEE2=-0.299 TEE3=-0.160  TEE4=-0.014  TEE5= 0.132  TEE6= 0.285
rank=  9 Lx=Ly=12 pg= 0.750 ids=   9 TEE1=-0.299 TEE2=-0.125 TEE3= 0.021  TEE4= 0.014  TEE5= 0.062  TEE6= 0.090
rank= 13 Lx=Ly=12 pg= 0.750 ids=  13 TEE1=-0.153 TEE2=-0.042 TEE3= 0.062  TEE4= 0.069  TEE5= 0.069  TEE6= 0.056
rank= 48 Lx=Ly=12 pg= 0.760 ids=  48 TEE1=-0.056 TEE2=-0.042 TEE3= 0.153  TEE4= 0.438  TEE5= 0.667  TEE6= 0.819
rank= 49 Lx=Ly=12 pg= 0.760 ids=  49 TEE1=-0.257 TEE2=-0.118 TEE3= 0.090  TEE4= 0.194  TEE5= 0.271  TEE6= 0.292
rank=  3 Lx=Ly=12 pg= 0.750 ids=   3 TEE1=-0.069 TEE2= 0.069 TEE3= 0.132  TEE4= 0.111  TEE5= 0.090  TEE6= 0.104
rank=  5 Lx=Ly=12 pg= 0.750 ids=   5 TEE1=-0.174 TEE2= 0.014 TEE3= 0.056  TEE4= 0.049  TEE5= 0.056  TEE6= 0.062
rank=  7 Lx=Ly=12 pg= 0.750 ids=   7 TEE1=-0.306 TEE2=-0.132 TEE3=-0.007  TEE4= 0.097  TEE5= 0.125  TEE6= 0.167
rank= 28 Lx=Ly=12 pg= 0.750 ids=  28 TEE1=-0.417 TEE2=-0.326 TEE3=-0.118  TEE4= 0.035  TEE5= 0.201  TEE6= 0.319
rank=  1 Lx=Ly=12 pg= 0.750 ids=   1 TEE1=-0.035 TEE2=-0.028 TEE3= 0.049  TEE4= 0.076  TEE5= 0.076  TEE6= 0.049
rank= 25 Lx=Ly=12 pg= 0.750 ids=  25 TEE1=-0.174 TEE2=-0.042 TEE3= 0.035  TEE4= 0.028  TEE5= 0.042  TEE6= 0.069
rank= 23 Lx=Ly=12 pg= 0.750 ids=  23 TEE1= 0.028 TEE2= 0.132 TEE3= 0.153  TEE4= 0.153  TEE5= 0.153  TEE6= 0.181
rank= 19 Lx=Ly=12 pg= 0.750 ids=  19 TEE1=-0.118 TEE2= 0.014 TEE3= 0.153  TEE4= 0.181  TEE5= 0.208  TEE6= 0.243
rank= 14 Lx=Ly=12 pg= 0.750 ids=  14 TEE1=-0.236 TEE2=-0.014 TEE3= 0.118  TEE4= 0.097  TEE5= 0.118  TEE6= 0.188
rank= 12 Lx=Ly=12 pg= 0.750 ids=  12 TEE1=-0.375 TEE2=-0.354 TEE3=-0.250  TEE4=-0.201  TEE5=-0.090  TEE6=-0.028
rank=  6 Lx=Ly=12 pg= 0.750 ids=   6 TEE1=-0.049 TEE2= 0.014 TEE3= 0.042  TEE4= 0.021  TEE5= 0.021  TEE6= 0.021
rank= 21 Lx=Ly=12 pg= 0.750 ids=  21 TEE1=-0.056 TEE2= 0.007 TEE3= 0.021  TEE4= 0.014  TEE5= 0.014  TEE6= 0.014
rank=  2 Lx=Ly=12 pg= 0.750 ids=   2 TEE1=-0.056 TEE2= 0.028 TEE3= 0.035  TEE4= 0.014  TEE5= 0.021  TEE6= 0.035
rank= 17 Lx=Ly=12 pg= 0.750 ids=  17 TEE1=-0.208 TEE2=-0.049 TEE3= 0.111  TEE4= 0.222  TEE5= 0.292  TEE6= 0.354
rank=  4 Lx=Ly=12 pg= 0.750 ids=   4 TEE1=-0.222 TEE2=-0.160 TEE3=-0.062  TEE4=-0.056  TEE5= 0.014  TEE6= 0.062
rank= 10 Lx=Ly=12 pg= 0.750 ids=  10 TEE1= 0.049 TEE2= 0.104 TEE3= 0.111  TEE4= 0.104  TEE5= 0.132  TEE6= 0.174
rank= 35 Lx=Ly=12 pg= 0.760 ids=  35 TEE1=-0.146 TEE2=-0.007 TEE3= 0.042  TEE4= 0.042  TEE5= 0.049  TEE6= 0.035
rank= 27 Lx=Ly=12 pg= 0.750 ids=  27 TEE1=-0.201 TEE2=-0.028 TEE3= 0.083  TEE4= 0.153  TEE5= 0.181  TEE6= 0.167
rank= 20 Lx=Ly=12 pg= 0.750 ids=  20 TEE1=-0.410 TEE2=-0.222 TEE3=-0.125  TEE4=-0.021  TEE5= 0.049  TEE6= 0.069
rank= 31 Lx=Ly=12 pg= 0.750 ids=  31 TEE1= 0.035 TEE2= 0.035 TEE3= 0.042  TEE4= 0.021  TEE5= 0.021  TEE6= 0.021
rank= 18 Lx=Ly=12 pg= 0.750 ids=  18 TEE1=-0.090 TEE2= 0.076 TEE3= 0.069  TEE4= 0.083  TEE5= 0.090  TEE6= 0.090
rank= 30 Lx=Ly=12 pg= 0.750 ids=  30 TEE1=-0.222 TEE2=-0.069 TEE3=-0.007  TEE4= 0.014  TEE5= 0.014  TEE6= 0.014
rank=  0 Lx=Ly=12 pg= 0.750 ids=   0 TEE1=-0.250 TEE2=-0.132 TEE3= 0.111  TEE4= 0.278  TEE5= 0.500  TEE6= 0.681
rank=  8 Lx=Ly=12 pg= 0.750 ids=   8 TEE1=-0.299 TEE2=-0.097 TEE3= 0.042  TEE4= 0.104  TEE5= 0.153  TEE6= 0.174
rank= 29 Lx=Ly=12 pg= 0.750 ids=  29 TEE1=-0.368 TEE2=-0.319 TEE3=-0.194  TEE4= 0.097  TEE5= 0.340  TEE6= 0.576
rank= 26 Lx=Ly=12 pg= 0.750 ids=  26 TEE1=-0.062 TEE2= 0.062 TEE3= 0.069  TEE4= 0.069  TEE5= 0.083  TEE6= 0.083
rank= 16 Lx=Ly=12 pg= 0.750 ids=  16 TEE1=-0.035 TEE2= 0.118 TEE3= 0.208  TEE4= 0.215  TEE5= 0.222  TEE6= 0.243
rank= 22 Lx=Ly=12 pg= 0.750 ids=  22 TEE1=-0.229 TEE2=-0.056 TEE3=-0.007  TEE4= 0.014  TEE5= 0.014  TEE6= 0.014
rank= 15 Lx=Ly=12 pg= 0.760 ids=  15 TEE1=-0.174 TEE2=-0.062 TEE3= 0.090  TEE4= 0.139  TEE5= 0.132  TEE6= 0.118
rank= 24 Lx=Ly=12 pg= 0.750 ids=  24 TEE1=-0.021 TEE2= 0.104 TEE3= 0.139  TEE4= 0.167  TEE5= 0.208  TEE6= 0.215
rank= 39 Lx=Ly=12 pg= 0.760 ids=  39 TEE1=-0.056 TEE2=-0.021 TEE3= 0.042  TEE4= 0.035  TEE5= 0.056  TEE6= 0.056
rank= 37 Lx=Ly=12 pg= 0.760 ids=  37 TEE1=-0.396 TEE2=-0.326 TEE3=-0.118  TEE4= 0.056  TEE5= 0.146  TEE6= 0.188
rank= 46 Lx=Ly=12 pg= 0.760 ids=  46 TEE1=-0.069 TEE2= 0.028 TEE3= 0.069  TEE4= 0.049  TEE5= 0.049  TEE6= 0.069
rank= 36 Lx=Ly=12 pg= 0.760 ids=  36 TEE1=-0.132 TEE2= 0.000 TEE3= 0.181  TEE4= 0.375  TEE5= 0.542  TEE6= 0.701
rank= 43 Lx=Ly=12 pg= 0.760 ids=  43 TEE1=-0.250 TEE2= 0.076 TEE3= 0.215  TEE4= 0.326  TEE5= 0.354  TEE6= 0.389
rank= 47 Lx=Ly=12 pg= 0.760 ids=  47 TEE1=-0.181 TEE2=-0.076 TEE3= 0.021  TEE4= 0.007  TEE5= 0.021  TEE6= 0.035
rank= 41 Lx=Ly=12 pg= 0.760 ids=  41 TEE1=-0.146 TEE2=-0.035 TEE3= 0.007  TEE4= 0.028  TEE5= 0.042  TEE6= 0.035
rank= 40 Lx=Ly=12 pg= 0.760 ids=  40 TEE1=-0.181 TEE2=-0.042 TEE3= 0.056  TEE4= 0.090  TEE5= 0.111  TEE6= 0.104
rank= 33 Lx=Ly=12 pg= 0.760 ids=  33 TEE1=-0.375 TEE2=-0.215 TEE3=-0.042  TEE4= 0.014  TEE5= 0.021  TEE6= 0.028
rank= 44 Lx=Ly=12 pg= 0.760 ids=  44 TEE1=-0.132 TEE2=-0.021 TEE3= 0.056  TEE4= 0.062  TEE5= 0.139  TEE6= 0.160
rank= 32 Lx=Ly=12 pg= 0.760 ids=  32 TEE1=-0.229 TEE2=-0.069 TEE3= 0.062  TEE4= 0.104  TEE5= 0.125  TEE6= 0.153
rank= 38 Lx=Ly=12 pg= 0.760 ids=  38 TEE1=-0.083 TEE2= 0.049 TEE3= 0.076  TEE4= 0.069  TEE5= 0.056  TEE6= 0.062
rank= 45 Lx=Ly=12 pg= 0.760 ids=  45 TEE1=-0.076 TEE2= 0.035 TEE3= 0.111  TEE4= 0.111  TEE5= 0.118  TEE6= 0.146
rank= 34 Lx=Ly=12 pg= 0.760 ids=  34 TEE1=-0.194 TEE2=-0.090 TEE3= 0.028  TEE4= 0.021  TEE5= 0.028  TEE6= 0.042
rank= 42 Lx=Ly=12 pg= 0.760 ids=  42 TEE1=-0.083 TEE2= 0.028 TEE3= 0.056  TEE4= 0.035  TEE5= 0.042  TEE6= 0.056
rank= 11 Lx=Ly=12 pg= 0.760 ids=  11 TEE1=-0.431 TEE2=-0.188 TEE3=-0.062  TEE4= 0.000  TEE5= 0.000  TEE6= 0.000
rank=  9 Lx=Ly=12 pg= 0.760 ids=   9 TEE1=-0.333 TEE2=-0.174 TEE3= 0.014  TEE4= 0.118  TEE5= 0.174  TEE6= 0.250
rank= 48 Lx=Ly=12 pg= 0.770 ids=  48 TEE1=-0.312 TEE2=-0.319 TEE3=-0.153  TEE4=-0.035  TEE5= 0.014  TEE6= 0.028
rank= 13 Lx=Ly=12 pg= 0.760 ids=  13 TEE1=-0.215 TEE2=-0.104 TEE3=-0.007  TEE4= 0.007  TEE5= 0.014  TEE6= 0.014
rank= 49 Lx=Ly=12 pg= 0.770 ids=  49 TEE1=-0.312 TEE2=-0.188 TEE3=-0.042  TEE4= 0.014  TEE5= 0.021  TEE6= 0.021
rank=  3 Lx=Ly=12 pg= 0.760 ids=   3 TEE1=-0.153 TEE2=-0.021 TEE3= 0.035  TEE4= 0.028  TEE5= 0.035  TEE6= 0.035
rank= 28 Lx=Ly=12 pg= 0.760 ids=  28 TEE1=-0.069 TEE2= 0.062 TEE3= 0.076  TEE4= 0.090  TEE5= 0.090  TEE6= 0.090
rank=  5 Lx=Ly=12 pg= 0.760 ids=   5 TEE1=-0.347 TEE2=-0.299 TEE3=-0.083  TEE4= 0.042  TEE5= 0.069  TEE6= 0.090
rank=  7 Lx=Ly=12 pg= 0.760 ids=   7 TEE1=-0.312 TEE2=-0.222 TEE3= 0.028  TEE4= 0.181  TEE5= 0.215  TEE6= 0.222
rank=  1 Lx=Ly=12 pg= 0.760 ids=   1 TEE1=-0.174 TEE2=-0.125 TEE3=-0.035  TEE4= 0.028  TEE5= 0.035  TEE6= 0.021
rank= 25 Lx=Ly=12 pg= 0.760 ids=  25 TEE1=-0.042 TEE2= 0.014 TEE3= 0.028  TEE4= 0.028  TEE5= 0.028  TEE6= 0.028
rank= 19 Lx=Ly=12 pg= 0.760 ids=  19 TEE1=-0.090 TEE2= 0.014 TEE3= 0.042  TEE4= 0.021  TEE5= 0.035  TEE6= 0.056
rank= 23 Lx=Ly=12 pg= 0.760 ids=  23 TEE1=-0.111 TEE2=-0.069 TEE3= 0.021  TEE4= 0.090  TEE5= 0.201  TEE6= 0.257
rank= 35 Lx=Ly=12 pg= 0.770 ids=  35 TEE1=-0.354 TEE2=-0.215 TEE3=-0.069  TEE4= 0.028  TEE5= 0.167  TEE6= 0.340
rank= 21 Lx=Ly=12 pg= 0.760 ids=  21 TEE1=-0.306 TEE2=-0.160 TEE3=-0.028  TEE4= 0.000  TEE5= 0.021  TEE6= 0.035
rank= 17 Lx=Ly=12 pg= 0.760 ids=  17 TEE1=-0.083 TEE2= 0.062 TEE3= 0.160  TEE4= 0.271  TEE5= 0.319  TEE6= 0.312
rank= 14 Lx=Ly=12 pg= 0.760 ids=  14 TEE1=-0.236 TEE2=-0.139 TEE3= 0.021  TEE4= 0.132  TEE5= 0.139  TEE6= 0.188
rank= 12 Lx=Ly=12 pg= 0.760 ids=  12 TEE1=-0.056 TEE2= 0.028 TEE3= 0.097  TEE4= 0.118  TEE5= 0.132  TEE6= 0.146
rank=  6 Lx=Ly=12 pg= 0.760 ids=   6 TEE1=-0.222 TEE2=-0.056 TEE3= 0.042  TEE4= 0.028  TEE5= 0.028  TEE6= 0.028
rank= 27 Lx=Ly=12 pg= 0.760 ids=  27 TEE1=-0.139 TEE2=-0.035 TEE3= 0.062  TEE4= 0.118  TEE5= 0.118  TEE6= 0.132
rank=  4 Lx=Ly=12 pg= 0.760 ids=   4 TEE1=-0.181 TEE2=-0.062 TEE3= 0.076  TEE4= 0.069  TEE5= 0.083  TEE6= 0.076
rank= 31 Lx=Ly=12 pg= 0.760 ids=  31 TEE1=-0.243 TEE2=-0.132 TEE3= 0.021  TEE4= 0.069  TEE5= 0.132  TEE6= 0.181
rank= 20 Lx=Ly=12 pg= 0.760 ids=  20 TEE1=-0.361 TEE2=-0.201 TEE3= 0.056  TEE4= 0.132  TEE5= 0.153  TEE6= 0.188
rank= 10 Lx=Ly=12 pg= 0.760 ids=  10 TEE1=-0.347 TEE2=-0.285 TEE3=-0.160  TEE4=-0.056  TEE5= 0.014  TEE6= 0.069
rank= 29 Lx=Ly=12 pg= 0.760 ids=  29 TEE1=-0.167 TEE2=-0.049 TEE3= 0.000  TEE4= 0.028  TEE5= 0.028  TEE6= 0.035
rank=  2 Lx=Ly=12 pg= 0.760 ids=   2 TEE1=-0.292 TEE2=-0.181 TEE3=-0.083  TEE4= 0.021  TEE5= 0.056  TEE6= 0.049
rank= 26 Lx=Ly=12 pg= 0.760 ids=  26 TEE1=-0.104 TEE2=-0.111 TEE3=-0.028  TEE4= 0.014  TEE5= 0.049  TEE6= 0.056
rank= 30 Lx=Ly=12 pg= 0.760 ids=  30 TEE1=-0.208 TEE2=-0.028 TEE3= 0.028  TEE4= 0.049  TEE5= 0.049  TEE6= 0.056
rank= 15 Lx=Ly=12 pg= 0.770 ids=  15 TEE1=-0.118 TEE2=-0.021 TEE3= 0.056  TEE4= 0.056  TEE5= 0.056  TEE6= 0.056
rank= 18 Lx=Ly=12 pg= 0.760 ids=  18 TEE1=-0.229 TEE2=-0.049 TEE3= 0.090  TEE4= 0.181  TEE5= 0.243  TEE6= 0.271
rank=  8 Lx=Ly=12 pg= 0.760 ids=   8 TEE1=-0.076 TEE2=-0.028 TEE3= 0.014  TEE4= 0.014  TEE5= 0.014  TEE6= 0.014
rank=  0 Lx=Ly=12 pg= 0.760 ids=   0 TEE1=-0.222 TEE2=-0.118 TEE3= 0.021  TEE4= 0.111  TEE5= 0.188  TEE6= 0.208
rank= 16 Lx=Ly=12 pg= 0.760 ids=  16 TEE1=-0.229 TEE2=-0.076 TEE3= 0.056  TEE4= 0.062  TEE5= 0.062  TEE6= 0.062
rank= 37 Lx=Ly=12 pg= 0.770 ids=  37 TEE1=-0.278 TEE2=-0.056 TEE3= 0.111  TEE4= 0.208  TEE5= 0.250  TEE6= 0.299
rank= 39 Lx=Ly=12 pg= 0.770 ids=  39 TEE1=-0.431 TEE2=-0.326 TEE3=-0.146  TEE4= 0.118  TEE5= 0.243  TEE6= 0.417
rank= 22 Lx=Ly=12 pg= 0.760 ids=  22 TEE1=-0.146 TEE2=-0.090 TEE3= 0.007  TEE4= 0.014  TEE5= 0.028  TEE6= 0.021
rank= 43 Lx=Ly=12 pg= 0.770 ids=  43 TEE1=-0.285 TEE2=-0.160 TEE3= 0.042  TEE4= 0.118  TEE5= 0.132  TEE6= 0.160
rank= 46 Lx=Ly=12 pg= 0.770 ids=  46 TEE1=-0.278 TEE2=-0.104 TEE3= 0.021  TEE4= 0.028  TEE5= 0.035  TEE6= 0.042
rank= 47 Lx=Ly=12 pg= 0.770 ids=  47 TEE1=-0.354 TEE2=-0.208 TEE3=-0.049  TEE4= 0.007  TEE5= 0.035  TEE6= 0.056
rank= 24 Lx=Ly=12 pg= 0.760 ids=  24 TEE1=-0.458 TEE2=-0.285 TEE3= 0.014  TEE4= 0.174  TEE5= 0.181  TEE6= 0.194
rank= 36 Lx=Ly=12 pg= 0.770 ids=  36 TEE1=-0.257 TEE2=-0.194 TEE3= 0.007  TEE4= 0.056  TEE5= 0.118  TEE6= 0.132
rank= 41 Lx=Ly=12 pg= 0.770 ids=  41 TEE1=-0.292 TEE2=-0.306 TEE3=-0.139  TEE4=-0.021  TEE5= 0.021  TEE6= 0.042
rank= 33 Lx=Ly=12 pg= 0.770 ids=  33 TEE1=-0.319 TEE2=-0.181 TEE3=-0.069  TEE4= 0.000  TEE5= 0.035  TEE6= 0.021
rank= 40 Lx=Ly=12 pg= 0.770 ids=  40 TEE1=-0.132 TEE2= 0.090 TEE3= 0.181  TEE4= 0.306  TEE5= 0.389  TEE6= 0.389
rank= 32 Lx=Ly=12 pg= 0.770 ids=  32 TEE1=-0.354 TEE2=-0.118 TEE3= 0.056  TEE4= 0.076  TEE5= 0.104  TEE6= 0.132
rank= 44 Lx=Ly=12 pg= 0.770 ids=  44 TEE1=-0.215 TEE2=-0.104 TEE3=-0.007  TEE4= 0.014  TEE5= 0.021  TEE6= 0.021
rank= 38 Lx=Ly=12 pg= 0.770 ids=  38 TEE1=-0.264 TEE2=-0.104 TEE3= 0.000  TEE4= 0.007  TEE5= 0.007  TEE6= 0.014
rank= 34 Lx=Ly=12 pg= 0.770 ids=  34 TEE1=-0.299 TEE2=-0.090 TEE3= 0.014  TEE4= 0.021  TEE5= 0.028  TEE6= 0.042
rank= 11 Lx=Ly=12 pg= 0.770 ids=  11 TEE1=-0.326 TEE2=-0.201 TEE3=-0.007  TEE4= 0.069  TEE5= 0.090  TEE6= 0.090
rank= 45 Lx=Ly=12 pg= 0.770 ids=  45 TEE1=-0.292 TEE2=-0.097 TEE3= 0.028  TEE4= 0.146  TEE5= 0.222  TEE6= 0.333
rank= 48 Lx=Ly=12 pg= 0.780 ids=  48 TEE1=-0.319 TEE2=-0.271 TEE3=-0.042  TEE4= 0.056  TEE5= 0.076  TEE6= 0.118
rank= 42 Lx=Ly=12 pg= 0.770 ids=  42 TEE1=-0.215 TEE2=-0.118 TEE3=-0.028  TEE4= 0.056  TEE5= 0.118  TEE6= 0.118
rank=  9 Lx=Ly=12 pg= 0.770 ids=   9 TEE1=-0.285 TEE2=-0.076 TEE3= 0.188  TEE4= 0.424  TEE5= 0.549  TEE6= 0.785
rank= 13 Lx=Ly=12 pg= 0.770 ids=  13 TEE1=-0.521 TEE2=-0.403 TEE3=-0.201  TEE4=-0.104  TEE5=-0.042  TEE6= 0.035
rank= 49 Lx=Ly=12 pg= 0.780 ids=  49 TEE1=-0.271 TEE2=-0.062 TEE3= 0.049  TEE4= 0.083  TEE5= 0.111  TEE6= 0.146
rank= 28 Lx=Ly=12 pg= 0.770 ids=  28 TEE1=-0.049 TEE2= 0.028 TEE3= 0.049  TEE4= 0.049  TEE5= 0.049  TEE6= 0.069
rank=  3 Lx=Ly=12 pg= 0.770 ids=   3 TEE1=-0.215 TEE2=-0.090 TEE3= 0.042  TEE4= 0.062  TEE5= 0.076  TEE6= 0.097
rank=  7 Lx=Ly=12 pg= 0.770 ids=   7 TEE1=-0.285 TEE2=-0.139 TEE3=-0.007  TEE4= 0.007  TEE5= 0.014  TEE6= 0.014
rank=  5 Lx=Ly=12 pg= 0.770 ids=   5 TEE1=-0.361 TEE2=-0.208 TEE3=-0.104  TEE4=-0.049  TEE5= 0.000  TEE6= 0.014
rank=  1 Lx=Ly=12 pg= 0.770 ids=   1 TEE1=-0.361 TEE2=-0.153 TEE3= 0.042  TEE4= 0.257  TEE5= 0.368  TEE6= 0.410
rank= 25 Lx=Ly=12 pg= 0.770 ids=  25 TEE1=-0.375 TEE2=-0.354 TEE3=-0.229  TEE4=-0.069  TEE5= 0.069  TEE6= 0.292
rank= 19 Lx=Ly=12 pg= 0.770 ids=  19 TEE1=-0.312 TEE2=-0.076 TEE3= 0.062  TEE4= 0.069  TEE5= 0.090  TEE6= 0.104
rank= 35 Lx=Ly=12 pg= 0.780 ids=  35 TEE1=-0.118 TEE2= 0.042 TEE3= 0.188  TEE4= 0.243  TEE5= 0.306  TEE6= 0.424
rank= 23 Lx=Ly=12 pg= 0.770 ids=  23 TEE1=-0.125 TEE2=-0.014 TEE3= 0.042  TEE4= 0.049  TEE5= 0.056  TEE6= 0.083
rank= 21 Lx=Ly=12 pg= 0.770 ids=  21 TEE1=-0.028 TEE2= 0.125 TEE3= 0.201  TEE4= 0.257  TEE5= 0.271  TEE6= 0.312
rank= 17 Lx=Ly=12 pg= 0.770 ids=  17 TEE1=-0.201 TEE2=-0.090 TEE3= 0.035  TEE4= 0.188  TEE5= 0.264  TEE6= 0.312
rank= 14 Lx=Ly=12 pg= 0.770 ids=  14 TEE1=-0.049 TEE2= 0.056 TEE3= 0.056  TEE4= 0.042  TEE5= 0.042  TEE6= 0.042
rank= 12 Lx=Ly=12 pg= 0.770 ids=  12 TEE1=-0.257 TEE2=-0.062 TEE3= 0.069  TEE4= 0.222  TEE5= 0.236  TEE6= 0.243
rank= 15 Lx=Ly=12 pg= 0.780 ids=  15 TEE1=-0.639 TEE2=-0.590 TEE3=-0.486  TEE4=-0.333  TEE5=-0.215  TEE6=-0.153
rank= 27 Lx=Ly=12 pg= 0.770 ids=  27 TEE1=-0.306 TEE2=-0.174 TEE3=-0.042  TEE4=-0.007  TEE5= 0.049  TEE6= 0.076
rank= 31 Lx=Ly=12 pg= 0.770 ids=  31 TEE1=-0.188 TEE2=-0.049 TEE3= 0.021  TEE4= 0.042  TEE5= 0.056  TEE6= 0.042
rank= 29 Lx=Ly=12 pg= 0.770 ids=  29 TEE1=-0.208 TEE2=-0.090 TEE3= 0.028  TEE4= 0.056  TEE5= 0.069  TEE6= 0.090
rank= 30 Lx=Ly=12 pg= 0.770 ids=  30 TEE1=-0.118 TEE2= 0.111 TEE3= 0.188  TEE4= 0.181  TEE5= 0.201  TEE6= 0.208
rank= 20 Lx=Ly=12 pg= 0.770 ids=  20 TEE1=-0.167 TEE2=-0.014 TEE3= 0.111  TEE4= 0.167  TEE5= 0.194  TEE6= 0.160
rank=  6 Lx=Ly=12 pg= 0.770 ids=   6 TEE1=-0.222 TEE2=-0.021 TEE3= 0.104  TEE4= 0.118  TEE5= 0.153  TEE6= 0.201
rank= 10 Lx=Ly=12 pg= 0.770 ids=  10 TEE1=-0.125 TEE2=-0.049 TEE3= 0.028  TEE4= 0.049  TEE5= 0.049  TEE6= 0.056
rank= 26 Lx=Ly=12 pg= 0.770 ids=  26 TEE1=-0.007 TEE2= 0.069 TEE3= 0.062  TEE4= 0.042  TEE5= 0.049  TEE6= 0.049
rank=  4 Lx=Ly=12 pg= 0.770 ids=   4 TEE1=-0.194 TEE2=-0.007 TEE3= 0.097  TEE4= 0.090  TEE5= 0.076  TEE6= 0.097
rank= 18 Lx=Ly=12 pg= 0.770 ids=  18 TEE1=-0.229 TEE2= 0.056 TEE3= 0.236  TEE4= 0.306  TEE5= 0.340  TEE6= 0.465
rank=  2 Lx=Ly=12 pg= 0.770 ids=   2 TEE1=-0.174 TEE2=-0.035 TEE3= 0.000  TEE4= 0.000  TEE5= 0.000  TEE6= 0.000
rank=  8 Lx=Ly=12 pg= 0.770 ids=   8 TEE1=-0.215 TEE2=-0.028 TEE3= 0.132  TEE4= 0.271  TEE5= 0.389  TEE6= 0.521
rank= 37 Lx=Ly=12 pg= 0.780 ids=  37 TEE1=-0.396 TEE2=-0.139 TEE3= 0.069  TEE4= 0.181  TEE5= 0.361  TEE6= 0.583
rank= 39 Lx=Ly=12 pg= 0.780 ids=  39 TEE1=-0.368 TEE2=-0.271 TEE3=-0.174  TEE4=-0.076  TEE5= 0.083  TEE6= 0.167
rank= 46 Lx=Ly=12 pg= 0.780 ids=  46 TEE1=-0.188 TEE2=-0.083 TEE3= 0.069  TEE4= 0.264  TEE5= 0.389  TEE6= 0.479
rank= 43 Lx=Ly=12 pg= 0.780 ids=  43 TEE1=-0.306 TEE2=-0.174 TEE3=-0.056  TEE4= 0.021  TEE5= 0.028  TEE6= 0.014
rank=  0 Lx=Ly=12 pg= 0.770 ids=   0 TEE1=-0.368 TEE2=-0.194 TEE3=-0.028  TEE4= 0.125  TEE5= 0.236  TEE6= 0.347
rank= 47 Lx=Ly=12 pg= 0.780 ids=  47 TEE1=-0.431 TEE2=-0.340 TEE3=-0.181  TEE4=-0.021  TEE5= 0.181  TEE6= 0.361
rank= 24 Lx=Ly=12 pg= 0.770 ids=  24 TEE1=-0.194 TEE2= 0.000 TEE3= 0.090  TEE4= 0.083  TEE5= 0.111  TEE6= 0.174
rank= 16 Lx=Ly=12 pg= 0.770 ids=  16 TEE1=-0.236 TEE2=-0.014 TEE3= 0.181  TEE4= 0.312  TEE5= 0.410  TEE6= 0.507
rank= 36 Lx=Ly=12 pg= 0.780 ids=  36 TEE1=-0.257 TEE2=-0.125 TEE3=-0.014  TEE4= 0.007  TEE5= 0.014  TEE6= 0.014
rank= 22 Lx=Ly=12 pg= 0.770 ids=  22 TEE1=-0.132 TEE2=-0.042 TEE3= 0.000  TEE4= 0.000  TEE5= 0.000  TEE6= 0.000
rank= 41 Lx=Ly=12 pg= 0.780 ids=  41 TEE1=-0.333 TEE2=-0.278 TEE3=-0.049  TEE4= 0.271  TEE5= 0.486  TEE6= 0.750
rank= 48 Lx=Ly=12 pg= 0.790 ids=  48 TEE1=-0.236 TEE2=-0.090 TEE3=-0.007  TEE4= 0.042  TEE5= 0.056  TEE6= 0.083
rank= 11 Lx=Ly=12 pg= 0.780 ids=  11 TEE1=-0.250 TEE2=-0.042 TEE3= 0.104  TEE4= 0.167  TEE5= 0.236  TEE6= 0.285
rank= 40 Lx=Ly=12 pg= 0.780 ids=  40 TEE1=-0.160 TEE2= 0.028 TEE3= 0.111  TEE4= 0.181  TEE5= 0.222  TEE6= 0.250
rank= 32 Lx=Ly=12 pg= 0.780 ids=  32 TEE1=-0.417 TEE2=-0.403 TEE3=-0.278  TEE4=-0.160  TEE5= 0.042  TEE6= 0.111
rank= 44 Lx=Ly=12 pg= 0.780 ids=  44 TEE1=-0.278 TEE2=-0.250 TEE3=-0.083  TEE4= 0.028  TEE5= 0.111  TEE6= 0.153
rank= 38 Lx=Ly=12 pg= 0.780 ids=  38 TEE1=-0.201 TEE2=-0.132 TEE3= 0.028  TEE4= 0.167  TEE5= 0.299  TEE6= 0.396
rank= 45 Lx=Ly=12 pg= 0.780 ids=  45 TEE1=-0.160 TEE2=-0.076 TEE3= 0.111  TEE4= 0.215  TEE5= 0.299  TEE6= 0.361
rank= 34 Lx=Ly=12 pg= 0.780 ids=  34 TEE1=-0.465 TEE2=-0.486 TEE3=-0.472  TEE4=-0.354  TEE5=-0.188  TEE6=-0.083
rank=  9 Lx=Ly=12 pg= 0.780 ids=   9 TEE1=-0.021 TEE2= 0.035 TEE3= 0.118  TEE4= 0.201  TEE5= 0.236  TEE6= 0.264
rank= 42 Lx=Ly=12 pg= 0.780 ids=  42 TEE1=-0.292 TEE2=-0.146 TEE3=-0.014  TEE4= 0.000  TEE5= 0.021  TEE6= 0.035
rank= 13 Lx=Ly=12 pg= 0.780 ids=  13 TEE1=-0.118 TEE2=-0.049 TEE3=-0.007  TEE4= 0.000  TEE5= 0.000  TEE6= 0.000
rank= 33 Lx=Ly=12 pg= 0.780 ids=  33 TEE1=-0.389 TEE2=-0.229 TEE3= 0.000  TEE4= 0.132  TEE5= 0.243  TEE6= 0.292
rank= 49 Lx=Ly=12 pg= 0.790 ids=  49 TEE1=-0.514 TEE2=-0.486 TEE3=-0.319  TEE4=-0.153  TEE5=-0.028  TEE6= 0.097
rank= 28 Lx=Ly=12 pg= 0.780 ids=  28 TEE1=-0.465 TEE2=-0.347 TEE3=-0.194  TEE4=-0.125  TEE5= 0.069  TEE6= 0.174
rank=  7 Lx=Ly=12 pg= 0.780 ids=   7 TEE1=-0.299 TEE2=-0.125 TEE3= 0.021  TEE4= 0.042  TEE5= 0.042  TEE6= 0.049
rank=  5 Lx=Ly=12 pg= 0.780 ids=   5 TEE1=-0.389 TEE2=-0.292 TEE3=-0.111  TEE4= 0.062  TEE5= 0.250  TEE6= 0.465
rank=  3 Lx=Ly=12 pg= 0.780 ids=   3 TEE1=-0.424 TEE2=-0.222 TEE3=-0.035  TEE4= 0.035  TEE5= 0.083  TEE6= 0.097
rank=  1 Lx=Ly=12 pg= 0.780 ids=   1 TEE1=-0.181 TEE2=-0.097 TEE3= 0.014  TEE4= 0.028  TEE5= 0.021  TEE6= 0.049
rank= 25 Lx=Ly=12 pg= 0.780 ids=  25 TEE1=-0.097 TEE2=-0.014 TEE3= 0.028  TEE4= 0.014  TEE5= 0.021  TEE6= 0.035
rank= 35 Lx=Ly=12 pg= 0.790 ids=  35 TEE1=-0.472 TEE2=-0.201 TEE3=-0.021  TEE4= 0.014  TEE5= 0.028  TEE6= 0.035
rank= 19 Lx=Ly=12 pg= 0.780 ids=  19 TEE1=-0.424 TEE2=-0.319 TEE3=-0.146  TEE4=-0.014  TEE5= 0.181  TEE6= 0.340
rank= 23 Lx=Ly=12 pg= 0.780 ids=  23 TEE1=-0.326 TEE2=-0.208 TEE3=-0.062  TEE4= 0.000  TEE5= 0.000  TEE6= 0.014
rank= 17 Lx=Ly=12 pg= 0.780 ids=  17 TEE1=-0.250 TEE2=-0.076 TEE3= 0.104  TEE4= 0.271  TEE5= 0.319  TEE6= 0.333
rank= 21 Lx=Ly=12 pg= 0.780 ids=  21 TEE1=-0.417 TEE2=-0.257 TEE3=-0.132  TEE4=-0.056  TEE5= 0.007  TEE6= 0.021
rank= 15 Lx=Ly=12 pg= 0.790 ids=  15 TEE1=-0.368 TEE2=-0.104 TEE3= 0.028  TEE4= 0.090  TEE5= 0.111  TEE6= 0.069
rank= 14 Lx=Ly=12 pg= 0.780 ids=  14 TEE1=-0.257 TEE2=-0.049 TEE3= 0.007  TEE4= 0.007  TEE5= 0.007  TEE6= 0.007
rank= 27 Lx=Ly=12 pg= 0.780 ids=  27 TEE1=-0.389 TEE2=-0.215 TEE3=-0.021  TEE4= 0.111  TEE5= 0.257  TEE6= 0.368
rank= 30 Lx=Ly=12 pg= 0.780 ids=  30 TEE1=-0.278 TEE2=-0.007 TEE3= 0.125  TEE4= 0.139  TEE5= 0.139  TEE6= 0.181
rank= 29 Lx=Ly=12 pg= 0.780 ids=  29 TEE1=-0.090 TEE2=-0.021 TEE3= 0.083  TEE4= 0.125  TEE5= 0.181  TEE6= 0.167
rank= 31 Lx=Ly=12 pg= 0.780 ids=  31 TEE1=-0.424 TEE2=-0.340 TEE3=-0.146  TEE4= 0.090  TEE5= 0.333  TEE6= 0.507
rank= 12 Lx=Ly=12 pg= 0.780 ids=  12 TEE1=-0.333 TEE2=-0.222 TEE3=-0.062  TEE4= 0.035  TEE5= 0.139  TEE6= 0.222
rank= 20 Lx=Ly=12 pg= 0.780 ids=  20 TEE1=-0.250 TEE2=-0.118 TEE3= 0.028  TEE4= 0.194  TEE5= 0.278  TEE6= 0.382
rank= 26 Lx=Ly=12 pg= 0.780 ids=  26 TEE1=-0.340 TEE2=-0.132 TEE3= 0.028  TEE4= 0.042  TEE5= 0.083  TEE6= 0.097
rank= 18 Lx=Ly=12 pg= 0.780 ids=  18 TEE1=-0.208 TEE2=-0.056 TEE3=-0.014  TEE4= 0.000  TEE5= 0.000  TEE6= 0.000
rank= 37 Lx=Ly=12 pg= 0.790 ids=  37 TEE1=-0.326 TEE2=-0.229 TEE3=-0.007  TEE4= 0.236  TEE5= 0.354  TEE6= 0.479
rank= 10 Lx=Ly=12 pg= 0.780 ids=  10 TEE1=-0.278 TEE2=-0.062 TEE3= 0.035  TEE4= 0.076  TEE5= 0.090  TEE6= 0.069
rank= 46 Lx=Ly=12 pg= 0.790 ids=  46 TEE1=-0.215 TEE2=-0.056 TEE3= 0.014  TEE4= 0.021  TEE5= 0.014  TEE6= 0.035
rank= 39 Lx=Ly=12 pg= 0.790 ids=  39 TEE1=-0.188 TEE2=-0.069 TEE3= 0.090  TEE4= 0.104  TEE5= 0.097  TEE6= 0.118
rank=  4 Lx=Ly=12 pg= 0.780 ids=   4 TEE1=-0.083 TEE2=-0.007 TEE3= 0.028  TEE4= 0.035  TEE5= 0.035  TEE6= 0.021
rank=  6 Lx=Ly=12 pg= 0.780 ids=   6 TEE1=-0.229 TEE2=-0.035 TEE3= 0.028  TEE4= 0.062  TEE5= 0.076  TEE6= 0.056
rank= 43 Lx=Ly=12 pg= 0.790 ids=  43 TEE1=-0.500 TEE2=-0.431 TEE3=-0.215  TEE4=-0.139  TEE5=-0.056  TEE6= 0.007
rank=  2 Lx=Ly=12 pg= 0.780 ids=   2 TEE1=-0.188 TEE2= 0.000 TEE3= 0.056  TEE4= 0.049  TEE5= 0.056  TEE6= 0.049
rank= 47 Lx=Ly=12 pg= 0.790 ids=  47 TEE1=-0.306 TEE2=-0.097 TEE3=-0.014  TEE4= 0.014  TEE5= 0.014  TEE6= 0.014
rank=  8 Lx=Ly=12 pg= 0.780 ids=   8 TEE1=-0.292 TEE2=-0.035 TEE3= 0.000  TEE4= 0.007  TEE5= 0.007  TEE6= 0.007
rank= 48 Lx=Ly=12 pg= 0.800 ids=  48 TEE1=-0.493 TEE2=-0.424 TEE3=-0.278  TEE4=-0.201  TEE5=-0.083  TEE6=-0.021
rank= 36 Lx=Ly=12 pg= 0.790 ids=  36 TEE1=-0.292 TEE2=-0.167 TEE3= 0.035  TEE4= 0.062  TEE5= 0.104  TEE6= 0.111
rank=  0 Lx=Ly=12 pg= 0.780 ids=   0 TEE1=-0.076 TEE2= 0.007 TEE3= 0.035  TEE4= 0.042  TEE5= 0.042  TEE6= 0.021
rank= 11 Lx=Ly=12 pg= 0.790 ids=  11 TEE1=-0.417 TEE2=-0.299 TEE3=-0.049  TEE4= 0.111  TEE5= 0.285  TEE6= 0.382
rank= 41 Lx=Ly=12 pg= 0.790 ids=  41 TEE1=-0.493 TEE2=-0.465 TEE3=-0.347  TEE4=-0.215  TEE5=-0.090  TEE6= 0.056
rank= 24 Lx=Ly=12 pg= 0.780 ids=  24 TEE1=-0.354 TEE2=-0.264 TEE3=-0.062  TEE4= 0.097  TEE5= 0.118  TEE6= 0.076
rank= 16 Lx=Ly=12 pg= 0.780 ids=  16 TEE1=-0.375 TEE2=-0.250 TEE3=-0.097  TEE4= 0.014  TEE5= 0.111  TEE6= 0.201
rank= 22 Lx=Ly=12 pg= 0.780 ids=  22 TEE1=-0.104 TEE2= 0.028 TEE3= 0.076  TEE4= 0.062  TEE5= 0.069  TEE6= 0.049
rank= 40 Lx=Ly=12 pg= 0.790 ids=  40 TEE1=-0.361 TEE2=-0.278 TEE3=-0.201  TEE4=-0.222  TEE5=-0.132  TEE6=-0.014
rank= 38 Lx=Ly=12 pg= 0.790 ids=  38 TEE1=-0.243 TEE2=-0.104 TEE3= 0.076  TEE4= 0.188  TEE5= 0.306  TEE6= 0.368
rank= 32 Lx=Ly=12 pg= 0.790 ids=  32 TEE1=-0.535 TEE2=-0.458 TEE3=-0.319  TEE4=-0.215  TEE5=-0.097  TEE6= 0.007
rank= 45 Lx=Ly=12 pg= 0.790 ids=  45 TEE1=-0.340 TEE2=-0.076 TEE3= 0.035  TEE4= 0.062  TEE5= 0.076  TEE6= 0.069
rank= 44 Lx=Ly=12 pg= 0.790 ids=  44 TEE1=-0.236 TEE2=-0.125 TEE3=-0.007  TEE4= 0.021  TEE5= 0.042  TEE6= 0.049
rank= 13 Lx=Ly=12 pg= 0.790 ids=  13 TEE1=-0.222 TEE2=-0.125 TEE3=-0.014  TEE4=-0.007  TEE5= 0.090  TEE6= 0.104
rank= 34 Lx=Ly=12 pg= 0.790 ids=  34 TEE1=-0.438 TEE2=-0.354 TEE3=-0.201  TEE4=-0.076  TEE5= 0.021  TEE6= 0.097
rank= 33 Lx=Ly=12 pg= 0.790 ids=  33 TEE1=-0.312 TEE2=-0.139 TEE3= 0.042  TEE4= 0.146  TEE5= 0.181  TEE6= 0.215
rank=  9 Lx=Ly=12 pg= 0.790 ids=   9 TEE1=-0.431 TEE2=-0.340 TEE3=-0.208  TEE4= 0.007  TEE5= 0.285  TEE6= 0.542
rank= 42 Lx=Ly=12 pg= 0.790 ids=  42 TEE1=-0.326 TEE2=-0.285 TEE3=-0.076  TEE4= 0.188  TEE5= 0.410  TEE6= 0.604
rank= 28 Lx=Ly=12 pg= 0.790 ids=  28 TEE1=-0.458 TEE2=-0.299 TEE3=-0.083  TEE4= 0.069  TEE5= 0.083  TEE6= 0.083
rank= 49 Lx=Ly=12 pg= 0.800 ids=  49 TEE1=-0.674 TEE2=-0.646 TEE3=-0.549  TEE4=-0.444  TEE5=-0.340  TEE6=-0.222
rank=  7 Lx=Ly=12 pg= 0.790 ids=   7 TEE1=-0.354 TEE2=-0.083 TEE3= 0.035  TEE4= 0.042  TEE5= 0.049  TEE6= 0.076
rank=  5 Lx=Ly=12 pg= 0.790 ids=   5 TEE1=-0.111 TEE2= 0.049 TEE3= 0.076  TEE4= 0.083  TEE5= 0.097  TEE6= 0.083
rank=  3 Lx=Ly=12 pg= 0.790 ids=   3 TEE1=-0.431 TEE2=-0.326 TEE3=-0.160  TEE4=-0.062  TEE5= 0.007  TEE6= 0.056
rank=  1 Lx=Ly=12 pg= 0.790 ids=   1 TEE1=-0.410 TEE2=-0.299 TEE3=-0.049  TEE4= 0.146  TEE5= 0.153  TEE6= 0.153
rank= 35 Lx=Ly=12 pg= 0.800 ids=  35 TEE1=-0.493 TEE2=-0.465 TEE3=-0.382  TEE4=-0.236  TEE5= 0.049  TEE6= 0.278
rank= 25 Lx=Ly=12 pg= 0.790 ids=  25 TEE1=-0.299 TEE2=-0.097 TEE3= 0.042  TEE4= 0.222  TEE5= 0.375  TEE6= 0.493
rank= 19 Lx=Ly=12 pg= 0.790 ids=  19 TEE1=-0.236 TEE2=-0.090 TEE3= 0.153  TEE4= 0.292  TEE5= 0.340  TEE6= 0.354
rank= 23 Lx=Ly=12 pg= 0.790 ids=  23 TEE1=-0.271 TEE2=-0.146 TEE3=-0.062  TEE4= 0.097  TEE5= 0.146  TEE6= 0.174
rank= 17 Lx=Ly=12 pg= 0.790 ids=  17 TEE1=-0.500 TEE2=-0.431 TEE3=-0.271  TEE4=-0.118  TEE5=-0.035  TEE6=-0.007
rank= 15 Lx=Ly=12 pg= 0.800 ids=  15 TEE1=-0.132 TEE2=-0.014 TEE3= 0.049  TEE4= 0.035  TEE5= 0.035  TEE6= 0.035
rank= 21 Lx=Ly=12 pg= 0.790 ids=  21 TEE1=-0.486 TEE2=-0.306 TEE3=-0.056  TEE4= 0.111  TEE5= 0.174  TEE6= 0.146
rank= 14 Lx=Ly=12 pg= 0.790 ids=  14 TEE1=-0.479 TEE2=-0.396 TEE3=-0.146  TEE4= 0.021  TEE5= 0.160  TEE6= 0.299
rank= 30 Lx=Ly=12 pg= 0.790 ids=  30 TEE1=-0.326 TEE2=-0.076 TEE3= 0.076  TEE4= 0.083  TEE5= 0.104  TEE6= 0.125
rank= 27 Lx=Ly=12 pg= 0.790 ids=  27 TEE1=-0.278 TEE2=-0.215 TEE3=-0.076  TEE4= 0.069  TEE5= 0.139  TEE6= 0.188
rank= 31 Lx=Ly=12 pg= 0.790 ids=  31 TEE1=-0.097 TEE2= 0.076 TEE3= 0.125  TEE4= 0.090  TEE5= 0.111  TEE6= 0.146
rank= 29 Lx=Ly=12 pg= 0.790 ids=  29 TEE1=-0.396 TEE2=-0.278 TEE3=-0.125  TEE4= 0.069  TEE5= 0.167  TEE6= 0.285
rank= 20 Lx=Ly=12 pg= 0.790 ids=  20 TEE1=-0.403 TEE2=-0.361 TEE3=-0.146  TEE4= 0.194  TEE5= 0.312  TEE6= 0.451
rank= 12 Lx=Ly=12 pg= 0.790 ids=  12 TEE1=-0.340 TEE2=-0.285 TEE3=-0.146  TEE4= 0.118  TEE5= 0.375  TEE6= 0.646
rank= 37 Lx=Ly=12 pg= 0.800 ids=  37 TEE1=-0.701 TEE2=-0.778 TEE3=-0.715  TEE4=-0.646  TEE5=-0.549  TEE6=-0.472
rank= 48 Lx=Ly=12 pg= 0.810 ids=  48 TEE1=-0.375 TEE2=-0.347 TEE3=-0.201  TEE4=-0.042  TEE5= 0.118  TEE6= 0.250
rank= 46 Lx=Ly=12 pg= 0.800 ids=  46 TEE1=-0.424 TEE2=-0.257 TEE3=-0.062  TEE4= 0.062  TEE5= 0.132  TEE6= 0.236
rank= 26 Lx=Ly=12 pg= 0.790 ids=  26 TEE1=-0.361 TEE2=-0.319 TEE3=-0.167  TEE4=-0.042  TEE5= 0.104  TEE6= 0.229
rank= 18 Lx=Ly=12 pg= 0.790 ids=  18 TEE1=-0.597 TEE2=-0.583 TEE3=-0.479  TEE4=-0.424  TEE5=-0.319  TEE6=-0.181
rank= 10 Lx=Ly=12 pg= 0.790 ids=  10 TEE1=-0.354 TEE2=-0.243 TEE3=-0.167  TEE4=-0.076  TEE5= 0.014  TEE6= 0.042
rank= 47 Lx=Ly=12 pg= 0.800 ids=  47 TEE1=-0.236 TEE2= 0.028 TEE3= 0.299  TEE4= 0.562  TEE5= 0.701  TEE6= 0.896
rank= 43 Lx=Ly=12 pg= 0.800 ids=  43 TEE1=-0.542 TEE2=-0.618 TEE3=-0.583  TEE4=-0.535  TEE5=-0.535  TEE6=-0.389
rank= 39 Lx=Ly=12 pg= 0.800 ids=  39 TEE1=-0.583 TEE2=-0.569 TEE3=-0.465  TEE4=-0.306  TEE5=-0.132  TEE6= 0.118
rank=  4 Lx=Ly=12 pg= 0.790 ids=   4 TEE1=-0.451 TEE2=-0.361 TEE3=-0.194  TEE4=-0.090  TEE5= 0.021  TEE6= 0.083
rank= 11 Lx=Ly=12 pg= 0.800 ids=  11 TEE1=-0.472 TEE2=-0.347 TEE3=-0.125  TEE4= 0.118  TEE5= 0.312  TEE6= 0.465
rank=  2 Lx=Ly=12 pg= 0.790 ids=   2 TEE1=-0.062 TEE2=-0.007 TEE3= 0.076  TEE4= 0.104  TEE5= 0.118  TEE6= 0.111
rank=  6 Lx=Ly=12 pg= 0.790 ids=   6 TEE1=-0.250 TEE2=-0.007 TEE3= 0.104  TEE4= 0.181  TEE5= 0.229  TEE6= 0.229
rank=  8 Lx=Ly=12 pg= 0.790 ids=   8 TEE1=-0.382 TEE2=-0.396 TEE3=-0.361  TEE4=-0.243  TEE5=-0.090  TEE6= 0.264
rank= 41 Lx=Ly=12 pg= 0.800 ids=  41 TEE1=-0.479 TEE2=-0.417 TEE3=-0.201  TEE4= 0.056  TEE5= 0.229  TEE6= 0.444
rank= 36 Lx=Ly=12 pg= 0.800 ids=  36 TEE1=-0.507 TEE2=-0.486 TEE3=-0.312  TEE4=-0.160  TEE5= 0.062  TEE6= 0.160
rank=  0 Lx=Ly=12 pg= 0.790 ids=   0 TEE1=-0.403 TEE2=-0.347 TEE3=-0.174  TEE4=-0.083  TEE5= 0.021  TEE6= 0.076
rank= 24 Lx=Ly=12 pg= 0.790 ids=  24 TEE1=-0.389 TEE2=-0.292 TEE3=-0.076  TEE4= 0.056  TEE5= 0.153  TEE6= 0.236
rank= 40 Lx=Ly=12 pg= 0.800 ids=  40 TEE1=-0.125 TEE2=-0.007 TEE3= 0.104  TEE4= 0.222  TEE5= 0.243  TEE6= 0.236
rank= 16 Lx=Ly=12 pg= 0.790 ids=  16 TEE1=-0.583 TEE2=-0.611 TEE3=-0.507  TEE4=-0.375  TEE5=-0.333  TEE6=-0.236
rank= 22 Lx=Ly=12 pg= 0.790 ids=  22 TEE1=-0.514 TEE2=-0.521 TEE3=-0.347  TEE4=-0.271  TEE5=-0.125  TEE6= 0.062
rank= 13 Lx=Ly=12 pg= 0.800 ids=  13 TEE1=-0.340 TEE2=-0.215 TEE3=-0.069  TEE4= 0.062  TEE5= 0.194  TEE6= 0.271
rank= 32 Lx=Ly=12 pg= 0.800 ids=  32 TEE1=-0.361 TEE2=-0.285 TEE3=-0.174  TEE4= 0.000  TEE5= 0.076  TEE6= 0.090
rank= 45 Lx=Ly=12 pg= 0.800 ids=  45 TEE1=-0.507 TEE2=-0.431 TEE3=-0.333  TEE4=-0.222  TEE5= 0.049  TEE6= 0.375
rank= 38 Lx=Ly=12 pg= 0.800 ids=  38 TEE1=-0.542 TEE2=-0.611 TEE3=-0.535  TEE4=-0.319  TEE5=-0.188  TEE6=-0.035
rank= 44 Lx=Ly=12 pg= 0.800 ids=  44 TEE1=-0.507 TEE2=-0.556 TEE3=-0.521  TEE4=-0.486  TEE5=-0.424  TEE6=-0.326
rank= 34 Lx=Ly=12 pg= 0.800 ids=  34 TEE1=-0.403 TEE2=-0.306 TEE3=-0.146  TEE4=-0.042  TEE5= 0.056  TEE6= 0.146
rank=  9 Lx=Ly=12 pg= 0.800 ids=   9 TEE1=-0.431 TEE2=-0.146 TEE3= 0.021  TEE4= 0.056  TEE5= 0.056  TEE6= 0.042
rank= 33 Lx=Ly=12 pg= 0.800 ids=  33 TEE1=-0.653 TEE2=-0.639 TEE3=-0.556  TEE4=-0.417  TEE5=-0.257  TEE6=-0.028
rank= 42 Lx=Ly=12 pg= 0.800 ids=  42 TEE1=-0.556 TEE2=-0.597 TEE3=-0.438  TEE4=-0.188  TEE5= 0.056  TEE6= 0.257
rank= 28 Lx=Ly=12 pg= 0.800 ids=  28 TEE1=-0.396 TEE2=-0.424 TEE3=-0.299  TEE4=-0.146  TEE5=-0.021  TEE6= 0.264
rank= 49 Lx=Ly=12 pg= 0.810 ids=  49 TEE1=-0.410 TEE2=-0.403 TEE3=-0.271  TEE4=-0.229  TEE5=-0.132  TEE6= 0.021
rank=  7 Lx=Ly=12 pg= 0.800 ids=   7 TEE1=-0.472 TEE2=-0.438 TEE3=-0.236  TEE4= 0.076  TEE5= 0.326  TEE6= 0.729
rank=  5 Lx=Ly=12 pg= 0.800 ids=   5 TEE1=-0.556 TEE2=-0.486 TEE3=-0.292  TEE4=-0.097  TEE5= 0.028  TEE6= 0.160
rank=  3 Lx=Ly=12 pg= 0.800 ids=   3 TEE1=-0.403 TEE2=-0.299 TEE3=-0.215  TEE4=-0.188  TEE5=-0.021  TEE6= 0.104
rank= 35 Lx=Ly=12 pg= 0.810 ids=  35 TEE1=-0.535 TEE2=-0.479 TEE3=-0.354  TEE4=-0.326  TEE5=-0.174  TEE6=-0.056
rank= 25 Lx=Ly=12 pg= 0.800 ids=  25 TEE1=-0.333 TEE2=-0.222 TEE3=-0.062  TEE4= 0.007  TEE5= 0.069  TEE6= 0.062
rank=  1 Lx=Ly=12 pg= 0.800 ids=   1 TEE1=-0.354 TEE2=-0.368 TEE3=-0.201  TEE4=-0.042  TEE5= 0.125  TEE6= 0.174
rank= 19 Lx=Ly=12 pg= 0.800 ids=  19 TEE1=-0.375 TEE2=-0.285 TEE3=-0.104  TEE4= 0.028  TEE5= 0.069  TEE6= 0.076
rank= 15 Lx=Ly=12 pg= 0.810 ids=  15 TEE1=-0.257 TEE2=-0.125 TEE3= 0.049  TEE4= 0.236  TEE5= 0.333  TEE6= 0.361
rank= 17 Lx=Ly=12 pg= 0.800 ids=  17 TEE1=-0.375 TEE2=-0.292 TEE3=-0.056  TEE4= 0.153  TEE5= 0.396  TEE6= 0.549
rank= 23 Lx=Ly=12 pg= 0.800 ids=  23 TEE1=-0.611 TEE2=-0.688 TEE3=-0.660  TEE4=-0.604  TEE5=-0.583  TEE6=-0.528
rank= 21 Lx=Ly=12 pg= 0.800 ids=  21 TEE1=-0.389 TEE2=-0.285 TEE3=-0.139  TEE4=-0.056  TEE5=-0.014  TEE6= 0.035
rank= 27 Lx=Ly=12 pg= 0.800 ids=  27 TEE1=-0.250 TEE2=-0.042 TEE3= 0.076  TEE4= 0.174  TEE5= 0.181  TEE6= 0.250
rank= 14 Lx=Ly=12 pg= 0.800 ids=  14 TEE1=-0.486 TEE2=-0.375 TEE3=-0.153  TEE4= 0.083  TEE5= 0.153  TEE6= 0.285
rank= 30 Lx=Ly=12 pg= 0.800 ids=  30 TEE1=-0.514 TEE2=-0.590 TEE3=-0.465  TEE4=-0.271  TEE5=-0.146  TEE6=-0.090
rank= 29 Lx=Ly=12 pg= 0.800 ids=  29 TEE1=-0.090 TEE2= 0.062 TEE3= 0.174  TEE4= 0.243  TEE5= 0.257  TEE6= 0.271
rank= 31 Lx=Ly=12 pg= 0.800 ids=  31 TEE1=-0.597 TEE2=-0.389 TEE3=-0.188  TEE4=-0.062  TEE5= 0.014  TEE6= 0.014
rank= 48 Lx=Ly=12 pg= 0.820 ids=  48 TEE1=-0.438 TEE2=-0.382 TEE3=-0.271  TEE4=-0.243  TEE5=-0.132  TEE6=-0.056
rank= 20 Lx=Ly=12 pg= 0.800 ids=  20 TEE1=-0.493 TEE2=-0.500 TEE3=-0.438  TEE4=-0.347  TEE5=-0.215  TEE6=-0.076
rank= 37 Lx=Ly=12 pg= 0.810 ids=  37 TEE1=-0.493 TEE2=-0.444 TEE3=-0.306  TEE4=-0.125  TEE5= 0.153  TEE6= 0.368
rank= 12 Lx=Ly=12 pg= 0.800 ids=  12 TEE1=-0.299 TEE2=-0.132 TEE3= 0.049  TEE4= 0.257  TEE5= 0.431  TEE6= 0.611
rank= 18 Lx=Ly=12 pg= 0.800 ids=  18 TEE1=-0.354 TEE2=-0.236 TEE3=-0.035  TEE4= 0.201  TEE5= 0.444  TEE6= 0.639
rank= 43 Lx=Ly=12 pg= 0.810 ids=  43 TEE1=-0.486 TEE2=-0.236 TEE3=-0.042  TEE4= 0.000  TEE5= 0.007  TEE6= 0.007
rank= 26 Lx=Ly=12 pg= 0.800 ids=  26 TEE1=-0.396 TEE2=-0.271 TEE3=-0.125  TEE4=-0.049  TEE5= 0.007  TEE6= 0.028
rank= 47 Lx=Ly=12 pg= 0.810 ids=  47 TEE1=-0.444 TEE2=-0.444 TEE3=-0.326  TEE4=-0.236  TEE5=-0.132  TEE6=-0.049
rank= 39 Lx=Ly=12 pg= 0.810 ids=  39 TEE1=-0.604 TEE2=-0.549 TEE3=-0.375  TEE4=-0.299  TEE5=-0.188  TEE6=-0.076
rank= 10 Lx=Ly=12 pg= 0.800 ids=  10 TEE1=-0.451 TEE2=-0.514 TEE3=-0.403  TEE4=-0.215  TEE5=-0.090  TEE6= 0.104
rank= 46 Lx=Ly=12 pg= 0.810 ids=  46 TEE1=-0.639 TEE2=-0.743 TEE3=-0.722  TEE4=-0.681  TEE5=-0.674  TEE6=-0.667
rank= 11 Lx=Ly=12 pg= 0.810 ids=  11 TEE1=-0.458 TEE2=-0.438 TEE3=-0.299  TEE4=-0.188  TEE5=-0.056  TEE6=-0.007
rank=  4 Lx=Ly=12 pg= 0.800 ids=   4 TEE1=-0.542 TEE2=-0.625 TEE3=-0.583  TEE4=-0.542  TEE5=-0.417  TEE6=-0.340
rank= 41 Lx=Ly=12 pg= 0.810 ids=  41 TEE1=-0.590 TEE2=-0.729 TEE3=-0.632  TEE4=-0.583  TEE5=-0.465  TEE6=-0.403
rank=  8 Lx=Ly=12 pg= 0.800 ids=   8 TEE1=-0.597 TEE2=-0.549 TEE3=-0.375  TEE4=-0.139  TEE5= 0.000  TEE6= 0.229
rank=  2 Lx=Ly=12 pg= 0.800 ids=   2 TEE1=-0.472 TEE2=-0.403 TEE3=-0.201  TEE4= 0.007  TEE5= 0.285  TEE6= 0.500
rank= 24 Lx=Ly=12 pg= 0.800 ids=  24 TEE1=-0.500 TEE2=-0.417 TEE3=-0.285  TEE4=-0.194  TEE5=-0.056  TEE6= 0.042
rank= 36 Lx=Ly=12 pg= 0.810 ids=  36 TEE1=-0.576 TEE2=-0.569 TEE3=-0.424  TEE4=-0.229  TEE5=-0.090  TEE6= 0.069
rank= 13 Lx=Ly=12 pg= 0.810 ids=  13 TEE1=-0.368 TEE2=-0.368 TEE3=-0.194  TEE4= 0.007  TEE5= 0.132  TEE6= 0.243
rank=  0 Lx=Ly=12 pg= 0.800 ids=   0 TEE1=-0.368 TEE2=-0.222 TEE3= 0.056  TEE4= 0.333  TEE5= 0.451  TEE6= 0.688
rank= 16 Lx=Ly=12 pg= 0.800 ids=  16 TEE1=-0.465 TEE2=-0.542 TEE3=-0.507  TEE4=-0.444  TEE5=-0.299  TEE6=-0.215
rank= 22 Lx=Ly=12 pg= 0.800 ids=  22 TEE1=-0.562 TEE2=-0.528 TEE3=-0.271  TEE4=-0.056  TEE5= 0.076  TEE6= 0.167
rank= 40 Lx=Ly=12 pg= 0.810 ids=  40 TEE1=-0.528 TEE2=-0.576 TEE3=-0.403  TEE4=-0.271  TEE5=-0.236  TEE6=-0.062
rank= 45 Lx=Ly=12 pg= 0.810 ids=  45 TEE1=-0.493 TEE2=-0.472 TEE3=-0.382  TEE4=-0.278  TEE5=-0.146  TEE6=-0.035
rank=  6 Lx=Ly=12 pg= 0.800 ids=   6 TEE1=-0.576 TEE2=-0.521 TEE3=-0.465  TEE4=-0.257  TEE5=-0.111  TEE6= 0.000
rank= 38 Lx=Ly=12 pg= 0.810 ids=  38 TEE1=-0.410 TEE2=-0.375 TEE3=-0.208  TEE4=-0.049  TEE5= 0.090  TEE6= 0.201
rank= 32 Lx=Ly=12 pg= 0.810 ids=  32 TEE1=-0.528 TEE2=-0.583 TEE3=-0.451  TEE4=-0.361  TEE5=-0.208  TEE6=-0.083
rank= 44 Lx=Ly=12 pg= 0.810 ids=  44 TEE1=-0.451 TEE2=-0.347 TEE3=-0.306  TEE4=-0.111  TEE5= 0.035  TEE6= 0.340
rank=  9 Lx=Ly=12 pg= 0.810 ids=   9 TEE1=-0.542 TEE2=-0.618 TEE3=-0.542  TEE4=-0.340  TEE5=-0.181  TEE6=-0.104
rank= 33 Lx=Ly=12 pg= 0.810 ids=  33 TEE1=-0.597 TEE2=-0.688 TEE3=-0.674  TEE4=-0.632  TEE5=-0.521  TEE6=-0.354
rank= 34 Lx=Ly=12 pg= 0.810 ids=  34 TEE1=-0.653 TEE2=-0.674 TEE3=-0.625  TEE4=-0.500  TEE5=-0.375  TEE6=-0.264
rank= 42 Lx=Ly=12 pg= 0.810 ids=  42 TEE1=-0.410 TEE2=-0.382 TEE3=-0.201  TEE4=-0.090  TEE5= 0.035  TEE6= 0.208
rank= 28 Lx=Ly=12 pg= 0.810 ids=  28 TEE1=-0.465 TEE2=-0.569 TEE3=-0.493  TEE4=-0.424  TEE5=-0.361  TEE6=-0.236
rank= 49 Lx=Ly=12 pg= 0.820 ids=  49 TEE1=-0.312 TEE2=-0.306 TEE3=-0.167  TEE4=-0.056  TEE5= 0.042  TEE6= 0.035
rank=  7 Lx=Ly=12 pg= 0.810 ids=   7 TEE1=-0.410 TEE2=-0.312 TEE3=-0.076  TEE4= 0.035  TEE5= 0.076  TEE6= 0.104
rank=  5 Lx=Ly=12 pg= 0.810 ids=   5 TEE1=-0.326 TEE2=-0.236 TEE3=-0.069  TEE4= 0.111  TEE5= 0.319  TEE6= 0.451
rank= 35 Lx=Ly=12 pg= 0.820 ids=  35 TEE1=-0.514 TEE2=-0.562 TEE3=-0.472  TEE4=-0.382  TEE5=-0.264  TEE6=-0.118
rank=  3 Lx=Ly=12 pg= 0.810 ids=   3 TEE1=-0.514 TEE2=-0.472 TEE3=-0.368  TEE4=-0.250  TEE5=-0.139  TEE6= 0.014
rank= 25 Lx=Ly=12 pg= 0.810 ids=  25 TEE1=-0.562 TEE2=-0.549 TEE3=-0.493  TEE4=-0.375  TEE5=-0.174  TEE6= 0.021
rank=  1 Lx=Ly=12 pg= 0.810 ids=   1 TEE1=-0.646 TEE2=-0.667 TEE3=-0.535  TEE4=-0.458  TEE5=-0.333  TEE6=-0.125
rank= 19 Lx=Ly=12 pg= 0.810 ids=  19 TEE1=-0.521 TEE2=-0.500 TEE3=-0.451  TEE4=-0.347  TEE5=-0.146  TEE6=-0.014
rank= 15 Lx=Ly=12 pg= 0.820 ids=  15 TEE1=-0.639 TEE2=-0.639 TEE3=-0.549  TEE4=-0.521  TEE5=-0.465  TEE6=-0.312
rank= 21 Lx=Ly=12 pg= 0.810 ids=  21 TEE1=-0.417 TEE2=-0.465 TEE3=-0.278  TEE4=-0.056  TEE5= 0.056  TEE6= 0.181
rank= 23 Lx=Ly=12 pg= 0.810 ids=  23 TEE1=-0.479 TEE2=-0.431 TEE3=-0.285  TEE4=-0.056  TEE5= 0.139  TEE6= 0.292
rank= 17 Lx=Ly=12 pg= 0.810 ids=  17 TEE1=-0.674 TEE2=-0.701 TEE3=-0.597  TEE4=-0.514  TEE5=-0.465  TEE6=-0.382
rank= 48 Lx=Ly=12 pg= 0.830 ids=  48 TEE1=-0.576 TEE2=-0.507 TEE3=-0.368  TEE4=-0.201  TEE5=-0.056  TEE6= 0.188
rank= 14 Lx=Ly=12 pg= 0.810 ids=  14 TEE1=-0.507 TEE2=-0.410 TEE3=-0.236  TEE4=-0.042  TEE5= 0.229  TEE6= 0.438
rank= 20 Lx=Ly=12 pg= 0.810 ids=  20 TEE1=-0.549 TEE2=-0.535 TEE3=-0.431  TEE4=-0.299  TEE5=-0.181  TEE6=-0.021
rank= 30 Lx=Ly=12 pg= 0.810 ids=  30 TEE1=-0.479 TEE2=-0.451 TEE3=-0.396  TEE4=-0.264  TEE5=-0.097  TEE6=-0.021
rank= 37 Lx=Ly=12 pg= 0.820 ids=  37 TEE1=-0.451 TEE2=-0.465 TEE3=-0.354  TEE4=-0.250  TEE5=-0.125  TEE6= 0.069
rank= 29 Lx=Ly=12 pg= 0.810 ids=  29 TEE1=-0.583 TEE2=-0.556 TEE3=-0.438  TEE4=-0.347  TEE5=-0.188  TEE6=-0.007
rank= 31 Lx=Ly=12 pg= 0.810 ids=  31 TEE1=-0.319 TEE2=-0.160 TEE3= 0.021  TEE4= 0.222  TEE5= 0.361  TEE6= 0.597
rank= 27 Lx=Ly=12 pg= 0.810 ids=  27 TEE1=-0.549 TEE2=-0.424 TEE3=-0.236  TEE4=-0.035  TEE5= 0.035  TEE6= 0.160
rank= 18 Lx=Ly=12 pg= 0.810 ids=  18 TEE1=-0.521 TEE2=-0.493 TEE3=-0.389  TEE4=-0.243  TEE5=-0.049  TEE6= 0.188
rank= 43 Lx=Ly=12 pg= 0.820 ids=  43 TEE1=-0.556 TEE2=-0.569 TEE3=-0.444  TEE4=-0.410  TEE5=-0.354  TEE6=-0.229
rank= 47 Lx=Ly=12 pg= 0.820 ids=  47 TEE1=-0.493 TEE2=-0.396 TEE3=-0.167  TEE4= 0.028  TEE5= 0.139  TEE6= 0.271
rank= 12 Lx=Ly=12 pg= 0.810 ids=  12 TEE1=-0.708 TEE2=-0.868 TEE3=-0.854  TEE4=-0.868  TEE5=-0.868  TEE6=-0.833
rank= 39 Lx=Ly=12 pg= 0.820 ids=  39 TEE1=-0.597 TEE2=-0.556 TEE3=-0.410  TEE4=-0.285  TEE5=-0.167  TEE6=-0.125
rank= 11 Lx=Ly=12 pg= 0.820 ids=  11 TEE1=-0.708 TEE2=-0.785 TEE3=-0.722  TEE4=-0.688  TEE5=-0.646  TEE6=-0.625
rank= 26 Lx=Ly=12 pg= 0.810 ids=  26 TEE1=-0.576 TEE2=-0.639 TEE3=-0.583  TEE4=-0.597  TEE5=-0.590  TEE6=-0.542
rank= 46 Lx=Ly=12 pg= 0.820 ids=  46 TEE1=-0.646 TEE2=-0.771 TEE3=-0.764  TEE4=-0.694  TEE5=-0.646  TEE6=-0.611
rank= 10 Lx=Ly=12 pg= 0.810 ids=  10 TEE1=-0.660 TEE2=-0.681 TEE3=-0.625  TEE4=-0.576  TEE5=-0.521  TEE6=-0.333
rank= 41 Lx=Ly=12 pg= 0.820 ids=  41 TEE1=-0.618 TEE2=-0.681 TEE3=-0.639  TEE4=-0.681  TEE5=-0.632  TEE6=-0.549
rank=  4 Lx=Ly=12 pg= 0.810 ids=   4 TEE1=-0.597 TEE2=-0.535 TEE3=-0.396  TEE4=-0.243  TEE5=-0.111  TEE6= 0.042
rank=  8 Lx=Ly=12 pg= 0.810 ids=   8 TEE1=-0.479 TEE2=-0.493 TEE3=-0.382  TEE4=-0.201  TEE5= 0.007  TEE6= 0.111
rank= 24 Lx=Ly=12 pg= 0.810 ids=  24 TEE1=-0.451 TEE2=-0.333 TEE3=-0.146  TEE4=-0.049  TEE5= 0.111  TEE6= 0.264
rank=  2 Lx=Ly=12 pg= 0.810 ids=   2 TEE1=-0.576 TEE2=-0.576 TEE3=-0.451  TEE4=-0.396  TEE5=-0.208  TEE6=-0.049
rank= 13 Lx=Ly=12 pg= 0.820 ids=  13 TEE1=-0.576 TEE2=-0.625 TEE3=-0.486  TEE4=-0.333  TEE5=-0.278  TEE6=-0.139
rank= 22 Lx=Ly=12 pg= 0.810 ids=  22 TEE1=-0.493 TEE2=-0.500 TEE3=-0.312  TEE4=-0.167  TEE5=-0.028  TEE6= 0.222
rank= 45 Lx=Ly=12 pg= 0.820 ids=  45 TEE1=-0.444 TEE2=-0.347 TEE3=-0.132  TEE4= 0.083  TEE5= 0.306  TEE6= 0.493
rank= 36 Lx=Ly=12 pg= 0.820 ids=  36 TEE1=-0.569 TEE2=-0.597 TEE3=-0.500  TEE4=-0.458  TEE5=-0.236  TEE6=-0.076
rank=  0 Lx=Ly=12 pg= 0.810 ids=   0 TEE1=-0.625 TEE2=-0.715 TEE3=-0.681  TEE4=-0.639  TEE5=-0.625  TEE6=-0.576
rank= 40 Lx=Ly=12 pg= 0.820 ids=  40 TEE1=-0.500 TEE2=-0.549 TEE3=-0.444  TEE4=-0.354  TEE5=-0.257  TEE6=-0.153
rank= 16 Lx=Ly=12 pg= 0.810 ids=  16 TEE1=-0.556 TEE2=-0.611 TEE3=-0.549  TEE4=-0.528  TEE5=-0.472  TEE6=-0.278
rank= 38 Lx=Ly=12 pg= 0.820 ids=  38 TEE1=-0.500 TEE2=-0.493 TEE3=-0.444  TEE4=-0.340  TEE5=-0.222  TEE6=-0.056
rank=  9 Lx=Ly=12 pg= 0.820 ids=   9 TEE1=-0.674 TEE2=-0.694 TEE3=-0.632  TEE4=-0.465  TEE5=-0.368  TEE6=-0.299
rank= 32 Lx=Ly=12 pg= 0.820 ids=  32 TEE1=-0.417 TEE2=-0.319 TEE3=-0.194  TEE4=-0.076  TEE5= 0.000  TEE6= 0.062
rank= 44 Lx=Ly=12 pg= 0.820 ids=  44 TEE1=-0.535 TEE2=-0.465 TEE3=-0.243  TEE4= 0.062  TEE5= 0.271  TEE6= 0.417
rank= 33 Lx=Ly=12 pg= 0.820 ids=  33 TEE1=-0.583 TEE2=-0.597 TEE3=-0.438  TEE4=-0.299  TEE5=-0.222  TEE6=-0.056
rank=  6 Lx=Ly=12 pg= 0.810 ids=   6 TEE1=-0.382 TEE2=-0.125 TEE3= 0.118  TEE4= 0.181  TEE5= 0.188  TEE6= 0.194
rank= 28 Lx=Ly=12 pg= 0.820 ids=  28 TEE1=-0.632 TEE2=-0.674 TEE3=-0.549  TEE4=-0.431  TEE5=-0.340  TEE6=-0.306
rank= 34 Lx=Ly=12 pg= 0.820 ids=  34 TEE1=-0.639 TEE2=-0.694 TEE3=-0.715  TEE4=-0.604  TEE5=-0.535  TEE6=-0.521
rank= 42 Lx=Ly=12 pg= 0.820 ids=  42 TEE1=-0.618 TEE2=-0.660 TEE3=-0.639  TEE4=-0.562  TEE5=-0.465  TEE6=-0.201
rank= 49 Lx=Ly=12 pg= 0.830 ids=  49 TEE1=-0.604 TEE2=-0.590 TEE3=-0.500  TEE4=-0.319  TEE5=-0.160  TEE6= 0.069
rank=  7 Lx=Ly=12 pg= 0.820 ids=   7 TEE1=-0.528 TEE2=-0.590 TEE3=-0.535  TEE4=-0.299  TEE5=-0.139  TEE6=-0.056
rank=  5 Lx=Ly=12 pg= 0.820 ids=   5 TEE1=-0.590 TEE2=-0.590 TEE3=-0.493  TEE4=-0.403  TEE5=-0.271  TEE6=-0.090
rank= 35 Lx=Ly=12 pg= 0.830 ids=  35 TEE1=-0.736 TEE2=-0.806 TEE3=-0.736  TEE4=-0.618  TEE5=-0.528  TEE6=-0.486
rank=  3 Lx=Ly=12 pg= 0.820 ids=   3 TEE1=-0.542 TEE2=-0.604 TEE3=-0.521  TEE4=-0.486  TEE5=-0.403  TEE6=-0.139
rank= 25 Lx=Ly=12 pg= 0.820 ids=  25 TEE1=-0.729 TEE2=-0.812 TEE3=-0.812  TEE4=-0.757  TEE5=-0.736  TEE6=-0.771
rank= 19 Lx=Ly=12 pg= 0.820 ids=  19 TEE1=-0.639 TEE2=-0.715 TEE3=-0.646  TEE4=-0.569  TEE5=-0.528  TEE6=-0.486
rank=  1 Lx=Ly=12 pg= 0.820 ids=   1 TEE1=-0.667 TEE2=-0.764 TEE3=-0.646  TEE4=-0.465  TEE5=-0.285  TEE6=-0.049
rank= 15 Lx=Ly=12 pg= 0.830 ids=  15 TEE1=-0.493 TEE2=-0.597 TEE3=-0.556  TEE4=-0.514  TEE5=-0.486  TEE6=-0.431
rank= 23 Lx=Ly=12 pg= 0.820 ids=  23 TEE1=-0.410 TEE2=-0.306 TEE3=-0.194  TEE4=-0.125  TEE5= 0.014  TEE6= 0.292
rank= 21 Lx=Ly=12 pg= 0.820 ids=  21 TEE1=-0.604 TEE2=-0.681 TEE3=-0.625  TEE4=-0.493  TEE5=-0.431  TEE6=-0.236
rank= 48 Lx=Ly=12 pg= 0.840 ids=  48 TEE1=-0.694 TEE2=-0.799 TEE3=-0.792  TEE4=-0.688  TEE5=-0.653  TEE6=-0.674
rank= 17 Lx=Ly=12 pg= 0.820 ids=  17 TEE1=-0.528 TEE2=-0.618 TEE3=-0.569  TEE4=-0.528  TEE5=-0.500  TEE6=-0.410
rank= 20 Lx=Ly=12 pg= 0.820 ids=  20 TEE1=-0.507 TEE2=-0.549 TEE3=-0.507  TEE4=-0.424  TEE5=-0.292  TEE6=-0.139
rank= 14 Lx=Ly=12 pg= 0.820 ids=  14 TEE1=-0.611 TEE2=-0.604 TEE3=-0.514  TEE4=-0.431  TEE5=-0.347  TEE6=-0.188
rank= 37 Lx=Ly=12 pg= 0.830 ids=  37 TEE1=-0.681 TEE2=-0.757 TEE3=-0.722  TEE4=-0.806  TEE5=-0.778  TEE6=-0.736
rank= 30 Lx=Ly=12 pg= 0.820 ids=  30 TEE1=-0.590 TEE2=-0.639 TEE3=-0.528  TEE4=-0.465  TEE5=-0.410  TEE6=-0.250
rank= 29 Lx=Ly=12 pg= 0.820 ids=  29 TEE1=-0.521 TEE2=-0.507 TEE3=-0.410  TEE4=-0.236  TEE5=-0.167  TEE6= 0.000
rank= 31 Lx=Ly=12 pg= 0.820 ids=  31 TEE1=-0.646 TEE2=-0.757 TEE3=-0.722  TEE4=-0.632  TEE5=-0.562  TEE6=-0.424
rank= 27 Lx=Ly=12 pg= 0.820 ids=  27 TEE1=-0.576 TEE2=-0.556 TEE3=-0.375  TEE4=-0.312  TEE5=-0.271  TEE6=-0.104
rank= 18 Lx=Ly=12 pg= 0.820 ids=  18 TEE1=-0.590 TEE2=-0.653 TEE3=-0.500  TEE4=-0.361  TEE5=-0.312  TEE6=-0.215
rank= 43 Lx=Ly=12 pg= 0.830 ids=  43 TEE1=-0.583 TEE2=-0.583 TEE3=-0.562  TEE4=-0.424  TEE5=-0.333  TEE6=-0.285
rank= 39 Lx=Ly=12 pg= 0.830 ids=  39 TEE1=-0.597 TEE2=-0.660 TEE3=-0.611  TEE4=-0.569  TEE5=-0.514  TEE6=-0.375
rank= 47 Lx=Ly=12 pg= 0.830 ids=  47 TEE1=-0.646 TEE2=-0.653 TEE3=-0.556  TEE4=-0.472  TEE5=-0.389  TEE6=-0.236
rank= 12 Lx=Ly=12 pg= 0.820 ids=  12 TEE1=-0.667 TEE2=-0.743 TEE3=-0.729  TEE4=-0.694  TEE5=-0.632  TEE6=-0.528
rank= 11 Lx=Ly=12 pg= 0.830 ids=  11 TEE1=-0.576 TEE2=-0.597 TEE3=-0.549  TEE4=-0.465  TEE5=-0.389  TEE6=-0.319
rank=  4 Lx=Ly=12 pg= 0.820 ids=   4 TEE1=-0.382 TEE2=-0.319 TEE3=-0.153  TEE4=-0.007  TEE5= 0.097  TEE6= 0.174
rank= 46 Lx=Ly=12 pg= 0.830 ids=  46 TEE1=-0.569 TEE2=-0.639 TEE3=-0.618  TEE4=-0.535  TEE5=-0.424  TEE6=-0.264
rank= 26 Lx=Ly=12 pg= 0.820 ids=  26 TEE1=-0.410 TEE2=-0.458 TEE3=-0.375  TEE4=-0.264  TEE5=-0.146  TEE6=-0.049
rank= 10 Lx=Ly=12 pg= 0.820 ids=  10 TEE1=-0.667 TEE2=-0.590 TEE3=-0.465  TEE4=-0.326  TEE5=-0.215  TEE6=-0.139
rank= 41 Lx=Ly=12 pg= 0.830 ids=  41 TEE1=-0.632 TEE2=-0.729 TEE3=-0.694  TEE4=-0.604  TEE5=-0.549  TEE6=-0.521
rank=  8 Lx=Ly=12 pg= 0.820 ids=   8 TEE1=-0.653 TEE2=-0.646 TEE3=-0.597  TEE4=-0.535  TEE5=-0.444  TEE6=-0.312
rank= 24 Lx=Ly=12 pg= 0.820 ids=  24 TEE1=-0.396 TEE2=-0.333 TEE3=-0.132  TEE4= 0.153  TEE5= 0.347  TEE6= 0.444
rank= 13 Lx=Ly=12 pg= 0.830 ids=  13 TEE1=-0.646 TEE2=-0.715 TEE3=-0.694  TEE4=-0.562  TEE5=-0.514  TEE6=-0.514
rank=  2 Lx=Ly=12 pg= 0.820 ids=   2 TEE1=-0.576 TEE2=-0.681 TEE3=-0.639  TEE4=-0.500  TEE5=-0.493  TEE6=-0.479
rank= 22 Lx=Ly=12 pg= 0.820 ids=  22 TEE1=-0.618 TEE2=-0.674 TEE3=-0.618  TEE4=-0.514  TEE5=-0.500  TEE6=-0.479
rank= 45 Lx=Ly=12 pg= 0.830 ids=  45 TEE1=-0.354 TEE2=-0.354 TEE3=-0.257  TEE4=-0.076  TEE5= 0.160  TEE6= 0.319
rank=  9 Lx=Ly=12 pg= 0.830 ids=   9 TEE1=-0.535 TEE2=-0.660 TEE3=-0.569  TEE4=-0.479  TEE5=-0.354  TEE6=-0.250
rank= 40 Lx=Ly=12 pg= 0.830 ids=  40 TEE1=-0.632 TEE2=-0.639 TEE3=-0.500  TEE4=-0.326  TEE5=-0.236  TEE6=-0.194
rank= 36 Lx=Ly=12 pg= 0.830 ids=  36 TEE1=-0.458 TEE2=-0.465 TEE3=-0.354  TEE4=-0.312  TEE5=-0.257  TEE6=-0.035
rank= 28 Lx=Ly=12 pg= 0.830 ids=  28 TEE1=-0.431 TEE2=-0.236 TEE3=-0.069  TEE4= 0.069  TEE5= 0.146  TEE6= 0.167
rank= 16 Lx=Ly=12 pg= 0.820 ids=  16 TEE1=-0.326 TEE2=-0.167 TEE3= 0.007  TEE4= 0.201  TEE5= 0.326  TEE6= 0.472
rank=  0 Lx=Ly=12 pg= 0.820 ids=   0 TEE1=-0.625 TEE2=-0.674 TEE3=-0.611  TEE4=-0.472  TEE5=-0.410  TEE6=-0.229
rank= 33 Lx=Ly=12 pg= 0.830 ids=  33 TEE1=-0.722 TEE2=-0.785 TEE3=-0.688  TEE4=-0.618  TEE5=-0.590  TEE6=-0.583
rank= 38 Lx=Ly=12 pg= 0.830 ids=  38 TEE1=-0.653 TEE2=-0.722 TEE3=-0.708  TEE4=-0.653  TEE5=-0.625  TEE6=-0.562
rank= 32 Lx=Ly=12 pg= 0.830 ids=  32 TEE1=-0.653 TEE2=-0.757 TEE3=-0.722  TEE4=-0.688  TEE5=-0.701  TEE6=-0.701
rank= 44 Lx=Ly=12 pg= 0.830 ids=  44 TEE1=-0.597 TEE2=-0.681 TEE3=-0.646  TEE4=-0.597  TEE5=-0.556  TEE6=-0.507
rank= 34 Lx=Ly=12 pg= 0.830 ids=  34 TEE1=-0.451 TEE2=-0.326 TEE3=-0.188  TEE4=-0.021  TEE5= 0.083  TEE6= 0.271
rank=  6 Lx=Ly=12 pg= 0.820 ids=   6 TEE1=-0.486 TEE2=-0.403 TEE3=-0.292  TEE4=-0.035  TEE5= 0.160  TEE6= 0.444
rank= 42 Lx=Ly=12 pg= 0.830 ids=  42 TEE1=-0.701 TEE2=-0.826 TEE3=-0.812  TEE4=-0.806  TEE5=-0.785  TEE6=-0.778
rank= 49 Lx=Ly=12 pg= 0.840 ids=  49 TEE1=-0.646 TEE2=-0.681 TEE3=-0.604  TEE4=-0.535  TEE5=-0.472  TEE6=-0.382
rank=  7 Lx=Ly=12 pg= 0.830 ids=   7 TEE1=-0.597 TEE2=-0.590 TEE3=-0.507  TEE4=-0.431  TEE5=-0.451  TEE6=-0.319
rank=  5 Lx=Ly=12 pg= 0.830 ids=   5 TEE1=-0.528 TEE2=-0.542 TEE3=-0.389  TEE4=-0.410  TEE5=-0.347  TEE6=-0.167
rank= 35 Lx=Ly=12 pg= 0.840 ids=  35 TEE1=-0.667 TEE2=-0.708 TEE3=-0.674  TEE4=-0.611  TEE5=-0.583  TEE6=-0.597
rank=  3 Lx=Ly=12 pg= 0.830 ids=   3 TEE1=-0.660 TEE2=-0.771 TEE3=-0.771  TEE4=-0.812  TEE5=-0.799  TEE6=-0.785
rank= 25 Lx=Ly=12 pg= 0.830 ids=  25 TEE1=-0.660 TEE2=-0.771 TEE3=-0.799  TEE4=-0.750  TEE5=-0.736  TEE6=-0.757
rank= 19 Lx=Ly=12 pg= 0.830 ids=  19 TEE1=-0.576 TEE2=-0.694 TEE3=-0.639  TEE4=-0.514  TEE5=-0.493  TEE6=-0.542
rank= 15 Lx=Ly=12 pg= 0.840 ids=  15 TEE1=-0.743 TEE2=-0.826 TEE3=-0.806  TEE4=-0.778  TEE5=-0.799  TEE6=-0.799
rank=  1 Lx=Ly=12 pg= 0.830 ids=   1 TEE1=-0.688 TEE2=-0.743 TEE3=-0.715  TEE4=-0.639  TEE5=-0.556  TEE6=-0.458
rank= 48 Lx=Ly=12 pg= 0.850 ids=  48 TEE1=-0.708 TEE2=-0.812 TEE3=-0.806  TEE4=-0.785  TEE5=-0.757  TEE6=-0.771
rank= 23 Lx=Ly=12 pg= 0.830 ids=  23 TEE1=-0.597 TEE2=-0.528 TEE3=-0.347  TEE4=-0.139  TEE5=-0.014  TEE6= 0.069
rank= 20 Lx=Ly=12 pg= 0.830 ids=  20 TEE1=-0.639 TEE2=-0.757 TEE3=-0.722  TEE4=-0.674  TEE5=-0.632  TEE6=-0.569
rank= 17 Lx=Ly=12 pg= 0.830 ids=  17 TEE1=-0.514 TEE2=-0.646 TEE3=-0.590  TEE4=-0.625  TEE5=-0.590  TEE6=-0.528
rank= 21 Lx=Ly=12 pg= 0.830 ids=  21 TEE1=-0.639 TEE2=-0.736 TEE3=-0.771  TEE4=-0.701  TEE5=-0.632  TEE6=-0.604
rank= 14 Lx=Ly=12 pg= 0.830 ids=  14 TEE1=-0.729 TEE2=-0.771 TEE3=-0.757  TEE4=-0.667  TEE5=-0.542  TEE6=-0.424
rank= 37 Lx=Ly=12 pg= 0.840 ids=  37 TEE1=-0.604 TEE2=-0.736 TEE3=-0.681  TEE4=-0.597  TEE5=-0.556  TEE6=-0.451
rank= 30 Lx=Ly=12 pg= 0.830 ids=  30 TEE1=-0.583 TEE2=-0.618 TEE3=-0.556  TEE4=-0.479  TEE5=-0.417  TEE6=-0.382
rank= 29 Lx=Ly=12 pg= 0.830 ids=  29 TEE1=-0.694 TEE2=-0.701 TEE3=-0.597  TEE4=-0.465  TEE5=-0.312  TEE6=-0.167
rank= 31 Lx=Ly=12 pg= 0.830 ids=  31 TEE1=-0.535 TEE2=-0.604 TEE3=-0.604  TEE4=-0.639  TEE5=-0.542  TEE6=-0.424
rank= 18 Lx=Ly=12 pg= 0.830 ids=  18 TEE1=-0.674 TEE2=-0.708 TEE3=-0.674  TEE4=-0.701  TEE5=-0.701  TEE6=-0.674
rank= 27 Lx=Ly=12 pg= 0.830 ids=  27 TEE1=-0.688 TEE2=-0.688 TEE3=-0.639  TEE4=-0.625  TEE5=-0.597  TEE6=-0.507
rank= 47 Lx=Ly=12 pg= 0.840 ids=  47 TEE1=-0.653 TEE2=-0.708 TEE3=-0.694  TEE4=-0.646  TEE5=-0.604  TEE6=-0.514
rank= 39 Lx=Ly=12 pg= 0.840 ids=  39 TEE1=-0.653 TEE2=-0.736 TEE3=-0.708  TEE4=-0.750  TEE5=-0.708  TEE6=-0.660
rank= 43 Lx=Ly=12 pg= 0.840 ids=  43 TEE1=-0.646 TEE2=-0.708 TEE3=-0.660  TEE4=-0.576  TEE5=-0.514  TEE6=-0.424
rank= 12 Lx=Ly=12 pg= 0.830 ids=  12 TEE1=-0.521 TEE2=-0.583 TEE3=-0.528  TEE4=-0.319  TEE5=-0.132  TEE6= 0.000
rank= 11 Lx=Ly=12 pg= 0.840 ids=  11 TEE1=-0.653 TEE2=-0.743 TEE3=-0.701  TEE4=-0.646  TEE5=-0.597  TEE6=-0.611
rank=  4 Lx=Ly=12 pg= 0.830 ids=   4 TEE1=-0.576 TEE2=-0.667 TEE3=-0.625  TEE4=-0.604  TEE5=-0.569  TEE6=-0.521
rank= 10 Lx=Ly=12 pg= 0.830 ids=  10 TEE1=-0.604 TEE2=-0.708 TEE3=-0.708  TEE4=-0.708  TEE5=-0.674  TEE6=-0.632
rank= 41 Lx=Ly=12 pg= 0.840 ids=  41 TEE1=-0.729 TEE2=-0.847 TEE3=-0.854  TEE4=-0.861  TEE5=-0.840  TEE6=-0.875
rank=  8 Lx=Ly=12 pg= 0.830 ids=   8 TEE1=-0.535 TEE2=-0.535 TEE3=-0.403  TEE4=-0.340  TEE5=-0.208  TEE6=-0.035
rank= 46 Lx=Ly=12 pg= 0.840 ids=  46 TEE1=-0.688 TEE2=-0.778 TEE3=-0.757  TEE4=-0.729  TEE5=-0.722  TEE6=-0.743
rank= 13 Lx=Ly=12 pg= 0.840 ids=  13 TEE1=-0.604 TEE2=-0.743 TEE3=-0.701  TEE4=-0.632  TEE5=-0.611  TEE6=-0.549
rank= 26 Lx=Ly=12 pg= 0.830 ids=  26 TEE1=-0.667 TEE2=-0.722 TEE3=-0.660  TEE4=-0.639  TEE5=-0.604  TEE6=-0.472
rank=  2 Lx=Ly=12 pg= 0.830 ids=   2 TEE1=-0.625 TEE2=-0.639 TEE3=-0.521  TEE4=-0.368  TEE5=-0.264  TEE6=-0.208
rank= 24 Lx=Ly=12 pg= 0.830 ids=  24 TEE1=-0.625 TEE2=-0.729 TEE3=-0.701  TEE4=-0.674  TEE5=-0.681  TEE6=-0.660
rank= 22 Lx=Ly=12 pg= 0.830 ids=  22 TEE1=-0.681 TEE2=-0.701 TEE3=-0.653  TEE4=-0.500  TEE5=-0.438  TEE6=-0.285
rank=  9 Lx=Ly=12 pg= 0.840 ids=   9 TEE1=-0.729 TEE2=-0.819 TEE3=-0.771  TEE4=-0.681  TEE5=-0.604  TEE6=-0.535
rank= 28 Lx=Ly=12 pg= 0.840 ids=  28 TEE1=-0.694 TEE2=-0.688 TEE3=-0.646  TEE4=-0.562  TEE5=-0.479  TEE6=-0.319
rank= 45 Lx=Ly=12 pg= 0.840 ids=  45 TEE1=-0.764 TEE2=-0.806 TEE3=-0.785  TEE4=-0.757  TEE5=-0.722  TEE6=-0.653
rank= 40 Lx=Ly=12 pg= 0.840 ids=  40 TEE1=-0.639 TEE2=-0.688 TEE3=-0.646  TEE4=-0.576  TEE5=-0.486  TEE6=-0.333
rank= 16 Lx=Ly=12 pg= 0.830 ids=  16 TEE1=-0.493 TEE2=-0.521 TEE3=-0.368  TEE4=-0.167  TEE5=-0.083  TEE6=-0.007
rank= 36 Lx=Ly=12 pg= 0.840 ids=  36 TEE1=-0.688 TEE2=-0.785 TEE3=-0.778  TEE4=-0.826  TEE5=-0.812  TEE6=-0.778
rank= 38 Lx=Ly=12 pg= 0.840 ids=  38 TEE1=-0.611 TEE2=-0.688 TEE3=-0.646  TEE4=-0.604  TEE5=-0.583  TEE6=-0.569
rank=  0 Lx=Ly=12 pg= 0.830 ids=   0 TEE1=-0.667 TEE2=-0.840 TEE3=-0.861  TEE4=-0.875  TEE5=-0.868  TEE6=-0.882
rank= 33 Lx=Ly=12 pg= 0.840 ids=  33 TEE1=-0.736 TEE2=-0.799 TEE3=-0.729  TEE4=-0.736  TEE5=-0.743  TEE6=-0.757
rank= 32 Lx=Ly=12 pg= 0.840 ids=  32 TEE1=-0.708 TEE2=-0.799 TEE3=-0.750  TEE4=-0.722  TEE5=-0.688  TEE6=-0.694
rank= 44 Lx=Ly=12 pg= 0.840 ids=  44 TEE1=-0.889 TEE2=-0.951 TEE3=-0.938  TEE4=-0.951  TEE5=-0.965  TEE6=-0.965
rank= 34 Lx=Ly=12 pg= 0.840 ids=  34 TEE1=-0.632 TEE2=-0.625 TEE3=-0.500  TEE4=-0.354  TEE5=-0.278  TEE6=-0.076
rank= 42 Lx=Ly=12 pg= 0.840 ids=  42 TEE1=-0.583 TEE2=-0.583 TEE3=-0.535  TEE4=-0.514  TEE5=-0.410  TEE6=-0.229
rank= 49 Lx=Ly=12 pg= 0.850 ids=  49 TEE1=-0.729 TEE2=-0.840 TEE3=-0.819  TEE4=-0.861  TEE5=-0.861  TEE6=-0.854
rank=  6 Lx=Ly=12 pg= 0.830 ids=   6 TEE1=-0.493 TEE2=-0.375 TEE3=-0.222  TEE4=-0.014  TEE5= 0.083  TEE6= 0.104
rank=  7 Lx=Ly=12 pg= 0.840 ids=   7 TEE1=-0.736 TEE2=-0.931 TEE3=-0.924  TEE4=-0.931  TEE5=-0.938  TEE6=-0.958
rank=  5 Lx=Ly=12 pg= 0.840 ids=   5 TEE1=-0.674 TEE2=-0.826 TEE3=-0.806  TEE4=-0.819  TEE5=-0.764  TEE6=-0.722
rank= 35 Lx=Ly=12 pg= 0.850 ids=  35 TEE1=-0.764 TEE2=-0.833 TEE3=-0.806  TEE4=-0.799  TEE5=-0.778  TEE6=-0.743
rank= 25 Lx=Ly=12 pg= 0.840 ids=  25 TEE1=-0.667 TEE2=-0.722 TEE3=-0.667  TEE4=-0.542  TEE5=-0.521  TEE6=-0.535
rank=  3 Lx=Ly=12 pg= 0.840 ids=   3 TEE1=-0.667 TEE2=-0.757 TEE3=-0.785  TEE4=-0.764  TEE5=-0.708  TEE6=-0.715
rank= 19 Lx=Ly=12 pg= 0.840 ids=  19 TEE1=-0.681 TEE2=-0.799 TEE3=-0.764  TEE4=-0.750  TEE5=-0.736  TEE6=-0.715
rank= 15 Lx=Ly=12 pg= 0.850 ids=  15 TEE1=-0.715 TEE2=-0.819 TEE3=-0.799  TEE4=-0.722  TEE5=-0.653  TEE6=-0.549
rank=  1 Lx=Ly=12 pg= 0.840 ids=   1 TEE1=-0.674 TEE2=-0.750 TEE3=-0.708  TEE4=-0.646  TEE5=-0.597  TEE6=-0.507
rank= 48 Lx=Ly=12 pg= 0.860 ids=  48 TEE1=-0.757 TEE2=-0.847 TEE3=-0.826  TEE4=-0.861  TEE5=-0.868  TEE6=-0.847
rank= 20 Lx=Ly=12 pg= 0.840 ids=  20 TEE1=-0.694 TEE2=-0.806 TEE3=-0.792  TEE4=-0.778  TEE5=-0.778  TEE6=-0.764
rank= 37 Lx=Ly=12 pg= 0.850 ids=  37 TEE1=-0.597 TEE2=-0.646 TEE3=-0.562  TEE4=-0.465  TEE5=-0.340  TEE6=-0.222
rank= 23 Lx=Ly=12 pg= 0.840 ids=  23 TEE1=-0.694 TEE2=-0.771 TEE3=-0.799  TEE4=-0.722  TEE5=-0.646  TEE6=-0.569
rank= 17 Lx=Ly=12 pg= 0.840 ids=  17 TEE1=-0.701 TEE2=-0.799 TEE3=-0.792  TEE4=-0.750  TEE5=-0.688  TEE6=-0.660
rank= 14 Lx=Ly=12 pg= 0.840 ids=  14 TEE1=-0.646 TEE2=-0.708 TEE3=-0.653  TEE4=-0.632  TEE5=-0.528  TEE6=-0.444
rank= 21 Lx=Ly=12 pg= 0.840 ids=  21 TEE1=-0.653 TEE2=-0.653 TEE3=-0.535  TEE4=-0.493  TEE5=-0.306  TEE6=-0.181
rank= 30 Lx=Ly=12 pg= 0.840 ids=  30 TEE1=-0.764 TEE2=-0.882 TEE3=-0.875  TEE4=-0.903  TEE5=-0.882  TEE6=-0.875
rank= 29 Lx=Ly=12 pg= 0.840 ids=  29 TEE1=-0.542 TEE2=-0.576 TEE3=-0.493  TEE4=-0.347  TEE5=-0.188  TEE6=-0.104
rank= 18 Lx=Ly=12 pg= 0.840 ids=  18 TEE1=-0.764 TEE2=-0.868 TEE3=-0.854  TEE4=-0.799  TEE5=-0.771  TEE6=-0.736
rank= 31 Lx=Ly=12 pg= 0.840 ids=  31 TEE1=-0.722 TEE2=-0.806 TEE3=-0.771  TEE4=-0.750  TEE5=-0.736  TEE6=-0.722
rank= 47 Lx=Ly=12 pg= 0.850 ids=  47 TEE1=-0.694 TEE2=-0.764 TEE3=-0.715  TEE4=-0.625  TEE5=-0.611  TEE6=-0.542
rank= 39 Lx=Ly=12 pg= 0.850 ids=  39 TEE1=-0.653 TEE2=-0.701 TEE3=-0.688  TEE4=-0.576  TEE5=-0.514  TEE6=-0.431
rank= 27 Lx=Ly=12 pg= 0.840 ids=  27 TEE1=-0.688 TEE2=-0.799 TEE3=-0.771  TEE4=-0.736  TEE5=-0.708  TEE6=-0.590
rank= 11 Lx=Ly=12 pg= 0.850 ids=  11 TEE1=-0.736 TEE2=-0.736 TEE3=-0.632  TEE4=-0.521  TEE5=-0.389  TEE6=-0.285
rank= 43 Lx=Ly=12 pg= 0.850 ids=  43 TEE1=-0.715 TEE2=-0.785 TEE3=-0.715  TEE4=-0.715  TEE5=-0.729  TEE6=-0.694
rank= 12 Lx=Ly=12 pg= 0.840 ids=  12 TEE1=-0.590 TEE2=-0.653 TEE3=-0.604  TEE4=-0.562  TEE5=-0.535  TEE6=-0.472
rank=  4 Lx=Ly=12 pg= 0.840 ids=   4 TEE1=-0.757 TEE2=-0.861 TEE3=-0.882  TEE4=-0.889  TEE5=-0.840  TEE6=-0.868
rank= 41 Lx=Ly=12 pg= 0.850 ids=  41 TEE1=-0.701 TEE2=-0.792 TEE3=-0.757  TEE4=-0.688  TEE5=-0.625  TEE6=-0.528
rank= 10 Lx=Ly=12 pg= 0.840 ids=  10 TEE1=-0.590 TEE2=-0.590 TEE3=-0.542  TEE4=-0.590  TEE5=-0.507  TEE6=-0.292
rank= 46 Lx=Ly=12 pg= 0.850 ids=  46 TEE1=-0.701 TEE2=-0.819 TEE3=-0.819  TEE4=-0.903  TEE5=-0.910  TEE6=-0.868
rank=  8 Lx=Ly=12 pg= 0.840 ids=   8 TEE1=-0.639 TEE2=-0.757 TEE3=-0.757  TEE4=-0.681  TEE5=-0.639  TEE6=-0.590
rank= 13 Lx=Ly=12 pg= 0.850 ids=  13 TEE1=-0.771 TEE2=-0.882 TEE3=-0.882  TEE4=-0.882  TEE5=-0.889  TEE6=-0.854
rank= 26 Lx=Ly=12 pg= 0.840 ids=  26 TEE1=-0.639 TEE2=-0.653 TEE3=-0.569  TEE4=-0.535  TEE5=-0.403  TEE6=-0.285
rank= 22 Lx=Ly=12 pg= 0.840 ids=  22 TEE1=-0.576 TEE2=-0.646 TEE3=-0.583  TEE4=-0.514  TEE5=-0.403  TEE6=-0.326
rank=  2 Lx=Ly=12 pg= 0.840 ids=   2 TEE1=-0.715 TEE2=-0.792 TEE3=-0.799  TEE4=-0.764  TEE5=-0.764  TEE6=-0.708
rank=  9 Lx=Ly=12 pg= 0.850 ids=   9 TEE1=-0.646 TEE2=-0.701 TEE3=-0.681  TEE4=-0.528  TEE5=-0.479  TEE6=-0.382
rank= 28 Lx=Ly=12 pg= 0.850 ids=  28 TEE1=-0.771 TEE2=-0.771 TEE3=-0.743  TEE4=-0.729  TEE5=-0.729  TEE6=-0.681
rank= 24 Lx=Ly=12 pg= 0.840 ids=  24 TEE1=-0.660 TEE2=-0.833 TEE3=-0.847  TEE4=-0.806  TEE5=-0.806  TEE6=-0.826
rank= 45 Lx=Ly=12 pg= 0.850 ids=  45 TEE1=-0.681 TEE2=-0.701 TEE3=-0.646  TEE4=-0.556  TEE5=-0.465  TEE6=-0.389
rank= 40 Lx=Ly=12 pg= 0.850 ids=  40 TEE1=-0.688 TEE2=-0.792 TEE3=-0.785  TEE4=-0.785  TEE5=-0.715  TEE6=-0.660
rank= 16 Lx=Ly=12 pg= 0.840 ids=  16 TEE1=-0.729 TEE2=-0.840 TEE3=-0.826  TEE4=-0.792  TEE5=-0.736  TEE6=-0.729
rank= 38 Lx=Ly=12 pg= 0.850 ids=  38 TEE1=-0.667 TEE2=-0.785 TEE3=-0.750  TEE4=-0.764  TEE5=-0.708  TEE6=-0.681
rank= 36 Lx=Ly=12 pg= 0.850 ids=  36 TEE1=-0.660 TEE2=-0.854 TEE3=-0.812  TEE4=-0.826  TEE5=-0.854  TEE6=-0.819
rank= 33 Lx=Ly=12 pg= 0.850 ids=  33 TEE1=-0.701 TEE2=-0.785 TEE3=-0.750  TEE4=-0.792  TEE5=-0.771  TEE6=-0.736
rank= 44 Lx=Ly=12 pg= 0.850 ids=  44 TEE1=-0.646 TEE2=-0.694 TEE3=-0.688  TEE4=-0.722  TEE5=-0.701  TEE6=-0.632
rank=  0 Lx=Ly=12 pg= 0.840 ids=   0 TEE1=-0.729 TEE2=-0.875 TEE3=-0.868  TEE4=-0.910  TEE5=-0.889  TEE6=-0.868
rank= 32 Lx=Ly=12 pg= 0.850 ids=  32 TEE1=-0.639 TEE2=-0.701 TEE3=-0.639  TEE4=-0.583  TEE5=-0.521  TEE6=-0.451
rank= 34 Lx=Ly=12 pg= 0.850 ids=  34 TEE1=-0.604 TEE2=-0.569 TEE3=-0.472  TEE4=-0.278  TEE5=-0.111  TEE6= 0.076
rank= 49 Lx=Ly=12 pg= 0.860 ids=  49 TEE1=-0.785 TEE2=-0.882 TEE3=-0.868  TEE4=-0.889  TEE5=-0.889  TEE6=-0.889
rank= 42 Lx=Ly=12 pg= 0.850 ids=  42 TEE1=-0.653 TEE2=-0.694 TEE3=-0.611  TEE4=-0.507  TEE5=-0.438  TEE6=-0.285
rank=  7 Lx=Ly=12 pg= 0.850 ids=   7 TEE1=-0.694 TEE2=-0.778 TEE3=-0.757  TEE4=-0.757  TEE5=-0.708  TEE6=-0.667
rank=  6 Lx=Ly=12 pg= 0.840 ids=   6 TEE1=-0.542 TEE2=-0.639 TEE3=-0.549  TEE4=-0.521  TEE5=-0.500  TEE6=-0.458
rank= 35 Lx=Ly=12 pg= 0.860 ids=  35 TEE1=-0.840 TEE2=-0.938 TEE3=-0.931  TEE4=-0.965  TEE5=-0.972  TEE6=-0.958
rank=  5 Lx=Ly=12 pg= 0.850 ids=   5 TEE1=-0.611 TEE2=-0.674 TEE3=-0.701  TEE4=-0.750  TEE5=-0.708  TEE6=-0.653
rank=  3 Lx=Ly=12 pg= 0.850 ids=   3 TEE1=-0.542 TEE2=-0.542 TEE3=-0.431  TEE4=-0.410  TEE5=-0.375  TEE6=-0.194
rank= 25 Lx=Ly=12 pg= 0.850 ids=  25 TEE1=-0.743 TEE2=-0.861 TEE3=-0.840  TEE4=-0.868  TEE5=-0.882  TEE6=-0.861
rank= 19 Lx=Ly=12 pg= 0.850 ids=  19 TEE1=-0.674 TEE2=-0.785 TEE3=-0.819  TEE4=-0.819  TEE5=-0.792  TEE6=-0.736
rank= 15 Lx=Ly=12 pg= 0.860 ids=  15 TEE1=-0.625 TEE2=-0.688 TEE3=-0.639  TEE4=-0.597  TEE5=-0.486  TEE6=-0.431
rank= 48 Lx=Ly=12 pg= 0.870 ids=  48 TEE1=-0.799 TEE2=-0.854 TEE3=-0.840  TEE4=-0.875  TEE5=-0.868  TEE6=-0.806
rank= 20 Lx=Ly=12 pg= 0.850 ids=  20 TEE1=-0.722 TEE2=-0.778 TEE3=-0.729  TEE4=-0.701  TEE5=-0.667  TEE6=-0.562
rank=  1 Lx=Ly=12 pg= 0.850 ids=   1 TEE1=-0.681 TEE2=-0.715 TEE3=-0.625  TEE4=-0.465  TEE5=-0.417  TEE6=-0.306
rank= 37 Lx=Ly=12 pg= 0.860 ids=  37 TEE1=-0.639 TEE2=-0.785 TEE3=-0.806  TEE4=-0.743  TEE5=-0.681  TEE6=-0.701
rank= 14 Lx=Ly=12 pg= 0.850 ids=  14 TEE1=-0.625 TEE2=-0.722 TEE3=-0.625  TEE4=-0.493  TEE5=-0.340  TEE6=-0.201
rank= 23 Lx=Ly=12 pg= 0.850 ids=  23 TEE1=-0.639 TEE2=-0.806 TEE3=-0.785  TEE4=-0.743  TEE5=-0.743  TEE6=-0.729
rank= 21 Lx=Ly=12 pg= 0.850 ids=  21 TEE1=-0.694 TEE2=-0.778 TEE3=-0.757  TEE4=-0.764  TEE5=-0.681  TEE6=-0.653
rank= 17 Lx=Ly=12 pg= 0.850 ids=  17 TEE1=-0.715 TEE2=-0.910 TEE3=-0.903  TEE4=-0.847  TEE5=-0.819  TEE6=-0.792
rank= 30 Lx=Ly=12 pg= 0.850 ids=  30 TEE1=-0.646 TEE2=-0.792 TEE3=-0.812  TEE4=-0.875  TEE5=-0.840  TEE6=-0.826
rank= 29 Lx=Ly=12 pg= 0.850 ids=  29 TEE1=-0.688 TEE2=-0.771 TEE3=-0.722  TEE4=-0.688  TEE5=-0.618  TEE6=-0.528
rank= 18 Lx=Ly=12 pg= 0.850 ids=  18 TEE1=-0.694 TEE2=-0.847 TEE3=-0.854  TEE4=-0.875  TEE5=-0.882  TEE6=-0.861
rank= 47 Lx=Ly=12 pg= 0.860 ids=  47 TEE1=-0.667 TEE2=-0.806 TEE3=-0.819  TEE4=-0.799  TEE5=-0.792  TEE6=-0.854
rank= 39 Lx=Ly=12 pg= 0.860 ids=  39 TEE1=-0.632 TEE2=-0.736 TEE3=-0.750  TEE4=-0.778  TEE5=-0.688  TEE6=-0.611
rank= 11 Lx=Ly=12 pg= 0.860 ids=  11 TEE1=-0.660 TEE2=-0.701 TEE3=-0.694  TEE4=-0.618  TEE5=-0.542  TEE6=-0.500
rank= 31 Lx=Ly=12 pg= 0.850 ids=  31 TEE1=-0.764 TEE2=-0.806 TEE3=-0.785  TEE4=-0.694  TEE5=-0.688  TEE6=-0.674
rank= 12 Lx=Ly=12 pg= 0.850 ids=  12 TEE1=-0.688 TEE2=-0.757 TEE3=-0.715  TEE4=-0.660  TEE5=-0.632  TEE6=-0.583
rank= 43 Lx=Ly=12 pg= 0.860 ids=  43 TEE1=-0.840 TEE2=-0.958 TEE3=-0.958  TEE4=-0.979  TEE5=-0.979  TEE6=-0.979
rank= 27 Lx=Ly=12 pg= 0.850 ids=  27 TEE1=-0.750 TEE2=-0.826 TEE3=-0.840  TEE4=-0.750  TEE5=-0.757  TEE6=-0.764
rank=  4 Lx=Ly=12 pg= 0.850 ids=   4 TEE1=-0.729 TEE2=-0.771 TEE3=-0.729  TEE4=-0.729  TEE5=-0.701  TEE6=-0.632
rank= 41 Lx=Ly=12 pg= 0.860 ids=  41 TEE1=-0.743 TEE2=-0.819 TEE3=-0.778  TEE4=-0.743  TEE5=-0.715  TEE6=-0.694
rank= 46 Lx=Ly=12 pg= 0.860 ids=  46 TEE1=-0.722 TEE2=-0.854 TEE3=-0.847  TEE4=-0.854  TEE5=-0.826  TEE6=-0.799
rank= 10 Lx=Ly=12 pg= 0.850 ids=  10 TEE1=-0.576 TEE2=-0.632 TEE3=-0.639  TEE4=-0.576  TEE5=-0.521  TEE6=-0.514
rank= 13 Lx=Ly=12 pg= 0.860 ids=  13 TEE1=-0.778 TEE2=-0.882 TEE3=-0.826  TEE4=-0.792  TEE5=-0.812  TEE6=-0.847
rank=  8 Lx=Ly=12 pg= 0.850 ids=   8 TEE1=-0.674 TEE2=-0.722 TEE3=-0.653  TEE4=-0.556  TEE5=-0.493  TEE6=-0.333
rank= 28 Lx=Ly=12 pg= 0.860 ids=  28 TEE1=-0.694 TEE2=-0.667 TEE3=-0.542  TEE4=-0.451  TEE5=-0.340  TEE6=-0.222
rank= 22 Lx=Ly=12 pg= 0.850 ids=  22 TEE1=-0.861 TEE2=-0.972 TEE3=-0.986  TEE4=-0.986  TEE5=-0.986  TEE6=-0.986
rank=  9 Lx=Ly=12 pg= 0.860 ids=   9 TEE1=-0.785 TEE2=-0.903 TEE3=-0.917  TEE4=-0.910  TEE5=-0.917  TEE6=-0.944
rank= 26 Lx=Ly=12 pg= 0.850 ids=  26 TEE1=-0.792 TEE2=-0.875 TEE3=-0.889  TEE4=-0.889  TEE5=-0.868  TEE6=-0.889
rank=  2 Lx=Ly=12 pg= 0.850 ids=   2 TEE1=-0.799 TEE2=-0.924 TEE3=-0.910  TEE4=-0.910  TEE5=-0.903  TEE6=-0.924
rank= 24 Lx=Ly=12 pg= 0.850 ids=  24 TEE1=-0.667 TEE2=-0.708 TEE3=-0.681  TEE4=-0.701  TEE5=-0.660  TEE6=-0.576
rank= 45 Lx=Ly=12 pg= 0.860 ids=  45 TEE1=-0.778 TEE2=-0.924 TEE3=-0.938  TEE4=-0.972  TEE5=-0.965  TEE6=-0.951
rank= 40 Lx=Ly=12 pg= 0.860 ids=  40 TEE1=-0.722 TEE2=-0.819 TEE3=-0.764  TEE4=-0.694  TEE5=-0.597  TEE6=-0.500
rank= 16 Lx=Ly=12 pg= 0.850 ids=  16 TEE1=-0.799 TEE2=-0.882 TEE3=-0.889  TEE4=-0.882  TEE5=-0.882  TEE6=-0.889
rank= 38 Lx=Ly=12 pg= 0.860 ids=  38 TEE1=-0.764 TEE2=-0.868 TEE3=-0.847  TEE4=-0.882  TEE5=-0.868  TEE6=-0.868
rank= 36 Lx=Ly=12 pg= 0.860 ids=  36 TEE1=-0.736 TEE2=-0.826 TEE3=-0.806  TEE4=-0.792  TEE5=-0.778  TEE6=-0.792
rank= 44 Lx=Ly=12 pg= 0.860 ids=  44 TEE1=-0.701 TEE2=-0.799 TEE3=-0.799  TEE4=-0.847  TEE5=-0.847  TEE6=-0.771
rank= 33 Lx=Ly=12 pg= 0.860 ids=  33 TEE1=-0.840 TEE2=-0.965 TEE3=-0.958  TEE4=-0.979  TEE5=-0.986  TEE6=-0.972
rank= 32 Lx=Ly=12 pg= 0.860 ids=  32 TEE1=-0.632 TEE2=-0.667 TEE3=-0.653  TEE4=-0.562  TEE5=-0.479  TEE6=-0.368
rank=  0 Lx=Ly=12 pg= 0.850 ids=   0 TEE1=-0.694 TEE2=-0.778 TEE3=-0.785  TEE4=-0.764  TEE5=-0.750  TEE6=-0.757
rank= 34 Lx=Ly=12 pg= 0.860 ids=  34 TEE1=-0.812 TEE2=-0.931 TEE3=-0.931  TEE4=-0.965  TEE5=-0.965  TEE6=-0.965
rank= 42 Lx=Ly=12 pg= 0.860 ids=  42 TEE1=-0.729 TEE2=-0.833 TEE3=-0.847  TEE4=-0.875  TEE5=-0.840  TEE6=-0.833
rank= 49 Lx=Ly=12 pg= 0.870 ids=  49 TEE1=-0.785 TEE2=-0.896 TEE3=-0.910  TEE4=-0.924  TEE5=-0.903  TEE6=-0.896
rank= 35 Lx=Ly=12 pg= 0.870 ids=  35 TEE1=-0.806 TEE2=-0.854 TEE3=-0.861  TEE4=-0.896  TEE5=-0.868  TEE6=-0.799
rank=  7 Lx=Ly=12 pg= 0.860 ids=   7 TEE1=-0.722 TEE2=-0.910 TEE3=-0.903  TEE4=-0.903  TEE5=-0.924  TEE6=-0.931
rank=  5 Lx=Ly=12 pg= 0.860 ids=   5 TEE1=-0.618 TEE2=-0.736 TEE3=-0.757  TEE4=-0.743  TEE5=-0.674  TEE6=-0.681
rank=  6 Lx=Ly=12 pg= 0.850 ids=   6 TEE1=-0.562 TEE2=-0.528 TEE3=-0.396  TEE4=-0.236  TEE5= 0.007  TEE6= 0.188
rank=  3 Lx=Ly=12 pg= 0.860 ids=   3 TEE1=-0.660 TEE2=-0.764 TEE3=-0.757  TEE4=-0.694  TEE5=-0.667  TEE6=-0.535
rank= 25 Lx=Ly=12 pg= 0.860 ids=  25 TEE1=-0.771 TEE2=-0.882 TEE3=-0.875  TEE4=-0.861  TEE5=-0.840  TEE6=-0.868
rank= 19 Lx=Ly=12 pg= 0.860 ids=  19 TEE1=-0.743 TEE2=-0.903 TEE3=-0.903  TEE4=-0.889  TEE5=-0.889  TEE6=-0.924
rank= 15 Lx=Ly=12 pg= 0.870 ids=  15 TEE1=-0.833 TEE2=-0.889 TEE3=-0.875  TEE4=-0.896  TEE5=-0.924  TEE6=-0.910
rank= 48 Lx=Ly=12 pg= 0.880 ids=  48 TEE1=-0.785 TEE2=-0.889 TEE3=-0.903  TEE4=-0.938  TEE5=-0.924  TEE6=-0.917
rank= 20 Lx=Ly=12 pg= 0.860 ids=  20 TEE1=-0.778 TEE2=-0.917 TEE3=-0.910  TEE4=-0.938  TEE5=-0.951  TEE6=-0.931
rank= 37 Lx=Ly=12 pg= 0.870 ids=  37 TEE1=-0.778 TEE2=-0.861 TEE3=-0.861  TEE4=-0.896  TEE5=-0.861  TEE6=-0.854
rank= 14 Lx=Ly=12 pg= 0.860 ids=  14 TEE1=-0.743 TEE2=-0.812 TEE3=-0.799  TEE4=-0.792  TEE5=-0.785  TEE6=-0.743
rank= 23 Lx=Ly=12 pg= 0.860 ids=  23 TEE1=-0.771 TEE2=-0.854 TEE3=-0.847  TEE4=-0.826  TEE5=-0.826  TEE6=-0.806
rank= 17 Lx=Ly=12 pg= 0.860 ids=  17 TEE1=-0.757 TEE2=-0.875 TEE3=-0.875  TEE4=-0.910  TEE5=-0.910  TEE6=-0.875
rank= 21 Lx=Ly=12 pg= 0.860 ids=  21 TEE1=-0.764 TEE2=-0.903 TEE3=-0.931  TEE4=-0.938  TEE5=-0.931  TEE6=-0.938
rank=  1 Lx=Ly=12 pg= 0.860 ids=   1 TEE1=-0.708 TEE2=-0.854 TEE3=-0.854  TEE4=-0.840  TEE5=-0.833  TEE6=-0.840
rank= 30 Lx=Ly=12 pg= 0.860 ids=  30 TEE1=-0.854 TEE2=-0.986 TEE3=-0.993  TEE4=-0.993  TEE5=-0.993  TEE6=-0.993
rank= 18 Lx=Ly=12 pg= 0.860 ids=  18 TEE1=-0.743 TEE2=-0.833 TEE3=-0.826  TEE4=-0.778  TEE5=-0.736  TEE6=-0.736
rank= 47 Lx=Ly=12 pg= 0.870 ids=  47 TEE1=-0.715 TEE2=-0.778 TEE3=-0.743  TEE4=-0.667  TEE5=-0.576  TEE6=-0.465
rank= 29 Lx=Ly=12 pg= 0.860 ids=  29 TEE1=-0.688 TEE2=-0.799 TEE3=-0.771  TEE4=-0.792  TEE5=-0.785  TEE6=-0.806
rank= 39 Lx=Ly=12 pg= 0.870 ids=  39 TEE1=-0.729 TEE2=-0.778 TEE3=-0.757  TEE4=-0.674  TEE5=-0.639  TEE6=-0.660
rank= 11 Lx=Ly=12 pg= 0.870 ids=  11 TEE1=-0.576 TEE2=-0.729 TEE3=-0.701  TEE4=-0.778  TEE5=-0.736  TEE6=-0.694
rank=  4 Lx=Ly=12 pg= 0.860 ids=   4 TEE1=-0.743 TEE2=-0.764 TEE3=-0.729  TEE4=-0.681  TEE5=-0.556  TEE6=-0.389
rank= 43 Lx=Ly=12 pg= 0.870 ids=  43 TEE1=-0.764 TEE2=-0.889 TEE3=-0.896  TEE4=-0.931  TEE5=-0.944  TEE6=-0.910
rank= 12 Lx=Ly=12 pg= 0.860 ids=  12 TEE1=-0.729 TEE2=-0.840 TEE3=-0.840  TEE4=-0.819  TEE5=-0.799  TEE6=-0.819
rank= 31 Lx=Ly=12 pg= 0.860 ids=  31 TEE1=-0.757 TEE2=-0.896 TEE3=-0.896  TEE4=-0.910  TEE5=-0.882  TEE6=-0.896
rank= 27 Lx=Ly=12 pg= 0.860 ids=  27 TEE1=-0.708 TEE2=-0.750 TEE3=-0.708  TEE4=-0.604  TEE5=-0.549  TEE6=-0.507
rank= 41 Lx=Ly=12 pg= 0.870 ids=  41 TEE1=-0.771 TEE2=-0.882 TEE3=-0.910  TEE4=-0.875  TEE5=-0.861  TEE6=-0.903
rank= 10 Lx=Ly=12 pg= 0.860 ids=  10 TEE1=-0.771 TEE2=-0.889 TEE3=-0.868  TEE4=-0.812  TEE5=-0.750  TEE6=-0.681
rank= 46 Lx=Ly=12 pg= 0.870 ids=  46 TEE1=-0.750 TEE2=-0.875 TEE3=-0.868  TEE4=-0.875  TEE5=-0.861  TEE6=-0.861
rank= 13 Lx=Ly=12 pg= 0.870 ids=  13 TEE1=-0.701 TEE2=-0.792 TEE3=-0.806  TEE4=-0.833  TEE5=-0.799  TEE6=-0.799
rank= 28 Lx=Ly=12 pg= 0.870 ids=  28 TEE1=-0.736 TEE2=-0.819 TEE3=-0.806  TEE4=-0.785  TEE5=-0.743  TEE6=-0.736
rank=  9 Lx=Ly=12 pg= 0.870 ids=   9 TEE1=-0.771 TEE2=-0.861 TEE3=-0.847  TEE4=-0.861  TEE5=-0.882  TEE6=-0.861
rank=  8 Lx=Ly=12 pg= 0.860 ids=   8 TEE1=-0.681 TEE2=-0.819 TEE3=-0.819  TEE4=-0.806  TEE5=-0.785  TEE6=-0.826
rank= 22 Lx=Ly=12 pg= 0.860 ids=  22 TEE1=-0.771 TEE2=-0.917 TEE3=-0.931  TEE4=-0.951  TEE5=-0.944  TEE6=-0.958
rank=  2 Lx=Ly=12 pg= 0.860 ids=   2 TEE1=-0.785 TEE2=-0.875 TEE3=-0.896  TEE4=-0.924  TEE5=-0.917  TEE6=-0.917
rank= 26 Lx=Ly=12 pg= 0.860 ids=  26 TEE1=-0.715 TEE2=-0.806 TEE3=-0.778  TEE4=-0.799  TEE5=-0.806  TEE6=-0.729
rank= 24 Lx=Ly=12 pg= 0.860 ids=  24 TEE1=-0.764 TEE2=-0.819 TEE3=-0.778  TEE4=-0.743  TEE5=-0.667  TEE6=-0.583
rank= 45 Lx=Ly=12 pg= 0.870 ids=  45 TEE1=-0.812 TEE2=-0.938 TEE3=-0.938  TEE4=-0.965  TEE5=-0.972  TEE6=-0.958
rank= 40 Lx=Ly=12 pg= 0.870 ids=  40 TEE1=-0.819 TEE2=-0.958 TEE3=-0.965  TEE4=-0.979  TEE5=-0.979  TEE6=-0.979
rank= 38 Lx=Ly=12 pg= 0.870 ids=  38 TEE1=-0.819 TEE2=-0.910 TEE3=-0.903  TEE4=-0.910  TEE5=-0.917  TEE6=-0.903
rank= 16 Lx=Ly=12 pg= 0.860 ids=  16 TEE1=-0.792 TEE2=-0.917 TEE3=-0.917  TEE4=-0.958  TEE5=-0.965  TEE6=-0.938
rank= 44 Lx=Ly=12 pg= 0.870 ids=  44 TEE1=-0.806 TEE2=-0.896 TEE3=-0.917  TEE4=-0.910  TEE5=-0.903  TEE6=-0.903
rank= 33 Lx=Ly=12 pg= 0.870 ids=  33 TEE1=-0.778 TEE2=-0.889 TEE3=-0.889  TEE4=-0.944  TEE5=-0.938  TEE6=-0.917
rank= 49 Lx=Ly=12 pg= 0.880 ids=  49 TEE1=-0.625 TEE2=-0.688 TEE3=-0.632  TEE4=-0.674  TEE5=-0.611  TEE6=-0.528
rank= 36 Lx=Ly=12 pg= 0.870 ids=  36 TEE1=-0.757 TEE2=-0.840 TEE3=-0.750  TEE4=-0.611  TEE5=-0.528  TEE6=-0.472
rank= 32 Lx=Ly=12 pg= 0.870 ids=  32 TEE1=-0.840 TEE2=-0.903 TEE3=-0.875  TEE4=-0.896  TEE5=-0.889  TEE6=-0.868
rank= 35 Lx=Ly=12 pg= 0.880 ids=  35 TEE1=-0.840 TEE2=-0.965 TEE3=-0.965  TEE4=-0.979  TEE5=-0.972  TEE6=-0.972
rank= 34 Lx=Ly=12 pg= 0.870 ids=  34 TEE1=-0.854 TEE2=-0.951 TEE3=-0.951  TEE4=-0.951  TEE5=-0.965  TEE6=-0.965
rank=  0 Lx=Ly=12 pg= 0.860 ids=   0 TEE1=-0.694 TEE2=-0.764 TEE3=-0.736  TEE4=-0.694  TEE5=-0.646  TEE6=-0.674
rank= 42 Lx=Ly=12 pg= 0.870 ids=  42 TEE1=-0.812 TEE2=-0.917 TEE3=-0.924  TEE4=-0.951  TEE5=-0.951  TEE6=-0.938
rank=  5 Lx=Ly=12 pg= 0.870 ids=   5 TEE1=-0.799 TEE2=-0.938 TEE3=-0.938  TEE4=-0.924  TEE5=-0.917  TEE6=-0.931
rank=  7 Lx=Ly=12 pg= 0.870 ids=   7 TEE1=-0.771 TEE2=-0.889 TEE3=-0.868  TEE4=-0.882  TEE5=-0.847  TEE6=-0.840
rank= 25 Lx=Ly=12 pg= 0.870 ids=  25 TEE1=-0.708 TEE2=-0.771 TEE3=-0.729  TEE4=-0.722  TEE5=-0.653  TEE6=-0.611
rank=  3 Lx=Ly=12 pg= 0.870 ids=   3 TEE1=-0.736 TEE2=-0.819 TEE3=-0.806  TEE4=-0.840  TEE5=-0.799  TEE6=-0.722
rank=  6 Lx=Ly=12 pg= 0.860 ids=   6 TEE1=-0.653 TEE2=-0.743 TEE3=-0.743  TEE4=-0.764  TEE5=-0.743  TEE6=-0.674
rank= 19 Lx=Ly=12 pg= 0.870 ids=  19 TEE1=-0.681 TEE2=-0.743 TEE3=-0.667  TEE4=-0.625  TEE5=-0.618  TEE6=-0.583
rank= 15 Lx=Ly=12 pg= 0.880 ids=  15 TEE1=-0.819 TEE2=-0.875 TEE3=-0.868  TEE4=-0.910  TEE5=-0.896  TEE6=-0.889
rank= 48 Lx=Ly=12 pg= 0.890 ids=  48 TEE1=-0.819 TEE2=-0.903 TEE3=-0.903  TEE4=-0.944  TEE5=-0.924  TEE6=-0.924
rank= 20 Lx=Ly=12 pg= 0.870 ids=  20 TEE1=-0.715 TEE2=-0.771 TEE3=-0.750  TEE4=-0.708  TEE5=-0.639  TEE6=-0.535
rank= 37 Lx=Ly=12 pg= 0.880 ids=  37 TEE1=-0.799 TEE2=-0.917 TEE3=-0.924  TEE4=-0.958  TEE5=-0.944  TEE6=-0.951
rank= 14 Lx=Ly=12 pg= 0.870 ids=  14 TEE1=-0.778 TEE2=-0.889 TEE3=-0.903  TEE4=-0.882  TEE5=-0.875  TEE6=-0.868
rank= 17 Lx=Ly=12 pg= 0.870 ids=  17 TEE1=-0.757 TEE2=-0.882 TEE3=-0.840  TEE4=-0.806  TEE5=-0.785  TEE6=-0.736
rank= 21 Lx=Ly=12 pg= 0.870 ids=  21 TEE1=-0.639 TEE2=-0.701 TEE3=-0.701  TEE4=-0.639  TEE5=-0.632  TEE6=-0.604
rank= 23 Lx=Ly=12 pg= 0.870 ids=  23 TEE1=-0.771 TEE2=-0.889 TEE3=-0.889  TEE4=-0.938  TEE5=-0.938  TEE6=-0.938
rank= 18 Lx=Ly=12 pg= 0.870 ids=  18 TEE1=-0.750 TEE2=-0.875 TEE3=-0.875  TEE4=-0.938  TEE5=-0.903  TEE6=-0.882
rank= 39 Lx=Ly=12 pg= 0.880 ids=  39 TEE1=-0.771 TEE2=-0.896 TEE3=-0.882  TEE4=-0.896  TEE5=-0.882  TEE6=-0.896
rank= 47 Lx=Ly=12 pg= 0.880 ids=  47 TEE1=-0.819 TEE2=-0.875 TEE3=-0.861  TEE4=-0.854  TEE5=-0.854  TEE6=-0.833
rank=  1 Lx=Ly=12 pg= 0.870 ids=   1 TEE1=-0.785 TEE2=-0.854 TEE3=-0.819  TEE4=-0.792  TEE5=-0.743  TEE6=-0.646
rank= 11 Lx=Ly=12 pg= 0.880 ids=  11 TEE1=-0.861 TEE2=-0.958 TEE3=-0.958  TEE4=-0.965  TEE5=-0.972  TEE6=-0.965
rank= 30 Lx=Ly=12 pg= 0.870 ids=  30 TEE1=-0.722 TEE2=-0.771 TEE3=-0.764  TEE4=-0.771  TEE5=-0.715  TEE6=-0.625
rank= 29 Lx=Ly=12 pg= 0.870 ids=  29 TEE1=-0.799 TEE2=-0.840 TEE3=-0.833  TEE4=-0.847  TEE5=-0.812  TEE6=-0.715
rank=  4 Lx=Ly=12 pg= 0.870 ids=   4 TEE1=-0.722 TEE2=-0.833 TEE3=-0.854  TEE4=-0.868  TEE5=-0.847  TEE6=-0.799
rank= 43 Lx=Ly=12 pg= 0.880 ids=  43 TEE1=-0.812 TEE2=-0.917 TEE3=-0.896  TEE4=-0.847  TEE5=-0.812  TEE6=-0.778
rank= 12 Lx=Ly=12 pg= 0.870 ids=  12 TEE1=-0.806 TEE2=-0.944 TEE3=-0.917  TEE4=-0.889  TEE5=-0.896  TEE6=-0.910
rank= 31 Lx=Ly=12 pg= 0.870 ids=  31 TEE1=-0.778 TEE2=-0.903 TEE3=-0.917  TEE4=-0.938  TEE5=-0.931  TEE6=-0.910
rank= 27 Lx=Ly=12 pg= 0.870 ids=  27 TEE1=-0.771 TEE2=-0.771 TEE3=-0.778  TEE4=-0.715  TEE5=-0.701  TEE6=-0.646
rank= 41 Lx=Ly=12 pg= 0.880 ids=  41 TEE1=-0.688 TEE2=-0.722 TEE3=-0.708  TEE4=-0.701  TEE5=-0.639  TEE6=-0.576
rank= 10 Lx=Ly=12 pg= 0.870 ids=  10 TEE1=-0.757 TEE2=-0.792 TEE3=-0.743  TEE4=-0.625  TEE5=-0.576  TEE6=-0.472
rank= 28 Lx=Ly=12 pg= 0.880 ids=  28 TEE1=-0.750 TEE2=-0.847 TEE3=-0.833  TEE4=-0.875  TEE5=-0.833  TEE6=-0.806
rank= 13 Lx=Ly=12 pg= 0.880 ids=  13 TEE1=-0.889 TEE2=-0.986 TEE3=-0.986  TEE4=-0.993  TEE5=-0.993  TEE6=-0.993
rank= 46 Lx=Ly=12 pg= 0.880 ids=  46 TEE1=-0.715 TEE2=-0.826 TEE3=-0.819  TEE4=-0.896  TEE5=-0.882  TEE6=-0.833
rank=  9 Lx=Ly=12 pg= 0.880 ids=   9 TEE1=-0.694 TEE2=-0.826 TEE3=-0.819  TEE4=-0.806  TEE5=-0.826  TEE6=-0.840
rank= 22 Lx=Ly=12 pg= 0.870 ids=  22 TEE1=-0.799 TEE2=-0.903 TEE3=-0.889  TEE4=-0.910  TEE5=-0.910  TEE6=-0.938
rank=  2 Lx=Ly=12 pg= 0.870 ids=   2 TEE1=-0.792 TEE2=-0.840 TEE3=-0.861  TEE4=-0.847  TEE5=-0.854  TEE6=-0.833
rank=  8 Lx=Ly=12 pg= 0.870 ids=   8 TEE1=-0.792 TEE2=-0.868 TEE3=-0.868  TEE4=-0.910  TEE5=-0.910  TEE6=-0.847
rank= 24 Lx=Ly=12 pg= 0.870 ids=  24 TEE1=-0.778 TEE2=-0.924 TEE3=-0.917  TEE4=-0.931  TEE5=-0.944  TEE6=-0.938
rank= 45 Lx=Ly=12 pg= 0.880 ids=  45 TEE1=-0.757 TEE2=-0.840 TEE3=-0.861  TEE4=-0.854  TEE5=-0.847  TEE6=-0.875
rank= 40 Lx=Ly=12 pg= 0.880 ids=  40 TEE1=-0.646 TEE2=-0.764 TEE3=-0.757  TEE4=-0.750  TEE5=-0.708  TEE6=-0.708
rank= 26 Lx=Ly=12 pg= 0.870 ids=  26 TEE1=-0.764 TEE2=-0.792 TEE3=-0.806  TEE4=-0.806  TEE5=-0.743  TEE6=-0.701
rank= 16 Lx=Ly=12 pg= 0.870 ids=  16 TEE1=-0.757 TEE2=-0.806 TEE3=-0.778  TEE4=-0.674  TEE5=-0.639  TEE6=-0.632
rank= 38 Lx=Ly=12 pg= 0.880 ids=  38 TEE1=-0.840 TEE2=-0.944 TEE3=-0.958  TEE4=-0.972  TEE5=-0.965  TEE6=-0.958
rank= 35 Lx=Ly=12 pg= 0.890 ids=  35 TEE1=-0.889 TEE2=-0.951 TEE3=-0.951  TEE4=-0.938  TEE5=-0.944  TEE6=-0.944
rank= 49 Lx=Ly=12 pg= 0.890 ids=  49 TEE1=-0.771 TEE2=-0.868 TEE3=-0.854  TEE4=-0.896  TEE5=-0.889  TEE6=-0.882
rank= 44 Lx=Ly=12 pg= 0.880 ids=  44 TEE1=-0.750 TEE2=-0.889 TEE3=-0.896  TEE4=-0.889  TEE5=-0.875  TEE6=-0.896
rank= 32 Lx=Ly=12 pg= 0.880 ids=  32 TEE1=-0.764 TEE2=-0.778 TEE3=-0.785  TEE4=-0.764  TEE5=-0.722  TEE6=-0.653
rank= 36 Lx=Ly=12 pg= 0.880 ids=  36 TEE1=-0.833 TEE2=-0.958 TEE3=-0.965  TEE4=-0.979  TEE5=-0.979  TEE6=-0.979
rank= 34 Lx=Ly=12 pg= 0.880 ids=  34 TEE1=-0.792 TEE2=-0.882 TEE3=-0.896  TEE4=-0.917  TEE5=-0.910  TEE6=-0.896
rank= 33 Lx=Ly=12 pg= 0.880 ids=  33 TEE1=-0.785 TEE2=-0.861 TEE3=-0.868  TEE4=-0.903  TEE5=-0.903  TEE6=-0.875
rank=  5 Lx=Ly=12 pg= 0.880 ids=   5 TEE1=-0.736 TEE2=-0.806 TEE3=-0.799  TEE4=-0.896  TEE5=-0.847  TEE6=-0.819
rank=  7 Lx=Ly=12 pg= 0.880 ids=   7 TEE1=-0.701 TEE2=-0.812 TEE3=-0.847  TEE4=-0.917  TEE5=-0.896  TEE6=-0.861
rank= 42 Lx=Ly=12 pg= 0.880 ids=  42 TEE1=-0.806 TEE2=-0.924 TEE3=-0.924  TEE4=-0.958  TEE5=-0.965  TEE6=-0.951
rank=  0 Lx=Ly=12 pg= 0.870 ids=   0 TEE1=-0.771 TEE2=-0.903 TEE3=-0.910  TEE4=-0.951  TEE5=-0.944  TEE6=-0.931
rank=  3 Lx=Ly=12 pg= 0.880 ids=   3 TEE1=-0.625 TEE2=-0.736 TEE3=-0.694  TEE4=-0.583  TEE5=-0.549  TEE6=-0.521
rank= 25 Lx=Ly=12 pg= 0.880 ids=  25 TEE1=-0.819 TEE2=-0.958 TEE3=-0.972  TEE4=-0.979  TEE5=-0.979  TEE6=-0.979
rank= 19 Lx=Ly=12 pg= 0.880 ids=  19 TEE1=-0.799 TEE2=-0.875 TEE3=-0.840  TEE4=-0.854  TEE5=-0.833  TEE6=-0.819
rank= 15 Lx=Ly=12 pg= 0.890 ids=  15 TEE1=-0.812 TEE2=-0.882 TEE3=-0.889  TEE4=-0.833  TEE5=-0.847  TEE6=-0.840
rank=  6 Lx=Ly=12 pg= 0.870 ids=   6 TEE1=-0.757 TEE2=-0.868 TEE3=-0.868  TEE4=-0.847  TEE5=-0.854  TEE6=-0.889
rank= 48 Lx=Ly=12 pg= 0.900 ids=  48 TEE1=-0.833 TEE2=-0.882 TEE3=-0.854  TEE4=-0.868  TEE5=-0.875  TEE6=-0.840
rank= 20 Lx=Ly=12 pg= 0.880 ids=  20 TEE1=-0.819 TEE2=-0.944 TEE3=-0.944  TEE4=-0.972  TEE5=-0.972  TEE6=-0.972
rank= 37 Lx=Ly=12 pg= 0.890 ids=  37 TEE1=-0.854 TEE2=-0.958 TEE3=-0.958  TEE4=-0.979  TEE5=-0.979  TEE6=-0.979
rank= 14 Lx=Ly=12 pg= 0.880 ids=  14 TEE1=-0.764 TEE2=-0.882 TEE3=-0.861  TEE4=-0.854  TEE5=-0.875  TEE6=-0.875
rank= 17 Lx=Ly=12 pg= 0.880 ids=  17 TEE1=-0.778 TEE2=-0.903 TEE3=-0.896  TEE4=-0.910  TEE5=-0.903  TEE6=-0.924
rank= 18 Lx=Ly=12 pg= 0.880 ids=  18 TEE1=-0.812 TEE2=-0.944 TEE3=-0.958  TEE4=-0.951  TEE5=-0.958  TEE6=-0.972
rank= 21 Lx=Ly=12 pg= 0.880 ids=  21 TEE1=-0.917 TEE2=-1.000 TEE3=-1.000  TEE4=-1.000  TEE5=-1.000  TEE6=-1.000
rank= 23 Lx=Ly=12 pg= 0.880 ids=  23 TEE1=-0.715 TEE2=-0.840 TEE3=-0.861  TEE4=-0.854  TEE5=-0.847  TEE6=-0.868
rank= 39 Lx=Ly=12 pg= 0.890 ids=  39 TEE1=-0.722 TEE2=-0.812 TEE3=-0.806  TEE4=-0.729  TEE5=-0.715  TEE6=-0.715
rank= 11 Lx=Ly=12 pg= 0.890 ids=  11 TEE1=-0.847 TEE2=-0.917 TEE3=-0.924  TEE4=-0.924  TEE5=-0.910  TEE6=-0.910
rank=  4 Lx=Ly=12 pg= 0.880 ids=   4 TEE1=-0.736 TEE2=-0.812 TEE3=-0.833  TEE4=-0.819  TEE5=-0.826  TEE6=-0.833
rank= 47 Lx=Ly=12 pg= 0.890 ids=  47 TEE1=-0.861 TEE2=-0.910 TEE3=-0.882  TEE4=-0.875  TEE5=-0.840  TEE6=-0.847
rank= 29 Lx=Ly=12 pg= 0.880 ids=  29 TEE1=-0.708 TEE2=-0.778 TEE3=-0.757  TEE4=-0.736  TEE5=-0.722  TEE6=-0.681
rank= 30 Lx=Ly=12 pg= 0.880 ids=  30 TEE1=-0.785 TEE2=-0.896 TEE3=-0.896  TEE4=-0.938  TEE5=-0.924  TEE6=-0.924
rank=  1 Lx=Ly=12 pg= 0.880 ids=   1 TEE1=-0.785 TEE2=-0.917 TEE3=-0.938  TEE4=-0.944  TEE5=-0.931  TEE6=-0.951
rank= 43 Lx=Ly=12 pg= 0.890 ids=  43 TEE1=-0.868 TEE2=-0.938 TEE3=-0.944  TEE4=-0.972  TEE5=-0.958  TEE6=-0.951
rank= 12 Lx=Ly=12 pg= 0.880 ids=  12 TEE1=-0.792 TEE2=-0.875 TEE3=-0.903  TEE4=-0.910  TEE5=-0.882  TEE6=-0.903
rank= 31 Lx=Ly=12 pg= 0.880 ids=  31 TEE1=-0.729 TEE2=-0.778 TEE3=-0.743  TEE4=-0.806  TEE5=-0.771  TEE6=-0.694
rank= 27 Lx=Ly=12 pg= 0.880 ids=  27 TEE1=-0.764 TEE2=-0.861 TEE3=-0.840  TEE4=-0.840  TEE5=-0.861  TEE6=-0.868
rank= 10 Lx=Ly=12 pg= 0.880 ids=  10 TEE1=-0.875 TEE2=-0.944 TEE3=-0.944  TEE4=-0.965  TEE5=-0.965  TEE6=-0.965
rank= 41 Lx=Ly=12 pg= 0.890 ids=  41 TEE1=-0.910 TEE2=-0.986 TEE3=-0.993  TEE4=-0.993  TEE5=-0.993  TEE6=-0.993
rank= 28 Lx=Ly=12 pg= 0.890 ids=  28 TEE1=-0.799 TEE2=-0.910 TEE3=-0.924  TEE4=-0.944  TEE5=-0.944  TEE6=-0.944
rank= 13 Lx=Ly=12 pg= 0.890 ids=  13 TEE1=-0.764 TEE2=-0.882 TEE3=-0.875  TEE4=-0.910  TEE5=-0.896  TEE6=-0.903
rank= 46 Lx=Ly=12 pg= 0.890 ids=  46 TEE1=-0.799 TEE2=-0.965 TEE3=-0.972  TEE4=-0.993  TEE5=-0.986  TEE6=-0.972
rank=  9 Lx=Ly=12 pg= 0.890 ids=   9 TEE1=-0.722 TEE2=-0.854 TEE3=-0.806  TEE4=-0.812  TEE5=-0.785  TEE6=-0.750
rank= 22 Lx=Ly=12 pg= 0.880 ids=  22 TEE1=-0.771 TEE2=-0.882 TEE3=-0.882  TEE4=-0.917  TEE5=-0.910  TEE6=-0.903
rank=  2 Lx=Ly=12 pg= 0.880 ids=   2 TEE1=-0.819 TEE2=-0.958 TEE3=-0.979  TEE4=-0.979  TEE5=-0.979  TEE6=-0.979
rank=  8 Lx=Ly=12 pg= 0.880 ids=   8 TEE1=-0.833 TEE2=-0.951 TEE3=-0.931  TEE4=-0.896  TEE5=-0.833  TEE6=-0.792
rank= 24 Lx=Ly=12 pg= 0.880 ids=  24 TEE1=-0.785 TEE2=-0.903 TEE3=-0.910  TEE4=-0.944  TEE5=-0.944  TEE6=-0.931
rank= 45 Lx=Ly=12 pg= 0.890 ids=  45 TEE1=-0.778 TEE2=-0.833 TEE3=-0.854  TEE4=-0.868  TEE5=-0.854  TEE6=-0.806
rank= 40 Lx=Ly=12 pg= 0.890 ids=  40 TEE1=-0.847 TEE2=-0.944 TEE3=-0.951  TEE4=-0.972  TEE5=-0.972  TEE6=-0.972
rank= 26 Lx=Ly=12 pg= 0.880 ids=  26 TEE1=-0.785 TEE2=-0.917 TEE3=-0.924  TEE4=-0.958  TEE5=-0.958  TEE6=-0.958
rank= 16 Lx=Ly=12 pg= 0.880 ids=  16 TEE1=-0.729 TEE2=-0.833 TEE3=-0.854  TEE4=-0.806  TEE5=-0.799  TEE6=-0.799
rank= 38 Lx=Ly=12 pg= 0.890 ids=  38 TEE1=-0.840 TEE2=-0.931 TEE3=-0.938  TEE4=-0.958  TEE5=-0.958  TEE6=-0.958
rank= 35 Lx=Ly=12 pg= 0.900 ids=  35 TEE1=-0.896 TEE2=-0.986 TEE3=-0.986  TEE4=-0.993  TEE5=-0.993  TEE6=-0.993
rank= 49 Lx=Ly=12 pg= 0.900 ids=  49 TEE1=-0.826 TEE2=-0.958 TEE3=-0.979  TEE4=-0.979  TEE5=-0.979  TEE6=-0.979
rank= 44 Lx=Ly=12 pg= 0.890 ids=  44 TEE1=-0.819 TEE2=-0.840 TEE3=-0.826  TEE4=-0.812  TEE5=-0.819  TEE6=-0.764
rank= 33 Lx=Ly=12 pg= 0.890 ids=  33 TEE1=-0.729 TEE2=-0.861 TEE3=-0.854  TEE4=-0.868  TEE5=-0.812  TEE6=-0.722
rank= 32 Lx=Ly=12 pg= 0.890 ids=  32 TEE1=-0.799 TEE2=-0.917 TEE3=-0.944  TEE4=-0.917  TEE5=-0.917  TEE6=-0.958
rank= 36 Lx=Ly=12 pg= 0.890 ids=  36 TEE1=-0.785 TEE2=-0.896 TEE3=-0.924  TEE4=-0.944  TEE5=-0.931  TEE6=-0.924
rank=  7 Lx=Ly=12 pg= 0.890 ids=   7 TEE1=-0.854 TEE2=-0.965 TEE3=-0.972  TEE4=-0.958  TEE5=-0.958  TEE6=-0.951
rank=  5 Lx=Ly=12 pg= 0.890 ids=   5 TEE1=-0.854 TEE2=-0.924 TEE3=-0.903  TEE4=-0.938  TEE5=-0.924  TEE6=-0.896
rank= 42 Lx=Ly=12 pg= 0.890 ids=  42 TEE1=-0.715 TEE2=-0.771 TEE3=-0.764  TEE4=-0.806  TEE5=-0.743  TEE6=-0.701
rank= 34 Lx=Ly=12 pg= 0.890 ids=  34 TEE1=-0.792 TEE2=-0.896 TEE3=-0.896  TEE4=-0.910  TEE5=-0.910  TEE6=-0.931
rank=  3 Lx=Ly=12 pg= 0.890 ids=   3 TEE1=-0.701 TEE2=-0.854 TEE3=-0.854  TEE4=-0.903  TEE5=-0.896  TEE6=-0.868
rank= 25 Lx=Ly=12 pg= 0.890 ids=  25 TEE1=-0.854 TEE2=-0.938 TEE3=-0.951  TEE4=-0.924  TEE5=-0.931  TEE6=-0.938
rank= 19 Lx=Ly=12 pg= 0.890 ids=  19 TEE1=-0.792 TEE2=-0.875 TEE3=-0.875  TEE4=-0.896  TEE5=-0.917  TEE6=-0.917
rank=  0 Lx=Ly=12 pg= 0.880 ids=   0 TEE1=-0.847 TEE2=-0.986 TEE3=-0.993  TEE4=-0.993  TEE5=-0.993  TEE6=-0.993
rank= 15 Lx=Ly=12 pg= 0.900 ids=  15 TEE1=-0.833 TEE2=-0.903 TEE3=-0.896  TEE4=-0.951  TEE5=-0.944  TEE6=-0.924
rank= 20 Lx=Ly=12 pg= 0.890 ids=  20 TEE1=-0.833 TEE2=-0.910 TEE3=-0.896  TEE4=-0.847  TEE5=-0.854  TEE6=-0.819
rank=  6 Lx=Ly=12 pg= 0.880 ids=   6 TEE1=-0.812 TEE2=-0.910 TEE3=-0.924  TEE4=-0.965  TEE5=-0.958  TEE6=-0.944
rank= 37 Lx=Ly=12 pg= 0.900 ids=  37 TEE1=-0.806 TEE2=-0.924 TEE3=-0.938  TEE4=-0.924  TEE5=-0.910  TEE6=-0.944
rank= 14 Lx=Ly=12 pg= 0.890 ids=  14 TEE1=-0.882 TEE2=-0.986 TEE3=-0.993  TEE4=-0.993  TEE5=-0.993  TEE6=-0.993
rank= 17 Lx=Ly=12 pg= 0.890 ids=  17 TEE1=-0.833 TEE2=-0.958 TEE3=-0.965  TEE4=-0.979  TEE5=-0.979  TEE6=-0.979
rank= 18 Lx=Ly=12 pg= 0.890 ids=  18 TEE1=-0.868 TEE2=-0.944 TEE3=-0.944  TEE4=-0.965  TEE5=-0.958  TEE6=-0.965
rank= 39 Lx=Ly=12 pg= 0.900 ids=  39 TEE1=-0.896 TEE2=-1.000 TEE3=-1.000  TEE4=-1.000  TEE5=-1.000  TEE6=-1.000
rank= 21 Lx=Ly=12 pg= 0.890 ids=  21 TEE1=-0.701 TEE2=-0.812 TEE3=-0.806  TEE4=-0.854  TEE5=-0.833  TEE6=-0.819
rank= 23 Lx=Ly=12 pg= 0.890 ids=  23 TEE1=-0.778 TEE2=-0.924 TEE3=-0.917  TEE4=-0.958  TEE5=-0.965  TEE6=-0.951
rank= 11 Lx=Ly=12 pg= 0.900 ids=  11 TEE1=-0.868 TEE2=-0.958 TEE3=-0.965  TEE4=-0.979  TEE5=-0.979  TEE6=-0.979
rank=  4 Lx=Ly=12 pg= 0.890 ids=   4 TEE1=-0.771 TEE2=-0.896 TEE3=-0.903  TEE4=-0.938  TEE5=-0.944  TEE6=-0.931
rank= 47 Lx=Ly=12 pg= 0.900 ids=  47 TEE1=-0.889 TEE2=-0.958 TEE3=-0.951  TEE4=-0.931  TEE5=-0.938  TEE6=-0.972
rank= 30 Lx=Ly=12 pg= 0.890 ids=  30 TEE1=-0.819 TEE2=-0.944 TEE3=-0.951  TEE4=-0.972  TEE5=-0.958  TEE6=-0.965
rank= 29 Lx=Ly=12 pg= 0.890 ids=  29 TEE1=-0.882 TEE2=-0.944 TEE3=-0.951  TEE4=-0.965  TEE5=-0.965  TEE6=-0.965
rank= 12 Lx=Ly=12 pg= 0.890 ids=  12 TEE1=-0.743 TEE2=-0.792 TEE3=-0.799  TEE4=-0.882  TEE5=-0.833  TEE6=-0.757
rank= 43 Lx=Ly=12 pg= 0.900 ids=  43 TEE1=-0.896 TEE2=-0.951 TEE3=-0.931  TEE4=-0.944  TEE5=-0.958  TEE6=-0.951
rank=  1 Lx=Ly=12 pg= 0.890 ids=   1 TEE1=-0.847 TEE2=-0.972 TEE3=-0.972  TEE4=-0.965  TEE5=-0.972  TEE6=-0.986
rank= 31 Lx=Ly=12 pg= 0.890 ids=  31 TEE1=-0.792 TEE2=-0.903 TEE3=-0.931  TEE4=-0.944  TEE5=-0.931  TEE6=-0.938
rank= 41 Lx=Ly=12 pg= 0.900 ids=  41 TEE1=-0.847 TEE2=-0.917 TEE3=-0.854  TEE4=-0.833  TEE5=-0.847  TEE6=-0.861
rank= 10 Lx=Ly=12 pg= 0.890 ids=  10 TEE1=-0.861 TEE2=-0.986 TEE3=-0.986  TEE4=-0.993  TEE5=-0.993  TEE6=-0.993
rank= 28 Lx=Ly=12 pg= 0.900 ids=  28 TEE1=-0.910 TEE2=-1.000 TEE3=-1.000  TEE4=-1.000  TEE5=-1.000  TEE6=-1.000
rank= 27 Lx=Ly=12 pg= 0.890 ids=  27 TEE1=-0.799 TEE2=-0.951 TEE3=-0.944  TEE4=-0.965  TEE5=-0.958  TEE6=-0.944
rank= 13 Lx=Ly=12 pg= 0.900 ids=  13 TEE1=-0.889 TEE2=-0.972 TEE3=-0.986  TEE4=-0.979  TEE5=-0.972  TEE6=-0.986
rank= 46 Lx=Ly=12 pg= 0.900 ids=  46 TEE1=-0.833 TEE2=-0.910 TEE3=-0.910  TEE4=-0.924  TEE5=-0.917  TEE6=-0.917
rank=  9 Lx=Ly=12 pg= 0.900 ids=   9 TEE1=-0.757 TEE2=-0.854 TEE3=-0.847  TEE4=-0.882  TEE5=-0.875  TEE6=-0.875
rank= 22 Lx=Ly=12 pg= 0.890 ids=  22 TEE1=-0.833 TEE2=-0.896 TEE3=-0.889  TEE4=-0.868  TEE5=-0.854  TEE6=-0.840
rank=  2 Lx=Ly=12 pg= 0.890 ids=   2 TEE1=-0.833 TEE2=-0.924 TEE3=-0.931  TEE4=-0.938  TEE5=-0.931  TEE6=-0.917
rank= 45 Lx=Ly=12 pg= 0.900 ids=  45 TEE1=-0.917 TEE2=-0.986 TEE3=-0.986  TEE4=-0.993  TEE5=-0.993  TEE6=-0.993
rank=  8 Lx=Ly=12 pg= 0.890 ids=   8 TEE1=-0.889 TEE2=-0.972 TEE3=-0.972  TEE4=-0.986  TEE5=-0.979  TEE6=-0.972
rank= 40 Lx=Ly=12 pg= 0.900 ids=  40 TEE1=-0.854 TEE2=-0.889 TEE3=-0.875  TEE4=-0.826  TEE5=-0.799  TEE6=-0.778
rank= 24 Lx=Ly=12 pg= 0.890 ids=  24 TEE1=-0.868 TEE2=-0.951 TEE3=-0.938  TEE4=-0.924  TEE5=-0.917  TEE6=-0.910
rank= 38 Lx=Ly=12 pg= 0.900 ids=  38 TEE1=-0.819 TEE2=-0.896 TEE3=-0.882  TEE4=-0.868  TEE5=-0.868  TEE6=-0.896
rank= 44 Lx=Ly=12 pg= 0.900 ids=  44 TEE1=-0.833 TEE2=-0.931 TEE3=-0.924  TEE4=-0.938  TEE5=-0.944  TEE6=-0.958
rank= 16 Lx=Ly=12 pg= 0.890 ids=  16 TEE1=-0.882 TEE2=-0.958 TEE3=-0.965  TEE4=-0.958  TEE5=-0.965  TEE6=-0.979
rank= 26 Lx=Ly=12 pg= 0.890 ids=  26 TEE1=-0.799 TEE2=-0.896 TEE3=-0.889  TEE4=-0.812  TEE5=-0.819  TEE6=-0.826
rank= 32 Lx=Ly=12 pg= 0.900 ids=  32 TEE1=-0.847 TEE2=-0.972 TEE3=-0.979  TEE4=-0.986  TEE5=-0.986  TEE6=-0.986
rank= 42 Lx=Ly=12 pg= 0.900 ids=  42 TEE1=-0.826 TEE2=-0.917 TEE3=-0.931  TEE4=-0.903  TEE5=-0.903  TEE6=-0.889
rank=  7 Lx=Ly=12 pg= 0.900 ids=   7 TEE1=-0.785 TEE2=-0.903 TEE3=-0.910  TEE4=-0.938  TEE5=-0.938  TEE6=-0.944
rank=  5 Lx=Ly=12 pg= 0.900 ids=   5 TEE1=-0.847 TEE2=-0.917 TEE3=-0.931  TEE4=-0.924  TEE5=-0.917  TEE6=-0.889
rank= 36 Lx=Ly=12 pg= 0.900 ids=  36 TEE1=-0.854 TEE2=-0.958 TEE3=-0.951  TEE4=-0.951  TEE5=-0.951  TEE6=-0.972
rank=  3 Lx=Ly=12 pg= 0.900 ids=   3 TEE1=-0.833 TEE2=-0.896 TEE3=-0.910  TEE4=-0.951  TEE5=-0.944  TEE6=-0.924
rank= 34 Lx=Ly=12 pg= 0.900 ids=  34 TEE1=-0.861 TEE2=-0.896 TEE3=-0.889  TEE4=-0.924  TEE5=-0.903  TEE6=-0.826
rank= 25 Lx=Ly=12 pg= 0.900 ids=  25 TEE1=-0.903 TEE2=-0.972 TEE3=-0.972  TEE4=-0.986  TEE5=-0.986  TEE6=-0.986
rank= 19 Lx=Ly=12 pg= 0.900 ids=  19 TEE1=-0.771 TEE2=-0.854 TEE3=-0.833  TEE4=-0.819  TEE5=-0.771  TEE6=-0.771
rank= 33 Lx=Ly=12 pg= 0.900 ids=  33 TEE1=-0.778 TEE2=-0.924 TEE3=-0.910  TEE4=-0.951  TEE5=-0.944  TEE6=-0.931
rank=  0 Lx=Ly=12 pg= 0.890 ids=   0 TEE1=-0.812 TEE2=-0.896 TEE3=-0.896  TEE4=-0.868  TEE5=-0.854  TEE6=-0.799
rank= 20 Lx=Ly=12 pg= 0.900 ids=  20 TEE1=-0.757 TEE2=-0.861 TEE3=-0.868  TEE4=-0.938  TEE5=-0.924  TEE6=-0.903
rank=  6 Lx=Ly=12 pg= 0.890 ids=   6 TEE1=-0.868 TEE2=-0.972 TEE3=-0.965  TEE4=-0.979  TEE5=-0.972  TEE6=-0.979
rank= 14 Lx=Ly=12 pg= 0.900 ids=  14 TEE1=-0.799 TEE2=-0.917 TEE3=-0.910  TEE4=-0.875  TEE5=-0.868  TEE6=-0.882
rank= 18 Lx=Ly=12 pg= 0.900 ids=  18 TEE1=-0.771 TEE2=-0.889 TEE3=-0.889  TEE4=-0.944  TEE5=-0.931  TEE6=-0.903
rank= 17 Lx=Ly=12 pg= 0.900 ids=  17 TEE1=-0.875 TEE2=-0.931 TEE3=-0.931  TEE4=-0.951  TEE5=-0.958  TEE6=-0.951
rank= 21 Lx=Ly=12 pg= 0.900 ids=  21 TEE1=-0.785 TEE2=-0.861 TEE3=-0.861  TEE4=-0.882  TEE5=-0.875  TEE6=-0.882
rank=  4 Lx=Ly=12 pg= 0.900 ids=   4 TEE1=-0.826 TEE2=-0.924 TEE3=-0.917  TEE4=-0.938  TEE5=-0.951  TEE6=-0.951
rank= 23 Lx=Ly=12 pg= 0.900 ids=  23 TEE1=-0.854 TEE2=-0.972 TEE3=-0.972  TEE4=-0.986  TEE5=-0.986  TEE6=-0.986
rank= 29 Lx=Ly=12 pg= 0.900 ids=  29 TEE1=-0.799 TEE2=-0.944 TEE3=-0.972  TEE4=-0.958  TEE5=-0.944  TEE6=-0.972
rank= 30 Lx=Ly=12 pg= 0.900 ids=  30 TEE1=-0.861 TEE2=-0.958 TEE3=-0.965  TEE4=-0.979  TEE5=-0.979  TEE6=-0.979
rank= 12 Lx=Ly=12 pg= 0.900 ids=  12 TEE1=-0.889 TEE2=-0.986 TEE3=-0.986  TEE4=-0.993  TEE5=-0.993  TEE6=-0.993
rank=  1 Lx=Ly=12 pg= 0.900 ids=   1 TEE1=-0.785 TEE2=-0.889 TEE3=-0.903  TEE4=-0.917  TEE5=-0.917  TEE6=-0.924
rank= 31 Lx=Ly=12 pg= 0.900 ids=  31 TEE1=-0.750 TEE2=-0.868 TEE3=-0.896  TEE4=-0.917  TEE5=-0.896  TEE6=-0.924
rank= 10 Lx=Ly=12 pg= 0.900 ids=  10 TEE1=-0.854 TEE2=-0.944 TEE3=-0.951  TEE4=-0.972  TEE5=-0.972  TEE6=-0.972
rank= 27 Lx=Ly=12 pg= 0.900 ids=  27 TEE1=-0.847 TEE2=-0.944 TEE3=-0.951  TEE4=-0.972  TEE5=-0.972  TEE6=-0.972
rank= 22 Lx=Ly=12 pg= 0.900 ids=  22 TEE1=-0.826 TEE2=-0.917 TEE3=-0.958  TEE4=-0.910  TEE5=-0.903  TEE6=-0.958
rank=  2 Lx=Ly=12 pg= 0.900 ids=   2 TEE1=-0.833 TEE2=-0.917 TEE3=-0.931  TEE4=-0.958  TEE5=-0.951  TEE6=-0.944
rank=  8 Lx=Ly=12 pg= 0.900 ids=   8 TEE1=-0.875 TEE2=-0.972 TEE3=-0.972  TEE4=-0.986  TEE5=-0.986  TEE6=-0.986
rank= 24 Lx=Ly=12 pg= 0.900 ids=  24 TEE1=-0.847 TEE2=-0.972 TEE3=-0.965  TEE4=-0.972  TEE5=-0.972  TEE6=-0.979
rank= 26 Lx=Ly=12 pg= 0.900 ids=  26 TEE1=-0.771 TEE2=-0.889 TEE3=-0.854  TEE4=-0.840  TEE5=-0.847  TEE6=-0.819
rank= 16 Lx=Ly=12 pg= 0.900 ids=  16 TEE1=-0.882 TEE2=-0.951 TEE3=-0.958  TEE4=-0.986  TEE5=-0.979  TEE6=-0.965
rank=  0 Lx=Ly=12 pg= 0.900 ids=   0 TEE1=-0.840 TEE2=-0.958 TEE3=-0.958  TEE4=-0.972  TEE5=-0.972  TEE6=-0.972
rank=  6 Lx=Ly=12 pg= 0.900 ids=   6 TEE1=-0.854 TEE2=-0.889 TEE3=-0.840  TEE4=-0.799  TEE5=-0.764  TEE6=-0.771
Lx=12, pg=0.700 :
  TEE1: ave=0.0037 ± 0.0074, var=0.0027
  TEE2: ave=0.0278 ± 0.0047, var=0.0011
  TEE3: ave=0.0396 ± 0.0064, var=0.0020
  TEE4: ave=0.0335 ± 0.0074, var=0.0027
  TEE5: ave=0.0353 ± 0.0079, var=0.0031
  TEE6: ave=0.0375 ± 0.0074, var=0.0027
Lx=12, pg=0.710 :
  TEE1: ave=-0.0264 ± 0.0111, var=0.0060
  TEE2: ave=0.0189 ± 0.0067, var=0.0022
  TEE3: ave=0.0378 ± 0.0057, var=0.0016
  TEE4: ave=0.0379 ± 0.0052, var=0.0013
  TEE5: ave=0.0426 ± 0.0057, var=0.0016
  TEE6: ave=0.0437 ± 0.0064, var=0.0020
Lx=12, pg=0.720 :
  TEE1: ave=-0.0308 ± 0.0104, var=0.0053
  TEE2: ave=0.0257 ± 0.0069, var=0.0023
  TEE3: ave=0.0581 ± 0.0089, var=0.0039
  TEE4: ave=0.0635 ± 0.0119, var=0.0069
  TEE5: ave=0.0714 ± 0.0139, var=0.0095
  TEE6: ave=0.0803 ± 0.0173, var=0.0147
Lx=12, pg=0.730 :
  TEE1: ave=-0.0550 ± 0.0129, var=0.0081
  TEE2: ave=0.0169 ± 0.0091, var=0.0041
  TEE3: ave=0.0601 ± 0.0091, var=0.0040
  TEE4: ave=0.0724 ± 0.0120, var=0.0071
  TEE5: ave=0.0810 ± 0.0131, var=0.0084
  TEE6: ave=0.0883 ± 0.0154, var=0.0116
Lx=12, pg=0.740 :
  TEE1: ave=-0.0749 ± 0.0112, var=0.0062
  TEE2: ave=0.0078 ± 0.0091, var=0.0041
  TEE3: ave=0.0600 ± 0.0093, var=0.0042
  TEE4: ave=0.0650 ± 0.0106, var=0.0056
  TEE5: ave=0.0753 ± 0.0116, var=0.0066
  TEE6: ave=0.0819 ± 0.0128, var=0.0081
Lx=12, pg=0.750 :
  TEE1: ave=-0.1665 ± 0.0188, var=0.0173
  TEE2: ave=-0.0522 ± 0.0187, var=0.0171
  TEE3: ave=0.0296 ± 0.0145, var=0.0103
  TEE4: ave=0.0700 ± 0.0134, var=0.0088
  TEE5: ave=0.1079 ± 0.0162, var=0.0129
  TEE6: ave=0.1353 ± 0.0209, var=0.0215
Lx=12, pg=0.760 :
  TEE1: ave=-0.1960 ± 0.0153, var=0.0114
  TEE2: ave=-0.0803 ± 0.0140, var=0.0096
  TEE3: ave=0.0343 ± 0.0098, var=0.0047
  TEE4: ave=0.0875 ± 0.0138, var=0.0093
  TEE5: ave=0.1179 ± 0.0184, var=0.0167
  TEE6: ave=0.1374 ± 0.0224, var=0.0246
Lx=12, pg=0.770 :
  TEE1: ave=-0.2439 ± 0.0149, var=0.0109
  TEE2: ave=-0.0992 ± 0.0168, var=0.0138
  TEE3: ave=0.0251 ± 0.0142, var=0.0098
  TEE4: ave=0.0901 ± 0.0158, var=0.0122
  TEE5: ave=0.1306 ± 0.0187, var=0.0172
  TEE6: ave=0.1711 ± 0.0245, var=0.0293
Lx=12, pg=0.780 :
  TEE1: ave=-0.2839 ± 0.0178, var=0.0156
  TEE2: ave=-0.1556 ± 0.0203, var=0.0201
  TEE3: ave=-0.0279 ± 0.0187, var=0.0171
  TEE4: ave=0.0543 ± 0.0179, var=0.0157
  TEE5: ave=0.1271 ± 0.0197, var=0.0190
  TEE6: ave=0.1804 ± 0.0266, var=0.0348
Lx=12, pg=0.790 :
  TEE1: ave=-0.3599 ± 0.0172, var=0.0145
  TEE2: ave=-0.2446 ± 0.0232, var=0.0265
  TEE3: ave=-0.0958 ± 0.0222, var=0.0240
  TEE4: ave=0.0108 ± 0.0220, var=0.0236
  TEE5: ave=0.0924 ± 0.0228, var=0.0254
  TEE6: ave=0.1639 ± 0.0258, var=0.0327
Lx=12, pg=0.800 :
  TEE1: ave=-0.4487 ± 0.0189, var=0.0175
  TEE2: ave=-0.3872 ± 0.0280, var=0.0385
  TEE3: ave=-0.2475 ± 0.0328, var=0.0528
  TEE4: ave=-0.1035 ± 0.0362, var=0.0643
  TEE5: ave=0.0217 ± 0.0380, var=0.0709
  TEE6: ave=0.1457 ± 0.0428, var=0.0896
Lx=12, pg=0.810 :
  TEE1: ave=-0.5094 ± 0.0139, var=0.0095
  TEE2: ave=-0.4919 ± 0.0228, var=0.0255
  TEE3: ave=-0.3700 ± 0.0292, var=0.0418
  TEE4: ave=-0.2550 ± 0.0345, var=0.0584
  TEE5: ave=-0.1342 ± 0.0385, var=0.0727
  TEE6: ave=-0.0046 ± 0.0417, var=0.0854
Lx=12, pg=0.820 :
  TEE1: ave=-0.5549 ± 0.0139, var=0.0095
  TEE2: ave=-0.5692 ± 0.0210, var=0.0216
  TEE3: ave=-0.4715 ± 0.0272, var=0.0362
  TEE4: ave=-0.3588 ± 0.0330, var=0.0535
  TEE5: ave=-0.2629 ± 0.0381, var=0.0711
  TEE6: ave=-0.1406 ± 0.0423, var=0.0879
Lx=12, pg=0.830 :
  TEE1: ave=-0.6003 ± 0.0117, var=0.0067
  TEE2: ave=-0.6435 ± 0.0183, var=0.0164
  TEE3: ave=-0.5801 ± 0.0243, var=0.0290
  TEE4: ave=-0.5015 ± 0.0314, var=0.0483
  TEE5: ave=-0.4326 ± 0.0366, var=0.0655
  TEE6: ave=-0.3519 ± 0.0423, var=0.0878
Lx=12, pg=0.840 :
  TEE1: ave=-0.6757 ± 0.0090, var=0.0040
  TEE2: ave=-0.7567 ± 0.0124, var=0.0075
  TEE3: ave=-0.7233 ± 0.0159, var=0.0124
  TEE4: ave=-0.6851 ± 0.0196, var=0.0189
  TEE5: ave=-0.6389 ± 0.0241, var=0.0283
  TEE6: ave=-0.5882 ± 0.0307, var=0.0463
Lx=12, pg=0.850 :
  TEE1: ave=-0.6913 ± 0.0090, var=0.0039
  TEE2: ave=-0.7683 ± 0.0128, var=0.0081
  TEE3: ave=-0.7367 ± 0.0168, var=0.0138
  TEE4: ave=-0.7000 ± 0.0232, var=0.0263
  TEE5: ave=-0.6571 ± 0.0292, var=0.0417
  TEE6: ave=-0.5976 ± 0.0359, var=0.0632
Lx=12, pg=0.860 :
  TEE1: ave=-0.7353 ± 0.0083, var=0.0034
  TEE2: ave=-0.8385 ± 0.0110, var=0.0059
  TEE3: ave=-0.8276 ± 0.0129, var=0.0082
  TEE4: ave=-0.8182 ± 0.0171, var=0.0143
  TEE5: ave=-0.7917 ± 0.0215, var=0.0226
  TEE6: ave=-0.7699 ± 0.0260, var=0.0332
Lx=12, pg=0.870 :
  TEE1: ave=-0.7653 ± 0.0070, var=0.0024
  TEE2: ave=-0.8547 ± 0.0087, var=0.0037
  TEE3: ave=-0.8456 ± 0.0103, var=0.0052
  TEE4: ave=-0.8421 ± 0.0146, var=0.0104
  TEE5: ave=-0.8226 ± 0.0172, var=0.0146
  TEE6: ave=-0.7947 ± 0.0204, var=0.0204
Lx=12, pg=0.880 :
  TEE1: ave=-0.7776 ± 0.0088, var=0.0038
  TEE2: ave=-0.8786 ± 0.0102, var=0.0051
  TEE3: ave=-0.8778 ± 0.0115, var=0.0065
  TEE4: ave=-0.8893 ± 0.0128, var=0.0080
  TEE5: ave=-0.8767 ± 0.0145, var=0.0102
  TEE6: ave=-0.8660 ± 0.0168, var=0.0138
Lx=12, pg=0.890 :
  TEE1: ave=-0.8158 ± 0.0075, var=0.0028
  TEE2: ave=-0.9114 ± 0.0073, var=0.0026
  TEE3: ave=-0.9118 ± 0.0079, var=0.0031
  TEE4: ave=-0.9194 ± 0.0086, var=0.0036
  TEE5: ave=-0.9117 ± 0.0095, var=0.0045
  TEE6: ave=-0.9018 ± 0.0116, var=0.0066
Lx=12, pg=0.900 :
  TEE1: ave=-0.8378 ± 0.0062, var=0.0019
  TEE2: ave=-0.9287 ± 0.0057, var=0.0016
  TEE3: ave=-0.9278 ± 0.0066, var=0.0021
  TEE4: ave=-0.9358 ± 0.0073, var=0.0026
  TEE5: ave=-0.9315 ± 0.0081, var=0.0032
  TEE6: ave=-0.9311 ± 0.0087, var=0.0037
pz= 0.09999999999999998 Np= 21 Nd= 50 NT= 4320 time= 460
srun: Job step aborted: Waiting up to 42 seconds for job step to finish.
slurmstepd: error: *** JOB 2647162 ON c15u01n3 CANCELLED AT 2025-08-29T18:03:56 ***
