rank=100 Lx=Ly=22 pg= 0.700 ids= 100 TEE1= 0.041 TEE2= 0.066 TEE3= 0.076  TEE4= 0.079
rank=102 Lx=Ly=22 pg= 0.700 ids= 102 TEE1=-0.010 TEE2= 0.010 TEE3= 0.012  TEE4= 0.012
rank= 98 Lx=Ly=22 pg= 0.700 ids=  98 TEE1= 0.029 TEE2= 0.029 TEE3= 0.035  TEE4= 0.039
rank= 37 Lx=Ly=22 pg= 0.700 ids=  37 TEE1= 0.037 TEE2= 0.045 TEE3= 0.056  TEE4= 0.064
rank= 33 Lx=Ly=22 pg= 0.700 ids=  33 TEE1=-0.014 TEE2= 0.000 TEE3= 0.004  TEE4= 0.002
rank= 39 Lx=Ly=22 pg= 0.700 ids=  39 TEE1= 0.014 TEE2= 0.035 TEE3= 0.041  TEE4= 0.029
rank= 12 Lx=Ly=22 pg= 0.700 ids=  12 TEE1= 0.008 TEE2= 0.052 TEE3= 0.056  TEE4= 0.045
rank= 35 Lx=Ly=22 pg= 0.700 ids=  35 TEE1= 0.033 TEE2= 0.050 TEE3= 0.052  TEE4= 0.052
rank= 41 Lx=Ly=22 pg= 0.700 ids=  41 TEE1=-0.052 TEE2= 0.043 TEE3= 0.052  TEE4= 0.033
rank= 43 Lx=Ly=22 pg= 0.700 ids=  43 TEE1=-0.021 TEE2= 0.029 TEE3= 0.041  TEE4= 0.033
rank= 47 Lx=Ly=22 pg= 0.700 ids=  47 TEE1= 0.010 TEE2= 0.035 TEE3= 0.045  TEE4= 0.039
rank=  8 Lx=Ly=22 pg= 0.700 ids=   8 TEE1= 0.012 TEE2= 0.066 TEE3= 0.066  TEE4= 0.043
rank= 97 Lx=Ly=22 pg= 0.700 ids=  97 TEE1= 0.021 TEE2= 0.043 TEE3= 0.058  TEE4= 0.043
rank=  3 Lx=Ly=22 pg= 0.700 ids=   3 TEE1= 0.006 TEE2= 0.027 TEE3= 0.033  TEE4= 0.029
rank=101 Lx=Ly=22 pg= 0.700 ids= 101 TEE1=-0.008 TEE2= 0.010 TEE3= 0.012  TEE4= 0.008
rank= 14 Lx=Ly=22 pg= 0.700 ids=  14 TEE1=-0.027 TEE2=-0.006 TEE3= 0.021  TEE4= 0.019
rank= 45 Lx=Ly=22 pg= 0.700 ids=  45 TEE1= 0.021 TEE2= 0.039 TEE3= 0.035  TEE4= 0.037
rank= 99 Lx=Ly=22 pg= 0.700 ids=  99 TEE1=-0.054 TEE2= 0.021 TEE3= 0.064  TEE4= 0.126
rank= 15 Lx=Ly=22 pg= 0.700 ids=  15 TEE1= 0.039 TEE2= 0.027 TEE3= 0.027  TEE4= 0.017
rank= 42 Lx=Ly=22 pg= 0.700 ids=  42 TEE1= 0.045 TEE2= 0.008 TEE3= 0.008  TEE4= 0.004
rank=  5 Lx=Ly=22 pg= 0.700 ids=   5 TEE1=-0.010 TEE2= 0.025 TEE3= 0.037  TEE4= 0.019
rank= 96 Lx=Ly=22 pg= 0.700 ids=  96 TEE1= 0.021 TEE2= 0.048 TEE3= 0.048  TEE4= 0.039
rank= 11 Lx=Ly=22 pg= 0.700 ids=  11 TEE1= 0.004 TEE2= 0.033 TEE3= 0.056  TEE4= 0.068
rank=  2 Lx=Ly=22 pg= 0.700 ids=   2 TEE1= 0.002 TEE2= 0.064 TEE3= 0.076  TEE4= 0.070
rank= 40 Lx=Ly=22 pg= 0.700 ids=  40 TEE1=-0.033 TEE2= 0.012 TEE3= 0.012  TEE4= 0.025
rank=  1 Lx=Ly=22 pg= 0.700 ids=   1 TEE1= 0.012 TEE2= 0.029 TEE3= 0.035  TEE4= 0.023
rank=  9 Lx=Ly=22 pg= 0.700 ids=   9 TEE1= 0.035 TEE2= 0.060 TEE3= 0.058  TEE4= 0.076
rank=110 Lx=Ly=22 pg= 0.700 ids= 110 TEE1= 0.014 TEE2= 0.039 TEE3= 0.037  TEE4= 0.025
rank= 13 Lx=Ly=22 pg= 0.700 ids=  13 TEE1= 0.019 TEE2= 0.004 TEE3= 0.008  TEE4= 0.004
rank= 44 Lx=Ly=22 pg= 0.700 ids=  44 TEE1= 0.008 TEE2= 0.037 TEE3= 0.037  TEE4= 0.035
rank= 38 Lx=Ly=22 pg= 0.700 ids=  38 TEE1=-0.004 TEE2= 0.004 TEE3= 0.019  TEE4= 0.012
rank= 34 Lx=Ly=22 pg= 0.700 ids=  34 TEE1=-0.010 TEE2= 0.029 TEE3= 0.029  TEE4= 0.019
rank=  4 Lx=Ly=22 pg= 0.700 ids=   4 TEE1=-0.029 TEE2= 0.017 TEE3= 0.031  TEE4= 0.021
rank=104 Lx=Ly=22 pg= 0.700 ids= 104 TEE1=-0.002 TEE2= 0.010 TEE3= 0.012  TEE4= 0.006
rank= 32 Lx=Ly=22 pg= 0.700 ids=  32 TEE1=-0.068 TEE2= 0.012 TEE3= 0.037  TEE4= 0.039
rank=  7 Lx=Ly=22 pg= 0.700 ids=   7 TEE1= 0.000 TEE2= 0.023 TEE3= 0.043  TEE4= 0.029
rank= 46 Lx=Ly=22 pg= 0.700 ids=  46 TEE1= 0.017 TEE2= 0.023 TEE3= 0.023  TEE4= 0.019
rank=  6 Lx=Ly=22 pg= 0.700 ids=   6 TEE1= 0.010 TEE2= 0.021 TEE3= 0.027  TEE4= 0.014
rank=  0 Lx=Ly=22 pg= 0.700 ids=   0 TEE1=-0.025 TEE2=-0.006 TEE3= 0.008  TEE4= 0.002
rank=106 Lx=Ly=22 pg= 0.700 ids= 106 TEE1= 0.000 TEE2= 0.041 TEE3= 0.056  TEE4= 0.056
rank= 10 Lx=Ly=22 pg= 0.700 ids=  10 TEE1=-0.004 TEE2= 0.027 TEE3= 0.029  TEE4= 0.031
rank= 65 Lx=Ly=22 pg= 0.700 ids=  65 TEE1= 0.002 TEE2= 0.025 TEE3= 0.035  TEE4= 0.027
rank=107 Lx=Ly=22 pg= 0.700 ids= 107 TEE1= 0.037 TEE2= 0.035 TEE3= 0.039  TEE4= 0.021
rank=103 Lx=Ly=22 pg= 0.700 ids= 103 TEE1=-0.019 TEE2= 0.000 TEE3= 0.014  TEE4= 0.010
rank= 36 Lx=Ly=22 pg= 0.700 ids=  36 TEE1=-0.050 TEE2= 0.033 TEE3= 0.068  TEE4= 0.095
rank= 51 Lx=Ly=22 pg= 0.700 ids=  51 TEE1= 0.025 TEE2= 0.037 TEE3= 0.033  TEE4= 0.039
rank=108 Lx=Ly=22 pg= 0.700 ids= 108 TEE1=-0.010 TEE2= 0.062 TEE3= 0.070  TEE4= 0.058
rank=111 Lx=Ly=22 pg= 0.700 ids= 111 TEE1=-0.027 TEE2= 0.019 TEE3= 0.019  TEE4= 0.014
rank=105 Lx=Ly=22 pg= 0.700 ids= 105 TEE1=-0.017 TEE2=-0.033 TEE3=-0.012  TEE4= 0.006
rank= 71 Lx=Ly=22 pg= 0.700 ids=  71 TEE1=-0.072 TEE2=-0.014 TEE3= 0.002  TEE4= 0.014
rank= 53 Lx=Ly=22 pg= 0.700 ids=  53 TEE1= 0.050 TEE2= 0.025 TEE3= 0.019  TEE4= 0.027
rank= 59 Lx=Ly=22 pg= 0.700 ids=  59 TEE1=-0.012 TEE2= 0.000 TEE3= 0.014  TEE4= 0.014
rank= 67 Lx=Ly=22 pg= 0.700 ids=  67 TEE1= 0.000 TEE2= 0.050 TEE3= 0.045  TEE4= 0.029
rank= 49 Lx=Ly=22 pg= 0.700 ids=  49 TEE1=-0.004 TEE2= 0.025 TEE3= 0.054  TEE4= 0.064
rank= 69 Lx=Ly=22 pg= 0.700 ids=  69 TEE1=-0.095 TEE2= 0.006 TEE3= 0.048  TEE4= 0.050
rank=112 Lx=Ly=22 pg= 0.700 ids= 112 TEE1=-0.058 TEE2=-0.017 TEE3= 0.021  TEE4= 0.035
rank= 57 Lx=Ly=22 pg= 0.700 ids=  57 TEE1=-0.012 TEE2= 0.027 TEE3= 0.037  TEE4= 0.017
rank=121 Lx=Ly=22 pg= 0.700 ids= 121 TEE1=-0.081 TEE2=-0.012 TEE3= 0.023  TEE4= 0.019
rank= 25 Lx=Ly=22 pg= 0.700 ids=  25 TEE1= 0.017 TEE2= 0.029 TEE3= 0.031  TEE4= 0.025
rank=125 Lx=Ly=22 pg= 0.700 ids= 125 TEE1= 0.029 TEE2= 0.000 TEE3= 0.000  TEE4= 0.000
rank= 30 Lx=Ly=22 pg= 0.700 ids=  30 TEE1= 0.017 TEE2= 0.033 TEE3= 0.045  TEE4= 0.043
rank=118 Lx=Ly=22 pg= 0.700 ids= 118 TEE1= 0.039 TEE2= 0.029 TEE3= 0.025  TEE4= 0.017
rank=116 Lx=Ly=22 pg= 0.700 ids= 116 TEE1=-0.012 TEE2= 0.008 TEE3= 0.012  TEE4= 0.010
rank= 16 Lx=Ly=22 pg= 0.700 ids=  16 TEE1=-0.054 TEE2= 0.021 TEE3= 0.045  TEE4= 0.058
rank= 31 Lx=Ly=22 pg= 0.700 ids=  31 TEE1=-0.006 TEE2= 0.031 TEE3= 0.054  TEE4= 0.070
rank=127 Lx=Ly=22 pg= 0.700 ids= 127 TEE1= 0.039 TEE2= 0.043 TEE3= 0.045  TEE4= 0.017
rank=122 Lx=Ly=22 pg= 0.700 ids= 122 TEE1=-0.012 TEE2= 0.023 TEE3= 0.048  TEE4= 0.029
rank= 27 Lx=Ly=22 pg= 0.700 ids=  27 TEE1=-0.004 TEE2= 0.014 TEE3= 0.012  TEE4= 0.010
rank= 50 Lx=Ly=22 pg= 0.700 ids=  50 TEE1=-0.017 TEE2= 0.004 TEE3= 0.008  TEE4= 0.008
rank= 22 Lx=Ly=22 pg= 0.700 ids=  22 TEE1= 0.091 TEE2= 0.052 TEE3= 0.056  TEE4= 0.045
rank= 20 Lx=Ly=22 pg= 0.700 ids=  20 TEE1= 0.054 TEE2= 0.062 TEE3= 0.070  TEE4= 0.062
rank=124 Lx=Ly=22 pg= 0.700 ids= 124 TEE1=-0.010 TEE2= 0.014 TEE3= 0.050  TEE4= 0.064
rank= 63 Lx=Ly=22 pg= 0.700 ids=  63 TEE1= 0.021 TEE2= 0.039 TEE3= 0.037  TEE4= 0.039
rank= 56 Lx=Ly=22 pg= 0.700 ids=  56 TEE1=-0.019 TEE2= 0.010 TEE3= 0.017  TEE4= 0.017
rank= 23 Lx=Ly=22 pg= 0.700 ids=  23 TEE1=-0.027 TEE2= 0.000 TEE3= 0.017  TEE4= 0.019
rank=120 Lx=Ly=22 pg= 0.700 ids= 120 TEE1=-0.002 TEE2= 0.012 TEE3= 0.027  TEE4= 0.039
rank= 48 Lx=Ly=22 pg= 0.700 ids=  48 TEE1=-0.004 TEE2= 0.025 TEE3= 0.052  TEE4= 0.050
rank= 26 Lx=Ly=22 pg= 0.700 ids=  26 TEE1=-0.019 TEE2= 0.027 TEE3= 0.052  TEE4= 0.045
rank= 28 Lx=Ly=22 pg= 0.700 ids=  28 TEE1=-0.014 TEE2= 0.029 TEE3= 0.035  TEE4= 0.031
rank= 61 Lx=Ly=22 pg= 0.700 ids=  61 TEE1= 0.004 TEE2= 0.039 TEE3= 0.043  TEE4= 0.037
rank= 58 Lx=Ly=22 pg= 0.700 ids=  58 TEE1= 0.023 TEE2= 0.017 TEE3= 0.019  TEE4= 0.021
rank= 17 Lx=Ly=22 pg= 0.700 ids=  17 TEE1=-0.062 TEE2= 0.014 TEE3= 0.045  TEE4= 0.048
rank= 55 Lx=Ly=22 pg= 0.700 ids=  55 TEE1=-0.012 TEE2= 0.023 TEE3= 0.031  TEE4= 0.023
rank=109 Lx=Ly=22 pg= 0.700 ids= 109 TEE1= 0.002 TEE2= 0.017 TEE3= 0.019  TEE4= 0.021
rank= 75 Lx=Ly=22 pg= 0.700 ids=  75 TEE1=-0.029 TEE2=-0.002 TEE3= 0.012  TEE4= 0.023
rank= 19 Lx=Ly=22 pg= 0.700 ids=  19 TEE1=-0.019 TEE2= 0.033 TEE3= 0.048  TEE4= 0.027
rank= 24 Lx=Ly=22 pg= 0.700 ids=  24 TEE1= 0.021 TEE2= 0.019 TEE3= 0.019  TEE4= 0.014
rank= 21 Lx=Ly=22 pg= 0.700 ids=  21 TEE1=-0.002 TEE2= 0.017 TEE3= 0.014  TEE4= 0.008
rank= 73 Lx=Ly=22 pg= 0.700 ids=  73 TEE1=-0.010 TEE2= 0.045 TEE3= 0.064  TEE4= 0.052
rank= 54 Lx=Ly=22 pg= 0.700 ids=  54 TEE1=-0.002 TEE2= 0.004 TEE3= 0.014  TEE4= 0.012
rank= 79 Lx=Ly=22 pg= 0.700 ids=  79 TEE1= 0.039 TEE2= 0.058 TEE3= 0.083  TEE4= 0.085
rank= 77 Lx=Ly=22 pg= 0.700 ids=  77 TEE1= 0.056 TEE2= 0.037 TEE3= 0.041  TEE4= 0.035
rank=117 Lx=Ly=22 pg= 0.700 ids= 117 TEE1=-0.035 TEE2= 0.014 TEE3= 0.021  TEE4= 0.017
rank= 62 Lx=Ly=22 pg= 0.700 ids=  62 TEE1=-0.004 TEE2= 0.037 TEE3= 0.076  TEE4= 0.091
rank=119 Lx=Ly=22 pg= 0.700 ids= 119 TEE1=-0.056 TEE2=-0.002 TEE3= 0.004  TEE4= 0.002
rank=114 Lx=Ly=22 pg= 0.700 ids= 114 TEE1=-0.041 TEE2= 0.014 TEE3= 0.023  TEE4= 0.025
rank=113 Lx=Ly=22 pg= 0.700 ids= 113 TEE1= 0.004 TEE2= 0.025 TEE3= 0.027  TEE4= 0.025
rank= 18 Lx=Ly=22 pg= 0.700 ids=  18 TEE1=-0.068 TEE2= 0.025 TEE3= 0.043  TEE4= 0.039
rank= 60 Lx=Ly=22 pg= 0.700 ids=  60 TEE1= 0.002 TEE2= 0.010 TEE3= 0.023  TEE4= 0.025
rank=126 Lx=Ly=22 pg= 0.700 ids= 126 TEE1=-0.019 TEE2= 0.012 TEE3= 0.017  TEE4= 0.006
rank= 52 Lx=Ly=22 pg= 0.700 ids=  52 TEE1= 0.050 TEE2= 0.029 TEE3= 0.031  TEE4= 0.014
rank=115 Lx=Ly=22 pg= 0.700 ids= 115 TEE1=-0.031 TEE2= 0.048 TEE3= 0.062  TEE4= 0.043
rank= 83 Lx=Ly=22 pg= 0.700 ids=  83 TEE1= 0.012 TEE2= 0.033 TEE3= 0.043  TEE4= 0.041
rank= 87 Lx=Ly=22 pg= 0.700 ids=  87 TEE1=-0.006 TEE2= 0.023 TEE3= 0.027  TEE4= 0.019
rank=123 Lx=Ly=22 pg= 0.700 ids= 123 TEE1=-0.008 TEE2= 0.012 TEE3= 0.027  TEE4= 0.037
rank= 93 Lx=Ly=22 pg= 0.700 ids=  93 TEE1= 0.037 TEE2= 0.043 TEE3= 0.041  TEE4= 0.021
rank= 89 Lx=Ly=22 pg= 0.700 ids=  89 TEE1=-0.033 TEE2= 0.014 TEE3= 0.023  TEE4= 0.025
rank= 29 Lx=Ly=22 pg= 0.700 ids=  29 TEE1= 0.002 TEE2= 0.066 TEE3= 0.085  TEE4= 0.087
rank= 85 Lx=Ly=22 pg= 0.700 ids=  85 TEE1= 0.029 TEE2= 0.014 TEE3= 0.019  TEE4= 0.017
rank= 91 Lx=Ly=22 pg= 0.700 ids=  91 TEE1= 0.000 TEE2= 0.060 TEE3= 0.083  TEE4= 0.083
rank= 74 Lx=Ly=22 pg= 0.700 ids=  74 TEE1= 0.019 TEE2= 0.041 TEE3= 0.048  TEE4= 0.043
rank= 64 Lx=Ly=22 pg= 0.700 ids=  64 TEE1=-0.052 TEE2= 0.010 TEE3= 0.039  TEE4= 0.039
rank= 66 Lx=Ly=22 pg= 0.700 ids=  66 TEE1=-0.010 TEE2= 0.072 TEE3= 0.120  TEE4= 0.149
rank= 78 Lx=Ly=22 pg= 0.700 ids=  78 TEE1= 0.035 TEE2= 0.023 TEE3= 0.039  TEE4= 0.029
rank= 81 Lx=Ly=22 pg= 0.700 ids=  81 TEE1= 0.000 TEE2= 0.041 TEE3= 0.045  TEE4= 0.043
rank= 68 Lx=Ly=22 pg= 0.700 ids=  68 TEE1=-0.010 TEE2= 0.039 TEE3= 0.054  TEE4= 0.037
rank= 95 Lx=Ly=22 pg= 0.700 ids=  95 TEE1=-0.008 TEE2= 0.010 TEE3= 0.012  TEE4= 0.010
rank= 70 Lx=Ly=22 pg= 0.700 ids=  70 TEE1= 0.012 TEE2= 0.050 TEE3= 0.050  TEE4= 0.054
rank= 72 Lx=Ly=22 pg= 0.700 ids=  72 TEE1=-0.006 TEE2= 0.031 TEE3= 0.048  TEE4= 0.035
rank= 76 Lx=Ly=22 pg= 0.700 ids=  76 TEE1= 0.000 TEE2= 0.045 TEE3= 0.052  TEE4= 0.058
rank= 82 Lx=Ly=22 pg= 0.700 ids=  82 TEE1= 0.019 TEE2= 0.043 TEE3= 0.043  TEE4= 0.031
rank= 88 Lx=Ly=22 pg= 0.700 ids=  88 TEE1= 0.035 TEE2= 0.060 TEE3= 0.062  TEE4= 0.079
rank= 86 Lx=Ly=22 pg= 0.700 ids=  86 TEE1=-0.031 TEE2= 0.029 TEE3= 0.066  TEE4= 0.050
rank= 94 Lx=Ly=22 pg= 0.700 ids=  94 TEE1= 0.031 TEE2= 0.048 TEE3= 0.045  TEE4= 0.025
rank= 80 Lx=Ly=22 pg= 0.700 ids=  80 TEE1=-0.029 TEE2= 0.014 TEE3= 0.021  TEE4= 0.014
rank= 84 Lx=Ly=22 pg= 0.700 ids=  84 TEE1=-0.025 TEE2= 0.027 TEE3= 0.070  TEE4= 0.066
rank= 92 Lx=Ly=22 pg= 0.700 ids=  92 TEE1=-0.066 TEE2= 0.050 TEE3= 0.070  TEE4= 0.054
rank= 90 Lx=Ly=22 pg= 0.700 ids=  90 TEE1= 0.056 TEE2= 0.043 TEE3= 0.041  TEE4= 0.025
rank=100 Lx=Ly=22 pg= 0.710 ids= 100 TEE1=-0.039 TEE2=-0.014 TEE3= 0.023  TEE4= 0.025
rank= 98 Lx=Ly=22 pg= 0.710 ids=  98 TEE1= 0.033 TEE2= 0.048 TEE3= 0.048  TEE4= 0.035
rank=102 Lx=Ly=22 pg= 0.710 ids= 102 TEE1=-0.014 TEE2= 0.048 TEE3= 0.068  TEE4= 0.072
rank= 96 Lx=Ly=22 pg= 0.710 ids=  96 TEE1=-0.050 TEE2=-0.006 TEE3= 0.048  TEE4= 0.085
rank= 37 Lx=Ly=22 pg= 0.710 ids=  37 TEE1=-0.037 TEE2= 0.019 TEE3= 0.056  TEE4= 0.062
rank= 33 Lx=Ly=22 pg= 0.710 ids=  33 TEE1= 0.002 TEE2= 0.029 TEE3= 0.035  TEE4= 0.025
rank= 35 Lx=Ly=22 pg= 0.710 ids=  35 TEE1=-0.060 TEE2= 0.002 TEE3= 0.037  TEE4= 0.070
rank= 39 Lx=Ly=22 pg= 0.710 ids=  39 TEE1=-0.017 TEE2= 0.058 TEE3= 0.076  TEE4= 0.087
rank= 12 Lx=Ly=22 pg= 0.710 ids=  12 TEE1= 0.010 TEE2= 0.056 TEE3= 0.062  TEE4= 0.041
rank= 97 Lx=Ly=22 pg= 0.710 ids=  97 TEE1=-0.112 TEE2=-0.012 TEE3= 0.048  TEE4= 0.091
rank=  8 Lx=Ly=22 pg= 0.710 ids=   8 TEE1=-0.006 TEE2= 0.041 TEE3= 0.043  TEE4= 0.052
rank= 41 Lx=Ly=22 pg= 0.710 ids=  41 TEE1= 0.008 TEE2= 0.017 TEE3= 0.029  TEE4= 0.029
rank= 99 Lx=Ly=22 pg= 0.710 ids=  99 TEE1=-0.029 TEE2= 0.021 TEE3= 0.033  TEE4= 0.023
rank= 47 Lx=Ly=22 pg= 0.710 ids=  47 TEE1=-0.017 TEE2= 0.060 TEE3= 0.074  TEE4= 0.066
rank= 45 Lx=Ly=22 pg= 0.710 ids=  45 TEE1=-0.039 TEE2= 0.050 TEE3= 0.076  TEE4= 0.064
rank= 43 Lx=Ly=22 pg= 0.710 ids=  43 TEE1=-0.041 TEE2= 0.000 TEE3= 0.019  TEE4= 0.014
rank=  3 Lx=Ly=22 pg= 0.710 ids=   3 TEE1=-0.045 TEE2= 0.017 TEE3= 0.035  TEE4= 0.033
rank= 42 Lx=Ly=22 pg= 0.710 ids=  42 TEE1= 0.017 TEE2= 0.027 TEE3= 0.025  TEE4= 0.010
rank=  5 Lx=Ly=22 pg= 0.710 ids=   5 TEE1=-0.060 TEE2= 0.006 TEE3= 0.012  TEE4= 0.014
rank=110 Lx=Ly=22 pg= 0.710 ids= 110 TEE1=-0.083 TEE2=-0.010 TEE3= 0.014  TEE4= 0.008
rank=  9 Lx=Ly=22 pg= 0.710 ids=   9 TEE1=-0.101 TEE2=-0.012 TEE3= 0.054  TEE4= 0.058
rank= 11 Lx=Ly=22 pg= 0.710 ids=  11 TEE1=-0.124 TEE2= 0.002 TEE3= 0.035  TEE4= 0.033
rank=  1 Lx=Ly=22 pg= 0.710 ids=   1 TEE1=-0.045 TEE2= 0.002 TEE3= 0.033  TEE4= 0.039
rank= 13 Lx=Ly=22 pg= 0.710 ids=  13 TEE1=-0.058 TEE2= 0.012 TEE3= 0.041  TEE4= 0.033
rank=104 Lx=Ly=22 pg= 0.710 ids= 104 TEE1=-0.014 TEE2= 0.048 TEE3= 0.058  TEE4= 0.037
rank= 40 Lx=Ly=22 pg= 0.710 ids=  40 TEE1=-0.004 TEE2= 0.037 TEE3= 0.052  TEE4= 0.068
rank=106 Lx=Ly=22 pg= 0.710 ids= 106 TEE1= 0.054 TEE2= 0.048 TEE3= 0.045  TEE4= 0.066
rank= 65 Lx=Ly=22 pg= 0.710 ids=  65 TEE1=-0.037 TEE2=-0.010 TEE3= 0.010  TEE4= 0.023
rank=101 Lx=Ly=22 pg= 0.710 ids= 101 TEE1= 0.054 TEE2= 0.039 TEE3= 0.041  TEE4= 0.043
rank= 15 Lx=Ly=22 pg= 0.710 ids=  15 TEE1=-0.076 TEE2=-0.008 TEE3= 0.039  TEE4= 0.060
rank=108 Lx=Ly=22 pg= 0.710 ids= 108 TEE1=-0.066 TEE2= 0.021 TEE3= 0.052  TEE4= 0.060
rank=  2 Lx=Ly=22 pg= 0.710 ids=   2 TEE1= 0.006 TEE2= 0.021 TEE3= 0.035  TEE4= 0.023
rank=103 Lx=Ly=22 pg= 0.710 ids= 103 TEE1= 0.027 TEE2= 0.021 TEE3= 0.021  TEE4= 0.019
rank= 14 Lx=Ly=22 pg= 0.710 ids=  14 TEE1=-0.017 TEE2= 0.085 TEE3= 0.120  TEE4= 0.132
rank= 67 Lx=Ly=22 pg= 0.710 ids=  67 TEE1= 0.023 TEE2= 0.050 TEE3= 0.050  TEE4= 0.041
rank= 46 Lx=Ly=22 pg= 0.710 ids=  46 TEE1=-0.093 TEE2= 0.043 TEE3= 0.112  TEE4= 0.147
rank=  7 Lx=Ly=22 pg= 0.710 ids=   7 TEE1=-0.004 TEE2= 0.019 TEE3= 0.019  TEE4= 0.021
rank= 44 Lx=Ly=22 pg= 0.710 ids=  44 TEE1=-0.014 TEE2= 0.008 TEE3= 0.025  TEE4= 0.027
rank= 38 Lx=Ly=22 pg= 0.710 ids=  38 TEE1= 0.010 TEE2= 0.050 TEE3= 0.054  TEE4= 0.056
rank= 34 Lx=Ly=22 pg= 0.710 ids=  34 TEE1= 0.008 TEE2= 0.076 TEE3= 0.074  TEE4= 0.050
rank=  4 Lx=Ly=22 pg= 0.710 ids=   4 TEE1=-0.054 TEE2= 0.014 TEE3= 0.062  TEE4= 0.083
rank= 32 Lx=Ly=22 pg= 0.710 ids=  32 TEE1=-0.037 TEE2= 0.010 TEE3= 0.052  TEE4= 0.048
rank= 10 Lx=Ly=22 pg= 0.710 ids=  10 TEE1= 0.006 TEE2= 0.029 TEE3= 0.041  TEE4= 0.041
rank=  6 Lx=Ly=22 pg= 0.710 ids=   6 TEE1=-0.079 TEE2= 0.031 TEE3= 0.072  TEE4= 0.070
rank=107 Lx=Ly=22 pg= 0.710 ids= 107 TEE1= 0.021 TEE2= 0.056 TEE3= 0.074  TEE4= 0.095
rank= 71 Lx=Ly=22 pg= 0.710 ids=  71 TEE1=-0.060 TEE2= 0.031 TEE3= 0.043  TEE4= 0.039
rank=111 Lx=Ly=22 pg= 0.710 ids= 111 TEE1= 0.002 TEE2= 0.045 TEE3= 0.076  TEE4= 0.083
rank= 51 Lx=Ly=22 pg= 0.710 ids=  51 TEE1=-0.019 TEE2= 0.017 TEE3= 0.031  TEE4= 0.045
rank= 69 Lx=Ly=22 pg= 0.710 ids=  69 TEE1= 0.006 TEE2= 0.025 TEE3= 0.029  TEE4= 0.031
rank=105 Lx=Ly=22 pg= 0.710 ids= 105 TEE1=-0.043 TEE2= 0.010 TEE3= 0.021  TEE4= 0.006
rank=  0 Lx=Ly=22 pg= 0.710 ids=   0 TEE1=-0.048 TEE2= 0.010 TEE3= 0.023  TEE4= 0.027
rank= 57 Lx=Ly=22 pg= 0.710 ids=  57 TEE1= 0.004 TEE2= 0.025 TEE3= 0.033  TEE4= 0.019
rank= 49 Lx=Ly=22 pg= 0.710 ids=  49 TEE1= 0.019 TEE2= 0.000 TEE3= 0.000  TEE4= 0.000
rank= 36 Lx=Ly=22 pg= 0.710 ids=  36 TEE1= 0.039 TEE2= 0.035 TEE3= 0.041  TEE4= 0.052
rank=112 Lx=Ly=22 pg= 0.710 ids= 112 TEE1= 0.039 TEE2= 0.008 TEE3= 0.008  TEE4= 0.004
rank= 59 Lx=Ly=22 pg= 0.710 ids=  59 TEE1=-0.008 TEE2= 0.031 TEE3= 0.043  TEE4= 0.050
rank= 25 Lx=Ly=22 pg= 0.710 ids=  25 TEE1=-0.062 TEE2=-0.006 TEE3= 0.012  TEE4= 0.008
rank= 53 Lx=Ly=22 pg= 0.710 ids=  53 TEE1=-0.058 TEE2=-0.008 TEE3= 0.002  TEE4= 0.004
rank=116 Lx=Ly=22 pg= 0.710 ids= 116 TEE1=-0.004 TEE2= 0.017 TEE3= 0.019  TEE4= 0.010
rank= 31 Lx=Ly=22 pg= 0.710 ids=  31 TEE1=-0.037 TEE2= 0.010 TEE3= 0.029  TEE4= 0.027
rank= 27 Lx=Ly=22 pg= 0.710 ids=  27 TEE1= 0.037 TEE2= 0.025 TEE3= 0.025  TEE4= 0.017
rank=118 Lx=Ly=22 pg= 0.710 ids= 118 TEE1=-0.035 TEE2=-0.004 TEE3= 0.027  TEE4= 0.048
rank= 75 Lx=Ly=22 pg= 0.710 ids=  75 TEE1=-0.064 TEE2=-0.029 TEE3= 0.004  TEE4= 0.019
rank=122 Lx=Ly=22 pg= 0.710 ids= 122 TEE1=-0.035 TEE2= 0.041 TEE3= 0.039  TEE4= 0.025
rank= 63 Lx=Ly=22 pg= 0.710 ids=  63 TEE1= 0.048 TEE2= 0.095 TEE3= 0.114  TEE4= 0.101
rank= 19 Lx=Ly=22 pg= 0.710 ids=  19 TEE1= 0.019 TEE2= 0.048 TEE3= 0.048  TEE4= 0.048
rank=109 Lx=Ly=22 pg= 0.710 ids= 109 TEE1=-0.019 TEE2= 0.037 TEE3= 0.050  TEE4= 0.035
rank= 77 Lx=Ly=22 pg= 0.710 ids=  77 TEE1=-0.033 TEE2= 0.002 TEE3= 0.012  TEE4= 0.008
rank=127 Lx=Ly=22 pg= 0.710 ids= 127 TEE1=-0.056 TEE2= 0.021 TEE3= 0.062  TEE4= 0.076
rank=121 Lx=Ly=22 pg= 0.710 ids= 121 TEE1=-0.043 TEE2= 0.048 TEE3= 0.062  TEE4= 0.043
rank= 23 Lx=Ly=22 pg= 0.710 ids=  23 TEE1=-0.070 TEE2=-0.014 TEE3= 0.017  TEE4= 0.017
rank= 30 Lx=Ly=22 pg= 0.710 ids=  30 TEE1=-0.093 TEE2= 0.012 TEE3= 0.064  TEE4= 0.101
rank= 56 Lx=Ly=22 pg= 0.710 ids=  56 TEE1=-0.058 TEE2= 0.054 TEE3= 0.068  TEE4= 0.070
rank= 73 Lx=Ly=22 pg= 0.710 ids=  73 TEE1= 0.006 TEE2= 0.008 TEE3= 0.019  TEE4= 0.017
rank= 58 Lx=Ly=22 pg= 0.710 ids=  58 TEE1= 0.045 TEE2= 0.033 TEE3= 0.033  TEE4= 0.054
rank=120 Lx=Ly=22 pg= 0.710 ids= 120 TEE1= 0.012 TEE2= 0.017 TEE3= 0.027  TEE4= 0.014
rank= 61 Lx=Ly=22 pg= 0.710 ids=  61 TEE1=-0.107 TEE2=-0.048 TEE3= 0.027  TEE4= 0.058
rank= 17 Lx=Ly=22 pg= 0.710 ids=  17 TEE1=-0.037 TEE2=-0.014 TEE3= 0.027  TEE4= 0.039
rank=124 Lx=Ly=22 pg= 0.710 ids= 124 TEE1= 0.023 TEE2= 0.050 TEE3= 0.074  TEE4= 0.076
rank= 16 Lx=Ly=22 pg= 0.710 ids=  16 TEE1=-0.037 TEE2= 0.010 TEE3= 0.019  TEE4= 0.014
rank=125 Lx=Ly=22 pg= 0.710 ids= 125 TEE1=-0.083 TEE2=-0.012 TEE3= 0.031  TEE4= 0.056
rank= 21 Lx=Ly=22 pg= 0.710 ids=  21 TEE1=-0.035 TEE2= 0.004 TEE3= 0.012  TEE4= 0.014
rank=126 Lx=Ly=22 pg= 0.710 ids= 126 TEE1= 0.004 TEE2= 0.039 TEE3= 0.043  TEE4= 0.054
rank= 20 Lx=Ly=22 pg= 0.710 ids=  20 TEE1=-0.041 TEE2= 0.035 TEE3= 0.070  TEE4= 0.089
rank= 55 Lx=Ly=22 pg= 0.710 ids=  55 TEE1= 0.033 TEE2= 0.066 TEE3= 0.085  TEE4= 0.089
rank= 48 Lx=Ly=22 pg= 0.710 ids=  48 TEE1=-0.004 TEE2= 0.014 TEE3= 0.029  TEE4= 0.045
rank= 26 Lx=Ly=22 pg= 0.710 ids=  26 TEE1=-0.006 TEE2= 0.014 TEE3= 0.014  TEE4= 0.012
rank= 28 Lx=Ly=22 pg= 0.710 ids=  28 TEE1= 0.060 TEE2= 0.060 TEE3= 0.087  TEE4= 0.066
rank=114 Lx=Ly=22 pg= 0.710 ids= 114 TEE1=-0.029 TEE2= 0.045 TEE3= 0.066  TEE4= 0.062
rank= 22 Lx=Ly=22 pg= 0.710 ids=  22 TEE1=-0.017 TEE2= 0.017 TEE3= 0.039  TEE4= 0.029
rank= 24 Lx=Ly=22 pg= 0.710 ids=  24 TEE1= 0.039 TEE2= 0.050 TEE3= 0.058  TEE4= 0.043
rank= 79 Lx=Ly=22 pg= 0.710 ids=  79 TEE1=-0.043 TEE2= 0.027 TEE3= 0.066  TEE4= 0.110
rank= 18 Lx=Ly=22 pg= 0.710 ids=  18 TEE1= 0.017 TEE2= 0.060 TEE3= 0.074  TEE4= 0.103
rank=119 Lx=Ly=22 pg= 0.710 ids= 119 TEE1= 0.014 TEE2= 0.031 TEE3= 0.031  TEE4= 0.023
rank=113 Lx=Ly=22 pg= 0.710 ids= 113 TEE1= 0.004 TEE2= 0.037 TEE3= 0.041  TEE4= 0.033
rank= 50 Lx=Ly=22 pg= 0.710 ids=  50 TEE1=-0.081 TEE2= 0.021 TEE3= 0.060  TEE4= 0.062
rank= 29 Lx=Ly=22 pg= 0.710 ids=  29 TEE1=-0.126 TEE2=-0.072 TEE3=-0.021  TEE4= 0.043
rank= 62 Lx=Ly=22 pg= 0.710 ids=  62 TEE1=-0.012 TEE2= 0.029 TEE3= 0.035  TEE4= 0.031
rank=117 Lx=Ly=22 pg= 0.710 ids= 117 TEE1=-0.010 TEE2= 0.031 TEE3= 0.035  TEE4= 0.031
rank= 52 Lx=Ly=22 pg= 0.710 ids=  52 TEE1= 0.021 TEE2= 0.037 TEE3= 0.041  TEE4= 0.039
rank=115 Lx=Ly=22 pg= 0.710 ids= 115 TEE1= 0.017 TEE2= 0.010 TEE3= 0.014  TEE4= 0.008
rank= 54 Lx=Ly=22 pg= 0.710 ids=  54 TEE1=-0.122 TEE2= 0.002 TEE3= 0.041  TEE4= 0.048
rank= 83 Lx=Ly=22 pg= 0.710 ids=  83 TEE1=-0.014 TEE2= 0.025 TEE3= 0.037  TEE4= 0.023
rank= 87 Lx=Ly=22 pg= 0.710 ids=  87 TEE1= 0.019 TEE2= 0.037 TEE3= 0.045  TEE4= 0.029
rank= 60 Lx=Ly=22 pg= 0.710 ids=  60 TEE1=-0.031 TEE2= 0.027 TEE3= 0.031  TEE4= 0.041
rank=123 Lx=Ly=22 pg= 0.710 ids= 123 TEE1=-0.074 TEE2=-0.019 TEE3= 0.029  TEE4= 0.039
rank= 89 Lx=Ly=22 pg= 0.710 ids=  89 TEE1=-0.014 TEE2= 0.050 TEE3= 0.072  TEE4= 0.095
rank= 85 Lx=Ly=22 pg= 0.710 ids=  85 TEE1=-0.019 TEE2= 0.025 TEE3= 0.045  TEE4= 0.050
rank= 93 Lx=Ly=22 pg= 0.710 ids=  93 TEE1=-0.050 TEE2= 0.027 TEE3= 0.048  TEE4= 0.060
rank= 95 Lx=Ly=22 pg= 0.710 ids=  95 TEE1=-0.054 TEE2= 0.039 TEE3= 0.056  TEE4= 0.052
rank= 91 Lx=Ly=22 pg= 0.710 ids=  91 TEE1= 0.014 TEE2= 0.050 TEE3= 0.058  TEE4= 0.054
rank= 81 Lx=Ly=22 pg= 0.710 ids=  81 TEE1= 0.035 TEE2= 0.048 TEE3= 0.056  TEE4= 0.068
rank= 64 Lx=Ly=22 pg= 0.710 ids=  64 TEE1= 0.021 TEE2= 0.031 TEE3= 0.035  TEE4= 0.025
rank= 74 Lx=Ly=22 pg= 0.710 ids=  74 TEE1=-0.008 TEE2= 0.033 TEE3= 0.066  TEE4= 0.081
rank= 68 Lx=Ly=22 pg= 0.710 ids=  68 TEE1=-0.062 TEE2= 0.025 TEE3= 0.052  TEE4= 0.079
rank= 66 Lx=Ly=22 pg= 0.710 ids=  66 TEE1= 0.002 TEE2= 0.029 TEE3= 0.035  TEE4= 0.021
rank= 78 Lx=Ly=22 pg= 0.710 ids=  78 TEE1=-0.008 TEE2= 0.025 TEE3= 0.033  TEE4= 0.029
rank= 70 Lx=Ly=22 pg= 0.710 ids=  70 TEE1= 0.041 TEE2= 0.060 TEE3= 0.070  TEE4= 0.083
rank= 72 Lx=Ly=22 pg= 0.710 ids=  72 TEE1=-0.087 TEE2= 0.002 TEE3= 0.056  TEE4= 0.074
rank= 76 Lx=Ly=22 pg= 0.710 ids=  76 TEE1= 0.008 TEE2= 0.006 TEE3= 0.008  TEE4= 0.004
rank= 82 Lx=Ly=22 pg= 0.710 ids=  82 TEE1= 0.045 TEE2= 0.017 TEE3= 0.014  TEE4= 0.008
rank= 94 Lx=Ly=22 pg= 0.710 ids=  94 TEE1=-0.031 TEE2= 0.043 TEE3= 0.058  TEE4= 0.048
rank= 88 Lx=Ly=22 pg= 0.710 ids=  88 TEE1= 0.010 TEE2= 0.017 TEE3= 0.031  TEE4= 0.039
rank= 86 Lx=Ly=22 pg= 0.710 ids=  86 TEE1=-0.064 TEE2= 0.027 TEE3= 0.033  TEE4= 0.023
rank= 80 Lx=Ly=22 pg= 0.710 ids=  80 TEE1=-0.031 TEE2= 0.037 TEE3= 0.058  TEE4= 0.039
rank= 84 Lx=Ly=22 pg= 0.710 ids=  84 TEE1=-0.033 TEE2= 0.027 TEE3= 0.035  TEE4= 0.058
rank= 92 Lx=Ly=22 pg= 0.710 ids=  92 TEE1=-0.035 TEE2=-0.008 TEE3= 0.014  TEE4= 0.029
rank= 90 Lx=Ly=22 pg= 0.710 ids=  90 TEE1= 0.008 TEE2= 0.052 TEE3= 0.052  TEE4= 0.043
rank=100 Lx=Ly=22 pg= 0.720 ids= 100 TEE1=-0.058 TEE2=-0.002 TEE3= 0.052  TEE4= 0.103
rank= 98 Lx=Ly=22 pg= 0.720 ids=  98 TEE1=-0.035 TEE2= 0.017 TEE3= 0.021  TEE4= 0.019
rank=102 Lx=Ly=22 pg= 0.720 ids= 102 TEE1=-0.021 TEE2=-0.010 TEE3= 0.004  TEE4= 0.006
rank= 96 Lx=Ly=22 pg= 0.720 ids=  96 TEE1=-0.031 TEE2= 0.021 TEE3= 0.052  TEE4= 0.043
rank= 12 Lx=Ly=22 pg= 0.720 ids=  12 TEE1=-0.035 TEE2= 0.012 TEE3= 0.048  TEE4= 0.068
rank= 97 Lx=Ly=22 pg= 0.720 ids=  97 TEE1=-0.039 TEE2= 0.010 TEE3= 0.033  TEE4= 0.037
rank=  8 Lx=Ly=22 pg= 0.720 ids=   8 TEE1=-0.054 TEE2=-0.008 TEE3= 0.025  TEE4= 0.027
rank= 99 Lx=Ly=22 pg= 0.720 ids=  99 TEE1=-0.043 TEE2=-0.012 TEE3= 0.012  TEE4= 0.008
rank=110 Lx=Ly=22 pg= 0.720 ids= 110 TEE1=-0.017 TEE2= 0.043 TEE3= 0.066  TEE4= 0.076
rank= 33 Lx=Ly=22 pg= 0.720 ids=  33 TEE1= 0.008 TEE2= 0.027 TEE3= 0.035  TEE4= 0.043
rank= 35 Lx=Ly=22 pg= 0.720 ids=  35 TEE1= 0.033 TEE2= 0.012 TEE3= 0.010  TEE4= 0.008
rank=106 Lx=Ly=22 pg= 0.720 ids= 106 TEE1=-0.006 TEE2= 0.010 TEE3= 0.021  TEE4= 0.017
rank=104 Lx=Ly=22 pg= 0.720 ids= 104 TEE1=-0.031 TEE2= 0.012 TEE3= 0.014  TEE4= 0.008
rank= 37 Lx=Ly=22 pg= 0.720 ids=  37 TEE1=-0.002 TEE2= 0.037 TEE3= 0.039  TEE4= 0.043
rank=108 Lx=Ly=22 pg= 0.720 ids= 108 TEE1=-0.054 TEE2= 0.035 TEE3= 0.064  TEE4= 0.087
rank= 39 Lx=Ly=22 pg= 0.720 ids=  39 TEE1=-0.085 TEE2=-0.021 TEE3= 0.010  TEE4= 0.060
rank=101 Lx=Ly=22 pg= 0.720 ids= 101 TEE1=-0.008 TEE2= 0.033 TEE3= 0.037  TEE4= 0.041
rank= 42 Lx=Ly=22 pg= 0.720 ids=  42 TEE1=-0.079 TEE2=-0.033 TEE3=-0.004  TEE4= 0.017
rank= 65 Lx=Ly=22 pg= 0.720 ids=  65 TEE1=-0.079 TEE2= 0.033 TEE3= 0.056  TEE4= 0.039
rank= 14 Lx=Ly=22 pg= 0.720 ids=  14 TEE1=-0.056 TEE2= 0.004 TEE3= 0.031  TEE4= 0.031
rank= 41 Lx=Ly=22 pg= 0.720 ids=  41 TEE1=-0.066 TEE2= 0.010 TEE3= 0.041  TEE4= 0.058
rank= 45 Lx=Ly=22 pg= 0.720 ids=  45 TEE1=-0.043 TEE2=-0.021 TEE3= 0.000  TEE4= 0.017
rank= 47 Lx=Ly=22 pg= 0.720 ids=  47 TEE1= 0.002 TEE2= 0.048 TEE3= 0.085  TEE4= 0.079
rank= 40 Lx=Ly=22 pg= 0.720 ids=  40 TEE1= 0.019 TEE2= 0.056 TEE3= 0.068  TEE4= 0.083
rank= 43 Lx=Ly=22 pg= 0.720 ids=  43 TEE1=-0.054 TEE2= 0.002 TEE3= 0.035  TEE4= 0.050
rank=  3 Lx=Ly=22 pg= 0.720 ids=   3 TEE1= 0.031 TEE2= 0.058 TEE3= 0.056  TEE4= 0.062
rank=  2 Lx=Ly=22 pg= 0.720 ids=   2 TEE1=-0.023 TEE2= 0.097 TEE3= 0.132  TEE4= 0.143
rank=103 Lx=Ly=22 pg= 0.720 ids= 103 TEE1= 0.002 TEE2= 0.008 TEE3= 0.010  TEE4= 0.006
rank=  5 Lx=Ly=22 pg= 0.720 ids=   5 TEE1=-0.008 TEE2= 0.035 TEE3= 0.048  TEE4= 0.039
rank= 13 Lx=Ly=22 pg= 0.720 ids=  13 TEE1=-0.021 TEE2= 0.041 TEE3= 0.056  TEE4= 0.081
rank=  9 Lx=Ly=22 pg= 0.720 ids=   9 TEE1=-0.079 TEE2= 0.023 TEE3= 0.066  TEE4= 0.081
rank= 67 Lx=Ly=22 pg= 0.720 ids=  67 TEE1=-0.008 TEE2= 0.027 TEE3= 0.045  TEE4= 0.033
rank=  1 Lx=Ly=22 pg= 0.720 ids=   1 TEE1=-0.060 TEE2= 0.017 TEE3= 0.029  TEE4= 0.031
rank= 11 Lx=Ly=22 pg= 0.720 ids=  11 TEE1=-0.006 TEE2= 0.070 TEE3= 0.087  TEE4= 0.060
rank= 46 Lx=Ly=22 pg= 0.720 ids=  46 TEE1=-0.002 TEE2= 0.014 TEE3= 0.045  TEE4= 0.031
rank= 10 Lx=Ly=22 pg= 0.720 ids=  10 TEE1= 0.008 TEE2= 0.043 TEE3= 0.058  TEE4= 0.039
rank= 15 Lx=Ly=22 pg= 0.720 ids=  15 TEE1=-0.004 TEE2= 0.027 TEE3= 0.033  TEE4= 0.050
rank= 38 Lx=Ly=22 pg= 0.720 ids=  38 TEE1= 0.021 TEE2= 0.074 TEE3= 0.076  TEE4= 0.089
rank=  6 Lx=Ly=22 pg= 0.720 ids=   6 TEE1=-0.014 TEE2= 0.037 TEE3= 0.056  TEE4= 0.066
rank= 71 Lx=Ly=22 pg= 0.720 ids=  71 TEE1=-0.076 TEE2=-0.070 TEE3=-0.035  TEE4=-0.006
rank=  4 Lx=Ly=22 pg= 0.720 ids=   4 TEE1= 0.023 TEE2= 0.054 TEE3= 0.074  TEE4= 0.072
rank= 44 Lx=Ly=22 pg= 0.720 ids=  44 TEE1=-0.097 TEE2= 0.004 TEE3= 0.058  TEE4= 0.087
rank=107 Lx=Ly=22 pg= 0.720 ids= 107 TEE1=-0.021 TEE2= 0.012 TEE3= 0.033  TEE4= 0.031
rank= 69 Lx=Ly=22 pg= 0.720 ids=  69 TEE1=-0.060 TEE2= 0.023 TEE3= 0.048  TEE4= 0.041
rank=  7 Lx=Ly=22 pg= 0.720 ids=   7 TEE1=-0.041 TEE2= 0.006 TEE3= 0.019  TEE4= 0.010
rank= 34 Lx=Ly=22 pg= 0.720 ids=  34 TEE1=-0.010 TEE2= 0.008 TEE3= 0.029  TEE4= 0.033
rank= 32 Lx=Ly=22 pg= 0.720 ids=  32 TEE1=-0.029 TEE2= 0.017 TEE3= 0.035  TEE4= 0.029
rank=111 Lx=Ly=22 pg= 0.720 ids= 111 TEE1=-0.062 TEE2= 0.006 TEE3= 0.060  TEE4= 0.087
rank=105 Lx=Ly=22 pg= 0.720 ids= 105 TEE1=-0.147 TEE2=-0.012 TEE3= 0.074  TEE4= 0.103
rank= 51 Lx=Ly=22 pg= 0.720 ids=  51 TEE1=-0.019 TEE2=-0.002 TEE3= 0.012  TEE4= 0.006
rank=112 Lx=Ly=22 pg= 0.720 ids= 112 TEE1=-0.031 TEE2= 0.017 TEE3= 0.062  TEE4= 0.095
rank=  0 Lx=Ly=22 pg= 0.720 ids=   0 TEE1=-0.027 TEE2=-0.004 TEE3= 0.039  TEE4= 0.039
rank= 57 Lx=Ly=22 pg= 0.720 ids=  57 TEE1=-0.056 TEE2=-0.006 TEE3= 0.021  TEE4= 0.037
rank= 49 Lx=Ly=22 pg= 0.720 ids=  49 TEE1=-0.052 TEE2= 0.019 TEE3= 0.054  TEE4= 0.054
rank=116 Lx=Ly=22 pg= 0.720 ids= 116 TEE1= 0.019 TEE2= 0.037 TEE3= 0.043  TEE4= 0.033
rank= 36 Lx=Ly=22 pg= 0.720 ids=  36 TEE1= 0.021 TEE2= 0.048 TEE3= 0.045  TEE4= 0.048
rank= 59 Lx=Ly=22 pg= 0.720 ids=  59 TEE1=-0.064 TEE2=-0.004 TEE3= 0.027  TEE4= 0.037
rank= 75 Lx=Ly=22 pg= 0.720 ids=  75 TEE1=-0.058 TEE2= 0.029 TEE3= 0.050  TEE4= 0.043
rank= 77 Lx=Ly=22 pg= 0.720 ids=  77 TEE1= 0.021 TEE2= 0.048 TEE3= 0.054  TEE4= 0.060
rank= 53 Lx=Ly=22 pg= 0.720 ids=  53 TEE1= 0.008 TEE2= 0.048 TEE3= 0.074  TEE4= 0.089
rank=122 Lx=Ly=22 pg= 0.720 ids= 122 TEE1=-0.035 TEE2= 0.025 TEE3= 0.054  TEE4= 0.064
rank=118 Lx=Ly=22 pg= 0.720 ids= 118 TEE1=-0.041 TEE2=-0.012 TEE3= 0.029  TEE4= 0.019
rank= 25 Lx=Ly=22 pg= 0.720 ids=  25 TEE1=-0.025 TEE2= 0.002 TEE3= 0.029  TEE4= 0.029
rank= 73 Lx=Ly=22 pg= 0.720 ids=  73 TEE1=-0.014 TEE2= 0.039 TEE3= 0.045  TEE4= 0.048
rank= 63 Lx=Ly=22 pg= 0.720 ids=  63 TEE1=-0.012 TEE2= 0.027 TEE3= 0.076  TEE4= 0.095
rank=120 Lx=Ly=22 pg= 0.720 ids= 120 TEE1=-0.070 TEE2= 0.014 TEE3= 0.062  TEE4= 0.087
rank=109 Lx=Ly=22 pg= 0.720 ids= 109 TEE1=-0.105 TEE2=-0.045 TEE3= 0.006  TEE4= 0.025
rank=114 Lx=Ly=22 pg= 0.720 ids= 114 TEE1=-0.002 TEE2= 0.050 TEE3= 0.076  TEE4= 0.087
rank= 31 Lx=Ly=22 pg= 0.720 ids=  31 TEE1=-0.132 TEE2=-0.012 TEE3= 0.031  TEE4= 0.025
rank=124 Lx=Ly=22 pg= 0.720 ids= 124 TEE1=-0.072 TEE2= 0.029 TEE3= 0.070  TEE4= 0.101
rank=126 Lx=Ly=22 pg= 0.720 ids= 126 TEE1=-0.029 TEE2= 0.033 TEE3= 0.050  TEE4= 0.045
rank= 27 Lx=Ly=22 pg= 0.720 ids=  27 TEE1=-0.091 TEE2= 0.012 TEE3= 0.091  TEE4= 0.192
rank= 61 Lx=Ly=22 pg= 0.720 ids=  61 TEE1=-0.118 TEE2=-0.048 TEE3= 0.021  TEE4= 0.039
rank=127 Lx=Ly=22 pg= 0.720 ids= 127 TEE1=-0.068 TEE2= 0.023 TEE3= 0.050  TEE4= 0.056
rank= 19 Lx=Ly=22 pg= 0.720 ids=  19 TEE1=-0.021 TEE2= 0.041 TEE3= 0.054  TEE4= 0.045
rank= 56 Lx=Ly=22 pg= 0.720 ids=  56 TEE1=-0.074 TEE2= 0.021 TEE3= 0.058  TEE4= 0.058
rank= 23 Lx=Ly=22 pg= 0.720 ids=  23 TEE1=-0.060 TEE2=-0.031 TEE3= 0.004  TEE4= 0.027
rank= 30 Lx=Ly=22 pg= 0.720 ids=  30 TEE1=-0.076 TEE2= 0.029 TEE3= 0.070  TEE4= 0.081
rank= 17 Lx=Ly=22 pg= 0.720 ids=  17 TEE1=-0.039 TEE2= 0.008 TEE3= 0.019  TEE4= 0.012
rank= 58 Lx=Ly=22 pg= 0.720 ids=  58 TEE1= 0.008 TEE2= 0.058 TEE3= 0.064  TEE4= 0.048
rank= 55 Lx=Ly=22 pg= 0.720 ids=  55 TEE1=-0.110 TEE2=-0.027 TEE3= 0.033  TEE4= 0.054
rank=121 Lx=Ly=22 pg= 0.720 ids= 121 TEE1=-0.037 TEE2= 0.035 TEE3= 0.048  TEE4= 0.068
rank= 79 Lx=Ly=22 pg= 0.720 ids=  79 TEE1=-0.122 TEE2=-0.056 TEE3=-0.014  TEE4= 0.017
rank=125 Lx=Ly=22 pg= 0.720 ids= 125 TEE1=-0.033 TEE2= 0.087 TEE3= 0.140  TEE4= 0.147
rank= 21 Lx=Ly=22 pg= 0.720 ids=  21 TEE1=-0.079 TEE2=-0.031 TEE3= 0.008  TEE4= 0.006
rank= 16 Lx=Ly=22 pg= 0.720 ids=  16 TEE1=-0.041 TEE2= 0.012 TEE3= 0.017  TEE4= 0.010
rank= 20 Lx=Ly=22 pg= 0.720 ids=  20 TEE1= 0.019 TEE2= 0.027 TEE3= 0.031  TEE4= 0.023
rank= 26 Lx=Ly=22 pg= 0.720 ids=  26 TEE1= 0.025 TEE2= 0.045 TEE3= 0.060  TEE4= 0.066
rank= 48 Lx=Ly=22 pg= 0.720 ids=  48 TEE1=-0.006 TEE2= 0.031 TEE3= 0.037  TEE4= 0.023
rank= 22 Lx=Ly=22 pg= 0.720 ids=  22 TEE1=-0.041 TEE2= 0.010 TEE3= 0.019  TEE4= 0.014
rank= 24 Lx=Ly=22 pg= 0.720 ids=  24 TEE1=-0.023 TEE2= 0.010 TEE3= 0.041  TEE4= 0.037
rank= 18 Lx=Ly=22 pg= 0.720 ids=  18 TEE1=-0.041 TEE2=-0.031 TEE3= 0.004  TEE4= 0.014
rank=119 Lx=Ly=22 pg= 0.720 ids= 119 TEE1=-0.083 TEE2=-0.029 TEE3= 0.008  TEE4= 0.035
rank=113 Lx=Ly=22 pg= 0.720 ids= 113 TEE1=-0.002 TEE2= 0.014 TEE3= 0.023  TEE4= 0.014
rank= 28 Lx=Ly=22 pg= 0.720 ids=  28 TEE1=-0.054 TEE2= 0.006 TEE3= 0.023  TEE4= 0.029
rank= 62 Lx=Ly=22 pg= 0.720 ids=  62 TEE1=-0.029 TEE2= 0.006 TEE3= 0.027  TEE4= 0.025
rank= 50 Lx=Ly=22 pg= 0.720 ids=  50 TEE1=-0.002 TEE2= 0.041 TEE3= 0.054  TEE4= 0.062
rank= 29 Lx=Ly=22 pg= 0.720 ids=  29 TEE1= 0.000 TEE2= 0.037 TEE3= 0.062  TEE4= 0.045
rank= 52 Lx=Ly=22 pg= 0.720 ids=  52 TEE1=-0.054 TEE2= 0.060 TEE3= 0.095  TEE4= 0.130
rank=117 Lx=Ly=22 pg= 0.720 ids= 117 TEE1=-0.021 TEE2=-0.012 TEE3= 0.002  TEE4= 0.010
rank= 54 Lx=Ly=22 pg= 0.720 ids=  54 TEE1= 0.002 TEE2= 0.035 TEE3= 0.060  TEE4= 0.058
rank= 83 Lx=Ly=22 pg= 0.720 ids=  83 TEE1=-0.054 TEE2= 0.000 TEE3= 0.014  TEE4= 0.023
rank= 87 Lx=Ly=22 pg= 0.720 ids=  87 TEE1=-0.050 TEE2= 0.039 TEE3= 0.089  TEE4= 0.110
rank=115 Lx=Ly=22 pg= 0.720 ids= 115 TEE1=-0.134 TEE2= 0.031 TEE3= 0.107  TEE4= 0.134
rank= 60 Lx=Ly=22 pg= 0.720 ids=  60 TEE1= 0.027 TEE2= 0.089 TEE3= 0.132  TEE4= 0.145
rank=123 Lx=Ly=22 pg= 0.720 ids= 123 TEE1=-0.008 TEE2= 0.060 TEE3= 0.097  TEE4= 0.085
rank= 89 Lx=Ly=22 pg= 0.720 ids=  89 TEE1=-0.004 TEE2= 0.054 TEE3= 0.058  TEE4= 0.056
rank= 85 Lx=Ly=22 pg= 0.720 ids=  85 TEE1=-0.074 TEE2= 0.010 TEE3= 0.039  TEE4= 0.050
rank= 93 Lx=Ly=22 pg= 0.720 ids=  93 TEE1=-0.033 TEE2= 0.029 TEE3= 0.048  TEE4= 0.019
rank= 91 Lx=Ly=22 pg= 0.720 ids=  91 TEE1=-0.099 TEE2=-0.041 TEE3=-0.010  TEE4= 0.029
rank= 81 Lx=Ly=22 pg= 0.720 ids=  81 TEE1=-0.089 TEE2=-0.023 TEE3= 0.029  TEE4= 0.081
rank= 95 Lx=Ly=22 pg= 0.720 ids=  95 TEE1=-0.006 TEE2= 0.031 TEE3= 0.037  TEE4= 0.033
rank= 64 Lx=Ly=22 pg= 0.720 ids=  64 TEE1=-0.076 TEE2= 0.002 TEE3= 0.031  TEE4= 0.031
rank= 68 Lx=Ly=22 pg= 0.720 ids=  68 TEE1=-0.043 TEE2= 0.037 TEE3= 0.068  TEE4= 0.085
rank= 74 Lx=Ly=22 pg= 0.720 ids=  74 TEE1=-0.095 TEE2=-0.035 TEE3= 0.010  TEE4= 0.021
rank= 66 Lx=Ly=22 pg= 0.720 ids=  66 TEE1=-0.025 TEE2= 0.064 TEE3= 0.101  TEE4= 0.122
rank= 78 Lx=Ly=22 pg= 0.720 ids=  78 TEE1=-0.066 TEE2= 0.012 TEE3= 0.037  TEE4= 0.033
rank= 70 Lx=Ly=22 pg= 0.720 ids=  70 TEE1=-0.039 TEE2= 0.006 TEE3= 0.006  TEE4= 0.006
rank= 72 Lx=Ly=22 pg= 0.720 ids=  72 TEE1=-0.056 TEE2=-0.014 TEE3= 0.004  TEE4= 0.004
rank= 76 Lx=Ly=22 pg= 0.720 ids=  76 TEE1=-0.021 TEE2= 0.004 TEE3= 0.025  TEE4= 0.035
rank= 82 Lx=Ly=22 pg= 0.720 ids=  82 TEE1= 0.066 TEE2= 0.050 TEE3= 0.050  TEE4= 0.043
rank= 94 Lx=Ly=22 pg= 0.720 ids=  94 TEE1= 0.006 TEE2= 0.064 TEE3= 0.074  TEE4= 0.091
rank= 88 Lx=Ly=22 pg= 0.720 ids=  88 TEE1=-0.043 TEE2= 0.029 TEE3= 0.079  TEE4= 0.093
rank= 80 Lx=Ly=22 pg= 0.720 ids=  80 TEE1=-0.012 TEE2= 0.019 TEE3= 0.027  TEE4= 0.019
rank= 86 Lx=Ly=22 pg= 0.720 ids=  86 TEE1=-0.033 TEE2=-0.004 TEE3= 0.008  TEE4= 0.008
rank= 92 Lx=Ly=22 pg= 0.720 ids=  92 TEE1=-0.021 TEE2= 0.012 TEE3= 0.012  TEE4= 0.014
rank= 84 Lx=Ly=22 pg= 0.720 ids=  84 TEE1=-0.070 TEE2= 0.002 TEE3= 0.041  TEE4= 0.050
rank= 90 Lx=Ly=22 pg= 0.720 ids=  90 TEE1=-0.027 TEE2= 0.062 TEE3= 0.087  TEE4= 0.070
rank=100 Lx=Ly=22 pg= 0.730 ids= 100 TEE1=-0.060 TEE2= 0.031 TEE3= 0.064  TEE4= 0.126
rank= 98 Lx=Ly=22 pg= 0.730 ids=  98 TEE1=-0.045 TEE2= 0.014 TEE3= 0.050  TEE4= 0.048
rank=102 Lx=Ly=22 pg= 0.730 ids= 102 TEE1=-0.093 TEE2= 0.014 TEE3= 0.052  TEE4= 0.052
rank= 96 Lx=Ly=22 pg= 0.730 ids=  96 TEE1=-0.105 TEE2=-0.010 TEE3= 0.037  TEE4= 0.031
rank= 12 Lx=Ly=22 pg= 0.730 ids=  12 TEE1=-0.097 TEE2=-0.004 TEE3= 0.058  TEE4= 0.093
rank= 97 Lx=Ly=22 pg= 0.730 ids=  97 TEE1=-0.074 TEE2= 0.002 TEE3= 0.027  TEE4= 0.027
rank= 99 Lx=Ly=22 pg= 0.730 ids=  99 TEE1=-0.019 TEE2= 0.037 TEE3= 0.066  TEE4= 0.083
rank=110 Lx=Ly=22 pg= 0.730 ids= 110 TEE1= 0.002 TEE2= 0.027 TEE3= 0.041  TEE4= 0.041
rank=106 Lx=Ly=22 pg= 0.730 ids= 106 TEE1=-0.068 TEE2= 0.019 TEE3= 0.043  TEE4= 0.068
rank=  8 Lx=Ly=22 pg= 0.730 ids=   8 TEE1=-0.202 TEE2=-0.072 TEE3= 0.045  TEE4= 0.076
rank=104 Lx=Ly=22 pg= 0.730 ids= 104 TEE1= 0.023 TEE2= 0.039 TEE3= 0.043  TEE4= 0.045
rank= 65 Lx=Ly=22 pg= 0.730 ids=  65 TEE1=-0.083 TEE2= 0.031 TEE3= 0.064  TEE4= 0.070
rank=108 Lx=Ly=22 pg= 0.730 ids= 108 TEE1=-0.140 TEE2=-0.060 TEE3= 0.017  TEE4= 0.091
rank=101 Lx=Ly=22 pg= 0.730 ids= 101 TEE1= 0.004 TEE2= 0.050 TEE3= 0.052  TEE4= 0.033
rank= 35 Lx=Ly=22 pg= 0.730 ids=  35 TEE1= 0.014 TEE2= 0.027 TEE3= 0.033  TEE4= 0.023
rank= 33 Lx=Ly=22 pg= 0.730 ids=  33 TEE1=-0.072 TEE2=-0.021 TEE3= 0.012  TEE4= 0.014
rank= 42 Lx=Ly=22 pg= 0.730 ids=  42 TEE1=-0.128 TEE2= 0.008 TEE3= 0.027  TEE4= 0.025
rank=103 Lx=Ly=22 pg= 0.730 ids= 103 TEE1=-0.029 TEE2= 0.019 TEE3= 0.052  TEE4= 0.097
rank= 67 Lx=Ly=22 pg= 0.730 ids=  67 TEE1= 0.010 TEE2= 0.021 TEE3= 0.052  TEE4= 0.074
rank= 14 Lx=Ly=22 pg= 0.730 ids=  14 TEE1=-0.014 TEE2= 0.014 TEE3= 0.039  TEE4= 0.035
rank= 37 Lx=Ly=22 pg= 0.730 ids=  37 TEE1=-0.048 TEE2=-0.006 TEE3= 0.021  TEE4= 0.037
rank= 39 Lx=Ly=22 pg= 0.730 ids=  39 TEE1=-0.010 TEE2= 0.056 TEE3= 0.068  TEE4= 0.060
rank= 40 Lx=Ly=22 pg= 0.730 ids=  40 TEE1=-0.054 TEE2=-0.025 TEE3= 0.006  TEE4= 0.017
rank= 71 Lx=Ly=22 pg= 0.730 ids=  71 TEE1=-0.105 TEE2=-0.004 TEE3= 0.037  TEE4= 0.025
rank= 10 Lx=Ly=22 pg= 0.730 ids=  10 TEE1=-0.093 TEE2= 0.023 TEE3= 0.058  TEE4= 0.052
rank= 41 Lx=Ly=22 pg= 0.730 ids=  41 TEE1=-0.120 TEE2=-0.010 TEE3= 0.033  TEE4= 0.027
rank= 45 Lx=Ly=22 pg= 0.730 ids=  45 TEE1=-0.037 TEE2=-0.002 TEE3= 0.021  TEE4= 0.035
rank= 46 Lx=Ly=22 pg= 0.730 ids=  46 TEE1=-0.079 TEE2= 0.004 TEE3= 0.079  TEE4= 0.101
rank=  2 Lx=Ly=22 pg= 0.730 ids=   2 TEE1=-0.079 TEE2= 0.014 TEE3= 0.060  TEE4= 0.105
rank= 69 Lx=Ly=22 pg= 0.730 ids=  69 TEE1= 0.008 TEE2= 0.035 TEE3= 0.056  TEE4= 0.043
rank= 47 Lx=Ly=22 pg= 0.730 ids=  47 TEE1=-0.081 TEE2=-0.008 TEE3= 0.041  TEE4= 0.058
rank= 43 Lx=Ly=22 pg= 0.730 ids=  43 TEE1=-0.118 TEE2=-0.014 TEE3= 0.017  TEE4= 0.021
rank=  3 Lx=Ly=22 pg= 0.730 ids=   3 TEE1=-0.010 TEE2= 0.029 TEE3= 0.045  TEE4= 0.060
rank=  5 Lx=Ly=22 pg= 0.730 ids=   5 TEE1=-0.066 TEE2=-0.010 TEE3= 0.008  TEE4= 0.010
rank=  6 Lx=Ly=22 pg= 0.730 ids=   6 TEE1=-0.066 TEE2= 0.014 TEE3= 0.052  TEE4= 0.062
rank= 13 Lx=Ly=22 pg= 0.730 ids=  13 TEE1=-0.070 TEE2= 0.002 TEE3= 0.043  TEE4= 0.050
rank= 11 Lx=Ly=22 pg= 0.730 ids=  11 TEE1=-0.072 TEE2= 0.021 TEE3= 0.039  TEE4= 0.045
rank=  9 Lx=Ly=22 pg= 0.730 ids=   9 TEE1=-0.118 TEE2= 0.002 TEE3= 0.058  TEE4= 0.043
rank=  1 Lx=Ly=22 pg= 0.730 ids=   1 TEE1=-0.070 TEE2= 0.029 TEE3= 0.033  TEE4= 0.043
rank=107 Lx=Ly=22 pg= 0.730 ids= 107 TEE1=-0.136 TEE2=-0.054 TEE3= 0.010  TEE4= 0.045
rank=  4 Lx=Ly=22 pg= 0.730 ids=   4 TEE1= 0.004 TEE2= 0.054 TEE3= 0.068  TEE4= 0.060
rank= 38 Lx=Ly=22 pg= 0.730 ids=  38 TEE1=-0.116 TEE2=-0.062 TEE3= 0.012  TEE4= 0.035
rank= 44 Lx=Ly=22 pg= 0.730 ids=  44 TEE1=-0.110 TEE2= 0.035 TEE3= 0.140  TEE4= 0.174
rank=111 Lx=Ly=22 pg= 0.730 ids= 111 TEE1=-0.070 TEE2= 0.029 TEE3= 0.083  TEE4= 0.114
rank= 34 Lx=Ly=22 pg= 0.730 ids=  34 TEE1=-0.101 TEE2=-0.014 TEE3= 0.006  TEE4= 0.019
rank=105 Lx=Ly=22 pg= 0.730 ids= 105 TEE1=-0.095 TEE2= 0.021 TEE3= 0.081  TEE4= 0.093
rank= 32 Lx=Ly=22 pg= 0.730 ids=  32 TEE1=-0.101 TEE2= 0.008 TEE3= 0.095  TEE4= 0.157
rank= 15 Lx=Ly=22 pg= 0.730 ids=  15 TEE1=-0.019 TEE2= 0.012 TEE3= 0.012  TEE4= 0.017
rank=  7 Lx=Ly=22 pg= 0.730 ids=   7 TEE1=-0.116 TEE2=-0.054 TEE3=-0.004  TEE4= 0.045
rank=  0 Lx=Ly=22 pg= 0.730 ids=   0 TEE1=-0.128 TEE2=-0.041 TEE3=-0.004  TEE4= 0.010
rank= 51 Lx=Ly=22 pg= 0.730 ids=  51 TEE1=-0.081 TEE2= 0.019 TEE3= 0.045  TEE4= 0.041
rank= 75 Lx=Ly=22 pg= 0.730 ids=  75 TEE1=-0.039 TEE2= 0.043 TEE3= 0.060  TEE4= 0.072
rank= 77 Lx=Ly=22 pg= 0.730 ids=  77 TEE1=-0.021 TEE2= 0.054 TEE3= 0.079  TEE4= 0.103
rank= 36 Lx=Ly=22 pg= 0.730 ids=  36 TEE1=-0.120 TEE2=-0.008 TEE3= 0.043  TEE4= 0.087
rank= 73 Lx=Ly=22 pg= 0.730 ids=  73 TEE1=-0.070 TEE2= 0.006 TEE3= 0.031  TEE4= 0.027
rank=109 Lx=Ly=22 pg= 0.730 ids= 109 TEE1=-0.035 TEE2= 0.019 TEE3= 0.033  TEE4= 0.045
rank= 49 Lx=Ly=22 pg= 0.730 ids=  49 TEE1=-0.056 TEE2= 0.029 TEE3= 0.064  TEE4= 0.062
rank= 57 Lx=Ly=22 pg= 0.730 ids=  57 TEE1=-0.140 TEE2=-0.072 TEE3= 0.031  TEE4= 0.155
rank= 59 Lx=Ly=22 pg= 0.730 ids=  59 TEE1=-0.095 TEE2= 0.004 TEE3= 0.033  TEE4= 0.050
rank= 53 Lx=Ly=22 pg= 0.730 ids=  53 TEE1=-0.126 TEE2=-0.006 TEE3= 0.017  TEE4= 0.025
rank= 25 Lx=Ly=22 pg= 0.730 ids=  25 TEE1=-0.081 TEE2= 0.043 TEE3= 0.087  TEE4= 0.083
rank= 79 Lx=Ly=22 pg= 0.730 ids=  79 TEE1=-0.045 TEE2= 0.025 TEE3= 0.066  TEE4= 0.074
rank= 63 Lx=Ly=22 pg= 0.730 ids=  63 TEE1=-0.087 TEE2=-0.043 TEE3=-0.019  TEE4=-0.004
rank= 61 Lx=Ly=22 pg= 0.730 ids=  61 TEE1= 0.017 TEE2= 0.072 TEE3= 0.085  TEE4= 0.093
rank= 31 Lx=Ly=22 pg= 0.730 ids=  31 TEE1=-0.010 TEE2= 0.062 TEE3= 0.095  TEE4= 0.112
rank= 55 Lx=Ly=22 pg= 0.730 ids=  55 TEE1=-0.043 TEE2= 0.025 TEE3= 0.054  TEE4= 0.043
rank=112 Lx=Ly=22 pg= 0.730 ids= 112 TEE1=-0.058 TEE2= 0.008 TEE3= 0.035  TEE4= 0.039
rank= 27 Lx=Ly=22 pg= 0.730 ids=  27 TEE1= 0.010 TEE2= 0.058 TEE3= 0.056  TEE4= 0.033
rank=127 Lx=Ly=22 pg= 0.730 ids= 127 TEE1=-0.140 TEE2=-0.072 TEE3= 0.014  TEE4= 0.079
rank= 23 Lx=Ly=22 pg= 0.730 ids=  23 TEE1=-0.027 TEE2= 0.017 TEE3= 0.039  TEE4= 0.025
rank= 19 Lx=Ly=22 pg= 0.730 ids=  19 TEE1=-0.066 TEE2= 0.014 TEE3= 0.066  TEE4= 0.085
rank= 58 Lx=Ly=22 pg= 0.730 ids=  58 TEE1=-0.037 TEE2= 0.043 TEE3= 0.060  TEE4= 0.043
rank= 56 Lx=Ly=22 pg= 0.730 ids=  56 TEE1=-0.056 TEE2= 0.068 TEE3= 0.116  TEE4= 0.120
rank=121 Lx=Ly=22 pg= 0.730 ids= 121 TEE1=-0.103 TEE2= 0.048 TEE3= 0.128  TEE4= 0.198
rank=116 Lx=Ly=22 pg= 0.730 ids= 116 TEE1=-0.062 TEE2=-0.002 TEE3= 0.027  TEE4= 0.027
rank= 30 Lx=Ly=22 pg= 0.730 ids=  30 TEE1=-0.025 TEE2= 0.012 TEE3= 0.045  TEE4= 0.033
rank= 17 Lx=Ly=22 pg= 0.730 ids=  17 TEE1=-0.215 TEE2=-0.120 TEE3=-0.021  TEE4= 0.052
rank= 48 Lx=Ly=22 pg= 0.730 ids=  48 TEE1=-0.099 TEE2=-0.019 TEE3= 0.037  TEE4= 0.062
rank=125 Lx=Ly=22 pg= 0.730 ids= 125 TEE1= 0.008 TEE2= 0.027 TEE3= 0.043  TEE4= 0.037
rank= 21 Lx=Ly=22 pg= 0.730 ids=  21 TEE1=-0.058 TEE2=-0.010 TEE3= 0.025  TEE4= 0.060
rank= 16 Lx=Ly=22 pg= 0.730 ids=  16 TEE1=-0.025 TEE2= 0.027 TEE3= 0.041  TEE4= 0.043
rank= 29 Lx=Ly=22 pg= 0.730 ids=  29 TEE1=-0.023 TEE2= 0.012 TEE3= 0.023  TEE4= 0.048
rank= 26 Lx=Ly=22 pg= 0.730 ids=  26 TEE1=-0.041 TEE2= 0.025 TEE3= 0.054  TEE4= 0.039
rank= 20 Lx=Ly=22 pg= 0.730 ids=  20 TEE1=-0.072 TEE2= 0.031 TEE3= 0.085  TEE4= 0.114
rank= 50 Lx=Ly=22 pg= 0.730 ids=  50 TEE1=-0.002 TEE2= 0.029 TEE3= 0.056  TEE4= 0.066
rank= 62 Lx=Ly=22 pg= 0.730 ids=  62 TEE1=-0.083 TEE2= 0.052 TEE3= 0.079  TEE4= 0.062
rank=118 Lx=Ly=22 pg= 0.730 ids= 118 TEE1=-0.068 TEE2=-0.023 TEE3= 0.041  TEE4= 0.064
rank= 24 Lx=Ly=22 pg= 0.730 ids=  24 TEE1=-0.056 TEE2= 0.054 TEE3= 0.074  TEE4= 0.072
rank= 28 Lx=Ly=22 pg= 0.730 ids=  28 TEE1=-0.048 TEE2= 0.019 TEE3= 0.037  TEE4= 0.041
rank=119 Lx=Ly=22 pg= 0.730 ids= 119 TEE1= 0.025 TEE2= 0.050 TEE3= 0.066  TEE4= 0.058
rank= 22 Lx=Ly=22 pg= 0.730 ids=  22 TEE1=-0.029 TEE2= 0.029 TEE3= 0.048  TEE4= 0.039
rank=122 Lx=Ly=22 pg= 0.730 ids= 122 TEE1=-0.070 TEE2=-0.021 TEE3= 0.029  TEE4= 0.027
rank=113 Lx=Ly=22 pg= 0.730 ids= 113 TEE1=-0.043 TEE2= 0.050 TEE3= 0.081  TEE4= 0.076
rank= 18 Lx=Ly=22 pg= 0.730 ids=  18 TEE1=-0.076 TEE2= 0.033 TEE3= 0.054  TEE4= 0.056
rank= 54 Lx=Ly=22 pg= 0.730 ids=  54 TEE1=-0.045 TEE2= 0.008 TEE3= 0.023  TEE4= 0.029
rank= 52 Lx=Ly=22 pg= 0.730 ids=  52 TEE1=-0.128 TEE2=-0.017 TEE3= 0.041  TEE4= 0.041
rank=114 Lx=Ly=22 pg= 0.730 ids= 114 TEE1=-0.093 TEE2=-0.029 TEE3= 0.008  TEE4= 0.025
rank=120 Lx=Ly=22 pg= 0.730 ids= 120 TEE1=-0.031 TEE2= 0.041 TEE3= 0.060  TEE4= 0.031
rank=117 Lx=Ly=22 pg= 0.730 ids= 117 TEE1=-0.126 TEE2=-0.023 TEE3= 0.066  TEE4= 0.056
rank= 87 Lx=Ly=22 pg= 0.730 ids=  87 TEE1=-0.122 TEE2=-0.004 TEE3= 0.058  TEE4= 0.124
rank=124 Lx=Ly=22 pg= 0.730 ids= 124 TEE1=-0.068 TEE2=-0.010 TEE3= 0.014  TEE4= 0.012
rank=126 Lx=Ly=22 pg= 0.730 ids= 126 TEE1=-0.079 TEE2= 0.012 TEE3= 0.064  TEE4= 0.066
rank= 83 Lx=Ly=22 pg= 0.730 ids=  83 TEE1=-0.054 TEE2= 0.012 TEE3= 0.019  TEE4= 0.012
rank=115 Lx=Ly=22 pg= 0.730 ids= 115 TEE1=-0.066 TEE2= 0.012 TEE3= 0.045  TEE4= 0.066
rank= 60 Lx=Ly=22 pg= 0.730 ids=  60 TEE1=-0.039 TEE2= 0.014 TEE3= 0.070  TEE4= 0.099
rank=123 Lx=Ly=22 pg= 0.730 ids= 123 TEE1=-0.068 TEE2=-0.031 TEE3=-0.006  TEE4= 0.010
rank= 89 Lx=Ly=22 pg= 0.730 ids=  89 TEE1= 0.000 TEE2= 0.054 TEE3= 0.089  TEE4= 0.083
rank= 85 Lx=Ly=22 pg= 0.730 ids=  85 TEE1= 0.043 TEE2= 0.045 TEE3= 0.052  TEE4= 0.043
rank= 95 Lx=Ly=22 pg= 0.730 ids=  95 TEE1=-0.126 TEE2= 0.008 TEE3= 0.062  TEE4= 0.074
rank= 93 Lx=Ly=22 pg= 0.730 ids=  93 TEE1=-0.064 TEE2= 0.000 TEE3= 0.041  TEE4= 0.045
rank= 81 Lx=Ly=22 pg= 0.730 ids=  81 TEE1=-0.089 TEE2= 0.037 TEE3= 0.068  TEE4= 0.095
rank= 91 Lx=Ly=22 pg= 0.730 ids=  91 TEE1=-0.043 TEE2=-0.012 TEE3= 0.006  TEE4= 0.012
rank= 64 Lx=Ly=22 pg= 0.730 ids=  64 TEE1=-0.126 TEE2=-0.017 TEE3= 0.027  TEE4= 0.041
rank= 68 Lx=Ly=22 pg= 0.730 ids=  68 TEE1=-0.093 TEE2= 0.004 TEE3= 0.043  TEE4= 0.060
rank= 66 Lx=Ly=22 pg= 0.730 ids=  66 TEE1= 0.017 TEE2= 0.050 TEE3= 0.062  TEE4= 0.079
rank= 74 Lx=Ly=22 pg= 0.730 ids=  74 TEE1=-0.087 TEE2= 0.012 TEE3= 0.064  TEE4= 0.130
rank= 78 Lx=Ly=22 pg= 0.730 ids=  78 TEE1= 0.000 TEE2= 0.043 TEE3= 0.045  TEE4= 0.027
rank= 70 Lx=Ly=22 pg= 0.730 ids=  70 TEE1=-0.014 TEE2= 0.056 TEE3= 0.089  TEE4= 0.101
rank= 72 Lx=Ly=22 pg= 0.730 ids=  72 TEE1=-0.076 TEE2=-0.027 TEE3=-0.012  TEE4=-0.002
rank= 76 Lx=Ly=22 pg= 0.730 ids=  76 TEE1=-0.097 TEE2=-0.002 TEE3= 0.060  TEE4= 0.095
rank= 82 Lx=Ly=22 pg= 0.730 ids=  82 TEE1=-0.052 TEE2= 0.048 TEE3= 0.072  TEE4= 0.079
rank= 94 Lx=Ly=22 pg= 0.730 ids=  94 TEE1=-0.087 TEE2= 0.033 TEE3= 0.110  TEE4= 0.138
rank= 88 Lx=Ly=22 pg= 0.730 ids=  88 TEE1=-0.002 TEE2= 0.014 TEE3= 0.019  TEE4= 0.017
rank= 86 Lx=Ly=22 pg= 0.730 ids=  86 TEE1= 0.033 TEE2= 0.025 TEE3= 0.023  TEE4= 0.014
rank= 80 Lx=Ly=22 pg= 0.730 ids=  80 TEE1= 0.019 TEE2= 0.048 TEE3= 0.056  TEE4= 0.045
rank= 92 Lx=Ly=22 pg= 0.730 ids=  92 TEE1= 0.010 TEE2= 0.056 TEE3= 0.060  TEE4= 0.048
rank= 90 Lx=Ly=22 pg= 0.730 ids=  90 TEE1=-0.116 TEE2=-0.031 TEE3= 0.029  TEE4= 0.058
rank= 84 Lx=Ly=22 pg= 0.730 ids=  84 TEE1=-0.017 TEE2= 0.012 TEE3= 0.029  TEE4= 0.031
rank=100 Lx=Ly=22 pg= 0.740 ids= 100 TEE1=-0.058 TEE2=-0.008 TEE3= 0.037  TEE4= 0.041
rank= 98 Lx=Ly=22 pg= 0.740 ids=  98 TEE1=-0.050 TEE2= 0.031 TEE3= 0.039  TEE4= 0.037
rank=102 Lx=Ly=22 pg= 0.740 ids= 102 TEE1=-0.008 TEE2=-0.004 TEE3= 0.008  TEE4= 0.033
rank= 96 Lx=Ly=22 pg= 0.740 ids=  96 TEE1=-0.128 TEE2=-0.021 TEE3= 0.041  TEE4= 0.128
rank= 12 Lx=Ly=22 pg= 0.740 ids=  12 TEE1=-0.097 TEE2=-0.008 TEE3= 0.052  TEE4= 0.103
rank= 97 Lx=Ly=22 pg= 0.740 ids=  97 TEE1=-0.043 TEE2= 0.029 TEE3= 0.072  TEE4= 0.091
rank= 99 Lx=Ly=22 pg= 0.740 ids=  99 TEE1=-0.161 TEE2=-0.066 TEE3=-0.002  TEE4= 0.017
rank=  8 Lx=Ly=22 pg= 0.740 ids=   8 TEE1=-0.045 TEE2= 0.037 TEE3= 0.056  TEE4= 0.066
rank= 65 Lx=Ly=22 pg= 0.740 ids=  65 TEE1=-0.093 TEE2= 0.019 TEE3= 0.081  TEE4= 0.151
rank=106 Lx=Ly=22 pg= 0.740 ids= 106 TEE1=-0.050 TEE2= 0.019 TEE3= 0.043  TEE4= 0.072
rank=110 Lx=Ly=22 pg= 0.740 ids= 110 TEE1=-0.180 TEE2=-0.095 TEE3=-0.019  TEE4= 0.039
rank=104 Lx=Ly=22 pg= 0.740 ids= 104 TEE1=-0.037 TEE2= 0.041 TEE3= 0.050  TEE4= 0.043
rank=108 Lx=Ly=22 pg= 0.740 ids= 108 TEE1=-0.143 TEE2=-0.093 TEE3= 0.010  TEE4= 0.027
rank=101 Lx=Ly=22 pg= 0.740 ids= 101 TEE1= 0.006 TEE2= 0.045 TEE3= 0.074  TEE4= 0.074
rank= 67 Lx=Ly=22 pg= 0.740 ids=  67 TEE1=-0.037 TEE2=-0.014 TEE3= 0.025  TEE4= 0.023
rank=103 Lx=Ly=22 pg= 0.740 ids= 103 TEE1=-0.056 TEE2= 0.027 TEE3= 0.048  TEE4= 0.043
rank= 14 Lx=Ly=22 pg= 0.740 ids=  14 TEE1=-0.229 TEE2=-0.068 TEE3= 0.017  TEE4= 0.072
rank= 42 Lx=Ly=22 pg= 0.740 ids=  42 TEE1=-0.248 TEE2=-0.163 TEE3=-0.095  TEE4=-0.048
rank= 71 Lx=Ly=22 pg= 0.740 ids=  71 TEE1=-0.076 TEE2= 0.043 TEE3= 0.076  TEE4= 0.083
rank= 69 Lx=Ly=22 pg= 0.740 ids=  69 TEE1=-0.031 TEE2= 0.058 TEE3= 0.066  TEE4= 0.066
rank= 40 Lx=Ly=22 pg= 0.740 ids=  40 TEE1=-0.110 TEE2= 0.002 TEE3= 0.062  TEE4= 0.093
rank= 35 Lx=Ly=22 pg= 0.740 ids=  35 TEE1=-0.060 TEE2= 0.060 TEE3= 0.124  TEE4= 0.151
rank= 33 Lx=Ly=22 pg= 0.740 ids=  33 TEE1=-0.198 TEE2=-0.072 TEE3= 0.019  TEE4= 0.012
rank= 10 Lx=Ly=22 pg= 0.740 ids=  10 TEE1=-0.064 TEE2= 0.039 TEE3= 0.072  TEE4= 0.074
rank= 37 Lx=Ly=22 pg= 0.740 ids=  37 TEE1=-0.052 TEE2= 0.021 TEE3= 0.048  TEE4= 0.081
rank= 39 Lx=Ly=22 pg= 0.740 ids=  39 TEE1=-0.056 TEE2= 0.012 TEE3= 0.031  TEE4= 0.019
rank= 46 Lx=Ly=22 pg= 0.740 ids=  46 TEE1=-0.064 TEE2= 0.017 TEE3= 0.076  TEE4= 0.149
rank=  2 Lx=Ly=22 pg= 0.740 ids=   2 TEE1=-0.039 TEE2= 0.014 TEE3= 0.037  TEE4= 0.045
rank=  6 Lx=Ly=22 pg= 0.740 ids=   6 TEE1= 0.004 TEE2= 0.035 TEE3= 0.037  TEE4= 0.035
rank= 45 Lx=Ly=22 pg= 0.740 ids=  45 TEE1=-0.081 TEE2= 0.019 TEE3= 0.060  TEE4= 0.066
rank= 41 Lx=Ly=22 pg= 0.740 ids=  41 TEE1=-0.124 TEE2=-0.029 TEE3= 0.079  TEE4= 0.155
rank=  4 Lx=Ly=22 pg= 0.740 ids=   4 TEE1=-0.079 TEE2= 0.014 TEE3= 0.039  TEE4= 0.052
rank=107 Lx=Ly=22 pg= 0.740 ids= 107 TEE1=-0.149 TEE2=-0.050 TEE3= 0.006  TEE4= 0.023
rank= 47 Lx=Ly=22 pg= 0.740 ids=  47 TEE1=-0.107 TEE2= 0.010 TEE3= 0.048  TEE4= 0.043
rank= 44 Lx=Ly=22 pg= 0.740 ids=  44 TEE1= 0.012 TEE2= 0.031 TEE3= 0.033  TEE4= 0.029
rank= 43 Lx=Ly=22 pg= 0.740 ids=  43 TEE1=-0.116 TEE2=-0.033 TEE3= 0.035  TEE4= 0.060
rank=111 Lx=Ly=22 pg= 0.740 ids= 111 TEE1=-0.138 TEE2=-0.054 TEE3= 0.035  TEE4= 0.039
rank= 38 Lx=Ly=22 pg= 0.740 ids=  38 TEE1=-0.128 TEE2=-0.027 TEE3= 0.039  TEE4= 0.045
rank=105 Lx=Ly=22 pg= 0.740 ids= 105 TEE1=-0.072 TEE2=-0.008 TEE3= 0.058  TEE4= 0.081
rank=  3 Lx=Ly=22 pg= 0.740 ids=   3 TEE1=-0.050 TEE2= 0.029 TEE3= 0.054  TEE4= 0.048
rank= 32 Lx=Ly=22 pg= 0.740 ids=  32 TEE1=-0.194 TEE2=-0.112 TEE3=-0.019  TEE4= 0.037
rank= 34 Lx=Ly=22 pg= 0.740 ids=  34 TEE1=-0.110 TEE2=-0.037 TEE3= 0.017  TEE4= 0.048
rank=  5 Lx=Ly=22 pg= 0.740 ids=   5 TEE1=-0.062 TEE2= 0.008 TEE3= 0.037  TEE4= 0.027
rank=  1 Lx=Ly=22 pg= 0.740 ids=   1 TEE1=-0.074 TEE2= 0.017 TEE3= 0.064  TEE4= 0.079
rank= 13 Lx=Ly=22 pg= 0.740 ids=  13 TEE1=-0.019 TEE2= 0.014 TEE3= 0.023  TEE4= 0.014
rank= 11 Lx=Ly=22 pg= 0.740 ids=  11 TEE1=-0.029 TEE2= 0.041 TEE3= 0.056  TEE4= 0.039
rank=  0 Lx=Ly=22 pg= 0.740 ids=   0 TEE1=-0.105 TEE2=-0.002 TEE3= 0.052  TEE4= 0.041
rank=  9 Lx=Ly=22 pg= 0.740 ids=   9 TEE1=-0.091 TEE2= 0.045 TEE3= 0.099  TEE4= 0.128
rank= 75 Lx=Ly=22 pg= 0.740 ids=  75 TEE1=-0.033 TEE2= 0.045 TEE3= 0.076  TEE4= 0.085
rank= 15 Lx=Ly=22 pg= 0.740 ids=  15 TEE1=-0.097 TEE2=-0.008 TEE3= 0.048  TEE4= 0.072
rank= 36 Lx=Ly=22 pg= 0.740 ids=  36 TEE1=-0.118 TEE2=-0.019 TEE3= 0.033  TEE4= 0.060
rank=109 Lx=Ly=22 pg= 0.740 ids= 109 TEE1=-0.054 TEE2= 0.050 TEE3= 0.107  TEE4= 0.122
rank= 73 Lx=Ly=22 pg= 0.740 ids=  73 TEE1=-0.045 TEE2= 0.056 TEE3= 0.085  TEE4= 0.089
rank= 77 Lx=Ly=22 pg= 0.740 ids=  77 TEE1=-0.169 TEE2=-0.058 TEE3= 0.010  TEE4= 0.023
rank=  7 Lx=Ly=22 pg= 0.740 ids=   7 TEE1=-0.134 TEE2=-0.033 TEE3= 0.008  TEE4= 0.043
rank= 51 Lx=Ly=22 pg= 0.740 ids=  51 TEE1=-0.124 TEE2=-0.045 TEE3=-0.010  TEE4= 0.004
rank= 79 Lx=Ly=22 pg= 0.740 ids=  79 TEE1=-0.116 TEE2=-0.058 TEE3=-0.027  TEE4= 0.012
rank= 57 Lx=Ly=22 pg= 0.740 ids=  57 TEE1=-0.079 TEE2= 0.008 TEE3= 0.052  TEE4= 0.058
rank= 49 Lx=Ly=22 pg= 0.740 ids=  49 TEE1=-0.120 TEE2= 0.006 TEE3= 0.070  TEE4= 0.072
rank= 59 Lx=Ly=22 pg= 0.740 ids=  59 TEE1=-0.041 TEE2= 0.033 TEE3= 0.054  TEE4= 0.037
rank= 53 Lx=Ly=22 pg= 0.740 ids=  53 TEE1=-0.134 TEE2=-0.008 TEE3= 0.045  TEE4= 0.058
rank= 55 Lx=Ly=22 pg= 0.740 ids=  55 TEE1=-0.110 TEE2=-0.021 TEE3= 0.006  TEE4= 0.006
rank= 63 Lx=Ly=22 pg= 0.740 ids=  63 TEE1=-0.066 TEE2=-0.014 TEE3= 0.048  TEE4= 0.110
rank= 61 Lx=Ly=22 pg= 0.740 ids=  61 TEE1=-0.056 TEE2=-0.002 TEE3= 0.060  TEE4= 0.066
rank= 25 Lx=Ly=22 pg= 0.740 ids=  25 TEE1=-0.081 TEE2=-0.037 TEE3= 0.037  TEE4= 0.099
rank= 31 Lx=Ly=22 pg= 0.740 ids=  31 TEE1=-0.081 TEE2= 0.006 TEE3= 0.017  TEE4= 0.012
rank= 23 Lx=Ly=22 pg= 0.740 ids=  23 TEE1=-0.066 TEE2= 0.012 TEE3= 0.054  TEE4= 0.041
rank= 27 Lx=Ly=22 pg= 0.740 ids=  27 TEE1=-0.066 TEE2= 0.037 TEE3= 0.087  TEE4= 0.095
rank= 19 Lx=Ly=22 pg= 0.740 ids=  19 TEE1=-0.103 TEE2= 0.025 TEE3= 0.081  TEE4= 0.060
rank= 58 Lx=Ly=22 pg= 0.740 ids=  58 TEE1=-0.070 TEE2=-0.014 TEE3=-0.002  TEE4= 0.008
rank= 17 Lx=Ly=22 pg= 0.740 ids=  17 TEE1=-0.130 TEE2=-0.031 TEE3= 0.017  TEE4= 0.033
rank= 56 Lx=Ly=22 pg= 0.740 ids=  56 TEE1=-0.225 TEE2=-0.054 TEE3= 0.058  TEE4= 0.161
rank= 21 Lx=Ly=22 pg= 0.740 ids=  21 TEE1=-0.163 TEE2= 0.012 TEE3= 0.089  TEE4= 0.089
rank= 29 Lx=Ly=22 pg= 0.740 ids=  29 TEE1=-0.066 TEE2=-0.002 TEE3= 0.017  TEE4= 0.010
rank=112 Lx=Ly=22 pg= 0.740 ids= 112 TEE1=-0.165 TEE2=-0.025 TEE3= 0.041  TEE4= 0.045
rank= 48 Lx=Ly=22 pg= 0.740 ids=  48 TEE1=-0.083 TEE2=-0.010 TEE3= 0.006  TEE4= 0.012
rank=127 Lx=Ly=22 pg= 0.740 ids= 127 TEE1=-0.060 TEE2= 0.010 TEE3= 0.023  TEE4= 0.021
rank= 62 Lx=Ly=22 pg= 0.740 ids=  62 TEE1=-0.074 TEE2= 0.027 TEE3= 0.089  TEE4= 0.099
rank=121 Lx=Ly=22 pg= 0.740 ids= 121 TEE1=-0.079 TEE2= 0.025 TEE3= 0.079  TEE4= 0.083
rank= 50 Lx=Ly=22 pg= 0.740 ids=  50 TEE1=-0.159 TEE2=-0.070 TEE3= 0.008  TEE4= 0.076
rank= 54 Lx=Ly=22 pg= 0.740 ids=  54 TEE1=-0.074 TEE2= 0.041 TEE3= 0.068  TEE4= 0.039
rank=116 Lx=Ly=22 pg= 0.740 ids= 116 TEE1=-0.089 TEE2= 0.017 TEE3= 0.054  TEE4= 0.095
rank=125 Lx=Ly=22 pg= 0.740 ids= 125 TEE1=-0.097 TEE2=-0.021 TEE3= 0.019  TEE4= 0.021
rank= 30 Lx=Ly=22 pg= 0.740 ids=  30 TEE1=-0.058 TEE2=-0.021 TEE3= 0.006  TEE4= 0.006
rank= 16 Lx=Ly=22 pg= 0.740 ids=  16 TEE1=-0.107 TEE2=-0.023 TEE3= 0.004  TEE4= 0.021
rank= 20 Lx=Ly=22 pg= 0.740 ids=  20 TEE1=-0.112 TEE2=-0.008 TEE3= 0.039  TEE4= 0.116
rank= 52 Lx=Ly=22 pg= 0.740 ids=  52 TEE1=-0.089 TEE2=-0.014 TEE3= 0.014  TEE4= 0.039
rank= 60 Lx=Ly=22 pg= 0.740 ids=  60 TEE1=-0.064 TEE2= 0.033 TEE3= 0.083  TEE4= 0.105
rank= 26 Lx=Ly=22 pg= 0.740 ids=  26 TEE1=-0.089 TEE2= 0.004 TEE3= 0.035  TEE4= 0.021
rank=118 Lx=Ly=22 pg= 0.740 ids= 118 TEE1=-0.076 TEE2=-0.035 TEE3= 0.017  TEE4= 0.043
rank=122 Lx=Ly=22 pg= 0.740 ids= 122 TEE1=-0.116 TEE2= 0.023 TEE3= 0.083  TEE4= 0.091
rank= 22 Lx=Ly=22 pg= 0.740 ids=  22 TEE1=-0.151 TEE2=-0.066 TEE3=-0.008  TEE4= 0.014
rank=119 Lx=Ly=22 pg= 0.740 ids= 119 TEE1=-0.066 TEE2= 0.041 TEE3= 0.062  TEE4= 0.048
rank= 28 Lx=Ly=22 pg= 0.740 ids=  28 TEE1=-0.097 TEE2= 0.012 TEE3= 0.076  TEE4= 0.062
rank=113 Lx=Ly=22 pg= 0.740 ids= 113 TEE1=-0.060 TEE2= 0.012 TEE3= 0.037  TEE4= 0.056
rank= 24 Lx=Ly=22 pg= 0.740 ids=  24 TEE1=-0.050 TEE2= 0.012 TEE3= 0.033  TEE4= 0.031
rank= 64 Lx=Ly=22 pg= 0.740 ids=  64 TEE1=-0.025 TEE2= 0.070 TEE3= 0.105  TEE4= 0.118
rank= 87 Lx=Ly=22 pg= 0.740 ids=  87 TEE1=-0.066 TEE2= 0.021 TEE3= 0.056  TEE4= 0.050
rank=114 Lx=Ly=22 pg= 0.740 ids= 114 TEE1=-0.134 TEE2=-0.010 TEE3= 0.050  TEE4= 0.089
rank= 83 Lx=Ly=22 pg= 0.740 ids=  83 TEE1=-0.091 TEE2= 0.033 TEE3= 0.112  TEE4= 0.178
rank=117 Lx=Ly=22 pg= 0.740 ids= 117 TEE1=-0.202 TEE2=-0.097 TEE3= 0.017  TEE4= 0.184
rank= 18 Lx=Ly=22 pg= 0.740 ids=  18 TEE1=-0.258 TEE2=-0.161 TEE3=-0.050  TEE4= 0.062
rank=120 Lx=Ly=22 pg= 0.740 ids= 120 TEE1=-0.050 TEE2= 0.010 TEE3= 0.050  TEE4= 0.041
rank=124 Lx=Ly=22 pg= 0.740 ids= 124 TEE1=-0.089 TEE2=-0.023 TEE3= 0.031  TEE4= 0.060
rank=115 Lx=Ly=22 pg= 0.740 ids= 115 TEE1=-0.143 TEE2=-0.039 TEE3= 0.037  TEE4= 0.035
rank= 68 Lx=Ly=22 pg= 0.740 ids=  68 TEE1=-0.130 TEE2=-0.023 TEE3= 0.035  TEE4= 0.087
rank=126 Lx=Ly=22 pg= 0.740 ids= 126 TEE1=-0.041 TEE2= 0.002 TEE3= 0.035  TEE4= 0.050
rank=123 Lx=Ly=22 pg= 0.740 ids= 123 TEE1=-0.023 TEE2= 0.072 TEE3= 0.126  TEE4= 0.182
rank= 66 Lx=Ly=22 pg= 0.740 ids=  66 TEE1=-0.048 TEE2= 0.029 TEE3= 0.045  TEE4= 0.037
rank= 74 Lx=Ly=22 pg= 0.740 ids=  74 TEE1=-0.091 TEE2= 0.023 TEE3= 0.054  TEE4= 0.058
rank= 85 Lx=Ly=22 pg= 0.740 ids=  85 TEE1=-0.027 TEE2= 0.014 TEE3= 0.048  TEE4= 0.060
rank= 89 Lx=Ly=22 pg= 0.740 ids=  89 TEE1=-0.048 TEE2= 0.004 TEE3= 0.050  TEE4= 0.089
rank= 91 Lx=Ly=22 pg= 0.740 ids=  91 TEE1=-0.054 TEE2= 0.027 TEE3= 0.083  TEE4= 0.089
rank= 81 Lx=Ly=22 pg= 0.740 ids=  81 TEE1=-0.045 TEE2= 0.023 TEE3= 0.031  TEE4= 0.017
rank= 93 Lx=Ly=22 pg= 0.740 ids=  93 TEE1=-0.043 TEE2= 0.037 TEE3= 0.070  TEE4= 0.081
rank= 78 Lx=Ly=22 pg= 0.740 ids=  78 TEE1=-0.167 TEE2=-0.021 TEE3= 0.076  TEE4= 0.116
rank= 95 Lx=Ly=22 pg= 0.740 ids=  95 TEE1=-0.122 TEE2=-0.031 TEE3= 0.035  TEE4= 0.054
rank= 70 Lx=Ly=22 pg= 0.740 ids=  70 TEE1=-0.138 TEE2=-0.017 TEE3= 0.037  TEE4= 0.029
rank= 72 Lx=Ly=22 pg= 0.740 ids=  72 TEE1=-0.039 TEE2= 0.023 TEE3= 0.037  TEE4= 0.029
rank= 76 Lx=Ly=22 pg= 0.740 ids=  76 TEE1=-0.118 TEE2=-0.012 TEE3= 0.052  TEE4= 0.048
rank= 82 Lx=Ly=22 pg= 0.740 ids=  82 TEE1=-0.107 TEE2=-0.050 TEE3=-0.012  TEE4= 0.012
rank= 94 Lx=Ly=22 pg= 0.740 ids=  94 TEE1=-0.076 TEE2= 0.085 TEE3= 0.126  TEE4= 0.114
rank= 88 Lx=Ly=22 pg= 0.740 ids=  88 TEE1=-0.045 TEE2= 0.010 TEE3= 0.029  TEE4= 0.019
rank= 86 Lx=Ly=22 pg= 0.740 ids=  86 TEE1=-0.025 TEE2= 0.043 TEE3= 0.052  TEE4= 0.052
rank= 80 Lx=Ly=22 pg= 0.740 ids=  80 TEE1=-0.103 TEE2=-0.048 TEE3=-0.008  TEE4= 0.008
rank= 92 Lx=Ly=22 pg= 0.740 ids=  92 TEE1=-0.107 TEE2=-0.002 TEE3= 0.056  TEE4= 0.048
rank= 84 Lx=Ly=22 pg= 0.740 ids=  84 TEE1=-0.128 TEE2=-0.014 TEE3= 0.039  TEE4= 0.089
rank= 90 Lx=Ly=22 pg= 0.740 ids=  90 TEE1=-0.021 TEE2= 0.029 TEE3= 0.070  TEE4= 0.089
rank=100 Lx=Ly=22 pg= 0.750 ids= 100 TEE1=-0.223 TEE2=-0.136 TEE3=-0.010  TEE4= 0.085
rank= 98 Lx=Ly=22 pg= 0.750 ids=  98 TEE1=-0.132 TEE2=-0.017 TEE3= 0.045  TEE4= 0.072
rank=102 Lx=Ly=22 pg= 0.750 ids= 102 TEE1=-0.198 TEE2=-0.076 TEE3= 0.002  TEE4= 0.027
rank= 96 Lx=Ly=22 pg= 0.750 ids=  96 TEE1=-0.107 TEE2=-0.025 TEE3= 0.045  TEE4= 0.085
rank= 12 Lx=Ly=22 pg= 0.750 ids=  12 TEE1=-0.188 TEE2=-0.048 TEE3= 0.027  TEE4= 0.050
rank= 97 Lx=Ly=22 pg= 0.750 ids=  97 TEE1=-0.122 TEE2= 0.045 TEE3= 0.126  TEE4= 0.151
rank=  8 Lx=Ly=22 pg= 0.750 ids=   8 TEE1=-0.120 TEE2=-0.050 TEE3=-0.008  TEE4= 0.010
rank= 65 Lx=Ly=22 pg= 0.750 ids=  65 TEE1=-0.114 TEE2=-0.029 TEE3= 0.041  TEE4= 0.054
rank= 99 Lx=Ly=22 pg= 0.750 ids=  99 TEE1=-0.140 TEE2=-0.058 TEE3= 0.025  TEE4= 0.066
rank= 67 Lx=Ly=22 pg= 0.750 ids=  67 TEE1=-0.074 TEE2= 0.093 TEE3= 0.153  TEE4= 0.213
rank=110 Lx=Ly=22 pg= 0.750 ids= 110 TEE1=-0.041 TEE2= 0.002 TEE3= 0.033  TEE4= 0.064
rank=106 Lx=Ly=22 pg= 0.750 ids= 106 TEE1=-0.153 TEE2=-0.017 TEE3= 0.081  TEE4= 0.151
rank=104 Lx=Ly=22 pg= 0.750 ids= 104 TEE1=-0.124 TEE2=-0.012 TEE3= 0.074  TEE4= 0.171
rank=103 Lx=Ly=22 pg= 0.750 ids= 103 TEE1=-0.130 TEE2=-0.027 TEE3= 0.052  TEE4= 0.062
rank=101 Lx=Ly=22 pg= 0.750 ids= 101 TEE1=-0.132 TEE2= 0.010 TEE3= 0.045  TEE4= 0.025
rank=108 Lx=Ly=22 pg= 0.750 ids= 108 TEE1=-0.062 TEE2=-0.004 TEE3= 0.058  TEE4= 0.070
rank= 71 Lx=Ly=22 pg= 0.750 ids=  71 TEE1=-0.079 TEE2= 0.045 TEE3= 0.081  TEE4= 0.062
rank= 42 Lx=Ly=22 pg= 0.750 ids=  42 TEE1=-0.151 TEE2=-0.066 TEE3= 0.027  TEE4= 0.068
rank= 14 Lx=Ly=22 pg= 0.750 ids=  14 TEE1=-0.145 TEE2=-0.037 TEE3= 0.035  TEE4= 0.074
rank= 69 Lx=Ly=22 pg= 0.750 ids=  69 TEE1=-0.097 TEE2= 0.029 TEE3= 0.070  TEE4= 0.072
rank= 40 Lx=Ly=22 pg= 0.750 ids=  40 TEE1=-0.068 TEE2=-0.019 TEE3= 0.010  TEE4= 0.035
rank= 10 Lx=Ly=22 pg= 0.750 ids=  10 TEE1=-0.095 TEE2= 0.006 TEE3= 0.048  TEE4= 0.052
rank= 35 Lx=Ly=22 pg= 0.750 ids=  35 TEE1=-0.126 TEE2=-0.064 TEE3=-0.023  TEE4= 0.006
rank= 33 Lx=Ly=22 pg= 0.750 ids=  33 TEE1=-0.147 TEE2=-0.037 TEE3= 0.033  TEE4= 0.052
rank= 37 Lx=Ly=22 pg= 0.750 ids=  37 TEE1=-0.151 TEE2=-0.035 TEE3= 0.064  TEE4= 0.110
rank= 46 Lx=Ly=22 pg= 0.750 ids=  46 TEE1=-0.192 TEE2=-0.050 TEE3= 0.008  TEE4= 0.031
rank= 39 Lx=Ly=22 pg= 0.750 ids=  39 TEE1=-0.252 TEE2=-0.145 TEE3=-0.052  TEE4= 0.054
rank=  2 Lx=Ly=22 pg= 0.750 ids=   2 TEE1=-0.223 TEE2=-0.070 TEE3= 0.027  TEE4= 0.035
rank=107 Lx=Ly=22 pg= 0.750 ids= 107 TEE1=-0.225 TEE2=-0.103 TEE3=-0.029  TEE4=-0.004
rank= 44 Lx=Ly=22 pg= 0.750 ids=  44 TEE1=-0.207 TEE2=-0.048 TEE3= 0.033  TEE4= 0.068
rank=  6 Lx=Ly=22 pg= 0.750 ids=   6 TEE1=-0.074 TEE2= 0.021 TEE3= 0.041  TEE4= 0.054
rank=  4 Lx=Ly=22 pg= 0.750 ids=   4 TEE1=-0.145 TEE2=-0.062 TEE3= 0.006  TEE4= 0.019
rank=111 Lx=Ly=22 pg= 0.750 ids= 111 TEE1=-0.072 TEE2= 0.019 TEE3= 0.072  TEE4= 0.091
rank= 38 Lx=Ly=22 pg= 0.750 ids=  38 TEE1=-0.035 TEE2= 0.062 TEE3= 0.112  TEE4= 0.147
rank= 45 Lx=Ly=22 pg= 0.750 ids=  45 TEE1=-0.176 TEE2=-0.095 TEE3=-0.010  TEE4= 0.070
rank= 41 Lx=Ly=22 pg= 0.750 ids=  41 TEE1=-0.064 TEE2= 0.025 TEE3= 0.066  TEE4= 0.081
rank=105 Lx=Ly=22 pg= 0.750 ids= 105 TEE1=-0.076 TEE2= 0.021 TEE3= 0.081  TEE4= 0.060
rank= 47 Lx=Ly=22 pg= 0.750 ids=  47 TEE1=-0.194 TEE2=-0.091 TEE3= 0.000  TEE4= 0.099
rank= 32 Lx=Ly=22 pg= 0.750 ids=  32 TEE1=-0.087 TEE2= 0.035 TEE3= 0.095  TEE4= 0.136
rank= 34 Lx=Ly=22 pg= 0.750 ids=  34 TEE1=-0.188 TEE2=-0.054 TEE3= 0.033  TEE4= 0.064
rank= 43 Lx=Ly=22 pg= 0.750 ids=  43 TEE1=-0.176 TEE2=-0.006 TEE3= 0.045  TEE4= 0.052
rank=  0 Lx=Ly=22 pg= 0.750 ids=   0 TEE1=-0.153 TEE2= 0.010 TEE3= 0.043  TEE4= 0.035
rank=  3 Lx=Ly=22 pg= 0.750 ids=   3 TEE1=-0.136 TEE2=-0.017 TEE3= 0.019  TEE4= 0.027
rank= 36 Lx=Ly=22 pg= 0.750 ids=  36 TEE1=-0.167 TEE2=-0.037 TEE3= 0.064  TEE4= 0.079
rank=  5 Lx=Ly=22 pg= 0.750 ids=   5 TEE1=-0.006 TEE2= 0.029 TEE3= 0.035  TEE4= 0.023
rank=  1 Lx=Ly=22 pg= 0.750 ids=   1 TEE1=-0.178 TEE2=-0.052 TEE3= 0.050  TEE4= 0.171
rank=109 Lx=Ly=22 pg= 0.750 ids= 109 TEE1=-0.072 TEE2= 0.037 TEE3= 0.072  TEE4= 0.070
rank= 13 Lx=Ly=22 pg= 0.750 ids=  13 TEE1=-0.120 TEE2= 0.004 TEE3= 0.060  TEE4= 0.099
rank= 75 Lx=Ly=22 pg= 0.750 ids=  75 TEE1=-0.178 TEE2=-0.064 TEE3= 0.027  TEE4= 0.089
rank=  9 Lx=Ly=22 pg= 0.750 ids=   9 TEE1=-0.107 TEE2=-0.010 TEE3= 0.041  TEE4= 0.048
rank= 11 Lx=Ly=22 pg= 0.750 ids=  11 TEE1=-0.097 TEE2=-0.017 TEE3= 0.052  TEE4= 0.081
rank= 73 Lx=Ly=22 pg= 0.750 ids=  73 TEE1=-0.205 TEE2=-0.066 TEE3= 0.019  TEE4= 0.033
rank= 77 Lx=Ly=22 pg= 0.750 ids=  77 TEE1=-0.122 TEE2= 0.000 TEE3= 0.085  TEE4= 0.159
rank= 79 Lx=Ly=22 pg= 0.750 ids=  79 TEE1=-0.149 TEE2=-0.008 TEE3= 0.031  TEE4= 0.054
rank= 15 Lx=Ly=22 pg= 0.750 ids=  15 TEE1=-0.145 TEE2=-0.027 TEE3= 0.079  TEE4= 0.138
rank=  7 Lx=Ly=22 pg= 0.750 ids=   7 TEE1=-0.161 TEE2= 0.017 TEE3= 0.089  TEE4= 0.165
rank= 51 Lx=Ly=22 pg= 0.750 ids=  51 TEE1=-0.105 TEE2= 0.037 TEE3= 0.062  TEE4= 0.052
rank= 49 Lx=Ly=22 pg= 0.750 ids=  49 TEE1=-0.114 TEE2=-0.014 TEE3= 0.029  TEE4= 0.033
rank= 57 Lx=Ly=22 pg= 0.750 ids=  57 TEE1=-0.050 TEE2= 0.029 TEE3= 0.074  TEE4= 0.064
rank= 53 Lx=Ly=22 pg= 0.750 ids=  53 TEE1=-0.099 TEE2= 0.019 TEE3= 0.070  TEE4= 0.070
rank= 25 Lx=Ly=22 pg= 0.750 ids=  25 TEE1=-0.105 TEE2=-0.021 TEE3= 0.033  TEE4= 0.045
rank= 55 Lx=Ly=22 pg= 0.750 ids=  55 TEE1=-0.072 TEE2=-0.041 TEE3= 0.012  TEE4= 0.052
rank= 59 Lx=Ly=22 pg= 0.750 ids=  59 TEE1=-0.188 TEE2=-0.060 TEE3=-0.002  TEE4= 0.089
rank= 61 Lx=Ly=22 pg= 0.750 ids=  61 TEE1=-0.083 TEE2= 0.004 TEE3= 0.056  TEE4= 0.149
rank= 63 Lx=Ly=22 pg= 0.750 ids=  63 TEE1=-0.072 TEE2= 0.039 TEE3= 0.085  TEE4= 0.095
rank= 31 Lx=Ly=22 pg= 0.750 ids=  31 TEE1=-0.163 TEE2= 0.000 TEE3= 0.091  TEE4= 0.110
rank= 27 Lx=Ly=22 pg= 0.750 ids=  27 TEE1=-0.089 TEE2=-0.027 TEE3= 0.006  TEE4= 0.027
rank= 23 Lx=Ly=22 pg= 0.750 ids=  23 TEE1=-0.110 TEE2=-0.021 TEE3= 0.027  TEE4= 0.083
rank= 19 Lx=Ly=22 pg= 0.750 ids=  19 TEE1=-0.081 TEE2= 0.019 TEE3= 0.068  TEE4= 0.103
rank= 17 Lx=Ly=22 pg= 0.750 ids=  17 TEE1=-0.186 TEE2=-0.062 TEE3=-0.006  TEE4= 0.054
rank= 29 Lx=Ly=22 pg= 0.750 ids=  29 TEE1=-0.054 TEE2=-0.010 TEE3= 0.043  TEE4= 0.074
rank= 21 Lx=Ly=22 pg= 0.750 ids=  21 TEE1=-0.072 TEE2= 0.056 TEE3= 0.110  TEE4= 0.138
rank= 58 Lx=Ly=22 pg= 0.750 ids=  58 TEE1=-0.242 TEE2=-0.099 TEE3=-0.006  TEE4= 0.050
rank= 56 Lx=Ly=22 pg= 0.750 ids=  56 TEE1=-0.132 TEE2=-0.014 TEE3= 0.031  TEE4= 0.058
rank=112 Lx=Ly=22 pg= 0.750 ids= 112 TEE1=-0.190 TEE2=-0.027 TEE3= 0.066  TEE4= 0.126
rank=127 Lx=Ly=22 pg= 0.750 ids= 127 TEE1=-0.134 TEE2=-0.058 TEE3= 0.023  TEE4= 0.110
rank= 64 Lx=Ly=22 pg= 0.750 ids=  64 TEE1=-0.244 TEE2=-0.085 TEE3=-0.010  TEE4= 0.050
rank= 48 Lx=Ly=22 pg= 0.750 ids=  48 TEE1=-0.041 TEE2= 0.052 TEE3= 0.095  TEE4= 0.097
rank=121 Lx=Ly=22 pg= 0.750 ids= 121 TEE1=-0.037 TEE2= 0.060 TEE3= 0.093  TEE4= 0.122
rank= 62 Lx=Ly=22 pg= 0.750 ids=  62 TEE1=-0.116 TEE2= 0.008 TEE3= 0.076  TEE4= 0.145
rank= 68 Lx=Ly=22 pg= 0.750 ids=  68 TEE1=-0.200 TEE2=-0.060 TEE3=-0.002  TEE4= 0.070
rank=125 Lx=Ly=22 pg= 0.750 ids= 125 TEE1=-0.157 TEE2=-0.060 TEE3= 0.056  TEE4= 0.205
rank=116 Lx=Ly=22 pg= 0.750 ids= 116 TEE1=-0.023 TEE2= 0.056 TEE3= 0.083  TEE4= 0.081
rank= 54 Lx=Ly=22 pg= 0.750 ids=  54 TEE1=-0.060 TEE2= 0.010 TEE3= 0.045  TEE4= 0.052
rank= 50 Lx=Ly=22 pg= 0.750 ids=  50 TEE1=-0.128 TEE2=-0.010 TEE3= 0.052  TEE4= 0.033
rank= 66 Lx=Ly=22 pg= 0.750 ids=  66 TEE1=-0.136 TEE2=-0.004 TEE3= 0.070  TEE4= 0.103
rank= 60 Lx=Ly=22 pg= 0.750 ids=  60 TEE1=-0.116 TEE2=-0.039 TEE3= 0.017  TEE4= 0.058
rank= 74 Lx=Ly=22 pg= 0.750 ids=  74 TEE1=-0.118 TEE2= 0.004 TEE3= 0.060  TEE4= 0.070
rank= 30 Lx=Ly=22 pg= 0.750 ids=  30 TEE1=-0.211 TEE2=-0.143 TEE3=-0.074  TEE4= 0.019
rank= 52 Lx=Ly=22 pg= 0.750 ids=  52 TEE1=-0.130 TEE2=-0.006 TEE3= 0.045  TEE4= 0.062
rank=118 Lx=Ly=22 pg= 0.750 ids= 118 TEE1=-0.149 TEE2=-0.039 TEE3= 0.041  TEE4= 0.068
rank= 87 Lx=Ly=22 pg= 0.750 ids=  87 TEE1=-0.112 TEE2=-0.010 TEE3= 0.014  TEE4= 0.017
rank= 83 Lx=Ly=22 pg= 0.750 ids=  83 TEE1=-0.120 TEE2=-0.050 TEE3=-0.012  TEE4= 0.017
rank= 20 Lx=Ly=22 pg= 0.750 ids=  20 TEE1=-0.134 TEE2=-0.004 TEE3= 0.062  TEE4= 0.052
rank= 16 Lx=Ly=22 pg= 0.750 ids=  16 TEE1=-0.171 TEE2=-0.037 TEE3= 0.060  TEE4= 0.147
rank=122 Lx=Ly=22 pg= 0.750 ids= 122 TEE1=-0.066 TEE2= 0.064 TEE3= 0.074  TEE4= 0.087
rank=113 Lx=Ly=22 pg= 0.750 ids= 113 TEE1=-0.107 TEE2= 0.017 TEE3= 0.062  TEE4= 0.083
rank=119 Lx=Ly=22 pg= 0.750 ids= 119 TEE1=-0.095 TEE2=-0.035 TEE3= 0.004  TEE4= 0.070
rank=114 Lx=Ly=22 pg= 0.750 ids= 114 TEE1=-0.097 TEE2= 0.017 TEE3= 0.097  TEE4= 0.112
rank=117 Lx=Ly=22 pg= 0.750 ids= 117 TEE1=-0.120 TEE2= 0.006 TEE3= 0.091  TEE4= 0.143
rank=115 Lx=Ly=22 pg= 0.750 ids= 115 TEE1=-0.095 TEE2= 0.017 TEE3= 0.027  TEE4= 0.023
rank= 26 Lx=Ly=22 pg= 0.750 ids=  26 TEE1=-0.171 TEE2=-0.021 TEE3= 0.043  TEE4= 0.093
rank= 22 Lx=Ly=22 pg= 0.750 ids=  22 TEE1=-0.076 TEE2= 0.052 TEE3= 0.116  TEE4= 0.143
rank=123 Lx=Ly=22 pg= 0.750 ids= 123 TEE1=-0.167 TEE2=-0.041 TEE3= 0.019  TEE4= 0.043
rank=124 Lx=Ly=22 pg= 0.750 ids= 124 TEE1=-0.112 TEE2= 0.033 TEE3= 0.085  TEE4= 0.107
rank= 78 Lx=Ly=22 pg= 0.750 ids=  78 TEE1=-0.161 TEE2=-0.033 TEE3= 0.035  TEE4= 0.095
rank=120 Lx=Ly=22 pg= 0.750 ids= 120 TEE1=-0.076 TEE2= 0.050 TEE3= 0.116  TEE4= 0.128
rank= 28 Lx=Ly=22 pg= 0.750 ids=  28 TEE1=-0.196 TEE2=-0.132 TEE3=-0.014  TEE4= 0.070
rank= 24 Lx=Ly=22 pg= 0.750 ids=  24 TEE1=-0.128 TEE2=-0.048 TEE3=-0.008  TEE4= 0.021
rank=126 Lx=Ly=22 pg= 0.750 ids= 126 TEE1=-0.083 TEE2= 0.008 TEE3= 0.130  TEE4= 0.312
rank= 18 Lx=Ly=22 pg= 0.750 ids=  18 TEE1=-0.112 TEE2=-0.074 TEE3=-0.023  TEE4= 0.012
rank= 70 Lx=Ly=22 pg= 0.750 ids=  70 TEE1=-0.085 TEE2=-0.002 TEE3= 0.054  TEE4= 0.079
rank= 85 Lx=Ly=22 pg= 0.750 ids=  85 TEE1=-0.091 TEE2= 0.010 TEE3= 0.058  TEE4= 0.070
rank= 89 Lx=Ly=22 pg= 0.750 ids=  89 TEE1=-0.157 TEE2= 0.004 TEE3= 0.048  TEE4= 0.068
rank= 91 Lx=Ly=22 pg= 0.750 ids=  91 TEE1=-0.068 TEE2= 0.025 TEE3= 0.058  TEE4= 0.048
rank= 95 Lx=Ly=22 pg= 0.750 ids=  95 TEE1=-0.229 TEE2=-0.079 TEE3= 0.004  TEE4= 0.079
rank= 81 Lx=Ly=22 pg= 0.750 ids=  81 TEE1=-0.180 TEE2=-0.076 TEE3= 0.019  TEE4= 0.085
rank= 72 Lx=Ly=22 pg= 0.750 ids=  72 TEE1=-0.045 TEE2= 0.058 TEE3= 0.064  TEE4= 0.050
rank= 93 Lx=Ly=22 pg= 0.750 ids=  93 TEE1=-0.140 TEE2=-0.004 TEE3= 0.054  TEE4= 0.095
rank= 76 Lx=Ly=22 pg= 0.750 ids=  76 TEE1=-0.188 TEE2=-0.081 TEE3= 0.062  TEE4= 0.161
rank= 82 Lx=Ly=22 pg= 0.750 ids=  82 TEE1=-0.194 TEE2=-0.060 TEE3= 0.050  TEE4= 0.099
rank= 94 Lx=Ly=22 pg= 0.750 ids=  94 TEE1=-0.176 TEE2=-0.056 TEE3= 0.035  TEE4= 0.089
rank= 88 Lx=Ly=22 pg= 0.750 ids=  88 TEE1=-0.163 TEE2=-0.029 TEE3= 0.025  TEE4= 0.035
rank= 86 Lx=Ly=22 pg= 0.750 ids=  86 TEE1= 0.002 TEE2= 0.037 TEE3= 0.056  TEE4= 0.048
rank= 80 Lx=Ly=22 pg= 0.750 ids=  80 TEE1=-0.151 TEE2=-0.054 TEE3= 0.025  TEE4= 0.076
rank= 92 Lx=Ly=22 pg= 0.750 ids=  92 TEE1=-0.254 TEE2=-0.132 TEE3=-0.008  TEE4= 0.099
rank= 84 Lx=Ly=22 pg= 0.750 ids=  84 TEE1=-0.163 TEE2=-0.079 TEE3= 0.017  TEE4= 0.072
rank= 90 Lx=Ly=22 pg= 0.750 ids=  90 TEE1=-0.157 TEE2=-0.064 TEE3= 0.000  TEE4= 0.048
rank=100 Lx=Ly=22 pg= 0.760 ids= 100 TEE1=-0.072 TEE2= 0.037 TEE3= 0.085  TEE4= 0.101
rank=102 Lx=Ly=22 pg= 0.760 ids= 102 TEE1=-0.182 TEE2=-0.058 TEE3= 0.021  TEE4= 0.128
rank= 98 Lx=Ly=22 pg= 0.760 ids=  98 TEE1=-0.287 TEE2=-0.176 TEE3=-0.031  TEE4= 0.027
rank= 96 Lx=Ly=22 pg= 0.760 ids=  96 TEE1=-0.227 TEE2=-0.140 TEE3=-0.054  TEE4= 0.054
rank= 12 Lx=Ly=22 pg= 0.760 ids=  12 TEE1=-0.192 TEE2=-0.093 TEE3=-0.008  TEE4= 0.101
rank=  8 Lx=Ly=22 pg= 0.760 ids=   8 TEE1=-0.171 TEE2=-0.031 TEE3= 0.060  TEE4= 0.134
rank= 65 Lx=Ly=22 pg= 0.760 ids=  65 TEE1=-0.174 TEE2=-0.048 TEE3= 0.052  TEE4= 0.087
rank= 97 Lx=Ly=22 pg= 0.760 ids=  97 TEE1=-0.138 TEE2=-0.017 TEE3= 0.033  TEE4= 0.070
rank= 99 Lx=Ly=22 pg= 0.760 ids=  99 TEE1=-0.295 TEE2=-0.145 TEE3=-0.041  TEE4= 0.029
rank= 67 Lx=Ly=22 pg= 0.760 ids=  67 TEE1=-0.035 TEE2= 0.043 TEE3= 0.072  TEE4= 0.066
rank=101 Lx=Ly=22 pg= 0.760 ids= 101 TEE1=-0.207 TEE2=-0.079 TEE3=-0.006  TEE4= 0.045
rank= 14 Lx=Ly=22 pg= 0.760 ids=  14 TEE1=-0.085 TEE2= 0.017 TEE3= 0.085  TEE4= 0.107
rank= 71 Lx=Ly=22 pg= 0.760 ids=  71 TEE1=-0.103 TEE2=-0.033 TEE3= 0.025  TEE4= 0.126
rank=103 Lx=Ly=22 pg= 0.760 ids= 103 TEE1=-0.184 TEE2=-0.033 TEE3= 0.027  TEE4= 0.056
rank= 42 Lx=Ly=22 pg= 0.760 ids=  42 TEE1=-0.074 TEE2= 0.000 TEE3= 0.062  TEE4= 0.081
rank=110 Lx=Ly=22 pg= 0.760 ids= 110 TEE1=-0.205 TEE2=-0.085 TEE3=-0.002  TEE4= 0.039
rank=106 Lx=Ly=22 pg= 0.760 ids= 106 TEE1=-0.118 TEE2=-0.023 TEE3= 0.052  TEE4= 0.079
rank= 69 Lx=Ly=22 pg= 0.760 ids=  69 TEE1=-0.124 TEE2=-0.006 TEE3= 0.064  TEE4= 0.095
rank=104 Lx=Ly=22 pg= 0.760 ids= 104 TEE1=-0.186 TEE2=-0.056 TEE3= 0.021  TEE4= 0.050
rank= 40 Lx=Ly=22 pg= 0.760 ids=  40 TEE1=-0.209 TEE2=-0.062 TEE3=-0.021  TEE4= 0.027
rank= 10 Lx=Ly=22 pg= 0.760 ids=  10 TEE1=-0.134 TEE2= 0.031 TEE3= 0.132  TEE4= 0.147
rank=108 Lx=Ly=22 pg= 0.760 ids= 108 TEE1=-0.171 TEE2=-0.058 TEE3= 0.025  TEE4= 0.050
rank= 35 Lx=Ly=22 pg= 0.760 ids=  35 TEE1=-0.186 TEE2=-0.097 TEE3=-0.025  TEE4= 0.060
rank= 46 Lx=Ly=22 pg= 0.760 ids=  46 TEE1=-0.291 TEE2=-0.134 TEE3= 0.002  TEE4= 0.087
rank= 33 Lx=Ly=22 pg= 0.760 ids=  33 TEE1=-0.103 TEE2=-0.006 TEE3= 0.037  TEE4= 0.089
rank= 37 Lx=Ly=22 pg= 0.760 ids=  37 TEE1=-0.147 TEE2=-0.008 TEE3= 0.095  TEE4= 0.190
rank= 39 Lx=Ly=22 pg= 0.760 ids=  39 TEE1=-0.250 TEE2=-0.076 TEE3= 0.004  TEE4= 0.029
rank= 44 Lx=Ly=22 pg= 0.760 ids=  44 TEE1=-0.138 TEE2=-0.064 TEE3= 0.031  TEE4= 0.070
rank=  2 Lx=Ly=22 pg= 0.760 ids=   2 TEE1=-0.188 TEE2=-0.105 TEE3= 0.002  TEE4= 0.074
rank=107 Lx=Ly=22 pg= 0.760 ids= 107 TEE1=-0.105 TEE2=-0.010 TEE3= 0.039  TEE4= 0.068
rank= 45 Lx=Ly=22 pg= 0.760 ids=  45 TEE1=-0.130 TEE2=-0.041 TEE3= 0.006  TEE4=-0.006
rank= 38 Lx=Ly=22 pg= 0.760 ids=  38 TEE1=-0.153 TEE2=-0.043 TEE3= 0.002  TEE4= 0.120
rank= 41 Lx=Ly=22 pg= 0.760 ids=  41 TEE1=-0.184 TEE2=-0.083 TEE3=-0.008  TEE4= 0.089
rank=  6 Lx=Ly=22 pg= 0.760 ids=   6 TEE1=-0.225 TEE2=-0.112 TEE3=-0.021  TEE4= 0.037
rank=111 Lx=Ly=22 pg= 0.760 ids= 111 TEE1=-0.211 TEE2=-0.095 TEE3= 0.019  TEE4= 0.095
rank= 47 Lx=Ly=22 pg= 0.760 ids=  47 TEE1=-0.126 TEE2= 0.043 TEE3= 0.083  TEE4= 0.076
rank=  4 Lx=Ly=22 pg= 0.760 ids=   4 TEE1=-0.215 TEE2=-0.083 TEE3= 0.023  TEE4= 0.070
rank= 32 Lx=Ly=22 pg= 0.760 ids=  32 TEE1=-0.126 TEE2=-0.058 TEE3=-0.008  TEE4= 0.000
rank=105 Lx=Ly=22 pg= 0.760 ids= 105 TEE1=-0.186 TEE2=-0.045 TEE3= 0.035  TEE4= 0.116
rank= 43 Lx=Ly=22 pg= 0.760 ids=  43 TEE1=-0.213 TEE2=-0.120 TEE3=-0.006  TEE4= 0.081
rank= 34 Lx=Ly=22 pg= 0.760 ids=  34 TEE1=-0.300 TEE2=-0.171 TEE3=-0.056  TEE4= 0.081
rank= 36 Lx=Ly=22 pg= 0.760 ids=  36 TEE1=-0.281 TEE2=-0.112 TEE3= 0.019  TEE4= 0.143
rank=  0 Lx=Ly=22 pg= 0.760 ids=   0 TEE1=-0.192 TEE2= 0.025 TEE3= 0.091  TEE4= 0.155
rank=  3 Lx=Ly=22 pg= 0.760 ids=   3 TEE1=-0.153 TEE2=-0.033 TEE3= 0.029  TEE4= 0.029
rank=  5 Lx=Ly=22 pg= 0.760 ids=   5 TEE1=-0.205 TEE2=-0.054 TEE3= 0.039  TEE4= 0.143
rank=109 Lx=Ly=22 pg= 0.760 ids= 109 TEE1=-0.333 TEE2=-0.178 TEE3=-0.043  TEE4= 0.058
rank=  1 Lx=Ly=22 pg= 0.760 ids=   1 TEE1=-0.143 TEE2=-0.012 TEE3= 0.058  TEE4= 0.114
rank= 13 Lx=Ly=22 pg= 0.760 ids=  13 TEE1=-0.291 TEE2=-0.140 TEE3=-0.021  TEE4= 0.072
rank=  9 Lx=Ly=22 pg= 0.760 ids=   9 TEE1=-0.335 TEE2=-0.227 TEE3=-0.120  TEE4=-0.014
rank= 75 Lx=Ly=22 pg= 0.760 ids=  75 TEE1=-0.099 TEE2=-0.004 TEE3= 0.043  TEE4= 0.087
rank= 11 Lx=Ly=22 pg= 0.760 ids=  11 TEE1=-0.157 TEE2=-0.056 TEE3= 0.012  TEE4= 0.052
rank= 73 Lx=Ly=22 pg= 0.760 ids=  73 TEE1=-0.163 TEE2=-0.043 TEE3= 0.010  TEE4= 0.039
rank= 77 Lx=Ly=22 pg= 0.760 ids=  77 TEE1=-0.169 TEE2=-0.054 TEE3=-0.006  TEE4= 0.010
rank= 79 Lx=Ly=22 pg= 0.760 ids=  79 TEE1=-0.157 TEE2=-0.019 TEE3= 0.054  TEE4= 0.097
rank=  7 Lx=Ly=22 pg= 0.760 ids=   7 TEE1=-0.169 TEE2=-0.006 TEE3= 0.081  TEE4= 0.134
rank= 15 Lx=Ly=22 pg= 0.760 ids=  15 TEE1=-0.221 TEE2=-0.062 TEE3= 0.095  TEE4= 0.229
rank= 51 Lx=Ly=22 pg= 0.760 ids=  51 TEE1=-0.217 TEE2=-0.058 TEE3= 0.054  TEE4= 0.105
rank= 49 Lx=Ly=22 pg= 0.760 ids=  49 TEE1=-0.246 TEE2=-0.147 TEE3= 0.000  TEE4= 0.099
rank= 25 Lx=Ly=22 pg= 0.760 ids=  25 TEE1=-0.118 TEE2=-0.006 TEE3= 0.045  TEE4= 0.074
rank= 53 Lx=Ly=22 pg= 0.760 ids=  53 TEE1=-0.083 TEE2=-0.004 TEE3= 0.025  TEE4= 0.058
rank= 57 Lx=Ly=22 pg= 0.760 ids=  57 TEE1=-0.227 TEE2=-0.060 TEE3= 0.031  TEE4= 0.074
rank= 55 Lx=Ly=22 pg= 0.760 ids=  55 TEE1=-0.209 TEE2=-0.068 TEE3= 0.050  TEE4= 0.157
rank= 31 Lx=Ly=22 pg= 0.760 ids=  31 TEE1=-0.186 TEE2=-0.114 TEE3=-0.027  TEE4= 0.056
rank= 59 Lx=Ly=22 pg= 0.760 ids=  59 TEE1=-0.130 TEE2= 0.014 TEE3= 0.064  TEE4= 0.060
rank= 61 Lx=Ly=22 pg= 0.760 ids=  61 TEE1=-0.145 TEE2=-0.014 TEE3= 0.014  TEE4= 0.008
rank= 27 Lx=Ly=22 pg= 0.760 ids=  27 TEE1=-0.130 TEE2=-0.019 TEE3= 0.041  TEE4= 0.068
rank= 63 Lx=Ly=22 pg= 0.760 ids=  63 TEE1=-0.107 TEE2=-0.014 TEE3= 0.033  TEE4= 0.043
rank= 64 Lx=Ly=22 pg= 0.760 ids=  64 TEE1=-0.198 TEE2=-0.072 TEE3= 0.037  TEE4= 0.147
rank= 23 Lx=Ly=22 pg= 0.760 ids=  23 TEE1=-0.110 TEE2=-0.029 TEE3= 0.045  TEE4= 0.140
rank= 19 Lx=Ly=22 pg= 0.760 ids=  19 TEE1=-0.229 TEE2=-0.089 TEE3= 0.033  TEE4= 0.114
rank= 17 Lx=Ly=22 pg= 0.760 ids=  17 TEE1=-0.219 TEE2=-0.095 TEE3=-0.010  TEE4= 0.056
rank= 21 Lx=Ly=22 pg= 0.760 ids=  21 TEE1=-0.231 TEE2=-0.079 TEE3= 0.076  TEE4= 0.186
rank= 68 Lx=Ly=22 pg= 0.760 ids=  68 TEE1=-0.244 TEE2=-0.081 TEE3= 0.017  TEE4= 0.103
rank= 29 Lx=Ly=22 pg= 0.760 ids=  29 TEE1=-0.188 TEE2=-0.103 TEE3= 0.006  TEE4= 0.050
rank= 66 Lx=Ly=22 pg= 0.760 ids=  66 TEE1=-0.215 TEE2=-0.105 TEE3=-0.023  TEE4= 0.068
rank=112 Lx=Ly=22 pg= 0.760 ids= 112 TEE1=-0.178 TEE2=-0.045 TEE3= 0.027  TEE4= 0.043
rank=127 Lx=Ly=22 pg= 0.760 ids= 127 TEE1=-0.120 TEE2= 0.006 TEE3= 0.054  TEE4= 0.052
rank=121 Lx=Ly=22 pg= 0.760 ids= 121 TEE1=-0.229 TEE2=-0.114 TEE3=-0.012  TEE4= 0.157
rank= 58 Lx=Ly=22 pg= 0.760 ids=  58 TEE1=-0.225 TEE2=-0.110 TEE3=-0.010  TEE4= 0.045
rank= 56 Lx=Ly=22 pg= 0.760 ids=  56 TEE1=-0.180 TEE2=-0.054 TEE3= 0.041  TEE4= 0.128
rank= 74 Lx=Ly=22 pg= 0.760 ids=  74 TEE1=-0.186 TEE2=-0.058 TEE3= 0.027  TEE4= 0.045
rank=125 Lx=Ly=22 pg= 0.760 ids= 125 TEE1=-0.196 TEE2=-0.048 TEE3= 0.070  TEE4= 0.202
rank=116 Lx=Ly=22 pg= 0.760 ids= 116 TEE1=-0.136 TEE2=-0.052 TEE3= 0.002  TEE4= 0.033
rank= 48 Lx=Ly=22 pg= 0.760 ids=  48 TEE1=-0.217 TEE2=-0.043 TEE3= 0.081  TEE4= 0.095
rank= 62 Lx=Ly=22 pg= 0.760 ids=  62 TEE1=-0.126 TEE2=-0.066 TEE3=-0.004  TEE4= 0.025
rank= 78 Lx=Ly=22 pg= 0.760 ids=  78 TEE1=-0.132 TEE2=-0.039 TEE3= 0.019  TEE4= 0.033
rank= 83 Lx=Ly=22 pg= 0.760 ids=  83 TEE1=-0.083 TEE2= 0.017 TEE3= 0.079  TEE4= 0.105
rank= 87 Lx=Ly=22 pg= 0.760 ids=  87 TEE1=-0.267 TEE2=-0.169 TEE3=-0.074  TEE4=-0.006
rank=118 Lx=Ly=22 pg= 0.760 ids= 118 TEE1=-0.167 TEE2=-0.105 TEE3=-0.039  TEE4= 0.008
rank= 50 Lx=Ly=22 pg= 0.760 ids=  50 TEE1=-0.252 TEE2=-0.066 TEE3= 0.012  TEE4= 0.045
rank= 70 Lx=Ly=22 pg= 0.760 ids=  70 TEE1=-0.246 TEE2=-0.112 TEE3= 0.021  TEE4= 0.091
rank= 54 Lx=Ly=22 pg= 0.760 ids=  54 TEE1=-0.149 TEE2=-0.023 TEE3= 0.033  TEE4= 0.145
rank=113 Lx=Ly=22 pg= 0.760 ids= 113 TEE1=-0.171 TEE2=-0.074 TEE3=-0.012  TEE4= 0.058
rank=114 Lx=Ly=22 pg= 0.760 ids= 114 TEE1=-0.136 TEE2=-0.039 TEE3= 0.025  TEE4= 0.041
rank= 52 Lx=Ly=22 pg= 0.760 ids=  52 TEE1=-0.068 TEE2= 0.012 TEE3= 0.066  TEE4= 0.083
rank= 60 Lx=Ly=22 pg= 0.760 ids=  60 TEE1=-0.190 TEE2=-0.019 TEE3= 0.114  TEE4= 0.167
rank=119 Lx=Ly=22 pg= 0.760 ids= 119 TEE1=-0.260 TEE2=-0.091 TEE3= 0.048  TEE4= 0.178
rank=123 Lx=Ly=22 pg= 0.760 ids= 123 TEE1=-0.178 TEE2=-0.076 TEE3= 0.017  TEE4= 0.089
rank= 30 Lx=Ly=22 pg= 0.760 ids=  30 TEE1=-0.196 TEE2=-0.087 TEE3= 0.025  TEE4= 0.112
rank=122 Lx=Ly=22 pg= 0.760 ids= 122 TEE1=-0.167 TEE2=-0.035 TEE3= 0.041  TEE4= 0.064
rank=117 Lx=Ly=22 pg= 0.760 ids= 117 TEE1=-0.176 TEE2=-0.050 TEE3= 0.010  TEE4= 0.033
rank=115 Lx=Ly=22 pg= 0.760 ids= 115 TEE1=-0.124 TEE2=-0.029 TEE3= 0.043  TEE4= 0.087
rank= 20 Lx=Ly=22 pg= 0.760 ids=  20 TEE1=-0.231 TEE2=-0.136 TEE3= 0.000  TEE4= 0.124
rank= 16 Lx=Ly=22 pg= 0.760 ids=  16 TEE1=-0.194 TEE2=-0.079 TEE3= 0.008  TEE4= 0.014
rank=124 Lx=Ly=22 pg= 0.760 ids= 124 TEE1=-0.196 TEE2=-0.070 TEE3=-0.002  TEE4= 0.021
rank= 72 Lx=Ly=22 pg= 0.760 ids=  72 TEE1=-0.221 TEE2=-0.118 TEE3=-0.002  TEE4= 0.116
rank=120 Lx=Ly=22 pg= 0.760 ids= 120 TEE1=-0.207 TEE2=-0.107 TEE3= 0.008  TEE4= 0.095
rank= 22 Lx=Ly=22 pg= 0.760 ids=  22 TEE1=-0.091 TEE2=-0.008 TEE3= 0.054  TEE4= 0.097
rank= 26 Lx=Ly=22 pg= 0.760 ids=  26 TEE1=-0.231 TEE2=-0.118 TEE3=-0.043  TEE4=-0.023
rank=126 Lx=Ly=22 pg= 0.760 ids= 126 TEE1=-0.277 TEE2=-0.182 TEE3=-0.062  TEE4= 0.070
rank= 24 Lx=Ly=22 pg= 0.760 ids=  24 TEE1=-0.130 TEE2=-0.033 TEE3= 0.060  TEE4= 0.105
rank= 85 Lx=Ly=22 pg= 0.760 ids=  85 TEE1=-0.320 TEE2=-0.182 TEE3=-0.041  TEE4= 0.122
rank= 28 Lx=Ly=22 pg= 0.760 ids=  28 TEE1=-0.223 TEE2=-0.107 TEE3=-0.006  TEE4= 0.045
rank= 18 Lx=Ly=22 pg= 0.760 ids=  18 TEE1=-0.095 TEE2=-0.031 TEE3= 0.045  TEE4= 0.083
rank= 89 Lx=Ly=22 pg= 0.760 ids=  89 TEE1=-0.260 TEE2=-0.118 TEE3=-0.002  TEE4= 0.048
rank= 76 Lx=Ly=22 pg= 0.760 ids=  76 TEE1=-0.083 TEE2= 0.000 TEE3= 0.058  TEE4= 0.101
rank= 81 Lx=Ly=22 pg= 0.760 ids=  81 TEE1=-0.213 TEE2=-0.058 TEE3= 0.012  TEE4= 0.052
rank= 91 Lx=Ly=22 pg= 0.760 ids=  91 TEE1=-0.223 TEE2=-0.058 TEE3= 0.031  TEE4= 0.072
rank= 93 Lx=Ly=22 pg= 0.760 ids=  93 TEE1=-0.114 TEE2= 0.025 TEE3= 0.079  TEE4= 0.089
rank= 95 Lx=Ly=22 pg= 0.760 ids=  95 TEE1=-0.231 TEE2=-0.138 TEE3=-0.043  TEE4= 0.025
rank= 82 Lx=Ly=22 pg= 0.760 ids=  82 TEE1=-0.215 TEE2=-0.091 TEE3=-0.004  TEE4= 0.058
rank= 88 Lx=Ly=22 pg= 0.760 ids=  88 TEE1=-0.165 TEE2=-0.010 TEE3= 0.068  TEE4= 0.116
rank= 86 Lx=Ly=22 pg= 0.760 ids=  86 TEE1=-0.171 TEE2= 0.012 TEE3= 0.068  TEE4= 0.062
rank= 94 Lx=Ly=22 pg= 0.760 ids=  94 TEE1=-0.273 TEE2=-0.225 TEE3=-0.149  TEE4=-0.035
rank= 80 Lx=Ly=22 pg= 0.760 ids=  80 TEE1=-0.159 TEE2=-0.031 TEE3= 0.008  TEE4= 0.021
rank= 92 Lx=Ly=22 pg= 0.760 ids=  92 TEE1=-0.233 TEE2=-0.050 TEE3= 0.019  TEE4= 0.068
rank= 84 Lx=Ly=22 pg= 0.760 ids=  84 TEE1=-0.147 TEE2=-0.054 TEE3= 0.023  TEE4= 0.066
rank= 90 Lx=Ly=22 pg= 0.760 ids=  90 TEE1=-0.112 TEE2=-0.012 TEE3= 0.021  TEE4= 0.027
rank=100 Lx=Ly=22 pg= 0.770 ids= 100 TEE1=-0.128 TEE2= 0.010 TEE3= 0.052  TEE4= 0.050
rank= 98 Lx=Ly=22 pg= 0.770 ids=  98 TEE1=-0.242 TEE2=-0.126 TEE3=-0.025  TEE4= 0.039
rank=102 Lx=Ly=22 pg= 0.770 ids= 102 TEE1=-0.242 TEE2=-0.157 TEE3=-0.060  TEE4= 0.033
rank= 96 Lx=Ly=22 pg= 0.770 ids=  96 TEE1=-0.200 TEE2=-0.058 TEE3= 0.031  TEE4= 0.095
rank= 12 Lx=Ly=22 pg= 0.770 ids=  12 TEE1=-0.186 TEE2=-0.041 TEE3= 0.045  TEE4= 0.083
rank=  8 Lx=Ly=22 pg= 0.770 ids=   8 TEE1=-0.264 TEE2=-0.128 TEE3= 0.004  TEE4= 0.089
rank= 65 Lx=Ly=22 pg= 0.770 ids=  65 TEE1=-0.331 TEE2=-0.200 TEE3=-0.062  TEE4= 0.076
rank= 97 Lx=Ly=22 pg= 0.770 ids=  97 TEE1=-0.279 TEE2=-0.159 TEE3=-0.033  TEE4= 0.056
rank= 99 Lx=Ly=22 pg= 0.770 ids=  99 TEE1=-0.240 TEE2=-0.128 TEE3=-0.052  TEE4=-0.008
rank= 67 Lx=Ly=22 pg= 0.770 ids=  67 TEE1=-0.200 TEE2=-0.052 TEE3= 0.079  TEE4= 0.169
rank= 14 Lx=Ly=22 pg= 0.770 ids=  14 TEE1=-0.275 TEE2=-0.178 TEE3=-0.074  TEE4= 0.066
rank= 42 Lx=Ly=22 pg= 0.770 ids=  42 TEE1=-0.182 TEE2=-0.006 TEE3= 0.114  TEE4= 0.200
rank= 71 Lx=Ly=22 pg= 0.770 ids=  71 TEE1=-0.314 TEE2=-0.194 TEE3=-0.068  TEE4= 0.081
rank=103 Lx=Ly=22 pg= 0.770 ids= 103 TEE1=-0.202 TEE2=-0.039 TEE3= 0.066  TEE4= 0.110
rank=101 Lx=Ly=22 pg= 0.770 ids= 101 TEE1=-0.213 TEE2=-0.014 TEE3= 0.050  TEE4= 0.060
rank= 10 Lx=Ly=22 pg= 0.770 ids=  10 TEE1=-0.225 TEE2=-0.050 TEE3= 0.035  TEE4= 0.050
rank= 69 Lx=Ly=22 pg= 0.770 ids=  69 TEE1=-0.248 TEE2=-0.110 TEE3= 0.027  TEE4= 0.171
rank= 40 Lx=Ly=22 pg= 0.770 ids=  40 TEE1=-0.295 TEE2=-0.229 TEE3=-0.076  TEE4= 0.114
rank=110 Lx=Ly=22 pg= 0.770 ids= 110 TEE1=-0.273 TEE2=-0.147 TEE3=-0.043  TEE4= 0.101
rank=106 Lx=Ly=22 pg= 0.770 ids= 106 TEE1=-0.269 TEE2=-0.116 TEE3= 0.000  TEE4= 0.140
rank=104 Lx=Ly=22 pg= 0.770 ids= 104 TEE1=-0.213 TEE2=-0.076 TEE3= 0.052  TEE4= 0.112
rank=108 Lx=Ly=22 pg= 0.770 ids= 108 TEE1=-0.225 TEE2=-0.079 TEE3= 0.023  TEE4= 0.043
rank= 46 Lx=Ly=22 pg= 0.770 ids=  46 TEE1=-0.213 TEE2=-0.089 TEE3= 0.012  TEE4= 0.134
rank= 35 Lx=Ly=22 pg= 0.770 ids=  35 TEE1=-0.157 TEE2=-0.105 TEE3=-0.043  TEE4=-0.002
rank= 33 Lx=Ly=22 pg= 0.770 ids=  33 TEE1=-0.252 TEE2=-0.149 TEE3=-0.056  TEE4= 0.019
rank= 37 Lx=Ly=22 pg= 0.770 ids=  37 TEE1=-0.240 TEE2=-0.089 TEE3= 0.017  TEE4= 0.064
rank= 39 Lx=Ly=22 pg= 0.770 ids=  39 TEE1=-0.227 TEE2=-0.033 TEE3= 0.105  TEE4= 0.267
rank= 44 Lx=Ly=22 pg= 0.770 ids=  44 TEE1=-0.207 TEE2=-0.072 TEE3=-0.010  TEE4= 0.112
rank= 45 Lx=Ly=22 pg= 0.770 ids=  45 TEE1=-0.165 TEE2= 0.012 TEE3= 0.041  TEE4= 0.048
rank=107 Lx=Ly=22 pg= 0.770 ids= 107 TEE1=-0.236 TEE2=-0.105 TEE3= 0.035  TEE4= 0.124
rank= 41 Lx=Ly=22 pg= 0.770 ids=  41 TEE1=-0.310 TEE2=-0.207 TEE3=-0.091  TEE4= 0.019
rank=  2 Lx=Ly=22 pg= 0.770 ids=   2 TEE1=-0.236 TEE2=-0.091 TEE3= 0.029  TEE4= 0.070
rank= 47 Lx=Ly=22 pg= 0.770 ids=  47 TEE1=-0.273 TEE2=-0.153 TEE3=-0.054  TEE4= 0.031
rank= 38 Lx=Ly=22 pg= 0.770 ids=  38 TEE1=-0.165 TEE2=-0.031 TEE3= 0.014  TEE4= 0.035
rank= 43 Lx=Ly=22 pg= 0.770 ids=  43 TEE1=-0.184 TEE2=-0.050 TEE3= 0.019  TEE4= 0.052
rank=111 Lx=Ly=22 pg= 0.770 ids= 111 TEE1=-0.192 TEE2=-0.085 TEE3=-0.039  TEE4=-0.019
rank=  6 Lx=Ly=22 pg= 0.770 ids=   6 TEE1=-0.298 TEE2=-0.165 TEE3=-0.037  TEE4= 0.023
rank=  4 Lx=Ly=22 pg= 0.770 ids=   4 TEE1=-0.194 TEE2=-0.095 TEE3=-0.033  TEE4= 0.010
rank= 32 Lx=Ly=22 pg= 0.770 ids=  32 TEE1=-0.324 TEE2=-0.254 TEE3=-0.184  TEE4=-0.093
rank=105 Lx=Ly=22 pg= 0.770 ids= 105 TEE1=-0.275 TEE2=-0.149 TEE3= 0.006  TEE4= 0.207
rank= 34 Lx=Ly=22 pg= 0.770 ids=  34 TEE1=-0.289 TEE2=-0.126 TEE3= 0.031  TEE4= 0.060
rank= 36 Lx=Ly=22 pg= 0.770 ids=  36 TEE1=-0.281 TEE2=-0.184 TEE3=-0.087  TEE4= 0.120
rank=  5 Lx=Ly=22 pg= 0.770 ids=   5 TEE1=-0.221 TEE2=-0.105 TEE3=-0.006  TEE4= 0.072
rank=  3 Lx=Ly=22 pg= 0.770 ids=   3 TEE1=-0.136 TEE2= 0.000 TEE3= 0.091  TEE4= 0.122
rank=  0 Lx=Ly=22 pg= 0.770 ids=   0 TEE1=-0.198 TEE2=-0.085 TEE3= 0.014  TEE4= 0.043
rank=  1 Lx=Ly=22 pg= 0.770 ids=   1 TEE1=-0.273 TEE2=-0.202 TEE3=-0.128  TEE4=-0.041
rank=109 Lx=Ly=22 pg= 0.770 ids= 109 TEE1=-0.269 TEE2=-0.209 TEE3=-0.091  TEE4= 0.050
rank= 13 Lx=Ly=22 pg= 0.770 ids=  13 TEE1=-0.217 TEE2=-0.116 TEE3=-0.037  TEE4= 0.066
rank= 11 Lx=Ly=22 pg= 0.770 ids=  11 TEE1=-0.219 TEE2=-0.066 TEE3= 0.025  TEE4= 0.097
rank=  9 Lx=Ly=22 pg= 0.770 ids=   9 TEE1=-0.229 TEE2=-0.095 TEE3=-0.023  TEE4= 0.017
rank= 75 Lx=Ly=22 pg= 0.770 ids=  75 TEE1=-0.169 TEE2=-0.087 TEE3= 0.010  TEE4= 0.132
rank=  7 Lx=Ly=22 pg= 0.770 ids=   7 TEE1=-0.322 TEE2=-0.254 TEE3=-0.128  TEE4=-0.008
rank= 73 Lx=Ly=22 pg= 0.770 ids=  73 TEE1=-0.244 TEE2=-0.060 TEE3= 0.002  TEE4= 0.099
rank= 15 Lx=Ly=22 pg= 0.770 ids=  15 TEE1=-0.254 TEE2=-0.180 TEE3=-0.081  TEE4= 0.008
rank= 77 Lx=Ly=22 pg= 0.770 ids=  77 TEE1=-0.190 TEE2=-0.079 TEE3= 0.004  TEE4= 0.037
rank= 79 Lx=Ly=22 pg= 0.770 ids=  79 TEE1=-0.231 TEE2=-0.122 TEE3=-0.039  TEE4= 0.033
rank= 51 Lx=Ly=22 pg= 0.770 ids=  51 TEE1=-0.229 TEE2=-0.107 TEE3=-0.002  TEE4= 0.048
rank= 64 Lx=Ly=22 pg= 0.770 ids=  64 TEE1=-0.238 TEE2=-0.110 TEE3=-0.004  TEE4= 0.054
rank= 25 Lx=Ly=22 pg= 0.770 ids=  25 TEE1=-0.171 TEE2=-0.070 TEE3= 0.043  TEE4= 0.157
rank= 68 Lx=Ly=22 pg= 0.770 ids=  68 TEE1=-0.188 TEE2=-0.058 TEE3= 0.037  TEE4= 0.118
rank= 49 Lx=Ly=22 pg= 0.770 ids=  49 TEE1=-0.231 TEE2=-0.120 TEE3=-0.041  TEE4= 0.031
rank= 31 Lx=Ly=22 pg= 0.770 ids=  31 TEE1=-0.269 TEE2=-0.149 TEE3=-0.019  TEE4= 0.068
rank= 53 Lx=Ly=22 pg= 0.770 ids=  53 TEE1=-0.316 TEE2=-0.180 TEE3=-0.064  TEE4= 0.010
rank= 66 Lx=Ly=22 pg= 0.770 ids=  66 TEE1=-0.171 TEE2=-0.023 TEE3= 0.056  TEE4= 0.093
rank= 57 Lx=Ly=22 pg= 0.770 ids=  57 TEE1=-0.329 TEE2=-0.248 TEE3=-0.167  TEE4=-0.050
rank= 55 Lx=Ly=22 pg= 0.770 ids=  55 TEE1=-0.211 TEE2=-0.035 TEE3= 0.058  TEE4= 0.134
rank= 27 Lx=Ly=22 pg= 0.770 ids=  27 TEE1=-0.339 TEE2=-0.260 TEE3=-0.112  TEE4= 0.021
rank= 59 Lx=Ly=22 pg= 0.770 ids=  59 TEE1=-0.316 TEE2=-0.240 TEE3=-0.167  TEE4=-0.097
rank= 19 Lx=Ly=22 pg= 0.770 ids=  19 TEE1=-0.211 TEE2=-0.145 TEE3=-0.008  TEE4= 0.070
rank= 23 Lx=Ly=22 pg= 0.770 ids=  23 TEE1=-0.209 TEE2=-0.058 TEE3= 0.035  TEE4= 0.093
rank= 61 Lx=Ly=22 pg= 0.770 ids=  61 TEE1=-0.116 TEE2=-0.037 TEE3= 0.002  TEE4= 0.012
rank= 63 Lx=Ly=22 pg= 0.770 ids=  63 TEE1=-0.145 TEE2=-0.012 TEE3= 0.050  TEE4= 0.070
rank= 17 Lx=Ly=22 pg= 0.770 ids=  17 TEE1=-0.262 TEE2=-0.116 TEE3= 0.019  TEE4= 0.149
rank= 29 Lx=Ly=22 pg= 0.770 ids=  29 TEE1=-0.368 TEE2=-0.205 TEE3=-0.083  TEE4= 0.004
rank= 21 Lx=Ly=22 pg= 0.770 ids=  21 TEE1=-0.112 TEE2= 0.019 TEE3= 0.070  TEE4= 0.110
rank=112 Lx=Ly=22 pg= 0.770 ids= 112 TEE1=-0.198 TEE2=-0.068 TEE3= 0.000  TEE4= 0.017
rank= 74 Lx=Ly=22 pg= 0.770 ids=  74 TEE1=-0.320 TEE2=-0.269 TEE3=-0.182  TEE4=-0.023
rank=127 Lx=Ly=22 pg= 0.770 ids= 127 TEE1=-0.289 TEE2=-0.151 TEE3= 0.002  TEE4= 0.112
rank=121 Lx=Ly=22 pg= 0.770 ids= 121 TEE1=-0.353 TEE2=-0.194 TEE3=-0.029  TEE4= 0.110
rank=125 Lx=Ly=22 pg= 0.770 ids= 125 TEE1=-0.231 TEE2=-0.097 TEE3= 0.033  TEE4= 0.114
rank= 78 Lx=Ly=22 pg= 0.770 ids=  78 TEE1=-0.267 TEE2=-0.120 TEE3= 0.023  TEE4= 0.087
rank= 58 Lx=Ly=22 pg= 0.770 ids=  58 TEE1=-0.198 TEE2=-0.035 TEE3= 0.068  TEE4= 0.128
rank=116 Lx=Ly=22 pg= 0.770 ids= 116 TEE1=-0.269 TEE2=-0.099 TEE3= 0.029  TEE4= 0.107
rank= 56 Lx=Ly=22 pg= 0.770 ids=  56 TEE1=-0.291 TEE2=-0.143 TEE3=-0.019  TEE4= 0.035
rank= 70 Lx=Ly=22 pg= 0.770 ids=  70 TEE1=-0.314 TEE2=-0.238 TEE3=-0.093  TEE4= 0.012
rank= 83 Lx=Ly=22 pg= 0.770 ids=  83 TEE1=-0.275 TEE2=-0.202 TEE3=-0.089  TEE4= 0.132
rank= 87 Lx=Ly=22 pg= 0.770 ids=  87 TEE1=-0.374 TEE2=-0.262 TEE3=-0.138  TEE4= 0.014
rank=118 Lx=Ly=22 pg= 0.770 ids= 118 TEE1=-0.240 TEE2=-0.079 TEE3= 0.025  TEE4= 0.099
rank= 72 Lx=Ly=22 pg= 0.770 ids=  72 TEE1=-0.432 TEE2=-0.269 TEE3=-0.143  TEE4= 0.008
rank= 62 Lx=Ly=22 pg= 0.770 ids=  62 TEE1=-0.167 TEE2=-0.043 TEE3= 0.054  TEE4= 0.103
rank= 48 Lx=Ly=22 pg= 0.770 ids=  48 TEE1=-0.171 TEE2=-0.058 TEE3= 0.023  TEE4= 0.050
rank=123 Lx=Ly=22 pg= 0.770 ids= 123 TEE1=-0.399 TEE2=-0.308 TEE3=-0.188  TEE4=-0.087
rank=114 Lx=Ly=22 pg= 0.770 ids= 114 TEE1=-0.213 TEE2=-0.145 TEE3=-0.041  TEE4= 0.062
rank=113 Lx=Ly=22 pg= 0.770 ids= 113 TEE1=-0.291 TEE2=-0.132 TEE3= 0.021  TEE4= 0.122
rank=119 Lx=Ly=22 pg= 0.770 ids= 119 TEE1=-0.262 TEE2=-0.157 TEE3=-0.068  TEE4= 0.023
rank= 76 Lx=Ly=22 pg= 0.770 ids=  76 TEE1=-0.200 TEE2=-0.050 TEE3= 0.050  TEE4= 0.095
rank=117 Lx=Ly=22 pg= 0.770 ids= 117 TEE1=-0.291 TEE2=-0.207 TEE3=-0.070  TEE4= 0.041
rank=115 Lx=Ly=22 pg= 0.770 ids= 115 TEE1=-0.209 TEE2=-0.041 TEE3= 0.019  TEE4= 0.054
rank=122 Lx=Ly=22 pg= 0.770 ids= 122 TEE1=-0.178 TEE2=-0.066 TEE3= 0.014  TEE4= 0.064
rank= 50 Lx=Ly=22 pg= 0.770 ids=  50 TEE1=-0.246 TEE2=-0.171 TEE3=-0.054  TEE4=-0.017
rank= 54 Lx=Ly=22 pg= 0.770 ids=  54 TEE1=-0.324 TEE2=-0.159 TEE3= 0.006  TEE4= 0.093
rank= 60 Lx=Ly=22 pg= 0.770 ids=  60 TEE1=-0.300 TEE2=-0.223 TEE3=-0.149  TEE4=-0.004
rank= 52 Lx=Ly=22 pg= 0.770 ids=  52 TEE1=-0.285 TEE2=-0.207 TEE3=-0.122  TEE4=-0.010
rank=124 Lx=Ly=22 pg= 0.770 ids= 124 TEE1=-0.273 TEE2=-0.211 TEE3=-0.089  TEE4=-0.027
rank=120 Lx=Ly=22 pg= 0.770 ids= 120 TEE1=-0.262 TEE2=-0.101 TEE3= 0.033  TEE4= 0.140
rank= 30 Lx=Ly=22 pg= 0.770 ids=  30 TEE1=-0.370 TEE2=-0.219 TEE3=-0.064  TEE4= 0.101
rank=126 Lx=Ly=22 pg= 0.770 ids= 126 TEE1=-0.254 TEE2=-0.157 TEE3=-0.027  TEE4= 0.076
rank= 20 Lx=Ly=22 pg= 0.770 ids=  20 TEE1=-0.143 TEE2=-0.039 TEE3= 0.041  TEE4= 0.076
rank= 85 Lx=Ly=22 pg= 0.770 ids=  85 TEE1=-0.155 TEE2=-0.060 TEE3=-0.006  TEE4= 0.031
rank= 16 Lx=Ly=22 pg= 0.770 ids=  16 TEE1=-0.225 TEE2=-0.099 TEE3=-0.012  TEE4= 0.033
rank= 81 Lx=Ly=22 pg= 0.770 ids=  81 TEE1=-0.343 TEE2=-0.169 TEE3=-0.021  TEE4= 0.095
rank= 22 Lx=Ly=22 pg= 0.770 ids=  22 TEE1=-0.238 TEE2=-0.149 TEE3=-0.004  TEE4= 0.136
rank= 26 Lx=Ly=22 pg= 0.770 ids=  26 TEE1=-0.283 TEE2=-0.211 TEE3=-0.062  TEE4= 0.068
rank= 24 Lx=Ly=22 pg= 0.770 ids=  24 TEE1=-0.167 TEE2=-0.039 TEE3= 0.064  TEE4= 0.155
rank= 89 Lx=Ly=22 pg= 0.770 ids=  89 TEE1=-0.264 TEE2=-0.186 TEE3=-0.064  TEE4= 0.048
rank= 18 Lx=Ly=22 pg= 0.770 ids=  18 TEE1=-0.112 TEE2= 0.010 TEE3= 0.050  TEE4= 0.052
rank= 28 Lx=Ly=22 pg= 0.770 ids=  28 TEE1=-0.271 TEE2=-0.171 TEE3=-0.130  TEE4= 0.008
rank= 95 Lx=Ly=22 pg= 0.770 ids=  95 TEE1=-0.140 TEE2=-0.070 TEE3= 0.019  TEE4= 0.031
rank= 93 Lx=Ly=22 pg= 0.770 ids=  93 TEE1=-0.225 TEE2=-0.081 TEE3= 0.006  TEE4= 0.064
rank= 91 Lx=Ly=22 pg= 0.770 ids=  91 TEE1=-0.182 TEE2=-0.033 TEE3= 0.039  TEE4= 0.060
rank= 82 Lx=Ly=22 pg= 0.770 ids=  82 TEE1=-0.267 TEE2=-0.143 TEE3=-0.031  TEE4= 0.074
rank= 88 Lx=Ly=22 pg= 0.770 ids=  88 TEE1=-0.219 TEE2=-0.157 TEE3=-0.070  TEE4=-0.033
rank= 86 Lx=Ly=22 pg= 0.770 ids=  86 TEE1=-0.275 TEE2=-0.167 TEE3=-0.091  TEE4=-0.027
rank= 94 Lx=Ly=22 pg= 0.770 ids=  94 TEE1=-0.246 TEE2=-0.072 TEE3= 0.064  TEE4= 0.215
rank= 80 Lx=Ly=22 pg= 0.770 ids=  80 TEE1=-0.329 TEE2=-0.182 TEE3=-0.033  TEE4= 0.056
rank= 84 Lx=Ly=22 pg= 0.770 ids=  84 TEE1=-0.248 TEE2=-0.159 TEE3=-0.066  TEE4= 0.066
rank= 92 Lx=Ly=22 pg= 0.770 ids=  92 TEE1=-0.198 TEE2=-0.056 TEE3= 0.043  TEE4= 0.134
rank= 90 Lx=Ly=22 pg= 0.770 ids=  90 TEE1=-0.267 TEE2=-0.151 TEE3=-0.021  TEE4= 0.083
rank=100 Lx=Ly=22 pg= 0.780 ids= 100 TEE1=-0.382 TEE2=-0.293 TEE3=-0.169  TEE4= 0.060
rank= 98 Lx=Ly=22 pg= 0.780 ids=  98 TEE1=-0.343 TEE2=-0.149 TEE3=-0.029  TEE4= 0.048
rank=102 Lx=Ly=22 pg= 0.780 ids= 102 TEE1=-0.298 TEE2=-0.217 TEE3=-0.110  TEE4= 0.031
rank= 12 Lx=Ly=22 pg= 0.780 ids=  12 TEE1=-0.403 TEE2=-0.308 TEE3=-0.229  TEE4=-0.099
rank= 96 Lx=Ly=22 pg= 0.780 ids=  96 TEE1=-0.362 TEE2=-0.213 TEE3=-0.064  TEE4= 0.066
rank=  8 Lx=Ly=22 pg= 0.780 ids=   8 TEE1=-0.281 TEE2=-0.097 TEE3= 0.060  TEE4= 0.192
rank= 65 Lx=Ly=22 pg= 0.780 ids=  65 TEE1=-0.295 TEE2=-0.163 TEE3=-0.045  TEE4=-0.014
rank= 97 Lx=Ly=22 pg= 0.780 ids=  97 TEE1=-0.283 TEE2=-0.171 TEE3=-0.033  TEE4= 0.083
rank= 14 Lx=Ly=22 pg= 0.780 ids=  14 TEE1=-0.298 TEE2=-0.163 TEE3=-0.058  TEE4= 0.054
rank= 99 Lx=Ly=22 pg= 0.780 ids=  99 TEE1=-0.335 TEE2=-0.279 TEE3=-0.151  TEE4=-0.060
rank= 67 Lx=Ly=22 pg= 0.780 ids=  67 TEE1=-0.370 TEE2=-0.333 TEE3=-0.246  TEE4=-0.058
rank= 42 Lx=Ly=22 pg= 0.780 ids=  42 TEE1=-0.271 TEE2=-0.134 TEE3=-0.006  TEE4= 0.105
rank= 10 Lx=Ly=22 pg= 0.780 ids=  10 TEE1=-0.376 TEE2=-0.314 TEE3=-0.225  TEE4=-0.085
rank= 71 Lx=Ly=22 pg= 0.780 ids=  71 TEE1=-0.314 TEE2=-0.194 TEE3=-0.079  TEE4= 0.014
rank= 40 Lx=Ly=22 pg= 0.780 ids=  40 TEE1=-0.238 TEE2=-0.116 TEE3=-0.029  TEE4= 0.060
rank= 69 Lx=Ly=22 pg= 0.780 ids=  69 TEE1=-0.289 TEE2=-0.120 TEE3= 0.037  TEE4= 0.066
rank=101 Lx=Ly=22 pg= 0.780 ids= 101 TEE1=-0.343 TEE2=-0.233 TEE3=-0.093  TEE4= 0.097
rank=103 Lx=Ly=22 pg= 0.780 ids= 103 TEE1=-0.207 TEE2=-0.054 TEE3= 0.079  TEE4= 0.155
rank= 46 Lx=Ly=22 pg= 0.780 ids=  46 TEE1=-0.163 TEE2=-0.062 TEE3= 0.031  TEE4= 0.070
rank=110 Lx=Ly=22 pg= 0.780 ids= 110 TEE1=-0.312 TEE2=-0.107 TEE3= 0.000  TEE4= 0.103
rank=106 Lx=Ly=22 pg= 0.780 ids= 106 TEE1=-0.324 TEE2=-0.287 TEE3=-0.163  TEE4= 0.085
rank=104 Lx=Ly=22 pg= 0.780 ids= 104 TEE1=-0.252 TEE2=-0.124 TEE3= 0.000  TEE4= 0.200
rank=108 Lx=Ly=22 pg= 0.780 ids= 108 TEE1=-0.353 TEE2=-0.300 TEE3=-0.167  TEE4=-0.031
rank= 35 Lx=Ly=22 pg= 0.780 ids=  35 TEE1=-0.194 TEE2=-0.054 TEE3= 0.060  TEE4= 0.149
rank= 33 Lx=Ly=22 pg= 0.780 ids=  33 TEE1=-0.246 TEE2=-0.161 TEE3=-0.068  TEE4= 0.000
rank= 37 Lx=Ly=22 pg= 0.780 ids=  37 TEE1=-0.335 TEE2=-0.240 TEE3=-0.076  TEE4= 0.103
rank= 44 Lx=Ly=22 pg= 0.780 ids=  44 TEE1=-0.283 TEE2=-0.134 TEE3=-0.023  TEE4= 0.149
rank= 39 Lx=Ly=22 pg= 0.780 ids=  39 TEE1=-0.314 TEE2=-0.186 TEE3=-0.043  TEE4= 0.029
rank= 45 Lx=Ly=22 pg= 0.780 ids=  45 TEE1=-0.242 TEE2=-0.165 TEE3=-0.081  TEE4= 0.035
rank= 41 Lx=Ly=22 pg= 0.780 ids=  41 TEE1=-0.339 TEE2=-0.264 TEE3=-0.132  TEE4=-0.041
rank= 47 Lx=Ly=22 pg= 0.780 ids=  47 TEE1=-0.298 TEE2=-0.200 TEE3=-0.097  TEE4=-0.027
rank= 43 Lx=Ly=22 pg= 0.780 ids=  43 TEE1=-0.248 TEE2=-0.157 TEE3=-0.062  TEE4=-0.004
rank=107 Lx=Ly=22 pg= 0.780 ids= 107 TEE1=-0.252 TEE2=-0.122 TEE3=-0.033  TEE4= 0.107
rank=  2 Lx=Ly=22 pg= 0.780 ids=   2 TEE1=-0.310 TEE2=-0.217 TEE3=-0.093  TEE4= 0.031
rank= 38 Lx=Ly=22 pg= 0.780 ids=  38 TEE1=-0.211 TEE2=-0.174 TEE3=-0.070  TEE4= 0.043
rank=  6 Lx=Ly=22 pg= 0.780 ids=   6 TEE1=-0.347 TEE2=-0.207 TEE3=-0.138  TEE4=-0.023
rank=  4 Lx=Ly=22 pg= 0.780 ids=   4 TEE1=-0.314 TEE2=-0.176 TEE3=-0.060  TEE4= 0.095
rank=111 Lx=Ly=22 pg= 0.780 ids= 111 TEE1=-0.300 TEE2=-0.186 TEE3=-0.060  TEE4= 0.043
rank= 32 Lx=Ly=22 pg= 0.780 ids=  32 TEE1=-0.262 TEE2=-0.147 TEE3=-0.076  TEE4=-0.033
rank=105 Lx=Ly=22 pg= 0.780 ids= 105 TEE1=-0.192 TEE2=-0.079 TEE3= 0.019  TEE4= 0.045
rank= 34 Lx=Ly=22 pg= 0.780 ids=  34 TEE1=-0.209 TEE2=-0.041 TEE3= 0.033  TEE4= 0.116
rank=  5 Lx=Ly=22 pg= 0.780 ids=   5 TEE1=-0.384 TEE2=-0.215 TEE3=-0.041  TEE4= 0.087
rank=  3 Lx=Ly=22 pg= 0.780 ids=   3 TEE1=-0.413 TEE2=-0.277 TEE3=-0.149  TEE4=-0.095
rank=  1 Lx=Ly=22 pg= 0.780 ids=   1 TEE1=-0.364 TEE2=-0.184 TEE3=-0.037  TEE4= 0.138
rank=  0 Lx=Ly=22 pg= 0.780 ids=   0 TEE1=-0.246 TEE2=-0.143 TEE3=-0.035  TEE4= 0.072
rank= 36 Lx=Ly=22 pg= 0.780 ids=  36 TEE1=-0.308 TEE2=-0.209 TEE3=-0.085  TEE4= 0.054
rank=109 Lx=Ly=22 pg= 0.780 ids= 109 TEE1=-0.403 TEE2=-0.271 TEE3=-0.072  TEE4= 0.062
rank= 13 Lx=Ly=22 pg= 0.780 ids=  13 TEE1=-0.374 TEE2=-0.308 TEE3=-0.149  TEE4= 0.043
rank=  9 Lx=Ly=22 pg= 0.780 ids=   9 TEE1=-0.312 TEE2=-0.254 TEE3=-0.120  TEE4= 0.060
rank= 11 Lx=Ly=22 pg= 0.780 ids=  11 TEE1=-0.318 TEE2=-0.165 TEE3=-0.052  TEE4= 0.029
rank=  7 Lx=Ly=22 pg= 0.780 ids=   7 TEE1=-0.409 TEE2=-0.378 TEE3=-0.281  TEE4=-0.140
rank= 15 Lx=Ly=22 pg= 0.780 ids=  15 TEE1=-0.366 TEE2=-0.269 TEE3=-0.140  TEE4= 0.008
rank= 75 Lx=Ly=22 pg= 0.780 ids=  75 TEE1=-0.395 TEE2=-0.252 TEE3=-0.120  TEE4= 0.039
rank= 73 Lx=Ly=22 pg= 0.780 ids=  73 TEE1=-0.372 TEE2=-0.178 TEE3=-0.021  TEE4= 0.091
rank= 77 Lx=Ly=22 pg= 0.780 ids=  77 TEE1=-0.382 TEE2=-0.285 TEE3=-0.149  TEE4= 0.035
rank= 64 Lx=Ly=22 pg= 0.780 ids=  64 TEE1=-0.316 TEE2=-0.171 TEE3=-0.060  TEE4= 0.068
rank= 79 Lx=Ly=22 pg= 0.780 ids=  79 TEE1=-0.264 TEE2=-0.140 TEE3=-0.017  TEE4= 0.128
rank= 51 Lx=Ly=22 pg= 0.780 ids=  51 TEE1=-0.264 TEE2=-0.097 TEE3= 0.021  TEE4= 0.138
rank= 68 Lx=Ly=22 pg= 0.780 ids=  68 TEE1=-0.287 TEE2=-0.165 TEE3=-0.076  TEE4= 0.019
rank= 66 Lx=Ly=22 pg= 0.780 ids=  66 TEE1=-0.248 TEE2=-0.153 TEE3=-0.070  TEE4= 0.062
rank= 25 Lx=Ly=22 pg= 0.780 ids=  25 TEE1=-0.424 TEE2=-0.343 TEE3=-0.207  TEE4=-0.006
rank= 49 Lx=Ly=22 pg= 0.780 ids=  49 TEE1=-0.256 TEE2=-0.130 TEE3=-0.029  TEE4= 0.031
rank= 31 Lx=Ly=22 pg= 0.780 ids=  31 TEE1=-0.205 TEE2=-0.120 TEE3=-0.043  TEE4= 0.027
rank=112 Lx=Ly=22 pg= 0.780 ids= 112 TEE1=-0.267 TEE2=-0.176 TEE3=-0.056  TEE4= 0.095
rank= 53 Lx=Ly=22 pg= 0.780 ids=  53 TEE1=-0.417 TEE2=-0.300 TEE3=-0.194  TEE4=-0.025
rank= 27 Lx=Ly=22 pg= 0.780 ids=  27 TEE1=-0.246 TEE2=-0.116 TEE3=-0.045  TEE4= 0.050
rank= 55 Lx=Ly=22 pg= 0.780 ids=  55 TEE1=-0.248 TEE2=-0.045 TEE3= 0.068  TEE4= 0.112
rank= 57 Lx=Ly=22 pg= 0.780 ids=  57 TEE1=-0.360 TEE2=-0.233 TEE3=-0.064  TEE4= 0.091
rank= 74 Lx=Ly=22 pg= 0.780 ids=  74 TEE1=-0.362 TEE2=-0.310 TEE3=-0.207  TEE4=-0.068
rank=127 Lx=Ly=22 pg= 0.780 ids= 127 TEE1=-0.351 TEE2=-0.190 TEE3=-0.050  TEE4= 0.033
rank= 19 Lx=Ly=22 pg= 0.780 ids=  19 TEE1=-0.186 TEE2=-0.062 TEE3= 0.041  TEE4= 0.060
rank= 59 Lx=Ly=22 pg= 0.780 ids=  59 TEE1=-0.374 TEE2=-0.260 TEE3=-0.118  TEE4= 0.000
rank= 23 Lx=Ly=22 pg= 0.780 ids=  23 TEE1=-0.384 TEE2=-0.264 TEE3=-0.116  TEE4= 0.023
rank= 29 Lx=Ly=22 pg= 0.780 ids=  29 TEE1=-0.211 TEE2=-0.081 TEE3= 0.002  TEE4= 0.039
rank= 17 Lx=Ly=22 pg= 0.780 ids=  17 TEE1=-0.310 TEE2=-0.138 TEE3= 0.006  TEE4= 0.101
rank= 63 Lx=Ly=22 pg= 0.780 ids=  63 TEE1=-0.283 TEE2=-0.167 TEE3=-0.089  TEE4=-0.008
rank=121 Lx=Ly=22 pg= 0.780 ids= 121 TEE1=-0.335 TEE2=-0.267 TEE3=-0.178  TEE4= 0.002
rank= 61 Lx=Ly=22 pg= 0.780 ids=  61 TEE1=-0.324 TEE2=-0.213 TEE3=-0.070  TEE4= 0.103
rank= 21 Lx=Ly=22 pg= 0.780 ids=  21 TEE1=-0.308 TEE2=-0.238 TEE3=-0.136  TEE4= 0.019
rank= 70 Lx=Ly=22 pg= 0.780 ids=  70 TEE1=-0.428 TEE2=-0.395 TEE3=-0.258  TEE4=-0.161
rank= 78 Lx=Ly=22 pg= 0.780 ids=  78 TEE1=-0.306 TEE2=-0.171 TEE3=-0.029  TEE4= 0.079
rank=125 Lx=Ly=22 pg= 0.780 ids= 125 TEE1=-0.415 TEE2=-0.331 TEE3=-0.217  TEE4=-0.076
rank=116 Lx=Ly=22 pg= 0.780 ids= 116 TEE1=-0.279 TEE2=-0.209 TEE3=-0.101  TEE4= 0.017
rank= 58 Lx=Ly=22 pg= 0.780 ids=  58 TEE1=-0.304 TEE2=-0.194 TEE3=-0.105  TEE4= 0.023
rank= 56 Lx=Ly=22 pg= 0.780 ids=  56 TEE1=-0.349 TEE2=-0.269 TEE3=-0.165  TEE4=-0.027
rank= 72 Lx=Ly=22 pg= 0.780 ids=  72 TEE1=-0.302 TEE2=-0.095 TEE3= 0.050  TEE4= 0.198
rank= 83 Lx=Ly=22 pg= 0.780 ids=  83 TEE1=-0.461 TEE2=-0.376 TEE3=-0.227  TEE4=-0.072
rank= 87 Lx=Ly=22 pg= 0.780 ids=  87 TEE1=-0.461 TEE2=-0.442 TEE3=-0.419  TEE4=-0.322
rank=118 Lx=Ly=22 pg= 0.780 ids= 118 TEE1=-0.250 TEE2=-0.151 TEE3=-0.025  TEE4= 0.062
rank= 76 Lx=Ly=22 pg= 0.780 ids=  76 TEE1=-0.339 TEE2=-0.159 TEE3=-0.014  TEE4= 0.091
rank=123 Lx=Ly=22 pg= 0.780 ids= 123 TEE1=-0.225 TEE2=-0.066 TEE3= 0.058  TEE4= 0.147
rank=114 Lx=Ly=22 pg= 0.780 ids= 114 TEE1=-0.264 TEE2=-0.068 TEE3= 0.064  TEE4= 0.126
rank= 62 Lx=Ly=22 pg= 0.780 ids=  62 TEE1=-0.291 TEE2=-0.200 TEE3=-0.105  TEE4=-0.014
rank=119 Lx=Ly=22 pg= 0.780 ids= 119 TEE1=-0.264 TEE2=-0.107 TEE3= 0.025  TEE4= 0.062
rank=113 Lx=Ly=22 pg= 0.780 ids= 113 TEE1=-0.337 TEE2=-0.229 TEE3=-0.089  TEE4= 0.014
rank= 48 Lx=Ly=22 pg= 0.780 ids=  48 TEE1=-0.304 TEE2=-0.202 TEE3=-0.072  TEE4= 0.089
rank=117 Lx=Ly=22 pg= 0.780 ids= 117 TEE1=-0.264 TEE2=-0.128 TEE3= 0.006  TEE4= 0.140
rank=115 Lx=Ly=22 pg= 0.780 ids= 115 TEE1=-0.219 TEE2=-0.085 TEE3= 0.023  TEE4= 0.130
rank=122 Lx=Ly=22 pg= 0.780 ids= 122 TEE1=-0.351 TEE2=-0.136 TEE3= 0.025  TEE4= 0.215
rank= 60 Lx=Ly=22 pg= 0.780 ids=  60 TEE1=-0.295 TEE2=-0.194 TEE3=-0.064  TEE4= 0.056
rank= 50 Lx=Ly=22 pg= 0.780 ids=  50 TEE1=-0.395 TEE2=-0.285 TEE3=-0.163  TEE4= 0.014
rank= 85 Lx=Ly=22 pg= 0.780 ids=  85 TEE1=-0.362 TEE2=-0.256 TEE3=-0.124  TEE4= 0.052
rank=120 Lx=Ly=22 pg= 0.780 ids= 120 TEE1=-0.291 TEE2=-0.079 TEE3= 0.031  TEE4= 0.091
rank=126 Lx=Ly=22 pg= 0.780 ids= 126 TEE1=-0.258 TEE2=-0.062 TEE3= 0.064  TEE4= 0.093
rank= 54 Lx=Ly=22 pg= 0.780 ids=  54 TEE1=-0.283 TEE2=-0.145 TEE3=-0.019  TEE4= 0.076
rank= 52 Lx=Ly=22 pg= 0.780 ids=  52 TEE1=-0.413 TEE2=-0.275 TEE3=-0.128  TEE4=-0.010
rank=124 Lx=Ly=22 pg= 0.780 ids= 124 TEE1=-0.378 TEE2=-0.258 TEE3=-0.151  TEE4=-0.008
rank= 81 Lx=Ly=22 pg= 0.780 ids=  81 TEE1=-0.457 TEE2=-0.285 TEE3=-0.136  TEE4= 0.050
rank= 30 Lx=Ly=22 pg= 0.780 ids=  30 TEE1=-0.242 TEE2=-0.145 TEE3=-0.035  TEE4= 0.112
rank= 20 Lx=Ly=22 pg= 0.780 ids=  20 TEE1=-0.399 TEE2=-0.291 TEE3=-0.178  TEE4=-0.081
rank= 16 Lx=Ly=22 pg= 0.780 ids=  16 TEE1=-0.217 TEE2=-0.085 TEE3= 0.010  TEE4= 0.066
rank= 89 Lx=Ly=22 pg= 0.780 ids=  89 TEE1=-0.231 TEE2=-0.089 TEE3= 0.019  TEE4= 0.101
rank= 26 Lx=Ly=22 pg= 0.780 ids=  26 TEE1=-0.366 TEE2=-0.254 TEE3=-0.136  TEE4=-0.031
rank= 93 Lx=Ly=22 pg= 0.780 ids=  93 TEE1=-0.293 TEE2=-0.248 TEE3=-0.151  TEE4=-0.103
rank= 22 Lx=Ly=22 pg= 0.780 ids=  22 TEE1=-0.304 TEE2=-0.130 TEE3=-0.017  TEE4= 0.039
rank= 91 Lx=Ly=22 pg= 0.780 ids=  91 TEE1=-0.343 TEE2=-0.250 TEE3=-0.134  TEE4= 0.010
rank= 24 Lx=Ly=22 pg= 0.780 ids=  24 TEE1=-0.248 TEE2=-0.196 TEE3=-0.099  TEE4=-0.019
rank= 95 Lx=Ly=22 pg= 0.780 ids=  95 TEE1=-0.308 TEE2=-0.169 TEE3=-0.035  TEE4= 0.031
rank= 28 Lx=Ly=22 pg= 0.780 ids=  28 TEE1=-0.254 TEE2=-0.056 TEE3= 0.031  TEE4= 0.095
rank= 18 Lx=Ly=22 pg= 0.780 ids=  18 TEE1=-0.326 TEE2=-0.244 TEE3=-0.149  TEE4=-0.029
rank= 82 Lx=Ly=22 pg= 0.780 ids=  82 TEE1=-0.244 TEE2=-0.079 TEE3= 0.012  TEE4= 0.076
rank= 88 Lx=Ly=22 pg= 0.780 ids=  88 TEE1=-0.217 TEE2=-0.079 TEE3= 0.014  TEE4= 0.186
rank= 86 Lx=Ly=22 pg= 0.780 ids=  86 TEE1=-0.335 TEE2=-0.138 TEE3= 0.021  TEE4= 0.194
rank= 94 Lx=Ly=22 pg= 0.780 ids=  94 TEE1=-0.407 TEE2=-0.374 TEE3=-0.285  TEE4=-0.103
rank= 80 Lx=Ly=22 pg= 0.780 ids=  80 TEE1=-0.289 TEE2=-0.182 TEE3=-0.052  TEE4= 0.110
rank= 84 Lx=Ly=22 pg= 0.780 ids=  84 TEE1=-0.380 TEE2=-0.262 TEE3=-0.192  TEE4=-0.130
rank= 92 Lx=Ly=22 pg= 0.780 ids=  92 TEE1=-0.312 TEE2=-0.155 TEE3=-0.025  TEE4= 0.103
rank= 90 Lx=Ly=22 pg= 0.780 ids=  90 TEE1=-0.273 TEE2=-0.122 TEE3=-0.012  TEE4= 0.126
rank=100 Lx=Ly=22 pg= 0.790 ids= 100 TEE1=-0.302 TEE2=-0.149 TEE3=-0.021  TEE4= 0.074
rank= 98 Lx=Ly=22 pg= 0.790 ids=  98 TEE1=-0.399 TEE2=-0.211 TEE3=-0.045  TEE4= 0.076
rank=102 Lx=Ly=22 pg= 0.790 ids= 102 TEE1=-0.434 TEE2=-0.368 TEE3=-0.267  TEE4=-0.062
rank= 12 Lx=Ly=22 pg= 0.790 ids=  12 TEE1=-0.329 TEE2=-0.219 TEE3=-0.107  TEE4=-0.006
rank=  8 Lx=Ly=22 pg= 0.790 ids=   8 TEE1=-0.231 TEE2=-0.087 TEE3= 0.006  TEE4= 0.076
rank= 96 Lx=Ly=22 pg= 0.790 ids=  96 TEE1=-0.374 TEE2=-0.314 TEE3=-0.248  TEE4=-0.116
rank= 65 Lx=Ly=22 pg= 0.790 ids=  65 TEE1=-0.432 TEE2=-0.310 TEE3=-0.186  TEE4= 0.004
rank= 14 Lx=Ly=22 pg= 0.790 ids=  14 TEE1=-0.403 TEE2=-0.324 TEE3=-0.205  TEE4=-0.064
rank= 42 Lx=Ly=22 pg= 0.790 ids=  42 TEE1=-0.291 TEE2=-0.171 TEE3=-0.029  TEE4= 0.126
rank= 10 Lx=Ly=22 pg= 0.790 ids=  10 TEE1=-0.343 TEE2=-0.211 TEE3=-0.093  TEE4= 0.033
rank= 97 Lx=Ly=22 pg= 0.790 ids=  97 TEE1=-0.446 TEE2=-0.436 TEE3=-0.357  TEE4=-0.209
rank= 67 Lx=Ly=22 pg= 0.790 ids=  67 TEE1=-0.302 TEE2=-0.105 TEE3= 0.062  TEE4= 0.157
rank= 99 Lx=Ly=22 pg= 0.790 ids=  99 TEE1=-0.382 TEE2=-0.302 TEE3=-0.192  TEE4= 0.054
rank= 40 Lx=Ly=22 pg= 0.790 ids=  40 TEE1=-0.415 TEE2=-0.329 TEE3=-0.190  TEE4=-0.060
rank= 71 Lx=Ly=22 pg= 0.790 ids=  71 TEE1=-0.382 TEE2=-0.341 TEE3=-0.233  TEE4=-0.122
rank= 69 Lx=Ly=22 pg= 0.790 ids=  69 TEE1=-0.395 TEE2=-0.360 TEE3=-0.275  TEE4=-0.093
rank= 46 Lx=Ly=22 pg= 0.790 ids=  46 TEE1=-0.388 TEE2=-0.298 TEE3=-0.215  TEE4=-0.056
rank=103 Lx=Ly=22 pg= 0.790 ids= 103 TEE1=-0.455 TEE2=-0.349 TEE3=-0.233  TEE4=-0.105
rank=101 Lx=Ly=22 pg= 0.790 ids= 101 TEE1=-0.238 TEE2=-0.099 TEE3= 0.068  TEE4= 0.174
rank= 35 Lx=Ly=22 pg= 0.790 ids=  35 TEE1=-0.246 TEE2=-0.114 TEE3=-0.010  TEE4= 0.035
rank=110 Lx=Ly=22 pg= 0.790 ids= 110 TEE1=-0.397 TEE2=-0.362 TEE3=-0.258  TEE4=-0.149
rank=106 Lx=Ly=22 pg= 0.790 ids= 106 TEE1=-0.316 TEE2=-0.207 TEE3=-0.076  TEE4= 0.021
rank= 44 Lx=Ly=22 pg= 0.790 ids=  44 TEE1=-0.324 TEE2=-0.215 TEE3=-0.124  TEE4= 0.052
rank=104 Lx=Ly=22 pg= 0.790 ids= 104 TEE1=-0.366 TEE2=-0.242 TEE3=-0.072  TEE4= 0.087
rank=108 Lx=Ly=22 pg= 0.790 ids= 108 TEE1=-0.291 TEE2=-0.231 TEE3=-0.140  TEE4=-0.031
rank= 33 Lx=Ly=22 pg= 0.790 ids=  33 TEE1=-0.426 TEE2=-0.360 TEE3=-0.202  TEE4=-0.043
rank= 37 Lx=Ly=22 pg= 0.790 ids=  37 TEE1=-0.444 TEE2=-0.345 TEE3=-0.215  TEE4=-0.093
rank= 39 Lx=Ly=22 pg= 0.790 ids=  39 TEE1=-0.281 TEE2=-0.124 TEE3= 0.002  TEE4= 0.056
rank= 45 Lx=Ly=22 pg= 0.790 ids=  45 TEE1=-0.353 TEE2=-0.250 TEE3=-0.138  TEE4=-0.014
rank= 41 Lx=Ly=22 pg= 0.790 ids=  41 TEE1=-0.415 TEE2=-0.372 TEE3=-0.283  TEE4=-0.116
rank= 43 Lx=Ly=22 pg= 0.790 ids=  43 TEE1=-0.279 TEE2=-0.198 TEE3=-0.120  TEE4= 0.039
rank= 47 Lx=Ly=22 pg= 0.790 ids=  47 TEE1=-0.448 TEE2=-0.430 TEE3=-0.362  TEE4=-0.256
rank=  2 Lx=Ly=22 pg= 0.790 ids=   2 TEE1=-0.225 TEE2=-0.099 TEE3=-0.008  TEE4= 0.089
rank=107 Lx=Ly=22 pg= 0.790 ids= 107 TEE1=-0.432 TEE2=-0.351 TEE3=-0.246  TEE4=-0.159
rank=  6 Lx=Ly=22 pg= 0.790 ids=   6 TEE1=-0.302 TEE2=-0.157 TEE3=-0.039  TEE4= 0.039
rank= 38 Lx=Ly=22 pg= 0.790 ids=  38 TEE1=-0.287 TEE2=-0.233 TEE3=-0.169  TEE4=-0.062
rank=  4 Lx=Ly=22 pg= 0.790 ids=   4 TEE1=-0.372 TEE2=-0.289 TEE3=-0.149  TEE4=-0.043
rank=  5 Lx=Ly=22 pg= 0.790 ids=   5 TEE1=-0.390 TEE2=-0.289 TEE3=-0.145  TEE4= 0.054
rank=  3 Lx=Ly=22 pg= 0.790 ids=   3 TEE1=-0.326 TEE2=-0.262 TEE3=-0.124  TEE4= 0.017
rank=  1 Lx=Ly=22 pg= 0.790 ids=   1 TEE1=-0.248 TEE2=-0.062 TEE3= 0.019  TEE4= 0.029
rank=111 Lx=Ly=22 pg= 0.790 ids= 111 TEE1=-0.465 TEE2=-0.399 TEE3=-0.229  TEE4=-0.033
rank= 32 Lx=Ly=22 pg= 0.790 ids=  32 TEE1=-0.339 TEE2=-0.246 TEE3=-0.110  TEE4=-0.025
rank=105 Lx=Ly=22 pg= 0.790 ids= 105 TEE1=-0.324 TEE2=-0.202 TEE3=-0.074  TEE4= 0.066
rank= 34 Lx=Ly=22 pg= 0.790 ids=  34 TEE1=-0.390 TEE2=-0.343 TEE3=-0.252  TEE4=-0.132
rank=  0 Lx=Ly=22 pg= 0.790 ids=   0 TEE1=-0.467 TEE2=-0.343 TEE3=-0.236  TEE4=-0.089
rank= 36 Lx=Ly=22 pg= 0.790 ids=  36 TEE1=-0.298 TEE2=-0.130 TEE3= 0.000  TEE4= 0.058
rank= 11 Lx=Ly=22 pg= 0.790 ids=  11 TEE1=-0.314 TEE2=-0.143 TEE3=-0.039  TEE4= 0.068
rank=  9 Lx=Ly=22 pg= 0.790 ids=   9 TEE1=-0.258 TEE2=-0.169 TEE3=-0.074  TEE4= 0.062
rank= 13 Lx=Ly=22 pg= 0.790 ids=  13 TEE1=-0.360 TEE2=-0.275 TEE3=-0.159  TEE4=-0.101
rank=109 Lx=Ly=22 pg= 0.790 ids= 109 TEE1=-0.436 TEE2=-0.277 TEE3=-0.112  TEE4= 0.037
rank=  7 Lx=Ly=22 pg= 0.790 ids=   7 TEE1=-0.417 TEE2=-0.329 TEE3=-0.190  TEE4= 0.000
rank= 15 Lx=Ly=22 pg= 0.790 ids=  15 TEE1=-0.399 TEE2=-0.304 TEE3=-0.213  TEE4=-0.045
rank= 64 Lx=Ly=22 pg= 0.790 ids=  64 TEE1=-0.308 TEE2=-0.246 TEE3=-0.163  TEE4= 0.019
rank= 51 Lx=Ly=22 pg= 0.790 ids=  51 TEE1=-0.469 TEE2=-0.455 TEE3=-0.393  TEE4=-0.202
rank= 75 Lx=Ly=22 pg= 0.790 ids=  75 TEE1=-0.351 TEE2=-0.269 TEE3=-0.169  TEE4=-0.066
rank= 68 Lx=Ly=22 pg= 0.790 ids=  68 TEE1=-0.324 TEE2=-0.236 TEE3=-0.130  TEE4= 0.050
rank= 73 Lx=Ly=22 pg= 0.790 ids=  73 TEE1=-0.413 TEE2=-0.269 TEE3=-0.118  TEE4=-0.004
rank= 77 Lx=Ly=22 pg= 0.790 ids=  77 TEE1=-0.461 TEE2=-0.407 TEE3=-0.262  TEE4=-0.120
rank= 79 Lx=Ly=22 pg= 0.790 ids=  79 TEE1=-0.318 TEE2=-0.171 TEE3=-0.029  TEE4= 0.134
rank= 66 Lx=Ly=22 pg= 0.790 ids=  66 TEE1=-0.411 TEE2=-0.333 TEE3=-0.194  TEE4= 0.025
rank=112 Lx=Ly=22 pg= 0.790 ids= 112 TEE1=-0.407 TEE2=-0.357 TEE3=-0.161  TEE4=-0.025
rank= 25 Lx=Ly=22 pg= 0.790 ids=  25 TEE1=-0.250 TEE2=-0.132 TEE3=-0.052  TEE4=-0.010
rank= 49 Lx=Ly=22 pg= 0.790 ids=  49 TEE1=-0.374 TEE2=-0.283 TEE3=-0.186  TEE4=-0.043
rank=127 Lx=Ly=22 pg= 0.790 ids= 127 TEE1=-0.459 TEE2=-0.407 TEE3=-0.302  TEE4=-0.130
rank= 31 Lx=Ly=22 pg= 0.790 ids=  31 TEE1=-0.378 TEE2=-0.200 TEE3=-0.039  TEE4= 0.107
rank= 74 Lx=Ly=22 pg= 0.790 ids=  74 TEE1=-0.413 TEE2=-0.275 TEE3=-0.147  TEE4= 0.019
rank= 53 Lx=Ly=22 pg= 0.790 ids=  53 TEE1=-0.347 TEE2=-0.231 TEE3=-0.079  TEE4= 0.056
rank=121 Lx=Ly=22 pg= 0.790 ids= 121 TEE1=-0.393 TEE2=-0.360 TEE3=-0.279  TEE4=-0.062
rank= 27 Lx=Ly=22 pg= 0.790 ids=  27 TEE1=-0.446 TEE2=-0.329 TEE3=-0.186  TEE4=-0.070
rank= 55 Lx=Ly=22 pg= 0.790 ids=  55 TEE1=-0.409 TEE2=-0.302 TEE3=-0.167  TEE4=-0.079
rank= 70 Lx=Ly=22 pg= 0.790 ids=  70 TEE1=-0.403 TEE2=-0.312 TEE3=-0.190  TEE4=-0.097
rank=116 Lx=Ly=22 pg= 0.790 ids= 116 TEE1=-0.345 TEE2=-0.205 TEE3=-0.085  TEE4= 0.004
rank= 29 Lx=Ly=22 pg= 0.790 ids=  29 TEE1=-0.452 TEE2=-0.318 TEE3=-0.174  TEE4=-0.006
rank= 19 Lx=Ly=22 pg= 0.790 ids=  19 TEE1=-0.267 TEE2=-0.192 TEE3=-0.089  TEE4= 0.014
rank= 57 Lx=Ly=22 pg= 0.790 ids=  57 TEE1=-0.390 TEE2=-0.341 TEE3=-0.233  TEE4=-0.033
rank= 17 Lx=Ly=22 pg= 0.790 ids=  17 TEE1=-0.345 TEE2=-0.269 TEE3=-0.130  TEE4= 0.019
rank= 23 Lx=Ly=22 pg= 0.790 ids=  23 TEE1=-0.349 TEE2=-0.219 TEE3=-0.062  TEE4= 0.207
rank= 78 Lx=Ly=22 pg= 0.790 ids=  78 TEE1=-0.318 TEE2=-0.223 TEE3=-0.122  TEE4=-0.052
rank=125 Lx=Ly=22 pg= 0.790 ids= 125 TEE1=-0.378 TEE2=-0.275 TEE3=-0.167  TEE4=-0.089
rank= 21 Lx=Ly=22 pg= 0.790 ids=  21 TEE1=-0.399 TEE2=-0.351 TEE3=-0.196  TEE4= 0.014
rank= 59 Lx=Ly=22 pg= 0.790 ids=  59 TEE1=-0.372 TEE2=-0.207 TEE3=-0.076  TEE4=-0.010
rank= 61 Lx=Ly=22 pg= 0.790 ids=  61 TEE1=-0.347 TEE2=-0.279 TEE3=-0.194  TEE4=-0.031
rank= 63 Lx=Ly=22 pg= 0.790 ids=  63 TEE1=-0.413 TEE2=-0.335 TEE3=-0.196  TEE4= 0.010
rank= 58 Lx=Ly=22 pg= 0.790 ids=  58 TEE1=-0.298 TEE2=-0.167 TEE3=-0.089  TEE4= 0.043
rank= 56 Lx=Ly=22 pg= 0.790 ids=  56 TEE1=-0.471 TEE2=-0.397 TEE3=-0.289  TEE4=-0.153
rank= 83 Lx=Ly=22 pg= 0.790 ids=  83 TEE1=-0.395 TEE2=-0.322 TEE3=-0.159  TEE4=-0.043
rank= 87 Lx=Ly=22 pg= 0.790 ids=  87 TEE1=-0.258 TEE2=-0.147 TEE3=-0.066  TEE4= 0.095
rank=118 Lx=Ly=22 pg= 0.790 ids= 118 TEE1=-0.343 TEE2=-0.190 TEE3=-0.091  TEE4= 0.110
rank= 72 Lx=Ly=22 pg= 0.790 ids=  72 TEE1=-0.316 TEE2=-0.236 TEE3=-0.161  TEE4= 0.074
rank= 76 Lx=Ly=22 pg= 0.790 ids=  76 TEE1=-0.368 TEE2=-0.186 TEE3=-0.031  TEE4= 0.066
rank=114 Lx=Ly=22 pg= 0.790 ids= 114 TEE1=-0.225 TEE2=-0.134 TEE3=-0.025  TEE4= 0.058
rank=123 Lx=Ly=22 pg= 0.790 ids= 123 TEE1=-0.364 TEE2=-0.277 TEE3=-0.138  TEE4=-0.035
rank= 62 Lx=Ly=22 pg= 0.790 ids=  62 TEE1=-0.415 TEE2=-0.279 TEE3=-0.145  TEE4= 0.010
rank=119 Lx=Ly=22 pg= 0.790 ids= 119 TEE1=-0.339 TEE2=-0.176 TEE3=-0.039  TEE4= 0.081
rank=113 Lx=Ly=22 pg= 0.790 ids= 113 TEE1=-0.390 TEE2=-0.277 TEE3=-0.074  TEE4= 0.095
rank= 48 Lx=Ly=22 pg= 0.790 ids=  48 TEE1=-0.434 TEE2=-0.335 TEE3=-0.244  TEE4=-0.072
rank=117 Lx=Ly=22 pg= 0.790 ids= 117 TEE1=-0.316 TEE2=-0.242 TEE3=-0.140  TEE4=-0.027
rank=115 Lx=Ly=22 pg= 0.790 ids= 115 TEE1=-0.331 TEE2=-0.236 TEE3=-0.153  TEE4=-0.019
rank= 85 Lx=Ly=22 pg= 0.790 ids=  85 TEE1=-0.339 TEE2=-0.269 TEE3=-0.184  TEE4=-0.031
rank= 60 Lx=Ly=22 pg= 0.790 ids=  60 TEE1=-0.421 TEE2=-0.345 TEE3=-0.250  TEE4=-0.116
rank= 81 Lx=Ly=22 pg= 0.790 ids=  81 TEE1=-0.360 TEE2=-0.267 TEE3=-0.163  TEE4=-0.019
rank= 50 Lx=Ly=22 pg= 0.790 ids=  50 TEE1=-0.300 TEE2=-0.209 TEE3=-0.089  TEE4=-0.002
rank=122 Lx=Ly=22 pg= 0.790 ids= 122 TEE1=-0.378 TEE2=-0.318 TEE3=-0.194  TEE4= 0.023
rank= 54 Lx=Ly=22 pg= 0.790 ids=  54 TEE1=-0.428 TEE2=-0.333 TEE3=-0.227  TEE4=-0.079
rank= 52 Lx=Ly=22 pg= 0.790 ids=  52 TEE1=-0.463 TEE2=-0.424 TEE3=-0.320  TEE4=-0.213
rank=120 Lx=Ly=22 pg= 0.790 ids= 120 TEE1=-0.260 TEE2=-0.174 TEE3=-0.056  TEE4= 0.068
rank=126 Lx=Ly=22 pg= 0.790 ids= 126 TEE1=-0.393 TEE2=-0.233 TEE3=-0.093  TEE4= 0.017
rank= 30 Lx=Ly=22 pg= 0.790 ids=  30 TEE1=-0.362 TEE2=-0.233 TEE3=-0.120  TEE4= 0.010
rank=124 Lx=Ly=22 pg= 0.790 ids= 124 TEE1=-0.461 TEE2=-0.333 TEE3=-0.176  TEE4= 0.012
rank= 89 Lx=Ly=22 pg= 0.790 ids=  89 TEE1=-0.287 TEE2=-0.180 TEE3=-0.085  TEE4= 0.021
rank= 20 Lx=Ly=22 pg= 0.790 ids=  20 TEE1=-0.347 TEE2=-0.219 TEE3=-0.107  TEE4= 0.076
rank= 16 Lx=Ly=22 pg= 0.790 ids=  16 TEE1=-0.397 TEE2=-0.295 TEE3=-0.161  TEE4=-0.045
rank= 95 Lx=Ly=22 pg= 0.790 ids=  95 TEE1=-0.329 TEE2=-0.176 TEE3=-0.023  TEE4= 0.110
rank= 93 Lx=Ly=22 pg= 0.790 ids=  93 TEE1=-0.349 TEE2=-0.254 TEE3=-0.138  TEE4=-0.066
rank= 91 Lx=Ly=22 pg= 0.790 ids=  91 TEE1=-0.380 TEE2=-0.285 TEE3=-0.169  TEE4= 0.025
rank= 26 Lx=Ly=22 pg= 0.790 ids=  26 TEE1=-0.417 TEE2=-0.326 TEE3=-0.211  TEE4=-0.116
rank= 24 Lx=Ly=22 pg= 0.790 ids=  24 TEE1=-0.302 TEE2=-0.227 TEE3=-0.171  TEE4=-0.037
rank= 22 Lx=Ly=22 pg= 0.790 ids=  22 TEE1=-0.355 TEE2=-0.244 TEE3=-0.112  TEE4= 0.008
rank= 28 Lx=Ly=22 pg= 0.790 ids=  28 TEE1=-0.347 TEE2=-0.271 TEE3=-0.134  TEE4= 0.039
rank= 18 Lx=Ly=22 pg= 0.790 ids=  18 TEE1=-0.481 TEE2=-0.442 TEE3=-0.343  TEE4=-0.171
rank= 82 Lx=Ly=22 pg= 0.790 ids=  82 TEE1=-0.360 TEE2=-0.242 TEE3=-0.103  TEE4= 0.000
rank= 86 Lx=Ly=22 pg= 0.790 ids=  86 TEE1=-0.337 TEE2=-0.186 TEE3=-0.074  TEE4= 0.048
rank= 88 Lx=Ly=22 pg= 0.790 ids=  88 TEE1=-0.490 TEE2=-0.494 TEE3=-0.419  TEE4=-0.169
rank= 80 Lx=Ly=22 pg= 0.790 ids=  80 TEE1=-0.403 TEE2=-0.384 TEE3=-0.289  TEE4=-0.058
rank= 94 Lx=Ly=22 pg= 0.790 ids=  94 TEE1=-0.378 TEE2=-0.314 TEE3=-0.219  TEE4=-0.138
rank= 84 Lx=Ly=22 pg= 0.790 ids=  84 TEE1=-0.329 TEE2=-0.157 TEE3=-0.050  TEE4= 0.054
rank= 92 Lx=Ly=22 pg= 0.790 ids=  92 TEE1=-0.368 TEE2=-0.269 TEE3=-0.155  TEE4=-0.072
rank= 90 Lx=Ly=22 pg= 0.790 ids=  90 TEE1=-0.452 TEE2=-0.316 TEE3=-0.149  TEE4= 0.014
rank= 12 Lx=Ly=22 pg= 0.800 ids=  12 TEE1=-0.395 TEE2=-0.351 TEE3=-0.252  TEE4=-0.132
rank=100 Lx=Ly=22 pg= 0.800 ids= 100 TEE1=-0.457 TEE2=-0.384 TEE3=-0.273  TEE4=-0.174
rank=  8 Lx=Ly=22 pg= 0.800 ids=   8 TEE1=-0.293 TEE2=-0.246 TEE3=-0.140  TEE4=-0.027
rank=102 Lx=Ly=22 pg= 0.800 ids= 102 TEE1=-0.428 TEE2=-0.324 TEE3=-0.169  TEE4= 0.099
rank= 98 Lx=Ly=22 pg= 0.800 ids=  98 TEE1=-0.415 TEE2=-0.386 TEE3=-0.312  TEE4=-0.194
rank= 96 Lx=Ly=22 pg= 0.800 ids=  96 TEE1=-0.382 TEE2=-0.349 TEE3=-0.221  TEE4=-0.081
rank= 65 Lx=Ly=22 pg= 0.800 ids=  65 TEE1=-0.417 TEE2=-0.376 TEE3=-0.242  TEE4=-0.033
rank= 14 Lx=Ly=22 pg= 0.800 ids=  14 TEE1=-0.401 TEE2=-0.335 TEE3=-0.205  TEE4=-0.048
rank= 10 Lx=Ly=22 pg= 0.800 ids=  10 TEE1=-0.475 TEE2=-0.360 TEE3=-0.190  TEE4= 0.019
rank= 42 Lx=Ly=22 pg= 0.800 ids=  42 TEE1=-0.401 TEE2=-0.362 TEE3=-0.244  TEE4=-0.062
rank= 67 Lx=Ly=22 pg= 0.800 ids=  67 TEE1=-0.419 TEE2=-0.306 TEE3=-0.132  TEE4= 0.012
rank= 97 Lx=Ly=22 pg= 0.800 ids=  97 TEE1=-0.519 TEE2=-0.521 TEE3=-0.452  TEE4=-0.291
rank= 99 Lx=Ly=22 pg= 0.800 ids=  99 TEE1=-0.409 TEE2=-0.347 TEE3=-0.250  TEE4=-0.017
rank= 40 Lx=Ly=22 pg= 0.800 ids=  40 TEE1=-0.386 TEE2=-0.368 TEE3=-0.275  TEE4=-0.140
rank= 71 Lx=Ly=22 pg= 0.800 ids=  71 TEE1=-0.512 TEE2=-0.508 TEE3=-0.380  TEE4=-0.186
rank= 69 Lx=Ly=22 pg= 0.800 ids=  69 TEE1=-0.382 TEE2=-0.277 TEE3=-0.188  TEE4=-0.130
rank= 46 Lx=Ly=22 pg= 0.800 ids=  46 TEE1=-0.500 TEE2=-0.498 TEE3=-0.413  TEE4=-0.273
rank=103 Lx=Ly=22 pg= 0.800 ids= 103 TEE1=-0.459 TEE2=-0.475 TEE3=-0.428  TEE4=-0.264
rank=101 Lx=Ly=22 pg= 0.800 ids= 101 TEE1=-0.560 TEE2=-0.574 TEE3=-0.455  TEE4=-0.279
rank= 35 Lx=Ly=22 pg= 0.800 ids=  35 TEE1=-0.442 TEE2=-0.403 TEE3=-0.279  TEE4=-0.122
rank= 44 Lx=Ly=22 pg= 0.800 ids=  44 TEE1=-0.490 TEE2=-0.471 TEE3=-0.386  TEE4=-0.244
rank=110 Lx=Ly=22 pg= 0.800 ids= 110 TEE1=-0.440 TEE2=-0.448 TEE3=-0.393  TEE4=-0.256
rank= 33 Lx=Ly=22 pg= 0.800 ids=  33 TEE1=-0.517 TEE2=-0.521 TEE3=-0.488  TEE4=-0.355
rank= 37 Lx=Ly=22 pg= 0.800 ids=  37 TEE1=-0.450 TEE2=-0.399 TEE3=-0.267  TEE4=-0.045
rank=106 Lx=Ly=22 pg= 0.800 ids= 106 TEE1=-0.405 TEE2=-0.293 TEE3=-0.163  TEE4=-0.041
rank= 39 Lx=Ly=22 pg= 0.800 ids=  39 TEE1=-0.548 TEE2=-0.514 TEE3=-0.372  TEE4=-0.231
rank=104 Lx=Ly=22 pg= 0.800 ids= 104 TEE1=-0.351 TEE2=-0.264 TEE3=-0.149  TEE4=-0.068
rank=108 Lx=Ly=22 pg= 0.800 ids= 108 TEE1=-0.457 TEE2=-0.442 TEE3=-0.326  TEE4=-0.143
rank= 45 Lx=Ly=22 pg= 0.800 ids=  45 TEE1=-0.469 TEE2=-0.380 TEE3=-0.240  TEE4=-0.056
rank= 41 Lx=Ly=22 pg= 0.800 ids=  41 TEE1=-0.519 TEE2=-0.572 TEE3=-0.533  TEE4=-0.366
rank= 43 Lx=Ly=22 pg= 0.800 ids=  43 TEE1=-0.343 TEE2=-0.264 TEE3=-0.159  TEE4=-0.033
rank= 47 Lx=Ly=22 pg= 0.800 ids=  47 TEE1=-0.403 TEE2=-0.366 TEE3=-0.283  TEE4=-0.079
rank=  2 Lx=Ly=22 pg= 0.800 ids=   2 TEE1=-0.426 TEE2=-0.349 TEE3=-0.279  TEE4=-0.134
rank=  5 Lx=Ly=22 pg= 0.800 ids=   5 TEE1=-0.329 TEE2=-0.159 TEE3=-0.025  TEE4= 0.068
rank=  3 Lx=Ly=22 pg= 0.800 ids=   3 TEE1=-0.506 TEE2=-0.529 TEE3=-0.455  TEE4=-0.262
rank=  1 Lx=Ly=22 pg= 0.800 ids=   1 TEE1=-0.419 TEE2=-0.409 TEE3=-0.308  TEE4=-0.192
rank=  6 Lx=Ly=22 pg= 0.800 ids=   6 TEE1=-0.488 TEE2=-0.521 TEE3=-0.446  TEE4=-0.256
rank=  4 Lx=Ly=22 pg= 0.800 ids=   4 TEE1=-0.355 TEE2=-0.260 TEE3=-0.120  TEE4= 0.056
rank=107 Lx=Ly=22 pg= 0.800 ids= 107 TEE1=-0.366 TEE2=-0.227 TEE3=-0.095  TEE4=-0.006
rank= 38 Lx=Ly=22 pg= 0.800 ids=  38 TEE1=-0.430 TEE2=-0.407 TEE3=-0.333  TEE4=-0.136
rank= 32 Lx=Ly=22 pg= 0.800 ids=  32 TEE1=-0.450 TEE2=-0.450 TEE3=-0.364  TEE4=-0.271
rank=111 Lx=Ly=22 pg= 0.800 ids= 111 TEE1=-0.438 TEE2=-0.357 TEE3=-0.217  TEE4=-0.035
rank=  0 Lx=Ly=22 pg= 0.800 ids=   0 TEE1=-0.401 TEE2=-0.289 TEE3=-0.159  TEE4=-0.010
rank=105 Lx=Ly=22 pg= 0.800 ids= 105 TEE1=-0.450 TEE2=-0.372 TEE3=-0.258  TEE4=-0.091
rank= 34 Lx=Ly=22 pg= 0.800 ids=  34 TEE1=-0.372 TEE2=-0.244 TEE3=-0.054  TEE4= 0.110
rank=  9 Lx=Ly=22 pg= 0.800 ids=   9 TEE1=-0.331 TEE2=-0.295 TEE3=-0.219  TEE4=-0.068
rank= 11 Lx=Ly=22 pg= 0.800 ids=  11 TEE1=-0.413 TEE2=-0.366 TEE3=-0.254  TEE4=-0.017
rank= 13 Lx=Ly=22 pg= 0.800 ids=  13 TEE1=-0.494 TEE2=-0.529 TEE3=-0.477  TEE4=-0.351
rank= 36 Lx=Ly=22 pg= 0.800 ids=  36 TEE1=-0.372 TEE2=-0.275 TEE3=-0.171  TEE4=-0.074
rank= 51 Lx=Ly=22 pg= 0.800 ids=  51 TEE1=-0.374 TEE2=-0.248 TEE3=-0.155  TEE4=-0.068
rank=  7 Lx=Ly=22 pg= 0.800 ids=   7 TEE1=-0.479 TEE2=-0.426 TEE3=-0.316  TEE4=-0.149
rank= 15 Lx=Ly=22 pg= 0.800 ids=  15 TEE1=-0.459 TEE2=-0.395 TEE3=-0.275  TEE4=-0.093
rank=109 Lx=Ly=22 pg= 0.800 ids= 109 TEE1=-0.289 TEE2=-0.143 TEE3=-0.041  TEE4= 0.025
rank= 64 Lx=Ly=22 pg= 0.800 ids=  64 TEE1=-0.512 TEE2=-0.566 TEE3=-0.514  TEE4=-0.380
rank= 68 Lx=Ly=22 pg= 0.800 ids=  68 TEE1=-0.421 TEE2=-0.318 TEE3=-0.200  TEE4=-0.081
rank=112 Lx=Ly=22 pg= 0.800 ids= 112 TEE1=-0.390 TEE2=-0.343 TEE3=-0.231  TEE4=-0.114
rank= 66 Lx=Ly=22 pg= 0.800 ids=  66 TEE1=-0.399 TEE2=-0.351 TEE3=-0.233  TEE4=-0.060
rank= 75 Lx=Ly=22 pg= 0.800 ids=  75 TEE1=-0.498 TEE2=-0.452 TEE3=-0.333  TEE4=-0.101
rank= 73 Lx=Ly=22 pg= 0.800 ids=  73 TEE1=-0.413 TEE2=-0.366 TEE3=-0.209  TEE4=-0.037
rank= 77 Lx=Ly=22 pg= 0.800 ids=  77 TEE1=-0.461 TEE2=-0.360 TEE3=-0.242  TEE4=-0.066
rank= 79 Lx=Ly=22 pg= 0.800 ids=  79 TEE1=-0.446 TEE2=-0.428 TEE3=-0.357  TEE4=-0.233
rank= 25 Lx=Ly=22 pg= 0.800 ids=  25 TEE1=-0.467 TEE2=-0.382 TEE3=-0.293  TEE4=-0.151
rank=127 Lx=Ly=22 pg= 0.800 ids= 127 TEE1=-0.471 TEE2=-0.421 TEE3=-0.312  TEE4=-0.159
rank= 49 Lx=Ly=22 pg= 0.800 ids=  49 TEE1=-0.432 TEE2=-0.318 TEE3=-0.188  TEE4=-0.035
rank=121 Lx=Ly=22 pg= 0.800 ids= 121 TEE1=-0.455 TEE2=-0.395 TEE3=-0.269  TEE4=-0.083
rank= 31 Lx=Ly=22 pg= 0.800 ids=  31 TEE1=-0.421 TEE2=-0.324 TEE3=-0.186  TEE4=-0.019
rank=116 Lx=Ly=22 pg= 0.800 ids= 116 TEE1=-0.452 TEE2=-0.388 TEE3=-0.264  TEE4=-0.062
rank= 74 Lx=Ly=22 pg= 0.800 ids=  74 TEE1=-0.473 TEE2=-0.446 TEE3=-0.353  TEE4=-0.184
rank= 53 Lx=Ly=22 pg= 0.800 ids=  53 TEE1=-0.436 TEE2=-0.326 TEE3=-0.188  TEE4=-0.031
rank= 70 Lx=Ly=22 pg= 0.800 ids=  70 TEE1=-0.376 TEE2=-0.322 TEE3=-0.169  TEE4=-0.054
rank= 27 Lx=Ly=22 pg= 0.800 ids=  27 TEE1=-0.411 TEE2=-0.393 TEE3=-0.269  TEE4=-0.103
rank=125 Lx=Ly=22 pg= 0.800 ids= 125 TEE1=-0.510 TEE2=-0.504 TEE3=-0.417  TEE4=-0.339
rank= 55 Lx=Ly=22 pg= 0.800 ids=  55 TEE1=-0.494 TEE2=-0.430 TEE3=-0.370  TEE4=-0.240
rank= 78 Lx=Ly=22 pg= 0.800 ids=  78 TEE1=-0.403 TEE2=-0.407 TEE3=-0.333  TEE4=-0.165
rank= 29 Lx=Ly=22 pg= 0.800 ids=  29 TEE1=-0.496 TEE2=-0.421 TEE3=-0.293  TEE4=-0.105
rank=118 Lx=Ly=22 pg= 0.800 ids= 118 TEE1=-0.411 TEE2=-0.339 TEE3=-0.202  TEE4= 0.017
rank= 58 Lx=Ly=22 pg= 0.800 ids=  58 TEE1=-0.481 TEE2=-0.415 TEE3=-0.269  TEE4=-0.227
rank= 83 Lx=Ly=22 pg= 0.800 ids=  83 TEE1=-0.465 TEE2=-0.370 TEE3=-0.277  TEE4=-0.097
rank= 56 Lx=Ly=22 pg= 0.800 ids=  56 TEE1=-0.442 TEE2=-0.459 TEE3=-0.333  TEE4=-0.033
rank= 19 Lx=Ly=22 pg= 0.800 ids=  19 TEE1=-0.535 TEE2=-0.494 TEE3=-0.368  TEE4=-0.225
rank= 87 Lx=Ly=22 pg= 0.800 ids=  87 TEE1=-0.345 TEE2=-0.252 TEE3=-0.130  TEE4= 0.081
rank= 17 Lx=Ly=22 pg= 0.800 ids=  17 TEE1=-0.345 TEE2=-0.225 TEE3=-0.130  TEE4=-0.027
rank= 23 Lx=Ly=22 pg= 0.800 ids=  23 TEE1=-0.463 TEE2=-0.403 TEE3=-0.289  TEE4=-0.136
rank= 57 Lx=Ly=22 pg= 0.800 ids=  57 TEE1=-0.467 TEE2=-0.374 TEE3=-0.184  TEE4= 0.021
rank= 21 Lx=Ly=22 pg= 0.800 ids=  21 TEE1=-0.448 TEE2=-0.366 TEE3=-0.236  TEE4=-0.006
rank=114 Lx=Ly=22 pg= 0.800 ids= 114 TEE1=-0.436 TEE2=-0.368 TEE3=-0.254  TEE4=-0.120
rank= 59 Lx=Ly=22 pg= 0.800 ids=  59 TEE1=-0.455 TEE2=-0.337 TEE3=-0.233  TEE4=-0.062
rank= 72 Lx=Ly=22 pg= 0.800 ids=  72 TEE1=-0.564 TEE2=-0.514 TEE3=-0.399  TEE4=-0.202
rank= 61 Lx=Ly=22 pg= 0.800 ids=  61 TEE1=-0.496 TEE2=-0.444 TEE3=-0.349  TEE4=-0.207
rank= 63 Lx=Ly=22 pg= 0.800 ids=  63 TEE1=-0.333 TEE2=-0.217 TEE3=-0.083  TEE4= 0.037
rank= 76 Lx=Ly=22 pg= 0.800 ids=  76 TEE1=-0.407 TEE2=-0.331 TEE3=-0.269  TEE4=-0.198
rank=123 Lx=Ly=22 pg= 0.800 ids= 123 TEE1=-0.467 TEE2=-0.415 TEE3=-0.322  TEE4=-0.068
rank= 62 Lx=Ly=22 pg= 0.800 ids=  62 TEE1=-0.341 TEE2=-0.287 TEE3=-0.184  TEE4=-0.010
rank= 85 Lx=Ly=22 pg= 0.800 ids=  85 TEE1=-0.426 TEE2=-0.345 TEE3=-0.231  TEE4=-0.072
rank= 60 Lx=Ly=22 pg= 0.800 ids=  60 TEE1=-0.461 TEE2=-0.295 TEE3=-0.122  TEE4=-0.002
rank= 81 Lx=Ly=22 pg= 0.800 ids=  81 TEE1=-0.335 TEE2=-0.186 TEE3=-0.006  TEE4= 0.176
rank=119 Lx=Ly=22 pg= 0.800 ids= 119 TEE1=-0.494 TEE2=-0.440 TEE3=-0.370  TEE4=-0.205
rank= 48 Lx=Ly=22 pg= 0.800 ids=  48 TEE1=-0.415 TEE2=-0.360 TEE3=-0.227  TEE4= 0.000
rank=113 Lx=Ly=22 pg= 0.800 ids= 113 TEE1=-0.434 TEE2=-0.405 TEE3=-0.304  TEE4=-0.072
rank=115 Lx=Ly=22 pg= 0.800 ids= 115 TEE1=-0.428 TEE2=-0.393 TEE3=-0.279  TEE4=-0.192
rank=117 Lx=Ly=22 pg= 0.800 ids= 117 TEE1=-0.545 TEE2=-0.570 TEE3=-0.533  TEE4=-0.421
rank= 50 Lx=Ly=22 pg= 0.800 ids=  50 TEE1=-0.438 TEE2=-0.360 TEE3=-0.182  TEE4=-0.039
rank= 52 Lx=Ly=22 pg= 0.800 ids=  52 TEE1=-0.310 TEE2=-0.182 TEE3=-0.064  TEE4= 0.031
rank= 54 Lx=Ly=22 pg= 0.800 ids=  54 TEE1=-0.388 TEE2=-0.376 TEE3=-0.291  TEE4=-0.184
rank=122 Lx=Ly=22 pg= 0.800 ids= 122 TEE1=-0.486 TEE2=-0.405 TEE3=-0.295  TEE4=-0.182
rank= 30 Lx=Ly=22 pg= 0.800 ids=  30 TEE1=-0.341 TEE2=-0.215 TEE3=-0.095  TEE4= 0.006
rank=120 Lx=Ly=22 pg= 0.800 ids= 120 TEE1=-0.498 TEE2=-0.483 TEE3=-0.382  TEE4=-0.238
rank=124 Lx=Ly=22 pg= 0.800 ids= 124 TEE1=-0.452 TEE2=-0.345 TEE3=-0.207  TEE4=-0.072
rank= 89 Lx=Ly=22 pg= 0.800 ids=  89 TEE1=-0.498 TEE2=-0.455 TEE3=-0.382  TEE4=-0.202
rank=126 Lx=Ly=22 pg= 0.800 ids= 126 TEE1=-0.407 TEE2=-0.351 TEE3=-0.264  TEE4=-0.085
rank= 20 Lx=Ly=22 pg= 0.800 ids=  20 TEE1=-0.510 TEE2=-0.481 TEE3=-0.386  TEE4=-0.231
rank= 16 Lx=Ly=22 pg= 0.800 ids=  16 TEE1=-0.500 TEE2=-0.475 TEE3=-0.386  TEE4=-0.236
rank= 93 Lx=Ly=22 pg= 0.800 ids=  93 TEE1=-0.370 TEE2=-0.260 TEE3=-0.132  TEE4= 0.060
rank= 91 Lx=Ly=22 pg= 0.800 ids=  91 TEE1=-0.395 TEE2=-0.331 TEE3=-0.209  TEE4=-0.019
rank= 95 Lx=Ly=22 pg= 0.800 ids=  95 TEE1=-0.475 TEE2=-0.419 TEE3=-0.351  TEE4=-0.256
rank= 26 Lx=Ly=22 pg= 0.800 ids=  26 TEE1=-0.475 TEE2=-0.384 TEE3=-0.223  TEE4=-0.058
rank= 24 Lx=Ly=22 pg= 0.800 ids=  24 TEE1=-0.430 TEE2=-0.366 TEE3=-0.289  TEE4=-0.202
rank= 28 Lx=Ly=22 pg= 0.800 ids=  28 TEE1=-0.372 TEE2=-0.231 TEE3=-0.066  TEE4= 0.163
rank= 22 Lx=Ly=22 pg= 0.800 ids=  22 TEE1=-0.372 TEE2=-0.211 TEE3=-0.043  TEE4= 0.163
rank= 18 Lx=Ly=22 pg= 0.800 ids=  18 TEE1=-0.403 TEE2=-0.248 TEE3=-0.072  TEE4= 0.068
rank= 82 Lx=Ly=22 pg= 0.800 ids=  82 TEE1=-0.421 TEE2=-0.357 TEE3=-0.252  TEE4=-0.116
rank= 86 Lx=Ly=22 pg= 0.800 ids=  86 TEE1=-0.512 TEE2=-0.498 TEE3=-0.397  TEE4=-0.176
rank= 88 Lx=Ly=22 pg= 0.800 ids=  88 TEE1=-0.457 TEE2=-0.390 TEE3=-0.300  TEE4=-0.215
rank= 80 Lx=Ly=22 pg= 0.800 ids=  80 TEE1=-0.399 TEE2=-0.347 TEE3=-0.233  TEE4=-0.114
rank= 94 Lx=Ly=22 pg= 0.800 ids=  94 TEE1=-0.463 TEE2=-0.446 TEE3=-0.370  TEE4=-0.252
rank= 84 Lx=Ly=22 pg= 0.800 ids=  84 TEE1=-0.341 TEE2=-0.178 TEE3=-0.037  TEE4= 0.120
rank= 92 Lx=Ly=22 pg= 0.800 ids=  92 TEE1=-0.457 TEE2=-0.452 TEE3=-0.378  TEE4=-0.151
rank= 90 Lx=Ly=22 pg= 0.800 ids=  90 TEE1=-0.525 TEE2=-0.438 TEE3=-0.302  TEE4=-0.140
rank= 12 Lx=Ly=22 pg= 0.810 ids=  12 TEE1=-0.409 TEE2=-0.368 TEE3=-0.271  TEE4=-0.093
rank=  8 Lx=Ly=22 pg= 0.810 ids=   8 TEE1=-0.463 TEE2=-0.452 TEE3=-0.349  TEE4=-0.143
rank=100 Lx=Ly=22 pg= 0.810 ids= 100 TEE1=-0.452 TEE2=-0.424 TEE3=-0.308  TEE4=-0.205
rank=102 Lx=Ly=22 pg= 0.810 ids= 102 TEE1=-0.500 TEE2=-0.446 TEE3=-0.374  TEE4=-0.248
rank= 98 Lx=Ly=22 pg= 0.810 ids=  98 TEE1=-0.492 TEE2=-0.490 TEE3=-0.397  TEE4=-0.308
rank= 65 Lx=Ly=22 pg= 0.810 ids=  65 TEE1=-0.393 TEE2=-0.337 TEE3=-0.252  TEE4=-0.118
rank= 96 Lx=Ly=22 pg= 0.810 ids=  96 TEE1=-0.382 TEE2=-0.260 TEE3=-0.136  TEE4=-0.037
rank= 14 Lx=Ly=22 pg= 0.810 ids=  14 TEE1=-0.459 TEE2=-0.430 TEE3=-0.360  TEE4=-0.167
rank= 10 Lx=Ly=22 pg= 0.810 ids=  10 TEE1=-0.500 TEE2=-0.548 TEE3=-0.471  TEE4=-0.372
rank= 42 Lx=Ly=22 pg= 0.810 ids=  42 TEE1=-0.514 TEE2=-0.568 TEE3=-0.500  TEE4=-0.395
rank= 67 Lx=Ly=22 pg= 0.810 ids=  67 TEE1=-0.465 TEE2=-0.475 TEE3=-0.407  TEE4=-0.254
rank= 97 Lx=Ly=22 pg= 0.810 ids=  97 TEE1=-0.477 TEE2=-0.428 TEE3=-0.316  TEE4=-0.124
rank= 99 Lx=Ly=22 pg= 0.810 ids=  99 TEE1=-0.517 TEE2=-0.502 TEE3=-0.450  TEE4=-0.357
rank= 40 Lx=Ly=22 pg= 0.810 ids=  40 TEE1=-0.566 TEE2=-0.572 TEE3=-0.504  TEE4=-0.357
rank= 71 Lx=Ly=22 pg= 0.810 ids=  71 TEE1=-0.626 TEE2=-0.676 TEE3=-0.638  TEE4=-0.562
rank= 46 Lx=Ly=22 pg= 0.810 ids=  46 TEE1=-0.552 TEE2=-0.576 TEE3=-0.483  TEE4=-0.378
rank= 69 Lx=Ly=22 pg= 0.810 ids=  69 TEE1=-0.554 TEE2=-0.560 TEE3=-0.510  TEE4=-0.353
rank=103 Lx=Ly=22 pg= 0.810 ids= 103 TEE1=-0.581 TEE2=-0.531 TEE3=-0.459  TEE4=-0.300
rank= 35 Lx=Ly=22 pg= 0.810 ids=  35 TEE1=-0.479 TEE2=-0.461 TEE3=-0.349  TEE4=-0.192
rank=101 Lx=Ly=22 pg= 0.810 ids= 101 TEE1=-0.537 TEE2=-0.550 TEE3=-0.492  TEE4=-0.370
rank= 44 Lx=Ly=22 pg= 0.810 ids=  44 TEE1=-0.469 TEE2=-0.376 TEE3=-0.273  TEE4=-0.200
rank= 33 Lx=Ly=22 pg= 0.810 ids=  33 TEE1=-0.492 TEE2=-0.426 TEE3=-0.279  TEE4=-0.076
rank= 37 Lx=Ly=22 pg= 0.810 ids=  37 TEE1=-0.529 TEE2=-0.496 TEE3=-0.432  TEE4=-0.221
rank= 39 Lx=Ly=22 pg= 0.810 ids=  39 TEE1=-0.506 TEE2=-0.494 TEE3=-0.395  TEE4=-0.217
rank=110 Lx=Ly=22 pg= 0.810 ids= 110 TEE1=-0.475 TEE2=-0.473 TEE3=-0.370  TEE4=-0.211
rank=106 Lx=Ly=22 pg= 0.810 ids= 106 TEE1=-0.533 TEE2=-0.479 TEE3=-0.364  TEE4=-0.271
rank=104 Lx=Ly=22 pg= 0.810 ids= 104 TEE1=-0.539 TEE2=-0.589 TEE3=-0.545  TEE4=-0.395
rank=108 Lx=Ly=22 pg= 0.810 ids= 108 TEE1=-0.603 TEE2=-0.663 TEE3=-0.632  TEE4=-0.545
rank=  5 Lx=Ly=22 pg= 0.810 ids=   5 TEE1=-0.506 TEE2=-0.539 TEE3=-0.494  TEE4=-0.376
rank= 45 Lx=Ly=22 pg= 0.810 ids=  45 TEE1=-0.492 TEE2=-0.463 TEE3=-0.360  TEE4=-0.188
rank=  3 Lx=Ly=22 pg= 0.810 ids=   3 TEE1=-0.539 TEE2=-0.508 TEE3=-0.421  TEE4=-0.174
rank= 41 Lx=Ly=22 pg= 0.810 ids=  41 TEE1=-0.339 TEE2=-0.238 TEE3=-0.099  TEE4= 0.031
rank=  2 Lx=Ly=22 pg= 0.810 ids=   2 TEE1=-0.541 TEE2=-0.583 TEE3=-0.543  TEE4=-0.442
rank= 43 Lx=Ly=22 pg= 0.810 ids=  43 TEE1=-0.517 TEE2=-0.504 TEE3=-0.448  TEE4=-0.310
rank=  1 Lx=Ly=22 pg= 0.810 ids=   1 TEE1=-0.483 TEE2=-0.444 TEE3=-0.370  TEE4=-0.275
rank= 47 Lx=Ly=22 pg= 0.810 ids=  47 TEE1=-0.457 TEE2=-0.434 TEE3=-0.329  TEE4=-0.207
rank=  6 Lx=Ly=22 pg= 0.810 ids=   6 TEE1=-0.461 TEE2=-0.475 TEE3=-0.409  TEE4=-0.254
rank=  4 Lx=Ly=22 pg= 0.810 ids=   4 TEE1=-0.490 TEE2=-0.490 TEE3=-0.401  TEE4=-0.267
rank= 51 Lx=Ly=22 pg= 0.810 ids=  51 TEE1=-0.494 TEE2=-0.390 TEE3=-0.256  TEE4=-0.076
rank= 38 Lx=Ly=22 pg= 0.810 ids=  38 TEE1=-0.523 TEE2=-0.527 TEE3=-0.450  TEE4=-0.289
rank=107 Lx=Ly=22 pg= 0.810 ids= 107 TEE1=-0.471 TEE2=-0.434 TEE3=-0.324  TEE4=-0.118
rank=  0 Lx=Ly=22 pg= 0.810 ids=   0 TEE1=-0.645 TEE2=-0.665 TEE3=-0.620  TEE4=-0.527
rank= 32 Lx=Ly=22 pg= 0.810 ids=  32 TEE1=-0.581 TEE2=-0.558 TEE3=-0.432  TEE4=-0.223
rank=  7 Lx=Ly=22 pg= 0.810 ids=   7 TEE1=-0.351 TEE2=-0.320 TEE3=-0.252  TEE4=-0.114
rank=111 Lx=Ly=22 pg= 0.810 ids= 111 TEE1=-0.498 TEE2=-0.479 TEE3=-0.372  TEE4=-0.223
rank=  9 Lx=Ly=22 pg= 0.810 ids=   9 TEE1=-0.556 TEE2=-0.603 TEE3=-0.591  TEE4=-0.506
rank= 13 Lx=Ly=22 pg= 0.810 ids=  13 TEE1=-0.452 TEE2=-0.457 TEE3=-0.421  TEE4=-0.264
rank= 11 Lx=Ly=22 pg= 0.810 ids=  11 TEE1=-0.550 TEE2=-0.558 TEE3=-0.479  TEE4=-0.337
rank= 34 Lx=Ly=22 pg= 0.810 ids=  34 TEE1=-0.587 TEE2=-0.572 TEE3=-0.438  TEE4=-0.256
rank=105 Lx=Ly=22 pg= 0.810 ids= 105 TEE1=-0.576 TEE2=-0.562 TEE3=-0.463  TEE4=-0.378
rank= 64 Lx=Ly=22 pg= 0.810 ids=  64 TEE1=-0.483 TEE2=-0.467 TEE3=-0.386  TEE4=-0.252
rank= 15 Lx=Ly=22 pg= 0.810 ids=  15 TEE1=-0.564 TEE2=-0.566 TEE3=-0.473  TEE4=-0.273
rank= 36 Lx=Ly=22 pg= 0.810 ids=  36 TEE1=-0.574 TEE2=-0.599 TEE3=-0.543  TEE4=-0.438
rank=112 Lx=Ly=22 pg= 0.810 ids= 112 TEE1=-0.519 TEE2=-0.498 TEE3=-0.428  TEE4=-0.244
rank=109 Lx=Ly=22 pg= 0.810 ids= 109 TEE1=-0.430 TEE2=-0.382 TEE3=-0.300  TEE4=-0.151
rank= 68 Lx=Ly=22 pg= 0.810 ids=  68 TEE1=-0.490 TEE2=-0.471 TEE3=-0.417  TEE4=-0.271
rank= 66 Lx=Ly=22 pg= 0.810 ids=  66 TEE1=-0.566 TEE2=-0.624 TEE3=-0.537  TEE4=-0.374
rank= 25 Lx=Ly=22 pg= 0.810 ids=  25 TEE1=-0.450 TEE2=-0.409 TEE3=-0.283  TEE4=-0.132
rank=127 Lx=Ly=22 pg= 0.810 ids= 127 TEE1=-0.527 TEE2=-0.527 TEE3=-0.473  TEE4=-0.316
rank= 49 Lx=Ly=22 pg= 0.810 ids=  49 TEE1=-0.438 TEE2=-0.426 TEE3=-0.324  TEE4=-0.110
rank=121 Lx=Ly=22 pg= 0.810 ids= 121 TEE1=-0.535 TEE2=-0.535 TEE3=-0.477  TEE4=-0.293
rank= 75 Lx=Ly=22 pg= 0.810 ids=  75 TEE1=-0.552 TEE2=-0.529 TEE3=-0.490  TEE4=-0.351
rank=116 Lx=Ly=22 pg= 0.810 ids= 116 TEE1=-0.407 TEE2=-0.366 TEE3=-0.283  TEE4=-0.161
rank= 73 Lx=Ly=22 pg= 0.810 ids=  73 TEE1=-0.440 TEE2=-0.390 TEE3=-0.289  TEE4=-0.143
rank= 31 Lx=Ly=22 pg= 0.810 ids=  31 TEE1=-0.562 TEE2=-0.531 TEE3=-0.440  TEE4=-0.262
rank= 79 Lx=Ly=22 pg= 0.810 ids=  79 TEE1=-0.593 TEE2=-0.591 TEE3=-0.519  TEE4=-0.318
rank= 77 Lx=Ly=22 pg= 0.810 ids=  77 TEE1=-0.531 TEE2=-0.498 TEE3=-0.434  TEE4=-0.256
rank= 74 Lx=Ly=22 pg= 0.810 ids=  74 TEE1=-0.494 TEE2=-0.477 TEE3=-0.397  TEE4=-0.188
rank= 53 Lx=Ly=22 pg= 0.810 ids=  53 TEE1=-0.401 TEE2=-0.304 TEE3=-0.198  TEE4=-0.027
rank=125 Lx=Ly=22 pg= 0.810 ids= 125 TEE1=-0.409 TEE2=-0.293 TEE3=-0.149  TEE4=-0.008
rank= 70 Lx=Ly=22 pg= 0.810 ids=  70 TEE1=-0.347 TEE2=-0.231 TEE3=-0.116  TEE4=-0.023
rank= 27 Lx=Ly=22 pg= 0.810 ids=  27 TEE1=-0.434 TEE2=-0.372 TEE3=-0.262  TEE4=-0.118
rank=118 Lx=Ly=22 pg= 0.810 ids= 118 TEE1=-0.529 TEE2=-0.517 TEE3=-0.411  TEE4=-0.281
rank= 55 Lx=Ly=22 pg= 0.810 ids=  55 TEE1=-0.612 TEE2=-0.661 TEE3=-0.591  TEE4=-0.506
rank= 58 Lx=Ly=22 pg= 0.810 ids=  58 TEE1=-0.564 TEE2=-0.568 TEE3=-0.510  TEE4=-0.417
rank= 83 Lx=Ly=22 pg= 0.810 ids=  83 TEE1=-0.554 TEE2=-0.545 TEE3=-0.475  TEE4=-0.351
rank= 56 Lx=Ly=22 pg= 0.810 ids=  56 TEE1=-0.457 TEE2=-0.415 TEE3=-0.304  TEE4=-0.118
rank= 78 Lx=Ly=22 pg= 0.810 ids=  78 TEE1=-0.463 TEE2=-0.473 TEE3=-0.399  TEE4=-0.200
rank= 87 Lx=Ly=22 pg= 0.810 ids=  87 TEE1=-0.463 TEE2=-0.401 TEE3=-0.306  TEE4=-0.083
rank=114 Lx=Ly=22 pg= 0.810 ids= 114 TEE1=-0.593 TEE2=-0.612 TEE3=-0.548  TEE4=-0.382
rank= 29 Lx=Ly=22 pg= 0.810 ids=  29 TEE1=-0.504 TEE2=-0.548 TEE3=-0.496  TEE4=-0.382
rank=123 Lx=Ly=22 pg= 0.810 ids= 123 TEE1=-0.560 TEE2=-0.572 TEE3=-0.512  TEE4=-0.343
rank= 72 Lx=Ly=22 pg= 0.810 ids=  72 TEE1=-0.521 TEE2=-0.440 TEE3=-0.353  TEE4=-0.215
rank= 19 Lx=Ly=22 pg= 0.810 ids=  19 TEE1=-0.510 TEE2=-0.479 TEE3=-0.395  TEE4=-0.291
rank= 17 Lx=Ly=22 pg= 0.810 ids=  17 TEE1=-0.481 TEE2=-0.498 TEE3=-0.446  TEE4=-0.312
rank= 57 Lx=Ly=22 pg= 0.810 ids=  57 TEE1=-0.376 TEE2=-0.238 TEE3=-0.136  TEE4= 0.110
rank= 23 Lx=Ly=22 pg= 0.810 ids=  23 TEE1=-0.548 TEE2=-0.556 TEE3=-0.483  TEE4=-0.382
rank= 21 Lx=Ly=22 pg= 0.810 ids=  21 TEE1=-0.446 TEE2=-0.407 TEE3=-0.304  TEE4=-0.169
rank= 76 Lx=Ly=22 pg= 0.810 ids=  76 TEE1=-0.531 TEE2=-0.545 TEE3=-0.461  TEE4=-0.289
rank= 62 Lx=Ly=22 pg= 0.810 ids=  62 TEE1=-0.504 TEE2=-0.424 TEE3=-0.349  TEE4=-0.161
rank= 59 Lx=Ly=22 pg= 0.810 ids=  59 TEE1=-0.436 TEE2=-0.353 TEE3=-0.225  TEE4=-0.066
rank= 61 Lx=Ly=22 pg= 0.810 ids=  61 TEE1=-0.452 TEE2=-0.442 TEE3=-0.370  TEE4=-0.134
rank= 63 Lx=Ly=22 pg= 0.810 ids=  63 TEE1=-0.483 TEE2=-0.436 TEE3=-0.293  TEE4=-0.066
rank= 85 Lx=Ly=22 pg= 0.810 ids=  85 TEE1=-0.492 TEE2=-0.469 TEE3=-0.357  TEE4=-0.163
rank= 81 Lx=Ly=22 pg= 0.810 ids=  81 TEE1=-0.448 TEE2=-0.382 TEE3=-0.254  TEE4=-0.012
rank= 60 Lx=Ly=22 pg= 0.810 ids=  60 TEE1=-0.517 TEE2=-0.490 TEE3=-0.413  TEE4=-0.326
rank= 48 Lx=Ly=22 pg= 0.810 ids=  48 TEE1=-0.492 TEE2=-0.481 TEE3=-0.417  TEE4=-0.252
rank=119 Lx=Ly=22 pg= 0.810 ids= 119 TEE1=-0.593 TEE2=-0.655 TEE3=-0.626  TEE4=-0.539
rank=113 Lx=Ly=22 pg= 0.810 ids= 113 TEE1=-0.574 TEE2=-0.587 TEE3=-0.508  TEE4=-0.362
rank=115 Lx=Ly=22 pg= 0.810 ids= 115 TEE1=-0.483 TEE2=-0.465 TEE3=-0.353  TEE4=-0.165
rank=117 Lx=Ly=22 pg= 0.810 ids= 117 TEE1=-0.510 TEE2=-0.475 TEE3=-0.312  TEE4=-0.099
rank= 50 Lx=Ly=22 pg= 0.810 ids=  50 TEE1=-0.372 TEE2=-0.322 TEE3=-0.244  TEE4=-0.097
rank=122 Lx=Ly=22 pg= 0.810 ids= 122 TEE1=-0.419 TEE2=-0.302 TEE3=-0.178  TEE4=-0.039
rank= 52 Lx=Ly=22 pg= 0.810 ids=  52 TEE1=-0.370 TEE2=-0.269 TEE3=-0.112  TEE4= 0.029
rank= 54 Lx=Ly=22 pg= 0.810 ids=  54 TEE1=-0.496 TEE2=-0.479 TEE3=-0.390  TEE4=-0.236
rank= 30 Lx=Ly=22 pg= 0.810 ids=  30 TEE1=-0.554 TEE2=-0.576 TEE3=-0.488  TEE4=-0.320
rank=120 Lx=Ly=22 pg= 0.810 ids= 120 TEE1=-0.475 TEE2=-0.440 TEE3=-0.366  TEE4=-0.126
rank=124 Lx=Ly=22 pg= 0.810 ids= 124 TEE1=-0.450 TEE2=-0.380 TEE3=-0.316  TEE4=-0.202
rank= 89 Lx=Ly=22 pg= 0.810 ids=  89 TEE1=-0.535 TEE2=-0.502 TEE3=-0.426  TEE4=-0.246
rank=126 Lx=Ly=22 pg= 0.810 ids= 126 TEE1=-0.548 TEE2=-0.545 TEE3=-0.457  TEE4=-0.289
rank= 20 Lx=Ly=22 pg= 0.810 ids=  20 TEE1=-0.537 TEE2=-0.496 TEE3=-0.409  TEE4=-0.312
rank= 16 Lx=Ly=22 pg= 0.810 ids=  16 TEE1=-0.537 TEE2=-0.531 TEE3=-0.424  TEE4=-0.221
rank= 95 Lx=Ly=22 pg= 0.810 ids=  95 TEE1=-0.517 TEE2=-0.562 TEE3=-0.508  TEE4=-0.370
rank= 91 Lx=Ly=22 pg= 0.810 ids=  91 TEE1=-0.461 TEE2=-0.428 TEE3=-0.295  TEE4=-0.070
rank= 93 Lx=Ly=22 pg= 0.810 ids=  93 TEE1=-0.548 TEE2=-0.545 TEE3=-0.450  TEE4=-0.349
rank= 26 Lx=Ly=22 pg= 0.810 ids=  26 TEE1=-0.500 TEE2=-0.463 TEE3=-0.378  TEE4=-0.169
rank= 28 Lx=Ly=22 pg= 0.810 ids=  28 TEE1=-0.430 TEE2=-0.440 TEE3=-0.380  TEE4=-0.295
rank= 24 Lx=Ly=22 pg= 0.810 ids=  24 TEE1=-0.535 TEE2=-0.554 TEE3=-0.519  TEE4=-0.419
rank= 22 Lx=Ly=22 pg= 0.810 ids=  22 TEE1=-0.533 TEE2=-0.591 TEE3=-0.521  TEE4=-0.399
rank= 18 Lx=Ly=22 pg= 0.810 ids=  18 TEE1=-0.531 TEE2=-0.535 TEE3=-0.459  TEE4=-0.289
rank= 82 Lx=Ly=22 pg= 0.810 ids=  82 TEE1=-0.593 TEE2=-0.620 TEE3=-0.550  TEE4=-0.463
rank= 86 Lx=Ly=22 pg= 0.810 ids=  86 TEE1=-0.545 TEE2=-0.545 TEE3=-0.471  TEE4=-0.380
rank= 80 Lx=Ly=22 pg= 0.810 ids=  80 TEE1=-0.498 TEE2=-0.452 TEE3=-0.329  TEE4=-0.194
rank= 88 Lx=Ly=22 pg= 0.810 ids=  88 TEE1=-0.510 TEE2=-0.502 TEE3=-0.432  TEE4=-0.262
rank= 94 Lx=Ly=22 pg= 0.810 ids=  94 TEE1=-0.395 TEE2=-0.293 TEE3=-0.238  TEE4=-0.136
rank= 84 Lx=Ly=22 pg= 0.810 ids=  84 TEE1=-0.465 TEE2=-0.386 TEE3=-0.254  TEE4=-0.083
rank= 92 Lx=Ly=22 pg= 0.810 ids=  92 TEE1=-0.469 TEE2=-0.455 TEE3=-0.370  TEE4=-0.182
rank= 90 Lx=Ly=22 pg= 0.810 ids=  90 TEE1=-0.523 TEE2=-0.560 TEE3=-0.492  TEE4=-0.339
rank= 12 Lx=Ly=22 pg= 0.820 ids=  12 TEE1=-0.597 TEE2=-0.636 TEE3=-0.583  TEE4=-0.527
rank=  8 Lx=Ly=22 pg= 0.820 ids=   8 TEE1=-0.585 TEE2=-0.657 TEE3=-0.610  TEE4=-0.541
rank=100 Lx=Ly=22 pg= 0.820 ids= 100 TEE1=-0.558 TEE2=-0.525 TEE3=-0.465  TEE4=-0.372
rank=102 Lx=Ly=22 pg= 0.820 ids= 102 TEE1=-0.620 TEE2=-0.657 TEE3=-0.603  TEE4=-0.519
rank= 98 Lx=Ly=22 pg= 0.820 ids=  98 TEE1=-0.632 TEE2=-0.727 TEE3=-0.702  TEE4=-0.671
rank= 65 Lx=Ly=22 pg= 0.820 ids=  65 TEE1=-0.533 TEE2=-0.521 TEE3=-0.446  TEE4=-0.312
rank= 14 Lx=Ly=22 pg= 0.820 ids=  14 TEE1=-0.595 TEE2=-0.659 TEE3=-0.626  TEE4=-0.558
rank= 96 Lx=Ly=22 pg= 0.820 ids=  96 TEE1=-0.581 TEE2=-0.645 TEE3=-0.612  TEE4=-0.570
rank= 10 Lx=Ly=22 pg= 0.820 ids=  10 TEE1=-0.651 TEE2=-0.723 TEE3=-0.694  TEE4=-0.595
rank= 42 Lx=Ly=22 pg= 0.820 ids=  42 TEE1=-0.531 TEE2=-0.591 TEE3=-0.545  TEE4=-0.366
rank= 67 Lx=Ly=22 pg= 0.820 ids=  67 TEE1=-0.601 TEE2=-0.624 TEE3=-0.616  TEE4=-0.508
rank= 97 Lx=Ly=22 pg= 0.820 ids=  97 TEE1=-0.504 TEE2=-0.492 TEE3=-0.393  TEE4=-0.207
rank= 40 Lx=Ly=22 pg= 0.820 ids=  40 TEE1=-0.572 TEE2=-0.614 TEE3=-0.589  TEE4=-0.488
rank= 99 Lx=Ly=22 pg= 0.820 ids=  99 TEE1=-0.647 TEE2=-0.725 TEE3=-0.692  TEE4=-0.574
rank= 71 Lx=Ly=22 pg= 0.820 ids=  71 TEE1=-0.589 TEE2=-0.622 TEE3=-0.570  TEE4=-0.436
rank= 46 Lx=Ly=22 pg= 0.820 ids=  46 TEE1=-0.614 TEE2=-0.663 TEE3=-0.614  TEE4=-0.486
rank= 69 Lx=Ly=22 pg= 0.820 ids=  69 TEE1=-0.517 TEE2=-0.525 TEE3=-0.450  TEE4=-0.248
rank= 35 Lx=Ly=22 pg= 0.820 ids=  35 TEE1=-0.558 TEE2=-0.599 TEE3=-0.543  TEE4=-0.438
rank=103 Lx=Ly=22 pg= 0.820 ids= 103 TEE1=-0.576 TEE2=-0.640 TEE3=-0.603  TEE4=-0.537
rank=101 Lx=Ly=22 pg= 0.820 ids= 101 TEE1=-0.527 TEE2=-0.539 TEE3=-0.492  TEE4=-0.357
rank= 44 Lx=Ly=22 pg= 0.820 ids=  44 TEE1=-0.527 TEE2=-0.539 TEE3=-0.452  TEE4=-0.360
rank= 33 Lx=Ly=22 pg= 0.820 ids=  33 TEE1=-0.558 TEE2=-0.643 TEE3=-0.622  TEE4=-0.506
rank= 37 Lx=Ly=22 pg= 0.820 ids=  37 TEE1=-0.539 TEE2=-0.475 TEE3=-0.316  TEE4=-0.120
rank= 39 Lx=Ly=22 pg= 0.820 ids=  39 TEE1=-0.562 TEE2=-0.552 TEE3=-0.481  TEE4=-0.314
rank=110 Lx=Ly=22 pg= 0.820 ids= 110 TEE1=-0.610 TEE2=-0.653 TEE3=-0.566  TEE4=-0.426
rank=106 Lx=Ly=22 pg= 0.820 ids= 106 TEE1=-0.595 TEE2=-0.643 TEE3=-0.605  TEE4=-0.545
rank=104 Lx=Ly=22 pg= 0.820 ids= 104 TEE1=-0.616 TEE2=-0.694 TEE3=-0.686  TEE4=-0.649
rank=108 Lx=Ly=22 pg= 0.820 ids= 108 TEE1=-0.566 TEE2=-0.603 TEE3=-0.572  TEE4=-0.510
rank=  5 Lx=Ly=22 pg= 0.820 ids=   5 TEE1=-0.612 TEE2=-0.655 TEE3=-0.626  TEE4=-0.570
rank=  3 Lx=Ly=22 pg= 0.820 ids=   3 TEE1=-0.572 TEE2=-0.622 TEE3=-0.548  TEE4=-0.469
rank=  1 Lx=Ly=22 pg= 0.820 ids=   1 TEE1=-0.612 TEE2=-0.651 TEE3=-0.634  TEE4=-0.579
rank=  2 Lx=Ly=22 pg= 0.820 ids=   2 TEE1=-0.597 TEE2=-0.647 TEE3=-0.583  TEE4=-0.430
rank= 45 Lx=Ly=22 pg= 0.820 ids=  45 TEE1=-0.610 TEE2=-0.674 TEE3=-0.610  TEE4=-0.512
rank= 51 Lx=Ly=22 pg= 0.820 ids=  51 TEE1=-0.651 TEE2=-0.742 TEE3=-0.719  TEE4=-0.678
rank= 41 Lx=Ly=22 pg= 0.820 ids=  41 TEE1=-0.640 TEE2=-0.709 TEE3=-0.634  TEE4=-0.521
rank= 43 Lx=Ly=22 pg= 0.820 ids=  43 TEE1=-0.638 TEE2=-0.698 TEE3=-0.653  TEE4=-0.483
rank= 47 Lx=Ly=22 pg= 0.820 ids=  47 TEE1=-0.566 TEE2=-0.616 TEE3=-0.554  TEE4=-0.432
rank=  6 Lx=Ly=22 pg= 0.820 ids=   6 TEE1=-0.678 TEE2=-0.698 TEE3=-0.661  TEE4=-0.558
rank=  4 Lx=Ly=22 pg= 0.820 ids=   4 TEE1=-0.626 TEE2=-0.719 TEE3=-0.707  TEE4=-0.643
rank=107 Lx=Ly=22 pg= 0.820 ids= 107 TEE1=-0.500 TEE2=-0.386 TEE3=-0.291  TEE4=-0.126
rank=  0 Lx=Ly=22 pg= 0.820 ids=   0 TEE1=-0.533 TEE2=-0.548 TEE3=-0.494  TEE4=-0.409
rank= 38 Lx=Ly=22 pg= 0.820 ids=  38 TEE1=-0.500 TEE2=-0.496 TEE3=-0.384  TEE4=-0.136
rank=  7 Lx=Ly=22 pg= 0.820 ids=   7 TEE1=-0.535 TEE2=-0.566 TEE3=-0.510  TEE4=-0.401
rank=112 Lx=Ly=22 pg= 0.820 ids= 112 TEE1=-0.607 TEE2=-0.610 TEE3=-0.548  TEE4=-0.436
rank=  9 Lx=Ly=22 pg= 0.820 ids=   9 TEE1=-0.585 TEE2=-0.645 TEE3=-0.628  TEE4=-0.500
rank= 64 Lx=Ly=22 pg= 0.820 ids=  64 TEE1=-0.531 TEE2=-0.510 TEE3=-0.432  TEE4=-0.320
rank= 11 Lx=Ly=22 pg= 0.820 ids=  11 TEE1=-0.459 TEE2=-0.438 TEE3=-0.341  TEE4=-0.217
rank= 13 Lx=Ly=22 pg= 0.820 ids=  13 TEE1=-0.610 TEE2=-0.696 TEE3=-0.634  TEE4=-0.579
rank= 32 Lx=Ly=22 pg= 0.820 ids=  32 TEE1=-0.543 TEE2=-0.587 TEE3=-0.527  TEE4=-0.413
rank=111 Lx=Ly=22 pg= 0.820 ids= 111 TEE1=-0.585 TEE2=-0.601 TEE3=-0.508  TEE4=-0.362
rank= 15 Lx=Ly=22 pg= 0.820 ids=  15 TEE1=-0.541 TEE2=-0.581 TEE3=-0.483  TEE4=-0.411
rank= 34 Lx=Ly=22 pg= 0.820 ids=  34 TEE1=-0.612 TEE2=-0.671 TEE3=-0.624  TEE4=-0.548
rank=105 Lx=Ly=22 pg= 0.820 ids= 105 TEE1=-0.640 TEE2=-0.684 TEE3=-0.651  TEE4=-0.572
rank= 36 Lx=Ly=22 pg= 0.820 ids=  36 TEE1=-0.628 TEE2=-0.630 TEE3=-0.585  TEE4=-0.508
rank=109 Lx=Ly=22 pg= 0.820 ids= 109 TEE1=-0.448 TEE2=-0.438 TEE3=-0.360  TEE4=-0.219
rank= 25 Lx=Ly=22 pg= 0.820 ids=  25 TEE1=-0.560 TEE2=-0.556 TEE3=-0.471  TEE4=-0.353
rank= 68 Lx=Ly=22 pg= 0.820 ids=  68 TEE1=-0.583 TEE2=-0.612 TEE3=-0.566  TEE4=-0.424
rank=127 Lx=Ly=22 pg= 0.820 ids= 127 TEE1=-0.595 TEE2=-0.572 TEE3=-0.521  TEE4=-0.419
rank= 66 Lx=Ly=22 pg= 0.820 ids=  66 TEE1=-0.545 TEE2=-0.560 TEE3=-0.494  TEE4=-0.351
rank=116 Lx=Ly=22 pg= 0.820 ids= 116 TEE1=-0.605 TEE2=-0.690 TEE3=-0.653  TEE4=-0.566
rank= 49 Lx=Ly=22 pg= 0.820 ids=  49 TEE1=-0.527 TEE2=-0.523 TEE3=-0.471  TEE4=-0.331
rank=121 Lx=Ly=22 pg= 0.820 ids= 121 TEE1=-0.564 TEE2=-0.595 TEE3=-0.550  TEE4=-0.450
rank= 31 Lx=Ly=22 pg= 0.820 ids=  31 TEE1=-0.702 TEE2=-0.762 TEE3=-0.756  TEE4=-0.725
rank=125 Lx=Ly=22 pg= 0.820 ids= 125 TEE1=-0.554 TEE2=-0.601 TEE3=-0.552  TEE4=-0.415
rank= 53 Lx=Ly=22 pg= 0.820 ids=  53 TEE1=-0.535 TEE2=-0.529 TEE3=-0.471  TEE4=-0.399
rank= 74 Lx=Ly=22 pg= 0.820 ids=  74 TEE1=-0.517 TEE2=-0.488 TEE3=-0.421  TEE4=-0.227
rank= 75 Lx=Ly=22 pg= 0.820 ids=  75 TEE1=-0.527 TEE2=-0.496 TEE3=-0.397  TEE4=-0.262
rank= 27 Lx=Ly=22 pg= 0.820 ids=  27 TEE1=-0.585 TEE2=-0.595 TEE3=-0.527  TEE4=-0.372
rank=118 Lx=Ly=22 pg= 0.820 ids= 118 TEE1=-0.523 TEE2=-0.510 TEE3=-0.455  TEE4=-0.331
rank= 55 Lx=Ly=22 pg= 0.820 ids=  55 TEE1=-0.517 TEE2=-0.494 TEE3=-0.428  TEE4=-0.242
rank= 73 Lx=Ly=22 pg= 0.820 ids=  73 TEE1=-0.558 TEE2=-0.589 TEE3=-0.537  TEE4=-0.471
rank= 70 Lx=Ly=22 pg= 0.820 ids=  70 TEE1=-0.595 TEE2=-0.643 TEE3=-0.579  TEE4=-0.494
rank= 58 Lx=Ly=22 pg= 0.820 ids=  58 TEE1=-0.620 TEE2=-0.696 TEE3=-0.680  TEE4=-0.585
rank= 56 Lx=Ly=22 pg= 0.820 ids=  56 TEE1=-0.496 TEE2=-0.517 TEE3=-0.459  TEE4=-0.300
rank= 83 Lx=Ly=22 pg= 0.820 ids=  83 TEE1=-0.558 TEE2=-0.562 TEE3=-0.527  TEE4=-0.438
rank= 79 Lx=Ly=22 pg= 0.820 ids=  79 TEE1=-0.541 TEE2=-0.566 TEE3=-0.521  TEE4=-0.444
rank= 77 Lx=Ly=22 pg= 0.820 ids=  77 TEE1=-0.583 TEE2=-0.630 TEE3=-0.603  TEE4=-0.535
rank= 87 Lx=Ly=22 pg= 0.820 ids=  87 TEE1=-0.539 TEE2=-0.554 TEE3=-0.510  TEE4=-0.364
rank=114 Lx=Ly=22 pg= 0.820 ids= 114 TEE1=-0.490 TEE2=-0.448 TEE3=-0.322  TEE4=-0.165
rank= 78 Lx=Ly=22 pg= 0.820 ids=  78 TEE1=-0.545 TEE2=-0.558 TEE3=-0.506  TEE4=-0.415
rank= 29 Lx=Ly=22 pg= 0.820 ids=  29 TEE1=-0.636 TEE2=-0.713 TEE3=-0.663  TEE4=-0.597
rank=123 Lx=Ly=22 pg= 0.820 ids= 123 TEE1=-0.537 TEE2=-0.626 TEE3=-0.585  TEE4=-0.457
rank= 62 Lx=Ly=22 pg= 0.820 ids=  62 TEE1=-0.548 TEE2=-0.552 TEE3=-0.521  TEE4=-0.442
rank= 72 Lx=Ly=22 pg= 0.820 ids=  72 TEE1=-0.568 TEE2=-0.603 TEE3=-0.508  TEE4=-0.368
rank= 76 Lx=Ly=22 pg= 0.820 ids=  76 TEE1=-0.612 TEE2=-0.700 TEE3=-0.655  TEE4=-0.560
rank= 85 Lx=Ly=22 pg= 0.820 ids=  85 TEE1=-0.564 TEE2=-0.595 TEE3=-0.552  TEE4=-0.455
rank= 19 Lx=Ly=22 pg= 0.820 ids=  19 TEE1=-0.523 TEE2=-0.548 TEE3=-0.492  TEE4=-0.357
rank= 57 Lx=Ly=22 pg= 0.820 ids=  57 TEE1=-0.566 TEE2=-0.589 TEE3=-0.535  TEE4=-0.430
rank= 81 Lx=Ly=22 pg= 0.820 ids=  81 TEE1=-0.614 TEE2=-0.630 TEE3=-0.579  TEE4=-0.446
rank= 17 Lx=Ly=22 pg= 0.820 ids=  17 TEE1=-0.519 TEE2=-0.558 TEE3=-0.527  TEE4=-0.380
rank= 23 Lx=Ly=22 pg= 0.820 ids=  23 TEE1=-0.560 TEE2=-0.601 TEE3=-0.535  TEE4=-0.428
rank= 21 Lx=Ly=22 pg= 0.820 ids=  21 TEE1=-0.552 TEE2=-0.543 TEE3=-0.471  TEE4=-0.308
rank= 59 Lx=Ly=22 pg= 0.820 ids=  59 TEE1=-0.525 TEE2=-0.496 TEE3=-0.411  TEE4=-0.329
rank= 60 Lx=Ly=22 pg= 0.820 ids=  60 TEE1=-0.655 TEE2=-0.746 TEE3=-0.721  TEE4=-0.719
rank= 61 Lx=Ly=22 pg= 0.820 ids=  61 TEE1=-0.514 TEE2=-0.519 TEE3=-0.426  TEE4=-0.264
rank= 63 Lx=Ly=22 pg= 0.820 ids=  63 TEE1=-0.581 TEE2=-0.562 TEE3=-0.502  TEE4=-0.388
rank= 48 Lx=Ly=22 pg= 0.820 ids=  48 TEE1=-0.545 TEE2=-0.535 TEE3=-0.463  TEE4=-0.345
rank=119 Lx=Ly=22 pg= 0.820 ids= 119 TEE1=-0.523 TEE2=-0.479 TEE3=-0.384  TEE4=-0.205
rank=113 Lx=Ly=22 pg= 0.820 ids= 113 TEE1=-0.599 TEE2=-0.647 TEE3=-0.624  TEE4=-0.529
rank=115 Lx=Ly=22 pg= 0.820 ids= 115 TEE1=-0.589 TEE2=-0.616 TEE3=-0.548  TEE4=-0.403
rank=117 Lx=Ly=22 pg= 0.820 ids= 117 TEE1=-0.496 TEE2=-0.504 TEE3=-0.432  TEE4=-0.318
rank= 30 Lx=Ly=22 pg= 0.820 ids=  30 TEE1=-0.554 TEE2=-0.562 TEE3=-0.490  TEE4=-0.322
rank= 50 Lx=Ly=22 pg= 0.820 ids=  50 TEE1=-0.498 TEE2=-0.479 TEE3=-0.401  TEE4=-0.196
rank=122 Lx=Ly=22 pg= 0.820 ids= 122 TEE1=-0.626 TEE2=-0.581 TEE3=-0.488  TEE4=-0.295
rank= 52 Lx=Ly=22 pg= 0.820 ids=  52 TEE1=-0.603 TEE2=-0.545 TEE3=-0.463  TEE4=-0.318
rank= 54 Lx=Ly=22 pg= 0.820 ids=  54 TEE1=-0.488 TEE2=-0.459 TEE3=-0.393  TEE4=-0.260
rank= 89 Lx=Ly=22 pg= 0.820 ids=  89 TEE1=-0.589 TEE2=-0.659 TEE3=-0.628  TEE4=-0.591
rank=120 Lx=Ly=22 pg= 0.820 ids= 120 TEE1=-0.492 TEE2=-0.442 TEE3=-0.382  TEE4=-0.188
rank=124 Lx=Ly=22 pg= 0.820 ids= 124 TEE1=-0.568 TEE2=-0.568 TEE3=-0.533  TEE4=-0.390
rank=126 Lx=Ly=22 pg= 0.820 ids= 126 TEE1=-0.566 TEE2=-0.560 TEE3=-0.521  TEE4=-0.378
rank= 20 Lx=Ly=22 pg= 0.820 ids=  20 TEE1=-0.502 TEE2=-0.535 TEE3=-0.473  TEE4=-0.267
rank= 16 Lx=Ly=22 pg= 0.820 ids=  16 TEE1=-0.593 TEE2=-0.638 TEE3=-0.593  TEE4=-0.446
rank= 26 Lx=Ly=22 pg= 0.820 ids=  26 TEE1=-0.568 TEE2=-0.597 TEE3=-0.560  TEE4=-0.440
rank= 28 Lx=Ly=22 pg= 0.820 ids=  28 TEE1=-0.550 TEE2=-0.548 TEE3=-0.498  TEE4=-0.393
rank= 93 Lx=Ly=22 pg= 0.820 ids=  93 TEE1=-0.591 TEE2=-0.651 TEE3=-0.585  TEE4=-0.403
rank= 91 Lx=Ly=22 pg= 0.820 ids=  91 TEE1=-0.556 TEE2=-0.568 TEE3=-0.490  TEE4=-0.339
rank= 24 Lx=Ly=22 pg= 0.820 ids=  24 TEE1=-0.539 TEE2=-0.607 TEE3=-0.560  TEE4=-0.455
rank= 95 Lx=Ly=22 pg= 0.820 ids=  95 TEE1=-0.566 TEE2=-0.554 TEE3=-0.490  TEE4=-0.370
rank= 18 Lx=Ly=22 pg= 0.820 ids=  18 TEE1=-0.591 TEE2=-0.576 TEE3=-0.500  TEE4=-0.347
rank= 22 Lx=Ly=22 pg= 0.820 ids=  22 TEE1=-0.564 TEE2=-0.628 TEE3=-0.579  TEE4=-0.411
rank= 82 Lx=Ly=22 pg= 0.820 ids=  82 TEE1=-0.527 TEE2=-0.527 TEE3=-0.467  TEE4=-0.300
rank= 12 Lx=Ly=22 pg= 0.830 ids=  12 TEE1=-0.622 TEE2=-0.678 TEE3=-0.638  TEE4=-0.626
rank=  8 Lx=Ly=22 pg= 0.830 ids=   8 TEE1=-0.620 TEE2=-0.649 TEE3=-0.601  TEE4=-0.531
rank= 86 Lx=Ly=22 pg= 0.820 ids=  86 TEE1=-0.523 TEE2=-0.512 TEE3=-0.477  TEE4=-0.355
rank= 80 Lx=Ly=22 pg= 0.820 ids=  80 TEE1=-0.514 TEE2=-0.610 TEE3=-0.560  TEE4=-0.521
rank= 84 Lx=Ly=22 pg= 0.820 ids=  84 TEE1=-0.638 TEE2=-0.649 TEE3=-0.585  TEE4=-0.508
rank= 94 Lx=Ly=22 pg= 0.820 ids=  94 TEE1=-0.527 TEE2=-0.537 TEE3=-0.469  TEE4=-0.349
rank= 88 Lx=Ly=22 pg= 0.820 ids=  88 TEE1=-0.601 TEE2=-0.657 TEE3=-0.622  TEE4=-0.527
rank= 92 Lx=Ly=22 pg= 0.820 ids=  92 TEE1=-0.521 TEE2=-0.548 TEE3=-0.498  TEE4=-0.376
rank= 90 Lx=Ly=22 pg= 0.820 ids=  90 TEE1=-0.674 TEE2=-0.740 TEE3=-0.711  TEE4=-0.653
rank=100 Lx=Ly=22 pg= 0.830 ids= 100 TEE1=-0.607 TEE2=-0.653 TEE3=-0.634  TEE4=-0.525
rank=102 Lx=Ly=22 pg= 0.830 ids= 102 TEE1=-0.622 TEE2=-0.659 TEE3=-0.626  TEE4=-0.618
rank= 98 Lx=Ly=22 pg= 0.830 ids=  98 TEE1=-0.674 TEE2=-0.719 TEE3=-0.653  TEE4=-0.593
rank= 65 Lx=Ly=22 pg= 0.830 ids=  65 TEE1=-0.686 TEE2=-0.746 TEE3=-0.719  TEE4=-0.640
rank= 14 Lx=Ly=22 pg= 0.830 ids=  14 TEE1=-0.597 TEE2=-0.624 TEE3=-0.624  TEE4=-0.545
rank= 10 Lx=Ly=22 pg= 0.830 ids=  10 TEE1=-0.587 TEE2=-0.640 TEE3=-0.607  TEE4=-0.523
rank= 96 Lx=Ly=22 pg= 0.830 ids=  96 TEE1=-0.556 TEE2=-0.605 TEE3=-0.550  TEE4=-0.448
rank= 42 Lx=Ly=22 pg= 0.830 ids=  42 TEE1=-0.607 TEE2=-0.640 TEE3=-0.645  TEE4=-0.467
rank= 67 Lx=Ly=22 pg= 0.830 ids=  67 TEE1=-0.574 TEE2=-0.618 TEE3=-0.570  TEE4=-0.494
rank= 97 Lx=Ly=22 pg= 0.830 ids=  97 TEE1=-0.574 TEE2=-0.667 TEE3=-0.655  TEE4=-0.624
rank= 40 Lx=Ly=22 pg= 0.830 ids=  40 TEE1=-0.581 TEE2=-0.643 TEE3=-0.618  TEE4=-0.535
rank= 99 Lx=Ly=22 pg= 0.830 ids=  99 TEE1=-0.607 TEE2=-0.653 TEE3=-0.612  TEE4=-0.531
rank= 71 Lx=Ly=22 pg= 0.830 ids=  71 TEE1=-0.647 TEE2=-0.678 TEE3=-0.632  TEE4=-0.552
rank= 46 Lx=Ly=22 pg= 0.830 ids=  46 TEE1=-0.663 TEE2=-0.736 TEE3=-0.702  TEE4=-0.665
rank= 69 Lx=Ly=22 pg= 0.830 ids=  69 TEE1=-0.618 TEE2=-0.676 TEE3=-0.632  TEE4=-0.566
rank= 35 Lx=Ly=22 pg= 0.830 ids=  35 TEE1=-0.587 TEE2=-0.630 TEE3=-0.591  TEE4=-0.533
rank=103 Lx=Ly=22 pg= 0.830 ids= 103 TEE1=-0.717 TEE2=-0.787 TEE3=-0.771  TEE4=-0.736
rank= 44 Lx=Ly=22 pg= 0.830 ids=  44 TEE1=-0.610 TEE2=-0.682 TEE3=-0.640  TEE4=-0.566
rank=101 Lx=Ly=22 pg= 0.830 ids= 101 TEE1=-0.589 TEE2=-0.647 TEE3=-0.614  TEE4=-0.481
rank= 33 Lx=Ly=22 pg= 0.830 ids=  33 TEE1=-0.541 TEE2=-0.597 TEE3=-0.562  TEE4=-0.438
rank= 37 Lx=Ly=22 pg= 0.830 ids=  37 TEE1=-0.605 TEE2=-0.674 TEE3=-0.653  TEE4=-0.523
rank= 39 Lx=Ly=22 pg= 0.830 ids=  39 TEE1=-0.605 TEE2=-0.640 TEE3=-0.572  TEE4=-0.469
rank=110 Lx=Ly=22 pg= 0.830 ids= 110 TEE1=-0.599 TEE2=-0.632 TEE3=-0.593  TEE4=-0.477
rank=106 Lx=Ly=22 pg= 0.830 ids= 106 TEE1=-0.566 TEE2=-0.634 TEE3=-0.587  TEE4=-0.492
rank=  5 Lx=Ly=22 pg= 0.830 ids=   5 TEE1=-0.595 TEE2=-0.649 TEE3=-0.614  TEE4=-0.583
rank=  3 Lx=Ly=22 pg= 0.830 ids=   3 TEE1=-0.622 TEE2=-0.671 TEE3=-0.595  TEE4=-0.500
rank=104 Lx=Ly=22 pg= 0.830 ids= 104 TEE1=-0.612 TEE2=-0.632 TEE3=-0.610  TEE4=-0.529
rank=  1 Lx=Ly=22 pg= 0.830 ids=   1 TEE1=-0.545 TEE2=-0.612 TEE3=-0.560  TEE4=-0.450
rank=108 Lx=Ly=22 pg= 0.830 ids= 108 TEE1=-0.630 TEE2=-0.711 TEE3=-0.659  TEE4=-0.548
rank= 51 Lx=Ly=22 pg= 0.830 ids=  51 TEE1=-0.649 TEE2=-0.717 TEE3=-0.678  TEE4=-0.574
rank=  2 Lx=Ly=22 pg= 0.830 ids=   2 TEE1=-0.616 TEE2=-0.680 TEE3=-0.653  TEE4=-0.504
rank= 45 Lx=Ly=22 pg= 0.830 ids=  45 TEE1=-0.659 TEE2=-0.715 TEE3=-0.661  TEE4=-0.566
rank= 41 Lx=Ly=22 pg= 0.830 ids=  41 TEE1=-0.620 TEE2=-0.659 TEE3=-0.620  TEE4=-0.496
rank=  6 Lx=Ly=22 pg= 0.830 ids=   6 TEE1=-0.661 TEE2=-0.725 TEE3=-0.676  TEE4=-0.568
rank= 43 Lx=Ly=22 pg= 0.830 ids=  43 TEE1=-0.630 TEE2=-0.671 TEE3=-0.626  TEE4=-0.552
rank=  4 Lx=Ly=22 pg= 0.830 ids=   4 TEE1=-0.605 TEE2=-0.690 TEE3=-0.667  TEE4=-0.593
rank= 47 Lx=Ly=22 pg= 0.830 ids=  47 TEE1=-0.560 TEE2=-0.614 TEE3=-0.579  TEE4=-0.514
rank=112 Lx=Ly=22 pg= 0.830 ids= 112 TEE1=-0.657 TEE2=-0.733 TEE3=-0.733  TEE4=-0.744
rank=  7 Lx=Ly=22 pg= 0.830 ids=   7 TEE1=-0.638 TEE2=-0.674 TEE3=-0.626  TEE4=-0.614
rank=  0 Lx=Ly=22 pg= 0.830 ids=   0 TEE1=-0.657 TEE2=-0.775 TEE3=-0.767  TEE4=-0.740
rank=107 Lx=Ly=22 pg= 0.830 ids= 107 TEE1=-0.581 TEE2=-0.620 TEE3=-0.562  TEE4=-0.442
rank= 38 Lx=Ly=22 pg= 0.830 ids=  38 TEE1=-0.725 TEE2=-0.824 TEE3=-0.816  TEE4=-0.762
rank= 64 Lx=Ly=22 pg= 0.830 ids=  64 TEE1=-0.628 TEE2=-0.657 TEE3=-0.630  TEE4=-0.539
rank= 11 Lx=Ly=22 pg= 0.830 ids=  11 TEE1=-0.539 TEE2=-0.610 TEE3=-0.558  TEE4=-0.421
rank=  9 Lx=Ly=22 pg= 0.830 ids=   9 TEE1=-0.572 TEE2=-0.610 TEE3=-0.541  TEE4=-0.388
rank= 13 Lx=Ly=22 pg= 0.830 ids=  13 TEE1=-0.657 TEE2=-0.721 TEE3=-0.700  TEE4=-0.612
rank= 32 Lx=Ly=22 pg= 0.830 ids=  32 TEE1=-0.665 TEE2=-0.698 TEE3=-0.663  TEE4=-0.564
rank= 25 Lx=Ly=22 pg= 0.830 ids=  25 TEE1=-0.607 TEE2=-0.663 TEE3=-0.622  TEE4=-0.492
rank=111 Lx=Ly=22 pg= 0.830 ids= 111 TEE1=-0.562 TEE2=-0.591 TEE3=-0.539  TEE4=-0.434
rank= 15 Lx=Ly=22 pg= 0.830 ids=  15 TEE1=-0.581 TEE2=-0.649 TEE3=-0.616  TEE4=-0.527
rank= 34 Lx=Ly=22 pg= 0.830 ids=  34 TEE1=-0.684 TEE2=-0.791 TEE3=-0.787  TEE4=-0.806
rank=127 Lx=Ly=22 pg= 0.830 ids= 127 TEE1=-0.607 TEE2=-0.661 TEE3=-0.597  TEE4=-0.550
rank=105 Lx=Ly=22 pg= 0.830 ids= 105 TEE1=-0.634 TEE2=-0.715 TEE3=-0.671  TEE4=-0.576
rank= 36 Lx=Ly=22 pg= 0.830 ids=  36 TEE1=-0.676 TEE2=-0.727 TEE3=-0.690  TEE4=-0.601
rank=109 Lx=Ly=22 pg= 0.830 ids= 109 TEE1=-0.622 TEE2=-0.702 TEE3=-0.671  TEE4=-0.593
rank=116 Lx=Ly=22 pg= 0.830 ids= 116 TEE1=-0.640 TEE2=-0.721 TEE3=-0.711  TEE4=-0.599
rank= 68 Lx=Ly=22 pg= 0.830 ids=  68 TEE1=-0.579 TEE2=-0.601 TEE3=-0.545  TEE4=-0.459
rank= 49 Lx=Ly=22 pg= 0.830 ids=  49 TEE1=-0.562 TEE2=-0.587 TEE3=-0.558  TEE4=-0.481
rank=121 Lx=Ly=22 pg= 0.830 ids= 121 TEE1=-0.541 TEE2=-0.568 TEE3=-0.481  TEE4=-0.316
rank= 66 Lx=Ly=22 pg= 0.830 ids=  66 TEE1=-0.661 TEE2=-0.754 TEE3=-0.750  TEE4=-0.707
rank= 31 Lx=Ly=22 pg= 0.830 ids=  31 TEE1=-0.636 TEE2=-0.696 TEE3=-0.692  TEE4=-0.643
rank=125 Lx=Ly=22 pg= 0.830 ids= 125 TEE1=-0.620 TEE2=-0.686 TEE3=-0.638  TEE4=-0.539
rank= 53 Lx=Ly=22 pg= 0.830 ids=  53 TEE1=-0.649 TEE2=-0.705 TEE3=-0.700  TEE4=-0.684
rank= 27 Lx=Ly=22 pg= 0.830 ids=  27 TEE1=-0.576 TEE2=-0.614 TEE3=-0.554  TEE4=-0.457
rank=118 Lx=Ly=22 pg= 0.830 ids= 118 TEE1=-0.690 TEE2=-0.756 TEE3=-0.692  TEE4=-0.597
rank= 74 Lx=Ly=22 pg= 0.830 ids=  74 TEE1=-0.519 TEE2=-0.500 TEE3=-0.395  TEE4=-0.260
rank= 55 Lx=Ly=22 pg= 0.830 ids=  55 TEE1=-0.581 TEE2=-0.574 TEE3=-0.519  TEE4=-0.378
rank= 58 Lx=Ly=22 pg= 0.830 ids=  58 TEE1=-0.564 TEE2=-0.632 TEE3=-0.576  TEE4=-0.448
rank= 56 Lx=Ly=22 pg= 0.830 ids=  56 TEE1=-0.645 TEE2=-0.781 TEE3=-0.773  TEE4=-0.723
rank=114 Lx=Ly=22 pg= 0.830 ids= 114 TEE1=-0.616 TEE2=-0.709 TEE3=-0.678  TEE4=-0.628
rank= 83 Lx=Ly=22 pg= 0.830 ids=  83 TEE1=-0.671 TEE2=-0.731 TEE3=-0.731  TEE4=-0.665
rank= 87 Lx=Ly=22 pg= 0.830 ids=  87 TEE1=-0.678 TEE2=-0.719 TEE3=-0.692  TEE4=-0.643
rank= 75 Lx=Ly=22 pg= 0.830 ids=  75 TEE1=-0.651 TEE2=-0.709 TEE3=-0.669  TEE4=-0.587
rank= 29 Lx=Ly=22 pg= 0.830 ids=  29 TEE1=-0.531 TEE2=-0.545 TEE3=-0.496  TEE4=-0.401
rank= 70 Lx=Ly=22 pg= 0.830 ids=  70 TEE1=-0.655 TEE2=-0.727 TEE3=-0.694  TEE4=-0.587
rank=123 Lx=Ly=22 pg= 0.830 ids= 123 TEE1=-0.535 TEE2=-0.587 TEE3=-0.562  TEE4=-0.426
rank= 73 Lx=Ly=22 pg= 0.830 ids=  73 TEE1=-0.626 TEE2=-0.669 TEE3=-0.624  TEE4=-0.560
rank= 77 Lx=Ly=22 pg= 0.830 ids=  77 TEE1=-0.651 TEE2=-0.696 TEE3=-0.684  TEE4=-0.599
rank= 79 Lx=Ly=22 pg= 0.830 ids=  79 TEE1=-0.568 TEE2=-0.585 TEE3=-0.564  TEE4=-0.498
rank= 78 Lx=Ly=22 pg= 0.830 ids=  78 TEE1=-0.651 TEE2=-0.717 TEE3=-0.678  TEE4=-0.593
rank= 62 Lx=Ly=22 pg= 0.830 ids=  62 TEE1=-0.626 TEE2=-0.684 TEE3=-0.651  TEE4=-0.556
rank= 85 Lx=Ly=22 pg= 0.830 ids=  85 TEE1=-0.566 TEE2=-0.643 TEE3=-0.626  TEE4=-0.498
rank= 72 Lx=Ly=22 pg= 0.830 ids=  72 TEE1=-0.572 TEE2=-0.616 TEE3=-0.574  TEE4=-0.459
rank= 81 Lx=Ly=22 pg= 0.830 ids=  81 TEE1=-0.593 TEE2=-0.651 TEE3=-0.624  TEE4=-0.529
rank= 76 Lx=Ly=22 pg= 0.830 ids=  76 TEE1=-0.566 TEE2=-0.620 TEE3=-0.576  TEE4=-0.483
rank= 60 Lx=Ly=22 pg= 0.830 ids=  60 TEE1=-0.643 TEE2=-0.719 TEE3=-0.692  TEE4=-0.628
rank= 57 Lx=Ly=22 pg= 0.830 ids=  57 TEE1=-0.591 TEE2=-0.634 TEE3=-0.593  TEE4=-0.523
rank= 19 Lx=Ly=22 pg= 0.830 ids=  19 TEE1=-0.568 TEE2=-0.626 TEE3=-0.583  TEE4=-0.506
rank= 23 Lx=Ly=22 pg= 0.830 ids=  23 TEE1=-0.610 TEE2=-0.614 TEE3=-0.589  TEE4=-0.517
rank= 17 Lx=Ly=22 pg= 0.830 ids=  17 TEE1=-0.541 TEE2=-0.612 TEE3=-0.581  TEE4=-0.490
rank= 21 Lx=Ly=22 pg= 0.830 ids=  21 TEE1=-0.593 TEE2=-0.599 TEE3=-0.525  TEE4=-0.426
rank= 59 Lx=Ly=22 pg= 0.830 ids=  59 TEE1=-0.500 TEE2=-0.481 TEE3=-0.424  TEE4=-0.233
rank= 61 Lx=Ly=22 pg= 0.830 ids=  61 TEE1=-0.651 TEE2=-0.742 TEE3=-0.725  TEE4=-0.686
rank= 63 Lx=Ly=22 pg= 0.830 ids=  63 TEE1=-0.651 TEE2=-0.717 TEE3=-0.669  TEE4=-0.651
rank= 48 Lx=Ly=22 pg= 0.830 ids=  48 TEE1=-0.667 TEE2=-0.719 TEE3=-0.669  TEE4=-0.610
rank= 30 Lx=Ly=22 pg= 0.830 ids=  30 TEE1=-0.595 TEE2=-0.694 TEE3=-0.669  TEE4=-0.579
rank=119 Lx=Ly=22 pg= 0.830 ids= 119 TEE1=-0.669 TEE2=-0.711 TEE3=-0.676  TEE4=-0.593
rank=113 Lx=Ly=22 pg= 0.830 ids= 113 TEE1=-0.676 TEE2=-0.767 TEE3=-0.748  TEE4=-0.717
rank=115 Lx=Ly=22 pg= 0.830 ids= 115 TEE1=-0.674 TEE2=-0.758 TEE3=-0.717  TEE4=-0.659
rank=117 Lx=Ly=22 pg= 0.830 ids= 117 TEE1=-0.632 TEE2=-0.719 TEE3=-0.678  TEE4=-0.599
rank= 50 Lx=Ly=22 pg= 0.830 ids=  50 TEE1=-0.624 TEE2=-0.719 TEE3=-0.682  TEE4=-0.537
rank=122 Lx=Ly=22 pg= 0.830 ids= 122 TEE1=-0.634 TEE2=-0.707 TEE3=-0.661  TEE4=-0.632
rank= 52 Lx=Ly=22 pg= 0.830 ids=  52 TEE1=-0.678 TEE2=-0.707 TEE3=-0.674  TEE4=-0.591
rank= 54 Lx=Ly=22 pg= 0.830 ids=  54 TEE1=-0.612 TEE2=-0.678 TEE3=-0.674  TEE4=-0.645
rank= 89 Lx=Ly=22 pg= 0.830 ids=  89 TEE1=-0.618 TEE2=-0.694 TEE3=-0.667  TEE4=-0.572
rank= 82 Lx=Ly=22 pg= 0.830 ids=  82 TEE1=-0.618 TEE2=-0.680 TEE3=-0.632  TEE4=-0.558
rank=120 Lx=Ly=22 pg= 0.830 ids= 120 TEE1=-0.657 TEE2=-0.696 TEE3=-0.671  TEE4=-0.601
rank=124 Lx=Ly=22 pg= 0.830 ids= 124 TEE1=-0.671 TEE2=-0.750 TEE3=-0.736  TEE4=-0.651
rank=126 Lx=Ly=22 pg= 0.830 ids= 126 TEE1=-0.622 TEE2=-0.655 TEE3=-0.616  TEE4=-0.490
rank= 20 Lx=Ly=22 pg= 0.830 ids=  20 TEE1=-0.562 TEE2=-0.624 TEE3=-0.568  TEE4=-0.465
rank= 26 Lx=Ly=22 pg= 0.830 ids=  26 TEE1=-0.680 TEE2=-0.754 TEE3=-0.738  TEE4=-0.694
rank= 16 Lx=Ly=22 pg= 0.830 ids=  16 TEE1=-0.603 TEE2=-0.698 TEE3=-0.674  TEE4=-0.593
rank= 28 Lx=Ly=22 pg= 0.830 ids=  28 TEE1=-0.620 TEE2=-0.694 TEE3=-0.669  TEE4=-0.618
rank= 24 Lx=Ly=22 pg= 0.830 ids=  24 TEE1=-0.601 TEE2=-0.651 TEE3=-0.620  TEE4=-0.533
rank= 93 Lx=Ly=22 pg= 0.830 ids=  93 TEE1=-0.610 TEE2=-0.698 TEE3=-0.680  TEE4=-0.543
rank= 95 Lx=Ly=22 pg= 0.830 ids=  95 TEE1=-0.694 TEE2=-0.785 TEE3=-0.767  TEE4=-0.692
rank= 91 Lx=Ly=22 pg= 0.830 ids=  91 TEE1=-0.599 TEE2=-0.674 TEE3=-0.649  TEE4=-0.568
rank= 18 Lx=Ly=22 pg= 0.830 ids=  18 TEE1=-0.653 TEE2=-0.676 TEE3=-0.618  TEE4=-0.550
rank= 22 Lx=Ly=22 pg= 0.830 ids=  22 TEE1=-0.655 TEE2=-0.707 TEE3=-0.674  TEE4=-0.618
rank= 12 Lx=Ly=22 pg= 0.840 ids=  12 TEE1=-0.601 TEE2=-0.661 TEE3=-0.653  TEE4=-0.512
rank=  8 Lx=Ly=22 pg= 0.840 ids=   8 TEE1=-0.709 TEE2=-0.820 TEE3=-0.814  TEE4=-0.804
rank= 86 Lx=Ly=22 pg= 0.830 ids=  86 TEE1=-0.622 TEE2=-0.669 TEE3=-0.610  TEE4=-0.506
rank=100 Lx=Ly=22 pg= 0.840 ids= 100 TEE1=-0.634 TEE2=-0.661 TEE3=-0.626  TEE4=-0.581
rank= 80 Lx=Ly=22 pg= 0.830 ids=  80 TEE1=-0.653 TEE2=-0.756 TEE3=-0.727  TEE4=-0.690
rank= 84 Lx=Ly=22 pg= 0.830 ids=  84 TEE1=-0.696 TEE2=-0.777 TEE3=-0.758  TEE4=-0.665
rank= 14 Lx=Ly=22 pg= 0.840 ids=  14 TEE1=-0.624 TEE2=-0.651 TEE3=-0.603  TEE4=-0.525
rank= 94 Lx=Ly=22 pg= 0.830 ids=  94 TEE1=-0.636 TEE2=-0.686 TEE3=-0.661  TEE4=-0.568
rank= 65 Lx=Ly=22 pg= 0.840 ids=  65 TEE1=-0.661 TEE2=-0.736 TEE3=-0.705  TEE4=-0.657
rank= 88 Lx=Ly=22 pg= 0.830 ids=  88 TEE1=-0.630 TEE2=-0.690 TEE3=-0.626  TEE4=-0.533
rank=102 Lx=Ly=22 pg= 0.840 ids= 102 TEE1=-0.682 TEE2=-0.758 TEE3=-0.744  TEE4=-0.707
rank= 98 Lx=Ly=22 pg= 0.840 ids=  98 TEE1=-0.655 TEE2=-0.715 TEE3=-0.692  TEE4=-0.663
rank= 92 Lx=Ly=22 pg= 0.830 ids=  92 TEE1=-0.653 TEE2=-0.721 TEE3=-0.688  TEE4=-0.628
rank= 10 Lx=Ly=22 pg= 0.840 ids=  10 TEE1=-0.665 TEE2=-0.752 TEE3=-0.736  TEE4=-0.707
rank= 90 Lx=Ly=22 pg= 0.830 ids=  90 TEE1=-0.558 TEE2=-0.599 TEE3=-0.539  TEE4=-0.382
rank= 96 Lx=Ly=22 pg= 0.840 ids=  96 TEE1=-0.632 TEE2=-0.700 TEE3=-0.676  TEE4=-0.632
rank= 42 Lx=Ly=22 pg= 0.840 ids=  42 TEE1=-0.649 TEE2=-0.729 TEE3=-0.705  TEE4=-0.645
rank= 67 Lx=Ly=22 pg= 0.840 ids=  67 TEE1=-0.626 TEE2=-0.702 TEE3=-0.678  TEE4=-0.612
rank= 97 Lx=Ly=22 pg= 0.840 ids=  97 TEE1=-0.713 TEE2=-0.762 TEE3=-0.736  TEE4=-0.686
rank= 40 Lx=Ly=22 pg= 0.840 ids=  40 TEE1=-0.671 TEE2=-0.729 TEE3=-0.684  TEE4=-0.659
rank= 99 Lx=Ly=22 pg= 0.840 ids=  99 TEE1=-0.616 TEE2=-0.711 TEE3=-0.711  TEE4=-0.694
rank= 71 Lx=Ly=22 pg= 0.840 ids=  71 TEE1=-0.698 TEE2=-0.705 TEE3=-0.634  TEE4=-0.579
rank= 35 Lx=Ly=22 pg= 0.840 ids=  35 TEE1=-0.690 TEE2=-0.736 TEE3=-0.709  TEE4=-0.657
rank= 46 Lx=Ly=22 pg= 0.840 ids=  46 TEE1=-0.676 TEE2=-0.781 TEE3=-0.754  TEE4=-0.721
rank= 69 Lx=Ly=22 pg= 0.840 ids=  69 TEE1=-0.624 TEE2=-0.680 TEE3=-0.653  TEE4=-0.599
rank= 44 Lx=Ly=22 pg= 0.840 ids=  44 TEE1=-0.694 TEE2=-0.795 TEE3=-0.781  TEE4=-0.717
rank=103 Lx=Ly=22 pg= 0.840 ids= 103 TEE1=-0.607 TEE2=-0.700 TEE3=-0.686  TEE4=-0.647
rank=101 Lx=Ly=22 pg= 0.840 ids= 101 TEE1=-0.659 TEE2=-0.731 TEE3=-0.719  TEE4=-0.640
rank= 33 Lx=Ly=22 pg= 0.840 ids=  33 TEE1=-0.618 TEE2=-0.678 TEE3=-0.624  TEE4=-0.535
rank= 37 Lx=Ly=22 pg= 0.840 ids=  37 TEE1=-0.640 TEE2=-0.709 TEE3=-0.696  TEE4=-0.725
rank= 39 Lx=Ly=22 pg= 0.840 ids=  39 TEE1=-0.643 TEE2=-0.752 TEE3=-0.750  TEE4=-0.736
rank=  5 Lx=Ly=22 pg= 0.840 ids=   5 TEE1=-0.622 TEE2=-0.688 TEE3=-0.667  TEE4=-0.632
rank=  3 Lx=Ly=22 pg= 0.840 ids=   3 TEE1=-0.696 TEE2=-0.800 TEE3=-0.795  TEE4=-0.756
rank=110 Lx=Ly=22 pg= 0.840 ids= 110 TEE1=-0.671 TEE2=-0.767 TEE3=-0.717  TEE4=-0.649
rank=  1 Lx=Ly=22 pg= 0.840 ids=   1 TEE1=-0.638 TEE2=-0.723 TEE3=-0.696  TEE4=-0.616
rank=106 Lx=Ly=22 pg= 0.840 ids= 106 TEE1=-0.640 TEE2=-0.727 TEE3=-0.686  TEE4=-0.626
rank= 51 Lx=Ly=22 pg= 0.840 ids=  51 TEE1=-0.717 TEE2=-0.804 TEE3=-0.802  TEE4=-0.816
rank=104 Lx=Ly=22 pg= 0.840 ids= 104 TEE1=-0.674 TEE2=-0.760 TEE3=-0.729  TEE4=-0.616
rank=108 Lx=Ly=22 pg= 0.840 ids= 108 TEE1=-0.649 TEE2=-0.705 TEE3=-0.659  TEE4=-0.597
rank=  2 Lx=Ly=22 pg= 0.840 ids=   2 TEE1=-0.665 TEE2=-0.736 TEE3=-0.736  TEE4=-0.725
rank=112 Lx=Ly=22 pg= 0.840 ids= 112 TEE1=-0.657 TEE2=-0.736 TEE3=-0.725  TEE4=-0.742
rank=  7 Lx=Ly=22 pg= 0.840 ids=   7 TEE1=-0.564 TEE2=-0.632 TEE3=-0.583  TEE4=-0.541
rank= 45 Lx=Ly=22 pg= 0.840 ids=  45 TEE1=-0.558 TEE2=-0.612 TEE3=-0.572  TEE4=-0.512
rank=  6 Lx=Ly=22 pg= 0.840 ids=   6 TEE1=-0.640 TEE2=-0.702 TEE3=-0.686  TEE4=-0.632
rank=  4 Lx=Ly=22 pg= 0.840 ids=   4 TEE1=-0.688 TEE2=-0.756 TEE3=-0.731  TEE4=-0.678
rank= 41 Lx=Ly=22 pg= 0.840 ids=  41 TEE1=-0.676 TEE2=-0.789 TEE3=-0.785  TEE4=-0.775
rank= 43 Lx=Ly=22 pg= 0.840 ids=  43 TEE1=-0.756 TEE2=-0.816 TEE3=-0.779  TEE4=-0.713
rank= 47 Lx=Ly=22 pg= 0.840 ids=  47 TEE1=-0.729 TEE2=-0.779 TEE3=-0.777  TEE4=-0.705
rank=  0 Lx=Ly=22 pg= 0.840 ids=   0 TEE1=-0.667 TEE2=-0.773 TEE3=-0.754  TEE4=-0.715
rank=107 Lx=Ly=22 pg= 0.840 ids= 107 TEE1=-0.671 TEE2=-0.736 TEE3=-0.729  TEE4=-0.723
rank= 38 Lx=Ly=22 pg= 0.840 ids=  38 TEE1=-0.636 TEE2=-0.607 TEE3=-0.579  TEE4=-0.519
rank= 25 Lx=Ly=22 pg= 0.840 ids=  25 TEE1=-0.667 TEE2=-0.688 TEE3=-0.653  TEE4=-0.626
rank= 64 Lx=Ly=22 pg= 0.840 ids=  64 TEE1=-0.725 TEE2=-0.839 TEE3=-0.816  TEE4=-0.777
rank=127 Lx=Ly=22 pg= 0.840 ids= 127 TEE1=-0.651 TEE2=-0.760 TEE3=-0.748  TEE4=-0.721
rank=  9 Lx=Ly=22 pg= 0.840 ids=   9 TEE1=-0.622 TEE2=-0.785 TEE3=-0.787  TEE4=-0.750
rank= 11 Lx=Ly=22 pg= 0.840 ids=  11 TEE1=-0.585 TEE2=-0.643 TEE3=-0.581  TEE4=-0.494
rank= 13 Lx=Ly=22 pg= 0.840 ids=  13 TEE1=-0.667 TEE2=-0.715 TEE3=-0.671  TEE4=-0.618
rank=116 Lx=Ly=22 pg= 0.840 ids= 116 TEE1=-0.653 TEE2=-0.736 TEE3=-0.723  TEE4=-0.740
rank= 32 Lx=Ly=22 pg= 0.840 ids=  32 TEE1=-0.647 TEE2=-0.746 TEE3=-0.725  TEE4=-0.682
rank= 15 Lx=Ly=22 pg= 0.840 ids=  15 TEE1=-0.603 TEE2=-0.624 TEE3=-0.591  TEE4=-0.514
rank=111 Lx=Ly=22 pg= 0.840 ids= 111 TEE1=-0.653 TEE2=-0.713 TEE3=-0.692  TEE4=-0.657
rank=121 Lx=Ly=22 pg= 0.840 ids= 121 TEE1=-0.601 TEE2=-0.638 TEE3=-0.601  TEE4=-0.471
rank= 49 Lx=Ly=22 pg= 0.840 ids=  49 TEE1=-0.696 TEE2=-0.802 TEE3=-0.779  TEE4=-0.717
rank= 34 Lx=Ly=22 pg= 0.840 ids=  34 TEE1=-0.723 TEE2=-0.824 TEE3=-0.814  TEE4=-0.777
rank=105 Lx=Ly=22 pg= 0.840 ids= 105 TEE1=-0.610 TEE2=-0.723 TEE3=-0.684  TEE4=-0.622
rank= 31 Lx=Ly=22 pg= 0.840 ids=  31 TEE1=-0.597 TEE2=-0.667 TEE3=-0.640  TEE4=-0.597
rank= 68 Lx=Ly=22 pg= 0.840 ids=  68 TEE1=-0.587 TEE2=-0.624 TEE3=-0.624  TEE4=-0.620
rank= 36 Lx=Ly=22 pg= 0.840 ids=  36 TEE1=-0.661 TEE2=-0.742 TEE3=-0.705  TEE4=-0.649
rank=109 Lx=Ly=22 pg= 0.840 ids= 109 TEE1=-0.705 TEE2=-0.764 TEE3=-0.744  TEE4=-0.645
rank= 66 Lx=Ly=22 pg= 0.840 ids=  66 TEE1=-0.636 TEE2=-0.696 TEE3=-0.655  TEE4=-0.566
rank=125 Lx=Ly=22 pg= 0.840 ids= 125 TEE1=-0.674 TEE2=-0.721 TEE3=-0.686  TEE4=-0.645
rank= 27 Lx=Ly=22 pg= 0.840 ids=  27 TEE1=-0.632 TEE2=-0.692 TEE3=-0.671  TEE4=-0.579
rank= 53 Lx=Ly=22 pg= 0.840 ids=  53 TEE1=-0.686 TEE2=-0.779 TEE3=-0.769  TEE4=-0.752
rank=118 Lx=Ly=22 pg= 0.840 ids= 118 TEE1=-0.707 TEE2=-0.800 TEE3=-0.787  TEE4=-0.748
rank=114 Lx=Ly=22 pg= 0.840 ids= 114 TEE1=-0.618 TEE2=-0.696 TEE3=-0.659  TEE4=-0.560
rank= 55 Lx=Ly=22 pg= 0.840 ids=  55 TEE1=-0.680 TEE2=-0.740 TEE3=-0.702  TEE4=-0.713
rank= 58 Lx=Ly=22 pg= 0.840 ids=  58 TEE1=-0.638 TEE2=-0.684 TEE3=-0.651  TEE4=-0.620
rank= 56 Lx=Ly=22 pg= 0.840 ids=  56 TEE1=-0.690 TEE2=-0.773 TEE3=-0.754  TEE4=-0.721
rank= 83 Lx=Ly=22 pg= 0.840 ids=  83 TEE1=-0.614 TEE2=-0.723 TEE3=-0.694  TEE4=-0.657
rank= 74 Lx=Ly=22 pg= 0.840 ids=  74 TEE1=-0.663 TEE2=-0.789 TEE3=-0.785  TEE4=-0.767
rank= 29 Lx=Ly=22 pg= 0.840 ids=  29 TEE1=-0.603 TEE2=-0.692 TEE3=-0.682  TEE4=-0.593
rank= 87 Lx=Ly=22 pg= 0.840 ids=  87 TEE1=-0.698 TEE2=-0.773 TEE3=-0.775  TEE4=-0.738
rank=123 Lx=Ly=22 pg= 0.840 ids= 123 TEE1=-0.550 TEE2=-0.587 TEE3=-0.548  TEE4=-0.442
rank= 70 Lx=Ly=22 pg= 0.840 ids=  70 TEE1=-0.655 TEE2=-0.702 TEE3=-0.690  TEE4=-0.647
rank= 75 Lx=Ly=22 pg= 0.840 ids=  75 TEE1=-0.698 TEE2=-0.798 TEE3=-0.781  TEE4=-0.707
rank= 62 Lx=Ly=22 pg= 0.840 ids=  62 TEE1=-0.676 TEE2=-0.781 TEE3=-0.781  TEE4=-0.767
rank= 73 Lx=Ly=22 pg= 0.840 ids=  73 TEE1=-0.628 TEE2=-0.723 TEE3=-0.696  TEE4=-0.645
rank= 78 Lx=Ly=22 pg= 0.840 ids=  78 TEE1=-0.674 TEE2=-0.783 TEE3=-0.767  TEE4=-0.665
rank= 77 Lx=Ly=22 pg= 0.840 ids=  77 TEE1=-0.634 TEE2=-0.713 TEE3=-0.698  TEE4=-0.612
rank= 79 Lx=Ly=22 pg= 0.840 ids=  79 TEE1=-0.696 TEE2=-0.810 TEE3=-0.800  TEE4=-0.791
rank= 81 Lx=Ly=22 pg= 0.840 ids=  81 TEE1=-0.638 TEE2=-0.674 TEE3=-0.616  TEE4=-0.479
rank= 85 Lx=Ly=22 pg= 0.840 ids=  85 TEE1=-0.612 TEE2=-0.653 TEE3=-0.605  TEE4=-0.517
rank= 60 Lx=Ly=22 pg= 0.840 ids=  60 TEE1=-0.694 TEE2=-0.771 TEE3=-0.752  TEE4=-0.705
rank= 72 Lx=Ly=22 pg= 0.840 ids=  72 TEE1=-0.729 TEE2=-0.806 TEE3=-0.787  TEE4=-0.775
rank= 76 Lx=Ly=22 pg= 0.840 ids=  76 TEE1=-0.669 TEE2=-0.709 TEE3=-0.682  TEE4=-0.624
rank= 57 Lx=Ly=22 pg= 0.840 ids=  57 TEE1=-0.676 TEE2=-0.717 TEE3=-0.692  TEE4=-0.628
rank= 19 Lx=Ly=22 pg= 0.840 ids=  19 TEE1=-0.688 TEE2=-0.744 TEE3=-0.721  TEE4=-0.676
rank= 17 Lx=Ly=22 pg= 0.840 ids=  17 TEE1=-0.653 TEE2=-0.723 TEE3=-0.729  TEE4=-0.665
rank= 23 Lx=Ly=22 pg= 0.840 ids=  23 TEE1=-0.671 TEE2=-0.777 TEE3=-0.773  TEE4=-0.771
rank= 21 Lx=Ly=22 pg= 0.840 ids=  21 TEE1=-0.607 TEE2=-0.676 TEE3=-0.649  TEE4=-0.568
rank= 59 Lx=Ly=22 pg= 0.840 ids=  59 TEE1=-0.688 TEE2=-0.783 TEE3=-0.760  TEE4=-0.731
rank= 63 Lx=Ly=22 pg= 0.840 ids=  63 TEE1=-0.688 TEE2=-0.756 TEE3=-0.744  TEE4=-0.752
rank= 61 Lx=Ly=22 pg= 0.840 ids=  61 TEE1=-0.599 TEE2=-0.680 TEE3=-0.630  TEE4=-0.554
rank= 30 Lx=Ly=22 pg= 0.840 ids=  30 TEE1=-0.657 TEE2=-0.754 TEE3=-0.736  TEE4=-0.705
rank= 48 Lx=Ly=22 pg= 0.840 ids=  48 TEE1=-0.682 TEE2=-0.719 TEE3=-0.690  TEE4=-0.640
rank=119 Lx=Ly=22 pg= 0.840 ids= 119 TEE1=-0.717 TEE2=-0.804 TEE3=-0.785  TEE4=-0.775
rank= 82 Lx=Ly=22 pg= 0.840 ids=  82 TEE1=-0.678 TEE2=-0.746 TEE3=-0.713  TEE4=-0.653
rank=113 Lx=Ly=22 pg= 0.840 ids= 113 TEE1=-0.694 TEE2=-0.818 TEE3=-0.824  TEE4=-0.820
rank= 50 Lx=Ly=22 pg= 0.840 ids=  50 TEE1=-0.634 TEE2=-0.717 TEE3=-0.692  TEE4=-0.597
rank=115 Lx=Ly=22 pg= 0.840 ids= 115 TEE1=-0.643 TEE2=-0.700 TEE3=-0.676  TEE4=-0.643
rank=117 Lx=Ly=22 pg= 0.840 ids= 117 TEE1=-0.649 TEE2=-0.738 TEE3=-0.715  TEE4=-0.665
rank=122 Lx=Ly=22 pg= 0.840 ids= 122 TEE1=-0.700 TEE2=-0.771 TEE3=-0.750  TEE4=-0.655
rank= 52 Lx=Ly=22 pg= 0.840 ids=  52 TEE1=-0.651 TEE2=-0.767 TEE3=-0.758  TEE4=-0.738
rank= 54 Lx=Ly=22 pg= 0.840 ids=  54 TEE1=-0.653 TEE2=-0.744 TEE3=-0.721  TEE4=-0.696
rank= 12 Lx=Ly=22 pg= 0.850 ids=  12 TEE1=-0.661 TEE2=-0.723 TEE3=-0.711  TEE4=-0.676
rank= 89 Lx=Ly=22 pg= 0.840 ids=  89 TEE1=-0.696 TEE2=-0.767 TEE3=-0.756  TEE4=-0.719
rank= 26 Lx=Ly=22 pg= 0.840 ids=  26 TEE1=-0.702 TEE2=-0.769 TEE3=-0.727  TEE4=-0.698
rank=120 Lx=Ly=22 pg= 0.840 ids= 120 TEE1=-0.669 TEE2=-0.771 TEE3=-0.760  TEE4=-0.719
rank=124 Lx=Ly=22 pg= 0.840 ids= 124 TEE1=-0.624 TEE2=-0.649 TEE3=-0.622  TEE4=-0.564
rank=  8 Lx=Ly=22 pg= 0.850 ids=   8 TEE1=-0.684 TEE2=-0.771 TEE3=-0.767  TEE4=-0.723
rank= 28 Lx=Ly=22 pg= 0.840 ids=  28 TEE1=-0.634 TEE2=-0.715 TEE3=-0.715  TEE4=-0.663
rank=126 Lx=Ly=22 pg= 0.840 ids= 126 TEE1=-0.694 TEE2=-0.787 TEE3=-0.787  TEE4=-0.750
rank= 20 Lx=Ly=22 pg= 0.840 ids=  20 TEE1=-0.614 TEE2=-0.678 TEE3=-0.636  TEE4=-0.531
rank= 24 Lx=Ly=22 pg= 0.840 ids=  24 TEE1=-0.731 TEE2=-0.808 TEE3=-0.781  TEE4=-0.723
rank= 16 Lx=Ly=22 pg= 0.840 ids=  16 TEE1=-0.740 TEE2=-0.829 TEE3=-0.808  TEE4=-0.787
rank= 93 Lx=Ly=22 pg= 0.840 ids=  93 TEE1=-0.692 TEE2=-0.820 TEE3=-0.793  TEE4=-0.781
rank= 18 Lx=Ly=22 pg= 0.840 ids=  18 TEE1=-0.690 TEE2=-0.733 TEE3=-0.709  TEE4=-0.626
rank= 22 Lx=Ly=22 pg= 0.840 ids=  22 TEE1=-0.676 TEE2=-0.793 TEE3=-0.773  TEE4=-0.698
rank= 95 Lx=Ly=22 pg= 0.840 ids=  95 TEE1=-0.661 TEE2=-0.702 TEE3=-0.640  TEE4=-0.607
rank= 91 Lx=Ly=22 pg= 0.840 ids=  91 TEE1=-0.709 TEE2=-0.793 TEE3=-0.762  TEE4=-0.723
rank=100 Lx=Ly=22 pg= 0.850 ids= 100 TEE1=-0.702 TEE2=-0.795 TEE3=-0.781  TEE4=-0.740
rank= 65 Lx=Ly=22 pg= 0.850 ids=  65 TEE1=-0.684 TEE2=-0.731 TEE3=-0.711  TEE4=-0.709
rank= 14 Lx=Ly=22 pg= 0.850 ids=  14 TEE1=-0.653 TEE2=-0.719 TEE3=-0.686  TEE4=-0.643
rank= 86 Lx=Ly=22 pg= 0.840 ids=  86 TEE1=-0.661 TEE2=-0.713 TEE3=-0.688  TEE4=-0.653
rank=102 Lx=Ly=22 pg= 0.850 ids= 102 TEE1=-0.711 TEE2=-0.812 TEE3=-0.798  TEE4=-0.756
rank= 98 Lx=Ly=22 pg= 0.850 ids=  98 TEE1=-0.647 TEE2=-0.721 TEE3=-0.707  TEE4=-0.686
rank= 10 Lx=Ly=22 pg= 0.850 ids=  10 TEE1=-0.649 TEE2=-0.789 TEE3=-0.800  TEE4=-0.740
rank= 80 Lx=Ly=22 pg= 0.840 ids=  80 TEE1=-0.628 TEE2=-0.647 TEE3=-0.607  TEE4=-0.521
rank= 84 Lx=Ly=22 pg= 0.840 ids=  84 TEE1=-0.686 TEE2=-0.804 TEE3=-0.798  TEE4=-0.798
rank= 96 Lx=Ly=22 pg= 0.850 ids=  96 TEE1=-0.729 TEE2=-0.845 TEE3=-0.841  TEE4=-0.829
rank= 94 Lx=Ly=22 pg= 0.840 ids=  94 TEE1=-0.678 TEE2=-0.802 TEE3=-0.802  TEE4=-0.752
rank= 88 Lx=Ly=22 pg= 0.840 ids=  88 TEE1=-0.628 TEE2=-0.707 TEE3=-0.678  TEE4=-0.603
rank= 92 Lx=Ly=22 pg= 0.840 ids=  92 TEE1=-0.585 TEE2=-0.645 TEE3=-0.597  TEE4=-0.545
rank= 90 Lx=Ly=22 pg= 0.840 ids=  90 TEE1=-0.657 TEE2=-0.736 TEE3=-0.694  TEE4=-0.626
rank= 42 Lx=Ly=22 pg= 0.850 ids=  42 TEE1=-0.638 TEE2=-0.711 TEE3=-0.678  TEE4=-0.630
rank= 67 Lx=Ly=22 pg= 0.850 ids=  67 TEE1=-0.599 TEE2=-0.684 TEE3=-0.674  TEE4=-0.688
rank= 97 Lx=Ly=22 pg= 0.850 ids=  97 TEE1=-0.707 TEE2=-0.769 TEE3=-0.740  TEE4=-0.653
rank= 40 Lx=Ly=22 pg= 0.850 ids=  40 TEE1=-0.661 TEE2=-0.733 TEE3=-0.721  TEE4=-0.667
rank= 99 Lx=Ly=22 pg= 0.850 ids=  99 TEE1=-0.694 TEE2=-0.760 TEE3=-0.740  TEE4=-0.715
rank= 35 Lx=Ly=22 pg= 0.850 ids=  35 TEE1=-0.719 TEE2=-0.787 TEE3=-0.775  TEE4=-0.736
rank= 71 Lx=Ly=22 pg= 0.850 ids=  71 TEE1=-0.663 TEE2=-0.738 TEE3=-0.713  TEE4=-0.638
rank= 69 Lx=Ly=22 pg= 0.850 ids=  69 TEE1=-0.614 TEE2=-0.671 TEE3=-0.655  TEE4=-0.595
rank= 46 Lx=Ly=22 pg= 0.850 ids=  46 TEE1=-0.583 TEE2=-0.643 TEE3=-0.605  TEE4=-0.572
rank= 33 Lx=Ly=22 pg= 0.850 ids=  33 TEE1=-0.603 TEE2=-0.715 TEE3=-0.663  TEE4=-0.645
rank= 44 Lx=Ly=22 pg= 0.850 ids=  44 TEE1=-0.665 TEE2=-0.750 TEE3=-0.725  TEE4=-0.698
rank= 37 Lx=Ly=22 pg= 0.850 ids=  37 TEE1=-0.659 TEE2=-0.754 TEE3=-0.736  TEE4=-0.721
rank=103 Lx=Ly=22 pg= 0.850 ids= 103 TEE1=-0.651 TEE2=-0.723 TEE3=-0.702  TEE4=-0.665
rank= 39 Lx=Ly=22 pg= 0.850 ids=  39 TEE1=-0.721 TEE2=-0.808 TEE3=-0.808  TEE4=-0.824
rank=101 Lx=Ly=22 pg= 0.850 ids= 101 TEE1=-0.655 TEE2=-0.798 TEE3=-0.785  TEE4=-0.806
rank=  5 Lx=Ly=22 pg= 0.850 ids=   5 TEE1=-0.717 TEE2=-0.826 TEE3=-0.810  TEE4=-0.771
rank=  3 Lx=Ly=22 pg= 0.850 ids=   3 TEE1=-0.663 TEE2=-0.733 TEE3=-0.713  TEE4=-0.657
rank=  1 Lx=Ly=22 pg= 0.850 ids=   1 TEE1=-0.671 TEE2=-0.785 TEE3=-0.777  TEE4=-0.777
rank= 51 Lx=Ly=22 pg= 0.850 ids=  51 TEE1=-0.626 TEE2=-0.694 TEE3=-0.651  TEE4=-0.620
rank=110 Lx=Ly=22 pg= 0.850 ids= 110 TEE1=-0.651 TEE2=-0.760 TEE3=-0.748  TEE4=-0.655
rank=106 Lx=Ly=22 pg= 0.850 ids= 106 TEE1=-0.643 TEE2=-0.690 TEE3=-0.678  TEE4=-0.628
rank=108 Lx=Ly=22 pg= 0.850 ids= 108 TEE1=-0.669 TEE2=-0.727 TEE3=-0.698  TEE4=-0.587
rank=104 Lx=Ly=22 pg= 0.850 ids= 104 TEE1=-0.682 TEE2=-0.758 TEE3=-0.736  TEE4=-0.762
rank=  7 Lx=Ly=22 pg= 0.850 ids=   7 TEE1=-0.640 TEE2=-0.692 TEE3=-0.671  TEE4=-0.601
rank=  2 Lx=Ly=22 pg= 0.850 ids=   2 TEE1=-0.692 TEE2=-0.795 TEE3=-0.789  TEE4=-0.752
rank=112 Lx=Ly=22 pg= 0.850 ids= 112 TEE1=-0.651 TEE2=-0.740 TEE3=-0.723  TEE4=-0.678
rank=  6 Lx=Ly=22 pg= 0.850 ids=   6 TEE1=-0.696 TEE2=-0.783 TEE3=-0.781  TEE4=-0.789
rank=  4 Lx=Ly=22 pg= 0.850 ids=   4 TEE1=-0.742 TEE2=-0.837 TEE3=-0.835  TEE4=-0.800
rank= 45 Lx=Ly=22 pg= 0.850 ids=  45 TEE1=-0.647 TEE2=-0.719 TEE3=-0.711  TEE4=-0.678
rank= 41 Lx=Ly=22 pg= 0.850 ids=  41 TEE1=-0.630 TEE2=-0.676 TEE3=-0.653  TEE4=-0.599
rank=  0 Lx=Ly=22 pg= 0.850 ids=   0 TEE1=-0.700 TEE2=-0.773 TEE3=-0.750  TEE4=-0.723
rank= 43 Lx=Ly=22 pg= 0.850 ids=  43 TEE1=-0.711 TEE2=-0.812 TEE3=-0.812  TEE4=-0.826
rank= 47 Lx=Ly=22 pg= 0.850 ids=  47 TEE1=-0.674 TEE2=-0.744 TEE3=-0.721  TEE4=-0.682
rank= 25 Lx=Ly=22 pg= 0.850 ids=  25 TEE1=-0.645 TEE2=-0.690 TEE3=-0.669  TEE4=-0.601
rank=107 Lx=Ly=22 pg= 0.850 ids= 107 TEE1=-0.702 TEE2=-0.742 TEE3=-0.707  TEE4=-0.628
rank= 38 Lx=Ly=22 pg= 0.850 ids=  38 TEE1=-0.653 TEE2=-0.698 TEE3=-0.638  TEE4=-0.562
rank=127 Lx=Ly=22 pg= 0.850 ids= 127 TEE1=-0.686 TEE2=-0.793 TEE3=-0.769  TEE4=-0.746
rank=116 Lx=Ly=22 pg= 0.850 ids= 116 TEE1=-0.694 TEE2=-0.767 TEE3=-0.742  TEE4=-0.688
rank= 64 Lx=Ly=22 pg= 0.850 ids=  64 TEE1=-0.634 TEE2=-0.721 TEE3=-0.688  TEE4=-0.636
rank=121 Lx=Ly=22 pg= 0.850 ids= 121 TEE1=-0.669 TEE2=-0.733 TEE3=-0.711  TEE4=-0.676
rank= 49 Lx=Ly=22 pg= 0.850 ids=  49 TEE1=-0.723 TEE2=-0.822 TEE3=-0.810  TEE4=-0.793
rank=  9 Lx=Ly=22 pg= 0.850 ids=   9 TEE1=-0.671 TEE2=-0.754 TEE3=-0.733  TEE4=-0.694
rank= 11 Lx=Ly=22 pg= 0.850 ids=  11 TEE1=-0.659 TEE2=-0.694 TEE3=-0.671  TEE4=-0.651
rank= 13 Lx=Ly=22 pg= 0.850 ids=  13 TEE1=-0.702 TEE2=-0.808 TEE3=-0.808  TEE4=-0.781
rank= 31 Lx=Ly=22 pg= 0.850 ids=  31 TEE1=-0.649 TEE2=-0.709 TEE3=-0.717  TEE4=-0.709
rank= 15 Lx=Ly=22 pg= 0.850 ids=  15 TEE1=-0.725 TEE2=-0.853 TEE3=-0.845  TEE4=-0.800
rank= 32 Lx=Ly=22 pg= 0.850 ids=  32 TEE1=-0.733 TEE2=-0.808 TEE3=-0.785  TEE4=-0.721
rank=111 Lx=Ly=22 pg= 0.850 ids= 111 TEE1=-0.717 TEE2=-0.777 TEE3=-0.738  TEE4=-0.742
rank= 34 Lx=Ly=22 pg= 0.850 ids=  34 TEE1=-0.750 TEE2=-0.874 TEE3=-0.872  TEE4=-0.845
rank= 27 Lx=Ly=22 pg= 0.850 ids=  27 TEE1=-0.667 TEE2=-0.783 TEE3=-0.783  TEE4=-0.742
rank=105 Lx=Ly=22 pg= 0.850 ids= 105 TEE1=-0.636 TEE2=-0.651 TEE3=-0.622  TEE4=-0.533
rank=125 Lx=Ly=22 pg= 0.850 ids= 125 TEE1=-0.678 TEE2=-0.740 TEE3=-0.688  TEE4=-0.636
rank=118 Lx=Ly=22 pg= 0.850 ids= 118 TEE1=-0.680 TEE2=-0.740 TEE3=-0.719  TEE4=-0.686
rank= 68 Lx=Ly=22 pg= 0.850 ids=  68 TEE1=-0.651 TEE2=-0.729 TEE3=-0.717  TEE4=-0.721
rank= 36 Lx=Ly=22 pg= 0.850 ids=  36 TEE1=-0.653 TEE2=-0.787 TEE3=-0.777  TEE4=-0.773
rank= 53 Lx=Ly=22 pg= 0.850 ids=  53 TEE1=-0.657 TEE2=-0.750 TEE3=-0.723  TEE4=-0.698
rank= 66 Lx=Ly=22 pg= 0.850 ids=  66 TEE1=-0.684 TEE2=-0.791 TEE3=-0.777  TEE4=-0.769
rank=109 Lx=Ly=22 pg= 0.850 ids= 109 TEE1=-0.632 TEE2=-0.680 TEE3=-0.669  TEE4=-0.663
rank=114 Lx=Ly=22 pg= 0.850 ids= 114 TEE1=-0.676 TEE2=-0.736 TEE3=-0.700  TEE4=-0.556
rank= 29 Lx=Ly=22 pg= 0.850 ids=  29 TEE1=-0.669 TEE2=-0.742 TEE3=-0.723  TEE4=-0.698
rank= 55 Lx=Ly=22 pg= 0.850 ids=  55 TEE1=-0.649 TEE2=-0.717 TEE3=-0.676  TEE4=-0.634
rank= 58 Lx=Ly=22 pg= 0.850 ids=  58 TEE1=-0.688 TEE2=-0.783 TEE3=-0.783  TEE4=-0.746
rank= 56 Lx=Ly=22 pg= 0.850 ids=  56 TEE1=-0.682 TEE2=-0.771 TEE3=-0.731  TEE4=-0.709
rank= 83 Lx=Ly=22 pg= 0.850 ids=  83 TEE1=-0.733 TEE2=-0.833 TEE3=-0.841  TEE4=-0.862
rank=123 Lx=Ly=22 pg= 0.850 ids= 123 TEE1=-0.692 TEE2=-0.771 TEE3=-0.767  TEE4=-0.754
rank= 87 Lx=Ly=22 pg= 0.850 ids=  87 TEE1=-0.725 TEE2=-0.851 TEE3=-0.855  TEE4=-0.857
rank= 74 Lx=Ly=22 pg= 0.850 ids=  74 TEE1=-0.694 TEE2=-0.791 TEE3=-0.769  TEE4=-0.744
rank= 70 Lx=Ly=22 pg= 0.850 ids=  70 TEE1=-0.665 TEE2=-0.733 TEE3=-0.725  TEE4=-0.709
rank= 62 Lx=Ly=22 pg= 0.850 ids=  62 TEE1=-0.702 TEE2=-0.760 TEE3=-0.752  TEE4=-0.758
rank= 75 Lx=Ly=22 pg= 0.850 ids=  75 TEE1=-0.667 TEE2=-0.725 TEE3=-0.709  TEE4=-0.688
rank= 81 Lx=Ly=22 pg= 0.850 ids=  81 TEE1=-0.686 TEE2=-0.781 TEE3=-0.769  TEE4=-0.748
rank= 85 Lx=Ly=22 pg= 0.850 ids=  85 TEE1=-0.709 TEE2=-0.791 TEE3=-0.777  TEE4=-0.721
rank= 60 Lx=Ly=22 pg= 0.850 ids=  60 TEE1=-0.715 TEE2=-0.810 TEE3=-0.783  TEE4=-0.814
rank= 78 Lx=Ly=22 pg= 0.850 ids=  78 TEE1=-0.711 TEE2=-0.791 TEE3=-0.756  TEE4=-0.733
rank= 73 Lx=Ly=22 pg= 0.850 ids=  73 TEE1=-0.787 TEE2=-0.932 TEE3=-0.934  TEE4=-0.944
rank= 77 Lx=Ly=22 pg= 0.850 ids=  77 TEE1=-0.709 TEE2=-0.785 TEE3=-0.758  TEE4=-0.738
rank= 79 Lx=Ly=22 pg= 0.850 ids=  79 TEE1=-0.727 TEE2=-0.777 TEE3=-0.754  TEE4=-0.715
rank= 72 Lx=Ly=22 pg= 0.850 ids=  72 TEE1=-0.630 TEE2=-0.713 TEE3=-0.671  TEE4=-0.647
rank= 76 Lx=Ly=22 pg= 0.850 ids=  76 TEE1=-0.676 TEE2=-0.754 TEE3=-0.721  TEE4=-0.692
rank= 30 Lx=Ly=22 pg= 0.850 ids=  30 TEE1=-0.721 TEE2=-0.829 TEE3=-0.824  TEE4=-0.835
rank= 57 Lx=Ly=22 pg= 0.850 ids=  57 TEE1=-0.686 TEE2=-0.781 TEE3=-0.750  TEE4=-0.727
rank= 19 Lx=Ly=22 pg= 0.850 ids=  19 TEE1=-0.692 TEE2=-0.767 TEE3=-0.750  TEE4=-0.694
rank= 17 Lx=Ly=22 pg= 0.850 ids=  17 TEE1=-0.690 TEE2=-0.806 TEE3=-0.802  TEE4=-0.783
rank= 23 Lx=Ly=22 pg= 0.850 ids=  23 TEE1=-0.731 TEE2=-0.777 TEE3=-0.752  TEE4=-0.719
rank= 59 Lx=Ly=22 pg= 0.850 ids=  59 TEE1=-0.760 TEE2=-0.849 TEE3=-0.849  TEE4=-0.845
rank= 21 Lx=Ly=22 pg= 0.850 ids=  21 TEE1=-0.690 TEE2=-0.767 TEE3=-0.744  TEE4=-0.700
rank= 63 Lx=Ly=22 pg= 0.850 ids=  63 TEE1=-0.647 TEE2=-0.700 TEE3=-0.667  TEE4=-0.630
rank= 61 Lx=Ly=22 pg= 0.850 ids=  61 TEE1=-0.692 TEE2=-0.748 TEE3=-0.738  TEE4=-0.738
rank= 82 Lx=Ly=22 pg= 0.850 ids=  82 TEE1=-0.651 TEE2=-0.692 TEE3=-0.657  TEE4=-0.622
rank= 48 Lx=Ly=22 pg= 0.850 ids=  48 TEE1=-0.684 TEE2=-0.777 TEE3=-0.769  TEE4=-0.733
rank= 12 Lx=Ly=22 pg= 0.860 ids=  12 TEE1=-0.705 TEE2=-0.785 TEE3=-0.781  TEE4=-0.764
rank=119 Lx=Ly=22 pg= 0.850 ids= 119 TEE1=-0.723 TEE2=-0.800 TEE3=-0.775  TEE4=-0.777
rank=113 Lx=Ly=22 pg= 0.850 ids= 113 TEE1=-0.713 TEE2=-0.779 TEE3=-0.760  TEE4=-0.700
rank= 50 Lx=Ly=22 pg= 0.850 ids=  50 TEE1=-0.638 TEE2=-0.740 TEE3=-0.736  TEE4=-0.719
rank=  8 Lx=Ly=22 pg= 0.860 ids=   8 TEE1=-0.760 TEE2=-0.857 TEE3=-0.845  TEE4=-0.826
rank=115 Lx=Ly=22 pg= 0.850 ids= 115 TEE1=-0.657 TEE2=-0.696 TEE3=-0.657  TEE4=-0.605
rank=122 Lx=Ly=22 pg= 0.850 ids= 122 TEE1=-0.618 TEE2=-0.719 TEE3=-0.702  TEE4=-0.661
rank=117 Lx=Ly=22 pg= 0.850 ids= 117 TEE1=-0.760 TEE2=-0.864 TEE3=-0.855  TEE4=-0.874
rank= 52 Lx=Ly=22 pg= 0.850 ids=  52 TEE1=-0.634 TEE2=-0.669 TEE3=-0.622  TEE4=-0.519
rank= 54 Lx=Ly=22 pg= 0.850 ids=  54 TEE1=-0.686 TEE2=-0.808 TEE3=-0.820  TEE4=-0.816
rank= 89 Lx=Ly=22 pg= 0.850 ids=  89 TEE1=-0.651 TEE2=-0.723 TEE3=-0.694  TEE4=-0.657
rank= 26 Lx=Ly=22 pg= 0.850 ids=  26 TEE1=-0.725 TEE2=-0.826 TEE3=-0.824  TEE4=-0.820
rank= 28 Lx=Ly=22 pg= 0.850 ids=  28 TEE1=-0.740 TEE2=-0.833 TEE3=-0.822  TEE4=-0.808
rank= 24 Lx=Ly=22 pg= 0.850 ids=  24 TEE1=-0.723 TEE2=-0.814 TEE3=-0.795  TEE4=-0.822
rank=120 Lx=Ly=22 pg= 0.850 ids= 120 TEE1=-0.721 TEE2=-0.864 TEE3=-0.866  TEE4=-0.876
rank=124 Lx=Ly=22 pg= 0.850 ids= 124 TEE1=-0.694 TEE2=-0.760 TEE3=-0.754  TEE4=-0.680
rank= 20 Lx=Ly=22 pg= 0.850 ids=  20 TEE1=-0.674 TEE2=-0.744 TEE3=-0.690  TEE4=-0.605
rank=126 Lx=Ly=22 pg= 0.850 ids= 126 TEE1=-0.748 TEE2=-0.837 TEE3=-0.829  TEE4=-0.808
rank= 16 Lx=Ly=22 pg= 0.850 ids=  16 TEE1=-0.721 TEE2=-0.831 TEE3=-0.829  TEE4=-0.773
rank=100 Lx=Ly=22 pg= 0.860 ids= 100 TEE1=-0.686 TEE2=-0.764 TEE3=-0.731  TEE4=-0.686
rank= 93 Lx=Ly=22 pg= 0.850 ids=  93 TEE1=-0.696 TEE2=-0.802 TEE3=-0.783  TEE4=-0.781
rank= 22 Lx=Ly=22 pg= 0.850 ids=  22 TEE1=-0.684 TEE2=-0.758 TEE3=-0.740  TEE4=-0.709
rank= 18 Lx=Ly=22 pg= 0.850 ids=  18 TEE1=-0.678 TEE2=-0.756 TEE3=-0.742  TEE4=-0.727
rank= 95 Lx=Ly=22 pg= 0.850 ids=  95 TEE1=-0.705 TEE2=-0.800 TEE3=-0.777  TEE4=-0.748
rank= 65 Lx=Ly=22 pg= 0.860 ids=  65 TEE1=-0.682 TEE2=-0.758 TEE3=-0.742  TEE4=-0.725
rank= 91 Lx=Ly=22 pg= 0.850 ids=  91 TEE1=-0.696 TEE2=-0.767 TEE3=-0.762  TEE4=-0.705
rank= 14 Lx=Ly=22 pg= 0.860 ids=  14 TEE1=-0.781 TEE2=-0.915 TEE3=-0.915  TEE4=-0.932
rank=102 Lx=Ly=22 pg= 0.860 ids= 102 TEE1=-0.719 TEE2=-0.785 TEE3=-0.779  TEE4=-0.733
rank= 10 Lx=Ly=22 pg= 0.860 ids=  10 TEE1=-0.727 TEE2=-0.808 TEE3=-0.781  TEE4=-0.723
rank= 98 Lx=Ly=22 pg= 0.860 ids=  98 TEE1=-0.777 TEE2=-0.897 TEE3=-0.899  TEE4=-0.893
rank= 86 Lx=Ly=22 pg= 0.850 ids=  86 TEE1=-0.740 TEE2=-0.841 TEE3=-0.822  TEE4=-0.808
rank= 96 Lx=Ly=22 pg= 0.860 ids=  96 TEE1=-0.748 TEE2=-0.880 TEE3=-0.874  TEE4=-0.880
rank= 80 Lx=Ly=22 pg= 0.850 ids=  80 TEE1=-0.707 TEE2=-0.814 TEE3=-0.798  TEE4=-0.767
rank= 84 Lx=Ly=22 pg= 0.850 ids=  84 TEE1=-0.651 TEE2=-0.744 TEE3=-0.717  TEE4=-0.653
rank= 42 Lx=Ly=22 pg= 0.860 ids=  42 TEE1=-0.800 TEE2=-0.911 TEE3=-0.913  TEE4=-0.909
rank= 67 Lx=Ly=22 pg= 0.860 ids=  67 TEE1=-0.709 TEE2=-0.800 TEE3=-0.795  TEE4=-0.798
rank= 94 Lx=Ly=22 pg= 0.850 ids=  94 TEE1=-0.725 TEE2=-0.789 TEE3=-0.760  TEE4=-0.717
rank= 88 Lx=Ly=22 pg= 0.850 ids=  88 TEE1=-0.669 TEE2=-0.760 TEE3=-0.742  TEE4=-0.736
rank= 92 Lx=Ly=22 pg= 0.850 ids=  92 TEE1=-0.733 TEE2=-0.826 TEE3=-0.812  TEE4=-0.835
rank= 35 Lx=Ly=22 pg= 0.860 ids=  35 TEE1=-0.723 TEE2=-0.810 TEE3=-0.820  TEE4=-0.841
rank= 97 Lx=Ly=22 pg= 0.860 ids=  97 TEE1=-0.698 TEE2=-0.806 TEE3=-0.800  TEE4=-0.758
rank= 90 Lx=Ly=22 pg= 0.850 ids=  90 TEE1=-0.758 TEE2=-0.895 TEE3=-0.893  TEE4=-0.888
rank= 40 Lx=Ly=22 pg= 0.860 ids=  40 TEE1=-0.746 TEE2=-0.864 TEE3=-0.874  TEE4=-0.899
rank= 99 Lx=Ly=22 pg= 0.860 ids=  99 TEE1=-0.696 TEE2=-0.775 TEE3=-0.773  TEE4=-0.764
rank= 71 Lx=Ly=22 pg= 0.860 ids=  71 TEE1=-0.740 TEE2=-0.831 TEE3=-0.831  TEE4=-0.822
rank= 46 Lx=Ly=22 pg= 0.860 ids=  46 TEE1=-0.725 TEE2=-0.798 TEE3=-0.779  TEE4=-0.756
rank= 69 Lx=Ly=22 pg= 0.860 ids=  69 TEE1=-0.684 TEE2=-0.785 TEE3=-0.775  TEE4=-0.791
rank= 33 Lx=Ly=22 pg= 0.860 ids=  33 TEE1=-0.771 TEE2=-0.884 TEE3=-0.884  TEE4=-0.884
rank= 37 Lx=Ly=22 pg= 0.860 ids=  37 TEE1=-0.690 TEE2=-0.810 TEE3=-0.795  TEE4=-0.764
rank= 44 Lx=Ly=22 pg= 0.860 ids=  44 TEE1=-0.727 TEE2=-0.820 TEE3=-0.808  TEE4=-0.793
rank= 39 Lx=Ly=22 pg= 0.860 ids=  39 TEE1=-0.702 TEE2=-0.783 TEE3=-0.764  TEE4=-0.690
rank=103 Lx=Ly=22 pg= 0.860 ids= 103 TEE1=-0.711 TEE2=-0.793 TEE3=-0.787  TEE4=-0.727
rank=101 Lx=Ly=22 pg= 0.860 ids= 101 TEE1=-0.750 TEE2=-0.812 TEE3=-0.810  TEE4=-0.837
rank=  5 Lx=Ly=22 pg= 0.860 ids=   5 TEE1=-0.651 TEE2=-0.740 TEE3=-0.733  TEE4=-0.680
rank=  3 Lx=Ly=22 pg= 0.860 ids=   3 TEE1=-0.725 TEE2=-0.831 TEE3=-0.818  TEE4=-0.795
rank=  1 Lx=Ly=22 pg= 0.860 ids=   1 TEE1=-0.707 TEE2=-0.793 TEE3=-0.793  TEE4=-0.781
rank= 51 Lx=Ly=22 pg= 0.860 ids=  51 TEE1=-0.721 TEE2=-0.837 TEE3=-0.829  TEE4=-0.810
rank=110 Lx=Ly=22 pg= 0.860 ids= 110 TEE1=-0.719 TEE2=-0.841 TEE3=-0.833  TEE4=-0.847
rank=  7 Lx=Ly=22 pg= 0.860 ids=   7 TEE1=-0.731 TEE2=-0.820 TEE3=-0.798  TEE4=-0.731
rank=106 Lx=Ly=22 pg= 0.860 ids= 106 TEE1=-0.754 TEE2=-0.824 TEE3=-0.810  TEE4=-0.820
rank=112 Lx=Ly=22 pg= 0.860 ids= 112 TEE1=-0.754 TEE2=-0.826 TEE3=-0.808  TEE4=-0.785
rank=  2 Lx=Ly=22 pg= 0.860 ids=   2 TEE1=-0.750 TEE2=-0.833 TEE3=-0.839  TEE4=-0.835
rank=104 Lx=Ly=22 pg= 0.860 ids= 104 TEE1=-0.750 TEE2=-0.816 TEE3=-0.804  TEE4=-0.798
rank=108 Lx=Ly=22 pg= 0.860 ids= 108 TEE1=-0.729 TEE2=-0.804 TEE3=-0.785  TEE4=-0.769
rank=  6 Lx=Ly=22 pg= 0.860 ids=   6 TEE1=-0.767 TEE2=-0.874 TEE3=-0.864  TEE4=-0.857
rank= 25 Lx=Ly=22 pg= 0.860 ids=  25 TEE1=-0.771 TEE2=-0.897 TEE3=-0.886  TEE4=-0.901
rank=  4 Lx=Ly=22 pg= 0.860 ids=   4 TEE1=-0.750 TEE2=-0.868 TEE3=-0.839  TEE4=-0.845
rank= 45 Lx=Ly=22 pg= 0.860 ids=  45 TEE1=-0.742 TEE2=-0.822 TEE3=-0.831  TEE4=-0.857
rank=  0 Lx=Ly=22 pg= 0.860 ids=   0 TEE1=-0.760 TEE2=-0.884 TEE3=-0.893  TEE4=-0.901
rank= 41 Lx=Ly=22 pg= 0.860 ids=  41 TEE1=-0.756 TEE2=-0.847 TEE3=-0.843  TEE4=-0.853
rank= 43 Lx=Ly=22 pg= 0.860 ids=  43 TEE1=-0.663 TEE2=-0.762 TEE3=-0.767  TEE4=-0.729
rank=127 Lx=Ly=22 pg= 0.860 ids= 127 TEE1=-0.785 TEE2=-0.880 TEE3=-0.874  TEE4=-0.888
rank= 47 Lx=Ly=22 pg= 0.860 ids=  47 TEE1=-0.773 TEE2=-0.874 TEE3=-0.864  TEE4=-0.872
rank=116 Lx=Ly=22 pg= 0.860 ids= 116 TEE1=-0.711 TEE2=-0.798 TEE3=-0.793  TEE4=-0.820
rank=107 Lx=Ly=22 pg= 0.860 ids= 107 TEE1=-0.698 TEE2=-0.740 TEE3=-0.723  TEE4=-0.669
rank= 38 Lx=Ly=22 pg= 0.860 ids=  38 TEE1=-0.754 TEE2=-0.870 TEE3=-0.874  TEE4=-0.886
rank=121 Lx=Ly=22 pg= 0.860 ids= 121 TEE1=-0.727 TEE2=-0.812 TEE3=-0.804  TEE4=-0.754
rank= 49 Lx=Ly=22 pg= 0.860 ids=  49 TEE1=-0.723 TEE2=-0.833 TEE3=-0.820  TEE4=-0.824
rank= 64 Lx=Ly=22 pg= 0.860 ids=  64 TEE1=-0.752 TEE2=-0.855 TEE3=-0.857  TEE4=-0.874
rank= 31 Lx=Ly=22 pg= 0.860 ids=  31 TEE1=-0.750 TEE2=-0.816 TEE3=-0.814  TEE4=-0.744
rank=  9 Lx=Ly=22 pg= 0.860 ids=   9 TEE1=-0.758 TEE2=-0.843 TEE3=-0.820  TEE4=-0.822
rank= 11 Lx=Ly=22 pg= 0.860 ids=  11 TEE1=-0.775 TEE2=-0.882 TEE3=-0.890  TEE4=-0.897
rank= 13 Lx=Ly=22 pg= 0.860 ids=  13 TEE1=-0.767 TEE2=-0.866 TEE3=-0.857  TEE4=-0.860
rank= 27 Lx=Ly=22 pg= 0.860 ids=  27 TEE1=-0.758 TEE2=-0.870 TEE3=-0.878  TEE4=-0.872
rank=125 Lx=Ly=22 pg= 0.860 ids= 125 TEE1=-0.674 TEE2=-0.783 TEE3=-0.775  TEE4=-0.767
rank= 15 Lx=Ly=22 pg= 0.860 ids=  15 TEE1=-0.702 TEE2=-0.793 TEE3=-0.789  TEE4=-0.785
rank=118 Lx=Ly=22 pg= 0.860 ids= 118 TEE1=-0.684 TEE2=-0.771 TEE3=-0.767  TEE4=-0.769
rank= 32 Lx=Ly=22 pg= 0.860 ids=  32 TEE1=-0.719 TEE2=-0.806 TEE3=-0.789  TEE4=-0.758
rank=111 Lx=Ly=22 pg= 0.860 ids= 111 TEE1=-0.684 TEE2=-0.764 TEE3=-0.760  TEE4=-0.781
rank= 53 Lx=Ly=22 pg= 0.860 ids=  53 TEE1=-0.729 TEE2=-0.771 TEE3=-0.740  TEE4=-0.678
rank= 34 Lx=Ly=22 pg= 0.860 ids=  34 TEE1=-0.698 TEE2=-0.773 TEE3=-0.758  TEE4=-0.725
rank=114 Lx=Ly=22 pg= 0.860 ids= 114 TEE1=-0.721 TEE2=-0.816 TEE3=-0.810  TEE4=-0.808
rank=105 Lx=Ly=22 pg= 0.860 ids= 105 TEE1=-0.752 TEE2=-0.800 TEE3=-0.767  TEE4=-0.717
rank= 36 Lx=Ly=22 pg= 0.860 ids=  36 TEE1=-0.667 TEE2=-0.756 TEE3=-0.740  TEE4=-0.733
rank= 29 Lx=Ly=22 pg= 0.860 ids=  29 TEE1=-0.758 TEE2=-0.862 TEE3=-0.853  TEE4=-0.833
rank= 55 Lx=Ly=22 pg= 0.860 ids=  55 TEE1=-0.729 TEE2=-0.798 TEE3=-0.793  TEE4=-0.820
rank= 68 Lx=Ly=22 pg= 0.860 ids=  68 TEE1=-0.727 TEE2=-0.791 TEE3=-0.777  TEE4=-0.713
rank= 83 Lx=Ly=22 pg= 0.860 ids=  83 TEE1=-0.738 TEE2=-0.824 TEE3=-0.806  TEE4=-0.795
rank=109 Lx=Ly=22 pg= 0.860 ids= 109 TEE1=-0.733 TEE2=-0.816 TEE3=-0.785  TEE4=-0.758
rank= 66 Lx=Ly=22 pg= 0.860 ids=  66 TEE1=-0.748 TEE2=-0.862 TEE3=-0.849  TEE4=-0.882
rank=123 Lx=Ly=22 pg= 0.860 ids= 123 TEE1=-0.729 TEE2=-0.804 TEE3=-0.818  TEE4=-0.824
rank= 58 Lx=Ly=22 pg= 0.860 ids=  58 TEE1=-0.678 TEE2=-0.779 TEE3=-0.767  TEE4=-0.715
rank= 56 Lx=Ly=22 pg= 0.860 ids=  56 TEE1=-0.748 TEE2=-0.851 TEE3=-0.839  TEE4=-0.849
rank= 87 Lx=Ly=22 pg= 0.860 ids=  87 TEE1=-0.729 TEE2=-0.831 TEE3=-0.837  TEE4=-0.802
rank= 74 Lx=Ly=22 pg= 0.860 ids=  74 TEE1=-0.696 TEE2=-0.787 TEE3=-0.771  TEE4=-0.729
rank= 62 Lx=Ly=22 pg= 0.860 ids=  62 TEE1=-0.713 TEE2=-0.849 TEE3=-0.847  TEE4=-0.802
rank= 70 Lx=Ly=22 pg= 0.860 ids=  70 TEE1=-0.709 TEE2=-0.806 TEE3=-0.800  TEE4=-0.806
rank= 81 Lx=Ly=22 pg= 0.860 ids=  81 TEE1=-0.744 TEE2=-0.829 TEE3=-0.806  TEE4=-0.789
rank= 85 Lx=Ly=22 pg= 0.860 ids=  85 TEE1=-0.705 TEE2=-0.773 TEE3=-0.756  TEE4=-0.754
rank= 60 Lx=Ly=22 pg= 0.860 ids=  60 TEE1=-0.709 TEE2=-0.831 TEE3=-0.808  TEE4=-0.773
rank= 75 Lx=Ly=22 pg= 0.860 ids=  75 TEE1=-0.775 TEE2=-0.876 TEE3=-0.882  TEE4=-0.895
rank= 78 Lx=Ly=22 pg= 0.860 ids=  78 TEE1=-0.752 TEE2=-0.810 TEE3=-0.798  TEE4=-0.806
rank= 73 Lx=Ly=22 pg= 0.860 ids=  73 TEE1=-0.651 TEE2=-0.719 TEE3=-0.698  TEE4=-0.671
rank= 30 Lx=Ly=22 pg= 0.860 ids=  30 TEE1=-0.686 TEE2=-0.781 TEE3=-0.748  TEE4=-0.719
rank= 79 Lx=Ly=22 pg= 0.860 ids=  79 TEE1=-0.758 TEE2=-0.882 TEE3=-0.880  TEE4=-0.897
rank= 77 Lx=Ly=22 pg= 0.860 ids=  77 TEE1=-0.738 TEE2=-0.833 TEE3=-0.839  TEE4=-0.847
rank= 72 Lx=Ly=22 pg= 0.860 ids=  72 TEE1=-0.771 TEE2=-0.874 TEE3=-0.878  TEE4=-0.862
rank= 76 Lx=Ly=22 pg= 0.860 ids=  76 TEE1=-0.740 TEE2=-0.853 TEE3=-0.860  TEE4=-0.874
rank= 57 Lx=Ly=22 pg= 0.860 ids=  57 TEE1=-0.727 TEE2=-0.804 TEE3=-0.798  TEE4=-0.829
rank= 19 Lx=Ly=22 pg= 0.860 ids=  19 TEE1=-0.688 TEE2=-0.793 TEE3=-0.775  TEE4=-0.777
rank= 12 Lx=Ly=22 pg= 0.870 ids=  12 TEE1=-0.773 TEE2=-0.870 TEE3=-0.862  TEE4=-0.882
rank= 82 Lx=Ly=22 pg= 0.860 ids=  82 TEE1=-0.725 TEE2=-0.814 TEE3=-0.800  TEE4=-0.773
rank= 59 Lx=Ly=22 pg= 0.860 ids=  59 TEE1=-0.744 TEE2=-0.804 TEE3=-0.785  TEE4=-0.762
rank= 17 Lx=Ly=22 pg= 0.860 ids=  17 TEE1=-0.694 TEE2=-0.787 TEE3=-0.762  TEE4=-0.764
rank= 23 Lx=Ly=22 pg= 0.860 ids=  23 TEE1=-0.702 TEE2=-0.771 TEE3=-0.773  TEE4=-0.756
rank= 21 Lx=Ly=22 pg= 0.860 ids=  21 TEE1=-0.736 TEE2=-0.826 TEE3=-0.826  TEE4=-0.837
rank= 61 Lx=Ly=22 pg= 0.860 ids=  61 TEE1=-0.736 TEE2=-0.804 TEE3=-0.800  TEE4=-0.812
rank= 63 Lx=Ly=22 pg= 0.860 ids=  63 TEE1=-0.810 TEE2=-0.913 TEE3=-0.913  TEE4=-0.950
rank= 48 Lx=Ly=22 pg= 0.860 ids=  48 TEE1=-0.715 TEE2=-0.783 TEE3=-0.762  TEE4=-0.760
rank=  8 Lx=Ly=22 pg= 0.870 ids=   8 TEE1=-0.779 TEE2=-0.874 TEE3=-0.860  TEE4=-0.888
rank=119 Lx=Ly=22 pg= 0.860 ids= 119 TEE1=-0.688 TEE2=-0.744 TEE3=-0.717  TEE4=-0.700
rank= 50 Lx=Ly=22 pg= 0.860 ids=  50 TEE1=-0.740 TEE2=-0.839 TEE3=-0.833  TEE4=-0.841
rank=113 Lx=Ly=22 pg= 0.860 ids= 113 TEE1=-0.713 TEE2=-0.818 TEE3=-0.808  TEE4=-0.785
rank=122 Lx=Ly=22 pg= 0.860 ids= 122 TEE1=-0.758 TEE2=-0.880 TEE3=-0.897  TEE4=-0.915
rank=115 Lx=Ly=22 pg= 0.860 ids= 115 TEE1=-0.719 TEE2=-0.789 TEE3=-0.773  TEE4=-0.721
rank=117 Lx=Ly=22 pg= 0.860 ids= 117 TEE1=-0.702 TEE2=-0.843 TEE3=-0.816  TEE4=-0.829
rank= 54 Lx=Ly=22 pg= 0.860 ids=  54 TEE1=-0.756 TEE2=-0.839 TEE3=-0.826  TEE4=-0.787
rank= 52 Lx=Ly=22 pg= 0.860 ids=  52 TEE1=-0.684 TEE2=-0.781 TEE3=-0.783  TEE4=-0.793
rank=100 Lx=Ly=22 pg= 0.870 ids= 100 TEE1=-0.723 TEE2=-0.862 TEE3=-0.853  TEE4=-0.884
rank= 26 Lx=Ly=22 pg= 0.860 ids=  26 TEE1=-0.686 TEE2=-0.777 TEE3=-0.748  TEE4=-0.756
rank= 65 Lx=Ly=22 pg= 0.870 ids=  65 TEE1=-0.752 TEE2=-0.860 TEE3=-0.853  TEE4=-0.874
rank= 89 Lx=Ly=22 pg= 0.860 ids=  89 TEE1=-0.669 TEE2=-0.785 TEE3=-0.783  TEE4=-0.775
rank= 28 Lx=Ly=22 pg= 0.860 ids=  28 TEE1=-0.775 TEE2=-0.872 TEE3=-0.874  TEE4=-0.868
rank= 24 Lx=Ly=22 pg= 0.860 ids=  24 TEE1=-0.785 TEE2=-0.876 TEE3=-0.880  TEE4=-0.849
rank=120 Lx=Ly=22 pg= 0.860 ids= 120 TEE1=-0.678 TEE2=-0.760 TEE3=-0.729  TEE4=-0.721
rank=124 Lx=Ly=22 pg= 0.860 ids= 124 TEE1=-0.806 TEE2=-0.878 TEE3=-0.849  TEE4=-0.822
rank= 20 Lx=Ly=22 pg= 0.860 ids=  20 TEE1=-0.729 TEE2=-0.820 TEE3=-0.793  TEE4=-0.762
rank=126 Lx=Ly=22 pg= 0.860 ids= 126 TEE1=-0.686 TEE2=-0.736 TEE3=-0.713  TEE4=-0.684
rank= 14 Lx=Ly=22 pg= 0.870 ids=  14 TEE1=-0.746 TEE2=-0.835 TEE3=-0.833  TEE4=-0.855
rank= 16 Lx=Ly=22 pg= 0.860 ids=  16 TEE1=-0.717 TEE2=-0.791 TEE3=-0.779  TEE4=-0.709
rank=102 Lx=Ly=22 pg= 0.870 ids= 102 TEE1=-0.723 TEE2=-0.818 TEE3=-0.818  TEE4=-0.818
rank= 98 Lx=Ly=22 pg= 0.870 ids=  98 TEE1=-0.764 TEE2=-0.839 TEE3=-0.824  TEE4=-0.756
rank= 10 Lx=Ly=22 pg= 0.870 ids=  10 TEE1=-0.758 TEE2=-0.880 TEE3=-0.884  TEE4=-0.888
rank= 22 Lx=Ly=22 pg= 0.860 ids=  22 TEE1=-0.725 TEE2=-0.785 TEE3=-0.764  TEE4=-0.781
rank= 18 Lx=Ly=22 pg= 0.860 ids=  18 TEE1=-0.725 TEE2=-0.808 TEE3=-0.791  TEE4=-0.808
rank= 93 Lx=Ly=22 pg= 0.860 ids=  93 TEE1=-0.684 TEE2=-0.727 TEE3=-0.709  TEE4=-0.705
rank= 91 Lx=Ly=22 pg= 0.860 ids=  91 TEE1=-0.674 TEE2=-0.787 TEE3=-0.779  TEE4=-0.731
rank= 95 Lx=Ly=22 pg= 0.860 ids=  95 TEE1=-0.769 TEE2=-0.868 TEE3=-0.878  TEE4=-0.901
rank= 96 Lx=Ly=22 pg= 0.870 ids=  96 TEE1=-0.680 TEE2=-0.775 TEE3=-0.793  TEE4=-0.754
rank= 86 Lx=Ly=22 pg= 0.860 ids=  86 TEE1=-0.603 TEE2=-0.700 TEE3=-0.688  TEE4=-0.634
rank= 80 Lx=Ly=22 pg= 0.860 ids=  80 TEE1=-0.746 TEE2=-0.866 TEE3=-0.870  TEE4=-0.845
rank= 42 Lx=Ly=22 pg= 0.870 ids=  42 TEE1=-0.779 TEE2=-0.874 TEE3=-0.864  TEE4=-0.857
rank= 67 Lx=Ly=22 pg= 0.870 ids=  67 TEE1=-0.777 TEE2=-0.855 TEE3=-0.824  TEE4=-0.808
rank= 84 Lx=Ly=22 pg= 0.860 ids=  84 TEE1=-0.742 TEE2=-0.882 TEE3=-0.860  TEE4=-0.843
rank= 35 Lx=Ly=22 pg= 0.870 ids=  35 TEE1=-0.756 TEE2=-0.833 TEE3=-0.806  TEE4=-0.804
rank= 97 Lx=Ly=22 pg= 0.870 ids=  97 TEE1=-0.740 TEE2=-0.822 TEE3=-0.820  TEE4=-0.814
rank= 40 Lx=Ly=22 pg= 0.870 ids=  40 TEE1=-0.758 TEE2=-0.862 TEE3=-0.870  TEE4=-0.860
rank= 99 Lx=Ly=22 pg= 0.870 ids=  99 TEE1=-0.758 TEE2=-0.864 TEE3=-0.847  TEE4=-0.857
rank= 94 Lx=Ly=22 pg= 0.860 ids=  94 TEE1=-0.727 TEE2=-0.785 TEE3=-0.767  TEE4=-0.702
rank= 88 Lx=Ly=22 pg= 0.860 ids=  88 TEE1=-0.758 TEE2=-0.847 TEE3=-0.857  TEE4=-0.864
rank= 71 Lx=Ly=22 pg= 0.870 ids=  71 TEE1=-0.818 TEE2=-0.909 TEE3=-0.911  TEE4=-0.917
rank= 92 Lx=Ly=22 pg= 0.860 ids=  92 TEE1=-0.657 TEE2=-0.738 TEE3=-0.715  TEE4=-0.665
rank= 69 Lx=Ly=22 pg= 0.870 ids=  69 TEE1=-0.711 TEE2=-0.798 TEE3=-0.783  TEE4=-0.762
rank= 90 Lx=Ly=22 pg= 0.860 ids=  90 TEE1=-0.711 TEE2=-0.783 TEE3=-0.767  TEE4=-0.744
rank= 46 Lx=Ly=22 pg= 0.870 ids=  46 TEE1=-0.764 TEE2=-0.868 TEE3=-0.860  TEE4=-0.886
rank= 33 Lx=Ly=22 pg= 0.870 ids=  33 TEE1=-0.781 TEE2=-0.872 TEE3=-0.857  TEE4=-0.855
rank= 37 Lx=Ly=22 pg= 0.870 ids=  37 TEE1=-0.729 TEE2=-0.806 TEE3=-0.800  TEE4=-0.826
rank= 39 Lx=Ly=22 pg= 0.870 ids=  39 TEE1=-0.762 TEE2=-0.874 TEE3=-0.857  TEE4=-0.851
rank= 44 Lx=Ly=22 pg= 0.870 ids=  44 TEE1=-0.767 TEE2=-0.874 TEE3=-0.878  TEE4=-0.872
rank=103 Lx=Ly=22 pg= 0.870 ids= 103 TEE1=-0.764 TEE2=-0.880 TEE3=-0.882  TEE4=-0.915
rank=101 Lx=Ly=22 pg= 0.870 ids= 101 TEE1=-0.742 TEE2=-0.837 TEE3=-0.833  TEE4=-0.814
rank=  5 Lx=Ly=22 pg= 0.870 ids=   5 TEE1=-0.746 TEE2=-0.814 TEE3=-0.810  TEE4=-0.748
rank=  3 Lx=Ly=22 pg= 0.870 ids=   3 TEE1=-0.812 TEE2=-0.909 TEE3=-0.911  TEE4=-0.940
rank=  1 Lx=Ly=22 pg= 0.870 ids=   1 TEE1=-0.781 TEE2=-0.878 TEE3=-0.874  TEE4=-0.868
rank= 51 Lx=Ly=22 pg= 0.870 ids=  51 TEE1=-0.764 TEE2=-0.847 TEE3=-0.849  TEE4=-0.839
rank=  7 Lx=Ly=22 pg= 0.870 ids=   7 TEE1=-0.760 TEE2=-0.849 TEE3=-0.835  TEE4=-0.822
rank=112 Lx=Ly=22 pg= 0.870 ids= 112 TEE1=-0.729 TEE2=-0.833 TEE3=-0.814  TEE4=-0.791
rank=110 Lx=Ly=22 pg= 0.870 ids= 110 TEE1=-0.758 TEE2=-0.853 TEE3=-0.831  TEE4=-0.795
rank=106 Lx=Ly=22 pg= 0.870 ids= 106 TEE1=-0.800 TEE2=-0.882 TEE3=-0.868  TEE4=-0.839
rank=  2 Lx=Ly=22 pg= 0.870 ids=   2 TEE1=-0.725 TEE2=-0.798 TEE3=-0.785  TEE4=-0.767
rank=104 Lx=Ly=22 pg= 0.870 ids= 104 TEE1=-0.754 TEE2=-0.866 TEE3=-0.860  TEE4=-0.849
rank=108 Lx=Ly=22 pg= 0.870 ids= 108 TEE1=-0.705 TEE2=-0.798 TEE3=-0.793  TEE4=-0.783
rank= 25 Lx=Ly=22 pg= 0.870 ids=  25 TEE1=-0.742 TEE2=-0.841 TEE3=-0.808  TEE4=-0.777
rank=  6 Lx=Ly=22 pg= 0.870 ids=   6 TEE1=-0.684 TEE2=-0.775 TEE3=-0.760  TEE4=-0.702
rank=  4 Lx=Ly=22 pg= 0.870 ids=   4 TEE1=-0.738 TEE2=-0.884 TEE3=-0.893  TEE4=-0.895
rank= 45 Lx=Ly=22 pg= 0.870 ids=  45 TEE1=-0.812 TEE2=-0.890 TEE3=-0.880  TEE4=-0.899
rank=127 Lx=Ly=22 pg= 0.870 ids= 127 TEE1=-0.760 TEE2=-0.882 TEE3=-0.872  TEE4=-0.870
rank=  0 Lx=Ly=22 pg= 0.870 ids=   0 TEE1=-0.750 TEE2=-0.829 TEE3=-0.826  TEE4=-0.835
rank=116 Lx=Ly=22 pg= 0.870 ids= 116 TEE1=-0.775 TEE2=-0.831 TEE3=-0.822  TEE4=-0.785
rank= 41 Lx=Ly=22 pg= 0.870 ids=  41 TEE1=-0.771 TEE2=-0.893 TEE3=-0.888  TEE4=-0.932
rank= 43 Lx=Ly=22 pg= 0.870 ids=  43 TEE1=-0.785 TEE2=-0.897 TEE3=-0.895  TEE4=-0.876
rank= 47 Lx=Ly=22 pg= 0.870 ids=  47 TEE1=-0.727 TEE2=-0.785 TEE3=-0.783  TEE4=-0.707
rank=107 Lx=Ly=22 pg= 0.870 ids= 107 TEE1=-0.694 TEE2=-0.789 TEE3=-0.771  TEE4=-0.727
rank= 38 Lx=Ly=22 pg= 0.870 ids=  38 TEE1=-0.777 TEE2=-0.890 TEE3=-0.899  TEE4=-0.866
rank=121 Lx=Ly=22 pg= 0.870 ids= 121 TEE1=-0.740 TEE2=-0.812 TEE3=-0.802  TEE4=-0.789
rank= 31 Lx=Ly=22 pg= 0.870 ids=  31 TEE1=-0.709 TEE2=-0.802 TEE3=-0.806  TEE4=-0.721
rank= 49 Lx=Ly=22 pg= 0.870 ids=  49 TEE1=-0.775 TEE2=-0.888 TEE3=-0.886  TEE4=-0.893
rank= 64 Lx=Ly=22 pg= 0.870 ids=  64 TEE1=-0.738 TEE2=-0.812 TEE3=-0.814  TEE4=-0.793
rank= 27 Lx=Ly=22 pg= 0.870 ids=  27 TEE1=-0.752 TEE2=-0.878 TEE3=-0.878  TEE4=-0.862
rank=  9 Lx=Ly=22 pg= 0.870 ids=   9 TEE1=-0.717 TEE2=-0.818 TEE3=-0.826  TEE4=-0.798
rank=118 Lx=Ly=22 pg= 0.870 ids= 118 TEE1=-0.779 TEE2=-0.868 TEE3=-0.857  TEE4=-0.771
rank= 11 Lx=Ly=22 pg= 0.870 ids=  11 TEE1=-0.760 TEE2=-0.857 TEE3=-0.853  TEE4=-0.849
rank=125 Lx=Ly=22 pg= 0.870 ids= 125 TEE1=-0.764 TEE2=-0.872 TEE3=-0.870  TEE4=-0.847
rank= 13 Lx=Ly=22 pg= 0.870 ids=  13 TEE1=-0.777 TEE2=-0.860 TEE3=-0.855  TEE4=-0.874
rank= 15 Lx=Ly=22 pg= 0.870 ids=  15 TEE1=-0.791 TEE2=-0.893 TEE3=-0.888  TEE4=-0.903
rank= 53 Lx=Ly=22 pg= 0.870 ids=  53 TEE1=-0.791 TEE2=-0.909 TEE3=-0.907  TEE4=-0.934
rank=114 Lx=Ly=22 pg= 0.870 ids= 114 TEE1=-0.787 TEE2=-0.888 TEE3=-0.882  TEE4=-0.907
rank= 32 Lx=Ly=22 pg= 0.870 ids=  32 TEE1=-0.798 TEE2=-0.921 TEE3=-0.928  TEE4=-0.936
rank= 29 Lx=Ly=22 pg= 0.870 ids=  29 TEE1=-0.762 TEE2=-0.886 TEE3=-0.888  TEE4=-0.913
rank= 34 Lx=Ly=22 pg= 0.870 ids=  34 TEE1=-0.775 TEE2=-0.901 TEE3=-0.890  TEE4=-0.868
rank=111 Lx=Ly=22 pg= 0.870 ids= 111 TEE1=-0.820 TEE2=-0.919 TEE3=-0.917  TEE4=-0.938
rank= 55 Lx=Ly=22 pg= 0.870 ids=  55 TEE1=-0.723 TEE2=-0.824 TEE3=-0.820  TEE4=-0.802
rank=105 Lx=Ly=22 pg= 0.870 ids= 105 TEE1=-0.746 TEE2=-0.806 TEE3=-0.804  TEE4=-0.787
rank= 83 Lx=Ly=22 pg= 0.870 ids=  83 TEE1=-0.696 TEE2=-0.808 TEE3=-0.773  TEE4=-0.777
rank=123 Lx=Ly=22 pg= 0.870 ids= 123 TEE1=-0.800 TEE2=-0.890 TEE3=-0.895  TEE4=-0.890
rank= 36 Lx=Ly=22 pg= 0.870 ids=  36 TEE1=-0.754 TEE2=-0.853 TEE3=-0.833  TEE4=-0.802
rank= 58 Lx=Ly=22 pg= 0.870 ids=  58 TEE1=-0.740 TEE2=-0.847 TEE3=-0.847  TEE4=-0.822
rank= 56 Lx=Ly=22 pg= 0.870 ids=  56 TEE1=-0.767 TEE2=-0.855 TEE3=-0.857  TEE4=-0.837
rank= 87 Lx=Ly=22 pg= 0.870 ids=  87 TEE1=-0.822 TEE2=-0.926 TEE3=-0.926  TEE4=-0.934
rank=109 Lx=Ly=22 pg= 0.870 ids= 109 TEE1=-0.744 TEE2=-0.824 TEE3=-0.816  TEE4=-0.775
rank= 68 Lx=Ly=22 pg= 0.870 ids=  68 TEE1=-0.740 TEE2=-0.826 TEE3=-0.808  TEE4=-0.793
rank= 66 Lx=Ly=22 pg= 0.870 ids=  66 TEE1=-0.694 TEE2=-0.744 TEE3=-0.731  TEE4=-0.692
rank= 74 Lx=Ly=22 pg= 0.870 ids=  74 TEE1=-0.789 TEE2=-0.857 TEE3=-0.866  TEE4=-0.816
rank= 62 Lx=Ly=22 pg= 0.870 ids=  62 TEE1=-0.773 TEE2=-0.862 TEE3=-0.855  TEE4=-0.841
rank= 70 Lx=Ly=22 pg= 0.870 ids=  70 TEE1=-0.717 TEE2=-0.775 TEE3=-0.746  TEE4=-0.711
rank= 81 Lx=Ly=22 pg= 0.870 ids=  81 TEE1=-0.769 TEE2=-0.857 TEE3=-0.855  TEE4=-0.868
rank= 60 Lx=Ly=22 pg= 0.870 ids=  60 TEE1=-0.754 TEE2=-0.849 TEE3=-0.853  TEE4=-0.849
rank= 85 Lx=Ly=22 pg= 0.870 ids=  85 TEE1=-0.731 TEE2=-0.829 TEE3=-0.829  TEE4=-0.860
rank= 30 Lx=Ly=22 pg= 0.870 ids=  30 TEE1=-0.746 TEE2=-0.822 TEE3=-0.826  TEE4=-0.833
rank= 75 Lx=Ly=22 pg= 0.870 ids=  75 TEE1=-0.698 TEE2=-0.773 TEE3=-0.754  TEE4=-0.719
rank= 78 Lx=Ly=22 pg= 0.870 ids=  78 TEE1=-0.756 TEE2=-0.851 TEE3=-0.849  TEE4=-0.822
rank= 73 Lx=Ly=22 pg= 0.870 ids=  73 TEE1=-0.717 TEE2=-0.814 TEE3=-0.808  TEE4=-0.762
rank= 79 Lx=Ly=22 pg= 0.870 ids=  79 TEE1=-0.752 TEE2=-0.829 TEE3=-0.814  TEE4=-0.812
rank= 77 Lx=Ly=22 pg= 0.870 ids=  77 TEE1=-0.756 TEE2=-0.835 TEE3=-0.822  TEE4=-0.804
rank= 72 Lx=Ly=22 pg= 0.870 ids=  72 TEE1=-0.756 TEE2=-0.812 TEE3=-0.798  TEE4=-0.791
rank= 12 Lx=Ly=22 pg= 0.880 ids=  12 TEE1=-0.816 TEE2=-0.915 TEE3=-0.890  TEE4=-0.890
rank= 76 Lx=Ly=22 pg= 0.870 ids=  76 TEE1=-0.767 TEE2=-0.845 TEE3=-0.849  TEE4=-0.833
rank= 57 Lx=Ly=22 pg= 0.870 ids=  57 TEE1=-0.684 TEE2=-0.727 TEE3=-0.702  TEE4=-0.626
rank=  8 Lx=Ly=22 pg= 0.880 ids=   8 TEE1=-0.748 TEE2=-0.802 TEE3=-0.779  TEE4=-0.779
rank= 82 Lx=Ly=22 pg= 0.870 ids=  82 TEE1=-0.824 TEE2=-0.913 TEE3=-0.901  TEE4=-0.901
rank= 19 Lx=Ly=22 pg= 0.870 ids=  19 TEE1=-0.781 TEE2=-0.901 TEE3=-0.913  TEE4=-0.905
rank= 48 Lx=Ly=22 pg= 0.870 ids=  48 TEE1=-0.783 TEE2=-0.901 TEE3=-0.901  TEE4=-0.911
rank= 59 Lx=Ly=22 pg= 0.870 ids=  59 TEE1=-0.804 TEE2=-0.932 TEE3=-0.934  TEE4=-0.948
rank= 17 Lx=Ly=22 pg= 0.870 ids=  17 TEE1=-0.779 TEE2=-0.884 TEE3=-0.878  TEE4=-0.907
rank= 23 Lx=Ly=22 pg= 0.870 ids=  23 TEE1=-0.754 TEE2=-0.818 TEE3=-0.816  TEE4=-0.829
rank= 61 Lx=Ly=22 pg= 0.870 ids=  61 TEE1=-0.806 TEE2=-0.851 TEE3=-0.845  TEE4=-0.833
rank= 21 Lx=Ly=22 pg= 0.870 ids=  21 TEE1=-0.793 TEE2=-0.913 TEE3=-0.915  TEE4=-0.936
rank= 63 Lx=Ly=22 pg= 0.870 ids=  63 TEE1=-0.804 TEE2=-0.905 TEE3=-0.903  TEE4=-0.907
rank=100 Lx=Ly=22 pg= 0.880 ids= 100 TEE1=-0.806 TEE2=-0.899 TEE3=-0.899  TEE4=-0.917
rank= 65 Lx=Ly=22 pg= 0.880 ids=  65 TEE1=-0.783 TEE2=-0.870 TEE3=-0.880  TEE4=-0.901
rank=119 Lx=Ly=22 pg= 0.870 ids= 119 TEE1=-0.808 TEE2=-0.884 TEE3=-0.893  TEE4=-0.895
rank= 50 Lx=Ly=22 pg= 0.870 ids=  50 TEE1=-0.810 TEE2=-0.926 TEE3=-0.919  TEE4=-0.903
rank=122 Lx=Ly=22 pg= 0.870 ids= 122 TEE1=-0.783 TEE2=-0.880 TEE3=-0.884  TEE4=-0.868
rank=113 Lx=Ly=22 pg= 0.870 ids= 113 TEE1=-0.758 TEE2=-0.839 TEE3=-0.841  TEE4=-0.849
rank= 54 Lx=Ly=22 pg= 0.870 ids=  54 TEE1=-0.742 TEE2=-0.851 TEE3=-0.847  TEE4=-0.882
rank= 26 Lx=Ly=22 pg= 0.870 ids=  26 TEE1=-0.789 TEE2=-0.884 TEE3=-0.874  TEE4=-0.880
rank= 52 Lx=Ly=22 pg= 0.870 ids=  52 TEE1=-0.781 TEE2=-0.872 TEE3=-0.876  TEE4=-0.866
rank=115 Lx=Ly=22 pg= 0.870 ids= 115 TEE1=-0.783 TEE2=-0.884 TEE3=-0.882  TEE4=-0.884
rank=117 Lx=Ly=22 pg= 0.870 ids= 117 TEE1=-0.750 TEE2=-0.841 TEE3=-0.835  TEE4=-0.822
rank= 89 Lx=Ly=22 pg= 0.870 ids=  89 TEE1=-0.781 TEE2=-0.876 TEE3=-0.870  TEE4=-0.860
rank=102 Lx=Ly=22 pg= 0.880 ids= 102 TEE1=-0.795 TEE2=-0.919 TEE3=-0.915  TEE4=-0.907
rank= 14 Lx=Ly=22 pg= 0.880 ids=  14 TEE1=-0.824 TEE2=-0.905 TEE3=-0.903  TEE4=-0.901
rank= 28 Lx=Ly=22 pg= 0.870 ids=  28 TEE1=-0.711 TEE2=-0.777 TEE3=-0.762  TEE4=-0.707
rank= 98 Lx=Ly=22 pg= 0.880 ids=  98 TEE1=-0.810 TEE2=-0.878 TEE3=-0.876  TEE4=-0.878
rank= 24 Lx=Ly=22 pg= 0.870 ids=  24 TEE1=-0.802 TEE2=-0.905 TEE3=-0.913  TEE4=-0.911
rank= 10 Lx=Ly=22 pg= 0.880 ids=  10 TEE1=-0.738 TEE2=-0.793 TEE3=-0.787  TEE4=-0.760
rank= 20 Lx=Ly=22 pg= 0.870 ids=  20 TEE1=-0.773 TEE2=-0.893 TEE3=-0.899  TEE4=-0.897
rank=124 Lx=Ly=22 pg= 0.870 ids= 124 TEE1=-0.808 TEE2=-0.876 TEE3=-0.876  TEE4=-0.895
rank=120 Lx=Ly=22 pg= 0.870 ids= 120 TEE1=-0.787 TEE2=-0.895 TEE3=-0.899  TEE4=-0.917
rank= 16 Lx=Ly=22 pg= 0.870 ids=  16 TEE1=-0.814 TEE2=-0.928 TEE3=-0.936  TEE4=-0.936
rank=126 Lx=Ly=22 pg= 0.870 ids= 126 TEE1=-0.702 TEE2=-0.820 TEE3=-0.806  TEE4=-0.791
rank= 96 Lx=Ly=22 pg= 0.880 ids=  96 TEE1=-0.835 TEE2=-0.911 TEE3=-0.909  TEE4=-0.901
rank= 22 Lx=Ly=22 pg= 0.870 ids=  22 TEE1=-0.764 TEE2=-0.890 TEE3=-0.882  TEE4=-0.903
rank= 18 Lx=Ly=22 pg= 0.870 ids=  18 TEE1=-0.711 TEE2=-0.793 TEE3=-0.787  TEE4=-0.789
rank= 93 Lx=Ly=22 pg= 0.870 ids=  93 TEE1=-0.738 TEE2=-0.860 TEE3=-0.855  TEE4=-0.872
rank= 95 Lx=Ly=22 pg= 0.870 ids=  95 TEE1=-0.787 TEE2=-0.847 TEE3=-0.841  TEE4=-0.862
rank= 91 Lx=Ly=22 pg= 0.870 ids=  91 TEE1=-0.682 TEE2=-0.777 TEE3=-0.779  TEE4=-0.744
rank= 86 Lx=Ly=22 pg= 0.870 ids=  86 TEE1=-0.810 TEE2=-0.897 TEE3=-0.895  TEE4=-0.888
rank= 42 Lx=Ly=22 pg= 0.880 ids=  42 TEE1=-0.804 TEE2=-0.878 TEE3=-0.882  TEE4=-0.862
rank= 35 Lx=Ly=22 pg= 0.880 ids=  35 TEE1=-0.756 TEE2=-0.853 TEE3=-0.855  TEE4=-0.866
rank= 80 Lx=Ly=22 pg= 0.870 ids=  80 TEE1=-0.733 TEE2=-0.841 TEE3=-0.837  TEE4=-0.773
rank= 67 Lx=Ly=22 pg= 0.880 ids=  67 TEE1=-0.764 TEE2=-0.826 TEE3=-0.820  TEE4=-0.804
rank= 84 Lx=Ly=22 pg= 0.870 ids=  84 TEE1=-0.791 TEE2=-0.866 TEE3=-0.860  TEE4=-0.860
rank= 97 Lx=Ly=22 pg= 0.880 ids=  97 TEE1=-0.829 TEE2=-0.915 TEE3=-0.917  TEE4=-0.907
rank= 40 Lx=Ly=22 pg= 0.880 ids=  40 TEE1=-0.824 TEE2=-0.903 TEE3=-0.893  TEE4=-0.911
rank= 99 Lx=Ly=22 pg= 0.880 ids=  99 TEE1=-0.738 TEE2=-0.831 TEE3=-0.812  TEE4=-0.808
rank= 71 Lx=Ly=22 pg= 0.880 ids=  71 TEE1=-0.756 TEE2=-0.851 TEE3=-0.837  TEE4=-0.837
rank= 69 Lx=Ly=22 pg= 0.880 ids=  69 TEE1=-0.773 TEE2=-0.890 TEE3=-0.890  TEE4=-0.911
rank= 33 Lx=Ly=22 pg= 0.880 ids=  33 TEE1=-0.764 TEE2=-0.816 TEE3=-0.806  TEE4=-0.787
rank= 94 Lx=Ly=22 pg= 0.870 ids=  94 TEE1=-0.748 TEE2=-0.843 TEE3=-0.847  TEE4=-0.857
rank= 46 Lx=Ly=22 pg= 0.880 ids=  46 TEE1=-0.764 TEE2=-0.882 TEE3=-0.878  TEE4=-0.893
rank= 37 Lx=Ly=22 pg= 0.880 ids=  37 TEE1=-0.773 TEE2=-0.890 TEE3=-0.893  TEE4=-0.880
rank= 88 Lx=Ly=22 pg= 0.870 ids=  88 TEE1=-0.750 TEE2=-0.857 TEE3=-0.849  TEE4=-0.829
rank= 39 Lx=Ly=22 pg= 0.880 ids=  39 TEE1=-0.756 TEE2=-0.862 TEE3=-0.853  TEE4=-0.857
rank= 92 Lx=Ly=22 pg= 0.870 ids=  92 TEE1=-0.760 TEE2=-0.839 TEE3=-0.833  TEE4=-0.798
rank= 44 Lx=Ly=22 pg= 0.880 ids=  44 TEE1=-0.777 TEE2=-0.880 TEE3=-0.874  TEE4=-0.884
rank= 90 Lx=Ly=22 pg= 0.870 ids=  90 TEE1=-0.795 TEE2=-0.905 TEE3=-0.911  TEE4=-0.928
rank=103 Lx=Ly=22 pg= 0.880 ids= 103 TEE1=-0.795 TEE2=-0.888 TEE3=-0.895  TEE4=-0.909
rank=  5 Lx=Ly=22 pg= 0.880 ids=   5 TEE1=-0.783 TEE2=-0.872 TEE3=-0.872  TEE4=-0.901
rank=  3 Lx=Ly=22 pg= 0.880 ids=   3 TEE1=-0.835 TEE2=-0.944 TEE3=-0.944  TEE4=-0.936
rank=101 Lx=Ly=22 pg= 0.880 ids= 101 TEE1=-0.769 TEE2=-0.853 TEE3=-0.855  TEE4=-0.866
rank=  1 Lx=Ly=22 pg= 0.880 ids=   1 TEE1=-0.785 TEE2=-0.886 TEE3=-0.882  TEE4=-0.882
rank= 51 Lx=Ly=22 pg= 0.880 ids=  51 TEE1=-0.812 TEE2=-0.917 TEE3=-0.913  TEE4=-0.913
rank=  7 Lx=Ly=22 pg= 0.880 ids=   7 TEE1=-0.791 TEE2=-0.899 TEE3=-0.899  TEE4=-0.911
rank=112 Lx=Ly=22 pg= 0.880 ids= 112 TEE1=-0.746 TEE2=-0.855 TEE3=-0.841  TEE4=-0.849
rank=110 Lx=Ly=22 pg= 0.880 ids= 110 TEE1=-0.800 TEE2=-0.899 TEE3=-0.907  TEE4=-0.890
rank=106 Lx=Ly=22 pg= 0.880 ids= 106 TEE1=-0.760 TEE2=-0.835 TEE3=-0.837  TEE4=-0.843
rank= 25 Lx=Ly=22 pg= 0.880 ids=  25 TEE1=-0.791 TEE2=-0.924 TEE3=-0.928  TEE4=-0.940
rank=  2 Lx=Ly=22 pg= 0.880 ids=   2 TEE1=-0.777 TEE2=-0.843 TEE3=-0.839  TEE4=-0.798
rank=104 Lx=Ly=22 pg= 0.880 ids= 104 TEE1=-0.775 TEE2=-0.872 TEE3=-0.874  TEE4=-0.864
rank=108 Lx=Ly=22 pg= 0.880 ids= 108 TEE1=-0.839 TEE2=-0.932 TEE3=-0.936  TEE4=-0.948
rank=127 Lx=Ly=22 pg= 0.880 ids= 127 TEE1=-0.738 TEE2=-0.847 TEE3=-0.826  TEE4=-0.816
rank=  6 Lx=Ly=22 pg= 0.880 ids=   6 TEE1=-0.777 TEE2=-0.874 TEE3=-0.872  TEE4=-0.901
rank=  4 Lx=Ly=22 pg= 0.880 ids=   4 TEE1=-0.808 TEE2=-0.893 TEE3=-0.874  TEE4=-0.870
rank=116 Lx=Ly=22 pg= 0.880 ids= 116 TEE1=-0.729 TEE2=-0.806 TEE3=-0.787  TEE4=-0.804
rank= 45 Lx=Ly=22 pg= 0.880 ids=  45 TEE1=-0.874 TEE2=-0.946 TEE3=-0.948  TEE4=-0.971
rank=  0 Lx=Ly=22 pg= 0.880 ids=   0 TEE1=-0.721 TEE2=-0.837 TEE3=-0.831  TEE4=-0.814
rank=121 Lx=Ly=22 pg= 0.880 ids= 121 TEE1=-0.760 TEE2=-0.901 TEE3=-0.901  TEE4=-0.915
rank= 41 Lx=Ly=22 pg= 0.880 ids=  41 TEE1=-0.746 TEE2=-0.862 TEE3=-0.853  TEE4=-0.864
rank=107 Lx=Ly=22 pg= 0.880 ids= 107 TEE1=-0.779 TEE2=-0.872 TEE3=-0.876  TEE4=-0.884
rank= 38 Lx=Ly=22 pg= 0.880 ids=  38 TEE1=-0.843 TEE2=-0.934 TEE3=-0.936  TEE4=-0.963
rank= 31 Lx=Ly=22 pg= 0.880 ids=  31 TEE1=-0.787 TEE2=-0.913 TEE3=-0.919  TEE4=-0.946
rank= 43 Lx=Ly=22 pg= 0.880 ids=  43 TEE1=-0.783 TEE2=-0.895 TEE3=-0.888  TEE4=-0.907
rank= 47 Lx=Ly=22 pg= 0.880 ids=  47 TEE1=-0.783 TEE2=-0.862 TEE3=-0.864  TEE4=-0.839
rank= 49 Lx=Ly=22 pg= 0.880 ids=  49 TEE1=-0.764 TEE2=-0.816 TEE3=-0.804  TEE4=-0.779
rank= 27 Lx=Ly=22 pg= 0.880 ids=  27 TEE1=-0.783 TEE2=-0.874 TEE3=-0.857  TEE4=-0.866
rank= 64 Lx=Ly=22 pg= 0.880 ids=  64 TEE1=-0.725 TEE2=-0.785 TEE3=-0.764  TEE4=-0.746
rank=125 Lx=Ly=22 pg= 0.880 ids= 125 TEE1=-0.795 TEE2=-0.882 TEE3=-0.853  TEE4=-0.855
rank=118 Lx=Ly=22 pg= 0.880 ids= 118 TEE1=-0.810 TEE2=-0.926 TEE3=-0.928  TEE4=-0.940
rank=  9 Lx=Ly=22 pg= 0.880 ids=   9 TEE1=-0.837 TEE2=-0.919 TEE3=-0.928  TEE4=-0.936
rank= 11 Lx=Ly=22 pg= 0.880 ids=  11 TEE1=-0.781 TEE2=-0.857 TEE3=-0.868  TEE4=-0.857
rank= 13 Lx=Ly=22 pg= 0.880 ids=  13 TEE1=-0.781 TEE2=-0.895 TEE3=-0.899  TEE4=-0.921
rank=114 Lx=Ly=22 pg= 0.880 ids= 114 TEE1=-0.835 TEE2=-0.921 TEE3=-0.930  TEE4=-0.946
rank= 53 Lx=Ly=22 pg= 0.880 ids=  53 TEE1=-0.795 TEE2=-0.907 TEE3=-0.905  TEE4=-0.932
rank= 15 Lx=Ly=22 pg= 0.880 ids=  15 TEE1=-0.793 TEE2=-0.870 TEE3=-0.870  TEE4=-0.888
rank= 29 Lx=Ly=22 pg= 0.880 ids=  29 TEE1=-0.862 TEE2=-0.932 TEE3=-0.913  TEE4=-0.907
rank=123 Lx=Ly=22 pg= 0.880 ids= 123 TEE1=-0.814 TEE2=-0.911 TEE3=-0.913  TEE4=-0.932
rank= 55 Lx=Ly=22 pg= 0.880 ids=  55 TEE1=-0.762 TEE2=-0.855 TEE3=-0.849  TEE4=-0.862
rank= 32 Lx=Ly=22 pg= 0.880 ids=  32 TEE1=-0.824 TEE2=-0.917 TEE3=-0.917  TEE4=-0.942
rank= 83 Lx=Ly=22 pg= 0.880 ids=  83 TEE1=-0.758 TEE2=-0.864 TEE3=-0.870  TEE4=-0.903
rank= 34 Lx=Ly=22 pg= 0.880 ids=  34 TEE1=-0.746 TEE2=-0.853 TEE3=-0.853  TEE4=-0.853
rank=111 Lx=Ly=22 pg= 0.880 ids= 111 TEE1=-0.775 TEE2=-0.876 TEE3=-0.866  TEE4=-0.870
rank=105 Lx=Ly=22 pg= 0.880 ids= 105 TEE1=-0.804 TEE2=-0.888 TEE3=-0.880  TEE4=-0.876
rank= 87 Lx=Ly=22 pg= 0.880 ids=  87 TEE1=-0.787 TEE2=-0.868 TEE3=-0.864  TEE4=-0.845
rank= 58 Lx=Ly=22 pg= 0.880 ids=  58 TEE1=-0.752 TEE2=-0.837 TEE3=-0.833  TEE4=-0.847
rank= 56 Lx=Ly=22 pg= 0.880 ids=  56 TEE1=-0.802 TEE2=-0.946 TEE3=-0.948  TEE4=-0.950
rank= 36 Lx=Ly=22 pg= 0.880 ids=  36 TEE1=-0.816 TEE2=-0.930 TEE3=-0.938  TEE4=-0.959
rank=109 Lx=Ly=22 pg= 0.880 ids= 109 TEE1=-0.806 TEE2=-0.864 TEE3=-0.872  TEE4=-0.884
rank= 68 Lx=Ly=22 pg= 0.880 ids=  68 TEE1=-0.752 TEE2=-0.833 TEE3=-0.818  TEE4=-0.820
rank= 66 Lx=Ly=22 pg= 0.880 ids=  66 TEE1=-0.839 TEE2=-0.919 TEE3=-0.919  TEE4=-0.940
rank= 74 Lx=Ly=22 pg= 0.880 ids=  74 TEE1=-0.771 TEE2=-0.849 TEE3=-0.822  TEE4=-0.824
rank= 62 Lx=Ly=22 pg= 0.880 ids=  62 TEE1=-0.769 TEE2=-0.849 TEE3=-0.855  TEE4=-0.814
rank= 30 Lx=Ly=22 pg= 0.880 ids=  30 TEE1=-0.752 TEE2=-0.870 TEE3=-0.868  TEE4=-0.860
rank= 81 Lx=Ly=22 pg= 0.880 ids=  81 TEE1=-0.822 TEE2=-0.897 TEE3=-0.888  TEE4=-0.866
rank= 85 Lx=Ly=22 pg= 0.880 ids=  85 TEE1=-0.795 TEE2=-0.855 TEE3=-0.855  TEE4=-0.884
rank= 60 Lx=Ly=22 pg= 0.880 ids=  60 TEE1=-0.775 TEE2=-0.878 TEE3=-0.882  TEE4=-0.913
rank= 70 Lx=Ly=22 pg= 0.880 ids=  70 TEE1=-0.841 TEE2=-0.915 TEE3=-0.917  TEE4=-0.926
rank= 75 Lx=Ly=22 pg= 0.880 ids=  75 TEE1=-0.779 TEE2=-0.882 TEE3=-0.888  TEE4=-0.905
rank= 78 Lx=Ly=22 pg= 0.880 ids=  78 TEE1=-0.781 TEE2=-0.878 TEE3=-0.874  TEE4=-0.884
rank= 12 Lx=Ly=22 pg= 0.890 ids=  12 TEE1=-0.818 TEE2=-0.934 TEE3=-0.938  TEE4=-0.961
rank= 73 Lx=Ly=22 pg= 0.880 ids=  73 TEE1=-0.771 TEE2=-0.843 TEE3=-0.843  TEE4=-0.829
rank= 79 Lx=Ly=22 pg= 0.880 ids=  79 TEE1=-0.806 TEE2=-0.874 TEE3=-0.862  TEE4=-0.884
rank= 77 Lx=Ly=22 pg= 0.880 ids=  77 TEE1=-0.798 TEE2=-0.905 TEE3=-0.907  TEE4=-0.919
rank=  8 Lx=Ly=22 pg= 0.890 ids=   8 TEE1=-0.798 TEE2=-0.905 TEE3=-0.909  TEE4=-0.905
rank= 82 Lx=Ly=22 pg= 0.880 ids=  82 TEE1=-0.779 TEE2=-0.890 TEE3=-0.884  TEE4=-0.864
rank= 72 Lx=Ly=22 pg= 0.880 ids=  72 TEE1=-0.787 TEE2=-0.855 TEE3=-0.851  TEE4=-0.829
rank= 76 Lx=Ly=22 pg= 0.880 ids=  76 TEE1=-0.775 TEE2=-0.878 TEE3=-0.870  TEE4=-0.876
rank= 57 Lx=Ly=22 pg= 0.880 ids=  57 TEE1=-0.742 TEE2=-0.845 TEE3=-0.829  TEE4=-0.816
rank= 48 Lx=Ly=22 pg= 0.880 ids=  48 TEE1=-0.826 TEE2=-0.934 TEE3=-0.942  TEE4=-0.950
rank= 19 Lx=Ly=22 pg= 0.880 ids=  19 TEE1=-0.785 TEE2=-0.872 TEE3=-0.866  TEE4=-0.872
rank= 59 Lx=Ly=22 pg= 0.880 ids=  59 TEE1=-0.738 TEE2=-0.795 TEE3=-0.767  TEE4=-0.802
rank=100 Lx=Ly=22 pg= 0.890 ids= 100 TEE1=-0.783 TEE2=-0.888 TEE3=-0.890  TEE4=-0.919
rank= 65 Lx=Ly=22 pg= 0.890 ids=  65 TEE1=-0.806 TEE2=-0.924 TEE3=-0.932  TEE4=-0.952
rank= 17 Lx=Ly=22 pg= 0.880 ids=  17 TEE1=-0.810 TEE2=-0.901 TEE3=-0.907  TEE4=-0.909
rank= 63 Lx=Ly=22 pg= 0.880 ids=  63 TEE1=-0.816 TEE2=-0.942 TEE3=-0.946  TEE4=-0.959
rank= 61 Lx=Ly=22 pg= 0.880 ids=  61 TEE1=-0.804 TEE2=-0.930 TEE3=-0.936  TEE4=-0.952
rank= 23 Lx=Ly=22 pg= 0.880 ids=  23 TEE1=-0.783 TEE2=-0.886 TEE3=-0.884  TEE4=-0.895
rank= 21 Lx=Ly=22 pg= 0.880 ids=  21 TEE1=-0.762 TEE2=-0.866 TEE3=-0.855  TEE4=-0.847
rank= 26 Lx=Ly=22 pg= 0.880 ids=  26 TEE1=-0.818 TEE2=-0.921 TEE3=-0.924  TEE4=-0.944
rank= 50 Lx=Ly=22 pg= 0.880 ids=  50 TEE1=-0.804 TEE2=-0.928 TEE3=-0.938  TEE4=-0.940
rank=119 Lx=Ly=22 pg= 0.880 ids= 119 TEE1=-0.843 TEE2=-0.932 TEE3=-0.942  TEE4=-0.950
rank=102 Lx=Ly=22 pg= 0.890 ids= 102 TEE1=-0.775 TEE2=-0.919 TEE3=-0.924  TEE4=-0.903
rank=122 Lx=Ly=22 pg= 0.880 ids= 122 TEE1=-0.804 TEE2=-0.919 TEE3=-0.917  TEE4=-0.942
rank= 98 Lx=Ly=22 pg= 0.890 ids=  98 TEE1=-0.812 TEE2=-0.907 TEE3=-0.907  TEE4=-0.921
rank= 54 Lx=Ly=22 pg= 0.880 ids=  54 TEE1=-0.835 TEE2=-0.919 TEE3=-0.921  TEE4=-0.944
rank= 52 Lx=Ly=22 pg= 0.880 ids=  52 TEE1=-0.781 TEE2=-0.862 TEE3=-0.841  TEE4=-0.837
rank= 14 Lx=Ly=22 pg= 0.890 ids=  14 TEE1=-0.829 TEE2=-0.955 TEE3=-0.963  TEE4=-0.975
rank=113 Lx=Ly=22 pg= 0.880 ids= 113 TEE1=-0.756 TEE2=-0.849 TEE3=-0.851  TEE4=-0.839
rank= 28 Lx=Ly=22 pg= 0.880 ids=  28 TEE1=-0.787 TEE2=-0.864 TEE3=-0.855  TEE4=-0.862
rank= 10 Lx=Ly=22 pg= 0.890 ids=  10 TEE1=-0.804 TEE2=-0.919 TEE3=-0.917  TEE4=-0.928
rank= 24 Lx=Ly=22 pg= 0.880 ids=  24 TEE1=-0.781 TEE2=-0.862 TEE3=-0.847  TEE4=-0.837
rank=117 Lx=Ly=22 pg= 0.880 ids= 117 TEE1=-0.756 TEE2=-0.864 TEE3=-0.843  TEE4=-0.839
rank=115 Lx=Ly=22 pg= 0.880 ids= 115 TEE1=-0.798 TEE2=-0.940 TEE3=-0.938  TEE4=-0.952
rank= 89 Lx=Ly=22 pg= 0.880 ids=  89 TEE1=-0.767 TEE2=-0.882 TEE3=-0.872  TEE4=-0.888
rank= 96 Lx=Ly=22 pg= 0.890 ids=  96 TEE1=-0.818 TEE2=-0.907 TEE3=-0.903  TEE4=-0.919
rank= 35 Lx=Ly=22 pg= 0.890 ids=  35 TEE1=-0.818 TEE2=-0.938 TEE3=-0.942  TEE4=-0.971
rank= 20 Lx=Ly=22 pg= 0.880 ids=  20 TEE1=-0.723 TEE2=-0.826 TEE3=-0.824  TEE4=-0.822
rank=124 Lx=Ly=22 pg= 0.880 ids= 124 TEE1=-0.746 TEE2=-0.812 TEE3=-0.806  TEE4=-0.802
rank=120 Lx=Ly=22 pg= 0.880 ids= 120 TEE1=-0.835 TEE2=-0.944 TEE3=-0.950  TEE4=-0.959
rank= 16 Lx=Ly=22 pg= 0.880 ids=  16 TEE1=-0.795 TEE2=-0.905 TEE3=-0.903  TEE4=-0.888
rank=126 Lx=Ly=22 pg= 0.880 ids= 126 TEE1=-0.791 TEE2=-0.895 TEE3=-0.893  TEE4=-0.930
rank= 42 Lx=Ly=22 pg= 0.890 ids=  42 TEE1=-0.800 TEE2=-0.878 TEE3=-0.897  TEE4=-0.897
rank= 22 Lx=Ly=22 pg= 0.880 ids=  22 TEE1=-0.736 TEE2=-0.849 TEE3=-0.862  TEE4=-0.870
rank= 18 Lx=Ly=22 pg= 0.880 ids=  18 TEE1=-0.820 TEE2=-0.890 TEE3=-0.903  TEE4=-0.917
rank= 67 Lx=Ly=22 pg= 0.890 ids=  67 TEE1=-0.841 TEE2=-0.921 TEE3=-0.909  TEE4=-0.895
rank= 86 Lx=Ly=22 pg= 0.880 ids=  86 TEE1=-0.839 TEE2=-0.913 TEE3=-0.905  TEE4=-0.870
rank= 93 Lx=Ly=22 pg= 0.880 ids=  93 TEE1=-0.816 TEE2=-0.913 TEE3=-0.921  TEE4=-0.944
rank= 91 Lx=Ly=22 pg= 0.880 ids=  91 TEE1=-0.816 TEE2=-0.915 TEE3=-0.917  TEE4=-0.944
rank= 95 Lx=Ly=22 pg= 0.880 ids=  95 TEE1=-0.769 TEE2=-0.882 TEE3=-0.888  TEE4=-0.888
rank= 80 Lx=Ly=22 pg= 0.880 ids=  80 TEE1=-0.781 TEE2=-0.864 TEE3=-0.851  TEE4=-0.868
rank= 97 Lx=Ly=22 pg= 0.890 ids=  97 TEE1=-0.783 TEE2=-0.853 TEE3=-0.841  TEE4=-0.812
rank= 84 Lx=Ly=22 pg= 0.880 ids=  84 TEE1=-0.826 TEE2=-0.938 TEE3=-0.938  TEE4=-0.963
rank= 40 Lx=Ly=22 pg= 0.890 ids=  40 TEE1=-0.798 TEE2=-0.901 TEE3=-0.899  TEE4=-0.886
rank= 99 Lx=Ly=22 pg= 0.890 ids=  99 TEE1=-0.814 TEE2=-0.905 TEE3=-0.901  TEE4=-0.893
rank= 71 Lx=Ly=22 pg= 0.890 ids=  71 TEE1=-0.816 TEE2=-0.901 TEE3=-0.886  TEE4=-0.878
rank= 69 Lx=Ly=22 pg= 0.890 ids=  69 TEE1=-0.804 TEE2=-0.899 TEE3=-0.899  TEE4=-0.909
rank= 33 Lx=Ly=22 pg= 0.890 ids=  33 TEE1=-0.804 TEE2=-0.924 TEE3=-0.930  TEE4=-0.936
rank= 37 Lx=Ly=22 pg= 0.890 ids=  37 TEE1=-0.795 TEE2=-0.893 TEE3=-0.886  TEE4=-0.880
rank= 46 Lx=Ly=22 pg= 0.890 ids=  46 TEE1=-0.901 TEE2=-0.988 TEE3=-0.986  TEE4=-0.990
rank= 39 Lx=Ly=22 pg= 0.890 ids=  39 TEE1=-0.816 TEE2=-0.924 TEE3=-0.921  TEE4=-0.924
rank=  5 Lx=Ly=22 pg= 0.890 ids=   5 TEE1=-0.777 TEE2=-0.884 TEE3=-0.876  TEE4=-0.895
rank=  3 Lx=Ly=22 pg= 0.890 ids=   3 TEE1=-0.795 TEE2=-0.893 TEE3=-0.886  TEE4=-0.882
rank= 44 Lx=Ly=22 pg= 0.890 ids=  44 TEE1=-0.845 TEE2=-0.928 TEE3=-0.919  TEE4=-0.930
rank= 94 Lx=Ly=22 pg= 0.880 ids=  94 TEE1=-0.802 TEE2=-0.913 TEE3=-0.911  TEE4=-0.915
rank=103 Lx=Ly=22 pg= 0.890 ids= 103 TEE1=-0.760 TEE2=-0.872 TEE3=-0.872  TEE4=-0.882
rank= 88 Lx=Ly=22 pg= 0.880 ids=  88 TEE1=-0.752 TEE2=-0.866 TEE3=-0.855  TEE4=-0.822
rank=  1 Lx=Ly=22 pg= 0.890 ids=   1 TEE1=-0.758 TEE2=-0.845 TEE3=-0.818  TEE4=-0.829
rank=101 Lx=Ly=22 pg= 0.890 ids= 101 TEE1=-0.746 TEE2=-0.818 TEE3=-0.818  TEE4=-0.820
rank= 51 Lx=Ly=22 pg= 0.890 ids=  51 TEE1=-0.826 TEE2=-0.926 TEE3=-0.926  TEE4=-0.932
rank= 92 Lx=Ly=22 pg= 0.880 ids=  92 TEE1=-0.769 TEE2=-0.860 TEE3=-0.855  TEE4=-0.833
rank= 90 Lx=Ly=22 pg= 0.880 ids=  90 TEE1=-0.723 TEE2=-0.843 TEE3=-0.837  TEE4=-0.841
rank=  7 Lx=Ly=22 pg= 0.890 ids=   7 TEE1=-0.783 TEE2=-0.897 TEE3=-0.895  TEE4=-0.895
rank=112 Lx=Ly=22 pg= 0.890 ids= 112 TEE1=-0.808 TEE2=-0.924 TEE3=-0.928  TEE4=-0.938
rank= 25 Lx=Ly=22 pg= 0.890 ids=  25 TEE1=-0.771 TEE2=-0.890 TEE3=-0.899  TEE4=-0.913
rank=110 Lx=Ly=22 pg= 0.890 ids= 110 TEE1=-0.826 TEE2=-0.907 TEE3=-0.907  TEE4=-0.930
rank=  2 Lx=Ly=22 pg= 0.890 ids=   2 TEE1=-0.826 TEE2=-0.921 TEE3=-0.909  TEE4=-0.926
rank=106 Lx=Ly=22 pg= 0.890 ids= 106 TEE1=-0.829 TEE2=-0.926 TEE3=-0.930  TEE4=-0.946
rank=108 Lx=Ly=22 pg= 0.890 ids= 108 TEE1=-0.800 TEE2=-0.866 TEE3=-0.847  TEE4=-0.824
rank=127 Lx=Ly=22 pg= 0.890 ids= 127 TEE1=-0.806 TEE2=-0.913 TEE3=-0.913  TEE4=-0.909
rank=104 Lx=Ly=22 pg= 0.890 ids= 104 TEE1=-0.816 TEE2=-0.890 TEE3=-0.878  TEE4=-0.855
rank=116 Lx=Ly=22 pg= 0.890 ids= 116 TEE1=-0.839 TEE2=-0.938 TEE3=-0.940  TEE4=-0.961
rank=  6 Lx=Ly=22 pg= 0.890 ids=   6 TEE1=-0.787 TEE2=-0.866 TEE3=-0.845  TEE4=-0.829
rank=  4 Lx=Ly=22 pg= 0.890 ids=   4 TEE1=-0.812 TEE2=-0.930 TEE3=-0.934  TEE4=-0.955
rank= 45 Lx=Ly=22 pg= 0.890 ids=  45 TEE1=-0.760 TEE2=-0.872 TEE3=-0.872  TEE4=-0.853
rank=121 Lx=Ly=22 pg= 0.890 ids= 121 TEE1=-0.802 TEE2=-0.843 TEE3=-0.804  TEE4=-0.783
rank= 31 Lx=Ly=22 pg= 0.890 ids=  31 TEE1=-0.833 TEE2=-0.897 TEE3=-0.897  TEE4=-0.919
rank=  0 Lx=Ly=22 pg= 0.890 ids=   0 TEE1=-0.804 TEE2=-0.878 TEE3=-0.882  TEE4=-0.913
rank=107 Lx=Ly=22 pg= 0.890 ids= 107 TEE1=-0.822 TEE2=-0.917 TEE3=-0.913  TEE4=-0.940
rank= 38 Lx=Ly=22 pg= 0.890 ids=  38 TEE1=-0.806 TEE2=-0.860 TEE3=-0.851  TEE4=-0.847
rank= 41 Lx=Ly=22 pg= 0.890 ids=  41 TEE1=-0.781 TEE2=-0.864 TEE3=-0.860  TEE4=-0.845
rank= 49 Lx=Ly=22 pg= 0.890 ids=  49 TEE1=-0.810 TEE2=-0.909 TEE3=-0.915  TEE4=-0.921
rank= 43 Lx=Ly=22 pg= 0.890 ids=  43 TEE1=-0.779 TEE2=-0.862 TEE3=-0.857  TEE4=-0.890
rank= 47 Lx=Ly=22 pg= 0.890 ids=  47 TEE1=-0.884 TEE2=-0.946 TEE3=-0.942  TEE4=-0.950
rank= 27 Lx=Ly=22 pg= 0.890 ids=  27 TEE1=-0.820 TEE2=-0.899 TEE3=-0.897  TEE4=-0.921
rank=125 Lx=Ly=22 pg= 0.890 ids= 125 TEE1=-0.857 TEE2=-0.952 TEE3=-0.952  TEE4=-0.963
rank=118 Lx=Ly=22 pg= 0.890 ids= 118 TEE1=-0.806 TEE2=-0.897 TEE3=-0.899  TEE4=-0.903
rank= 64 Lx=Ly=22 pg= 0.890 ids=  64 TEE1=-0.816 TEE2=-0.917 TEE3=-0.924  TEE4=-0.934
rank= 29 Lx=Ly=22 pg= 0.890 ids=  29 TEE1=-0.822 TEE2=-0.930 TEE3=-0.926  TEE4=-0.955
rank=114 Lx=Ly=22 pg= 0.890 ids= 114 TEE1=-0.810 TEE2=-0.901 TEE3=-0.897  TEE4=-0.905
rank=  9 Lx=Ly=22 pg= 0.890 ids=   9 TEE1=-0.810 TEE2=-0.901 TEE3=-0.903  TEE4=-0.913
rank= 11 Lx=Ly=22 pg= 0.890 ids=  11 TEE1=-0.833 TEE2=-0.948 TEE3=-0.950  TEE4=-0.969
rank= 53 Lx=Ly=22 pg= 0.890 ids=  53 TEE1=-0.833 TEE2=-0.919 TEE3=-0.913  TEE4=-0.928
rank= 13 Lx=Ly=22 pg= 0.890 ids=  13 TEE1=-0.849 TEE2=-0.932 TEE3=-0.938  TEE4=-0.957
rank= 15 Lx=Ly=22 pg= 0.890 ids=  15 TEE1=-0.851 TEE2=-0.934 TEE3=-0.934  TEE4=-0.946
rank=123 Lx=Ly=22 pg= 0.890 ids= 123 TEE1=-0.787 TEE2=-0.909 TEE3=-0.909  TEE4=-0.930
rank= 55 Lx=Ly=22 pg= 0.890 ids=  55 TEE1=-0.822 TEE2=-0.905 TEE3=-0.901  TEE4=-0.899
rank= 83 Lx=Ly=22 pg= 0.890 ids=  83 TEE1=-0.814 TEE2=-0.934 TEE3=-0.930  TEE4=-0.940
rank= 32 Lx=Ly=22 pg= 0.890 ids=  32 TEE1=-0.802 TEE2=-0.913 TEE3=-0.909  TEE4=-0.909
rank= 34 Lx=Ly=22 pg= 0.890 ids=  34 TEE1=-0.837 TEE2=-0.928 TEE3=-0.926  TEE4=-0.946
rank=111 Lx=Ly=22 pg= 0.890 ids= 111 TEE1=-0.818 TEE2=-0.903 TEE3=-0.895  TEE4=-0.876
rank= 87 Lx=Ly=22 pg= 0.890 ids=  87 TEE1=-0.839 TEE2=-0.932 TEE3=-0.938  TEE4=-0.932
rank=105 Lx=Ly=22 pg= 0.890 ids= 105 TEE1=-0.802 TEE2=-0.893 TEE3=-0.890  TEE4=-0.897
rank= 58 Lx=Ly=22 pg= 0.890 ids=  58 TEE1=-0.810 TEE2=-0.884 TEE3=-0.882  TEE4=-0.874
rank= 56 Lx=Ly=22 pg= 0.890 ids=  56 TEE1=-0.814 TEE2=-0.905 TEE3=-0.893  TEE4=-0.886
rank= 36 Lx=Ly=22 pg= 0.890 ids=  36 TEE1=-0.798 TEE2=-0.868 TEE3=-0.839  TEE4=-0.818
rank=109 Lx=Ly=22 pg= 0.890 ids= 109 TEE1=-0.833 TEE2=-0.928 TEE3=-0.921  TEE4=-0.926
rank= 30 Lx=Ly=22 pg= 0.890 ids=  30 TEE1=-0.806 TEE2=-0.876 TEE3=-0.857  TEE4=-0.876
rank= 68 Lx=Ly=22 pg= 0.890 ids=  68 TEE1=-0.793 TEE2=-0.911 TEE3=-0.909  TEE4=-0.917
rank= 66 Lx=Ly=22 pg= 0.890 ids=  66 TEE1=-0.785 TEE2=-0.847 TEE3=-0.833  TEE4=-0.841
rank= 74 Lx=Ly=22 pg= 0.890 ids=  74 TEE1=-0.769 TEE2=-0.849 TEE3=-0.845  TEE4=-0.808
rank= 62 Lx=Ly=22 pg= 0.890 ids=  62 TEE1=-0.820 TEE2=-0.895 TEE3=-0.884  TEE4=-0.866
rank= 81 Lx=Ly=22 pg= 0.890 ids=  81 TEE1=-0.787 TEE2=-0.897 TEE3=-0.897  TEE4=-0.924
rank= 85 Lx=Ly=22 pg= 0.890 ids=  85 TEE1=-0.839 TEE2=-0.930 TEE3=-0.930  TEE4=-0.967
rank= 60 Lx=Ly=22 pg= 0.890 ids=  60 TEE1=-0.783 TEE2=-0.888 TEE3=-0.886  TEE4=-0.870
rank= 70 Lx=Ly=22 pg= 0.890 ids=  70 TEE1=-0.847 TEE2=-0.928 TEE3=-0.932  TEE4=-0.952
rank= 75 Lx=Ly=22 pg= 0.890 ids=  75 TEE1=-0.837 TEE2=-0.940 TEE3=-0.940  TEE4=-0.942
rank= 78 Lx=Ly=22 pg= 0.890 ids=  78 TEE1=-0.816 TEE2=-0.924 TEE3=-0.926  TEE4=-0.919
rank= 12 Lx=Ly=22 pg= 0.900 ids=  12 TEE1=-0.822 TEE2=-0.928 TEE3=-0.924  TEE4=-0.913
rank=  8 Lx=Ly=22 pg= 0.900 ids=   8 TEE1=-0.814 TEE2=-0.926 TEE3=-0.924  TEE4=-0.932
rank= 73 Lx=Ly=22 pg= 0.890 ids=  73 TEE1=-0.806 TEE2=-0.895 TEE3=-0.888  TEE4=-0.888
rank= 77 Lx=Ly=22 pg= 0.890 ids=  77 TEE1=-0.841 TEE2=-0.932 TEE3=-0.932  TEE4=-0.932
rank= 82 Lx=Ly=22 pg= 0.890 ids=  82 TEE1=-0.795 TEE2=-0.893 TEE3=-0.899  TEE4=-0.921
rank= 79 Lx=Ly=22 pg= 0.890 ids=  79 TEE1=-0.829 TEE2=-0.897 TEE3=-0.895  TEE4=-0.905
rank= 57 Lx=Ly=22 pg= 0.890 ids=  57 TEE1=-0.795 TEE2=-0.903 TEE3=-0.903  TEE4=-0.913
rank= 48 Lx=Ly=22 pg= 0.890 ids=  48 TEE1=-0.806 TEE2=-0.888 TEE3=-0.874  TEE4=-0.874
rank= 76 Lx=Ly=22 pg= 0.890 ids=  76 TEE1=-0.824 TEE2=-0.903 TEE3=-0.905  TEE4=-0.905
rank= 72 Lx=Ly=22 pg= 0.890 ids=  72 TEE1=-0.872 TEE2=-0.942 TEE3=-0.946  TEE4=-0.967
rank=100 Lx=Ly=22 pg= 0.900 ids= 100 TEE1=-0.888 TEE2=-0.948 TEE3=-0.952  TEE4=-0.959
rank= 65 Lx=Ly=22 pg= 0.900 ids=  65 TEE1=-0.866 TEE2=-0.952 TEE3=-0.952  TEE4=-0.957
rank= 19 Lx=Ly=22 pg= 0.890 ids=  19 TEE1=-0.831 TEE2=-0.930 TEE3=-0.930  TEE4=-0.940
rank= 59 Lx=Ly=22 pg= 0.890 ids=  59 TEE1=-0.841 TEE2=-0.938 TEE3=-0.944  TEE4=-0.942
rank= 26 Lx=Ly=22 pg= 0.890 ids=  26 TEE1=-0.802 TEE2=-0.913 TEE3=-0.907  TEE4=-0.930
rank= 63 Lx=Ly=22 pg= 0.890 ids=  63 TEE1=-0.795 TEE2=-0.909 TEE3=-0.903  TEE4=-0.909
rank= 61 Lx=Ly=22 pg= 0.890 ids=  61 TEE1=-0.822 TEE2=-0.930 TEE3=-0.926  TEE4=-0.940
rank= 17 Lx=Ly=22 pg= 0.890 ids=  17 TEE1=-0.733 TEE2=-0.798 TEE3=-0.785  TEE4=-0.777
rank= 23 Lx=Ly=22 pg= 0.890 ids=  23 TEE1=-0.824 TEE2=-0.890 TEE3=-0.903  TEE4=-0.893
rank= 21 Lx=Ly=22 pg= 0.890 ids=  21 TEE1=-0.771 TEE2=-0.876 TEE3=-0.878  TEE4=-0.855
rank=102 Lx=Ly=22 pg= 0.900 ids= 102 TEE1=-0.870 TEE2=-0.957 TEE3=-0.963  TEE4=-0.973
rank= 98 Lx=Ly=22 pg= 0.900 ids=  98 TEE1=-0.826 TEE2=-0.915 TEE3=-0.915  TEE4=-0.905
rank= 50 Lx=Ly=22 pg= 0.890 ids=  50 TEE1=-0.824 TEE2=-0.872 TEE3=-0.868  TEE4=-0.878
rank= 14 Lx=Ly=22 pg= 0.900 ids=  14 TEE1=-0.833 TEE2=-0.940 TEE3=-0.938  TEE4=-0.950
rank=122 Lx=Ly=22 pg= 0.890 ids= 122 TEE1=-0.779 TEE2=-0.882 TEE3=-0.876  TEE4=-0.901
rank= 28 Lx=Ly=22 pg= 0.890 ids=  28 TEE1=-0.816 TEE2=-0.903 TEE3=-0.901  TEE4=-0.901
rank=119 Lx=Ly=22 pg= 0.890 ids= 119 TEE1=-0.841 TEE2=-0.917 TEE3=-0.930  TEE4=-0.942
rank= 10 Lx=Ly=22 pg= 0.900 ids=  10 TEE1=-0.816 TEE2=-0.905 TEE3=-0.903  TEE4=-0.919
rank= 54 Lx=Ly=22 pg= 0.890 ids=  54 TEE1=-0.826 TEE2=-0.926 TEE3=-0.921  TEE4=-0.921
rank= 52 Lx=Ly=22 pg= 0.890 ids=  52 TEE1=-0.874 TEE2=-0.948 TEE3=-0.955  TEE4=-0.955
rank= 24 Lx=Ly=22 pg= 0.890 ids=  24 TEE1=-0.762 TEE2=-0.853 TEE3=-0.853  TEE4=-0.843
rank= 96 Lx=Ly=22 pg= 0.900 ids=  96 TEE1=-0.882 TEE2=-0.957 TEE3=-0.963  TEE4=-0.971
rank= 35 Lx=Ly=22 pg= 0.900 ids=  35 TEE1=-0.849 TEE2=-0.928 TEE3=-0.932  TEE4=-0.940
rank= 89 Lx=Ly=22 pg= 0.890 ids=  89 TEE1=-0.806 TEE2=-0.897 TEE3=-0.901  TEE4=-0.878
rank=113 Lx=Ly=22 pg= 0.890 ids= 113 TEE1=-0.818 TEE2=-0.915 TEE3=-0.917  TEE4=-0.934
rank=117 Lx=Ly=22 pg= 0.890 ids= 117 TEE1=-0.812 TEE2=-0.903 TEE3=-0.895  TEE4=-0.905
rank=115 Lx=Ly=22 pg= 0.890 ids= 115 TEE1=-0.810 TEE2=-0.893 TEE3=-0.895  TEE4=-0.903
rank= 42 Lx=Ly=22 pg= 0.900 ids=  42 TEE1=-0.847 TEE2=-0.940 TEE3=-0.940  TEE4=-0.938
rank= 67 Lx=Ly=22 pg= 0.900 ids=  67 TEE1=-0.806 TEE2=-0.903 TEE3=-0.882  TEE4=-0.872
rank= 20 Lx=Ly=22 pg= 0.890 ids=  20 TEE1=-0.829 TEE2=-0.969 TEE3=-0.969  TEE4=-0.983
rank=124 Lx=Ly=22 pg= 0.890 ids= 124 TEE1=-0.812 TEE2=-0.893 TEE3=-0.897  TEE4=-0.893
rank=120 Lx=Ly=22 pg= 0.890 ids= 120 TEE1=-0.814 TEE2=-0.899 TEE3=-0.899  TEE4=-0.864
rank= 16 Lx=Ly=22 pg= 0.890 ids=  16 TEE1=-0.802 TEE2=-0.917 TEE3=-0.919  TEE4=-0.944
rank=126 Lx=Ly=22 pg= 0.890 ids= 126 TEE1=-0.787 TEE2=-0.899 TEE3=-0.899  TEE4=-0.952
rank= 22 Lx=Ly=22 pg= 0.890 ids=  22 TEE1=-0.841 TEE2=-0.913 TEE3=-0.913  TEE4=-0.909
rank= 86 Lx=Ly=22 pg= 0.890 ids=  86 TEE1=-0.829 TEE2=-0.924 TEE3=-0.915  TEE4=-0.899
rank= 18 Lx=Ly=22 pg= 0.890 ids=  18 TEE1=-0.798 TEE2=-0.874 TEE3=-0.870  TEE4=-0.847
rank= 97 Lx=Ly=22 pg= 0.900 ids=  97 TEE1=-0.831 TEE2=-0.901 TEE3=-0.905  TEE4=-0.919
rank= 95 Lx=Ly=22 pg= 0.890 ids=  95 TEE1=-0.818 TEE2=-0.919 TEE3=-0.911  TEE4=-0.921
rank= 93 Lx=Ly=22 pg= 0.890 ids=  93 TEE1=-0.802 TEE2=-0.911 TEE3=-0.915  TEE4=-0.938
rank= 91 Lx=Ly=22 pg= 0.890 ids=  91 TEE1=-0.816 TEE2=-0.905 TEE3=-0.909  TEE4=-0.899
rank= 80 Lx=Ly=22 pg= 0.890 ids=  80 TEE1=-0.833 TEE2=-0.950 TEE3=-0.959  TEE4=-0.969
rank= 99 Lx=Ly=22 pg= 0.900 ids=  99 TEE1=-0.837 TEE2=-0.915 TEE3=-0.917  TEE4=-0.940
rank= 40 Lx=Ly=22 pg= 0.900 ids=  40 TEE1=-0.833 TEE2=-0.930 TEE3=-0.938  TEE4=-0.948
rank= 84 Lx=Ly=22 pg= 0.890 ids=  84 TEE1=-0.800 TEE2=-0.893 TEE3=-0.897  TEE4=-0.928
rank= 71 Lx=Ly=22 pg= 0.900 ids=  71 TEE1=-0.864 TEE2=-0.955 TEE3=-0.955  TEE4=-0.971
rank= 33 Lx=Ly=22 pg= 0.900 ids=  33 TEE1=-0.812 TEE2=-0.915 TEE3=-0.919  TEE4=-0.946
rank= 69 Lx=Ly=22 pg= 0.900 ids=  69 TEE1=-0.860 TEE2=-0.940 TEE3=-0.955  TEE4=-0.965
rank= 37 Lx=Ly=22 pg= 0.900 ids=  37 TEE1=-0.783 TEE2=-0.901 TEE3=-0.903  TEE4=-0.917
rank= 39 Lx=Ly=22 pg= 0.900 ids=  39 TEE1=-0.795 TEE2=-0.888 TEE3=-0.880  TEE4=-0.893
rank= 46 Lx=Ly=22 pg= 0.900 ids=  46 TEE1=-0.870 TEE2=-0.950 TEE3=-0.946  TEE4=-0.950
rank=  3 Lx=Ly=22 pg= 0.900 ids=   3 TEE1=-0.853 TEE2=-0.942 TEE3=-0.944  TEE4=-0.955
rank=  5 Lx=Ly=22 pg= 0.900 ids=   5 TEE1=-0.843 TEE2=-0.936 TEE3=-0.944  TEE4=-0.946
rank= 44 Lx=Ly=22 pg= 0.900 ids=  44 TEE1=-0.829 TEE2=-0.911 TEE3=-0.913  TEE4=-0.915
rank=  1 Lx=Ly=22 pg= 0.900 ids=   1 TEE1=-0.808 TEE2=-0.899 TEE3=-0.901  TEE4=-0.911
rank=103 Lx=Ly=22 pg= 0.900 ids= 103 TEE1=-0.822 TEE2=-0.930 TEE3=-0.934  TEE4=-0.928
rank= 51 Lx=Ly=22 pg= 0.900 ids=  51 TEE1=-0.864 TEE2=-0.944 TEE3=-0.946  TEE4=-0.967
rank=101 Lx=Ly=22 pg= 0.900 ids= 101 TEE1=-0.845 TEE2=-0.938 TEE3=-0.930  TEE4=-0.934
rank=  7 Lx=Ly=22 pg= 0.900 ids=   7 TEE1=-0.866 TEE2=-0.934 TEE3=-0.938  TEE4=-0.940
rank= 94 Lx=Ly=22 pg= 0.890 ids=  94 TEE1=-0.793 TEE2=-0.901 TEE3=-0.909  TEE4=-0.928
rank= 88 Lx=Ly=22 pg= 0.890 ids=  88 TEE1=-0.812 TEE2=-0.890 TEE3=-0.882  TEE4=-0.872
rank= 92 Lx=Ly=22 pg= 0.890 ids=  92 TEE1=-0.826 TEE2=-0.940 TEE3=-0.944  TEE4=-0.967
rank= 90 Lx=Ly=22 pg= 0.890 ids=  90 TEE1=-0.814 TEE2=-0.917 TEE3=-0.907  TEE4=-0.903
rank=112 Lx=Ly=22 pg= 0.900 ids= 112 TEE1=-0.824 TEE2=-0.907 TEE3=-0.911  TEE4=-0.913
rank= 25 Lx=Ly=22 pg= 0.900 ids=  25 TEE1=-0.791 TEE2=-0.860 TEE3=-0.843  TEE4=-0.818
rank=110 Lx=Ly=22 pg= 0.900 ids= 110 TEE1=-0.841 TEE2=-0.942 TEE3=-0.938  TEE4=-0.938
rank=  2 Lx=Ly=22 pg= 0.900 ids=   2 TEE1=-0.837 TEE2=-0.942 TEE3=-0.946  TEE4=-0.959
rank=106 Lx=Ly=22 pg= 0.900 ids= 106 TEE1=-0.808 TEE2=-0.926 TEE3=-0.932  TEE4=-0.932
rank=127 Lx=Ly=22 pg= 0.900 ids= 127 TEE1=-0.855 TEE2=-0.928 TEE3=-0.919  TEE4=-0.917
rank=104 Lx=Ly=22 pg= 0.900 ids= 104 TEE1=-0.847 TEE2=-0.921 TEE3=-0.913  TEE4=-0.936
rank=108 Lx=Ly=22 pg= 0.900 ids= 108 TEE1=-0.831 TEE2=-0.936 TEE3=-0.936  TEE4=-0.948
rank=116 Lx=Ly=22 pg= 0.900 ids= 116 TEE1=-0.841 TEE2=-0.913 TEE3=-0.903  TEE4=-0.909
rank=121 Lx=Ly=22 pg= 0.900 ids= 121 TEE1=-0.826 TEE2=-0.907 TEE3=-0.899  TEE4=-0.928
rank= 45 Lx=Ly=22 pg= 0.900 ids=  45 TEE1=-0.833 TEE2=-0.895 TEE3=-0.890  TEE4=-0.890
rank=  6 Lx=Ly=22 pg= 0.900 ids=   6 TEE1=-0.798 TEE2=-0.924 TEE3=-0.911  TEE4=-0.897
rank=  4 Lx=Ly=22 pg= 0.900 ids=   4 TEE1=-0.802 TEE2=-0.907 TEE3=-0.907  TEE4=-0.905
rank= 31 Lx=Ly=22 pg= 0.900 ids=  31 TEE1=-0.853 TEE2=-0.926 TEE3=-0.926  TEE4=-0.911
rank= 38 Lx=Ly=22 pg= 0.900 ids=  38 TEE1=-0.851 TEE2=-0.952 TEE3=-0.950  TEE4=-0.950
rank=107 Lx=Ly=22 pg= 0.900 ids= 107 TEE1=-0.845 TEE2=-0.952 TEE3=-0.955  TEE4=-0.959
rank=  0 Lx=Ly=22 pg= 0.900 ids=   0 TEE1=-0.878 TEE2=-0.957 TEE3=-0.959  TEE4=-0.965
rank= 41 Lx=Ly=22 pg= 0.900 ids=  41 TEE1=-0.810 TEE2=-0.895 TEE3=-0.890  TEE4=-0.905
rank= 49 Lx=Ly=22 pg= 0.900 ids=  49 TEE1=-0.829 TEE2=-0.928 TEE3=-0.930  TEE4=-0.942
rank= 27 Lx=Ly=22 pg= 0.900 ids=  27 TEE1=-0.870 TEE2=-0.955 TEE3=-0.959  TEE4=-0.969
rank= 43 Lx=Ly=22 pg= 0.900 ids=  43 TEE1=-0.818 TEE2=-0.919 TEE3=-0.934  TEE4=-0.961
rank= 47 Lx=Ly=22 pg= 0.900 ids=  47 TEE1=-0.878 TEE2=-0.944 TEE3=-0.944  TEE4=-0.924
rank=125 Lx=Ly=22 pg= 0.900 ids= 125 TEE1=-0.833 TEE2=-0.934 TEE3=-0.938  TEE4=-0.957
rank=118 Lx=Ly=22 pg= 0.900 ids= 118 TEE1=-0.847 TEE2=-0.928 TEE3=-0.921  TEE4=-0.921
rank= 64 Lx=Ly=22 pg= 0.900 ids=  64 TEE1=-0.831 TEE2=-0.930 TEE3=-0.936  TEE4=-0.957
rank= 29 Lx=Ly=22 pg= 0.900 ids=  29 TEE1=-0.862 TEE2=-0.930 TEE3=-0.932  TEE4=-0.940
rank=114 Lx=Ly=22 pg= 0.900 ids= 114 TEE1=-0.837 TEE2=-0.938 TEE3=-0.944  TEE4=-0.963
rank=123 Lx=Ly=22 pg= 0.900 ids= 123 TEE1=-0.822 TEE2=-0.934 TEE3=-0.936  TEE4=-0.926
rank= 53 Lx=Ly=22 pg= 0.900 ids=  53 TEE1=-0.845 TEE2=-0.924 TEE3=-0.926  TEE4=-0.934
rank=  9 Lx=Ly=22 pg= 0.900 ids=   9 TEE1=-0.851 TEE2=-0.946 TEE3=-0.944  TEE4=-0.952
rank= 11 Lx=Ly=22 pg= 0.900 ids=  11 TEE1=-0.802 TEE2=-0.903 TEE3=-0.903  TEE4=-0.913
rank= 13 Lx=Ly=22 pg= 0.900 ids=  13 TEE1=-0.822 TEE2=-0.913 TEE3=-0.915  TEE4=-0.895
rank= 15 Lx=Ly=22 pg= 0.900 ids=  15 TEE1=-0.845 TEE2=-0.932 TEE3=-0.934  TEE4=-0.952
rank= 55 Lx=Ly=22 pg= 0.900 ids=  55 TEE1=-0.853 TEE2=-0.967 TEE3=-0.973  TEE4=-0.973
rank= 83 Lx=Ly=22 pg= 0.900 ids=  83 TEE1=-0.835 TEE2=-0.942 TEE3=-0.940  TEE4=-0.952
rank= 32 Lx=Ly=22 pg= 0.900 ids=  32 TEE1=-0.857 TEE2=-0.946 TEE3=-0.948  TEE4=-0.942
rank= 30 Lx=Ly=22 pg= 0.900 ids=  30 TEE1=-0.845 TEE2=-0.942 TEE3=-0.948  TEE4=-0.952
rank= 87 Lx=Ly=22 pg= 0.900 ids=  87 TEE1=-0.820 TEE2=-0.932 TEE3=-0.936  TEE4=-0.948
rank= 34 Lx=Ly=22 pg= 0.900 ids=  34 TEE1=-0.800 TEE2=-0.895 TEE3=-0.895  TEE4=-0.913
rank=111 Lx=Ly=22 pg= 0.900 ids= 111 TEE1=-0.862 TEE2=-0.938 TEE3=-0.940  TEE4=-0.957
rank=105 Lx=Ly=22 pg= 0.900 ids= 105 TEE1=-0.812 TEE2=-0.882 TEE3=-0.884  TEE4=-0.888
rank= 58 Lx=Ly=22 pg= 0.900 ids=  58 TEE1=-0.787 TEE2=-0.855 TEE3=-0.851  TEE4=-0.857
rank= 56 Lx=Ly=22 pg= 0.900 ids=  56 TEE1=-0.866 TEE2=-0.961 TEE3=-0.963  TEE4=-0.969
rank= 36 Lx=Ly=22 pg= 0.900 ids=  36 TEE1=-0.860 TEE2=-0.955 TEE3=-0.955  TEE4=-0.952
rank=109 Lx=Ly=22 pg= 0.900 ids= 109 TEE1=-0.822 TEE2=-0.934 TEE3=-0.940  TEE4=-0.965
rank= 74 Lx=Ly=22 pg= 0.900 ids=  74 TEE1=-0.781 TEE2=-0.886 TEE3=-0.890  TEE4=-0.886
rank= 68 Lx=Ly=22 pg= 0.900 ids=  68 TEE1=-0.851 TEE2=-0.950 TEE3=-0.952  TEE4=-0.959
rank= 66 Lx=Ly=22 pg= 0.900 ids=  66 TEE1=-0.771 TEE2=-0.874 TEE3=-0.862  TEE4=-0.874
rank= 62 Lx=Ly=22 pg= 0.900 ids=  62 TEE1=-0.835 TEE2=-0.921 TEE3=-0.926  TEE4=-0.942
rank= 81 Lx=Ly=22 pg= 0.900 ids=  81 TEE1=-0.822 TEE2=-0.893 TEE3=-0.897  TEE4=-0.901
rank= 85 Lx=Ly=22 pg= 0.900 ids=  85 TEE1=-0.822 TEE2=-0.928 TEE3=-0.924  TEE4=-0.928
rank= 60 Lx=Ly=22 pg= 0.900 ids=  60 TEE1=-0.800 TEE2=-0.919 TEE3=-0.917  TEE4=-0.909
rank= 12 Lx=Ly=22 pg= 0.700 ids= 140 TEE1=-0.114 TEE2= 0.031 TEE3= 0.081  TEE4= 0.118
rank= 70 Lx=Ly=22 pg= 0.900 ids=  70 TEE1=-0.847 TEE2=-0.917 TEE3=-0.911  TEE4=-0.926
rank=  8 Lx=Ly=22 pg= 0.700 ids= 136 TEE1=-0.037 TEE2= 0.048 TEE3= 0.091  TEE4= 0.122
rank= 75 Lx=Ly=22 pg= 0.900 ids=  75 TEE1=-0.826 TEE2=-0.940 TEE3=-0.938  TEE4=-0.940
rank= 78 Lx=Ly=22 pg= 0.900 ids=  78 TEE1=-0.810 TEE2=-0.913 TEE3=-0.917  TEE4=-0.932
rank=100 Lx=Ly=22 pg= 0.700 ids= 228 TEE1=-0.037 TEE2= 0.004 TEE3= 0.033  TEE4= 0.054
rank= 82 Lx=Ly=22 pg= 0.900 ids=  82 TEE1=-0.845 TEE2=-0.959 TEE3=-0.959  TEE4=-0.967
rank= 48 Lx=Ly=22 pg= 0.900 ids=  48 TEE1=-0.878 TEE2=-0.957 TEE3=-0.961  TEE4=-0.979
rank= 73 Lx=Ly=22 pg= 0.900 ids=  73 TEE1=-0.822 TEE2=-0.911 TEE3=-0.895  TEE4=-0.893
rank= 57 Lx=Ly=22 pg= 0.900 ids=  57 TEE1=-0.849 TEE2=-0.955 TEE3=-0.959  TEE4=-0.969
rank= 79 Lx=Ly=22 pg= 0.900 ids=  79 TEE1=-0.818 TEE2=-0.928 TEE3=-0.924  TEE4=-0.944
rank= 77 Lx=Ly=22 pg= 0.900 ids=  77 TEE1=-0.829 TEE2=-0.936 TEE3=-0.946  TEE4=-0.965
rank= 72 Lx=Ly=22 pg= 0.900 ids=  72 TEE1=-0.851 TEE2=-0.911 TEE3=-0.919  TEE4=-0.930
rank= 65 Lx=Ly=22 pg= 0.700 ids= 193 TEE1= 0.000 TEE2= 0.023 TEE3= 0.039  TEE4= 0.039
rank= 76 Lx=Ly=22 pg= 0.900 ids=  76 TEE1=-0.808 TEE2=-0.903 TEE3=-0.893  TEE4=-0.907
rank= 26 Lx=Ly=22 pg= 0.900 ids=  26 TEE1=-0.890 TEE2=-0.986 TEE3=-0.981  TEE4=-0.971
rank= 19 Lx=Ly=22 pg= 0.900 ids=  19 TEE1=-0.901 TEE2=-0.961 TEE3=-0.959  TEE4=-0.932
rank= 59 Lx=Ly=22 pg= 0.900 ids=  59 TEE1=-0.876 TEE2=-0.934 TEE3=-0.932  TEE4=-0.934
rank=102 Lx=Ly=22 pg= 0.700 ids= 230 TEE1=-0.012 TEE2= 0.017 TEE3= 0.031  TEE4= 0.039
rank= 98 Lx=Ly=22 pg= 0.700 ids= 226 TEE1=-0.006 TEE2= 0.035 TEE3= 0.043  TEE4= 0.027
rank= 63 Lx=Ly=22 pg= 0.900 ids=  63 TEE1=-0.824 TEE2=-0.930 TEE3=-0.942  TEE4=-0.930
rank= 61 Lx=Ly=22 pg= 0.900 ids=  61 TEE1=-0.843 TEE2=-0.932 TEE3=-0.934  TEE4=-0.948
rank= 14 Lx=Ly=22 pg= 0.700 ids= 142 TEE1= 0.031 TEE2= 0.029 TEE3= 0.041  TEE4= 0.021
rank= 17 Lx=Ly=22 pg= 0.900 ids=  17 TEE1=-0.824 TEE2=-0.926 TEE3=-0.930  TEE4=-0.952
rank= 50 Lx=Ly=22 pg= 0.900 ids=  50 TEE1=-0.866 TEE2=-0.921 TEE3=-0.921  TEE4=-0.911
rank= 28 Lx=Ly=22 pg= 0.900 ids=  28 TEE1=-0.831 TEE2=-0.919 TEE3=-0.919  TEE4=-0.893
rank= 35 Lx=Ly=22 pg= 0.700 ids= 163 TEE1= 0.012 TEE2= 0.017 TEE3= 0.014  TEE4= 0.019
rank= 23 Lx=Ly=22 pg= 0.900 ids=  23 TEE1=-0.833 TEE2=-0.913 TEE3=-0.913  TEE4=-0.917
rank= 21 Lx=Ly=22 pg= 0.900 ids=  21 TEE1=-0.845 TEE2=-0.930 TEE3=-0.926  TEE4=-0.913
rank= 24 Lx=Ly=22 pg= 0.900 ids=  24 TEE1=-0.876 TEE2=-0.967 TEE3=-0.971  TEE4=-0.973
rank= 10 Lx=Ly=22 pg= 0.700 ids= 138 TEE1=-0.058 TEE2=-0.002 TEE3= 0.006  TEE4= 0.004
rank=122 Lx=Ly=22 pg= 0.900 ids= 122 TEE1=-0.866 TEE2=-0.950 TEE3=-0.955  TEE4=-0.977
rank= 96 Lx=Ly=22 pg= 0.700 ids= 224 TEE1=-0.093 TEE2=-0.014 TEE3= 0.010  TEE4= 0.027
rank= 54 Lx=Ly=22 pg= 0.900 ids=  54 TEE1=-0.833 TEE2=-0.934 TEE3=-0.940  TEE4=-0.948
rank= 52 Lx=Ly=22 pg= 0.900 ids=  52 TEE1=-0.843 TEE2=-0.930 TEE3=-0.928  TEE4=-0.934
rank=119 Lx=Ly=22 pg= 0.900 ids= 119 TEE1=-0.849 TEE2=-0.952 TEE3=-0.957  TEE4=-0.971
rank= 89 Lx=Ly=22 pg= 0.900 ids=  89 TEE1=-0.882 TEE2=-0.969 TEE3=-0.967  TEE4=-0.983
rank= 42 Lx=Ly=22 pg= 0.700 ids= 170 TEE1= 0.035 TEE2= 0.041 TEE3= 0.045  TEE4= 0.037
rank= 67 Lx=Ly=22 pg= 0.700 ids= 195 TEE1= 0.017 TEE2= 0.033 TEE3= 0.033  TEE4= 0.029
rank=113 Lx=Ly=22 pg= 0.900 ids= 113 TEE1=-0.829 TEE2=-0.907 TEE3=-0.907  TEE4=-0.901
rank=117 Lx=Ly=22 pg= 0.900 ids= 117 TEE1=-0.826 TEE2=-0.915 TEE3=-0.919  TEE4=-0.930
rank=115 Lx=Ly=22 pg= 0.900 ids= 115 TEE1=-0.831 TEE2=-0.921 TEE3=-0.921  TEE4=-0.919
rank= 20 Lx=Ly=22 pg= 0.900 ids=  20 TEE1=-0.808 TEE2=-0.924 TEE3=-0.932  TEE4=-0.940
rank=124 Lx=Ly=22 pg= 0.900 ids= 124 TEE1=-0.791 TEE2=-0.880 TEE3=-0.882  TEE4=-0.880
rank=120 Lx=Ly=22 pg= 0.900 ids= 120 TEE1=-0.835 TEE2=-0.913 TEE3=-0.903  TEE4=-0.924
rank= 97 Lx=Ly=22 pg= 0.700 ids= 225 TEE1=-0.066 TEE2=-0.002 TEE3= 0.039  TEE4= 0.052
rank= 16 Lx=Ly=22 pg= 0.900 ids=  16 TEE1=-0.804 TEE2=-0.868 TEE3=-0.855  TEE4=-0.841
rank=126 Lx=Ly=22 pg= 0.900 ids= 126 TEE1=-0.824 TEE2=-0.913 TEE3=-0.913  TEE4=-0.905
rank= 86 Lx=Ly=22 pg= 0.900 ids=  86 TEE1=-0.798 TEE2=-0.874 TEE3=-0.878  TEE4=-0.880
rank= 99 Lx=Ly=22 pg= 0.700 ids= 227 TEE1=-0.017 TEE2= 0.025 TEE3= 0.031  TEE4= 0.033
rank= 40 Lx=Ly=22 pg= 0.700 ids= 168 TEE1= 0.029 TEE2= 0.039 TEE3= 0.052  TEE4= 0.060
rank= 22 Lx=Ly=22 pg= 0.900 ids=  22 TEE1=-0.808 TEE2=-0.921 TEE3=-0.936  TEE4=-0.957
rank= 18 Lx=Ly=22 pg= 0.900 ids=  18 TEE1=-0.812 TEE2=-0.909 TEE3=-0.919  TEE4=-0.921
rank= 80 Lx=Ly=22 pg= 0.900 ids=  80 TEE1=-0.833 TEE2=-0.909 TEE3=-0.907  TEE4=-0.930
rank= 71 Lx=Ly=22 pg= 0.700 ids= 199 TEE1= 0.045 TEE2= 0.019 TEE3= 0.017  TEE4= 0.023
rank= 93 Lx=Ly=22 pg= 0.900 ids=  93 TEE1=-0.864 TEE2=-0.948 TEE3=-0.946  TEE4=-0.948
rank= 91 Lx=Ly=22 pg= 0.900 ids=  91 TEE1=-0.878 TEE2=-0.955 TEE3=-0.961  TEE4=-0.971
rank= 95 Lx=Ly=22 pg= 0.900 ids=  95 TEE1=-0.808 TEE2=-0.890 TEE3=-0.884  TEE4=-0.886
rank= 33 Lx=Ly=22 pg= 0.700 ids= 161 TEE1= 0.019 TEE2= 0.033 TEE3= 0.050  TEE4= 0.054
rank= 84 Lx=Ly=22 pg= 0.900 ids=  84 TEE1=-0.847 TEE2=-0.948 TEE3=-0.946  TEE4=-0.959
rank= 37 Lx=Ly=22 pg= 0.700 ids= 165 TEE1= 0.008 TEE2= 0.031 TEE3= 0.033  TEE4= 0.027
rank= 69 Lx=Ly=22 pg= 0.700 ids= 197 TEE1=-0.027 TEE2= 0.045 TEE3= 0.050  TEE4= 0.039
rank= 39 Lx=Ly=22 pg= 0.700 ids= 167 TEE1= 0.010 TEE2= 0.025 TEE3= 0.029  TEE4= 0.043
rank=  3 Lx=Ly=22 pg= 0.700 ids= 131 TEE1= 0.025 TEE2= 0.033 TEE3= 0.043  TEE4= 0.054
rank=  5 Lx=Ly=22 pg= 0.700 ids= 133 TEE1= 0.025 TEE2= 0.050 TEE3= 0.060  TEE4= 0.052
rank= 46 Lx=Ly=22 pg= 0.700 ids= 174 TEE1= 0.012 TEE2= 0.019 TEE3= 0.019  TEE4= 0.008
rank=  1 Lx=Ly=22 pg= 0.700 ids= 129 TEE1=-0.017 TEE2= 0.027 TEE3= 0.039  TEE4= 0.031
rank= 44 Lx=Ly=22 pg= 0.700 ids= 172 TEE1=-0.002 TEE2= 0.021 TEE3= 0.039  TEE4= 0.035
rank=103 Lx=Ly=22 pg= 0.700 ids= 231 TEE1= 0.021 TEE2= 0.056 TEE3= 0.068  TEE4= 0.054
rank=  7 Lx=Ly=22 pg= 0.700 ids= 135 TEE1=-0.023 TEE2=-0.023 TEE3= 0.002  TEE4= 0.006
rank= 51 Lx=Ly=22 pg= 0.700 ids= 179 TEE1=-0.017 TEE2= 0.033 TEE3= 0.064  TEE4= 0.076
rank=101 Lx=Ly=22 pg= 0.700 ids= 229 TEE1=-0.037 TEE2= 0.017 TEE3= 0.039  TEE4= 0.025
rank= 94 Lx=Ly=22 pg= 0.900 ids=  94 TEE1=-0.841 TEE2=-0.952 TEE3=-0.957  TEE4=-0.979
rank= 25 Lx=Ly=22 pg= 0.700 ids= 153 TEE1= 0.014 TEE2= 0.041 TEE3= 0.050  TEE4= 0.050
rank= 88 Lx=Ly=22 pg= 0.900 ids=  88 TEE1=-0.814 TEE2=-0.944 TEE3=-0.950  TEE4=-0.963
rank=112 Lx=Ly=22 pg= 0.700 ids= 240 TEE1= 0.010 TEE2= 0.021 TEE3= 0.029  TEE4= 0.027
rank= 92 Lx=Ly=22 pg= 0.900 ids=  92 TEE1=-0.816 TEE2=-0.903 TEE3=-0.909  TEE4=-0.919
rank= 90 Lx=Ly=22 pg= 0.900 ids=  90 TEE1=-0.800 TEE2=-0.915 TEE3=-0.911  TEE4=-0.938
rank=110 Lx=Ly=22 pg= 0.700 ids= 238 TEE1=-0.027 TEE2= 0.004 TEE3= 0.019  TEE4= 0.017
rank=  2 Lx=Ly=22 pg= 0.700 ids= 130 TEE1=-0.062 TEE2=-0.054 TEE3=-0.006  TEE4= 0.052
rank=127 Lx=Ly=22 pg= 0.700 ids= 255 TEE1= 0.066 TEE2= 0.054 TEE3= 0.064  TEE4= 0.064
rank=106 Lx=Ly=22 pg= 0.700 ids= 234 TEE1=-0.035 TEE2= 0.025 TEE3= 0.043  TEE4= 0.039
rank=104 Lx=Ly=22 pg= 0.700 ids= 232 TEE1=-0.019 TEE2= 0.017 TEE3= 0.014  TEE4= 0.008
rank=108 Lx=Ly=22 pg= 0.700 ids= 236 TEE1= 0.043 TEE2= 0.039 TEE3= 0.045  TEE4= 0.048
rank=121 Lx=Ly=22 pg= 0.700 ids= 249 TEE1=-0.029 TEE2= 0.048 TEE3= 0.068  TEE4= 0.058
rank=116 Lx=Ly=22 pg= 0.700 ids= 244 TEE1=-0.066 TEE2= 0.027 TEE3= 0.039  TEE4= 0.050
rank= 45 Lx=Ly=22 pg= 0.700 ids= 173 TEE1= 0.002 TEE2= 0.012 TEE3= 0.029  TEE4= 0.014
rank= 31 Lx=Ly=22 pg= 0.700 ids= 159 TEE1=-0.008 TEE2= 0.012 TEE3= 0.029  TEE4= 0.014
rank=  6 Lx=Ly=22 pg= 0.700 ids= 134 TEE1=-0.017 TEE2= 0.025 TEE3= 0.031  TEE4= 0.025
rank=107 Lx=Ly=22 pg= 0.700 ids= 235 TEE1= 0.004 TEE2= 0.066 TEE3= 0.087  TEE4= 0.089
rank=  4 Lx=Ly=22 pg= 0.700 ids= 132 TEE1= 0.025 TEE2= 0.002 TEE3= 0.004  TEE4= 0.002
rank= 38 Lx=Ly=22 pg= 0.700 ids= 166 TEE1=-0.029 TEE2=-0.029 TEE3= 0.000  TEE4= 0.010
rank= 27 Lx=Ly=22 pg= 0.700 ids= 155 TEE1= 0.025 TEE2= 0.064 TEE3= 0.068  TEE4= 0.041
rank= 41 Lx=Ly=22 pg= 0.700 ids= 169 TEE1=-0.033 TEE2= 0.045 TEE3= 0.062  TEE4= 0.045
rank= 49 Lx=Ly=22 pg= 0.700 ids= 177 TEE1= 0.008 TEE2= 0.029 TEE3= 0.039  TEE4= 0.025
rank=  0 Lx=Ly=22 pg= 0.700 ids= 128 TEE1= 0.000 TEE2= 0.033 TEE3= 0.045  TEE4= 0.035
rank= 43 Lx=Ly=22 pg= 0.700 ids= 171 TEE1=-0.004 TEE2= 0.048 TEE3= 0.054  TEE4= 0.041
rank= 47 Lx=Ly=22 pg= 0.700 ids= 175 TEE1=-0.004 TEE2= 0.012 TEE3= 0.014  TEE4= 0.012
rank=125 Lx=Ly=22 pg= 0.700 ids= 253 TEE1=-0.014 TEE2= 0.008 TEE3= 0.021  TEE4= 0.025
rank= 29 Lx=Ly=22 pg= 0.700 ids= 157 TEE1= 0.012 TEE2= 0.081 TEE3= 0.089  TEE4= 0.081
rank=118 Lx=Ly=22 pg= 0.700 ids= 246 TEE1= 0.006 TEE2= 0.035 TEE3= 0.043  TEE4= 0.064
rank= 64 Lx=Ly=22 pg= 0.700 ids= 192 TEE1= 0.000 TEE2= 0.089 TEE3= 0.103  TEE4= 0.110
rank=123 Lx=Ly=22 pg= 0.700 ids= 251 TEE1= 0.060 TEE2= 0.060 TEE3= 0.072  TEE4= 0.064
rank=114 Lx=Ly=22 pg= 0.700 ids= 242 TEE1= 0.017 TEE2= 0.045 TEE3= 0.052  TEE4= 0.064
rank=  9 Lx=Ly=22 pg= 0.700 ids= 137 TEE1= 0.079 TEE2= 0.052 TEE3= 0.058  TEE4= 0.056
rank= 53 Lx=Ly=22 pg= 0.700 ids= 181 TEE1=-0.014 TEE2= 0.002 TEE3= 0.014  TEE4= 0.014
rank= 11 Lx=Ly=22 pg= 0.700 ids= 139 TEE1=-0.017 TEE2= 0.039 TEE3= 0.062  TEE4= 0.056
rank= 13 Lx=Ly=22 pg= 0.700 ids= 141 TEE1= 0.048 TEE2= 0.021 TEE3= 0.021  TEE4= 0.019
rank= 15 Lx=Ly=22 pg= 0.700 ids= 143 TEE1=-0.031 TEE2= 0.041 TEE3= 0.068  TEE4= 0.095
rank= 30 Lx=Ly=22 pg= 0.700 ids= 158 TEE1=-0.029 TEE2= 0.031 TEE3= 0.039  TEE4= 0.023
rank= 55 Lx=Ly=22 pg= 0.700 ids= 183 TEE1=-0.002 TEE2= 0.037 TEE3= 0.041  TEE4= 0.027
rank= 83 Lx=Ly=22 pg= 0.700 ids= 211 TEE1= 0.054 TEE2= 0.025 TEE3= 0.025  TEE4= 0.017
rank= 32 Lx=Ly=22 pg= 0.700 ids= 160 TEE1= 0.068 TEE2= 0.103 TEE3= 0.099  TEE4= 0.093
rank= 87 Lx=Ly=22 pg= 0.700 ids= 215 TEE1=-0.012 TEE2= 0.052 TEE3= 0.068  TEE4= 0.087
rank= 34 Lx=Ly=22 pg= 0.700 ids= 162 TEE1=-0.035 TEE2=-0.012 TEE3= 0.006  TEE4= 0.004
rank=111 Lx=Ly=22 pg= 0.700 ids= 239 TEE1=-0.008 TEE2= 0.029 TEE3= 0.035  TEE4= 0.027
rank= 56 Lx=Ly=22 pg= 0.700 ids= 184 TEE1= 0.021 TEE2= 0.033 TEE3= 0.048  TEE4= 0.056
rank= 58 Lx=Ly=22 pg= 0.700 ids= 186 TEE1= 0.085 TEE2= 0.064 TEE3= 0.064  TEE4= 0.048
rank=105 Lx=Ly=22 pg= 0.700 ids= 233 TEE1=-0.014 TEE2= 0.004 TEE3= 0.023  TEE4= 0.017
rank= 36 Lx=Ly=22 pg= 0.700 ids= 164 TEE1= 0.010 TEE2= 0.031 TEE3= 0.050  TEE4= 0.037
rank= 74 Lx=Ly=22 pg= 0.700 ids= 202 TEE1=-0.070 TEE2= 0.021 TEE3= 0.062  TEE4= 0.070
rank=109 Lx=Ly=22 pg= 0.700 ids= 237 TEE1=-0.004 TEE2= 0.043 TEE3= 0.085  TEE4= 0.110
rank= 68 Lx=Ly=22 pg= 0.700 ids= 196 TEE1= 0.043 TEE2= 0.041 TEE3= 0.037  TEE4= 0.023
rank= 66 Lx=Ly=22 pg= 0.700 ids= 194 TEE1=-0.012 TEE2= 0.006 TEE3= 0.010  TEE4= 0.010
rank= 62 Lx=Ly=22 pg= 0.700 ids= 190 TEE1=-0.041 TEE2= 0.029 TEE3= 0.056  TEE4= 0.045
rank= 81 Lx=Ly=22 pg= 0.700 ids= 209 TEE1=-0.027 TEE2= 0.025 TEE3= 0.037  TEE4= 0.041
rank= 85 Lx=Ly=22 pg= 0.700 ids= 213 TEE1=-0.006 TEE2= 0.021 TEE3= 0.019  TEE4= 0.019
rank= 60 Lx=Ly=22 pg= 0.700 ids= 188 TEE1= 0.043 TEE2= 0.035 TEE3= 0.035  TEE4= 0.031
rank= 12 Lx=Ly=22 pg= 0.710 ids= 140 TEE1=-0.091 TEE2= 0.000 TEE3= 0.050  TEE4= 0.031
rank=  8 Lx=Ly=22 pg= 0.710 ids= 136 TEE1=-0.029 TEE2= 0.035 TEE3= 0.064  TEE4= 0.064
rank= 70 Lx=Ly=22 pg= 0.700 ids= 198 TEE1= 0.006 TEE2= 0.014 TEE3= 0.033  TEE4= 0.050
rank= 75 Lx=Ly=22 pg= 0.700 ids= 203 TEE1=-0.010 TEE2= 0.025 TEE3= 0.031  TEE4= 0.021
rank= 78 Lx=Ly=22 pg= 0.700 ids= 206 TEE1=-0.033 TEE2=-0.004 TEE3= 0.006  TEE4= 0.004
rank=100 Lx=Ly=22 pg= 0.710 ids= 228 TEE1=-0.062 TEE2= 0.012 TEE3= 0.027  TEE4= 0.056
rank= 48 Lx=Ly=22 pg= 0.700 ids= 176 TEE1= 0.017 TEE2= 0.029 TEE3= 0.043  TEE4= 0.054
rank= 82 Lx=Ly=22 pg= 0.700 ids= 210 TEE1= 0.056 TEE2= 0.039 TEE3= 0.033  TEE4= 0.045
rank= 57 Lx=Ly=22 pg= 0.700 ids= 185 TEE1= 0.012 TEE2= 0.074 TEE3= 0.076  TEE4= 0.070
rank= 73 Lx=Ly=22 pg= 0.700 ids= 201 TEE1= 0.025 TEE2= 0.012 TEE3= 0.012  TEE4= 0.012
rank= 65 Lx=Ly=22 pg= 0.710 ids= 193 TEE1= 0.004 TEE2= 0.027 TEE3= 0.027  TEE4= 0.008
rank= 77 Lx=Ly=22 pg= 0.700 ids= 205 TEE1=-0.033 TEE2=-0.002 TEE3= 0.012  TEE4= 0.017
rank= 79 Lx=Ly=22 pg= 0.700 ids= 207 TEE1= 0.002 TEE2= 0.017 TEE3= 0.052  TEE4= 0.068
rank= 26 Lx=Ly=22 pg= 0.700 ids= 154 TEE1=-0.002 TEE2= 0.017 TEE3= 0.043  TEE4= 0.060
rank= 72 Lx=Ly=22 pg= 0.700 ids= 200 TEE1= 0.025 TEE2= 0.019 TEE3= 0.017  TEE4= 0.008
rank= 76 Lx=Ly=22 pg= 0.700 ids= 204 TEE1= 0.014 TEE2= 0.043 TEE3= 0.054  TEE4= 0.052
rank=102 Lx=Ly=22 pg= 0.710 ids= 230 TEE1= 0.043 TEE2= 0.048 TEE3= 0.050  TEE4= 0.064
rank= 98 Lx=Ly=22 pg= 0.710 ids= 226 TEE1= 0.025 TEE2= 0.066 TEE3= 0.074  TEE4= 0.052
rank= 35 Lx=Ly=22 pg= 0.710 ids= 163 TEE1=-0.012 TEE2= 0.023 TEE3= 0.045  TEE4= 0.041
rank= 59 Lx=Ly=22 pg= 0.700 ids= 187 TEE1= 0.037 TEE2= 0.043 TEE3= 0.045  TEE4= 0.045
rank= 14 Lx=Ly=22 pg= 0.710 ids= 142 TEE1= 0.033 TEE2= 0.033 TEE3= 0.035  TEE4= 0.021
rank= 19 Lx=Ly=22 pg= 0.700 ids= 147 TEE1=-0.010 TEE2= 0.029 TEE3= 0.035  TEE4= 0.035
rank= 28 Lx=Ly=22 pg= 0.700 ids= 156 TEE1= 0.004 TEE2= 0.037 TEE3= 0.050  TEE4= 0.035
rank= 24 Lx=Ly=22 pg= 0.700 ids= 152 TEE1=-0.045 TEE2=-0.021 TEE3= 0.002  TEE4= 0.031
rank= 50 Lx=Ly=22 pg= 0.700 ids= 178 TEE1=-0.025 TEE2= 0.025 TEE3= 0.031  TEE4= 0.023
rank= 63 Lx=Ly=22 pg= 0.700 ids= 191 TEE1= 0.021 TEE2= 0.012 TEE3= 0.014  TEE4= 0.010
rank= 96 Lx=Ly=22 pg= 0.710 ids= 224 TEE1= 0.037 TEE2= 0.017 TEE3= 0.014  TEE4= 0.012
rank= 10 Lx=Ly=22 pg= 0.710 ids= 138 TEE1=-0.107 TEE2=-0.033 TEE3= 0.021  TEE4= 0.056
rank=122 Lx=Ly=22 pg= 0.700 ids= 250 TEE1=-0.004 TEE2= 0.039 TEE3= 0.081  TEE4= 0.091
rank= 61 Lx=Ly=22 pg= 0.700 ids= 189 TEE1= 0.012 TEE2= 0.025 TEE3= 0.029  TEE4= 0.021
rank= 17 Lx=Ly=22 pg= 0.700 ids= 145 TEE1=-0.006 TEE2= 0.043 TEE3= 0.058  TEE4= 0.043
rank= 23 Lx=Ly=22 pg= 0.700 ids= 151 TEE1=-0.134 TEE2=-0.027 TEE3= 0.014  TEE4= 0.060
rank= 21 Lx=Ly=22 pg= 0.700 ids= 149 TEE1=-0.076 TEE2= 0.019 TEE3= 0.062  TEE4= 0.058
rank= 89 Lx=Ly=22 pg= 0.700 ids= 217 TEE1= 0.014 TEE2= 0.017 TEE3= 0.027  TEE4= 0.012
rank= 52 Lx=Ly=22 pg= 0.700 ids= 180 TEE1=-0.008 TEE2= 0.027 TEE3= 0.048  TEE4= 0.058
rank= 42 Lx=Ly=22 pg= 0.710 ids= 170 TEE1=-0.045 TEE2= 0.008 TEE3= 0.029  TEE4= 0.021
rank= 54 Lx=Ly=22 pg= 0.700 ids= 182 TEE1= 0.029 TEE2= 0.004 TEE3= 0.004  TEE4= 0.002
rank= 67 Lx=Ly=22 pg= 0.710 ids= 195 TEE1=-0.056 TEE2= 0.033 TEE3= 0.070  TEE4= 0.064
rank=119 Lx=Ly=22 pg= 0.700 ids= 247 TEE1= 0.035 TEE2= 0.021 TEE3= 0.021  TEE4= 0.019
rank=113 Lx=Ly=22 pg= 0.700 ids= 241 TEE1= 0.021 TEE2= 0.037 TEE3= 0.039  TEE4= 0.023
rank=117 Lx=Ly=22 pg= 0.700 ids= 245 TEE1=-0.043 TEE2=-0.004 TEE3= 0.004  TEE4= 0.002
rank=115 Lx=Ly=22 pg= 0.700 ids= 243 TEE1= 0.029 TEE2= 0.074 TEE3= 0.089  TEE4= 0.103
rank= 97 Lx=Ly=22 pg= 0.710 ids= 225 TEE1= 0.000 TEE2= 0.012 TEE3= 0.031  TEE4= 0.048
rank= 40 Lx=Ly=22 pg= 0.710 ids= 168 TEE1=-0.033 TEE2= 0.029 TEE3= 0.039  TEE4= 0.031
rank= 99 Lx=Ly=22 pg= 0.710 ids= 227 TEE1=-0.006 TEE2= 0.025 TEE3= 0.023  TEE4= 0.017
rank=124 Lx=Ly=22 pg= 0.700 ids= 252 TEE1= 0.045 TEE2= 0.012 TEE3= 0.010  TEE4= 0.006
rank= 20 Lx=Ly=22 pg= 0.700 ids= 148 TEE1= 0.019 TEE2= 0.010 TEE3= 0.037  TEE4= 0.058
rank=120 Lx=Ly=22 pg= 0.700 ids= 248 TEE1= 0.045 TEE2= 0.118 TEE3= 0.126  TEE4= 0.105
rank= 16 Lx=Ly=22 pg= 0.700 ids= 144 TEE1= 0.035 TEE2= 0.021 TEE3= 0.021  TEE4= 0.012
rank= 86 Lx=Ly=22 pg= 0.700 ids= 214 TEE1=-0.006 TEE2= 0.039 TEE3= 0.050  TEE4= 0.056
rank=126 Lx=Ly=22 pg= 0.700 ids= 254 TEE1=-0.029 TEE2= 0.064 TEE3= 0.066  TEE4= 0.072
rank= 71 Lx=Ly=22 pg= 0.710 ids= 199 TEE1= 0.006 TEE2= 0.054 TEE3= 0.066  TEE4= 0.050
rank= 22 Lx=Ly=22 pg= 0.700 ids= 150 TEE1=-0.058 TEE2= 0.008 TEE3= 0.025  TEE4= 0.031
rank=  3 Lx=Ly=22 pg= 0.710 ids= 131 TEE1=-0.014 TEE2= 0.048 TEE3= 0.066  TEE4= 0.045
rank= 33 Lx=Ly=22 pg= 0.710 ids= 161 TEE1= 0.017 TEE2= 0.052 TEE3= 0.066  TEE4= 0.062
rank= 80 Lx=Ly=22 pg= 0.700 ids= 208 TEE1=-0.035 TEE2= 0.027 TEE3= 0.050  TEE4= 0.045
rank=  5 Lx=Ly=22 pg= 0.710 ids= 133 TEE1= 0.002 TEE2= 0.014 TEE3= 0.014  TEE4= 0.008
rank= 18 Lx=Ly=22 pg= 0.700 ids= 146 TEE1= 0.000 TEE2= 0.008 TEE3= 0.021  TEE4= 0.010
rank= 37 Lx=Ly=22 pg= 0.710 ids= 165 TEE1= 0.002 TEE2= 0.048 TEE3= 0.052  TEE4= 0.037
rank= 69 Lx=Ly=22 pg= 0.710 ids= 197 TEE1=-0.006 TEE2= 0.012 TEE3= 0.010  TEE4= 0.010
rank= 93 Lx=Ly=22 pg= 0.700 ids= 221 TEE1=-0.027 TEE2= 0.033 TEE3= 0.043  TEE4= 0.035
rank= 91 Lx=Ly=22 pg= 0.700 ids= 219 TEE1=-0.019 TEE2= 0.025 TEE3= 0.027  TEE4= 0.021
rank= 39 Lx=Ly=22 pg= 0.710 ids= 167 TEE1=-0.060 TEE2= 0.010 TEE3= 0.043  TEE4= 0.052
rank= 84 Lx=Ly=22 pg= 0.700 ids= 212 TEE1=-0.012 TEE2= 0.014 TEE3= 0.017  TEE4= 0.006
rank= 95 Lx=Ly=22 pg= 0.700 ids= 223 TEE1= 0.031 TEE2= 0.023 TEE3= 0.025  TEE4= 0.014
rank=  1 Lx=Ly=22 pg= 0.710 ids= 129 TEE1= 0.025 TEE2= 0.041 TEE3= 0.043  TEE4= 0.031
rank= 46 Lx=Ly=22 pg= 0.710 ids= 174 TEE1=-0.004 TEE2= 0.087 TEE3= 0.110  TEE4= 0.132
rank=  7 Lx=Ly=22 pg= 0.710 ids= 135 TEE1=-0.029 TEE2= 0.017 TEE3= 0.027  TEE4= 0.023
rank= 44 Lx=Ly=22 pg= 0.710 ids= 172 TEE1=-0.033 TEE2= 0.010 TEE3= 0.041  TEE4= 0.039
rank=103 Lx=Ly=22 pg= 0.710 ids= 231 TEE1=-0.058 TEE2= 0.025 TEE3= 0.037  TEE4= 0.039
rank= 51 Lx=Ly=22 pg= 0.710 ids= 179 TEE1=-0.027 TEE2= 0.008 TEE3= 0.014  TEE4= 0.006
rank=101 Lx=Ly=22 pg= 0.710 ids= 229 TEE1= 0.004 TEE2= 0.045 TEE3= 0.045  TEE4= 0.031
rank= 25 Lx=Ly=22 pg= 0.710 ids= 153 TEE1=-0.048 TEE2= 0.017 TEE3= 0.045  TEE4= 0.041
rank=112 Lx=Ly=22 pg= 0.710 ids= 240 TEE1= 0.035 TEE2= 0.029 TEE3= 0.033  TEE4= 0.031
rank= 94 Lx=Ly=22 pg= 0.700 ids= 222 TEE1= 0.045 TEE2= 0.027 TEE3= 0.029  TEE4= 0.017
rank= 88 Lx=Ly=22 pg= 0.700 ids= 216 TEE1=-0.033 TEE2= 0.002 TEE3= 0.037  TEE4= 0.054
rank=  2 Lx=Ly=22 pg= 0.710 ids= 130 TEE1=-0.056 TEE2= 0.008 TEE3= 0.039  TEE4= 0.037
rank=127 Lx=Ly=22 pg= 0.710 ids= 255 TEE1=-0.004 TEE2= 0.023 TEE3= 0.025  TEE4= 0.023
rank=110 Lx=Ly=22 pg= 0.710 ids= 238 TEE1=-0.048 TEE2= 0.010 TEE3= 0.035  TEE4= 0.045
rank= 92 Lx=Ly=22 pg= 0.700 ids= 220 TEE1=-0.014 TEE2= 0.006 TEE3= 0.012  TEE4= 0.019
rank= 90 Lx=Ly=22 pg= 0.700 ids= 218 TEE1=-0.006 TEE2= 0.066 TEE3= 0.072  TEE4= 0.093
rank=106 Lx=Ly=22 pg= 0.710 ids= 234 TEE1=-0.004 TEE2= 0.012 TEE3= 0.021  TEE4= 0.010
rank=121 Lx=Ly=22 pg= 0.710 ids= 249 TEE1= 0.058 TEE2= 0.033 TEE3= 0.031  TEE4= 0.021
rank=104 Lx=Ly=22 pg= 0.710 ids= 232 TEE1=-0.027 TEE2= 0.027 TEE3= 0.045  TEE4= 0.043
rank=116 Lx=Ly=22 pg= 0.710 ids= 244 TEE1=-0.050 TEE2= 0.056 TEE3= 0.087  TEE4= 0.076
rank=108 Lx=Ly=22 pg= 0.710 ids= 236 TEE1= 0.027 TEE2= 0.050 TEE3= 0.058  TEE4= 0.050
rank= 45 Lx=Ly=22 pg= 0.710 ids= 173 TEE1=-0.017 TEE2= 0.029 TEE3= 0.056  TEE4= 0.068
rank= 31 Lx=Ly=22 pg= 0.710 ids= 159 TEE1= 0.000 TEE2= 0.079 TEE3= 0.099  TEE4= 0.114
rank=107 Lx=Ly=22 pg= 0.710 ids= 235 TEE1= 0.012 TEE2= 0.025 TEE3= 0.027  TEE4= 0.025
rank=  6 Lx=Ly=22 pg= 0.710 ids= 134 TEE1=-0.041 TEE2= 0.027 TEE3= 0.048  TEE4= 0.043
rank= 38 Lx=Ly=22 pg= 0.710 ids= 166 TEE1= 0.010 TEE2= 0.008 TEE3= 0.033  TEE4= 0.025
rank=  4 Lx=Ly=22 pg= 0.710 ids= 132 TEE1= 0.008 TEE2= 0.037 TEE3= 0.052  TEE4= 0.054
rank= 27 Lx=Ly=22 pg= 0.710 ids= 155 TEE1=-0.138 TEE2=-0.035 TEE3= 0.008  TEE4= 0.037
rank= 41 Lx=Ly=22 pg= 0.710 ids= 169 TEE1= 0.004 TEE2= 0.006 TEE3= 0.031  TEE4= 0.031
rank= 49 Lx=Ly=22 pg= 0.710 ids= 177 TEE1=-0.035 TEE2=-0.008 TEE3= 0.023  TEE4= 0.058
rank=  0 Lx=Ly=22 pg= 0.710 ids= 128 TEE1=-0.002 TEE2= 0.041 TEE3= 0.045  TEE4= 0.054
rank= 43 Lx=Ly=22 pg= 0.710 ids= 171 TEE1=-0.017 TEE2= 0.012 TEE3= 0.021  TEE4= 0.014
rank=125 Lx=Ly=22 pg= 0.710 ids= 253 TEE1=-0.056 TEE2=-0.019 TEE3= 0.004  TEE4= 0.004
rank= 47 Lx=Ly=22 pg= 0.710 ids= 175 TEE1= 0.041 TEE2= 0.008 TEE3= 0.006  TEE4= 0.010
rank= 29 Lx=Ly=22 pg= 0.710 ids= 157 TEE1=-0.043 TEE2=-0.012 TEE3= 0.012  TEE4= 0.008
rank=118 Lx=Ly=22 pg= 0.710 ids= 246 TEE1=-0.010 TEE2= 0.035 TEE3= 0.048  TEE4= 0.048
rank=123 Lx=Ly=22 pg= 0.710 ids= 251 TEE1=-0.058 TEE2= 0.025 TEE3= 0.050  TEE4= 0.062
rank= 64 Lx=Ly=22 pg= 0.710 ids= 192 TEE1= 0.037 TEE2= 0.004 TEE3= 0.004  TEE4= 0.002
rank= 30 Lx=Ly=22 pg= 0.710 ids= 158 TEE1=-0.037 TEE2=-0.010 TEE3= 0.012  TEE4= 0.008
rank=  9 Lx=Ly=22 pg= 0.710 ids= 137 TEE1=-0.004 TEE2= 0.039 TEE3= 0.052  TEE4= 0.029
rank=114 Lx=Ly=22 pg= 0.710 ids= 242 TEE1=-0.019 TEE2= 0.008 TEE3= 0.062  TEE4= 0.120
rank= 11 Lx=Ly=22 pg= 0.710 ids= 139 TEE1= 0.019 TEE2= 0.066 TEE3= 0.097  TEE4= 0.126
rank= 53 Lx=Ly=22 pg= 0.710 ids= 181 TEE1=-0.010 TEE2= 0.017 TEE3= 0.012  TEE4= 0.008
rank= 13 Lx=Ly=22 pg= 0.710 ids= 141 TEE1=-0.023 TEE2= 0.012 TEE3= 0.041  TEE4= 0.039
rank= 15 Lx=Ly=22 pg= 0.710 ids= 143 TEE1=-0.006 TEE2= 0.027 TEE3= 0.037  TEE4= 0.033
rank= 55 Lx=Ly=22 pg= 0.710 ids= 183 TEE1=-0.066 TEE2= 0.012 TEE3= 0.064  TEE4= 0.087
rank= 83 Lx=Ly=22 pg= 0.710 ids= 211 TEE1= 0.041 TEE2= 0.056 TEE3= 0.056  TEE4= 0.074
rank= 32 Lx=Ly=22 pg= 0.710 ids= 160 TEE1=-0.091 TEE2=-0.043 TEE3=-0.010  TEE4= 0.027
rank= 87 Lx=Ly=22 pg= 0.710 ids= 215 TEE1= 0.058 TEE2= 0.029 TEE3= 0.029  TEE4= 0.017
rank= 34 Lx=Ly=22 pg= 0.710 ids= 162 TEE1= 0.033 TEE2= 0.033 TEE3= 0.029  TEE4= 0.021
rank=111 Lx=Ly=22 pg= 0.710 ids= 239 TEE1= 0.006 TEE2= 0.012 TEE3= 0.025  TEE4= 0.023
rank= 56 Lx=Ly=22 pg= 0.710 ids= 184 TEE1= 0.004 TEE2= 0.035 TEE3= 0.060  TEE4= 0.041
rank=105 Lx=Ly=22 pg= 0.710 ids= 233 TEE1=-0.025 TEE2= 0.023 TEE3= 0.043  TEE4= 0.033
rank= 58 Lx=Ly=22 pg= 0.710 ids= 186 TEE1=-0.014 TEE2= 0.039 TEE3= 0.041  TEE4= 0.043
rank= 36 Lx=Ly=22 pg= 0.710 ids= 164 TEE1=-0.081 TEE2=-0.012 TEE3= 0.023  TEE4= 0.050
rank= 74 Lx=Ly=22 pg= 0.710 ids= 202 TEE1=-0.045 TEE2= 0.008 TEE3= 0.029  TEE4= 0.039
rank=109 Lx=Ly=22 pg= 0.710 ids= 237 TEE1= 0.021 TEE2= 0.012 TEE3= 0.010  TEE4= 0.006
rank= 62 Lx=Ly=22 pg= 0.710 ids= 190 TEE1=-0.043 TEE2= 0.019 TEE3= 0.031  TEE4= 0.019
rank= 81 Lx=Ly=22 pg= 0.710 ids= 209 TEE1=-0.012 TEE2= 0.014 TEE3= 0.045  TEE4= 0.074
rank= 68 Lx=Ly=22 pg= 0.710 ids= 196 TEE1= 0.039 TEE2= 0.023 TEE3= 0.021  TEE4= 0.010
rank= 12 Lx=Ly=22 pg= 0.720 ids= 140 TEE1=-0.074 TEE2= 0.023 TEE3= 0.050  TEE4= 0.060
rank= 66 Lx=Ly=22 pg= 0.710 ids= 194 TEE1= 0.035 TEE2= 0.017 TEE3= 0.014  TEE4= 0.008
rank= 85 Lx=Ly=22 pg= 0.710 ids= 213 TEE1=-0.029 TEE2= 0.021 TEE3= 0.039  TEE4= 0.041
rank= 60 Lx=Ly=22 pg= 0.710 ids= 188 TEE1=-0.023 TEE2= 0.029 TEE3= 0.037  TEE4= 0.054
rank=  8 Lx=Ly=22 pg= 0.720 ids= 136 TEE1=-0.037 TEE2= 0.039 TEE3= 0.089  TEE4= 0.101
rank=100 Lx=Ly=22 pg= 0.720 ids= 228 TEE1=-0.054 TEE2= 0.052 TEE3= 0.089  TEE4= 0.105
rank= 75 Lx=Ly=22 pg= 0.710 ids= 203 TEE1=-0.050 TEE2= 0.017 TEE3= 0.025  TEE4= 0.027
rank= 70 Lx=Ly=22 pg= 0.710 ids= 198 TEE1= 0.004 TEE2= 0.041 TEE3= 0.052  TEE4= 0.048
rank= 78 Lx=Ly=22 pg= 0.710 ids= 206 TEE1= 0.006 TEE2= 0.041 TEE3= 0.068  TEE4= 0.060
rank= 48 Lx=Ly=22 pg= 0.710 ids= 176 TEE1=-0.056 TEE2= 0.023 TEE3= 0.062  TEE4= 0.066
rank= 82 Lx=Ly=22 pg= 0.710 ids= 210 TEE1= 0.002 TEE2= 0.060 TEE3= 0.074  TEE4= 0.099
rank= 57 Lx=Ly=22 pg= 0.710 ids= 185 TEE1=-0.014 TEE2=-0.008 TEE3= 0.021  TEE4= 0.031
rank= 26 Lx=Ly=22 pg= 0.710 ids= 154 TEE1=-0.006 TEE2= 0.017 TEE3= 0.029  TEE4= 0.019
rank= 65 Lx=Ly=22 pg= 0.720 ids= 193 TEE1= 0.033 TEE2= 0.052 TEE3= 0.064  TEE4= 0.062
rank= 73 Lx=Ly=22 pg= 0.710 ids= 201 TEE1= 0.019 TEE2= 0.031 TEE3= 0.033  TEE4= 0.014
rank= 77 Lx=Ly=22 pg= 0.710 ids= 205 TEE1= 0.031 TEE2= 0.017 TEE3= 0.019  TEE4= 0.010
rank= 79 Lx=Ly=22 pg= 0.710 ids= 207 TEE1= 0.000 TEE2= 0.050 TEE3= 0.052  TEE4= 0.045
rank=102 Lx=Ly=22 pg= 0.720 ids= 230 TEE1= 0.010 TEE2= 0.074 TEE3= 0.097  TEE4= 0.064
rank= 72 Lx=Ly=22 pg= 0.710 ids= 200 TEE1=-0.039 TEE2= 0.017 TEE3= 0.023  TEE4= 0.017
rank= 98 Lx=Ly=22 pg= 0.720 ids= 226 TEE1=-0.004 TEE2= 0.062 TEE3= 0.070  TEE4= 0.050
rank= 35 Lx=Ly=22 pg= 0.720 ids= 163 TEE1=-0.043 TEE2= 0.019 TEE3= 0.035  TEE4= 0.019
rank= 76 Lx=Ly=22 pg= 0.710 ids= 204 TEE1=-0.060 TEE2= 0.002 TEE3= 0.045  TEE4= 0.033
rank= 14 Lx=Ly=22 pg= 0.720 ids= 142 TEE1=-0.029 TEE2=-0.019 TEE3= 0.019  TEE4= 0.033
rank= 28 Lx=Ly=22 pg= 0.710 ids= 156 TEE1=-0.031 TEE2=-0.008 TEE3= 0.008  TEE4= 0.006
rank= 24 Lx=Ly=22 pg= 0.710 ids= 152 TEE1= 0.037 TEE2= 0.045 TEE3= 0.043  TEE4= 0.043
rank= 59 Lx=Ly=22 pg= 0.710 ids= 187 TEE1=-0.021 TEE2= 0.035 TEE3= 0.056  TEE4= 0.045
rank= 96 Lx=Ly=22 pg= 0.720 ids= 224 TEE1=-0.041 TEE2= 0.021 TEE3= 0.041  TEE4= 0.025
rank= 10 Lx=Ly=22 pg= 0.720 ids= 138 TEE1=-0.054 TEE2= 0.012 TEE3= 0.039  TEE4= 0.035
rank= 19 Lx=Ly=22 pg= 0.710 ids= 147 TEE1=-0.037 TEE2= 0.019 TEE3= 0.058  TEE4= 0.070
rank=122 Lx=Ly=22 pg= 0.710 ids= 250 TEE1= 0.045 TEE2= 0.097 TEE3= 0.099  TEE4= 0.112
rank= 50 Lx=Ly=22 pg= 0.710 ids= 178 TEE1= 0.010 TEE2= 0.043 TEE3= 0.066  TEE4= 0.052
rank= 63 Lx=Ly=22 pg= 0.710 ids= 191 TEE1=-0.062 TEE2=-0.006 TEE3= 0.035  TEE4= 0.041
rank= 61 Lx=Ly=22 pg= 0.710 ids= 189 TEE1=-0.008 TEE2= 0.002 TEE3= 0.023  TEE4= 0.017
rank= 67 Lx=Ly=22 pg= 0.720 ids= 195 TEE1=-0.048 TEE2= 0.006 TEE3= 0.019  TEE4= 0.017
rank= 42 Lx=Ly=22 pg= 0.720 ids= 170 TEE1=-0.070 TEE2= 0.008 TEE3= 0.031  TEE4= 0.027
rank= 89 Lx=Ly=22 pg= 0.710 ids= 217 TEE1=-0.048 TEE2=-0.017 TEE3= 0.014  TEE4= 0.041
rank= 17 Lx=Ly=22 pg= 0.710 ids= 145 TEE1= 0.008 TEE2= 0.027 TEE3= 0.037  TEE4= 0.033
rank= 23 Lx=Ly=22 pg= 0.710 ids= 151 TEE1=-0.025 TEE2= 0.048 TEE3= 0.056  TEE4= 0.062
rank= 54 Lx=Ly=22 pg= 0.710 ids= 182 TEE1=-0.068 TEE2= 0.006 TEE3= 0.048  TEE4= 0.064
rank= 52 Lx=Ly=22 pg= 0.710 ids= 180 TEE1= 0.031 TEE2= 0.056 TEE3= 0.068  TEE4= 0.093
rank= 21 Lx=Ly=22 pg= 0.710 ids= 149 TEE1=-0.043 TEE2= 0.050 TEE3= 0.068  TEE4= 0.085
rank=119 Lx=Ly=22 pg= 0.710 ids= 247 TEE1=-0.012 TEE2= 0.048 TEE3= 0.064  TEE4= 0.079
rank= 40 Lx=Ly=22 pg= 0.720 ids= 168 TEE1=-0.027 TEE2= 0.021 TEE3= 0.062  TEE4= 0.062
rank=113 Lx=Ly=22 pg= 0.710 ids= 241 TEE1= 0.021 TEE2= 0.019 TEE3= 0.031  TEE4= 0.033
rank= 97 Lx=Ly=22 pg= 0.720 ids= 225 TEE1=-0.083 TEE2=-0.006 TEE3= 0.029  TEE4= 0.097
rank= 99 Lx=Ly=22 pg= 0.720 ids= 227 TEE1=-0.008 TEE2= 0.060 TEE3= 0.076  TEE4= 0.089
rank=115 Lx=Ly=22 pg= 0.710 ids= 243 TEE1= 0.006 TEE2= 0.008 TEE3= 0.017  TEE4= 0.021
rank=117 Lx=Ly=22 pg= 0.710 ids= 245 TEE1=-0.058 TEE2= 0.043 TEE3= 0.093  TEE4= 0.130
rank=  3 Lx=Ly=22 pg= 0.720 ids= 131 TEE1=-0.054 TEE2= 0.017 TEE3= 0.027  TEE4= 0.012
rank= 71 Lx=Ly=22 pg= 0.720 ids= 199 TEE1=-0.037 TEE2= 0.014 TEE3= 0.039  TEE4= 0.033
rank=  5 Lx=Ly=22 pg= 0.720 ids= 133 TEE1=-0.070 TEE2= 0.010 TEE3= 0.068  TEE4= 0.068
rank= 20 Lx=Ly=22 pg= 0.710 ids= 148 TEE1= 0.006 TEE2= 0.097 TEE3= 0.116  TEE4= 0.116
rank=124 Lx=Ly=22 pg= 0.710 ids= 252 TEE1=-0.002 TEE2= 0.025 TEE3= 0.041  TEE4= 0.066
rank=120 Lx=Ly=22 pg= 0.710 ids= 248 TEE1= 0.064 TEE2= 0.043 TEE3= 0.054  TEE4= 0.041
rank= 33 Lx=Ly=22 pg= 0.720 ids= 161 TEE1=-0.023 TEE2= 0.010 TEE3= 0.012  TEE4= 0.006
rank= 86 Lx=Ly=22 pg= 0.710 ids= 214 TEE1=-0.054 TEE2= 0.029 TEE3= 0.058  TEE4= 0.062
rank= 16 Lx=Ly=22 pg= 0.710 ids= 144 TEE1= 0.025 TEE2= 0.070 TEE3= 0.081  TEE4= 0.072
rank=126 Lx=Ly=22 pg= 0.710 ids= 254 TEE1= 0.004 TEE2= 0.025 TEE3= 0.033  TEE4= 0.029
rank= 37 Lx=Ly=22 pg= 0.720 ids= 165 TEE1=-0.045 TEE2= 0.012 TEE3= 0.052  TEE4= 0.052
rank= 69 Lx=Ly=22 pg= 0.720 ids= 197 TEE1= 0.000 TEE2= 0.029 TEE3= 0.039  TEE4= 0.025
rank=  1 Lx=Ly=22 pg= 0.720 ids= 129 TEE1=-0.025 TEE2= 0.081 TEE3= 0.103  TEE4= 0.097
rank= 39 Lx=Ly=22 pg= 0.720 ids= 167 TEE1=-0.025 TEE2= 0.012 TEE3= 0.029  TEE4= 0.014
rank= 22 Lx=Ly=22 pg= 0.710 ids= 150 TEE1=-0.043 TEE2= 0.039 TEE3= 0.074  TEE4= 0.091
rank= 80 Lx=Ly=22 pg= 0.710 ids= 208 TEE1=-0.054 TEE2= 0.025 TEE3= 0.052  TEE4= 0.050
rank= 18 Lx=Ly=22 pg= 0.710 ids= 146 TEE1=-0.002 TEE2=-0.002 TEE3= 0.012  TEE4= 0.008
rank=  7 Lx=Ly=22 pg= 0.720 ids= 135 TEE1= 0.039 TEE2= 0.035 TEE3= 0.043  TEE4= 0.035
rank= 46 Lx=Ly=22 pg= 0.720 ids= 174 TEE1= 0.010 TEE2=-0.006 TEE3= 0.010  TEE4= 0.010
rank= 93 Lx=Ly=22 pg= 0.710 ids= 221 TEE1=-0.035 TEE2= 0.035 TEE3= 0.045  TEE4= 0.074
rank= 91 Lx=Ly=22 pg= 0.710 ids= 219 TEE1=-0.019 TEE2= 0.008 TEE3= 0.041  TEE4= 0.054
rank= 84 Lx=Ly=22 pg= 0.710 ids= 212 TEE1= 0.002 TEE2= 0.025 TEE3= 0.025  TEE4= 0.012
rank=103 Lx=Ly=22 pg= 0.720 ids= 231 TEE1= 0.014 TEE2= 0.031 TEE3= 0.054  TEE4= 0.064
rank= 44 Lx=Ly=22 pg= 0.720 ids= 172 TEE1=-0.052 TEE2= 0.031 TEE3= 0.054  TEE4= 0.066
rank= 95 Lx=Ly=22 pg= 0.710 ids= 223 TEE1= 0.000 TEE2= 0.058 TEE3= 0.072  TEE4= 0.089
rank=101 Lx=Ly=22 pg= 0.720 ids= 229 TEE1=-0.014 TEE2= 0.004 TEE3= 0.017  TEE4= 0.010
rank= 51 Lx=Ly=22 pg= 0.720 ids= 179 TEE1=-0.035 TEE2=-0.027 TEE3= 0.019  TEE4= 0.064
rank= 25 Lx=Ly=22 pg= 0.720 ids= 153 TEE1=-0.083 TEE2= 0.014 TEE3= 0.068  TEE4= 0.048
rank=112 Lx=Ly=22 pg= 0.720 ids= 240 TEE1=-0.012 TEE2= 0.050 TEE3= 0.070  TEE4= 0.062
rank= 94 Lx=Ly=22 pg= 0.710 ids= 222 TEE1=-0.101 TEE2=-0.014 TEE3= 0.023  TEE4= 0.068
rank=  2 Lx=Ly=22 pg= 0.720 ids= 130 TEE1=-0.035 TEE2= 0.043 TEE3= 0.054  TEE4= 0.043
rank=127 Lx=Ly=22 pg= 0.720 ids= 255 TEE1= 0.010 TEE2= 0.060 TEE3= 0.062  TEE4= 0.050
rank=110 Lx=Ly=22 pg= 0.720 ids= 238 TEE1= 0.021 TEE2= 0.033 TEE3= 0.058  TEE4= 0.064
rank= 88 Lx=Ly=22 pg= 0.710 ids= 216 TEE1=-0.031 TEE2= 0.025 TEE3= 0.068  TEE4= 0.072
rank= 92 Lx=Ly=22 pg= 0.710 ids= 220 TEE1=-0.097 TEE2=-0.002 TEE3= 0.052  TEE4= 0.085
rank=106 Lx=Ly=22 pg= 0.720 ids= 234 TEE1= 0.031 TEE2= 0.023 TEE3= 0.021  TEE4= 0.010
rank=121 Lx=Ly=22 pg= 0.720 ids= 249 TEE1=-0.095 TEE2=-0.010 TEE3= 0.041  TEE4= 0.041
rank= 90 Lx=Ly=22 pg= 0.710 ids= 218 TEE1=-0.021 TEE2= 0.025 TEE3= 0.050  TEE4= 0.039
rank=116 Lx=Ly=22 pg= 0.720 ids= 244 TEE1=-0.050 TEE2=-0.004 TEE3= 0.017  TEE4= 0.012
rank= 45 Lx=Ly=22 pg= 0.720 ids= 173 TEE1= 0.035 TEE2= 0.070 TEE3= 0.076  TEE4= 0.079
rank= 31 Lx=Ly=22 pg= 0.720 ids= 159 TEE1=-0.033 TEE2= 0.062 TEE3= 0.089  TEE4= 0.103
rank=104 Lx=Ly=22 pg= 0.720 ids= 232 TEE1=-0.033 TEE2= 0.002 TEE3= 0.017  TEE4= 0.019
rank=108 Lx=Ly=22 pg= 0.720 ids= 236 TEE1=-0.058 TEE2= 0.058 TEE3= 0.089  TEE4= 0.128
rank=107 Lx=Ly=22 pg= 0.720 ids= 235 TEE1=-0.006 TEE2= 0.021 TEE3= 0.035  TEE4= 0.041
rank=  6 Lx=Ly=22 pg= 0.720 ids= 134 TEE1= 0.006 TEE2= 0.043 TEE3= 0.045  TEE4= 0.039
rank= 27 Lx=Ly=22 pg= 0.720 ids= 155 TEE1=-0.014 TEE2= 0.014 TEE3= 0.025  TEE4= 0.027
rank= 38 Lx=Ly=22 pg= 0.720 ids= 166 TEE1=-0.021 TEE2= 0.008 TEE3= 0.012  TEE4= 0.006
rank=  4 Lx=Ly=22 pg= 0.720 ids= 132 TEE1=-0.031 TEE2= 0.008 TEE3= 0.021  TEE4= 0.029
rank= 41 Lx=Ly=22 pg= 0.720 ids= 169 TEE1=-0.062 TEE2= 0.021 TEE3= 0.031  TEE4= 0.023
rank= 49 Lx=Ly=22 pg= 0.720 ids= 177 TEE1=-0.012 TEE2= 0.023 TEE3= 0.037  TEE4= 0.027
rank=125 Lx=Ly=22 pg= 0.720 ids= 253 TEE1=-0.076 TEE2= 0.033 TEE3= 0.056  TEE4= 0.058
rank=  0 Lx=Ly=22 pg= 0.720 ids= 128 TEE1=-0.070 TEE2= 0.027 TEE3= 0.048  TEE4= 0.087
rank= 43 Lx=Ly=22 pg= 0.720 ids= 171 TEE1=-0.023 TEE2= 0.050 TEE3= 0.099  TEE4= 0.085
rank= 47 Lx=Ly=22 pg= 0.720 ids= 175 TEE1=-0.025 TEE2= 0.031 TEE3= 0.035  TEE4= 0.017
rank= 29 Lx=Ly=22 pg= 0.720 ids= 157 TEE1= 0.017 TEE2= 0.025 TEE3= 0.029  TEE4= 0.021
rank=118 Lx=Ly=22 pg= 0.720 ids= 246 TEE1=-0.052 TEE2=-0.004 TEE3= 0.008  TEE4= 0.021
rank= 30 Lx=Ly=22 pg= 0.720 ids= 158 TEE1=-0.110 TEE2=-0.014 TEE3= 0.025  TEE4= 0.039
rank=123 Lx=Ly=22 pg= 0.720 ids= 251 TEE1=-0.004 TEE2= 0.037 TEE3= 0.060  TEE4= 0.068
rank=  9 Lx=Ly=22 pg= 0.720 ids= 137 TEE1=-0.066 TEE2=-0.017 TEE3= 0.027  TEE4= 0.039
rank= 64 Lx=Ly=22 pg= 0.720 ids= 192 TEE1=-0.025 TEE2= 0.008 TEE3= 0.035  TEE4= 0.031
rank= 11 Lx=Ly=22 pg= 0.720 ids= 139 TEE1= 0.019 TEE2= 0.048 TEE3= 0.054  TEE4= 0.050
rank=114 Lx=Ly=22 pg= 0.720 ids= 242 TEE1=-0.019 TEE2= 0.041 TEE3= 0.068  TEE4= 0.076
rank= 13 Lx=Ly=22 pg= 0.720 ids= 141 TEE1= 0.014 TEE2= 0.060 TEE3= 0.054  TEE4= 0.052
rank= 15 Lx=Ly=22 pg= 0.720 ids= 143 TEE1=-0.091 TEE2= 0.037 TEE3= 0.099  TEE4= 0.136
rank= 53 Lx=Ly=22 pg= 0.720 ids= 181 TEE1=-0.025 TEE2= 0.054 TEE3= 0.068  TEE4= 0.041
rank= 55 Lx=Ly=22 pg= 0.720 ids= 183 TEE1=-0.031 TEE2= 0.017 TEE3= 0.029  TEE4= 0.023
rank= 83 Lx=Ly=22 pg= 0.720 ids= 211 TEE1=-0.048 TEE2= 0.002 TEE3= 0.027  TEE4= 0.014
rank= 32 Lx=Ly=22 pg= 0.720 ids= 160 TEE1=-0.153 TEE2=-0.064 TEE3= 0.058  TEE4= 0.070
rank= 87 Lx=Ly=22 pg= 0.720 ids= 215 TEE1=-0.147 TEE2=-0.045 TEE3= 0.025  TEE4= 0.072
rank= 34 Lx=Ly=22 pg= 0.720 ids= 162 TEE1=-0.023 TEE2= 0.035 TEE3= 0.068  TEE4= 0.081
rank=111 Lx=Ly=22 pg= 0.720 ids= 239 TEE1=-0.019 TEE2=-0.008 TEE3= 0.012  TEE4= 0.014
rank=105 Lx=Ly=22 pg= 0.720 ids= 233 TEE1=-0.008 TEE2= 0.017 TEE3= 0.023  TEE4= 0.010
rank= 56 Lx=Ly=22 pg= 0.720 ids= 184 TEE1=-0.031 TEE2= 0.033 TEE3= 0.058  TEE4= 0.035
rank= 58 Lx=Ly=22 pg= 0.720 ids= 186 TEE1=-0.023 TEE2= 0.029 TEE3= 0.054  TEE4= 0.056
rank= 36 Lx=Ly=22 pg= 0.720 ids= 164 TEE1=-0.019 TEE2= 0.021 TEE3= 0.041  TEE4= 0.027
rank= 74 Lx=Ly=22 pg= 0.720 ids= 202 TEE1=-0.019 TEE2= 0.004 TEE3= 0.023  TEE4= 0.019
rank= 12 Lx=Ly=22 pg= 0.730 ids= 140 TEE1=-0.128 TEE2= 0.002 TEE3= 0.048  TEE4= 0.054
rank=109 Lx=Ly=22 pg= 0.720 ids= 237 TEE1=-0.138 TEE2=-0.054 TEE3= 0.000  TEE4= 0.023
rank= 81 Lx=Ly=22 pg= 0.720 ids= 209 TEE1=-0.039 TEE2= 0.004 TEE3= 0.056  TEE4= 0.081
rank= 62 Lx=Ly=22 pg= 0.720 ids= 190 TEE1=-0.033 TEE2= 0.091 TEE3= 0.114  TEE4= 0.112
rank= 85 Lx=Ly=22 pg= 0.720 ids= 213 TEE1=-0.072 TEE2= 0.017 TEE3= 0.041  TEE4= 0.041
rank=  8 Lx=Ly=22 pg= 0.730 ids= 136 TEE1=-0.014 TEE2= 0.021 TEE3= 0.027  TEE4= 0.035
rank= 68 Lx=Ly=22 pg= 0.720 ids= 196 TEE1=-0.060 TEE2= 0.021 TEE3= 0.056  TEE4= 0.060
rank= 66 Lx=Ly=22 pg= 0.720 ids= 194 TEE1=-0.031 TEE2= 0.027 TEE3= 0.052  TEE4= 0.050
rank= 60 Lx=Ly=22 pg= 0.720 ids= 188 TEE1=-0.074 TEE2= 0.054 TEE3= 0.107  TEE4= 0.103
rank=100 Lx=Ly=22 pg= 0.730 ids= 228 TEE1=-0.050 TEE2=-0.021 TEE3= 0.010  TEE4= 0.014
rank= 75 Lx=Ly=22 pg= 0.720 ids= 203 TEE1=-0.004 TEE2= 0.048 TEE3= 0.054  TEE4= 0.039
rank= 78 Lx=Ly=22 pg= 0.720 ids= 206 TEE1=-0.037 TEE2= 0.037 TEE3= 0.064  TEE4= 0.070
rank= 48 Lx=Ly=22 pg= 0.720 ids= 176 TEE1=-0.043 TEE2= 0.012 TEE3= 0.033  TEE4= 0.019
rank= 70 Lx=Ly=22 pg= 0.720 ids= 198 TEE1=-0.083 TEE2= 0.000 TEE3= 0.031  TEE4= 0.039
rank= 57 Lx=Ly=22 pg= 0.720 ids= 185 TEE1=-0.122 TEE2=-0.019 TEE3= 0.023  TEE4= 0.041
rank= 26 Lx=Ly=22 pg= 0.720 ids= 154 TEE1=-0.066 TEE2= 0.056 TEE3= 0.110  TEE4= 0.081
rank= 82 Lx=Ly=22 pg= 0.720 ids= 210 TEE1=-0.058 TEE2=-0.004 TEE3= 0.033  TEE4= 0.045
rank= 65 Lx=Ly=22 pg= 0.730 ids= 193 TEE1=-0.153 TEE2=-0.004 TEE3= 0.083  TEE4= 0.165
rank=102 Lx=Ly=22 pg= 0.730 ids= 230 TEE1= 0.058 TEE2= 0.072 TEE3= 0.072  TEE4= 0.052
rank= 73 Lx=Ly=22 pg= 0.720 ids= 201 TEE1=-0.031 TEE2= 0.019 TEE3= 0.023  TEE4= 0.008
rank= 35 Lx=Ly=22 pg= 0.730 ids= 163 TEE1=-0.087 TEE2=-0.002 TEE3= 0.035  TEE4= 0.076
rank= 98 Lx=Ly=22 pg= 0.730 ids= 226 TEE1=-0.072 TEE2= 0.008 TEE3= 0.054  TEE4= 0.079
rank= 77 Lx=Ly=22 pg= 0.720 ids= 205 TEE1=-0.087 TEE2=-0.010 TEE3= 0.035  TEE4= 0.058
rank= 79 Lx=Ly=22 pg= 0.720 ids= 207 TEE1= 0.039 TEE2= 0.037 TEE3= 0.037  TEE4= 0.035
rank= 14 Lx=Ly=22 pg= 0.730 ids= 142 TEE1=-0.008 TEE2= 0.045 TEE3= 0.066  TEE4= 0.039
rank= 28 Lx=Ly=22 pg= 0.720 ids= 156 TEE1=-0.019 TEE2= 0.062 TEE3= 0.085  TEE4= 0.095
rank= 24 Lx=Ly=22 pg= 0.720 ids= 152 TEE1=-0.056 TEE2= 0.056 TEE3= 0.087  TEE4= 0.085
rank= 72 Lx=Ly=22 pg= 0.720 ids= 200 TEE1=-0.029 TEE2= 0.056 TEE3= 0.079  TEE4= 0.101
rank= 76 Lx=Ly=22 pg= 0.720 ids= 204 TEE1=-0.029 TEE2= 0.014 TEE3= 0.052  TEE4= 0.076
rank= 96 Lx=Ly=22 pg= 0.730 ids= 224 TEE1=-0.060 TEE2=-0.004 TEE3= 0.021  TEE4= 0.027
rank= 10 Lx=Ly=22 pg= 0.730 ids= 138 TEE1=-0.149 TEE2=-0.017 TEE3= 0.017  TEE4= 0.023
rank= 59 Lx=Ly=22 pg= 0.720 ids= 187 TEE1=-0.083 TEE2= 0.008 TEE3= 0.041  TEE4= 0.056
rank=122 Lx=Ly=22 pg= 0.720 ids= 250 TEE1= 0.014 TEE2= 0.041 TEE3= 0.048  TEE4= 0.045
rank= 50 Lx=Ly=22 pg= 0.720 ids= 178 TEE1=-0.050 TEE2= 0.021 TEE3= 0.037  TEE4= 0.031
rank= 42 Lx=Ly=22 pg= 0.730 ids= 170 TEE1=-0.062 TEE2= 0.023 TEE3= 0.076  TEE4= 0.062
rank= 19 Lx=Ly=22 pg= 0.720 ids= 147 TEE1= 0.017 TEE2= 0.074 TEE3= 0.072  TEE4= 0.066
rank= 67 Lx=Ly=22 pg= 0.730 ids= 195 TEE1=-0.004 TEE2= 0.019 TEE3= 0.025  TEE4= 0.031
rank= 89 Lx=Ly=22 pg= 0.720 ids= 217 TEE1=-0.070 TEE2= 0.004 TEE3= 0.023  TEE4= 0.021
rank= 63 Lx=Ly=22 pg= 0.720 ids= 191 TEE1=-0.043 TEE2= 0.006 TEE3= 0.023  TEE4= 0.031
rank= 61 Lx=Ly=22 pg= 0.720 ids= 189 TEE1=-0.054 TEE2= 0.014 TEE3= 0.029  TEE4= 0.029
rank= 52 Lx=Ly=22 pg= 0.720 ids= 180 TEE1=-0.023 TEE2= 0.023 TEE3= 0.060  TEE4= 0.045
rank= 17 Lx=Ly=22 pg= 0.720 ids= 145 TEE1=-0.004 TEE2= 0.031 TEE3= 0.041  TEE4= 0.023
rank= 54 Lx=Ly=22 pg= 0.720 ids= 182 TEE1=-0.068 TEE2= 0.012 TEE3= 0.041  TEE4= 0.041
rank= 23 Lx=Ly=22 pg= 0.720 ids= 151 TEE1= 0.019 TEE2= 0.006 TEE3= 0.008  TEE4= 0.004
rank= 21 Lx=Ly=22 pg= 0.720 ids= 149 TEE1=-0.072 TEE2= 0.031 TEE3= 0.091  TEE4= 0.114
rank=119 Lx=Ly=22 pg= 0.720 ids= 247 TEE1=-0.060 TEE2= 0.021 TEE3= 0.023  TEE4= 0.023
rank= 40 Lx=Ly=22 pg= 0.730 ids= 168 TEE1=-0.128 TEE2=-0.014 TEE3= 0.029  TEE4= 0.029
rank=  3 Lx=Ly=22 pg= 0.730 ids= 131 TEE1=-0.017 TEE2= 0.017 TEE3= 0.029  TEE4= 0.027
rank= 97 Lx=Ly=22 pg= 0.730 ids= 225 TEE1=-0.186 TEE2=-0.031 TEE3= 0.031  TEE4= 0.066
rank= 99 Lx=Ly=22 pg= 0.730 ids= 227 TEE1=-0.079 TEE2= 0.000 TEE3= 0.048  TEE4= 0.107
rank=  5 Lx=Ly=22 pg= 0.730 ids= 133 TEE1= 0.004 TEE2= 0.091 TEE3= 0.101  TEE4= 0.076
rank=113 Lx=Ly=22 pg= 0.720 ids= 241 TEE1= 0.027 TEE2= 0.052 TEE3= 0.081  TEE4= 0.112
rank= 71 Lx=Ly=22 pg= 0.730 ids= 199 TEE1=-0.043 TEE2= 0.043 TEE3= 0.081  TEE4= 0.087
rank=117 Lx=Ly=22 pg= 0.720 ids= 245 TEE1= 0.019 TEE2= 0.021 TEE3= 0.017  TEE4= 0.010
rank=115 Lx=Ly=22 pg= 0.720 ids= 243 TEE1=-0.029 TEE2= 0.058 TEE3= 0.079  TEE4= 0.079
rank=  1 Lx=Ly=22 pg= 0.730 ids= 129 TEE1=-0.037 TEE2= 0.014 TEE3= 0.031  TEE4= 0.021
rank= 33 Lx=Ly=22 pg= 0.730 ids= 161 TEE1=-0.064 TEE2=-0.002 TEE3= 0.027  TEE4= 0.037
rank= 37 Lx=Ly=22 pg= 0.730 ids= 165 TEE1=-0.006 TEE2= 0.033 TEE3= 0.043  TEE4= 0.039
rank= 69 Lx=Ly=22 pg= 0.730 ids= 197 TEE1=-0.035 TEE2= 0.081 TEE3= 0.140  TEE4= 0.149
rank=  7 Lx=Ly=22 pg= 0.730 ids= 135 TEE1=-0.066 TEE2= 0.004 TEE3= 0.062  TEE4= 0.076
rank=120 Lx=Ly=22 pg= 0.720 ids= 248 TEE1= 0.019 TEE2= 0.093 TEE3= 0.103  TEE4= 0.107
rank=124 Lx=Ly=22 pg= 0.720 ids= 252 TEE1=-0.029 TEE2= 0.076 TEE3= 0.114  TEE4= 0.130
rank= 20 Lx=Ly=22 pg= 0.720 ids= 148 TEE1=-0.180 TEE2=-0.037 TEE3= 0.089  TEE4= 0.138
rank= 39 Lx=Ly=22 pg= 0.730 ids= 167 TEE1=-0.045 TEE2= 0.027 TEE3= 0.064  TEE4= 0.128
rank= 86 Lx=Ly=22 pg= 0.720 ids= 214 TEE1= 0.031 TEE2= 0.014 TEE3= 0.012  TEE4= 0.004
rank= 16 Lx=Ly=22 pg= 0.720 ids= 144 TEE1=-0.002 TEE2= 0.019 TEE3= 0.037  TEE4= 0.052
rank=126 Lx=Ly=22 pg= 0.720 ids= 254 TEE1=-0.035 TEE2= 0.037 TEE3= 0.052  TEE4= 0.089
rank= 46 Lx=Ly=22 pg= 0.730 ids= 174 TEE1=-0.058 TEE2= 0.056 TEE3= 0.087  TEE4= 0.093
rank= 22 Lx=Ly=22 pg= 0.720 ids= 150 TEE1=-0.006 TEE2= 0.021 TEE3= 0.039  TEE4= 0.039
rank= 80 Lx=Ly=22 pg= 0.720 ids= 208 TEE1=-0.076 TEE2= 0.008 TEE3= 0.074  TEE4= 0.126
rank=103 Lx=Ly=22 pg= 0.730 ids= 231 TEE1=-0.074 TEE2= 0.023 TEE3= 0.066  TEE4= 0.076
rank= 44 Lx=Ly=22 pg= 0.730 ids= 172 TEE1=-0.008 TEE2= 0.064 TEE3= 0.079  TEE4= 0.083
rank= 93 Lx=Ly=22 pg= 0.720 ids= 221 TEE1=-0.023 TEE2= 0.037 TEE3= 0.054  TEE4= 0.054
rank= 18 Lx=Ly=22 pg= 0.720 ids= 146 TEE1= 0.006 TEE2= 0.054 TEE3= 0.074  TEE4= 0.058
rank= 91 Lx=Ly=22 pg= 0.720 ids= 219 TEE1=-0.019 TEE2= 0.000 TEE3= 0.004  TEE4= 0.002
rank= 84 Lx=Ly=22 pg= 0.720 ids= 212 TEE1= 0.021 TEE2= 0.008 TEE3= 0.008  TEE4= 0.004
rank=101 Lx=Ly=22 pg= 0.730 ids= 229 TEE1=-0.068 TEE2= 0.056 TEE3= 0.083  TEE4= 0.085
rank= 51 Lx=Ly=22 pg= 0.730 ids= 179 TEE1=-0.004 TEE2= 0.045 TEE3= 0.064  TEE4= 0.081
rank= 95 Lx=Ly=22 pg= 0.720 ids= 223 TEE1=-0.031 TEE2= 0.058 TEE3= 0.097  TEE4= 0.079
rank= 25 Lx=Ly=22 pg= 0.730 ids= 153 TEE1=-0.050 TEE2=-0.021 TEE3= 0.025  TEE4= 0.033
rank=112 Lx=Ly=22 pg= 0.730 ids= 240 TEE1=-0.052 TEE2= 0.004 TEE3= 0.008  TEE4= 0.010
rank=  2 Lx=Ly=22 pg= 0.730 ids= 130 TEE1=-0.192 TEE2=-0.037 TEE3= 0.097  TEE4= 0.186
rank=127 Lx=Ly=22 pg= 0.730 ids= 255 TEE1=-0.074 TEE2= 0.029 TEE3= 0.072  TEE4= 0.095
rank=110 Lx=Ly=22 pg= 0.730 ids= 238 TEE1= 0.004 TEE2= 0.043 TEE3= 0.048  TEE4= 0.029
rank= 94 Lx=Ly=22 pg= 0.720 ids= 222 TEE1=-0.035 TEE2= 0.033 TEE3= 0.043  TEE4= 0.043
rank= 88 Lx=Ly=22 pg= 0.720 ids= 216 TEE1=-0.064 TEE2= 0.006 TEE3= 0.035  TEE4= 0.054
rank=121 Lx=Ly=22 pg= 0.730 ids= 249 TEE1=-0.010 TEE2= 0.031 TEE3= 0.054  TEE4= 0.056
rank=106 Lx=Ly=22 pg= 0.730 ids= 234 TEE1=-0.066 TEE2= 0.004 TEE3= 0.027  TEE4= 0.017
rank= 45 Lx=Ly=22 pg= 0.730 ids= 173 TEE1=-0.087 TEE2=-0.006 TEE3= 0.035  TEE4= 0.043
rank= 31 Lx=Ly=22 pg= 0.730 ids= 159 TEE1=-0.153 TEE2=-0.035 TEE3= 0.048  TEE4= 0.087
rank=116 Lx=Ly=22 pg= 0.730 ids= 244 TEE1=-0.165 TEE2=-0.017 TEE3= 0.087  TEE4= 0.147
rank= 92 Lx=Ly=22 pg= 0.720 ids= 220 TEE1=-0.062 TEE2= 0.004 TEE3= 0.019  TEE4= 0.012
rank=104 Lx=Ly=22 pg= 0.730 ids= 232 TEE1=-0.058 TEE2= 0.029 TEE3= 0.079  TEE4= 0.128
rank= 90 Lx=Ly=22 pg= 0.720 ids= 218 TEE1=-0.008 TEE2= 0.027 TEE3= 0.031  TEE4= 0.025
rank=108 Lx=Ly=22 pg= 0.730 ids= 236 TEE1=-0.039 TEE2= 0.027 TEE3= 0.070  TEE4= 0.110
rank=107 Lx=Ly=22 pg= 0.730 ids= 235 TEE1=-0.043 TEE2= 0.010 TEE3= 0.043  TEE4= 0.058
rank= 27 Lx=Ly=22 pg= 0.730 ids= 155 TEE1=-0.126 TEE2=-0.017 TEE3= 0.039  TEE4= 0.037
rank= 38 Lx=Ly=22 pg= 0.730 ids= 166 TEE1=-0.064 TEE2= 0.019 TEE3= 0.031  TEE4= 0.019
rank=  6 Lx=Ly=22 pg= 0.730 ids= 134 TEE1=-0.025 TEE2= 0.017 TEE3= 0.033  TEE4= 0.031
rank= 41 Lx=Ly=22 pg= 0.730 ids= 169 TEE1=-0.054 TEE2=-0.035 TEE3= 0.002  TEE4= 0.008
rank=  4 Lx=Ly=22 pg= 0.730 ids= 132 TEE1=-0.043 TEE2= 0.060 TEE3= 0.081  TEE4= 0.085
rank= 49 Lx=Ly=22 pg= 0.730 ids= 177 TEE1=-0.033 TEE2= 0.029 TEE3= 0.074  TEE4= 0.116
rank= 43 Lx=Ly=22 pg= 0.730 ids= 171 TEE1= 0.021 TEE2= 0.012 TEE3= 0.037  TEE4= 0.045
rank= 29 Lx=Ly=22 pg= 0.730 ids= 157 TEE1=-0.002 TEE2= 0.029 TEE3= 0.048  TEE4= 0.054
rank= 47 Lx=Ly=22 pg= 0.730 ids= 175 TEE1=-0.101 TEE2= 0.012 TEE3= 0.079  TEE4= 0.159
rank=125 Lx=Ly=22 pg= 0.730 ids= 253 TEE1=-0.004 TEE2= 0.019 TEE3= 0.031  TEE4= 0.068
rank=  0 Lx=Ly=22 pg= 0.730 ids= 128 TEE1=-0.056 TEE2=-0.004 TEE3= 0.004  TEE4= 0.010
rank= 30 Lx=Ly=22 pg= 0.730 ids= 158 TEE1=-0.043 TEE2= 0.023 TEE3= 0.035  TEE4= 0.023
rank=118 Lx=Ly=22 pg= 0.730 ids= 246 TEE1=-0.052 TEE2= 0.033 TEE3= 0.060  TEE4= 0.062
rank=123 Lx=Ly=22 pg= 0.730 ids= 251 TEE1=-0.099 TEE2=-0.008 TEE3= 0.017  TEE4= 0.037
rank=  9 Lx=Ly=22 pg= 0.730 ids= 137 TEE1=-0.105 TEE2= 0.031 TEE3= 0.070  TEE4= 0.101
rank= 11 Lx=Ly=22 pg= 0.730 ids= 139 TEE1= 0.050 TEE2= 0.052 TEE3= 0.066  TEE4= 0.087
rank=114 Lx=Ly=22 pg= 0.730 ids= 242 TEE1=-0.112 TEE2=-0.012 TEE3= 0.033  TEE4= 0.074
rank= 64 Lx=Ly=22 pg= 0.730 ids= 192 TEE1=-0.128 TEE2=-0.017 TEE3= 0.056  TEE4= 0.124
rank= 15 Lx=Ly=22 pg= 0.730 ids= 143 TEE1=-0.107 TEE2=-0.023 TEE3= 0.048  TEE4= 0.070
rank= 13 Lx=Ly=22 pg= 0.730 ids= 141 TEE1=-0.087 TEE2=-0.002 TEE3= 0.031  TEE4= 0.056
rank= 53 Lx=Ly=22 pg= 0.730 ids= 181 TEE1=-0.095 TEE2=-0.002 TEE3= 0.019  TEE4= 0.023
rank= 83 Lx=Ly=22 pg= 0.730 ids= 211 TEE1=-0.041 TEE2= 0.002 TEE3= 0.010  TEE4= 0.006
rank= 55 Lx=Ly=22 pg= 0.730 ids= 183 TEE1=-0.002 TEE2= 0.010 TEE3= 0.012  TEE4= 0.006
rank= 32 Lx=Ly=22 pg= 0.730 ids= 160 TEE1=-0.081 TEE2= 0.029 TEE3= 0.081  TEE4= 0.076
rank= 87 Lx=Ly=22 pg= 0.730 ids= 215 TEE1=-0.174 TEE2=-0.037 TEE3= 0.023  TEE4= 0.048
rank= 34 Lx=Ly=22 pg= 0.730 ids= 162 TEE1=-0.110 TEE2= 0.023 TEE3= 0.101  TEE4= 0.161
rank=111 Lx=Ly=22 pg= 0.730 ids= 239 TEE1= 0.006 TEE2= 0.039 TEE3= 0.058  TEE4= 0.058
rank=105 Lx=Ly=22 pg= 0.730 ids= 233 TEE1=-0.056 TEE2=-0.010 TEE3= 0.056  TEE4= 0.068
rank= 56 Lx=Ly=22 pg= 0.730 ids= 184 TEE1= 0.037 TEE2= 0.068 TEE3= 0.079  TEE4= 0.089
rank= 58 Lx=Ly=22 pg= 0.730 ids= 186 TEE1=-0.099 TEE2= 0.039 TEE3= 0.130  TEE4= 0.176
rank= 74 Lx=Ly=22 pg= 0.730 ids= 202 TEE1=-0.008 TEE2= 0.054 TEE3= 0.074  TEE4= 0.083
rank= 36 Lx=Ly=22 pg= 0.730 ids= 164 TEE1=-0.128 TEE2= 0.004 TEE3= 0.041  TEE4= 0.039
rank= 12 Lx=Ly=22 pg= 0.740 ids= 140 TEE1=-0.097 TEE2= 0.031 TEE3= 0.103  TEE4= 0.143
rank=  8 Lx=Ly=22 pg= 0.740 ids= 136 TEE1=-0.116 TEE2=-0.021 TEE3= 0.033  TEE4= 0.085
rank=109 Lx=Ly=22 pg= 0.730 ids= 237 TEE1=-0.045 TEE2= 0.072 TEE3= 0.097  TEE4= 0.124
rank= 81 Lx=Ly=22 pg= 0.730 ids= 209 TEE1=-0.043 TEE2= 0.072 TEE3= 0.083  TEE4= 0.097
rank=100 Lx=Ly=22 pg= 0.740 ids= 228 TEE1=-0.076 TEE2= 0.019 TEE3= 0.083  TEE4= 0.105
rank= 85 Lx=Ly=22 pg= 0.730 ids= 213 TEE1= 0.006 TEE2= 0.043 TEE3= 0.043  TEE4= 0.023
rank= 62 Lx=Ly=22 pg= 0.730 ids= 190 TEE1= 0.000 TEE2= 0.039 TEE3= 0.070  TEE4= 0.068
rank= 60 Lx=Ly=22 pg= 0.730 ids= 188 TEE1=-0.107 TEE2= 0.019 TEE3= 0.074  TEE4= 0.079
rank= 68 Lx=Ly=22 pg= 0.730 ids= 196 TEE1=-0.037 TEE2= 0.002 TEE3= 0.035  TEE4= 0.027
rank= 66 Lx=Ly=22 pg= 0.730 ids= 194 TEE1=-0.089 TEE2= 0.052 TEE3= 0.105  TEE4= 0.124
rank= 75 Lx=Ly=22 pg= 0.730 ids= 203 TEE1=-0.072 TEE2= 0.012 TEE3= 0.070  TEE4= 0.116
rank= 48 Lx=Ly=22 pg= 0.730 ids= 176 TEE1=-0.019 TEE2= 0.012 TEE3= 0.033  TEE4= 0.025
rank= 78 Lx=Ly=22 pg= 0.730 ids= 206 TEE1=-0.095 TEE2= 0.008 TEE3= 0.066  TEE4= 0.072
rank= 26 Lx=Ly=22 pg= 0.730 ids= 154 TEE1=-0.062 TEE2= 0.041 TEE3= 0.107  TEE4= 0.118
rank= 70 Lx=Ly=22 pg= 0.730 ids= 198 TEE1=-0.029 TEE2= 0.050 TEE3= 0.079  TEE4= 0.083
rank= 57 Lx=Ly=22 pg= 0.730 ids= 185 TEE1=-0.153 TEE2=-0.041 TEE3= 0.019  TEE4= 0.062
rank= 65 Lx=Ly=22 pg= 0.740 ids= 193 TEE1=-0.138 TEE2=-0.058 TEE3= 0.033  TEE4= 0.064
rank= 82 Lx=Ly=22 pg= 0.730 ids= 210 TEE1=-0.014 TEE2= 0.062 TEE3= 0.081  TEE4= 0.056
rank=102 Lx=Ly=22 pg= 0.740 ids= 230 TEE1=-0.021 TEE2= 0.002 TEE3= 0.033  TEE4= 0.031
rank= 35 Lx=Ly=22 pg= 0.740 ids= 163 TEE1=-0.107 TEE2=-0.010 TEE3= 0.076  TEE4= 0.182
rank= 98 Lx=Ly=22 pg= 0.740 ids= 226 TEE1=-0.064 TEE2= 0.037 TEE3= 0.072  TEE4= 0.097
rank= 14 Lx=Ly=22 pg= 0.740 ids= 142 TEE1=-0.045 TEE2= 0.031 TEE3= 0.062  TEE4= 0.099
rank= 73 Lx=Ly=22 pg= 0.730 ids= 201 TEE1=-0.029 TEE2= 0.033 TEE3= 0.060  TEE4= 0.066
rank= 28 Lx=Ly=22 pg= 0.730 ids= 156 TEE1=-0.165 TEE2=-0.006 TEE3= 0.072  TEE4= 0.116
rank= 24 Lx=Ly=22 pg= 0.730 ids= 152 TEE1=-0.037 TEE2= 0.056 TEE3= 0.072  TEE4= 0.066
rank= 77 Lx=Ly=22 pg= 0.730 ids= 205 TEE1=-0.054 TEE2= 0.033 TEE3= 0.058  TEE4= 0.052
rank= 79 Lx=Ly=22 pg= 0.730 ids= 207 TEE1=-0.107 TEE2=-0.050 TEE3=-0.017  TEE4= 0.004
rank= 96 Lx=Ly=22 pg= 0.740 ids= 224 TEE1=-0.169 TEE2=-0.050 TEE3= 0.027  TEE4= 0.095
rank= 72 Lx=Ly=22 pg= 0.730 ids= 200 TEE1=-0.014 TEE2= 0.021 TEE3= 0.021  TEE4= 0.023
rank= 10 Lx=Ly=22 pg= 0.740 ids= 138 TEE1=-0.157 TEE2=-0.035 TEE3= 0.021  TEE4= 0.066
rank= 76 Lx=Ly=22 pg= 0.730 ids= 204 TEE1=-0.027 TEE2=-0.019 TEE3= 0.021  TEE4= 0.021
rank=122 Lx=Ly=22 pg= 0.730 ids= 250 TEE1=-0.008 TEE2= 0.035 TEE3= 0.039  TEE4= 0.050
rank= 42 Lx=Ly=22 pg= 0.740 ids= 170 TEE1=-0.081 TEE2=-0.025 TEE3= 0.054  TEE4= 0.064
rank= 67 Lx=Ly=22 pg= 0.740 ids= 195 TEE1=-0.205 TEE2=-0.085 TEE3=-0.010  TEE4= 0.060
rank= 59 Lx=Ly=22 pg= 0.730 ids= 187 TEE1=-0.002 TEE2= 0.012 TEE3= 0.023  TEE4= 0.014
rank= 50 Lx=Ly=22 pg= 0.730 ids= 178 TEE1=-0.155 TEE2=-0.114 TEE3=-0.041  TEE4= 0.002
rank= 89 Lx=Ly=22 pg= 0.730 ids= 217 TEE1=-0.058 TEE2= 0.027 TEE3= 0.045  TEE4= 0.050
rank= 19 Lx=Ly=22 pg= 0.730 ids= 147 TEE1=-0.054 TEE2= 0.072 TEE3= 0.099  TEE4= 0.097
rank= 63 Lx=Ly=22 pg= 0.730 ids= 191 TEE1=-0.070 TEE2=-0.012 TEE3= 0.033  TEE4= 0.068
rank= 52 Lx=Ly=22 pg= 0.730 ids= 180 TEE1=-0.143 TEE2= 0.014 TEE3= 0.128  TEE4= 0.207
rank= 54 Lx=Ly=22 pg= 0.730 ids= 182 TEE1=-0.008 TEE2= 0.041 TEE3= 0.072  TEE4= 0.079
rank= 61 Lx=Ly=22 pg= 0.730 ids= 189 TEE1=-0.002 TEE2= 0.043 TEE3= 0.072  TEE4= 0.087
rank=  3 Lx=Ly=22 pg= 0.740 ids= 131 TEE1=-0.062 TEE2= 0.033 TEE3= 0.081  TEE4= 0.103
rank= 17 Lx=Ly=22 pg= 0.730 ids= 145 TEE1=-0.021 TEE2= 0.116 TEE3= 0.157  TEE4= 0.165
rank= 40 Lx=Ly=22 pg= 0.740 ids= 168 TEE1=-0.116 TEE2=-0.019 TEE3= 0.050  TEE4= 0.054
rank= 23 Lx=Ly=22 pg= 0.730 ids= 151 TEE1=-0.099 TEE2=-0.021 TEE3= 0.027  TEE4= 0.037
rank=119 Lx=Ly=22 pg= 0.730 ids= 247 TEE1=-0.110 TEE2= 0.000 TEE3= 0.033  TEE4= 0.056
rank=  5 Lx=Ly=22 pg= 0.740 ids= 133 TEE1=-0.050 TEE2= 0.019 TEE3= 0.045  TEE4= 0.039
rank= 21 Lx=Ly=22 pg= 0.730 ids= 149 TEE1= 0.033 TEE2= 0.066 TEE3= 0.070  TEE4= 0.045
rank= 99 Lx=Ly=22 pg= 0.740 ids= 227 TEE1=-0.248 TEE2=-0.079 TEE3= 0.021  TEE4= 0.134
rank= 97 Lx=Ly=22 pg= 0.740 ids= 225 TEE1= 0.035 TEE2= 0.048 TEE3= 0.058  TEE4= 0.060
rank=  1 Lx=Ly=22 pg= 0.740 ids= 129 TEE1=-0.056 TEE2= 0.033 TEE3= 0.072  TEE4= 0.072
rank= 71 Lx=Ly=22 pg= 0.740 ids= 199 TEE1=-0.145 TEE2=-0.002 TEE3= 0.081  TEE4= 0.107
rank=  7 Lx=Ly=22 pg= 0.740 ids= 135 TEE1=-0.083 TEE2= 0.019 TEE3= 0.081  TEE4= 0.095
rank= 33 Lx=Ly=22 pg= 0.740 ids= 161 TEE1=-0.091 TEE2= 0.023 TEE3= 0.105  TEE4= 0.194
rank=113 Lx=Ly=22 pg= 0.730 ids= 241 TEE1=-0.033 TEE2= 0.031 TEE3= 0.045  TEE4= 0.031
rank= 69 Lx=Ly=22 pg= 0.740 ids= 197 TEE1=-0.176 TEE2=-0.085 TEE3=-0.014  TEE4= 0.033
rank= 37 Lx=Ly=22 pg= 0.740 ids= 165 TEE1=-0.149 TEE2=-0.019 TEE3= 0.023  TEE4= 0.048
rank=117 Lx=Ly=22 pg= 0.730 ids= 245 TEE1=-0.064 TEE2= 0.006 TEE3= 0.054  TEE4= 0.062
rank=115 Lx=Ly=22 pg= 0.730 ids= 243 TEE1=-0.019 TEE2= 0.029 TEE3= 0.037  TEE4= 0.031
rank= 39 Lx=Ly=22 pg= 0.740 ids= 167 TEE1=-0.066 TEE2= 0.021 TEE3= 0.054  TEE4= 0.054
rank=120 Lx=Ly=22 pg= 0.730 ids= 248 TEE1= 0.000 TEE2= 0.012 TEE3= 0.017  TEE4= 0.008
rank= 20 Lx=Ly=22 pg= 0.730 ids= 148 TEE1=-0.093 TEE2= 0.033 TEE3= 0.105  TEE4= 0.132
rank=124 Lx=Ly=22 pg= 0.730 ids= 252 TEE1=-0.056 TEE2=-0.035 TEE3= 0.017  TEE4= 0.064
rank= 46 Lx=Ly=22 pg= 0.740 ids= 174 TEE1=-0.114 TEE2= 0.041 TEE3= 0.134  TEE4= 0.225
rank=103 Lx=Ly=22 pg= 0.740 ids= 231 TEE1=-0.089 TEE2= 0.031 TEE3= 0.062  TEE4= 0.064
rank= 86 Lx=Ly=22 pg= 0.730 ids= 214 TEE1=-0.101 TEE2= 0.033 TEE3= 0.112  TEE4= 0.163
rank= 16 Lx=Ly=22 pg= 0.730 ids= 144 TEE1=-0.101 TEE2= 0.027 TEE3= 0.114  TEE4= 0.149
rank=126 Lx=Ly=22 pg= 0.730 ids= 254 TEE1=-0.095 TEE2= 0.000 TEE3= 0.029  TEE4= 0.029
rank= 44 Lx=Ly=22 pg= 0.740 ids= 172 TEE1=-0.140 TEE2= 0.000 TEE3= 0.039  TEE4= 0.060
rank= 22 Lx=Ly=22 pg= 0.730 ids= 150 TEE1=-0.070 TEE2=-0.043 TEE3=-0.014  TEE4= 0.002
rank=101 Lx=Ly=22 pg= 0.740 ids= 229 TEE1=-0.076 TEE2= 0.029 TEE3= 0.072  TEE4= 0.087
rank= 80 Lx=Ly=22 pg= 0.730 ids= 208 TEE1=-0.089 TEE2= 0.027 TEE3= 0.074  TEE4= 0.095
rank= 51 Lx=Ly=22 pg= 0.740 ids= 179 TEE1=-0.031 TEE2= 0.002 TEE3= 0.023  TEE4= 0.031
rank= 93 Lx=Ly=22 pg= 0.730 ids= 221 TEE1=-0.112 TEE2= 0.004 TEE3= 0.045  TEE4= 0.048
rank= 18 Lx=Ly=22 pg= 0.730 ids= 146 TEE1=-0.171 TEE2=-0.081 TEE3=-0.014  TEE4= 0.017
rank= 91 Lx=Ly=22 pg= 0.730 ids= 219 TEE1= 0.010 TEE2= 0.039 TEE3= 0.066  TEE4= 0.052
rank= 25 Lx=Ly=22 pg= 0.740 ids= 153 TEE1=-0.056 TEE2= 0.025 TEE3= 0.076  TEE4= 0.120
rank= 84 Lx=Ly=22 pg= 0.730 ids= 212 TEE1= 0.004 TEE2= 0.023 TEE3= 0.025  TEE4= 0.019
rank= 95 Lx=Ly=22 pg= 0.730 ids= 223 TEE1=-0.045 TEE2= 0.010 TEE3= 0.021  TEE4= 0.012
rank=112 Lx=Ly=22 pg= 0.740 ids= 240 TEE1=-0.126 TEE2=-0.012 TEE3= 0.037  TEE4= 0.048
rank=  2 Lx=Ly=22 pg= 0.740 ids= 130 TEE1=-0.136 TEE2=-0.017 TEE3= 0.048  TEE4= 0.050
rank=127 Lx=Ly=22 pg= 0.740 ids= 255 TEE1=-0.074 TEE2= 0.004 TEE3= 0.035  TEE4= 0.031
rank=110 Lx=Ly=22 pg= 0.740 ids= 238 TEE1=-0.118 TEE2=-0.019 TEE3= 0.091  TEE4= 0.110
rank=121 Lx=Ly=22 pg= 0.740 ids= 249 TEE1=-0.085 TEE2= 0.014 TEE3= 0.033  TEE4= 0.021
rank= 45 Lx=Ly=22 pg= 0.740 ids= 173 TEE1=-0.147 TEE2=-0.014 TEE3= 0.048  TEE4= 0.068
rank= 94 Lx=Ly=22 pg= 0.730 ids= 222 TEE1=-0.103 TEE2=-0.002 TEE3= 0.039  TEE4= 0.031
rank=106 Lx=Ly=22 pg= 0.740 ids= 234 TEE1=-0.074 TEE2= 0.029 TEE3= 0.110  TEE4= 0.225
rank= 31 Lx=Ly=22 pg= 0.740 ids= 159 TEE1=-0.138 TEE2=-0.076 TEE3= 0.004  TEE4= 0.050
rank= 88 Lx=Ly=22 pg= 0.730 ids= 216 TEE1=-0.052 TEE2= 0.058 TEE3= 0.101  TEE4= 0.107
rank=116 Lx=Ly=22 pg= 0.740 ids= 244 TEE1=-0.120 TEE2= 0.014 TEE3= 0.060  TEE4= 0.081
rank=107 Lx=Ly=22 pg= 0.740 ids= 235 TEE1=-0.076 TEE2=-0.012 TEE3= 0.023  TEE4= 0.021
rank=104 Lx=Ly=22 pg= 0.740 ids= 232 TEE1=-0.081 TEE2= 0.033 TEE3= 0.079  TEE4= 0.076
rank=108 Lx=Ly=22 pg= 0.740 ids= 236 TEE1=-0.076 TEE2= 0.012 TEE3= 0.058  TEE4= 0.076
rank= 27 Lx=Ly=22 pg= 0.740 ids= 155 TEE1=-0.035 TEE2= 0.019 TEE3= 0.052  TEE4= 0.062
rank= 92 Lx=Ly=22 pg= 0.730 ids= 220 TEE1= 0.002 TEE2= 0.062 TEE3= 0.101  TEE4= 0.130
rank= 38 Lx=Ly=22 pg= 0.740 ids= 166 TEE1=-0.074 TEE2= 0.000 TEE3= 0.029  TEE4= 0.029
rank= 90 Lx=Ly=22 pg= 0.730 ids= 218 TEE1=-0.012 TEE2= 0.029 TEE3= 0.070  TEE4= 0.064
rank= 41 Lx=Ly=22 pg= 0.740 ids= 169 TEE1=-0.068 TEE2= 0.000 TEE3= 0.029  TEE4= 0.087
rank=  6 Lx=Ly=22 pg= 0.740 ids= 134 TEE1=-0.087 TEE2=-0.019 TEE3= 0.039  TEE4= 0.056
rank= 49 Lx=Ly=22 pg= 0.740 ids= 177 TEE1=-0.099 TEE2= 0.000 TEE3= 0.062  TEE4= 0.087
rank=  4 Lx=Ly=22 pg= 0.740 ids= 132 TEE1=-0.157 TEE2=-0.060 TEE3= 0.019  TEE4= 0.132
rank= 29 Lx=Ly=22 pg= 0.740 ids= 157 TEE1=-0.112 TEE2=-0.041 TEE3= 0.010  TEE4= 0.058
rank= 43 Lx=Ly=22 pg= 0.740 ids= 171 TEE1=-0.095 TEE2= 0.012 TEE3= 0.076  TEE4= 0.089
rank= 30 Lx=Ly=22 pg= 0.740 ids= 158 TEE1=-0.095 TEE2=-0.021 TEE3= 0.027  TEE4= 0.031
rank= 47 Lx=Ly=22 pg= 0.740 ids= 175 TEE1=-0.014 TEE2= 0.041 TEE3= 0.064  TEE4= 0.052
rank=125 Lx=Ly=22 pg= 0.740 ids= 253 TEE1=-0.136 TEE2=-0.060 TEE3= 0.027  TEE4= 0.147
rank=  0 Lx=Ly=22 pg= 0.740 ids= 128 TEE1=-0.103 TEE2= 0.021 TEE3= 0.068  TEE4= 0.085
rank=118 Lx=Ly=22 pg= 0.740 ids= 246 TEE1=-0.107 TEE2=-0.023 TEE3= 0.041  TEE4= 0.035
rank=  9 Lx=Ly=22 pg= 0.740 ids= 137 TEE1=-0.097 TEE2=-0.006 TEE3= 0.060  TEE4= 0.081
rank= 11 Lx=Ly=22 pg= 0.740 ids= 139 TEE1=-0.122 TEE2= 0.006 TEE3= 0.062  TEE4= 0.052
rank=123 Lx=Ly=22 pg= 0.740 ids= 251 TEE1=-0.097 TEE2=-0.014 TEE3= 0.027  TEE4= 0.064
rank=114 Lx=Ly=22 pg= 0.740 ids= 242 TEE1=-0.052 TEE2= 0.002 TEE3= 0.037  TEE4= 0.066
rank= 15 Lx=Ly=22 pg= 0.740 ids= 143 TEE1=-0.163 TEE2= 0.008 TEE3= 0.041  TEE4= 0.054
rank= 13 Lx=Ly=22 pg= 0.740 ids= 141 TEE1=-0.004 TEE2= 0.025 TEE3= 0.029  TEE4= 0.017
rank= 64 Lx=Ly=22 pg= 0.740 ids= 192 TEE1=-0.041 TEE2= 0.000 TEE3= 0.039  TEE4= 0.048
rank= 53 Lx=Ly=22 pg= 0.740 ids= 181 TEE1=-0.149 TEE2=-0.045 TEE3= 0.023  TEE4= 0.029
rank= 83 Lx=Ly=22 pg= 0.740 ids= 211 TEE1=-0.079 TEE2=-0.023 TEE3= 0.025  TEE4= 0.031
rank= 55 Lx=Ly=22 pg= 0.740 ids= 183 TEE1=-0.014 TEE2= 0.052 TEE3= 0.062  TEE4= 0.079
rank= 32 Lx=Ly=22 pg= 0.740 ids= 160 TEE1= 0.006 TEE2= 0.029 TEE3= 0.056  TEE4= 0.064
rank= 87 Lx=Ly=22 pg= 0.740 ids= 215 TEE1=-0.198 TEE2=-0.062 TEE3=-0.006  TEE4= 0.033
rank= 34 Lx=Ly=22 pg= 0.740 ids= 162 TEE1=-0.153 TEE2=-0.019 TEE3= 0.031  TEE4= 0.033
rank=111 Lx=Ly=22 pg= 0.740 ids= 239 TEE1=-0.033 TEE2= 0.033 TEE3= 0.050  TEE4= 0.041
rank= 12 Lx=Ly=22 pg= 0.750 ids= 140 TEE1=-0.219 TEE2=-0.134 TEE3=-0.017  TEE4= 0.105
rank=105 Lx=Ly=22 pg= 0.740 ids= 233 TEE1=-0.143 TEE2=-0.083 TEE3= 0.002  TEE4= 0.056
rank= 74 Lx=Ly=22 pg= 0.740 ids= 202 TEE1=-0.126 TEE2= 0.000 TEE3= 0.054  TEE4= 0.052
rank= 56 Lx=Ly=22 pg= 0.740 ids= 184 TEE1=-0.066 TEE2= 0.006 TEE3= 0.064  TEE4= 0.060
rank= 36 Lx=Ly=22 pg= 0.740 ids= 164 TEE1=-0.029 TEE2= 0.068 TEE3= 0.107  TEE4= 0.145
rank= 58 Lx=Ly=22 pg= 0.740 ids= 186 TEE1=-0.074 TEE2=-0.002 TEE3= 0.027  TEE4= 0.029
rank=  8 Lx=Ly=22 pg= 0.750 ids= 136 TEE1=-0.130 TEE2=-0.074 TEE3= 0.017  TEE4= 0.048
rank=100 Lx=Ly=22 pg= 0.750 ids= 228 TEE1=-0.066 TEE2= 0.029 TEE3= 0.043  TEE4= 0.035
rank=109 Lx=Ly=22 pg= 0.740 ids= 237 TEE1=-0.079 TEE2=-0.023 TEE3= 0.023  TEE4= 0.029
rank= 85 Lx=Ly=22 pg= 0.740 ids= 213 TEE1=-0.103 TEE2= 0.025 TEE3= 0.050  TEE4= 0.045
rank= 81 Lx=Ly=22 pg= 0.740 ids= 209 TEE1=-0.165 TEE2=-0.029 TEE3= 0.029  TEE4= 0.060
rank= 62 Lx=Ly=22 pg= 0.740 ids= 190 TEE1=-0.050 TEE2= 0.070 TEE3= 0.105  TEE4= 0.116
rank= 60 Lx=Ly=22 pg= 0.740 ids= 188 TEE1=-0.070 TEE2= 0.012 TEE3= 0.052  TEE4= 0.107
rank= 68 Lx=Ly=22 pg= 0.740 ids= 196 TEE1=-0.262 TEE2=-0.099 TEE3= 0.017  TEE4= 0.037
rank= 66 Lx=Ly=22 pg= 0.740 ids= 194 TEE1=-0.151 TEE2=-0.054 TEE3= 0.010  TEE4= 0.017
rank= 75 Lx=Ly=22 pg= 0.740 ids= 203 TEE1=-0.163 TEE2=-0.062 TEE3= 0.025  TEE4= 0.043
rank= 48 Lx=Ly=22 pg= 0.740 ids= 176 TEE1=-0.114 TEE2=-0.050 TEE3=-0.002  TEE4= 0.017
rank= 26 Lx=Ly=22 pg= 0.740 ids= 154 TEE1=-0.076 TEE2= 0.064 TEE3= 0.114  TEE4= 0.165
rank= 78 Lx=Ly=22 pg= 0.740 ids= 206 TEE1=-0.041 TEE2= 0.023 TEE3= 0.035  TEE4= 0.039
rank= 65 Lx=Ly=22 pg= 0.750 ids= 193 TEE1=-0.143 TEE2=-0.033 TEE3= 0.043  TEE4= 0.083
rank= 57 Lx=Ly=22 pg= 0.740 ids= 185 TEE1=-0.097 TEE2=-0.029 TEE3= 0.041  TEE4= 0.060
rank= 70 Lx=Ly=22 pg= 0.740 ids= 198 TEE1=-0.056 TEE2= 0.000 TEE3= 0.033  TEE4= 0.048
rank= 35 Lx=Ly=22 pg= 0.750 ids= 163 TEE1=-0.087 TEE2= 0.002 TEE3= 0.033  TEE4= 0.033
rank= 82 Lx=Ly=22 pg= 0.740 ids= 210 TEE1=-0.070 TEE2= 0.012 TEE3= 0.033  TEE4= 0.045
rank=102 Lx=Ly=22 pg= 0.750 ids= 230 TEE1=-0.114 TEE2=-0.035 TEE3= 0.006  TEE4= 0.021
rank= 98 Lx=Ly=22 pg= 0.750 ids= 226 TEE1=-0.140 TEE2=-0.021 TEE3= 0.048  TEE4= 0.099
rank= 14 Lx=Ly=22 pg= 0.750 ids= 142 TEE1=-0.112 TEE2= 0.008 TEE3= 0.043  TEE4= 0.043
rank= 24 Lx=Ly=22 pg= 0.740 ids= 152 TEE1=-0.103 TEE2=-0.023 TEE3= 0.033  TEE4= 0.058
rank= 28 Lx=Ly=22 pg= 0.740 ids= 156 TEE1=-0.054 TEE2= 0.035 TEE3= 0.052  TEE4= 0.056
rank= 73 Lx=Ly=22 pg= 0.740 ids= 201 TEE1=-0.124 TEE2= 0.019 TEE3= 0.103  TEE4= 0.159
rank= 96 Lx=Ly=22 pg= 0.750 ids= 224 TEE1=-0.087 TEE2= 0.054 TEE3= 0.128  TEE4= 0.165
rank= 10 Lx=Ly=22 pg= 0.750 ids= 138 TEE1=-0.140 TEE2=-0.064 TEE3= 0.010  TEE4= 0.072
rank= 77 Lx=Ly=22 pg= 0.740 ids= 205 TEE1=-0.056 TEE2= 0.037 TEE3= 0.066  TEE4= 0.068
rank= 79 Lx=Ly=22 pg= 0.740 ids= 207 TEE1=-0.107 TEE2=-0.010 TEE3= 0.039  TEE4= 0.060
rank= 42 Lx=Ly=22 pg= 0.750 ids= 170 TEE1=-0.112 TEE2=-0.017 TEE3= 0.027  TEE4= 0.019
rank=122 Lx=Ly=22 pg= 0.740 ids= 250 TEE1=-0.062 TEE2=-0.002 TEE3= 0.043  TEE4= 0.099
rank= 72 Lx=Ly=22 pg= 0.740 ids= 200 TEE1= 0.004 TEE2= 0.008 TEE3= 0.010  TEE4= 0.008
rank= 76 Lx=Ly=22 pg= 0.740 ids= 204 TEE1=-0.089 TEE2= 0.010 TEE3= 0.058  TEE4= 0.074
rank= 67 Lx=Ly=22 pg= 0.750 ids= 195 TEE1=-0.169 TEE2=-0.043 TEE3= 0.045  TEE4= 0.101
rank= 50 Lx=Ly=22 pg= 0.740 ids= 178 TEE1=-0.178 TEE2=-0.076 TEE3= 0.012  TEE4= 0.041
rank= 59 Lx=Ly=22 pg= 0.740 ids= 187 TEE1=-0.093 TEE2= 0.025 TEE3= 0.079  TEE4= 0.147
rank= 89 Lx=Ly=22 pg= 0.740 ids= 217 TEE1=-0.112 TEE2=-0.027 TEE3= 0.017  TEE4= 0.054
rank=  3 Lx=Ly=22 pg= 0.750 ids= 131 TEE1=-0.101 TEE2=-0.002 TEE3= 0.023  TEE4= 0.074
rank= 19 Lx=Ly=22 pg= 0.740 ids= 147 TEE1=-0.083 TEE2= 0.045 TEE3= 0.074  TEE4= 0.112
rank= 52 Lx=Ly=22 pg= 0.740 ids= 180 TEE1=-0.014 TEE2= 0.066 TEE3= 0.087  TEE4= 0.107
rank= 63 Lx=Ly=22 pg= 0.740 ids= 191 TEE1=-0.095 TEE2=-0.035 TEE3=-0.006  TEE4= 0.023
rank= 40 Lx=Ly=22 pg= 0.750 ids= 168 TEE1=-0.167 TEE2=-0.010 TEE3= 0.060  TEE4= 0.066
rank=  5 Lx=Ly=22 pg= 0.750 ids= 133 TEE1=-0.167 TEE2=-0.050 TEE3= 0.023  TEE4= 0.054
rank= 54 Lx=Ly=22 pg= 0.740 ids= 182 TEE1=-0.155 TEE2=-0.014 TEE3= 0.091  TEE4= 0.112
rank= 61 Lx=Ly=22 pg= 0.740 ids= 189 TEE1=-0.145 TEE2=-0.027 TEE3= 0.031  TEE4= 0.037
rank= 99 Lx=Ly=22 pg= 0.750 ids= 227 TEE1=-0.124 TEE2= 0.037 TEE3= 0.107  TEE4= 0.132
rank=119 Lx=Ly=22 pg= 0.740 ids= 247 TEE1=-0.060 TEE2= 0.048 TEE3= 0.068  TEE4= 0.068
rank= 17 Lx=Ly=22 pg= 0.740 ids= 145 TEE1=-0.099 TEE2= 0.023 TEE3= 0.058  TEE4= 0.076
rank= 97 Lx=Ly=22 pg= 0.750 ids= 225 TEE1=-0.056 TEE2=-0.006 TEE3= 0.012  TEE4= 0.010
rank= 23 Lx=Ly=22 pg= 0.740 ids= 151 TEE1=-0.114 TEE2=-0.004 TEE3= 0.021  TEE4= 0.033
rank=  7 Lx=Ly=22 pg= 0.750 ids= 135 TEE1=-0.192 TEE2=-0.085 TEE3=-0.023  TEE4= 0.002
rank=  1 Lx=Ly=22 pg= 0.750 ids= 129 TEE1=-0.043 TEE2= 0.058 TEE3= 0.087  TEE4= 0.099
rank= 71 Lx=Ly=22 pg= 0.750 ids= 199 TEE1= 0.000 TEE2= 0.076 TEE3= 0.091  TEE4= 0.085
rank= 21 Lx=Ly=22 pg= 0.740 ids= 149 TEE1=-0.081 TEE2=-0.010 TEE3= 0.041  TEE4= 0.060
rank= 33 Lx=Ly=22 pg= 0.750 ids= 161 TEE1=-0.132 TEE2=-0.037 TEE3= 0.000  TEE4= 0.048
rank= 69 Lx=Ly=22 pg= 0.750 ids= 197 TEE1=-0.155 TEE2=-0.037 TEE3= 0.050  TEE4= 0.093
rank= 37 Lx=Ly=22 pg= 0.750 ids= 165 TEE1=-0.107 TEE2=-0.023 TEE3= 0.012  TEE4= 0.033
rank= 39 Lx=Ly=22 pg= 0.750 ids= 167 TEE1=-0.079 TEE2=-0.014 TEE3= 0.031  TEE4= 0.066
rank=113 Lx=Ly=22 pg= 0.740 ids= 241 TEE1=-0.186 TEE2=-0.110 TEE3= 0.023  TEE4= 0.112
rank= 46 Lx=Ly=22 pg= 0.750 ids= 174 TEE1=-0.143 TEE2=-0.072 TEE3=-0.019  TEE4= 0.027
rank=117 Lx=Ly=22 pg= 0.740 ids= 245 TEE1= 0.012 TEE2= 0.048 TEE3= 0.062  TEE4= 0.074
rank=115 Lx=Ly=22 pg= 0.740 ids= 243 TEE1=-0.130 TEE2= 0.017 TEE3= 0.095  TEE4= 0.176
rank=103 Lx=Ly=22 pg= 0.750 ids= 231 TEE1=-0.124 TEE2=-0.012 TEE3= 0.060  TEE4= 0.056
rank=120 Lx=Ly=22 pg= 0.740 ids= 248 TEE1=-0.151 TEE2=-0.033 TEE3= 0.039  TEE4= 0.058
rank= 20 Lx=Ly=22 pg= 0.740 ids= 148 TEE1=-0.039 TEE2= 0.041 TEE3= 0.089  TEE4= 0.089
rank= 44 Lx=Ly=22 pg= 0.750 ids= 172 TEE1=-0.037 TEE2= 0.033 TEE3= 0.070  TEE4= 0.062
rank=124 Lx=Ly=22 pg= 0.740 ids= 252 TEE1=-0.070 TEE2=-0.014 TEE3= 0.014  TEE4= 0.025
rank=101 Lx=Ly=22 pg= 0.750 ids= 229 TEE1=-0.027 TEE2= 0.031 TEE3= 0.070  TEE4= 0.064
rank= 86 Lx=Ly=22 pg= 0.740 ids= 214 TEE1=-0.171 TEE2=-0.062 TEE3= 0.039  TEE4= 0.107
rank= 16 Lx=Ly=22 pg= 0.740 ids= 144 TEE1=-0.056 TEE2= 0.043 TEE3= 0.066  TEE4= 0.060
rank=126 Lx=Ly=22 pg= 0.740 ids= 254 TEE1=-0.147 TEE2=-0.041 TEE3= 0.041  TEE4= 0.087
rank= 51 Lx=Ly=22 pg= 0.750 ids= 179 TEE1=-0.122 TEE2=-0.033 TEE3= 0.052  TEE4= 0.120
rank= 22 Lx=Ly=22 pg= 0.740 ids= 150 TEE1=-0.143 TEE2= 0.006 TEE3= 0.056  TEE4= 0.089
rank= 25 Lx=Ly=22 pg= 0.750 ids= 153 TEE1=-0.089 TEE2= 0.066 TEE3= 0.132  TEE4= 0.126
rank= 80 Lx=Ly=22 pg= 0.740 ids= 208 TEE1=-0.097 TEE2=-0.012 TEE3= 0.019  TEE4= 0.023
rank= 93 Lx=Ly=22 pg= 0.740 ids= 221 TEE1=-0.064 TEE2= 0.002 TEE3= 0.014  TEE4= 0.017
rank= 91 Lx=Ly=22 pg= 0.740 ids= 219 TEE1=-0.085 TEE2=-0.008 TEE3= 0.023  TEE4= 0.031
rank= 18 Lx=Ly=22 pg= 0.740 ids= 146 TEE1=-0.101 TEE2=-0.037 TEE3= 0.017  TEE4= 0.052
rank= 84 Lx=Ly=22 pg= 0.740 ids= 212 TEE1=-0.122 TEE2=-0.008 TEE3= 0.031  TEE4= 0.037
rank=112 Lx=Ly=22 pg= 0.750 ids= 240 TEE1=-0.091 TEE2= 0.014 TEE3= 0.064  TEE4= 0.074
rank= 95 Lx=Ly=22 pg= 0.740 ids= 223 TEE1=-0.167 TEE2=-0.054 TEE3= 0.002  TEE4= 0.012
rank=  2 Lx=Ly=22 pg= 0.750 ids= 130 TEE1=-0.128 TEE2=-0.025 TEE3= 0.031  TEE4= 0.068
rank=127 Lx=Ly=22 pg= 0.750 ids= 255 TEE1=-0.025 TEE2= 0.027 TEE3= 0.060  TEE4= 0.076
rank=110 Lx=Ly=22 pg= 0.750 ids= 238 TEE1=-0.205 TEE2=-0.110 TEE3=-0.008  TEE4= 0.019
rank= 45 Lx=Ly=22 pg= 0.750 ids= 173 TEE1=-0.103 TEE2= 0.012 TEE3= 0.043  TEE4= 0.021
rank=121 Lx=Ly=22 pg= 0.750 ids= 249 TEE1=-0.130 TEE2= 0.033 TEE3= 0.091  TEE4= 0.097
rank= 31 Lx=Ly=22 pg= 0.750 ids= 159 TEE1=-0.213 TEE2=-0.093 TEE3=-0.014  TEE4= 0.023
rank=106 Lx=Ly=22 pg= 0.750 ids= 234 TEE1=-0.095 TEE2=-0.045 TEE3= 0.019  TEE4= 0.058
rank=116 Lx=Ly=22 pg= 0.750 ids= 244 TEE1=-0.093 TEE2=-0.019 TEE3= 0.021  TEE4= 0.039
rank= 94 Lx=Ly=22 pg= 0.740 ids= 222 TEE1=-0.116 TEE2=-0.027 TEE3= 0.037  TEE4= 0.074
rank=107 Lx=Ly=22 pg= 0.750 ids= 235 TEE1=-0.143 TEE2=-0.027 TEE3= 0.027  TEE4= 0.029
rank= 88 Lx=Ly=22 pg= 0.740 ids= 216 TEE1=-0.116 TEE2= 0.006 TEE3= 0.062  TEE4= 0.081
rank=104 Lx=Ly=22 pg= 0.750 ids= 232 TEE1=-0.149 TEE2=-0.031 TEE3= 0.043  TEE4= 0.085
rank= 27 Lx=Ly=22 pg= 0.750 ids= 155 TEE1=-0.289 TEE2=-0.140 TEE3=-0.048  TEE4= 0.012
rank=108 Lx=Ly=22 pg= 0.750 ids= 236 TEE1=-0.155 TEE2=-0.010 TEE3= 0.064  TEE4= 0.089
rank= 38 Lx=Ly=22 pg= 0.750 ids= 166 TEE1=-0.186 TEE2=-0.066 TEE3= 0.010  TEE4= 0.050
rank= 41 Lx=Ly=22 pg= 0.750 ids= 169 TEE1=-0.101 TEE2= 0.031 TEE3= 0.068  TEE4= 0.076
rank= 92 Lx=Ly=22 pg= 0.740 ids= 220 TEE1=-0.101 TEE2= 0.027 TEE3= 0.083  TEE4= 0.120
rank= 49 Lx=Ly=22 pg= 0.750 ids= 177 TEE1=-0.223 TEE2=-0.054 TEE3= 0.021  TEE4= 0.124
rank=  6 Lx=Ly=22 pg= 0.750 ids= 134 TEE1=-0.097 TEE2= 0.060 TEE3= 0.103  TEE4= 0.124
rank= 30 Lx=Ly=22 pg= 0.750 ids= 158 TEE1=-0.052 TEE2= 0.019 TEE3= 0.045  TEE4= 0.097
rank= 90 Lx=Ly=22 pg= 0.740 ids= 218 TEE1=-0.093 TEE2= 0.000 TEE3= 0.045  TEE4= 0.066
rank= 29 Lx=Ly=22 pg= 0.750 ids= 157 TEE1=-0.068 TEE2= 0.025 TEE3= 0.089  TEE4= 0.105
rank=  4 Lx=Ly=22 pg= 0.750 ids= 132 TEE1=-0.178 TEE2=-0.091 TEE3=-0.008  TEE4= 0.019
rank= 43 Lx=Ly=22 pg= 0.750 ids= 171 TEE1=-0.130 TEE2= 0.019 TEE3= 0.087  TEE4= 0.136
rank= 47 Lx=Ly=22 pg= 0.750 ids= 175 TEE1=-0.128 TEE2=-0.006 TEE3= 0.095  TEE4= 0.161
rank=125 Lx=Ly=22 pg= 0.750 ids= 253 TEE1=-0.248 TEE2=-0.068 TEE3= 0.006  TEE4= 0.081
rank=  0 Lx=Ly=22 pg= 0.750 ids= 128 TEE1=-0.211 TEE2=-0.081 TEE3= 0.000  TEE4= 0.045
rank=118 Lx=Ly=22 pg= 0.750 ids= 246 TEE1=-0.155 TEE2=-0.054 TEE3= 0.019  TEE4= 0.056
rank=  9 Lx=Ly=22 pg= 0.750 ids= 137 TEE1=-0.097 TEE2= 0.014 TEE3= 0.079  TEE4= 0.087
rank= 11 Lx=Ly=22 pg= 0.750 ids= 139 TEE1=-0.219 TEE2=-0.070 TEE3=-0.012  TEE4= 0.056
rank=123 Lx=Ly=22 pg= 0.750 ids= 251 TEE1=-0.101 TEE2= 0.012 TEE3= 0.043  TEE4= 0.045
rank=114 Lx=Ly=22 pg= 0.750 ids= 242 TEE1=-0.118 TEE2=-0.076 TEE3=-0.023  TEE4= 0.000
rank= 15 Lx=Ly=22 pg= 0.750 ids= 143 TEE1=-0.184 TEE2=-0.058 TEE3= 0.037  TEE4= 0.107
rank= 13 Lx=Ly=22 pg= 0.750 ids= 141 TEE1=-0.122 TEE2=-0.006 TEE3= 0.058  TEE4= 0.093
rank= 64 Lx=Ly=22 pg= 0.750 ids= 192 TEE1= 0.008 TEE2= 0.045 TEE3= 0.064  TEE4= 0.045
rank= 53 Lx=Ly=22 pg= 0.750 ids= 181 TEE1=-0.165 TEE2= 0.012 TEE3= 0.097  TEE4= 0.126
rank= 83 Lx=Ly=22 pg= 0.750 ids= 211 TEE1=-0.138 TEE2=-0.023 TEE3= 0.041  TEE4= 0.066
rank= 55 Lx=Ly=22 pg= 0.750 ids= 183 TEE1=-0.151 TEE2=-0.045 TEE3= 0.006  TEE4= 0.021
rank= 32 Lx=Ly=22 pg= 0.750 ids= 160 TEE1=-0.085 TEE2= 0.043 TEE3= 0.089  TEE4= 0.153
rank= 87 Lx=Ly=22 pg= 0.750 ids= 215 TEE1=-0.087 TEE2= 0.004 TEE3= 0.048  TEE4= 0.064
rank= 34 Lx=Ly=22 pg= 0.750 ids= 162 TEE1=-0.229 TEE2=-0.037 TEE3= 0.035  TEE4= 0.194
rank= 12 Lx=Ly=22 pg= 0.760 ids= 140 TEE1=-0.079 TEE2= 0.010 TEE3= 0.050  TEE4= 0.074
rank=111 Lx=Ly=22 pg= 0.750 ids= 239 TEE1=-0.128 TEE2=-0.006 TEE3= 0.076  TEE4= 0.165
rank=105 Lx=Ly=22 pg= 0.750 ids= 233 TEE1=-0.229 TEE2=-0.145 TEE3=-0.031  TEE4= 0.045
rank= 74 Lx=Ly=22 pg= 0.750 ids= 202 TEE1=-0.200 TEE2=-0.029 TEE3= 0.052  TEE4= 0.072
rank=  8 Lx=Ly=22 pg= 0.760 ids= 136 TEE1=-0.085 TEE2= 0.002 TEE3= 0.039  TEE4= 0.033
rank=100 Lx=Ly=22 pg= 0.760 ids= 228 TEE1=-0.233 TEE2=-0.118 TEE3=-0.017  TEE4= 0.025
rank= 36 Lx=Ly=22 pg= 0.750 ids= 164 TEE1=-0.213 TEE2=-0.076 TEE3=-0.006  TEE4= 0.037
rank= 56 Lx=Ly=22 pg= 0.750 ids= 184 TEE1=-0.101 TEE2=-0.019 TEE3= 0.037  TEE4= 0.056
rank= 58 Lx=Ly=22 pg= 0.750 ids= 186 TEE1=-0.025 TEE2= 0.041 TEE3= 0.083  TEE4= 0.093
rank=109 Lx=Ly=22 pg= 0.750 ids= 237 TEE1=-0.134 TEE2=-0.017 TEE3= 0.031  TEE4= 0.060
rank= 81 Lx=Ly=22 pg= 0.750 ids= 209 TEE1=-0.174 TEE2=-0.068 TEE3= 0.002  TEE4= 0.058
rank= 85 Lx=Ly=22 pg= 0.750 ids= 213 TEE1=-0.207 TEE2=-0.029 TEE3= 0.017  TEE4= 0.052
rank= 62 Lx=Ly=22 pg= 0.750 ids= 190 TEE1=-0.066 TEE2= 0.002 TEE3= 0.019  TEE4= 0.019
rank= 60 Lx=Ly=22 pg= 0.750 ids= 188 TEE1=-0.167 TEE2=-0.074 TEE3= 0.012  TEE4= 0.029
rank= 48 Lx=Ly=22 pg= 0.750 ids= 176 TEE1=-0.068 TEE2= 0.035 TEE3= 0.052  TEE4= 0.054
rank= 75 Lx=Ly=22 pg= 0.750 ids= 203 TEE1=-0.081 TEE2= 0.000 TEE3= 0.045  TEE4= 0.107
rank= 26 Lx=Ly=22 pg= 0.750 ids= 154 TEE1=-0.079 TEE2= 0.045 TEE3= 0.112  TEE4= 0.136
rank= 68 Lx=Ly=22 pg= 0.750 ids= 196 TEE1=-0.066 TEE2= 0.041 TEE3= 0.105  TEE4= 0.112
rank= 66 Lx=Ly=22 pg= 0.750 ids= 194 TEE1=-0.122 TEE2=-0.037 TEE3= 0.025  TEE4= 0.033
rank= 65 Lx=Ly=22 pg= 0.760 ids= 193 TEE1=-0.138 TEE2=-0.070 TEE3= 0.023  TEE4= 0.079
rank= 57 Lx=Ly=22 pg= 0.750 ids= 185 TEE1=-0.190 TEE2=-0.112 TEE3=-0.045  TEE4=-0.006
rank= 78 Lx=Ly=22 pg= 0.750 ids= 206 TEE1=-0.215 TEE2=-0.054 TEE3= 0.050  TEE4= 0.145
rank= 35 Lx=Ly=22 pg= 0.760 ids= 163 TEE1=-0.231 TEE2=-0.105 TEE3=-0.012  TEE4= 0.081
rank=102 Lx=Ly=22 pg= 0.760 ids= 230 TEE1=-0.225 TEE2=-0.079 TEE3= 0.058  TEE4= 0.147
rank= 82 Lx=Ly=22 pg= 0.750 ids= 210 TEE1=-0.157 TEE2=-0.014 TEE3= 0.031  TEE4= 0.031
rank= 70 Lx=Ly=22 pg= 0.750 ids= 198 TEE1=-0.041 TEE2= 0.027 TEE3= 0.033  TEE4= 0.031
rank= 14 Lx=Ly=22 pg= 0.760 ids= 142 TEE1=-0.163 TEE2=-0.037 TEE3= 0.039  TEE4= 0.070
rank= 98 Lx=Ly=22 pg= 0.760 ids= 226 TEE1=-0.194 TEE2=-0.114 TEE3=-0.027  TEE4= 0.062
rank= 24 Lx=Ly=22 pg= 0.750 ids= 152 TEE1=-0.147 TEE2=-0.039 TEE3= 0.052  TEE4= 0.060
rank= 28 Lx=Ly=22 pg= 0.750 ids= 156 TEE1=-0.103 TEE2= 0.027 TEE3= 0.079  TEE4= 0.087
rank= 96 Lx=Ly=22 pg= 0.760 ids= 224 TEE1=-0.110 TEE2=-0.017 TEE3= 0.048  TEE4= 0.099
rank= 10 Lx=Ly=22 pg= 0.760 ids= 138 TEE1=-0.184 TEE2=-0.045 TEE3= 0.035  TEE4= 0.112
rank= 73 Lx=Ly=22 pg= 0.750 ids= 201 TEE1=-0.056 TEE2= 0.035 TEE3= 0.064  TEE4= 0.052
rank= 42 Lx=Ly=22 pg= 0.760 ids= 170 TEE1=-0.143 TEE2=-0.072 TEE3= 0.031  TEE4= 0.120
rank= 77 Lx=Ly=22 pg= 0.750 ids= 205 TEE1=-0.198 TEE2=-0.029 TEE3= 0.079  TEE4= 0.136
rank=122 Lx=Ly=22 pg= 0.750 ids= 250 TEE1=-0.091 TEE2= 0.006 TEE3= 0.039  TEE4= 0.043
rank= 79 Lx=Ly=22 pg= 0.750 ids= 207 TEE1=-0.136 TEE2=-0.035 TEE3= 0.012  TEE4= 0.029
rank= 67 Lx=Ly=22 pg= 0.760 ids= 195 TEE1=-0.281 TEE2=-0.126 TEE3=-0.006  TEE4= 0.064
rank=  3 Lx=Ly=22 pg= 0.760 ids= 131 TEE1=-0.190 TEE2=-0.025 TEE3= 0.089  TEE4= 0.116
rank= 50 Lx=Ly=22 pg= 0.750 ids= 178 TEE1=-0.151 TEE2=-0.085 TEE3= 0.021  TEE4= 0.091
rank= 76 Lx=Ly=22 pg= 0.750 ids= 204 TEE1=-0.211 TEE2=-0.054 TEE3= 0.068  TEE4= 0.145
rank= 72 Lx=Ly=22 pg= 0.750 ids= 200 TEE1=-0.143 TEE2=-0.083 TEE3= 0.006  TEE4= 0.087
rank= 59 Lx=Ly=22 pg= 0.750 ids= 187 TEE1=-0.153 TEE2=-0.048 TEE3= 0.031  TEE4= 0.027
rank= 89 Lx=Ly=22 pg= 0.750 ids= 217 TEE1=-0.068 TEE2= 0.029 TEE3= 0.070  TEE4= 0.066
rank=  5 Lx=Ly=22 pg= 0.760 ids= 133 TEE1=-0.138 TEE2=-0.052 TEE3= 0.064  TEE4= 0.165
rank= 40 Lx=Ly=22 pg= 0.760 ids= 168 TEE1=-0.128 TEE2=-0.025 TEE3= 0.027  TEE4= 0.045
rank= 19 Lx=Ly=22 pg= 0.750 ids= 147 TEE1=-0.099 TEE2= 0.023 TEE3= 0.081  TEE4= 0.116
rank= 52 Lx=Ly=22 pg= 0.750 ids= 180 TEE1=-0.147 TEE2=-0.035 TEE3= 0.019  TEE4= 0.079
rank= 63 Lx=Ly=22 pg= 0.750 ids= 191 TEE1=-0.052 TEE2= 0.006 TEE3= 0.041  TEE4= 0.048
rank= 54 Lx=Ly=22 pg= 0.750 ids= 182 TEE1=-0.236 TEE2=-0.116 TEE3=-0.012  TEE4= 0.105
rank=  7 Lx=Ly=22 pg= 0.760 ids= 135 TEE1=-0.207 TEE2=-0.134 TEE3=-0.014  TEE4= 0.186
rank= 99 Lx=Ly=22 pg= 0.760 ids= 227 TEE1=-0.219 TEE2=-0.134 TEE3=-0.039  TEE4= 0.064
rank=  1 Lx=Ly=22 pg= 0.760 ids= 129 TEE1=-0.134 TEE2= 0.002 TEE3= 0.081  TEE4= 0.114
rank=119 Lx=Ly=22 pg= 0.750 ids= 247 TEE1=-0.124 TEE2=-0.027 TEE3= 0.037  TEE4= 0.064
rank= 61 Lx=Ly=22 pg= 0.750 ids= 189 TEE1=-0.163 TEE2=-0.089 TEE3=-0.017  TEE4= 0.021
rank= 97 Lx=Ly=22 pg= 0.760 ids= 225 TEE1=-0.242 TEE2=-0.128 TEE3=-0.021  TEE4= 0.027
rank= 71 Lx=Ly=22 pg= 0.760 ids= 199 TEE1=-0.126 TEE2=-0.048 TEE3= 0.037  TEE4= 0.079
rank= 17 Lx=Ly=22 pg= 0.750 ids= 145 TEE1=-0.165 TEE2=-0.006 TEE3= 0.070  TEE4= 0.134
rank= 23 Lx=Ly=22 pg= 0.750 ids= 151 TEE1=-0.149 TEE2=-0.004 TEE3= 0.043  TEE4= 0.095
rank= 33 Lx=Ly=22 pg= 0.760 ids= 161 TEE1=-0.256 TEE2=-0.149 TEE3=-0.048  TEE4= 0.035
rank= 21 Lx=Ly=22 pg= 0.750 ids= 149 TEE1=-0.205 TEE2=-0.097 TEE3= 0.025  TEE4= 0.161
rank= 69 Lx=Ly=22 pg= 0.760 ids= 197 TEE1=-0.147 TEE2=-0.027 TEE3= 0.087  TEE4= 0.171
rank= 37 Lx=Ly=22 pg= 0.760 ids= 165 TEE1=-0.221 TEE2=-0.060 TEE3= 0.004  TEE4= 0.048
rank= 39 Lx=Ly=22 pg= 0.760 ids= 167 TEE1=-0.231 TEE2=-0.103 TEE3= 0.000  TEE4= 0.058
rank= 46 Lx=Ly=22 pg= 0.760 ids= 174 TEE1=-0.118 TEE2= 0.006 TEE3= 0.060  TEE4= 0.070
rank=103 Lx=Ly=22 pg= 0.760 ids= 231 TEE1=-0.205 TEE2=-0.058 TEE3= 0.019  TEE4= 0.014
rank=113 Lx=Ly=22 pg= 0.750 ids= 241 TEE1=-0.205 TEE2=-0.107 TEE3=-0.031  TEE4= 0.101
rank= 44 Lx=Ly=22 pg= 0.760 ids= 172 TEE1=-0.089 TEE2= 0.039 TEE3= 0.091  TEE4= 0.110
rank=117 Lx=Ly=22 pg= 0.750 ids= 245 TEE1=-0.085 TEE2= 0.010 TEE3= 0.068  TEE4= 0.085
rank=115 Lx=Ly=22 pg= 0.750 ids= 243 TEE1=-0.211 TEE2=-0.116 TEE3=-0.019  TEE4= 0.089
rank=101 Lx=Ly=22 pg= 0.760 ids= 229 TEE1=-0.196 TEE2=-0.021 TEE3= 0.085  TEE4= 0.178
rank=120 Lx=Ly=22 pg= 0.750 ids= 248 TEE1=-0.165 TEE2=-0.062 TEE3= 0.010  TEE4= 0.056
rank= 51 Lx=Ly=22 pg= 0.760 ids= 179 TEE1=-0.128 TEE2=-0.025 TEE3= 0.033  TEE4= 0.045
rank= 20 Lx=Ly=22 pg= 0.750 ids= 148 TEE1=-0.180 TEE2=-0.101 TEE3=-0.027  TEE4= 0.014
rank= 25 Lx=Ly=22 pg= 0.760 ids= 153 TEE1=-0.171 TEE2=-0.043 TEE3=-0.010  TEE4= 0.004
rank=124 Lx=Ly=22 pg= 0.750 ids= 252 TEE1=-0.095 TEE2=-0.008 TEE3= 0.035  TEE4= 0.064
rank= 16 Lx=Ly=22 pg= 0.750 ids= 144 TEE1=-0.103 TEE2= 0.010 TEE3= 0.068  TEE4= 0.095
rank= 86 Lx=Ly=22 pg= 0.750 ids= 214 TEE1=-0.178 TEE2=-0.031 TEE3= 0.037  TEE4= 0.058
rank=126 Lx=Ly=22 pg= 0.750 ids= 254 TEE1=-0.161 TEE2=-0.031 TEE3=-0.012  TEE4= 0.023
rank= 22 Lx=Ly=22 pg= 0.750 ids= 150 TEE1=-0.122 TEE2=-0.023 TEE3= 0.066  TEE4= 0.099
rank= 93 Lx=Ly=22 pg= 0.750 ids= 221 TEE1=-0.151 TEE2=-0.066 TEE3= 0.006  TEE4= 0.097
rank= 80 Lx=Ly=22 pg= 0.750 ids= 208 TEE1=-0.231 TEE2=-0.122 TEE3=-0.017  TEE4= 0.039
rank=112 Lx=Ly=22 pg= 0.760 ids= 240 TEE1=-0.302 TEE2=-0.101 TEE3= 0.012  TEE4= 0.072
rank= 91 Lx=Ly=22 pg= 0.750 ids= 219 TEE1=-0.169 TEE2= 0.000 TEE3= 0.045  TEE4= 0.081
rank= 18 Lx=Ly=22 pg= 0.750 ids= 146 TEE1=-0.174 TEE2=-0.054 TEE3=-0.002  TEE4= 0.025
rank= 84 Lx=Ly=22 pg= 0.750 ids= 212 TEE1=-0.250 TEE2=-0.083 TEE3= 0.031  TEE4= 0.105
rank=  2 Lx=Ly=22 pg= 0.760 ids= 130 TEE1=-0.174 TEE2=-0.048 TEE3= 0.014  TEE4= 0.037
rank= 95 Lx=Ly=22 pg= 0.750 ids= 223 TEE1=-0.027 TEE2= 0.029 TEE3= 0.039  TEE4= 0.031
rank=127 Lx=Ly=22 pg= 0.760 ids= 255 TEE1=-0.314 TEE2=-0.198 TEE3=-0.091  TEE4=-0.008
rank=110 Lx=Ly=22 pg= 0.760 ids= 238 TEE1=-0.163 TEE2=-0.062 TEE3= 0.027  TEE4= 0.056
rank= 45 Lx=Ly=22 pg= 0.760 ids= 173 TEE1=-0.194 TEE2=-0.085 TEE3= 0.010  TEE4= 0.072
rank=121 Lx=Ly=22 pg= 0.760 ids= 249 TEE1=-0.136 TEE2=-0.006 TEE3= 0.052  TEE4= 0.068
rank= 31 Lx=Ly=22 pg= 0.760 ids= 159 TEE1=-0.186 TEE2=-0.097 TEE3= 0.002  TEE4= 0.064
rank=106 Lx=Ly=22 pg= 0.760 ids= 234 TEE1=-0.097 TEE2=-0.019 TEE3= 0.060  TEE4= 0.157
rank=107 Lx=Ly=22 pg= 0.760 ids= 235 TEE1=-0.147 TEE2=-0.072 TEE3= 0.010  TEE4= 0.079
rank=116 Lx=Ly=22 pg= 0.760 ids= 244 TEE1=-0.159 TEE2=-0.031 TEE3= 0.039  TEE4= 0.058
rank= 94 Lx=Ly=22 pg= 0.750 ids= 222 TEE1=-0.143 TEE2= 0.017 TEE3= 0.056  TEE4= 0.099
rank= 27 Lx=Ly=22 pg= 0.760 ids= 155 TEE1=-0.184 TEE2=-0.076 TEE3= 0.035  TEE4= 0.101
rank=104 Lx=Ly=22 pg= 0.760 ids= 232 TEE1=-0.186 TEE2=-0.072 TEE3= 0.025  TEE4= 0.045
rank=108 Lx=Ly=22 pg= 0.760 ids= 236 TEE1=-0.174 TEE2=-0.027 TEE3= 0.128  TEE4= 0.254
rank= 38 Lx=Ly=22 pg= 0.760 ids= 166 TEE1=-0.167 TEE2=-0.006 TEE3= 0.033  TEE4= 0.029
rank= 88 Lx=Ly=22 pg= 0.750 ids= 216 TEE1=-0.120 TEE2= 0.008 TEE3= 0.058  TEE4= 0.112
rank= 41 Lx=Ly=22 pg= 0.760 ids= 169 TEE1=-0.130 TEE2=-0.029 TEE3= 0.008  TEE4= 0.021
rank= 30 Lx=Ly=22 pg= 0.760 ids= 158 TEE1=-0.169 TEE2=-0.021 TEE3= 0.037  TEE4= 0.041
rank= 49 Lx=Ly=22 pg= 0.760 ids= 177 TEE1=-0.205 TEE2=-0.153 TEE3=-0.070  TEE4= 0.012
rank= 29 Lx=Ly=22 pg= 0.760 ids= 157 TEE1=-0.153 TEE2=-0.043 TEE3= 0.031  TEE4= 0.079
rank=  6 Lx=Ly=22 pg= 0.760 ids= 134 TEE1=-0.045 TEE2= 0.029 TEE3= 0.079  TEE4= 0.079
rank= 43 Lx=Ly=22 pg= 0.760 ids= 171 TEE1=-0.213 TEE2=-0.083 TEE3= 0.021  TEE4= 0.050
rank=  4 Lx=Ly=22 pg= 0.760 ids= 132 TEE1=-0.215 TEE2=-0.097 TEE3= 0.010  TEE4= 0.041
rank= 47 Lx=Ly=22 pg= 0.760 ids= 175 TEE1=-0.039 TEE2= 0.014 TEE3= 0.023  TEE4= 0.019
rank= 92 Lx=Ly=22 pg= 0.750 ids= 220 TEE1=-0.159 TEE2=-0.052 TEE3= 0.010  TEE4= 0.068
rank=125 Lx=Ly=22 pg= 0.760 ids= 253 TEE1=-0.091 TEE2= 0.035 TEE3= 0.089  TEE4= 0.091
rank=118 Lx=Ly=22 pg= 0.760 ids= 246 TEE1=-0.128 TEE2=-0.025 TEE3= 0.072  TEE4= 0.126
rank= 90 Lx=Ly=22 pg= 0.750 ids= 218 TEE1=-0.209 TEE2=-0.126 TEE3=-0.012  TEE4= 0.066
rank=  0 Lx=Ly=22 pg= 0.760 ids= 128 TEE1=-0.165 TEE2=-0.010 TEE3= 0.062  TEE4= 0.136
rank=  9 Lx=Ly=22 pg= 0.760 ids= 137 TEE1=-0.246 TEE2=-0.103 TEE3=-0.004  TEE4= 0.045
rank= 11 Lx=Ly=22 pg= 0.760 ids= 139 TEE1=-0.205 TEE2=-0.107 TEE3=-0.006  TEE4= 0.012
rank=123 Lx=Ly=22 pg= 0.760 ids= 251 TEE1=-0.072 TEE2= 0.031 TEE3= 0.072  TEE4= 0.083
rank=114 Lx=Ly=22 pg= 0.760 ids= 242 TEE1=-0.140 TEE2=-0.031 TEE3= 0.070  TEE4= 0.126
rank= 15 Lx=Ly=22 pg= 0.760 ids= 143 TEE1=-0.167 TEE2=-0.081 TEE3= 0.006  TEE4= 0.081
rank= 13 Lx=Ly=22 pg= 0.760 ids= 141 TEE1=-0.194 TEE2=-0.124 TEE3=-0.068  TEE4= 0.041
rank= 64 Lx=Ly=22 pg= 0.760 ids= 192 TEE1=-0.217 TEE2=-0.157 TEE3=-0.070  TEE4= 0.012
rank= 53 Lx=Ly=22 pg= 0.760 ids= 181 TEE1=-0.215 TEE2=-0.128 TEE3=-0.039  TEE4= 0.072
rank= 83 Lx=Ly=22 pg= 0.760 ids= 211 TEE1=-0.194 TEE2=-0.008 TEE3= 0.099  TEE4= 0.157
rank= 55 Lx=Ly=22 pg= 0.760 ids= 183 TEE1=-0.215 TEE2=-0.070 TEE3= 0.052  TEE4= 0.076
rank= 32 Lx=Ly=22 pg= 0.760 ids= 160 TEE1=-0.153 TEE2=-0.072 TEE3=-0.012  TEE4= 0.031
rank= 12 Lx=Ly=22 pg= 0.770 ids= 140 TEE1=-0.273 TEE2=-0.122 TEE3= 0.006  TEE4= 0.083
rank= 87 Lx=Ly=22 pg= 0.760 ids= 215 TEE1=-0.202 TEE2=-0.060 TEE3= 0.037  TEE4= 0.087
rank= 34 Lx=Ly=22 pg= 0.760 ids= 162 TEE1=-0.085 TEE2=-0.029 TEE3= 0.037  TEE4= 0.048
rank=100 Lx=Ly=22 pg= 0.770 ids= 228 TEE1=-0.229 TEE2=-0.161 TEE3=-0.066  TEE4= 0.023
rank=  8 Lx=Ly=22 pg= 0.770 ids= 136 TEE1=-0.254 TEE2=-0.138 TEE3=-0.012  TEE4= 0.134
rank=111 Lx=Ly=22 pg= 0.760 ids= 239 TEE1=-0.240 TEE2=-0.052 TEE3= 0.052  TEE4= 0.155
rank=105 Lx=Ly=22 pg= 0.760 ids= 233 TEE1=-0.050 TEE2= 0.004 TEE3= 0.021  TEE4= 0.014
rank= 74 Lx=Ly=22 pg= 0.760 ids= 202 TEE1=-0.211 TEE2=-0.085 TEE3= 0.010  TEE4= 0.079
rank= 36 Lx=Ly=22 pg= 0.760 ids= 164 TEE1=-0.037 TEE2= 0.029 TEE3= 0.039  TEE4= 0.021
rank= 56 Lx=Ly=22 pg= 0.760 ids= 184 TEE1=-0.238 TEE2=-0.122 TEE3=-0.027  TEE4= 0.014
rank= 58 Lx=Ly=22 pg= 0.760 ids= 186 TEE1=-0.246 TEE2=-0.101 TEE3=-0.019  TEE4= 0.014
rank=109 Lx=Ly=22 pg= 0.760 ids= 237 TEE1=-0.103 TEE2= 0.008 TEE3= 0.054  TEE4= 0.072
rank= 81 Lx=Ly=22 pg= 0.760 ids= 209 TEE1=-0.221 TEE2=-0.062 TEE3= 0.062  TEE4= 0.126
rank= 85 Lx=Ly=22 pg= 0.760 ids= 213 TEE1=-0.110 TEE2=-0.095 TEE3=-0.072  TEE4=-0.048
rank= 26 Lx=Ly=22 pg= 0.760 ids= 154 TEE1=-0.169 TEE2=-0.019 TEE3= 0.087  TEE4= 0.246
rank= 62 Lx=Ly=22 pg= 0.760 ids= 190 TEE1=-0.159 TEE2=-0.062 TEE3=-0.008  TEE4= 0.019
rank= 48 Lx=Ly=22 pg= 0.760 ids= 176 TEE1=-0.045 TEE2= 0.014 TEE3= 0.048  TEE4= 0.058
rank= 75 Lx=Ly=22 pg= 0.760 ids= 203 TEE1=-0.074 TEE2=-0.012 TEE3= 0.031  TEE4= 0.045
rank= 60 Lx=Ly=22 pg= 0.760 ids= 188 TEE1=-0.171 TEE2= 0.002 TEE3= 0.081  TEE4= 0.122
rank= 65 Lx=Ly=22 pg= 0.770 ids= 193 TEE1=-0.250 TEE2=-0.122 TEE3=-0.021  TEE4= 0.089
rank= 68 Lx=Ly=22 pg= 0.760 ids= 196 TEE1=-0.213 TEE2=-0.072 TEE3= 0.021  TEE4= 0.035
rank= 66 Lx=Ly=22 pg= 0.760 ids= 194 TEE1=-0.161 TEE2=-0.043 TEE3= 0.008  TEE4= 0.027
rank= 35 Lx=Ly=22 pg= 0.770 ids= 163 TEE1=-0.271 TEE2=-0.118 TEE3=-0.033  TEE4= 0.008
rank= 57 Lx=Ly=22 pg= 0.760 ids= 185 TEE1=-0.147 TEE2=-0.004 TEE3= 0.056  TEE4= 0.103
rank=102 Lx=Ly=22 pg= 0.770 ids= 230 TEE1=-0.205 TEE2=-0.089 TEE3=-0.004  TEE4= 0.017
rank= 78 Lx=Ly=22 pg= 0.760 ids= 206 TEE1=-0.116 TEE2=-0.006 TEE3= 0.070  TEE4= 0.076
rank= 14 Lx=Ly=22 pg= 0.770 ids= 142 TEE1=-0.184 TEE2=-0.066 TEE3= 0.017  TEE4= 0.107
rank= 98 Lx=Ly=22 pg= 0.770 ids= 226 TEE1=-0.221 TEE2=-0.072 TEE3= 0.041  TEE4= 0.087
rank= 82 Lx=Ly=22 pg= 0.760 ids= 210 TEE1=-0.207 TEE2=-0.081 TEE3= 0.012  TEE4= 0.105
rank= 70 Lx=Ly=22 pg= 0.760 ids= 198 TEE1=-0.248 TEE2=-0.169 TEE3=-0.052  TEE4=-0.021
rank= 24 Lx=Ly=22 pg= 0.760 ids= 152 TEE1=-0.186 TEE2=-0.025 TEE3= 0.043  TEE4= 0.056
rank= 28 Lx=Ly=22 pg= 0.760 ids= 156 TEE1=-0.347 TEE2=-0.242 TEE3=-0.099  TEE4= 0.062
rank= 96 Lx=Ly=22 pg= 0.770 ids= 224 TEE1=-0.324 TEE2=-0.248 TEE3=-0.151  TEE4=-0.048
rank= 10 Lx=Ly=22 pg= 0.770 ids= 138 TEE1=-0.124 TEE2=-0.027 TEE3= 0.000  TEE4= 0.025
rank= 42 Lx=Ly=22 pg= 0.770 ids= 170 TEE1=-0.285 TEE2=-0.190 TEE3=-0.091  TEE4=-0.035
rank=  3 Lx=Ly=22 pg= 0.770 ids= 131 TEE1=-0.223 TEE2=-0.076 TEE3= 0.035  TEE4= 0.091
rank= 73 Lx=Ly=22 pg= 0.760 ids= 201 TEE1=-0.215 TEE2=-0.124 TEE3= 0.000  TEE4= 0.105
rank=122 Lx=Ly=22 pg= 0.760 ids= 250 TEE1=-0.062 TEE2= 0.025 TEE3= 0.052  TEE4= 0.070
rank= 67 Lx=Ly=22 pg= 0.770 ids= 195 TEE1=-0.215 TEE2=-0.126 TEE3=-0.072  TEE4= 0.002
rank= 77 Lx=Ly=22 pg= 0.760 ids= 205 TEE1=-0.178 TEE2=-0.074 TEE3=-0.025  TEE4= 0.010
rank= 50 Lx=Ly=22 pg= 0.760 ids= 178 TEE1=-0.192 TEE2=-0.087 TEE3= 0.004  TEE4= 0.066
rank= 79 Lx=Ly=22 pg= 0.760 ids= 207 TEE1=-0.213 TEE2=-0.070 TEE3=-0.006  TEE4= 0.045
rank=  5 Lx=Ly=22 pg= 0.770 ids= 133 TEE1=-0.256 TEE2=-0.151 TEE3=-0.014  TEE4= 0.064
rank= 59 Lx=Ly=22 pg= 0.760 ids= 187 TEE1=-0.087 TEE2= 0.029 TEE3= 0.052  TEE4= 0.048
rank= 72 Lx=Ly=22 pg= 0.760 ids= 200 TEE1=-0.209 TEE2=-0.050 TEE3= 0.039  TEE4= 0.116
rank= 76 Lx=Ly=22 pg= 0.760 ids= 204 TEE1=-0.207 TEE2=-0.151 TEE3=-0.068  TEE4= 0.045
rank= 89 Lx=Ly=22 pg= 0.760 ids= 217 TEE1=-0.143 TEE2=-0.041 TEE3= 0.039  TEE4= 0.091
rank= 40 Lx=Ly=22 pg= 0.770 ids= 168 TEE1=-0.242 TEE2=-0.163 TEE3=-0.066  TEE4=-0.010
rank=  7 Lx=Ly=22 pg= 0.770 ids= 135 TEE1=-0.225 TEE2=-0.062 TEE3= 0.010  TEE4= 0.037
rank=  1 Lx=Ly=22 pg= 0.770 ids= 129 TEE1=-0.236 TEE2=-0.050 TEE3= 0.052  TEE4= 0.087
rank= 52 Lx=Ly=22 pg= 0.760 ids= 180 TEE1=-0.118 TEE2= 0.039 TEE3= 0.097  TEE4= 0.118
rank= 99 Lx=Ly=22 pg= 0.770 ids= 227 TEE1=-0.291 TEE2=-0.254 TEE3=-0.202  TEE4=-0.079
rank= 19 Lx=Ly=22 pg= 0.760 ids= 147 TEE1=-0.167 TEE2=-0.035 TEE3= 0.107  TEE4= 0.167
rank= 54 Lx=Ly=22 pg= 0.760 ids= 182 TEE1=-0.186 TEE2=-0.060 TEE3= 0.002  TEE4= 0.058
rank= 63 Lx=Ly=22 pg= 0.760 ids= 191 TEE1=-0.211 TEE2=-0.107 TEE3= 0.006  TEE4= 0.079
rank= 71 Lx=Ly=22 pg= 0.770 ids= 199 TEE1=-0.134 TEE2=-0.029 TEE3= 0.048  TEE4= 0.056
rank= 97 Lx=Ly=22 pg= 0.770 ids= 225 TEE1=-0.258 TEE2=-0.165 TEE3=-0.062  TEE4= 0.027
rank=119 Lx=Ly=22 pg= 0.760 ids= 247 TEE1=-0.269 TEE2=-0.093 TEE3= 0.081  TEE4= 0.180
rank= 61 Lx=Ly=22 pg= 0.760 ids= 189 TEE1=-0.258 TEE2=-0.165 TEE3=-0.060  TEE4= 0.019
rank= 33 Lx=Ly=22 pg= 0.770 ids= 161 TEE1=-0.194 TEE2=-0.070 TEE3= 0.023  TEE4= 0.163
rank= 69 Lx=Ly=22 pg= 0.770 ids= 197 TEE1=-0.229 TEE2=-0.058 TEE3= 0.025  TEE4= 0.056
rank= 17 Lx=Ly=22 pg= 0.760 ids= 145 TEE1=-0.180 TEE2=-0.068 TEE3= 0.048  TEE4= 0.076
rank= 23 Lx=Ly=22 pg= 0.760 ids= 151 TEE1=-0.126 TEE2=-0.029 TEE3= 0.050  TEE4= 0.138
rank= 37 Lx=Ly=22 pg= 0.770 ids= 165 TEE1=-0.138 TEE2= 0.039 TEE3= 0.091  TEE4= 0.112
rank= 21 Lx=Ly=22 pg= 0.760 ids= 149 TEE1=-0.124 TEE2=-0.033 TEE3= 0.017  TEE4= 0.025
rank= 39 Lx=Ly=22 pg= 0.770 ids= 167 TEE1=-0.207 TEE2=-0.062 TEE3= 0.058  TEE4= 0.258
rank= 46 Lx=Ly=22 pg= 0.770 ids= 174 TEE1=-0.250 TEE2=-0.064 TEE3= 0.021  TEE4= 0.076
rank=103 Lx=Ly=22 pg= 0.770 ids= 231 TEE1=-0.147 TEE2=-0.006 TEE3= 0.066  TEE4= 0.116
rank= 44 Lx=Ly=22 pg= 0.770 ids= 172 TEE1=-0.236 TEE2=-0.054 TEE3= 0.062  TEE4= 0.095
rank=101 Lx=Ly=22 pg= 0.770 ids= 229 TEE1=-0.176 TEE2=-0.093 TEE3= 0.000  TEE4= 0.083
rank=113 Lx=Ly=22 pg= 0.760 ids= 241 TEE1=-0.190 TEE2=-0.039 TEE3= 0.031  TEE4= 0.081
rank= 51 Lx=Ly=22 pg= 0.770 ids= 179 TEE1=-0.248 TEE2=-0.089 TEE3= 0.014  TEE4= 0.041
rank= 25 Lx=Ly=22 pg= 0.770 ids= 153 TEE1=-0.229 TEE2=-0.048 TEE3= 0.041  TEE4= 0.066
rank=117 Lx=Ly=22 pg= 0.760 ids= 245 TEE1=-0.118 TEE2= 0.025 TEE3= 0.070  TEE4= 0.048
rank=115 Lx=Ly=22 pg= 0.760 ids= 243 TEE1=-0.151 TEE2=-0.006 TEE3= 0.070  TEE4= 0.116
rank=120 Lx=Ly=22 pg= 0.760 ids= 248 TEE1=-0.306 TEE2=-0.194 TEE3=-0.093  TEE4= 0.012
rank= 20 Lx=Ly=22 pg= 0.760 ids= 148 TEE1=-0.242 TEE2=-0.136 TEE3=-0.048  TEE4= 0.041
rank=124 Lx=Ly=22 pg= 0.760 ids= 252 TEE1= 0.004 TEE2= 0.027 TEE3= 0.033  TEE4= 0.048
rank=126 Lx=Ly=22 pg= 0.760 ids= 254 TEE1=-0.143 TEE2= 0.000 TEE3= 0.079  TEE4= 0.089
rank= 16 Lx=Ly=22 pg= 0.760 ids= 144 TEE1=-0.091 TEE2= 0.039 TEE3= 0.105  TEE4= 0.105
rank= 86 Lx=Ly=22 pg= 0.760 ids= 214 TEE1=-0.062 TEE2= 0.019 TEE3= 0.060  TEE4= 0.081
rank=112 Lx=Ly=22 pg= 0.770 ids= 240 TEE1=-0.260 TEE2=-0.085 TEE3= 0.027  TEE4= 0.083
rank= 22 Lx=Ly=22 pg= 0.760 ids= 150 TEE1=-0.219 TEE2=-0.140 TEE3=-0.033  TEE4= 0.008
rank= 93 Lx=Ly=22 pg= 0.760 ids= 221 TEE1=-0.188 TEE2=-0.031 TEE3= 0.037  TEE4= 0.083
rank= 80 Lx=Ly=22 pg= 0.760 ids= 208 TEE1=-0.091 TEE2= 0.021 TEE3= 0.085  TEE4= 0.095
rank= 91 Lx=Ly=22 pg= 0.760 ids= 219 TEE1=-0.180 TEE2=-0.081 TEE3=-0.004  TEE4= 0.074
rank= 18 Lx=Ly=22 pg= 0.760 ids= 146 TEE1=-0.112 TEE2= 0.066 TEE3= 0.089  TEE4= 0.101
rank=  2 Lx=Ly=22 pg= 0.770 ids= 130 TEE1=-0.233 TEE2=-0.074 TEE3= 0.019  TEE4= 0.101
rank= 84 Lx=Ly=22 pg= 0.760 ids= 212 TEE1=-0.196 TEE2=-0.064 TEE3= 0.021  TEE4= 0.089
rank=127 Lx=Ly=22 pg= 0.770 ids= 255 TEE1=-0.277 TEE2=-0.182 TEE3=-0.079  TEE4= 0.019
rank=110 Lx=Ly=22 pg= 0.770 ids= 238 TEE1=-0.262 TEE2=-0.143 TEE3=-0.002  TEE4= 0.205
rank= 45 Lx=Ly=22 pg= 0.770 ids= 173 TEE1=-0.095 TEE2=-0.052 TEE3= 0.025  TEE4= 0.093
rank= 95 Lx=Ly=22 pg= 0.760 ids= 223 TEE1=-0.112 TEE2= 0.010 TEE3= 0.072  TEE4= 0.081
rank=121 Lx=Ly=22 pg= 0.770 ids= 249 TEE1=-0.337 TEE2=-0.291 TEE3=-0.180  TEE4= 0.031
rank= 31 Lx=Ly=22 pg= 0.770 ids= 159 TEE1=-0.264 TEE2=-0.128 TEE3=-0.025  TEE4= 0.134
rank=107 Lx=Ly=22 pg= 0.770 ids= 235 TEE1=-0.252 TEE2=-0.072 TEE3= 0.054  TEE4= 0.103
rank=116 Lx=Ly=22 pg= 0.770 ids= 244 TEE1=-0.157 TEE2=-0.056 TEE3= 0.023  TEE4= 0.070
rank=106 Lx=Ly=22 pg= 0.770 ids= 234 TEE1=-0.258 TEE2=-0.114 TEE3=-0.014  TEE4= 0.076
rank= 27 Lx=Ly=22 pg= 0.770 ids= 155 TEE1=-0.347 TEE2=-0.196 TEE3=-0.060  TEE4= 0.045
rank=104 Lx=Ly=22 pg= 0.770 ids= 232 TEE1=-0.209 TEE2=-0.140 TEE3=-0.017  TEE4= 0.056
rank= 38 Lx=Ly=22 pg= 0.770 ids= 166 TEE1=-0.289 TEE2=-0.194 TEE3=-0.118  TEE4=-0.060
rank=108 Lx=Ly=22 pg= 0.770 ids= 236 TEE1=-0.229 TEE2=-0.064 TEE3= 0.056  TEE4= 0.128
rank= 94 Lx=Ly=22 pg= 0.760 ids= 222 TEE1=-0.116 TEE2=-0.062 TEE3= 0.002  TEE4= 0.045
rank= 41 Lx=Ly=22 pg= 0.770 ids= 169 TEE1=-0.229 TEE2=-0.081 TEE3= 0.035  TEE4= 0.070
rank= 30 Lx=Ly=22 pg= 0.770 ids= 158 TEE1=-0.295 TEE2=-0.167 TEE3=-0.099  TEE4=-0.045
rank= 49 Lx=Ly=22 pg= 0.770 ids= 177 TEE1=-0.293 TEE2=-0.215 TEE3=-0.107  TEE4= 0.004
rank= 88 Lx=Ly=22 pg= 0.760 ids= 216 TEE1=-0.151 TEE2=-0.050 TEE3= 0.062  TEE4= 0.126
rank= 29 Lx=Ly=22 pg= 0.770 ids= 157 TEE1=-0.167 TEE2=-0.045 TEE3= 0.021  TEE4= 0.091
rank=  6 Lx=Ly=22 pg= 0.770 ids= 134 TEE1=-0.045 TEE2= 0.037 TEE3= 0.093  TEE4= 0.110
rank= 43 Lx=Ly=22 pg= 0.770 ids= 171 TEE1=-0.221 TEE2=-0.126 TEE3= 0.017  TEE4= 0.130
rank= 47 Lx=Ly=22 pg= 0.770 ids= 175 TEE1=-0.233 TEE2=-0.103 TEE3= 0.019  TEE4= 0.074
rank=  4 Lx=Ly=22 pg= 0.770 ids= 132 TEE1=-0.161 TEE2=-0.029 TEE3= 0.066  TEE4= 0.099
rank=125 Lx=Ly=22 pg= 0.770 ids= 253 TEE1=-0.200 TEE2=-0.052 TEE3= 0.076  TEE4= 0.167
rank=118 Lx=Ly=22 pg= 0.770 ids= 246 TEE1=-0.215 TEE2=-0.074 TEE3= 0.027  TEE4= 0.120
rank=  0 Lx=Ly=22 pg= 0.770 ids= 128 TEE1=-0.124 TEE2=-0.006 TEE3= 0.058  TEE4= 0.130
rank= 11 Lx=Ly=22 pg= 0.770 ids= 139 TEE1=-0.165 TEE2=-0.050 TEE3= 0.000  TEE4= 0.012
rank= 92 Lx=Ly=22 pg= 0.760 ids= 220 TEE1=-0.157 TEE2=-0.006 TEE3= 0.087  TEE4= 0.095
rank=  9 Lx=Ly=22 pg= 0.770 ids= 137 TEE1=-0.267 TEE2=-0.122 TEE3=-0.014  TEE4= 0.012
rank= 90 Lx=Ly=22 pg= 0.760 ids= 218 TEE1=-0.289 TEE2=-0.161 TEE3=-0.050  TEE4= 0.068
rank=123 Lx=Ly=22 pg= 0.770 ids= 251 TEE1=-0.267 TEE2=-0.149 TEE3=-0.002  TEE4= 0.083
rank=114 Lx=Ly=22 pg= 0.770 ids= 242 TEE1=-0.231 TEE2=-0.085 TEE3= 0.037  TEE4= 0.081
rank= 15 Lx=Ly=22 pg= 0.770 ids= 143 TEE1=-0.287 TEE2=-0.184 TEE3=-0.079  TEE4=-0.006
rank= 13 Lx=Ly=22 pg= 0.770 ids= 141 TEE1=-0.242 TEE2=-0.110 TEE3=-0.004  TEE4= 0.079
rank= 64 Lx=Ly=22 pg= 0.770 ids= 192 TEE1=-0.116 TEE2=-0.014 TEE3= 0.031  TEE4= 0.027
rank= 83 Lx=Ly=22 pg= 0.770 ids= 211 TEE1=-0.393 TEE2=-0.211 TEE3=-0.062  TEE4= 0.035
rank= 53 Lx=Ly=22 pg= 0.770 ids= 181 TEE1=-0.345 TEE2=-0.205 TEE3=-0.116  TEE4= 0.027
rank= 55 Lx=Ly=22 pg= 0.770 ids= 183 TEE1=-0.186 TEE2=-0.043 TEE3= 0.043  TEE4= 0.085
rank= 12 Lx=Ly=22 pg= 0.780 ids= 140 TEE1=-0.281 TEE2=-0.176 TEE3=-0.048  TEE4= 0.060
rank= 32 Lx=Ly=22 pg= 0.770 ids= 160 TEE1=-0.353 TEE2=-0.242 TEE3=-0.081  TEE4= 0.062
rank=100 Lx=Ly=22 pg= 0.780 ids= 228 TEE1=-0.388 TEE2=-0.312 TEE3=-0.126  TEE4= 0.054
rank=  8 Lx=Ly=22 pg= 0.780 ids= 136 TEE1=-0.337 TEE2=-0.252 TEE3=-0.169  TEE4=-0.017
rank= 34 Lx=Ly=22 pg= 0.770 ids= 162 TEE1=-0.256 TEE2=-0.064 TEE3= 0.043  TEE4= 0.087
rank= 87 Lx=Ly=22 pg= 0.770 ids= 215 TEE1=-0.285 TEE2=-0.151 TEE3=-0.010  TEE4= 0.050
rank=111 Lx=Ly=22 pg= 0.770 ids= 239 TEE1=-0.205 TEE2=-0.035 TEE3= 0.097  TEE4= 0.188
rank=105 Lx=Ly=22 pg= 0.770 ids= 233 TEE1=-0.147 TEE2=-0.054 TEE3= 0.054  TEE4= 0.126
rank= 74 Lx=Ly=22 pg= 0.770 ids= 202 TEE1=-0.256 TEE2=-0.169 TEE3=-0.056  TEE4= 0.062
rank= 36 Lx=Ly=22 pg= 0.770 ids= 164 TEE1=-0.256 TEE2=-0.205 TEE3=-0.097  TEE4= 0.023
rank= 56 Lx=Ly=22 pg= 0.770 ids= 184 TEE1=-0.240 TEE2=-0.058 TEE3= 0.033  TEE4= 0.056
rank= 58 Lx=Ly=22 pg= 0.770 ids= 186 TEE1=-0.291 TEE2=-0.143 TEE3=-0.025  TEE4= 0.072
rank= 26 Lx=Ly=22 pg= 0.770 ids= 154 TEE1=-0.324 TEE2=-0.227 TEE3=-0.074  TEE4= 0.025
rank=109 Lx=Ly=22 pg= 0.770 ids= 237 TEE1=-0.101 TEE2= 0.004 TEE3= 0.035  TEE4= 0.033
rank= 48 Lx=Ly=22 pg= 0.770 ids= 176 TEE1=-0.355 TEE2=-0.236 TEE3=-0.112  TEE4= 0.029
rank= 75 Lx=Ly=22 pg= 0.770 ids= 203 TEE1=-0.132 TEE2=-0.070 TEE3=-0.017  TEE4= 0.012
rank= 81 Lx=Ly=22 pg= 0.770 ids= 209 TEE1=-0.318 TEE2=-0.200 TEE3=-0.081  TEE4= 0.048
rank= 65 Lx=Ly=22 pg= 0.780 ids= 193 TEE1=-0.291 TEE2=-0.159 TEE3=-0.048  TEE4= 0.120
rank= 85 Lx=Ly=22 pg= 0.770 ids= 213 TEE1=-0.238 TEE2=-0.161 TEE3=-0.085  TEE4=-0.021
rank= 62 Lx=Ly=22 pg= 0.770 ids= 190 TEE1=-0.151 TEE2=-0.081 TEE3=-0.045  TEE4= 0.010
rank= 35 Lx=Ly=22 pg= 0.780 ids= 163 TEE1=-0.143 TEE2=-0.054 TEE3= 0.021  TEE4= 0.087
rank= 60 Lx=Ly=22 pg= 0.770 ids= 188 TEE1=-0.291 TEE2=-0.151 TEE3=-0.031  TEE4= 0.035
rank= 57 Lx=Ly=22 pg= 0.770 ids= 185 TEE1=-0.256 TEE2=-0.145 TEE3=-0.068  TEE4=-0.035
rank=102 Lx=Ly=22 pg= 0.780 ids= 230 TEE1=-0.231 TEE2=-0.101 TEE3= 0.014  TEE4= 0.101
rank= 66 Lx=Ly=22 pg= 0.770 ids= 194 TEE1=-0.209 TEE2=-0.041 TEE3= 0.045  TEE4= 0.095
rank= 68 Lx=Ly=22 pg= 0.770 ids= 196 TEE1=-0.240 TEE2=-0.112 TEE3=-0.041  TEE4= 0.014
rank= 14 Lx=Ly=22 pg= 0.780 ids= 142 TEE1=-0.281 TEE2=-0.174 TEE3=-0.054  TEE4= 0.014
rank= 78 Lx=Ly=22 pg= 0.770 ids= 206 TEE1=-0.236 TEE2=-0.097 TEE3= 0.033  TEE4= 0.072
rank= 98 Lx=Ly=22 pg= 0.780 ids= 226 TEE1=-0.302 TEE2=-0.258 TEE3=-0.143  TEE4=-0.056
rank= 24 Lx=Ly=22 pg= 0.770 ids= 152 TEE1=-0.227 TEE2=-0.076 TEE3=-0.010  TEE4= 0.021
rank= 28 Lx=Ly=22 pg= 0.770 ids= 156 TEE1=-0.202 TEE2=-0.060 TEE3= 0.087  TEE4= 0.159
rank= 82 Lx=Ly=22 pg= 0.770 ids= 210 TEE1=-0.176 TEE2=-0.099 TEE3=-0.033  TEE4= 0.017
rank=  3 Lx=Ly=22 pg= 0.780 ids= 131 TEE1=-0.254 TEE2=-0.089 TEE3= 0.004  TEE4= 0.076
rank= 96 Lx=Ly=22 pg= 0.780 ids= 224 TEE1=-0.273 TEE2=-0.202 TEE3=-0.101  TEE4= 0.103
rank= 70 Lx=Ly=22 pg= 0.770 ids= 198 TEE1=-0.198 TEE2=-0.079 TEE3= 0.025  TEE4= 0.064
rank= 10 Lx=Ly=22 pg= 0.780 ids= 138 TEE1=-0.256 TEE2=-0.211 TEE3=-0.110  TEE4= 0.045
rank= 42 Lx=Ly=22 pg= 0.780 ids= 170 TEE1=-0.331 TEE2=-0.184 TEE3=-0.004  TEE4= 0.145
rank=122 Lx=Ly=22 pg= 0.770 ids= 250 TEE1=-0.186 TEE2=-0.010 TEE3= 0.074  TEE4= 0.074
rank= 67 Lx=Ly=22 pg= 0.780 ids= 195 TEE1=-0.372 TEE2=-0.273 TEE3=-0.161  TEE4=-0.103
rank= 73 Lx=Ly=22 pg= 0.770 ids= 201 TEE1=-0.320 TEE2=-0.192 TEE3=-0.056  TEE4= 0.056
rank=  5 Lx=Ly=22 pg= 0.780 ids= 133 TEE1=-0.333 TEE2=-0.196 TEE3=-0.079  TEE4= 0.039
rank= 50 Lx=Ly=22 pg= 0.770 ids= 178 TEE1=-0.165 TEE2=-0.025 TEE3= 0.116  TEE4= 0.219
rank=  7 Lx=Ly=22 pg= 0.780 ids= 135 TEE1=-0.351 TEE2=-0.231 TEE3=-0.045  TEE4= 0.188
rank= 40 Lx=Ly=22 pg= 0.780 ids= 168 TEE1=-0.380 TEE2=-0.300 TEE3=-0.202  TEE4= 0.008
rank= 77 Lx=Ly=22 pg= 0.770 ids= 205 TEE1=-0.200 TEE2=-0.081 TEE3= 0.019  TEE4= 0.155
rank= 79 Lx=Ly=22 pg= 0.770 ids= 207 TEE1=-0.217 TEE2=-0.083 TEE3= 0.048  TEE4= 0.169
rank= 59 Lx=Ly=22 pg= 0.770 ids= 187 TEE1=-0.122 TEE2=-0.035 TEE3= 0.037  TEE4= 0.124
rank=  1 Lx=Ly=22 pg= 0.780 ids= 129 TEE1=-0.279 TEE2=-0.151 TEE3=-0.017  TEE4= 0.056
rank= 89 Lx=Ly=22 pg= 0.770 ids= 217 TEE1=-0.211 TEE2=-0.056 TEE3= 0.050  TEE4= 0.110
rank= 76 Lx=Ly=22 pg= 0.770 ids= 204 TEE1=-0.316 TEE2=-0.167 TEE3=-0.048  TEE4= 0.076
rank= 72 Lx=Ly=22 pg= 0.770 ids= 200 TEE1=-0.320 TEE2=-0.174 TEE3=-0.031  TEE4= 0.076
rank= 99 Lx=Ly=22 pg= 0.780 ids= 227 TEE1=-0.285 TEE2=-0.153 TEE3=-0.021  TEE4= 0.116
rank= 52 Lx=Ly=22 pg= 0.770 ids= 180 TEE1=-0.225 TEE2=-0.134 TEE3=-0.027  TEE4= 0.089
rank= 19 Lx=Ly=22 pg= 0.770 ids= 147 TEE1=-0.171 TEE2=-0.031 TEE3= 0.037  TEE4= 0.037
rank= 71 Lx=Ly=22 pg= 0.780 ids= 199 TEE1=-0.227 TEE2=-0.112 TEE3=-0.008  TEE4= 0.054
rank= 54 Lx=Ly=22 pg= 0.770 ids= 182 TEE1=-0.244 TEE2=-0.056 TEE3= 0.054  TEE4= 0.147
rank= 63 Lx=Ly=22 pg= 0.770 ids= 191 TEE1=-0.159 TEE2=-0.062 TEE3= 0.054  TEE4= 0.143
rank= 97 Lx=Ly=22 pg= 0.780 ids= 225 TEE1=-0.318 TEE2=-0.184 TEE3=-0.052  TEE4= 0.085
rank=119 Lx=Ly=22 pg= 0.770 ids= 247 TEE1=-0.362 TEE2=-0.256 TEE3=-0.107  TEE4= 0.105
rank= 33 Lx=Ly=22 pg= 0.780 ids= 161 TEE1=-0.221 TEE2=-0.062 TEE3= 0.070  TEE4= 0.114
rank= 69 Lx=Ly=22 pg= 0.780 ids= 197 TEE1=-0.308 TEE2=-0.128 TEE3= 0.017  TEE4= 0.145
rank= 37 Lx=Ly=22 pg= 0.780 ids= 165 TEE1=-0.205 TEE2=-0.079 TEE3= 0.035  TEE4= 0.050
rank= 61 Lx=Ly=22 pg= 0.770 ids= 189 TEE1=-0.205 TEE2=-0.054 TEE3= 0.045  TEE4= 0.089
rank= 23 Lx=Ly=22 pg= 0.770 ids= 151 TEE1=-0.285 TEE2=-0.130 TEE3= 0.025  TEE4= 0.087
rank= 39 Lx=Ly=22 pg= 0.780 ids= 167 TEE1=-0.446 TEE2=-0.298 TEE3=-0.145  TEE4= 0.021
rank= 17 Lx=Ly=22 pg= 0.770 ids= 145 TEE1=-0.229 TEE2=-0.143 TEE3= 0.004  TEE4= 0.120
rank= 21 Lx=Ly=22 pg= 0.770 ids= 149 TEE1=-0.159 TEE2=-0.012 TEE3= 0.085  TEE4= 0.128
rank=103 Lx=Ly=22 pg= 0.780 ids= 231 TEE1=-0.198 TEE2=-0.122 TEE3=-0.068  TEE4= 0.043
rank= 46 Lx=Ly=22 pg= 0.780 ids= 174 TEE1=-0.287 TEE2=-0.180 TEE3=-0.072  TEE4= 0.085
rank= 44 Lx=Ly=22 pg= 0.780 ids= 172 TEE1=-0.233 TEE2=-0.132 TEE3=-0.058  TEE4= 0.017
rank=101 Lx=Ly=22 pg= 0.780 ids= 229 TEE1=-0.256 TEE2=-0.070 TEE3= 0.041  TEE4= 0.122
rank= 51 Lx=Ly=22 pg= 0.780 ids= 179 TEE1=-0.221 TEE2=-0.103 TEE3= 0.014  TEE4= 0.107
rank= 25 Lx=Ly=22 pg= 0.780 ids= 153 TEE1=-0.240 TEE2=-0.136 TEE3= 0.008  TEE4= 0.120
rank=113 Lx=Ly=22 pg= 0.770 ids= 241 TEE1=-0.192 TEE2=-0.099 TEE3= 0.006  TEE4= 0.056
rank=117 Lx=Ly=22 pg= 0.770 ids= 245 TEE1=-0.271 TEE2=-0.147 TEE3= 0.012  TEE4= 0.145
rank=115 Lx=Ly=22 pg= 0.770 ids= 243 TEE1=-0.264 TEE2=-0.041 TEE3= 0.083  TEE4= 0.105
rank=120 Lx=Ly=22 pg= 0.770 ids= 248 TEE1=-0.384 TEE2=-0.298 TEE3=-0.161  TEE4=-0.021
rank= 20 Lx=Ly=22 pg= 0.770 ids= 148 TEE1=-0.246 TEE2=-0.157 TEE3=-0.054  TEE4=-0.017
rank=124 Lx=Ly=22 pg= 0.770 ids= 252 TEE1=-0.271 TEE2=-0.155 TEE3=-0.066  TEE4= 0.014
rank=112 Lx=Ly=22 pg= 0.780 ids= 240 TEE1=-0.254 TEE2=-0.081 TEE3= 0.010  TEE4= 0.118
rank=126 Lx=Ly=22 pg= 0.770 ids= 254 TEE1=-0.242 TEE2=-0.143 TEE3=-0.103  TEE4=-0.029
rank= 16 Lx=Ly=22 pg= 0.770 ids= 144 TEE1=-0.279 TEE2=-0.130 TEE3=-0.041  TEE4= 0.014
rank= 86 Lx=Ly=22 pg= 0.770 ids= 214 TEE1=-0.260 TEE2=-0.140 TEE3= 0.000  TEE4= 0.085
rank= 22 Lx=Ly=22 pg= 0.770 ids= 150 TEE1=-0.171 TEE2=-0.124 TEE3=-0.010  TEE4= 0.110
rank= 93 Lx=Ly=22 pg= 0.770 ids= 221 TEE1=-0.279 TEE2=-0.157 TEE3= 0.014  TEE4= 0.194
rank=  2 Lx=Ly=22 pg= 0.780 ids= 130 TEE1=-0.331 TEE2=-0.145 TEE3= 0.002  TEE4= 0.105
rank= 91 Lx=Ly=22 pg= 0.770 ids= 219 TEE1=-0.397 TEE2=-0.318 TEE3=-0.149  TEE4=-0.008
rank= 80 Lx=Ly=22 pg= 0.770 ids= 208 TEE1=-0.163 TEE2=-0.014 TEE3= 0.070  TEE4= 0.076
rank= 45 Lx=Ly=22 pg= 0.780 ids= 173 TEE1=-0.213 TEE2=-0.054 TEE3= 0.023  TEE4= 0.087
rank= 18 Lx=Ly=22 pg= 0.770 ids= 146 TEE1=-0.250 TEE2=-0.138 TEE3=-0.045  TEE4= 0.052
rank=127 Lx=Ly=22 pg= 0.780 ids= 255 TEE1=-0.242 TEE2=-0.159 TEE3=-0.060  TEE4= 0.000
rank=110 Lx=Ly=22 pg= 0.780 ids= 238 TEE1=-0.380 TEE2=-0.324 TEE3=-0.225  TEE4=-0.037
rank= 84 Lx=Ly=22 pg= 0.770 ids= 212 TEE1=-0.163 TEE2=-0.060 TEE3= 0.060  TEE4= 0.134
rank= 95 Lx=Ly=22 pg= 0.770 ids= 223 TEE1=-0.258 TEE2=-0.176 TEE3=-0.081  TEE4=-0.014
rank=121 Lx=Ly=22 pg= 0.780 ids= 249 TEE1=-0.246 TEE2=-0.165 TEE3=-0.048  TEE4= 0.124
rank= 31 Lx=Ly=22 pg= 0.780 ids= 159 TEE1=-0.298 TEE2=-0.209 TEE3=-0.081  TEE4= 0.041
rank=107 Lx=Ly=22 pg= 0.780 ids= 235 TEE1=-0.304 TEE2=-0.097 TEE3= 0.050  TEE4= 0.176
rank=116 Lx=Ly=22 pg= 0.780 ids= 244 TEE1=-0.277 TEE2=-0.211 TEE3=-0.130  TEE4=-0.008
rank=106 Lx=Ly=22 pg= 0.780 ids= 234 TEE1=-0.366 TEE2=-0.285 TEE3=-0.124  TEE4= 0.035
rank= 27 Lx=Ly=22 pg= 0.780 ids= 155 TEE1=-0.374 TEE2=-0.250 TEE3=-0.085  TEE4= 0.070
rank= 30 Lx=Ly=22 pg= 0.780 ids= 158 TEE1=-0.138 TEE2=-0.014 TEE3= 0.027  TEE4= 0.027
rank=104 Lx=Ly=22 pg= 0.780 ids= 232 TEE1=-0.192 TEE2=-0.043 TEE3= 0.021  TEE4= 0.085
rank= 41 Lx=Ly=22 pg= 0.780 ids= 169 TEE1=-0.339 TEE2=-0.246 TEE3=-0.136  TEE4= 0.037
rank= 38 Lx=Ly=22 pg= 0.780 ids= 166 TEE1=-0.372 TEE2=-0.279 TEE3=-0.167  TEE4=-0.010
rank=108 Lx=Ly=22 pg= 0.780 ids= 236 TEE1=-0.322 TEE2=-0.176 TEE3=-0.076  TEE4=-0.004
rank= 94 Lx=Ly=22 pg= 0.770 ids= 222 TEE1=-0.250 TEE2=-0.153 TEE3=-0.048  TEE4= 0.066
rank= 49 Lx=Ly=22 pg= 0.780 ids= 177 TEE1=-0.469 TEE2=-0.355 TEE3=-0.205  TEE4= 0.021
rank= 29 Lx=Ly=22 pg= 0.780 ids= 157 TEE1=-0.291 TEE2=-0.165 TEE3=-0.039  TEE4= 0.062
rank= 47 Lx=Ly=22 pg= 0.780 ids= 175 TEE1=-0.188 TEE2=-0.041 TEE3= 0.023  TEE4= 0.062
rank= 43 Lx=Ly=22 pg= 0.780 ids= 171 TEE1=-0.252 TEE2=-0.122 TEE3=-0.027  TEE4= 0.054
rank=  6 Lx=Ly=22 pg= 0.780 ids= 134 TEE1=-0.316 TEE2=-0.190 TEE3=-0.085  TEE4= 0.014
rank=  4 Lx=Ly=22 pg= 0.780 ids= 132 TEE1=-0.364 TEE2=-0.227 TEE3=-0.107  TEE4= 0.000
rank= 88 Lx=Ly=22 pg= 0.770 ids= 216 TEE1=-0.246 TEE2=-0.091 TEE3= 0.033  TEE4= 0.130
rank=118 Lx=Ly=22 pg= 0.780 ids= 246 TEE1=-0.287 TEE2=-0.134 TEE3=-0.052  TEE4= 0.037
rank=125 Lx=Ly=22 pg= 0.780 ids= 253 TEE1=-0.293 TEE2=-0.207 TEE3=-0.070  TEE4= 0.062
rank=  0 Lx=Ly=22 pg= 0.780 ids= 128 TEE1=-0.242 TEE2=-0.194 TEE3=-0.081  TEE4=-0.006
rank= 11 Lx=Ly=22 pg= 0.780 ids= 139 TEE1=-0.289 TEE2=-0.132 TEE3=-0.025  TEE4= 0.021
rank=  9 Lx=Ly=22 pg= 0.780 ids= 137 TEE1=-0.364 TEE2=-0.225 TEE3=-0.076  TEE4= 0.062
rank=123 Lx=Ly=22 pg= 0.780 ids= 251 TEE1=-0.378 TEE2=-0.291 TEE3=-0.153  TEE4=-0.029
rank=114 Lx=Ly=22 pg= 0.780 ids= 242 TEE1=-0.267 TEE2=-0.136 TEE3=-0.052  TEE4= 0.035
rank= 15 Lx=Ly=22 pg= 0.780 ids= 143 TEE1=-0.260 TEE2=-0.122 TEE3= 0.010  TEE4= 0.085
rank= 92 Lx=Ly=22 pg= 0.770 ids= 220 TEE1=-0.300 TEE2=-0.140 TEE3=-0.041  TEE4=-0.002
rank= 13 Lx=Ly=22 pg= 0.780 ids= 141 TEE1=-0.271 TEE2=-0.072 TEE3= 0.037  TEE4= 0.083
rank= 90 Lx=Ly=22 pg= 0.770 ids= 218 TEE1=-0.283 TEE2=-0.149 TEE3=-0.025  TEE4= 0.070
rank= 64 Lx=Ly=22 pg= 0.780 ids= 192 TEE1=-0.281 TEE2=-0.140 TEE3= 0.017  TEE4= 0.138
rank= 83 Lx=Ly=22 pg= 0.780 ids= 211 TEE1=-0.178 TEE2= 0.000 TEE3= 0.085  TEE4= 0.155
rank= 12 Lx=Ly=22 pg= 0.790 ids= 140 TEE1=-0.291 TEE2=-0.145 TEE3=-0.012  TEE4= 0.105
rank= 53 Lx=Ly=22 pg= 0.780 ids= 181 TEE1=-0.223 TEE2=-0.112 TEE3= 0.014  TEE4= 0.124
rank=100 Lx=Ly=22 pg= 0.790 ids= 228 TEE1=-0.277 TEE2=-0.134 TEE3= 0.006  TEE4= 0.110
rank= 32 Lx=Ly=22 pg= 0.780 ids= 160 TEE1=-0.386 TEE2=-0.335 TEE3=-0.258  TEE4=-0.027
rank= 55 Lx=Ly=22 pg= 0.780 ids= 183 TEE1=-0.202 TEE2=-0.087 TEE3= 0.023  TEE4= 0.101
rank=  8 Lx=Ly=22 pg= 0.790 ids= 136 TEE1=-0.302 TEE2=-0.159 TEE3=-0.019  TEE4= 0.064
rank= 34 Lx=Ly=22 pg= 0.780 ids= 162 TEE1=-0.198 TEE2=-0.107 TEE3=-0.045  TEE4= 0.029
rank= 87 Lx=Ly=22 pg= 0.780 ids= 215 TEE1=-0.329 TEE2=-0.233 TEE3=-0.107  TEE4= 0.023
rank=111 Lx=Ly=22 pg= 0.780 ids= 239 TEE1=-0.322 TEE2=-0.225 TEE3=-0.114  TEE4=-0.004
rank= 74 Lx=Ly=22 pg= 0.780 ids= 202 TEE1=-0.126 TEE2=-0.014 TEE3= 0.081  TEE4= 0.128
rank=105 Lx=Ly=22 pg= 0.780 ids= 233 TEE1=-0.318 TEE2=-0.136 TEE3= 0.004  TEE4= 0.097
rank= 36 Lx=Ly=22 pg= 0.780 ids= 164 TEE1=-0.320 TEE2=-0.182 TEE3=-0.058  TEE4= 0.091
rank= 56 Lx=Ly=22 pg= 0.780 ids= 184 TEE1=-0.366 TEE2=-0.285 TEE3=-0.182  TEE4=-0.107
rank= 26 Lx=Ly=22 pg= 0.780 ids= 154 TEE1=-0.289 TEE2=-0.178 TEE3=-0.101  TEE4= 0.074
rank= 58 Lx=Ly=22 pg= 0.780 ids= 186 TEE1=-0.302 TEE2=-0.169 TEE3=-0.031  TEE4= 0.068
rank= 65 Lx=Ly=22 pg= 0.790 ids= 193 TEE1=-0.407 TEE2=-0.360 TEE3=-0.246  TEE4=-0.076
rank= 48 Lx=Ly=22 pg= 0.780 ids= 176 TEE1=-0.374 TEE2=-0.289 TEE3=-0.151  TEE4= 0.054
rank= 75 Lx=Ly=22 pg= 0.780 ids= 203 TEE1=-0.264 TEE2=-0.202 TEE3=-0.097  TEE4=-0.010
rank=109 Lx=Ly=22 pg= 0.780 ids= 237 TEE1=-0.300 TEE2=-0.202 TEE3=-0.048  TEE4= 0.114
rank= 81 Lx=Ly=22 pg= 0.780 ids= 209 TEE1=-0.275 TEE2=-0.209 TEE3=-0.118  TEE4=-0.085
rank= 35 Lx=Ly=22 pg= 0.790 ids= 163 TEE1=-0.366 TEE2=-0.293 TEE3=-0.202  TEE4=-0.124
rank= 85 Lx=Ly=22 pg= 0.780 ids= 213 TEE1=-0.264 TEE2=-0.169 TEE3=-0.064  TEE4= 0.021
rank= 62 Lx=Ly=22 pg= 0.780 ids= 190 TEE1=-0.260 TEE2=-0.143 TEE3=-0.060  TEE4= 0.048
rank= 60 Lx=Ly=22 pg= 0.780 ids= 188 TEE1=-0.304 TEE2=-0.194 TEE3=-0.072  TEE4= 0.010
rank= 57 Lx=Ly=22 pg= 0.780 ids= 185 TEE1=-0.223 TEE2=-0.107 TEE3= 0.019  TEE4= 0.095
rank=102 Lx=Ly=22 pg= 0.790 ids= 230 TEE1=-0.279 TEE2=-0.225 TEE3=-0.143  TEE4=-0.054
rank= 14 Lx=Ly=22 pg= 0.790 ids= 142 TEE1=-0.376 TEE2=-0.269 TEE3=-0.095  TEE4= 0.083
rank= 66 Lx=Ly=22 pg= 0.780 ids= 194 TEE1=-0.355 TEE2=-0.293 TEE3=-0.196  TEE4=-0.017
rank= 68 Lx=Ly=22 pg= 0.780 ids= 196 TEE1=-0.254 TEE2=-0.079 TEE3= 0.064  TEE4= 0.198
rank= 98 Lx=Ly=22 pg= 0.790 ids= 226 TEE1=-0.291 TEE2=-0.124 TEE3= 0.006  TEE4= 0.041
rank= 78 Lx=Ly=22 pg= 0.780 ids= 206 TEE1=-0.252 TEE2=-0.138 TEE3=-0.045  TEE4=-0.004
rank=  3 Lx=Ly=22 pg= 0.790 ids= 131 TEE1=-0.448 TEE2=-0.364 TEE3=-0.229  TEE4=-0.083
rank= 24 Lx=Ly=22 pg= 0.780 ids= 152 TEE1=-0.219 TEE2=-0.083 TEE3= 0.033  TEE4= 0.112
rank= 28 Lx=Ly=22 pg= 0.780 ids= 156 TEE1=-0.163 TEE2=-0.052 TEE3= 0.048  TEE4= 0.143
rank= 96 Lx=Ly=22 pg= 0.790 ids= 224 TEE1=-0.213 TEE2=-0.149 TEE3=-0.052  TEE4= 0.031
rank= 10 Lx=Ly=22 pg= 0.790 ids= 138 TEE1=-0.304 TEE2=-0.188 TEE3=-0.068  TEE4= 0.029
rank= 82 Lx=Ly=22 pg= 0.780 ids= 210 TEE1=-0.364 TEE2=-0.318 TEE3=-0.223  TEE4=-0.087
rank= 42 Lx=Ly=22 pg= 0.790 ids= 170 TEE1=-0.357 TEE2=-0.213 TEE3=-0.079  TEE4= 0.093
rank= 70 Lx=Ly=22 pg= 0.780 ids= 198 TEE1=-0.349 TEE2=-0.279 TEE3=-0.153  TEE4=-0.037
rank=  5 Lx=Ly=22 pg= 0.790 ids= 133 TEE1=-0.457 TEE2=-0.388 TEE3=-0.285  TEE4=-0.130
rank=122 Lx=Ly=22 pg= 0.780 ids= 250 TEE1=-0.248 TEE2=-0.072 TEE3= 0.041  TEE4= 0.081
rank= 67 Lx=Ly=22 pg= 0.790 ids= 195 TEE1=-0.324 TEE2=-0.277 TEE3=-0.171  TEE4=-0.017
rank=  7 Lx=Ly=22 pg= 0.790 ids= 135 TEE1=-0.393 TEE2=-0.229 TEE3=-0.081  TEE4= 0.118
rank= 73 Lx=Ly=22 pg= 0.780 ids= 201 TEE1=-0.229 TEE2=-0.056 TEE3= 0.043  TEE4= 0.149
rank= 50 Lx=Ly=22 pg= 0.780 ids= 178 TEE1=-0.386 TEE2=-0.306 TEE3=-0.207  TEE4=-0.076
rank= 40 Lx=Ly=22 pg= 0.790 ids= 168 TEE1=-0.376 TEE2=-0.252 TEE3=-0.085  TEE4= 0.045
rank=  1 Lx=Ly=22 pg= 0.790 ids= 129 TEE1=-0.395 TEE2=-0.343 TEE3=-0.217  TEE4=-0.019
rank= 59 Lx=Ly=22 pg= 0.780 ids= 187 TEE1=-0.155 TEE2=-0.083 TEE3=-0.002  TEE4= 0.052
rank= 77 Lx=Ly=22 pg= 0.780 ids= 205 TEE1=-0.275 TEE2=-0.116 TEE3= 0.008  TEE4= 0.089
rank= 79 Lx=Ly=22 pg= 0.780 ids= 207 TEE1=-0.333 TEE2=-0.202 TEE3=-0.087  TEE4= 0.029
rank= 89 Lx=Ly=22 pg= 0.780 ids= 217 TEE1=-0.225 TEE2=-0.095 TEE3= 0.037  TEE4= 0.213
rank= 99 Lx=Ly=22 pg= 0.790 ids= 227 TEE1=-0.339 TEE2=-0.264 TEE3=-0.147  TEE4=-0.058
rank= 76 Lx=Ly=22 pg= 0.780 ids= 204 TEE1=-0.293 TEE2=-0.089 TEE3= 0.093  TEE4= 0.163
rank= 72 Lx=Ly=22 pg= 0.780 ids= 200 TEE1=-0.353 TEE2=-0.215 TEE3=-0.101  TEE4= 0.033
rank= 19 Lx=Ly=22 pg= 0.780 ids= 147 TEE1=-0.262 TEE2=-0.143 TEE3= 0.021  TEE4= 0.221
rank= 52 Lx=Ly=22 pg= 0.780 ids= 180 TEE1=-0.333 TEE2=-0.219 TEE3=-0.103  TEE4= 0.010
rank= 71 Lx=Ly=22 pg= 0.790 ids= 199 TEE1=-0.446 TEE2=-0.405 TEE3=-0.215  TEE4=-0.062
rank= 97 Lx=Ly=22 pg= 0.790 ids= 225 TEE1=-0.351 TEE2=-0.248 TEE3=-0.138  TEE4=-0.056
rank= 54 Lx=Ly=22 pg= 0.780 ids= 182 TEE1=-0.252 TEE2=-0.056 TEE3= 0.076  TEE4= 0.225
rank=119 Lx=Ly=22 pg= 0.780 ids= 247 TEE1=-0.291 TEE2=-0.219 TEE3=-0.093  TEE4= 0.101
rank= 63 Lx=Ly=22 pg= 0.780 ids= 191 TEE1=-0.273 TEE2=-0.178 TEE3=-0.062  TEE4= 0.054
rank= 33 Lx=Ly=22 pg= 0.790 ids= 161 TEE1=-0.337 TEE2=-0.223 TEE3=-0.107  TEE4=-0.002
rank= 69 Lx=Ly=22 pg= 0.790 ids= 197 TEE1=-0.413 TEE2=-0.351 TEE3=-0.231  TEE4=-0.048
rank= 37 Lx=Ly=22 pg= 0.790 ids= 165 TEE1=-0.353 TEE2=-0.219 TEE3=-0.023  TEE4= 0.167
rank= 39 Lx=Ly=22 pg= 0.790 ids= 167 TEE1=-0.331 TEE2=-0.248 TEE3=-0.134  TEE4= 0.058
rank= 61 Lx=Ly=22 pg= 0.780 ids= 189 TEE1=-0.374 TEE2=-0.223 TEE3=-0.103  TEE4= 0.002
rank= 23 Lx=Ly=22 pg= 0.780 ids= 151 TEE1=-0.355 TEE2=-0.233 TEE3=-0.072  TEE4= 0.023
rank= 17 Lx=Ly=22 pg= 0.780 ids= 145 TEE1=-0.279 TEE2=-0.192 TEE3=-0.058  TEE4= 0.054
rank= 44 Lx=Ly=22 pg= 0.790 ids= 172 TEE1=-0.380 TEE2=-0.213 TEE3=-0.089  TEE4= 0.062
rank= 46 Lx=Ly=22 pg= 0.790 ids= 174 TEE1=-0.438 TEE2=-0.273 TEE3=-0.116  TEE4= 0.118
rank=103 Lx=Ly=22 pg= 0.790 ids= 231 TEE1=-0.314 TEE2=-0.240 TEE3=-0.089  TEE4= 0.107
rank=101 Lx=Ly=22 pg= 0.790 ids= 229 TEE1=-0.291 TEE2=-0.072 TEE3= 0.019  TEE4= 0.012
rank= 21 Lx=Ly=22 pg= 0.780 ids= 149 TEE1=-0.382 TEE2=-0.240 TEE3=-0.116  TEE4=-0.017
rank= 51 Lx=Ly=22 pg= 0.790 ids= 179 TEE1=-0.254 TEE2=-0.143 TEE3=-0.056  TEE4= 0.033
rank= 25 Lx=Ly=22 pg= 0.790 ids= 153 TEE1=-0.444 TEE2=-0.316 TEE3=-0.188  TEE4= 0.004
rank=113 Lx=Ly=22 pg= 0.780 ids= 241 TEE1=-0.304 TEE2=-0.169 TEE3=-0.043  TEE4= 0.064
rank=117 Lx=Ly=22 pg= 0.780 ids= 245 TEE1=-0.295 TEE2=-0.188 TEE3=-0.097  TEE4=-0.027
rank=120 Lx=Ly=22 pg= 0.780 ids= 248 TEE1=-0.314 TEE2=-0.260 TEE3=-0.184  TEE4=-0.116
rank=115 Lx=Ly=22 pg= 0.780 ids= 243 TEE1=-0.320 TEE2=-0.163 TEE3=-0.052  TEE4= 0.058
rank= 20 Lx=Ly=22 pg= 0.780 ids= 148 TEE1=-0.198 TEE2=-0.048 TEE3= 0.017  TEE4= 0.050
rank=112 Lx=Ly=22 pg= 0.790 ids= 240 TEE1=-0.374 TEE2=-0.347 TEE3=-0.223  TEE4=-0.054
rank=124 Lx=Ly=22 pg= 0.780 ids= 252 TEE1=-0.397 TEE2=-0.343 TEE3=-0.231  TEE4=-0.050
rank=  2 Lx=Ly=22 pg= 0.790 ids= 130 TEE1=-0.434 TEE2=-0.335 TEE3=-0.198  TEE4=-0.041
rank=126 Lx=Ly=22 pg= 0.780 ids= 254 TEE1=-0.258 TEE2=-0.120 TEE3=-0.006  TEE4= 0.052
rank= 16 Lx=Ly=22 pg= 0.780 ids= 144 TEE1=-0.459 TEE2=-0.331 TEE3=-0.165  TEE4=-0.027
rank= 45 Lx=Ly=22 pg= 0.790 ids= 173 TEE1=-0.409 TEE2=-0.345 TEE3=-0.227  TEE4=-0.095
rank= 86 Lx=Ly=22 pg= 0.780 ids= 214 TEE1=-0.262 TEE2=-0.110 TEE3= 0.021  TEE4= 0.128
rank= 93 Lx=Ly=22 pg= 0.780 ids= 221 TEE1=-0.355 TEE2=-0.269 TEE3=-0.159  TEE4= 0.000
rank= 22 Lx=Ly=22 pg= 0.780 ids= 150 TEE1=-0.289 TEE2=-0.176 TEE3=-0.070  TEE4= 0.017
rank=127 Lx=Ly=22 pg= 0.790 ids= 255 TEE1=-0.310 TEE2=-0.227 TEE3=-0.163  TEE4=-0.091
rank=110 Lx=Ly=22 pg= 0.790 ids= 238 TEE1=-0.333 TEE2=-0.254 TEE3=-0.159  TEE4= 0.002
rank= 91 Lx=Ly=22 pg= 0.780 ids= 219 TEE1=-0.357 TEE2=-0.196 TEE3=-0.074  TEE4= 0.060
rank= 80 Lx=Ly=22 pg= 0.780 ids= 208 TEE1=-0.180 TEE2=-0.074 TEE3= 0.023  TEE4= 0.079
rank= 18 Lx=Ly=22 pg= 0.780 ids= 146 TEE1=-0.277 TEE2=-0.161 TEE3=-0.058  TEE4= 0.048
rank= 84 Lx=Ly=22 pg= 0.780 ids= 212 TEE1=-0.382 TEE2=-0.285 TEE3=-0.132  TEE4= 0.039
rank=121 Lx=Ly=22 pg= 0.790 ids= 249 TEE1=-0.401 TEE2=-0.337 TEE3=-0.244  TEE4=-0.054
rank= 31 Lx=Ly=22 pg= 0.790 ids= 159 TEE1=-0.351 TEE2=-0.254 TEE3=-0.161  TEE4= 0.017
rank=107 Lx=Ly=22 pg= 0.790 ids= 235 TEE1=-0.475 TEE2=-0.397 TEE3=-0.318  TEE4=-0.221
rank= 95 Lx=Ly=22 pg= 0.780 ids= 223 TEE1=-0.364 TEE2=-0.262 TEE3=-0.138  TEE4=-0.066
rank=116 Lx=Ly=22 pg= 0.790 ids= 244 TEE1=-0.357 TEE2=-0.171 TEE3=-0.025  TEE4= 0.035
rank=106 Lx=Ly=22 pg= 0.790 ids= 234 TEE1=-0.308 TEE2=-0.219 TEE3=-0.087  TEE4=-0.010
rank= 27 Lx=Ly=22 pg= 0.790 ids= 155 TEE1=-0.372 TEE2=-0.291 TEE3=-0.198  TEE4=-0.101
rank= 30 Lx=Ly=22 pg= 0.790 ids= 158 TEE1=-0.374 TEE2=-0.231 TEE3=-0.068  TEE4= 0.130
rank= 41 Lx=Ly=22 pg= 0.790 ids= 169 TEE1=-0.308 TEE2=-0.167 TEE3=-0.041  TEE4= 0.058
rank= 38 Lx=Ly=22 pg= 0.790 ids= 166 TEE1=-0.434 TEE2=-0.345 TEE3=-0.256  TEE4=-0.182
rank=104 Lx=Ly=22 pg= 0.790 ids= 232 TEE1=-0.390 TEE2=-0.269 TEE3=-0.110  TEE4= 0.066
rank=108 Lx=Ly=22 pg= 0.790 ids= 236 TEE1=-0.504 TEE2=-0.463 TEE3=-0.331  TEE4=-0.138
rank= 49 Lx=Ly=22 pg= 0.790 ids= 177 TEE1=-0.372 TEE2=-0.264 TEE3=-0.138  TEE4=-0.014
rank= 47 Lx=Ly=22 pg= 0.790 ids= 175 TEE1=-0.324 TEE2=-0.221 TEE3=-0.079  TEE4= 0.045
rank= 43 Lx=Ly=22 pg= 0.790 ids= 171 TEE1=-0.407 TEE2=-0.407 TEE3=-0.316  TEE4=-0.147
rank= 29 Lx=Ly=22 pg= 0.790 ids= 157 TEE1=-0.213 TEE2=-0.087 TEE3= 0.008  TEE4= 0.043
rank= 94 Lx=Ly=22 pg= 0.780 ids= 222 TEE1=-0.302 TEE2=-0.196 TEE3=-0.095  TEE4= 0.035
rank=  6 Lx=Ly=22 pg= 0.790 ids= 134 TEE1=-0.316 TEE2=-0.240 TEE3=-0.126  TEE4=-0.004
rank=  4 Lx=Ly=22 pg= 0.790 ids= 132 TEE1=-0.242 TEE2=-0.093 TEE3= 0.023  TEE4= 0.103
rank=118 Lx=Ly=22 pg= 0.790 ids= 246 TEE1=-0.267 TEE2=-0.242 TEE3=-0.105  TEE4= 0.043
rank=125 Lx=Ly=22 pg= 0.790 ids= 253 TEE1=-0.347 TEE2=-0.192 TEE3=-0.070  TEE4= 0.002
rank= 88 Lx=Ly=22 pg= 0.780 ids= 216 TEE1=-0.329 TEE2=-0.293 TEE3=-0.169  TEE4= 0.002
rank=  0 Lx=Ly=22 pg= 0.790 ids= 128 TEE1=-0.442 TEE2=-0.411 TEE3=-0.262  TEE4=-0.021
rank= 11 Lx=Ly=22 pg= 0.790 ids= 139 TEE1=-0.326 TEE2=-0.188 TEE3=-0.043  TEE4= 0.105
rank=123 Lx=Ly=22 pg= 0.790 ids= 251 TEE1=-0.306 TEE2=-0.190 TEE3=-0.081  TEE4= 0.107
rank=  9 Lx=Ly=22 pg= 0.790 ids= 137 TEE1=-0.366 TEE2=-0.326 TEE3=-0.213  TEE4=-0.056
rank=114 Lx=Ly=22 pg= 0.790 ids= 242 TEE1=-0.312 TEE2=-0.157 TEE3=-0.066  TEE4= 0.014
rank= 15 Lx=Ly=22 pg= 0.790 ids= 143 TEE1=-0.426 TEE2=-0.318 TEE3=-0.231  TEE4=-0.167
rank= 13 Lx=Ly=22 pg= 0.790 ids= 141 TEE1=-0.341 TEE2=-0.223 TEE3=-0.081  TEE4= 0.089
rank= 12 Lx=Ly=22 pg= 0.800 ids= 140 TEE1=-0.419 TEE2=-0.395 TEE3=-0.285  TEE4=-0.155
rank= 64 Lx=Ly=22 pg= 0.790 ids= 192 TEE1=-0.473 TEE2=-0.353 TEE3=-0.213  TEE4=-0.091
rank=100 Lx=Ly=22 pg= 0.800 ids= 228 TEE1=-0.424 TEE2=-0.343 TEE3=-0.262  TEE4=-0.107
rank= 83 Lx=Ly=22 pg= 0.790 ids= 211 TEE1=-0.322 TEE2=-0.252 TEE3=-0.147  TEE4=-0.056
rank= 92 Lx=Ly=22 pg= 0.780 ids= 220 TEE1=-0.320 TEE2=-0.231 TEE3=-0.099  TEE4= 0.060
rank= 90 Lx=Ly=22 pg= 0.780 ids= 218 TEE1=-0.362 TEE2=-0.190 TEE3=-0.064  TEE4= 0.056
rank=  8 Lx=Ly=22 pg= 0.800 ids= 136 TEE1=-0.289 TEE2=-0.171 TEE3=-0.039  TEE4= 0.083
rank= 53 Lx=Ly=22 pg= 0.790 ids= 181 TEE1=-0.345 TEE2=-0.250 TEE3=-0.105  TEE4= 0.014
rank= 32 Lx=Ly=22 pg= 0.790 ids= 160 TEE1=-0.333 TEE2=-0.233 TEE3=-0.118  TEE4= 0.017
rank= 55 Lx=Ly=22 pg= 0.790 ids= 183 TEE1=-0.349 TEE2=-0.217 TEE3=-0.062  TEE4= 0.089
rank= 34 Lx=Ly=22 pg= 0.790 ids= 162 TEE1=-0.271 TEE2=-0.112 TEE3=-0.021  TEE4= 0.048
rank=111 Lx=Ly=22 pg= 0.790 ids= 239 TEE1=-0.295 TEE2=-0.167 TEE3=-0.066  TEE4= 0.023
rank= 87 Lx=Ly=22 pg= 0.790 ids= 215 TEE1=-0.403 TEE2=-0.279 TEE3=-0.143  TEE4=-0.033
rank= 74 Lx=Ly=22 pg= 0.790 ids= 202 TEE1=-0.333 TEE2=-0.248 TEE3=-0.116  TEE4= 0.072
rank=105 Lx=Ly=22 pg= 0.790 ids= 233 TEE1=-0.494 TEE2=-0.475 TEE3=-0.343  TEE4=-0.157
rank= 36 Lx=Ly=22 pg= 0.790 ids= 164 TEE1=-0.376 TEE2=-0.273 TEE3=-0.176  TEE4=-0.010
rank= 26 Lx=Ly=22 pg= 0.790 ids= 154 TEE1=-0.488 TEE2=-0.463 TEE3=-0.360  TEE4=-0.147
rank= 56 Lx=Ly=22 pg= 0.790 ids= 184 TEE1=-0.533 TEE2=-0.477 TEE3=-0.374  TEE4=-0.227
rank= 58 Lx=Ly=22 pg= 0.790 ids= 186 TEE1=-0.295 TEE2=-0.151 TEE3=-0.029  TEE4= 0.149
rank= 65 Lx=Ly=22 pg= 0.800 ids= 193 TEE1=-0.413 TEE2=-0.326 TEE3=-0.169  TEE4= 0.031
rank= 48 Lx=Ly=22 pg= 0.790 ids= 176 TEE1=-0.353 TEE2=-0.198 TEE3=-0.037  TEE4= 0.081
rank= 75 Lx=Ly=22 pg= 0.790 ids= 203 TEE1=-0.428 TEE2=-0.322 TEE3=-0.192  TEE4=-0.041
rank= 35 Lx=Ly=22 pg= 0.800 ids= 163 TEE1=-0.514 TEE2=-0.579 TEE3=-0.512  TEE4=-0.438
rank=109 Lx=Ly=22 pg= 0.790 ids= 237 TEE1=-0.347 TEE2=-0.182 TEE3=-0.021  TEE4= 0.101
rank= 81 Lx=Ly=22 pg= 0.790 ids= 209 TEE1=-0.306 TEE2=-0.136 TEE3=-0.048  TEE4= 0.017
rank= 85 Lx=Ly=22 pg= 0.790 ids= 213 TEE1=-0.388 TEE2=-0.283 TEE3=-0.143  TEE4= 0.041
rank= 62 Lx=Ly=22 pg= 0.790 ids= 190 TEE1=-0.277 TEE2=-0.157 TEE3=-0.052  TEE4= 0.112
rank=102 Lx=Ly=22 pg= 0.800 ids= 230 TEE1=-0.374 TEE2=-0.298 TEE3=-0.217  TEE4=-0.072
rank= 57 Lx=Ly=22 pg= 0.790 ids= 185 TEE1=-0.436 TEE2=-0.376 TEE3=-0.229  TEE4=-0.116
rank= 14 Lx=Ly=22 pg= 0.800 ids= 142 TEE1=-0.452 TEE2=-0.457 TEE3=-0.333  TEE4=-0.182
rank= 60 Lx=Ly=22 pg= 0.790 ids= 188 TEE1=-0.322 TEE2=-0.262 TEE3=-0.190  TEE4=-0.097
rank=  3 Lx=Ly=22 pg= 0.800 ids= 131 TEE1=-0.384 TEE2=-0.329 TEE3=-0.236  TEE4=-0.126
rank= 98 Lx=Ly=22 pg= 0.800 ids= 226 TEE1=-0.457 TEE2=-0.372 TEE3=-0.275  TEE4=-0.112
rank= 78 Lx=Ly=22 pg= 0.790 ids= 206 TEE1=-0.382 TEE2=-0.256 TEE3=-0.120  TEE4= 0.017
rank= 66 Lx=Ly=22 pg= 0.790 ids= 194 TEE1=-0.378 TEE2=-0.211 TEE3=-0.087  TEE4= 0.039
rank= 68 Lx=Ly=22 pg= 0.790 ids= 196 TEE1=-0.366 TEE2=-0.258 TEE3=-0.134  TEE4= 0.060
rank= 24 Lx=Ly=22 pg= 0.790 ids= 152 TEE1=-0.329 TEE2=-0.167 TEE3=-0.008  TEE4= 0.138
rank= 28 Lx=Ly=22 pg= 0.790 ids= 156 TEE1=-0.438 TEE2=-0.351 TEE3=-0.200  TEE4=-0.114
rank= 10 Lx=Ly=22 pg= 0.800 ids= 138 TEE1=-0.401 TEE2=-0.324 TEE3=-0.192  TEE4=-0.091
rank= 96 Lx=Ly=22 pg= 0.800 ids= 224 TEE1=-0.457 TEE2=-0.401 TEE3=-0.302  TEE4=-0.107
rank= 42 Lx=Ly=22 pg= 0.800 ids= 170 TEE1=-0.393 TEE2=-0.304 TEE3=-0.205  TEE4=-0.083
rank= 82 Lx=Ly=22 pg= 0.790 ids= 210 TEE1=-0.357 TEE2=-0.287 TEE3=-0.196  TEE4=-0.062
rank=  5 Lx=Ly=22 pg= 0.800 ids= 133 TEE1=-0.498 TEE2=-0.471 TEE3=-0.345  TEE4=-0.176
rank=  7 Lx=Ly=22 pg= 0.800 ids= 135 TEE1=-0.368 TEE2=-0.324 TEE3=-0.209  TEE4=-0.035
rank= 67 Lx=Ly=22 pg= 0.800 ids= 195 TEE1=-0.393 TEE2=-0.295 TEE3=-0.188  TEE4=-0.006
rank= 70 Lx=Ly=22 pg= 0.790 ids= 198 TEE1=-0.380 TEE2=-0.271 TEE3=-0.132  TEE4= 0.048
rank=122 Lx=Ly=22 pg= 0.790 ids= 250 TEE1=-0.343 TEE2=-0.283 TEE3=-0.184  TEE4=-0.068
rank=  1 Lx=Ly=22 pg= 0.800 ids= 129 TEE1=-0.446 TEE2=-0.360 TEE3=-0.260  TEE4=-0.188
rank= 40 Lx=Ly=22 pg= 0.800 ids= 168 TEE1=-0.432 TEE2=-0.388 TEE3=-0.275  TEE4=-0.155
rank= 50 Lx=Ly=22 pg= 0.790 ids= 178 TEE1=-0.368 TEE2=-0.246 TEE3=-0.128  TEE4= 0.037
rank= 73 Lx=Ly=22 pg= 0.790 ids= 201 TEE1=-0.374 TEE2=-0.283 TEE3=-0.143  TEE4= 0.021
rank= 59 Lx=Ly=22 pg= 0.790 ids= 187 TEE1=-0.411 TEE2=-0.312 TEE3=-0.186  TEE4=-0.064
rank= 99 Lx=Ly=22 pg= 0.800 ids= 227 TEE1=-0.376 TEE2=-0.329 TEE3=-0.211  TEE4=-0.048
rank= 77 Lx=Ly=22 pg= 0.790 ids= 205 TEE1=-0.444 TEE2=-0.411 TEE3=-0.306  TEE4=-0.190
rank= 89 Lx=Ly=22 pg= 0.790 ids= 217 TEE1=-0.347 TEE2=-0.196 TEE3=-0.054  TEE4= 0.050
rank= 79 Lx=Ly=22 pg= 0.790 ids= 207 TEE1=-0.417 TEE2=-0.316 TEE3=-0.186  TEE4=-0.041
rank= 19 Lx=Ly=22 pg= 0.790 ids= 147 TEE1=-0.424 TEE2=-0.333 TEE3=-0.211  TEE4=-0.017
rank= 72 Lx=Ly=22 pg= 0.790 ids= 200 TEE1=-0.376 TEE2=-0.275 TEE3=-0.134  TEE4= 0.050
rank= 76 Lx=Ly=22 pg= 0.790 ids= 204 TEE1=-0.374 TEE2=-0.291 TEE3=-0.140  TEE4= 0.110
rank= 71 Lx=Ly=22 pg= 0.800 ids= 199 TEE1=-0.417 TEE2=-0.349 TEE3=-0.217  TEE4=-0.060
rank= 52 Lx=Ly=22 pg= 0.790 ids= 180 TEE1=-0.360 TEE2=-0.331 TEE3=-0.254  TEE4=-0.103
rank= 97 Lx=Ly=22 pg= 0.800 ids= 225 TEE1=-0.556 TEE2=-0.556 TEE3=-0.471  TEE4=-0.351
rank= 54 Lx=Ly=22 pg= 0.790 ids= 182 TEE1=-0.370 TEE2=-0.244 TEE3=-0.134  TEE4=-0.006
rank=119 Lx=Ly=22 pg= 0.790 ids= 247 TEE1=-0.459 TEE2=-0.424 TEE3=-0.339  TEE4=-0.209
rank= 33 Lx=Ly=22 pg= 0.800 ids= 161 TEE1=-0.428 TEE2=-0.335 TEE3=-0.165  TEE4= 0.112
rank= 69 Lx=Ly=22 pg= 0.800 ids= 197 TEE1=-0.343 TEE2=-0.180 TEE3=-0.035  TEE4= 0.023
rank= 63 Lx=Ly=22 pg= 0.790 ids= 191 TEE1=-0.409 TEE2=-0.314 TEE3=-0.167  TEE4= 0.025
rank= 37 Lx=Ly=22 pg= 0.800 ids= 165 TEE1=-0.506 TEE2=-0.448 TEE3=-0.310  TEE4=-0.143
rank= 39 Lx=Ly=22 pg= 0.800 ids= 167 TEE1=-0.457 TEE2=-0.419 TEE3=-0.316  TEE4=-0.188
rank= 61 Lx=Ly=22 pg= 0.790 ids= 189 TEE1=-0.378 TEE2=-0.308 TEE3=-0.219  TEE4=-0.070
rank=103 Lx=Ly=22 pg= 0.800 ids= 231 TEE1=-0.320 TEE2=-0.169 TEE3=-0.066  TEE4=-0.006
rank= 44 Lx=Ly=22 pg= 0.800 ids= 172 TEE1=-0.382 TEE2=-0.349 TEE3=-0.252  TEE4=-0.045
rank= 23 Lx=Ly=22 pg= 0.790 ids= 151 TEE1=-0.250 TEE2=-0.112 TEE3=-0.035  TEE4= 0.029
rank= 46 Lx=Ly=22 pg= 0.800 ids= 174 TEE1=-0.355 TEE2=-0.295 TEE3=-0.213  TEE4=-0.056
rank= 17 Lx=Ly=22 pg= 0.790 ids= 145 TEE1=-0.312 TEE2=-0.178 TEE3=-0.033  TEE4= 0.091
rank=101 Lx=Ly=22 pg= 0.800 ids= 229 TEE1=-0.568 TEE2=-0.626 TEE3=-0.570  TEE4=-0.500
rank= 51 Lx=Ly=22 pg= 0.800 ids= 179 TEE1=-0.415 TEE2=-0.384 TEE3=-0.318  TEE4=-0.233
rank= 25 Lx=Ly=22 pg= 0.800 ids= 153 TEE1=-0.465 TEE2=-0.473 TEE3=-0.401  TEE4=-0.229
rank= 21 Lx=Ly=22 pg= 0.790 ids= 149 TEE1=-0.384 TEE2=-0.202 TEE3=-0.058  TEE4= 0.058
rank=113 Lx=Ly=22 pg= 0.790 ids= 241 TEE1=-0.388 TEE2=-0.316 TEE3=-0.171  TEE4=-0.052
rank=112 Lx=Ly=22 pg= 0.800 ids= 240 TEE1=-0.459 TEE2=-0.405 TEE3=-0.312  TEE4=-0.167
rank=120 Lx=Ly=22 pg= 0.790 ids= 248 TEE1=-0.376 TEE2=-0.260 TEE3=-0.149  TEE4=-0.043
rank=115 Lx=Ly=22 pg= 0.790 ids= 243 TEE1=-0.273 TEE2=-0.128 TEE3= 0.000  TEE4= 0.091
rank= 20 Lx=Ly=22 pg= 0.790 ids= 148 TEE1=-0.337 TEE2=-0.225 TEE3=-0.081  TEE4= 0.116
rank=117 Lx=Ly=22 pg= 0.790 ids= 245 TEE1=-0.413 TEE2=-0.318 TEE3=-0.190  TEE4=-0.035
rank= 45 Lx=Ly=22 pg= 0.800 ids= 173 TEE1=-0.419 TEE2=-0.293 TEE3=-0.165  TEE4= 0.012
rank=  2 Lx=Ly=22 pg= 0.800 ids= 130 TEE1=-0.417 TEE2=-0.397 TEE3=-0.326  TEE4=-0.240
rank=124 Lx=Ly=22 pg= 0.790 ids= 252 TEE1=-0.380 TEE2=-0.262 TEE3=-0.140  TEE4=-0.023
rank=126 Lx=Ly=22 pg= 0.790 ids= 254 TEE1=-0.283 TEE2=-0.159 TEE3=-0.085  TEE4=-0.023
rank= 16 Lx=Ly=22 pg= 0.790 ids= 144 TEE1=-0.364 TEE2=-0.285 TEE3=-0.174  TEE4= 0.097
rank=127 Lx=Ly=22 pg= 0.800 ids= 255 TEE1=-0.403 TEE2=-0.318 TEE3=-0.196  TEE4=-0.039
rank=110 Lx=Ly=22 pg= 0.800 ids= 238 TEE1=-0.473 TEE2=-0.463 TEE3=-0.355  TEE4=-0.174
rank= 93 Lx=Ly=22 pg= 0.790 ids= 221 TEE1=-0.459 TEE2=-0.444 TEE3=-0.360  TEE4=-0.110
rank= 22 Lx=Ly=22 pg= 0.790 ids= 150 TEE1=-0.244 TEE2=-0.192 TEE3=-0.122  TEE4=-0.014
rank= 86 Lx=Ly=22 pg= 0.790 ids= 214 TEE1=-0.467 TEE2=-0.364 TEE3=-0.225  TEE4=-0.060
rank= 91 Lx=Ly=22 pg= 0.790 ids= 219 TEE1=-0.469 TEE2=-0.326 TEE3=-0.145  TEE4=-0.035
rank= 18 Lx=Ly=22 pg= 0.790 ids= 146 TEE1=-0.438 TEE2=-0.329 TEE3=-0.145  TEE4=-0.014
rank= 80 Lx=Ly=22 pg= 0.790 ids= 208 TEE1=-0.333 TEE2=-0.176 TEE3=-0.068  TEE4= 0.060
rank=121 Lx=Ly=22 pg= 0.800 ids= 249 TEE1=-0.428 TEE2=-0.360 TEE3=-0.240  TEE4= 0.004
rank=107 Lx=Ly=22 pg= 0.800 ids= 235 TEE1=-0.409 TEE2=-0.291 TEE3=-0.147  TEE4=-0.029
rank= 31 Lx=Ly=22 pg= 0.800 ids= 159 TEE1=-0.244 TEE2=-0.138 TEE3=-0.048  TEE4= 0.064
rank=116 Lx=Ly=22 pg= 0.800 ids= 244 TEE1=-0.510 TEE2=-0.455 TEE3=-0.364  TEE4=-0.231
rank= 84 Lx=Ly=22 pg= 0.790 ids= 212 TEE1=-0.366 TEE2=-0.262 TEE3=-0.176  TEE4=-0.033
rank= 95 Lx=Ly=22 pg= 0.790 ids= 223 TEE1=-0.486 TEE2=-0.349 TEE3=-0.233  TEE4=-0.101
rank=106 Lx=Ly=22 pg= 0.800 ids= 234 TEE1=-0.382 TEE2=-0.231 TEE3=-0.099  TEE4= 0.033
rank= 30 Lx=Ly=22 pg= 0.800 ids= 158 TEE1=-0.432 TEE2=-0.376 TEE3=-0.279  TEE4=-0.103
rank= 27 Lx=Ly=22 pg= 0.800 ids= 155 TEE1=-0.450 TEE2=-0.403 TEE3=-0.285  TEE4=-0.120
rank= 41 Lx=Ly=22 pg= 0.800 ids= 169 TEE1=-0.500 TEE2=-0.415 TEE3=-0.269  TEE4=-0.134
rank=104 Lx=Ly=22 pg= 0.800 ids= 232 TEE1=-0.479 TEE2=-0.376 TEE3=-0.279  TEE4=-0.089
rank= 38 Lx=Ly=22 pg= 0.800 ids= 166 TEE1=-0.527 TEE2=-0.562 TEE3=-0.452  TEE4=-0.250
rank=108 Lx=Ly=22 pg= 0.800 ids= 236 TEE1=-0.372 TEE2=-0.244 TEE3=-0.097  TEE4= 0.118
rank= 47 Lx=Ly=22 pg= 0.800 ids= 175 TEE1=-0.455 TEE2=-0.372 TEE3=-0.285  TEE4=-0.116
rank= 49 Lx=Ly=22 pg= 0.800 ids= 177 TEE1=-0.504 TEE2=-0.500 TEE3=-0.438  TEE4=-0.223
rank= 43 Lx=Ly=22 pg= 0.800 ids= 171 TEE1=-0.455 TEE2=-0.514 TEE3=-0.475  TEE4=-0.304
rank= 29 Lx=Ly=22 pg= 0.800 ids= 157 TEE1=-0.498 TEE2=-0.492 TEE3=-0.444  TEE4=-0.341
rank=  6 Lx=Ly=22 pg= 0.800 ids= 134 TEE1=-0.500 TEE2=-0.514 TEE3=-0.450  TEE4=-0.324
rank=  4 Lx=Ly=22 pg= 0.800 ids= 132 TEE1=-0.372 TEE2=-0.304 TEE3=-0.209  TEE4=-0.031
rank= 94 Lx=Ly=22 pg= 0.790 ids= 222 TEE1=-0.314 TEE2=-0.223 TEE3=-0.122  TEE4=-0.039
rank=118 Lx=Ly=22 pg= 0.800 ids= 246 TEE1=-0.469 TEE2=-0.450 TEE3=-0.366  TEE4=-0.192
rank=125 Lx=Ly=22 pg= 0.800 ids= 253 TEE1=-0.463 TEE2=-0.428 TEE3=-0.312  TEE4=-0.004
rank= 11 Lx=Ly=22 pg= 0.800 ids= 139 TEE1=-0.442 TEE2=-0.407 TEE3=-0.298  TEE4=-0.134
rank=  0 Lx=Ly=22 pg= 0.800 ids= 128 TEE1=-0.417 TEE2=-0.333 TEE3=-0.167  TEE4=-0.027
rank=123 Lx=Ly=22 pg= 0.800 ids= 251 TEE1=-0.436 TEE2=-0.295 TEE3=-0.132  TEE4= 0.050
rank=  9 Lx=Ly=22 pg= 0.800 ids= 137 TEE1=-0.457 TEE2=-0.393 TEE3=-0.295  TEE4=-0.143
rank=114 Lx=Ly=22 pg= 0.800 ids= 242 TEE1=-0.483 TEE2=-0.452 TEE3=-0.366  TEE4=-0.167
rank= 88 Lx=Ly=22 pg= 0.790 ids= 216 TEE1=-0.349 TEE2=-0.260 TEE3=-0.138  TEE4= 0.045
rank= 15 Lx=Ly=22 pg= 0.800 ids= 143 TEE1=-0.564 TEE2=-0.500 TEE3=-0.405  TEE4=-0.258
rank= 12 Lx=Ly=22 pg= 0.810 ids= 140 TEE1=-0.419 TEE2=-0.326 TEE3=-0.217  TEE4=-0.052
rank=100 Lx=Ly=22 pg= 0.810 ids= 228 TEE1=-0.517 TEE2=-0.494 TEE3=-0.388  TEE4=-0.186
rank= 13 Lx=Ly=22 pg= 0.800 ids= 141 TEE1=-0.583 TEE2=-0.556 TEE3=-0.438  TEE4=-0.229
rank=  8 Lx=Ly=22 pg= 0.810 ids= 136 TEE1=-0.517 TEE2=-0.510 TEE3=-0.426  TEE4=-0.246
rank= 64 Lx=Ly=22 pg= 0.800 ids= 192 TEE1=-0.465 TEE2=-0.370 TEE3=-0.275  TEE4=-0.145
rank= 83 Lx=Ly=22 pg= 0.800 ids= 211 TEE1=-0.452 TEE2=-0.335 TEE3=-0.202  TEE4=-0.021
rank= 32 Lx=Ly=22 pg= 0.800 ids= 160 TEE1=-0.436 TEE2=-0.382 TEE3=-0.304  TEE4=-0.132
rank= 53 Lx=Ly=22 pg= 0.800 ids= 181 TEE1=-0.349 TEE2=-0.304 TEE3=-0.167  TEE4=-0.008
rank= 92 Lx=Ly=22 pg= 0.790 ids= 220 TEE1=-0.382 TEE2=-0.271 TEE3=-0.128  TEE4= 0.136
rank= 55 Lx=Ly=22 pg= 0.800 ids= 183 TEE1=-0.463 TEE2=-0.388 TEE3=-0.227  TEE4=-0.072
rank= 34 Lx=Ly=22 pg= 0.800 ids= 162 TEE1=-0.436 TEE2=-0.308 TEE3=-0.205  TEE4=-0.025
rank= 90 Lx=Ly=22 pg= 0.790 ids= 218 TEE1=-0.390 TEE2=-0.312 TEE3=-0.200  TEE4=-0.048
rank=111 Lx=Ly=22 pg= 0.800 ids= 239 TEE1=-0.477 TEE2=-0.434 TEE3=-0.285  TEE4=-0.079
rank= 74 Lx=Ly=22 pg= 0.800 ids= 202 TEE1=-0.424 TEE2=-0.374 TEE3=-0.281  TEE4=-0.136
rank= 87 Lx=Ly=22 pg= 0.800 ids= 215 TEE1=-0.616 TEE2=-0.612 TEE3=-0.545  TEE4=-0.384
rank=105 Lx=Ly=22 pg= 0.800 ids= 233 TEE1=-0.508 TEE2=-0.506 TEE3=-0.432  TEE4=-0.316
rank= 26 Lx=Ly=22 pg= 0.800 ids= 154 TEE1=-0.475 TEE2=-0.339 TEE3=-0.202  TEE4=-0.008
rank= 36 Lx=Ly=22 pg= 0.800 ids= 164 TEE1=-0.347 TEE2=-0.252 TEE3=-0.143  TEE4=-0.019
rank= 65 Lx=Ly=22 pg= 0.810 ids= 193 TEE1=-0.481 TEE2=-0.430 TEE3=-0.337  TEE4=-0.161
rank= 56 Lx=Ly=22 pg= 0.800 ids= 184 TEE1=-0.481 TEE2=-0.512 TEE3=-0.413  TEE4=-0.264
rank= 35 Lx=Ly=22 pg= 0.810 ids= 163 TEE1=-0.452 TEE2=-0.413 TEE3=-0.339  TEE4=-0.186
rank= 48 Lx=Ly=22 pg= 0.800 ids= 176 TEE1=-0.492 TEE2=-0.428 TEE3=-0.343  TEE4=-0.188
rank= 58 Lx=Ly=22 pg= 0.800 ids= 186 TEE1=-0.477 TEE2=-0.479 TEE3=-0.428  TEE4=-0.314
rank= 75 Lx=Ly=22 pg= 0.800 ids= 203 TEE1=-0.395 TEE2=-0.291 TEE3=-0.190  TEE4=-0.062
rank=109 Lx=Ly=22 pg= 0.800 ids= 237 TEE1=-0.409 TEE2=-0.281 TEE3=-0.174  TEE4= 0.023
rank=  3 Lx=Ly=22 pg= 0.810 ids= 131 TEE1=-0.457 TEE2=-0.442 TEE3=-0.333  TEE4=-0.118
rank= 14 Lx=Ly=22 pg= 0.810 ids= 142 TEE1=-0.401 TEE2=-0.306 TEE3=-0.174  TEE4= 0.025
rank=102 Lx=Ly=22 pg= 0.810 ids= 230 TEE1=-0.479 TEE2=-0.519 TEE3=-0.494  TEE4=-0.384
rank= 57 Lx=Ly=22 pg= 0.800 ids= 185 TEE1=-0.382 TEE2=-0.293 TEE3=-0.207  TEE4=-0.068
rank= 85 Lx=Ly=22 pg= 0.800 ids= 213 TEE1=-0.432 TEE2=-0.314 TEE3=-0.143  TEE4= 0.025
rank= 81 Lx=Ly=22 pg= 0.800 ids= 209 TEE1=-0.494 TEE2=-0.500 TEE3=-0.399  TEE4=-0.277
rank= 62 Lx=Ly=22 pg= 0.800 ids= 190 TEE1=-0.457 TEE2=-0.479 TEE3=-0.380  TEE4=-0.238
rank= 60 Lx=Ly=22 pg= 0.800 ids= 188 TEE1=-0.502 TEE2=-0.471 TEE3=-0.329  TEE4=-0.161
rank= 98 Lx=Ly=22 pg= 0.810 ids= 226 TEE1=-0.531 TEE2=-0.591 TEE3=-0.548  TEE4=-0.407
rank= 24 Lx=Ly=22 pg= 0.800 ids= 152 TEE1=-0.463 TEE2=-0.455 TEE3=-0.304  TEE4=-0.093
rank= 78 Lx=Ly=22 pg= 0.800 ids= 206 TEE1=-0.452 TEE2=-0.419 TEE3=-0.331  TEE4=-0.165
rank= 10 Lx=Ly=22 pg= 0.810 ids= 138 TEE1=-0.568 TEE2=-0.597 TEE3=-0.537  TEE4=-0.411
rank= 28 Lx=Ly=22 pg= 0.800 ids= 156 TEE1=-0.434 TEE2=-0.426 TEE3=-0.333  TEE4=-0.171
rank= 42 Lx=Ly=22 pg= 0.810 ids= 170 TEE1=-0.473 TEE2=-0.347 TEE3=-0.229  TEE4=-0.091
rank= 96 Lx=Ly=22 pg= 0.810 ids= 224 TEE1=-0.457 TEE2=-0.413 TEE3=-0.293  TEE4=-0.176
rank= 66 Lx=Ly=22 pg= 0.800 ids= 194 TEE1=-0.428 TEE2=-0.318 TEE3=-0.207  TEE4=-0.010
rank= 68 Lx=Ly=22 pg= 0.800 ids= 196 TEE1=-0.440 TEE2=-0.302 TEE3=-0.136  TEE4= 0.045
rank=  5 Lx=Ly=22 pg= 0.810 ids= 133 TEE1=-0.438 TEE2=-0.376 TEE3=-0.256  TEE4=-0.118
rank=  7 Lx=Ly=22 pg= 0.810 ids= 135 TEE1=-0.492 TEE2=-0.411 TEE3=-0.329  TEE4=-0.145
rank= 67 Lx=Ly=22 pg= 0.810 ids= 195 TEE1=-0.525 TEE2=-0.514 TEE3=-0.448  TEE4=-0.215
rank= 82 Lx=Ly=22 pg= 0.800 ids= 210 TEE1=-0.506 TEE2=-0.455 TEE3=-0.306  TEE4=-0.184
rank=  1 Lx=Ly=22 pg= 0.810 ids= 129 TEE1=-0.564 TEE2=-0.568 TEE3=-0.483  TEE4=-0.316
rank=122 Lx=Ly=22 pg= 0.800 ids= 250 TEE1=-0.496 TEE2=-0.498 TEE3=-0.413  TEE4=-0.217
rank= 40 Lx=Ly=22 pg= 0.810 ids= 168 TEE1=-0.504 TEE2=-0.469 TEE3=-0.370  TEE4=-0.273
rank= 70 Lx=Ly=22 pg= 0.800 ids= 198 TEE1=-0.467 TEE2=-0.444 TEE3=-0.337  TEE4=-0.126
rank= 50 Lx=Ly=22 pg= 0.800 ids= 178 TEE1=-0.428 TEE2=-0.376 TEE3=-0.250  TEE4=-0.064
rank= 73 Lx=Ly=22 pg= 0.800 ids= 201 TEE1=-0.500 TEE2=-0.508 TEE3=-0.434  TEE4=-0.306
rank= 99 Lx=Ly=22 pg= 0.810 ids= 227 TEE1=-0.560 TEE2=-0.543 TEE3=-0.448  TEE4=-0.310
rank= 59 Lx=Ly=22 pg= 0.800 ids= 187 TEE1=-0.378 TEE2=-0.329 TEE3=-0.254  TEE4=-0.165
rank= 89 Lx=Ly=22 pg= 0.800 ids= 217 TEE1=-0.349 TEE2=-0.304 TEE3=-0.252  TEE4=-0.116
rank= 77 Lx=Ly=22 pg= 0.800 ids= 205 TEE1=-0.465 TEE2=-0.384 TEE3=-0.314  TEE4=-0.149
rank= 19 Lx=Ly=22 pg= 0.800 ids= 147 TEE1=-0.335 TEE2=-0.264 TEE3=-0.143  TEE4=-0.019
rank= 71 Lx=Ly=22 pg= 0.810 ids= 199 TEE1=-0.531 TEE2=-0.525 TEE3=-0.486  TEE4=-0.426
rank= 79 Lx=Ly=22 pg= 0.800 ids= 207 TEE1=-0.455 TEE2=-0.388 TEE3=-0.283  TEE4=-0.116
rank= 76 Lx=Ly=22 pg= 0.800 ids= 204 TEE1=-0.326 TEE2=-0.143 TEE3=-0.023  TEE4= 0.064
rank= 52 Lx=Ly=22 pg= 0.800 ids= 180 TEE1=-0.506 TEE2=-0.496 TEE3=-0.421  TEE4=-0.254
rank= 97 Lx=Ly=22 pg= 0.810 ids= 225 TEE1=-0.523 TEE2=-0.517 TEE3=-0.444  TEE4=-0.256
rank= 72 Lx=Ly=22 pg= 0.800 ids= 200 TEE1=-0.488 TEE2=-0.444 TEE3=-0.386  TEE4=-0.293
rank=119 Lx=Ly=22 pg= 0.800 ids= 247 TEE1=-0.471 TEE2=-0.349 TEE3=-0.213  TEE4=-0.002
rank= 33 Lx=Ly=22 pg= 0.810 ids= 161 TEE1=-0.446 TEE2=-0.417 TEE3=-0.318  TEE4=-0.149
rank= 54 Lx=Ly=22 pg= 0.800 ids= 182 TEE1=-0.413 TEE2=-0.312 TEE3=-0.174  TEE4= 0.025
rank= 37 Lx=Ly=22 pg= 0.810 ids= 165 TEE1=-0.465 TEE2=-0.397 TEE3=-0.273  TEE4=-0.079
rank= 69 Lx=Ly=22 pg= 0.810 ids= 197 TEE1=-0.500 TEE2=-0.477 TEE3=-0.364  TEE4=-0.244
rank= 63 Lx=Ly=22 pg= 0.800 ids= 191 TEE1=-0.450 TEE2=-0.388 TEE3=-0.300  TEE4=-0.151
rank= 39 Lx=Ly=22 pg= 0.810 ids= 167 TEE1=-0.525 TEE2=-0.508 TEE3=-0.432  TEE4=-0.318
rank= 44 Lx=Ly=22 pg= 0.810 ids= 172 TEE1=-0.496 TEE2=-0.444 TEE3=-0.343  TEE4=-0.211
rank=103 Lx=Ly=22 pg= 0.810 ids= 231 TEE1=-0.525 TEE2=-0.492 TEE3=-0.370  TEE4=-0.213
rank= 46 Lx=Ly=22 pg= 0.810 ids= 174 TEE1=-0.510 TEE2=-0.438 TEE3=-0.250  TEE4=-0.064
rank= 61 Lx=Ly=22 pg= 0.800 ids= 189 TEE1=-0.419 TEE2=-0.341 TEE3=-0.256  TEE4=-0.169
rank=101 Lx=Ly=22 pg= 0.810 ids= 229 TEE1=-0.550 TEE2=-0.576 TEE3=-0.508  TEE4=-0.314
rank= 23 Lx=Ly=22 pg= 0.800 ids= 151 TEE1=-0.457 TEE2=-0.440 TEE3=-0.341  TEE4=-0.227
rank= 17 Lx=Ly=22 pg= 0.800 ids= 145 TEE1=-0.448 TEE2=-0.399 TEE3=-0.293  TEE4=-0.062
rank= 51 Lx=Ly=22 pg= 0.810 ids= 179 TEE1=-0.554 TEE2=-0.597 TEE3=-0.541  TEE4=-0.452
rank= 25 Lx=Ly=22 pg= 0.810 ids= 153 TEE1=-0.512 TEE2=-0.411 TEE3=-0.260  TEE4=-0.062
rank= 21 Lx=Ly=22 pg= 0.800 ids= 149 TEE1=-0.289 TEE2=-0.114 TEE3=-0.023  TEE4= 0.052
rank= 45 Lx=Ly=22 pg= 0.810 ids= 173 TEE1=-0.533 TEE2=-0.568 TEE3=-0.479  TEE4=-0.291
rank=113 Lx=Ly=22 pg= 0.800 ids= 241 TEE1=-0.419 TEE2=-0.345 TEE3=-0.238  TEE4=-0.089
rank=112 Lx=Ly=22 pg= 0.810 ids= 240 TEE1=-0.475 TEE2=-0.477 TEE3=-0.386  TEE4=-0.219
rank=  2 Lx=Ly=22 pg= 0.810 ids= 130 TEE1=-0.434 TEE2=-0.401 TEE3=-0.316  TEE4=-0.165
rank= 20 Lx=Ly=22 pg= 0.800 ids= 148 TEE1=-0.473 TEE2=-0.459 TEE3=-0.374  TEE4=-0.262
rank=120 Lx=Ly=22 pg= 0.800 ids= 248 TEE1=-0.539 TEE2=-0.564 TEE3=-0.533  TEE4=-0.349
rank=115 Lx=Ly=22 pg= 0.800 ids= 243 TEE1=-0.384 TEE2=-0.287 TEE3=-0.174  TEE4= 0.002
rank=117 Lx=Ly=22 pg= 0.800 ids= 245 TEE1=-0.376 TEE2=-0.329 TEE3=-0.217  TEE4=-0.052
rank=127 Lx=Ly=22 pg= 0.810 ids= 255 TEE1=-0.477 TEE2=-0.424 TEE3=-0.349  TEE4=-0.217
rank=124 Lx=Ly=22 pg= 0.800 ids= 252 TEE1=-0.579 TEE2=-0.556 TEE3=-0.500  TEE4=-0.378
rank=110 Lx=Ly=22 pg= 0.810 ids= 238 TEE1=-0.521 TEE2=-0.529 TEE3=-0.465  TEE4=-0.364
rank=126 Lx=Ly=22 pg= 0.800 ids= 254 TEE1=-0.512 TEE2=-0.574 TEE3=-0.535  TEE4=-0.446
rank= 16 Lx=Ly=22 pg= 0.800 ids= 144 TEE1=-0.413 TEE2=-0.322 TEE3=-0.211  TEE4=-0.120
rank= 93 Lx=Ly=22 pg= 0.800 ids= 221 TEE1=-0.444 TEE2=-0.421 TEE3=-0.347  TEE4=-0.244
rank= 22 Lx=Ly=22 pg= 0.800 ids= 150 TEE1=-0.527 TEE2=-0.506 TEE3=-0.395  TEE4=-0.184
rank= 86 Lx=Ly=22 pg= 0.800 ids= 214 TEE1=-0.421 TEE2=-0.326 TEE3=-0.192  TEE4=-0.027
rank=121 Lx=Ly=22 pg= 0.810 ids= 249 TEE1=-0.620 TEE2=-0.624 TEE3=-0.550  TEE4=-0.390
rank= 91 Lx=Ly=22 pg= 0.800 ids= 219 TEE1=-0.498 TEE2=-0.434 TEE3=-0.355  TEE4=-0.215
rank=107 Lx=Ly=22 pg= 0.810 ids= 235 TEE1=-0.543 TEE2=-0.490 TEE3=-0.390  TEE4=-0.215
rank= 18 Lx=Ly=22 pg= 0.800 ids= 146 TEE1=-0.397 TEE2=-0.428 TEE3=-0.355  TEE4=-0.254
rank= 31 Lx=Ly=22 pg= 0.810 ids= 159 TEE1=-0.570 TEE2=-0.554 TEE3=-0.463  TEE4=-0.349
rank= 80 Lx=Ly=22 pg= 0.800 ids= 208 TEE1=-0.318 TEE2=-0.176 TEE3=-0.031  TEE4= 0.122
rank=116 Lx=Ly=22 pg= 0.810 ids= 244 TEE1=-0.514 TEE2=-0.570 TEE3=-0.512  TEE4=-0.353
rank=106 Lx=Ly=22 pg= 0.810 ids= 234 TEE1=-0.496 TEE2=-0.502 TEE3=-0.438  TEE4=-0.264
rank= 84 Lx=Ly=22 pg= 0.800 ids= 212 TEE1=-0.527 TEE2=-0.593 TEE3=-0.529  TEE4=-0.399
rank= 95 Lx=Ly=22 pg= 0.800 ids= 223 TEE1=-0.448 TEE2=-0.388 TEE3=-0.281  TEE4=-0.089
rank= 30 Lx=Ly=22 pg= 0.810 ids= 158 TEE1=-0.479 TEE2=-0.539 TEE3=-0.514  TEE4=-0.440
rank= 27 Lx=Ly=22 pg= 0.810 ids= 155 TEE1=-0.564 TEE2=-0.574 TEE3=-0.508  TEE4=-0.314
rank= 41 Lx=Ly=22 pg= 0.810 ids= 169 TEE1=-0.550 TEE2=-0.512 TEE3=-0.401  TEE4=-0.300
rank= 38 Lx=Ly=22 pg= 0.810 ids= 166 TEE1=-0.517 TEE2=-0.483 TEE3=-0.368  TEE4=-0.271
rank=104 Lx=Ly=22 pg= 0.810 ids= 232 TEE1=-0.411 TEE2=-0.382 TEE3=-0.335  TEE4=-0.186
rank= 47 Lx=Ly=22 pg= 0.810 ids= 175 TEE1=-0.570 TEE2=-0.535 TEE3=-0.475  TEE4=-0.360
rank=108 Lx=Ly=22 pg= 0.810 ids= 236 TEE1=-0.556 TEE2=-0.603 TEE3=-0.502  TEE4=-0.374
rank= 43 Lx=Ly=22 pg= 0.810 ids= 171 TEE1=-0.527 TEE2=-0.496 TEE3=-0.446  TEE4=-0.393
rank= 49 Lx=Ly=22 pg= 0.810 ids= 177 TEE1=-0.554 TEE2=-0.519 TEE3=-0.434  TEE4=-0.283
rank= 29 Lx=Ly=22 pg= 0.810 ids= 157 TEE1=-0.570 TEE2=-0.556 TEE3=-0.486  TEE4=-0.347
rank=  6 Lx=Ly=22 pg= 0.810 ids= 134 TEE1=-0.579 TEE2=-0.610 TEE3=-0.543  TEE4=-0.399
rank=  4 Lx=Ly=22 pg= 0.810 ids= 132 TEE1=-0.523 TEE2=-0.579 TEE3=-0.506  TEE4=-0.355
rank=118 Lx=Ly=22 pg= 0.810 ids= 246 TEE1=-0.459 TEE2=-0.459 TEE3=-0.376  TEE4=-0.250
rank=125 Lx=Ly=22 pg= 0.810 ids= 253 TEE1=-0.519 TEE2=-0.510 TEE3=-0.401  TEE4=-0.279
rank= 94 Lx=Ly=22 pg= 0.800 ids= 222 TEE1=-0.384 TEE2=-0.306 TEE3=-0.213  TEE4=-0.062
rank= 11 Lx=Ly=22 pg= 0.810 ids= 139 TEE1=-0.452 TEE2=-0.368 TEE3=-0.215  TEE4=-0.068
rank=123 Lx=Ly=22 pg= 0.810 ids= 251 TEE1=-0.461 TEE2=-0.459 TEE3=-0.380  TEE4=-0.169
rank=  0 Lx=Ly=22 pg= 0.810 ids= 128 TEE1=-0.558 TEE2=-0.548 TEE3=-0.488  TEE4=-0.353
rank=  9 Lx=Ly=22 pg= 0.810 ids= 137 TEE1=-0.469 TEE2=-0.343 TEE3=-0.273  TEE4=-0.081
rank=114 Lx=Ly=22 pg= 0.810 ids= 242 TEE1=-0.595 TEE2=-0.607 TEE3=-0.574  TEE4=-0.558
rank= 12 Lx=Ly=22 pg= 0.820 ids= 140 TEE1=-0.597 TEE2=-0.583 TEE3=-0.479  TEE4=-0.417
rank=100 Lx=Ly=22 pg= 0.820 ids= 228 TEE1=-0.558 TEE2=-0.548 TEE3=-0.500  TEE4=-0.388
rank= 15 Lx=Ly=22 pg= 0.810 ids= 143 TEE1=-0.574 TEE2=-0.517 TEE3=-0.409  TEE4=-0.262
rank=  8 Lx=Ly=22 pg= 0.820 ids= 136 TEE1=-0.483 TEE2=-0.517 TEE3=-0.475  TEE4=-0.376
rank= 88 Lx=Ly=22 pg= 0.800 ids= 216 TEE1=-0.494 TEE2=-0.467 TEE3=-0.320  TEE4=-0.128
rank= 13 Lx=Ly=22 pg= 0.810 ids= 141 TEE1=-0.508 TEE2=-0.483 TEE3=-0.388  TEE4=-0.236
rank= 83 Lx=Ly=22 pg= 0.810 ids= 211 TEE1=-0.372 TEE2=-0.229 TEE3=-0.101  TEE4= 0.037
rank= 64 Lx=Ly=22 pg= 0.810 ids= 192 TEE1=-0.494 TEE2=-0.488 TEE3=-0.403  TEE4=-0.275
rank= 32 Lx=Ly=22 pg= 0.810 ids= 160 TEE1=-0.504 TEE2=-0.508 TEE3=-0.440  TEE4=-0.293
rank= 53 Lx=Ly=22 pg= 0.810 ids= 181 TEE1=-0.341 TEE2=-0.335 TEE3=-0.200  TEE4=-0.060
rank= 34 Lx=Ly=22 pg= 0.810 ids= 162 TEE1=-0.471 TEE2=-0.455 TEE3=-0.372  TEE4=-0.190
rank= 55 Lx=Ly=22 pg= 0.810 ids= 183 TEE1=-0.523 TEE2=-0.570 TEE3=-0.496  TEE4=-0.393
rank=111 Lx=Ly=22 pg= 0.810 ids= 239 TEE1=-0.529 TEE2=-0.545 TEE3=-0.477  TEE4=-0.329
rank= 92 Lx=Ly=22 pg= 0.800 ids= 220 TEE1=-0.349 TEE2=-0.285 TEE3=-0.171  TEE4= 0.029
rank= 90 Lx=Ly=22 pg= 0.800 ids= 218 TEE1=-0.537 TEE2=-0.508 TEE3=-0.417  TEE4=-0.262
rank= 74 Lx=Ly=22 pg= 0.810 ids= 202 TEE1=-0.496 TEE2=-0.461 TEE3=-0.403  TEE4=-0.262
rank= 26 Lx=Ly=22 pg= 0.810 ids= 154 TEE1=-0.562 TEE2=-0.622 TEE3=-0.591  TEE4=-0.481
rank=105 Lx=Ly=22 pg= 0.810 ids= 233 TEE1=-0.531 TEE2=-0.469 TEE3=-0.355  TEE4=-0.250
rank= 36 Lx=Ly=22 pg= 0.810 ids= 164 TEE1=-0.562 TEE2=-0.574 TEE3=-0.514  TEE4=-0.401
rank= 87 Lx=Ly=22 pg= 0.810 ids= 215 TEE1=-0.537 TEE2=-0.581 TEE3=-0.548  TEE4=-0.473
rank= 65 Lx=Ly=22 pg= 0.820 ids= 193 TEE1=-0.655 TEE2=-0.731 TEE3=-0.725  TEE4=-0.634
rank= 35 Lx=Ly=22 pg= 0.820 ids= 163 TEE1=-0.622 TEE2=-0.700 TEE3=-0.634  TEE4=-0.508
rank=  3 Lx=Ly=22 pg= 0.820 ids= 131 TEE1=-0.618 TEE2=-0.638 TEE3=-0.587  TEE4=-0.475
rank= 56 Lx=Ly=22 pg= 0.810 ids= 184 TEE1=-0.517 TEE2=-0.469 TEE3=-0.341  TEE4=-0.209
rank= 48 Lx=Ly=22 pg= 0.810 ids= 176 TEE1=-0.550 TEE2=-0.560 TEE3=-0.479  TEE4=-0.304
rank= 75 Lx=Ly=22 pg= 0.810 ids= 203 TEE1=-0.527 TEE2=-0.533 TEE3=-0.475  TEE4=-0.378
rank= 58 Lx=Ly=22 pg= 0.810 ids= 186 TEE1=-0.498 TEE2=-0.500 TEE3=-0.457  TEE4=-0.343
rank= 14 Lx=Ly=22 pg= 0.820 ids= 142 TEE1=-0.622 TEE2=-0.678 TEE3=-0.667  TEE4=-0.636
rank=109 Lx=Ly=22 pg= 0.810 ids= 237 TEE1=-0.514 TEE2=-0.490 TEE3=-0.413  TEE4=-0.254
rank=102 Lx=Ly=22 pg= 0.820 ids= 230 TEE1=-0.529 TEE2=-0.566 TEE3=-0.500  TEE4=-0.382
rank= 57 Lx=Ly=22 pg= 0.810 ids= 185 TEE1=-0.539 TEE2=-0.550 TEE3=-0.475  TEE4=-0.308
rank= 81 Lx=Ly=22 pg= 0.810 ids= 209 TEE1=-0.591 TEE2=-0.599 TEE3=-0.554  TEE4=-0.461
rank= 62 Lx=Ly=22 pg= 0.810 ids= 190 TEE1=-0.465 TEE2=-0.504 TEE3=-0.434  TEE4=-0.242
rank= 85 Lx=Ly=22 pg= 0.810 ids= 213 TEE1=-0.535 TEE2=-0.523 TEE3=-0.450  TEE4=-0.357
rank= 98 Lx=Ly=22 pg= 0.820 ids= 226 TEE1=-0.585 TEE2=-0.579 TEE3=-0.481  TEE4=-0.362
rank= 60 Lx=Ly=22 pg= 0.810 ids= 188 TEE1=-0.483 TEE2=-0.405 TEE3=-0.285  TEE4=-0.060
rank= 10 Lx=Ly=22 pg= 0.820 ids= 138 TEE1=-0.556 TEE2=-0.570 TEE3=-0.486  TEE4=-0.362
rank= 24 Lx=Ly=22 pg= 0.810 ids= 152 TEE1=-0.599 TEE2=-0.607 TEE3=-0.572  TEE4=-0.444
rank=  5 Lx=Ly=22 pg= 0.820 ids= 133 TEE1=-0.568 TEE2=-0.579 TEE3=-0.496  TEE4=-0.366
rank= 42 Lx=Ly=22 pg= 0.820 ids= 170 TEE1=-0.502 TEE2=-0.585 TEE3=-0.502  TEE4=-0.409
rank= 96 Lx=Ly=22 pg= 0.820 ids= 224 TEE1=-0.500 TEE2=-0.465 TEE3=-0.368  TEE4=-0.231
rank= 78 Lx=Ly=22 pg= 0.810 ids= 206 TEE1=-0.562 TEE2=-0.589 TEE3=-0.494  TEE4=-0.306
rank= 28 Lx=Ly=22 pg= 0.810 ids= 156 TEE1=-0.506 TEE2=-0.525 TEE3=-0.450  TEE4=-0.320
rank=  7 Lx=Ly=22 pg= 0.820 ids= 135 TEE1=-0.535 TEE2=-0.593 TEE3=-0.564  TEE4=-0.452
rank= 67 Lx=Ly=22 pg= 0.820 ids= 195 TEE1=-0.496 TEE2=-0.527 TEE3=-0.415  TEE4=-0.267
rank= 66 Lx=Ly=22 pg= 0.810 ids= 194 TEE1=-0.496 TEE2=-0.490 TEE3=-0.395  TEE4=-0.277
rank= 68 Lx=Ly=22 pg= 0.810 ids= 196 TEE1=-0.463 TEE2=-0.432 TEE3=-0.333  TEE4=-0.205
rank=  1 Lx=Ly=22 pg= 0.820 ids= 129 TEE1=-0.705 TEE2=-0.798 TEE3=-0.777  TEE4=-0.791
rank=122 Lx=Ly=22 pg= 0.810 ids= 250 TEE1=-0.560 TEE2=-0.595 TEE3=-0.552  TEE4=-0.436
rank= 40 Lx=Ly=22 pg= 0.820 ids= 168 TEE1=-0.519 TEE2=-0.479 TEE3=-0.382  TEE4=-0.248
rank= 82 Lx=Ly=22 pg= 0.810 ids= 210 TEE1=-0.428 TEE2=-0.378 TEE3=-0.269  TEE4=-0.103
rank= 50 Lx=Ly=22 pg= 0.810 ids= 178 TEE1=-0.552 TEE2=-0.554 TEE3=-0.504  TEE4=-0.378
rank= 70 Lx=Ly=22 pg= 0.810 ids= 198 TEE1=-0.541 TEE2=-0.574 TEE3=-0.545  TEE4=-0.372
rank= 99 Lx=Ly=22 pg= 0.820 ids= 227 TEE1=-0.562 TEE2=-0.576 TEE3=-0.525  TEE4=-0.444
rank= 73 Lx=Ly=22 pg= 0.810 ids= 201 TEE1=-0.467 TEE2=-0.345 TEE3=-0.264  TEE4=-0.124
rank= 59 Lx=Ly=22 pg= 0.810 ids= 187 TEE1=-0.525 TEE2=-0.488 TEE3=-0.390  TEE4=-0.250
rank= 89 Lx=Ly=22 pg= 0.810 ids= 217 TEE1=-0.479 TEE2=-0.411 TEE3=-0.291  TEE4=-0.085
rank= 19 Lx=Ly=22 pg= 0.810 ids= 147 TEE1=-0.523 TEE2=-0.498 TEE3=-0.403  TEE4=-0.248
rank= 71 Lx=Ly=22 pg= 0.820 ids= 199 TEE1=-0.610 TEE2=-0.645 TEE3=-0.614  TEE4=-0.564
rank= 77 Lx=Ly=22 pg= 0.810 ids= 205 TEE1=-0.521 TEE2=-0.521 TEE3=-0.426  TEE4=-0.244
rank= 97 Lx=Ly=22 pg= 0.820 ids= 225 TEE1=-0.554 TEE2=-0.566 TEE3=-0.514  TEE4=-0.343
rank= 79 Lx=Ly=22 pg= 0.810 ids= 207 TEE1=-0.593 TEE2=-0.678 TEE3=-0.634  TEE4=-0.597
rank= 52 Lx=Ly=22 pg= 0.810 ids= 180 TEE1=-0.504 TEE2=-0.498 TEE3=-0.415  TEE4=-0.225
rank= 33 Lx=Ly=22 pg= 0.820 ids= 161 TEE1=-0.459 TEE2=-0.452 TEE3=-0.374  TEE4=-0.202
rank= 76 Lx=Ly=22 pg= 0.810 ids= 204 TEE1=-0.508 TEE2=-0.486 TEE3=-0.430  TEE4=-0.273
rank=119 Lx=Ly=22 pg= 0.810 ids= 247 TEE1=-0.475 TEE2=-0.531 TEE3=-0.496  TEE4=-0.300
rank= 37 Lx=Ly=22 pg= 0.820 ids= 165 TEE1=-0.607 TEE2=-0.676 TEE3=-0.605  TEE4=-0.500
rank= 72 Lx=Ly=22 pg= 0.810 ids= 200 TEE1=-0.531 TEE2=-0.533 TEE3=-0.434  TEE4=-0.269
rank= 54 Lx=Ly=22 pg= 0.810 ids= 182 TEE1=-0.531 TEE2=-0.508 TEE3=-0.463  TEE4=-0.275
rank= 69 Lx=Ly=22 pg= 0.820 ids= 197 TEE1=-0.548 TEE2=-0.614 TEE3=-0.587  TEE4=-0.465
rank= 39 Lx=Ly=22 pg= 0.820 ids= 167 TEE1=-0.486 TEE2=-0.510 TEE3=-0.438  TEE4=-0.314
rank= 63 Lx=Ly=22 pg= 0.810 ids= 191 TEE1=-0.576 TEE2=-0.599 TEE3=-0.512  TEE4=-0.401
rank= 44 Lx=Ly=22 pg= 0.820 ids= 172 TEE1=-0.545 TEE2=-0.552 TEE3=-0.496  TEE4=-0.386
rank=103 Lx=Ly=22 pg= 0.820 ids= 231 TEE1=-0.649 TEE2=-0.725 TEE3=-0.692  TEE4=-0.649
rank= 46 Lx=Ly=22 pg= 0.820 ids= 174 TEE1=-0.562 TEE2=-0.531 TEE3=-0.426  TEE4=-0.262
rank=101 Lx=Ly=22 pg= 0.820 ids= 229 TEE1=-0.587 TEE2=-0.587 TEE3=-0.531  TEE4=-0.432
rank= 61 Lx=Ly=22 pg= 0.810 ids= 189 TEE1=-0.572 TEE2=-0.560 TEE3=-0.498  TEE4=-0.341
rank= 23 Lx=Ly=22 pg= 0.810 ids= 151 TEE1=-0.607 TEE2=-0.595 TEE3=-0.502  TEE4=-0.364
rank= 51 Lx=Ly=22 pg= 0.820 ids= 179 TEE1=-0.576 TEE2=-0.581 TEE3=-0.525  TEE4=-0.417
rank= 25 Lx=Ly=22 pg= 0.820 ids= 153 TEE1=-0.581 TEE2=-0.622 TEE3=-0.568  TEE4=-0.502
rank= 17 Lx=Ly=22 pg= 0.810 ids= 145 TEE1=-0.434 TEE2=-0.362 TEE3=-0.254  TEE4=-0.085
rank= 45 Lx=Ly=22 pg= 0.820 ids= 173 TEE1=-0.552 TEE2=-0.605 TEE3=-0.537  TEE4=-0.455
rank= 21 Lx=Ly=22 pg= 0.810 ids= 149 TEE1=-0.475 TEE2=-0.409 TEE3=-0.269  TEE4=-0.101
rank=  2 Lx=Ly=22 pg= 0.820 ids= 130 TEE1=-0.595 TEE2=-0.638 TEE3=-0.601  TEE4=-0.514
rank=112 Lx=Ly=22 pg= 0.820 ids= 240 TEE1=-0.558 TEE2=-0.607 TEE3=-0.572  TEE4=-0.450
rank=113 Lx=Ly=22 pg= 0.810 ids= 241 TEE1=-0.417 TEE2=-0.322 TEE3=-0.240  TEE4=-0.103
rank= 20 Lx=Ly=22 pg= 0.810 ids= 148 TEE1=-0.502 TEE2=-0.523 TEE3=-0.469  TEE4=-0.289
rank=120 Lx=Ly=22 pg= 0.810 ids= 248 TEE1=-0.527 TEE2=-0.483 TEE3=-0.401  TEE4=-0.295
rank=115 Lx=Ly=22 pg= 0.810 ids= 243 TEE1=-0.477 TEE2=-0.386 TEE3=-0.248  TEE4=-0.114
rank=117 Lx=Ly=22 pg= 0.810 ids= 245 TEE1=-0.568 TEE2=-0.583 TEE3=-0.523  TEE4=-0.382
rank=110 Lx=Ly=22 pg= 0.820 ids= 238 TEE1=-0.510 TEE2=-0.514 TEE3=-0.438  TEE4=-0.337
rank=127 Lx=Ly=22 pg= 0.820 ids= 255 TEE1=-0.554 TEE2=-0.541 TEE3=-0.471  TEE4=-0.310
rank=124 Lx=Ly=22 pg= 0.810 ids= 252 TEE1=-0.450 TEE2=-0.399 TEE3=-0.281  TEE4=-0.169
rank= 93 Lx=Ly=22 pg= 0.810 ids= 221 TEE1=-0.508 TEE2=-0.554 TEE3=-0.502  TEE4=-0.326
rank=126 Lx=Ly=22 pg= 0.810 ids= 254 TEE1=-0.446 TEE2=-0.450 TEE3=-0.390  TEE4=-0.231
rank= 16 Lx=Ly=22 pg= 0.810 ids= 144 TEE1=-0.370 TEE2=-0.271 TEE3=-0.149  TEE4= 0.027
rank= 22 Lx=Ly=22 pg= 0.810 ids= 150 TEE1=-0.533 TEE2=-0.579 TEE3=-0.537  TEE4=-0.409
rank=107 Lx=Ly=22 pg= 0.820 ids= 235 TEE1=-0.643 TEE2=-0.725 TEE3=-0.694  TEE4=-0.663
rank=121 Lx=Ly=22 pg= 0.820 ids= 249 TEE1=-0.512 TEE2=-0.552 TEE3=-0.498  TEE4=-0.329
rank= 86 Lx=Ly=22 pg= 0.810 ids= 214 TEE1=-0.521 TEE2=-0.496 TEE3=-0.405  TEE4=-0.281
rank= 31 Lx=Ly=22 pg= 0.820 ids= 159 TEE1=-0.533 TEE2=-0.481 TEE3=-0.395  TEE4=-0.246
rank= 91 Lx=Ly=22 pg= 0.810 ids= 219 TEE1=-0.471 TEE2=-0.479 TEE3=-0.405  TEE4=-0.260
rank=116 Lx=Ly=22 pg= 0.820 ids= 244 TEE1=-0.610 TEE2=-0.622 TEE3=-0.558  TEE4=-0.436
rank= 18 Lx=Ly=22 pg= 0.810 ids= 146 TEE1=-0.471 TEE2=-0.444 TEE3=-0.349  TEE4=-0.182
rank=106 Lx=Ly=22 pg= 0.820 ids= 234 TEE1=-0.612 TEE2=-0.638 TEE3=-0.597  TEE4=-0.512
rank= 80 Lx=Ly=22 pg= 0.810 ids= 208 TEE1=-0.465 TEE2=-0.436 TEE3=-0.306  TEE4=-0.161
rank= 30 Lx=Ly=22 pg= 0.820 ids= 158 TEE1=-0.603 TEE2=-0.622 TEE3=-0.572  TEE4=-0.463
rank= 27 Lx=Ly=22 pg= 0.820 ids= 155 TEE1=-0.597 TEE2=-0.597 TEE3=-0.550  TEE4=-0.446
rank= 95 Lx=Ly=22 pg= 0.810 ids= 223 TEE1=-0.539 TEE2=-0.585 TEE3=-0.533  TEE4=-0.448
rank= 41 Lx=Ly=22 pg= 0.820 ids= 169 TEE1=-0.535 TEE2=-0.605 TEE3=-0.521  TEE4=-0.384
rank= 84 Lx=Ly=22 pg= 0.810 ids= 212 TEE1=-0.496 TEE2=-0.481 TEE3=-0.347  TEE4=-0.099
rank= 38 Lx=Ly=22 pg= 0.820 ids= 166 TEE1=-0.601 TEE2=-0.622 TEE3=-0.562  TEE4=-0.450
rank=104 Lx=Ly=22 pg= 0.820 ids= 232 TEE1=-0.533 TEE2=-0.465 TEE3=-0.364  TEE4=-0.254
rank= 47 Lx=Ly=22 pg= 0.820 ids= 175 TEE1=-0.457 TEE2=-0.374 TEE3=-0.260  TEE4=-0.126
rank= 43 Lx=Ly=22 pg= 0.820 ids= 171 TEE1=-0.541 TEE2=-0.562 TEE3=-0.486  TEE4=-0.360
rank= 49 Lx=Ly=22 pg= 0.820 ids= 177 TEE1=-0.616 TEE2=-0.622 TEE3=-0.599  TEE4=-0.527
rank=108 Lx=Ly=22 pg= 0.820 ids= 236 TEE1=-0.626 TEE2=-0.655 TEE3=-0.587  TEE4=-0.498
rank= 29 Lx=Ly=22 pg= 0.820 ids= 157 TEE1=-0.566 TEE2=-0.607 TEE3=-0.550  TEE4=-0.533
rank=  6 Lx=Ly=22 pg= 0.820 ids= 134 TEE1=-0.612 TEE2=-0.682 TEE3=-0.661  TEE4=-0.585
rank=118 Lx=Ly=22 pg= 0.820 ids= 246 TEE1=-0.626 TEE2=-0.705 TEE3=-0.684  TEE4=-0.595
rank=  4 Lx=Ly=22 pg= 0.820 ids= 132 TEE1=-0.605 TEE2=-0.640 TEE3=-0.597  TEE4=-0.533
rank=125 Lx=Ly=22 pg= 0.820 ids= 253 TEE1=-0.576 TEE2=-0.591 TEE3=-0.519  TEE4=-0.434
rank= 11 Lx=Ly=22 pg= 0.820 ids= 139 TEE1=-0.521 TEE2=-0.529 TEE3=-0.469  TEE4=-0.260
rank=123 Lx=Ly=22 pg= 0.820 ids= 251 TEE1=-0.612 TEE2=-0.655 TEE3=-0.616  TEE4=-0.500
rank= 94 Lx=Ly=22 pg= 0.810 ids= 222 TEE1=-0.543 TEE2=-0.566 TEE3=-0.481  TEE4=-0.362
rank=100 Lx=Ly=22 pg= 0.830 ids= 228 TEE1=-0.574 TEE2=-0.634 TEE3=-0.601  TEE4=-0.477
rank= 12 Lx=Ly=22 pg= 0.830 ids= 140 TEE1=-0.616 TEE2=-0.674 TEE3=-0.674  TEE4=-0.554
rank=  9 Lx=Ly=22 pg= 0.820 ids= 137 TEE1=-0.616 TEE2=-0.669 TEE3=-0.612  TEE4=-0.496
rank=  0 Lx=Ly=22 pg= 0.820 ids= 128 TEE1=-0.663 TEE2=-0.713 TEE3=-0.663  TEE4=-0.510
rank=114 Lx=Ly=22 pg= 0.820 ids= 242 TEE1=-0.525 TEE2=-0.560 TEE3=-0.514  TEE4=-0.349
rank= 15 Lx=Ly=22 pg= 0.820 ids= 143 TEE1=-0.479 TEE2=-0.506 TEE3=-0.438  TEE4=-0.324
rank=  8 Lx=Ly=22 pg= 0.830 ids= 136 TEE1=-0.632 TEE2=-0.669 TEE3=-0.632  TEE4=-0.523
rank= 13 Lx=Ly=22 pg= 0.820 ids= 141 TEE1=-0.483 TEE2=-0.579 TEE3=-0.519  TEE4=-0.463
rank= 83 Lx=Ly=22 pg= 0.820 ids= 211 TEE1=-0.508 TEE2=-0.481 TEE3=-0.390  TEE4=-0.262
rank= 64 Lx=Ly=22 pg= 0.820 ids= 192 TEE1=-0.525 TEE2=-0.455 TEE3=-0.403  TEE4=-0.231
rank= 88 Lx=Ly=22 pg= 0.810 ids= 216 TEE1=-0.405 TEE2=-0.236 TEE3=-0.116  TEE4= 0.037
rank= 32 Lx=Ly=22 pg= 0.820 ids= 160 TEE1=-0.514 TEE2=-0.477 TEE3=-0.399  TEE4=-0.157
rank= 34 Lx=Ly=22 pg= 0.820 ids= 162 TEE1=-0.576 TEE2=-0.601 TEE3=-0.535  TEE4=-0.481
rank= 53 Lx=Ly=22 pg= 0.820 ids= 181 TEE1=-0.457 TEE2=-0.411 TEE3=-0.331  TEE4=-0.213
rank= 55 Lx=Ly=22 pg= 0.820 ids= 183 TEE1=-0.537 TEE2=-0.610 TEE3=-0.558  TEE4=-0.481
rank=111 Lx=Ly=22 pg= 0.820 ids= 239 TEE1=-0.519 TEE2=-0.531 TEE3=-0.467  TEE4=-0.349
rank= 26 Lx=Ly=22 pg= 0.820 ids= 154 TEE1=-0.657 TEE2=-0.713 TEE3=-0.674  TEE4=-0.595
rank= 74 Lx=Ly=22 pg= 0.820 ids= 202 TEE1=-0.529 TEE2=-0.494 TEE3=-0.399  TEE4=-0.231
rank=105 Lx=Ly=22 pg= 0.820 ids= 233 TEE1=-0.591 TEE2=-0.620 TEE3=-0.566  TEE4=-0.446
rank= 36 Lx=Ly=22 pg= 0.820 ids= 164 TEE1=-0.525 TEE2=-0.576 TEE3=-0.531  TEE4=-0.432
rank= 65 Lx=Ly=22 pg= 0.830 ids= 193 TEE1=-0.653 TEE2=-0.758 TEE3=-0.727  TEE4=-0.655
rank= 92 Lx=Ly=22 pg= 0.810 ids= 220 TEE1=-0.467 TEE2=-0.457 TEE3=-0.366  TEE4=-0.236
rank= 87 Lx=Ly=22 pg= 0.820 ids= 215 TEE1=-0.574 TEE2=-0.581 TEE3=-0.504  TEE4=-0.271
rank=  3 Lx=Ly=22 pg= 0.830 ids= 131 TEE1=-0.651 TEE2=-0.717 TEE3=-0.692  TEE4=-0.620
rank= 90 Lx=Ly=22 pg= 0.810 ids= 218 TEE1=-0.475 TEE2=-0.473 TEE3=-0.424  TEE4=-0.217
rank= 35 Lx=Ly=22 pg= 0.830 ids= 163 TEE1=-0.671 TEE2=-0.731 TEE3=-0.698  TEE4=-0.624
rank= 48 Lx=Ly=22 pg= 0.820 ids= 176 TEE1=-0.560 TEE2=-0.603 TEE3=-0.527  TEE4=-0.384
rank= 75 Lx=Ly=22 pg= 0.820 ids= 203 TEE1=-0.587 TEE2=-0.638 TEE3=-0.560  TEE4=-0.419
rank= 14 Lx=Ly=22 pg= 0.830 ids= 142 TEE1=-0.614 TEE2=-0.682 TEE3=-0.612  TEE4=-0.519
rank= 56 Lx=Ly=22 pg= 0.820 ids= 184 TEE1=-0.618 TEE2=-0.667 TEE3=-0.634  TEE4=-0.512
rank=102 Lx=Ly=22 pg= 0.830 ids= 230 TEE1=-0.576 TEE2=-0.576 TEE3=-0.504  TEE4=-0.329
rank= 58 Lx=Ly=22 pg= 0.820 ids= 186 TEE1=-0.587 TEE2=-0.612 TEE3=-0.560  TEE4=-0.432
rank=109 Lx=Ly=22 pg= 0.820 ids= 237 TEE1=-0.543 TEE2=-0.527 TEE3=-0.469  TEE4=-0.390
rank= 57 Lx=Ly=22 pg= 0.820 ids= 185 TEE1=-0.620 TEE2=-0.723 TEE3=-0.715  TEE4=-0.671
rank= 98 Lx=Ly=22 pg= 0.830 ids= 226 TEE1=-0.548 TEE2=-0.525 TEE3=-0.446  TEE4=-0.279
rank= 62 Lx=Ly=22 pg= 0.820 ids= 190 TEE1=-0.543 TEE2=-0.610 TEE3=-0.570  TEE4=-0.424
rank= 81 Lx=Ly=22 pg= 0.820 ids= 209 TEE1=-0.618 TEE2=-0.653 TEE3=-0.607  TEE4=-0.467
rank= 85 Lx=Ly=22 pg= 0.820 ids= 213 TEE1=-0.543 TEE2=-0.560 TEE3=-0.527  TEE4=-0.411
rank= 10 Lx=Ly=22 pg= 0.830 ids= 138 TEE1=-0.667 TEE2=-0.731 TEE3=-0.692  TEE4=-0.657
rank=  5 Lx=Ly=22 pg= 0.830 ids= 133 TEE1=-0.572 TEE2=-0.601 TEE3=-0.589  TEE4=-0.457
rank= 60 Lx=Ly=22 pg= 0.820 ids= 188 TEE1=-0.587 TEE2=-0.591 TEE3=-0.535  TEE4=-0.463
rank= 42 Lx=Ly=22 pg= 0.830 ids= 170 TEE1=-0.572 TEE2=-0.576 TEE3=-0.543  TEE4=-0.368
rank= 24 Lx=Ly=22 pg= 0.820 ids= 152 TEE1=-0.517 TEE2=-0.562 TEE3=-0.519  TEE4=-0.380
rank=  7 Lx=Ly=22 pg= 0.830 ids= 135 TEE1=-0.640 TEE2=-0.709 TEE3=-0.647  TEE4=-0.548
rank= 96 Lx=Ly=22 pg= 0.830 ids= 224 TEE1=-0.612 TEE2=-0.640 TEE3=-0.603  TEE4=-0.543
rank= 28 Lx=Ly=22 pg= 0.820 ids= 156 TEE1=-0.535 TEE2=-0.508 TEE3=-0.434  TEE4=-0.293
rank=  1 Lx=Ly=22 pg= 0.830 ids= 129 TEE1=-0.612 TEE2=-0.645 TEE3=-0.607  TEE4=-0.543
rank= 78 Lx=Ly=22 pg= 0.820 ids= 206 TEE1=-0.572 TEE2=-0.605 TEE3=-0.566  TEE4=-0.508
rank= 67 Lx=Ly=22 pg= 0.830 ids= 195 TEE1=-0.661 TEE2=-0.715 TEE3=-0.676  TEE4=-0.626
rank= 66 Lx=Ly=22 pg= 0.820 ids= 194 TEE1=-0.541 TEE2=-0.593 TEE3=-0.517  TEE4=-0.372
rank= 40 Lx=Ly=22 pg= 0.830 ids= 168 TEE1=-0.585 TEE2=-0.618 TEE3=-0.610  TEE4=-0.566
rank= 68 Lx=Ly=22 pg= 0.820 ids= 196 TEE1=-0.492 TEE2=-0.533 TEE3=-0.496  TEE4=-0.421
rank=122 Lx=Ly=22 pg= 0.820 ids= 250 TEE1=-0.620 TEE2=-0.655 TEE3=-0.597  TEE4=-0.510
rank= 82 Lx=Ly=22 pg= 0.820 ids= 210 TEE1=-0.595 TEE2=-0.585 TEE3=-0.500  TEE4=-0.413
rank= 50 Lx=Ly=22 pg= 0.820 ids= 178 TEE1=-0.572 TEE2=-0.570 TEE3=-0.496  TEE4=-0.355
rank= 99 Lx=Ly=22 pg= 0.830 ids= 227 TEE1=-0.678 TEE2=-0.696 TEE3=-0.667  TEE4=-0.579
rank= 70 Lx=Ly=22 pg= 0.820 ids= 198 TEE1=-0.599 TEE2=-0.651 TEE3=-0.605  TEE4=-0.514
rank= 73 Lx=Ly=22 pg= 0.820 ids= 201 TEE1=-0.560 TEE2=-0.597 TEE3=-0.550  TEE4=-0.450
rank= 59 Lx=Ly=22 pg= 0.820 ids= 187 TEE1=-0.614 TEE2=-0.686 TEE3=-0.657  TEE4=-0.618
rank= 89 Lx=Ly=22 pg= 0.820 ids= 217 TEE1=-0.548 TEE2=-0.465 TEE3=-0.357  TEE4=-0.205
rank= 19 Lx=Ly=22 pg= 0.820 ids= 147 TEE1=-0.579 TEE2=-0.570 TEE3=-0.475  TEE4=-0.366
rank= 71 Lx=Ly=22 pg= 0.830 ids= 199 TEE1=-0.550 TEE2=-0.605 TEE3=-0.562  TEE4=-0.378
rank= 97 Lx=Ly=22 pg= 0.830 ids= 225 TEE1=-0.607 TEE2=-0.661 TEE3=-0.622  TEE4=-0.556
rank= 77 Lx=Ly=22 pg= 0.820 ids= 205 TEE1=-0.401 TEE2=-0.384 TEE3=-0.277  TEE4=-0.079
rank= 33 Lx=Ly=22 pg= 0.830 ids= 161 TEE1=-0.674 TEE2=-0.727 TEE3=-0.676  TEE4=-0.605
rank= 37 Lx=Ly=22 pg= 0.830 ids= 165 TEE1=-0.622 TEE2=-0.671 TEE3=-0.632  TEE4=-0.508
rank= 52 Lx=Ly=22 pg= 0.820 ids= 180 TEE1=-0.452 TEE2=-0.399 TEE3=-0.333  TEE4=-0.240
rank=119 Lx=Ly=22 pg= 0.820 ids= 247 TEE1=-0.483 TEE2=-0.469 TEE3=-0.370  TEE4=-0.225
rank= 79 Lx=Ly=22 pg= 0.820 ids= 207 TEE1=-0.605 TEE2=-0.653 TEE3=-0.605  TEE4=-0.463
rank= 69 Lx=Ly=22 pg= 0.830 ids= 197 TEE1=-0.680 TEE2=-0.771 TEE3=-0.746  TEE4=-0.711
rank= 76 Lx=Ly=22 pg= 0.820 ids= 204 TEE1=-0.556 TEE2=-0.643 TEE3=-0.579  TEE4=-0.432
rank= 72 Lx=Ly=22 pg= 0.820 ids= 200 TEE1=-0.386 TEE2=-0.374 TEE3=-0.275  TEE4=-0.048
rank= 54 Lx=Ly=22 pg= 0.820 ids= 182 TEE1=-0.457 TEE2=-0.438 TEE3=-0.368  TEE4=-0.236
rank= 39 Lx=Ly=22 pg= 0.830 ids= 167 TEE1=-0.610 TEE2=-0.653 TEE3=-0.616  TEE4=-0.552
rank= 63 Lx=Ly=22 pg= 0.820 ids= 191 TEE1=-0.514 TEE2=-0.541 TEE3=-0.492  TEE4=-0.397
rank= 44 Lx=Ly=22 pg= 0.830 ids= 172 TEE1=-0.638 TEE2=-0.665 TEE3=-0.628  TEE4=-0.535
rank=103 Lx=Ly=22 pg= 0.830 ids= 231 TEE1=-0.533 TEE2=-0.543 TEE3=-0.492  TEE4=-0.374
rank= 46 Lx=Ly=22 pg= 0.830 ids= 174 TEE1=-0.614 TEE2=-0.694 TEE3=-0.665  TEE4=-0.572
rank=101 Lx=Ly=22 pg= 0.830 ids= 229 TEE1=-0.585 TEE2=-0.585 TEE3=-0.537  TEE4=-0.372
rank= 61 Lx=Ly=22 pg= 0.820 ids= 189 TEE1=-0.570 TEE2=-0.591 TEE3=-0.512  TEE4=-0.395
rank= 25 Lx=Ly=22 pg= 0.830 ids= 153 TEE1=-0.612 TEE2=-0.632 TEE3=-0.576  TEE4=-0.450
rank= 51 Lx=Ly=22 pg= 0.830 ids= 179 TEE1=-0.591 TEE2=-0.628 TEE3=-0.568  TEE4=-0.541
rank= 45 Lx=Ly=22 pg= 0.830 ids= 173 TEE1=-0.622 TEE2=-0.661 TEE3=-0.614  TEE4=-0.570
rank= 23 Lx=Ly=22 pg= 0.820 ids= 151 TEE1=-0.605 TEE2=-0.663 TEE3=-0.636  TEE4=-0.537
rank= 17 Lx=Ly=22 pg= 0.820 ids= 145 TEE1=-0.535 TEE2=-0.585 TEE3=-0.556  TEE4=-0.506
rank=  2 Lx=Ly=22 pg= 0.830 ids= 130 TEE1=-0.665 TEE2=-0.758 TEE3=-0.731  TEE4=-0.707
rank=112 Lx=Ly=22 pg= 0.830 ids= 240 TEE1=-0.620 TEE2=-0.671 TEE3=-0.647  TEE4=-0.545
rank= 21 Lx=Ly=22 pg= 0.820 ids= 149 TEE1=-0.562 TEE2=-0.570 TEE3=-0.483  TEE4=-0.304
rank=113 Lx=Ly=22 pg= 0.820 ids= 241 TEE1=-0.529 TEE2=-0.612 TEE3=-0.579  TEE4=-0.496
rank= 20 Lx=Ly=22 pg= 0.820 ids= 148 TEE1=-0.566 TEE2=-0.653 TEE3=-0.610  TEE4=-0.440
rank=120 Lx=Ly=22 pg= 0.820 ids= 248 TEE1=-0.576 TEE2=-0.661 TEE3=-0.647  TEE4=-0.605
rank=110 Lx=Ly=22 pg= 0.830 ids= 238 TEE1=-0.595 TEE2=-0.645 TEE3=-0.634  TEE4=-0.560
rank=127 Lx=Ly=22 pg= 0.830 ids= 255 TEE1=-0.657 TEE2=-0.719 TEE3=-0.680  TEE4=-0.605
rank=115 Lx=Ly=22 pg= 0.820 ids= 243 TEE1=-0.630 TEE2=-0.680 TEE3=-0.645  TEE4=-0.525
rank=117 Lx=Ly=22 pg= 0.820 ids= 245 TEE1=-0.572 TEE2=-0.626 TEE3=-0.587  TEE4=-0.543
rank=124 Lx=Ly=22 pg= 0.820 ids= 252 TEE1=-0.541 TEE2=-0.479 TEE3=-0.386  TEE4=-0.219
rank=107 Lx=Ly=22 pg= 0.830 ids= 235 TEE1=-0.595 TEE2=-0.653 TEE3=-0.603  TEE4=-0.527
rank= 93 Lx=Ly=22 pg= 0.820 ids= 221 TEE1=-0.607 TEE2=-0.620 TEE3=-0.545  TEE4=-0.467
rank= 16 Lx=Ly=22 pg= 0.820 ids= 144 TEE1=-0.624 TEE2=-0.727 TEE3=-0.711  TEE4=-0.661
rank=126 Lx=Ly=22 pg= 0.820 ids= 254 TEE1=-0.564 TEE2=-0.645 TEE3=-0.616  TEE4=-0.490
rank=121 Lx=Ly=22 pg= 0.830 ids= 249 TEE1=-0.651 TEE2=-0.719 TEE3=-0.698  TEE4=-0.624
rank= 22 Lx=Ly=22 pg= 0.820 ids= 150 TEE1=-0.628 TEE2=-0.707 TEE3=-0.659  TEE4=-0.570
rank= 31 Lx=Ly=22 pg= 0.830 ids= 159 TEE1=-0.653 TEE2=-0.709 TEE3=-0.682  TEE4=-0.579
rank=116 Lx=Ly=22 pg= 0.830 ids= 244 TEE1=-0.548 TEE2=-0.599 TEE3=-0.529  TEE4=-0.360
rank= 91 Lx=Ly=22 pg= 0.820 ids= 219 TEE1=-0.539 TEE2=-0.521 TEE3=-0.421  TEE4=-0.254
rank= 86 Lx=Ly=22 pg= 0.820 ids= 214 TEE1=-0.488 TEE2=-0.467 TEE3=-0.382  TEE4=-0.238
rank=106 Lx=Ly=22 pg= 0.830 ids= 234 TEE1=-0.614 TEE2=-0.690 TEE3=-0.680  TEE4=-0.560
rank= 18 Lx=Ly=22 pg= 0.820 ids= 146 TEE1=-0.678 TEE2=-0.771 TEE3=-0.771  TEE4=-0.721
rank= 30 Lx=Ly=22 pg= 0.830 ids= 158 TEE1=-0.603 TEE2=-0.603 TEE3=-0.558  TEE4=-0.457
rank= 80 Lx=Ly=22 pg= 0.820 ids= 208 TEE1=-0.556 TEE2=-0.548 TEE3=-0.500  TEE4=-0.393
rank= 41 Lx=Ly=22 pg= 0.830 ids= 169 TEE1=-0.556 TEE2=-0.636 TEE3=-0.579  TEE4=-0.488
rank= 27 Lx=Ly=22 pg= 0.830 ids= 155 TEE1=-0.572 TEE2=-0.618 TEE3=-0.574  TEE4=-0.467
rank= 95 Lx=Ly=22 pg= 0.820 ids= 223 TEE1=-0.560 TEE2=-0.556 TEE3=-0.517  TEE4=-0.417
rank= 38 Lx=Ly=22 pg= 0.830 ids= 166 TEE1=-0.622 TEE2=-0.727 TEE3=-0.713  TEE4=-0.649
rank= 84 Lx=Ly=22 pg= 0.820 ids= 212 TEE1=-0.537 TEE2=-0.543 TEE3=-0.438  TEE4=-0.252
rank=104 Lx=Ly=22 pg= 0.830 ids= 232 TEE1=-0.599 TEE2=-0.628 TEE3=-0.597  TEE4=-0.521
rank= 47 Lx=Ly=22 pg= 0.830 ids= 175 TEE1=-0.620 TEE2=-0.663 TEE3=-0.626  TEE4=-0.570
rank= 43 Lx=Ly=22 pg= 0.830 ids= 171 TEE1=-0.576 TEE2=-0.630 TEE3=-0.597  TEE4=-0.508
rank= 49 Lx=Ly=22 pg= 0.830 ids= 177 TEE1=-0.647 TEE2=-0.740 TEE3=-0.721  TEE4=-0.692
rank=108 Lx=Ly=22 pg= 0.830 ids= 236 TEE1=-0.694 TEE2=-0.816 TEE3=-0.798  TEE4=-0.764
rank= 29 Lx=Ly=22 pg= 0.830 ids= 157 TEE1=-0.558 TEE2=-0.605 TEE3=-0.545  TEE4=-0.448
rank=  6 Lx=Ly=22 pg= 0.830 ids= 134 TEE1=-0.645 TEE2=-0.750 TEE3=-0.740  TEE4=-0.744
rank=118 Lx=Ly=22 pg= 0.830 ids= 246 TEE1=-0.570 TEE2=-0.612 TEE3=-0.568  TEE4=-0.543
rank=  4 Lx=Ly=22 pg= 0.830 ids= 132 TEE1=-0.659 TEE2=-0.742 TEE3=-0.727  TEE4=-0.694
rank=125 Lx=Ly=22 pg= 0.830 ids= 253 TEE1=-0.655 TEE2=-0.721 TEE3=-0.686  TEE4=-0.659
rank= 11 Lx=Ly=22 pg= 0.830 ids= 139 TEE1=-0.564 TEE2=-0.550 TEE3=-0.481  TEE4=-0.302
rank=100 Lx=Ly=22 pg= 0.840 ids= 228 TEE1=-0.694 TEE2=-0.773 TEE3=-0.767  TEE4=-0.713
rank= 12 Lx=Ly=22 pg= 0.840 ids= 140 TEE1=-0.692 TEE2=-0.775 TEE3=-0.756  TEE4=-0.771
rank=123 Lx=Ly=22 pg= 0.830 ids= 251 TEE1=-0.655 TEE2=-0.746 TEE3=-0.719  TEE4=-0.634
rank=  9 Lx=Ly=22 pg= 0.830 ids= 137 TEE1=-0.655 TEE2=-0.715 TEE3=-0.686  TEE4=-0.566
rank=  8 Lx=Ly=22 pg= 0.840 ids= 136 TEE1=-0.696 TEE2=-0.771 TEE3=-0.756  TEE4=-0.723
rank= 15 Lx=Ly=22 pg= 0.830 ids= 143 TEE1=-0.657 TEE2=-0.723 TEE3=-0.688  TEE4=-0.612
rank=114 Lx=Ly=22 pg= 0.830 ids= 242 TEE1=-0.603 TEE2=-0.645 TEE3=-0.605  TEE4=-0.506
rank=  0 Lx=Ly=22 pg= 0.830 ids= 128 TEE1=-0.628 TEE2=-0.711 TEE3=-0.657  TEE4=-0.591
rank= 94 Lx=Ly=22 pg= 0.820 ids= 222 TEE1=-0.562 TEE2=-0.521 TEE3=-0.465  TEE4=-0.345
rank= 13 Lx=Ly=22 pg= 0.830 ids= 141 TEE1=-0.647 TEE2=-0.717 TEE3=-0.671  TEE4=-0.618
rank= 83 Lx=Ly=22 pg= 0.830 ids= 211 TEE1=-0.601 TEE2=-0.634 TEE3=-0.593  TEE4=-0.554
rank= 64 Lx=Ly=22 pg= 0.830 ids= 192 TEE1=-0.550 TEE2=-0.597 TEE3=-0.548  TEE4=-0.459
rank= 32 Lx=Ly=22 pg= 0.830 ids= 160 TEE1=-0.614 TEE2=-0.680 TEE3=-0.614  TEE4=-0.535
rank= 88 Lx=Ly=22 pg= 0.820 ids= 216 TEE1=-0.593 TEE2=-0.603 TEE3=-0.517  TEE4=-0.329
rank= 34 Lx=Ly=22 pg= 0.830 ids= 162 TEE1=-0.607 TEE2=-0.674 TEE3=-0.643  TEE4=-0.545
rank= 53 Lx=Ly=22 pg= 0.830 ids= 181 TEE1=-0.696 TEE2=-0.775 TEE3=-0.773  TEE4=-0.750
rank= 26 Lx=Ly=22 pg= 0.830 ids= 154 TEE1=-0.645 TEE2=-0.626 TEE3=-0.603  TEE4=-0.500
rank=  3 Lx=Ly=22 pg= 0.840 ids= 131 TEE1=-0.690 TEE2=-0.767 TEE3=-0.748  TEE4=-0.719
rank= 55 Lx=Ly=22 pg= 0.830 ids= 183 TEE1=-0.643 TEE2=-0.700 TEE3=-0.678  TEE4=-0.626
rank=111 Lx=Ly=22 pg= 0.830 ids= 239 TEE1=-0.645 TEE2=-0.690 TEE3=-0.669  TEE4=-0.614
rank= 65 Lx=Ly=22 pg= 0.840 ids= 193 TEE1=-0.651 TEE2=-0.721 TEE3=-0.696  TEE4=-0.671
rank=105 Lx=Ly=22 pg= 0.830 ids= 233 TEE1=-0.614 TEE2=-0.684 TEE3=-0.676  TEE4=-0.671
rank= 74 Lx=Ly=22 pg= 0.830 ids= 202 TEE1=-0.574 TEE2=-0.634 TEE3=-0.620  TEE4=-0.562
rank= 36 Lx=Ly=22 pg= 0.830 ids= 164 TEE1=-0.576 TEE2=-0.645 TEE3=-0.595  TEE4=-0.517
rank= 35 Lx=Ly=22 pg= 0.840 ids= 163 TEE1=-0.684 TEE2=-0.746 TEE3=-0.702  TEE4=-0.620
rank= 87 Lx=Ly=22 pg= 0.830 ids= 215 TEE1=-0.647 TEE2=-0.671 TEE3=-0.630  TEE4=-0.523
rank= 92 Lx=Ly=22 pg= 0.820 ids= 220 TEE1=-0.548 TEE2=-0.564 TEE3=-0.471  TEE4=-0.329
rank= 14 Lx=Ly=22 pg= 0.840 ids= 142 TEE1=-0.645 TEE2=-0.717 TEE3=-0.676  TEE4=-0.607
rank= 90 Lx=Ly=22 pg= 0.820 ids= 218 TEE1=-0.488 TEE2=-0.475 TEE3=-0.415  TEE4=-0.285
rank= 48 Lx=Ly=22 pg= 0.830 ids= 176 TEE1=-0.647 TEE2=-0.690 TEE3=-0.634  TEE4=-0.576
rank= 75 Lx=Ly=22 pg= 0.830 ids= 203 TEE1=-0.622 TEE2=-0.655 TEE3=-0.610  TEE4=-0.527
rank=102 Lx=Ly=22 pg= 0.840 ids= 230 TEE1=-0.667 TEE2=-0.738 TEE3=-0.707  TEE4=-0.657
rank= 56 Lx=Ly=22 pg= 0.830 ids= 184 TEE1=-0.733 TEE2=-0.769 TEE3=-0.756  TEE4=-0.698
rank= 58 Lx=Ly=22 pg= 0.830 ids= 186 TEE1=-0.558 TEE2=-0.597 TEE3=-0.548  TEE4=-0.442
rank=109 Lx=Ly=22 pg= 0.830 ids= 237 TEE1=-0.657 TEE2=-0.760 TEE3=-0.727  TEE4=-0.719
rank= 57 Lx=Ly=22 pg= 0.830 ids= 185 TEE1=-0.581 TEE2=-0.638 TEE3=-0.612  TEE4=-0.510
rank= 98 Lx=Ly=22 pg= 0.840 ids= 226 TEE1=-0.671 TEE2=-0.769 TEE3=-0.752  TEE4=-0.696
rank=  5 Lx=Ly=22 pg= 0.840 ids= 133 TEE1=-0.645 TEE2=-0.725 TEE3=-0.692  TEE4=-0.610
rank= 10 Lx=Ly=22 pg= 0.840 ids= 138 TEE1=-0.607 TEE2=-0.647 TEE3=-0.589  TEE4=-0.531
rank= 42 Lx=Ly=22 pg= 0.840 ids= 170 TEE1=-0.628 TEE2=-0.676 TEE3=-0.645  TEE4=-0.541
rank=  7 Lx=Ly=22 pg= 0.840 ids= 135 TEE1=-0.576 TEE2=-0.632 TEE3=-0.585  TEE4=-0.510
rank= 85 Lx=Ly=22 pg= 0.830 ids= 213 TEE1=-0.603 TEE2=-0.698 TEE3=-0.686  TEE4=-0.597
rank= 81 Lx=Ly=22 pg= 0.830 ids= 209 TEE1=-0.572 TEE2=-0.612 TEE3=-0.583  TEE4=-0.483
rank= 62 Lx=Ly=22 pg= 0.830 ids= 190 TEE1=-0.605 TEE2=-0.634 TEE3=-0.574  TEE4=-0.496
rank= 60 Lx=Ly=22 pg= 0.830 ids= 188 TEE1=-0.607 TEE2=-0.647 TEE3=-0.585  TEE4=-0.492
rank= 24 Lx=Ly=22 pg= 0.830 ids= 152 TEE1=-0.576 TEE2=-0.638 TEE3=-0.632  TEE4=-0.548
rank=  1 Lx=Ly=22 pg= 0.840 ids= 129 TEE1=-0.692 TEE2=-0.798 TEE3=-0.762  TEE4=-0.655
rank= 96 Lx=Ly=22 pg= 0.840 ids= 224 TEE1=-0.657 TEE2=-0.715 TEE3=-0.655  TEE4=-0.605
rank= 67 Lx=Ly=22 pg= 0.840 ids= 195 TEE1=-0.669 TEE2=-0.746 TEE3=-0.727  TEE4=-0.680
rank= 28 Lx=Ly=22 pg= 0.830 ids= 156 TEE1=-0.638 TEE2=-0.663 TEE3=-0.618  TEE4=-0.576
rank= 78 Lx=Ly=22 pg= 0.830 ids= 206 TEE1=-0.657 TEE2=-0.736 TEE3=-0.721  TEE4=-0.702
rank= 40 Lx=Ly=22 pg= 0.840 ids= 168 TEE1=-0.628 TEE2=-0.671 TEE3=-0.632  TEE4=-0.486
rank=122 Lx=Ly=22 pg= 0.830 ids= 250 TEE1=-0.537 TEE2=-0.597 TEE3=-0.558  TEE4=-0.481
rank= 66 Lx=Ly=22 pg= 0.830 ids= 194 TEE1=-0.676 TEE2=-0.771 TEE3=-0.713  TEE4=-0.624
rank= 68 Lx=Ly=22 pg= 0.830 ids= 196 TEE1=-0.632 TEE2=-0.717 TEE3=-0.643  TEE4=-0.545
rank= 50 Lx=Ly=22 pg= 0.830 ids= 178 TEE1=-0.630 TEE2=-0.694 TEE3=-0.674  TEE4=-0.589
rank= 99 Lx=Ly=22 pg= 0.840 ids= 227 TEE1=-0.624 TEE2=-0.676 TEE3=-0.643  TEE4=-0.560
rank= 82 Lx=Ly=22 pg= 0.830 ids= 210 TEE1=-0.647 TEE2=-0.705 TEE3=-0.684  TEE4=-0.597
rank= 59 Lx=Ly=22 pg= 0.830 ids= 187 TEE1=-0.579 TEE2=-0.698 TEE3=-0.671  TEE4=-0.610
rank= 70 Lx=Ly=22 pg= 0.830 ids= 198 TEE1=-0.620 TEE2=-0.661 TEE3=-0.632  TEE4=-0.601
rank= 73 Lx=Ly=22 pg= 0.830 ids= 201 TEE1=-0.589 TEE2=-0.620 TEE3=-0.572  TEE4=-0.496
rank= 19 Lx=Ly=22 pg= 0.830 ids= 147 TEE1=-0.616 TEE2=-0.694 TEE3=-0.665  TEE4=-0.560
rank= 71 Lx=Ly=22 pg= 0.840 ids= 199 TEE1=-0.599 TEE2=-0.680 TEE3=-0.659  TEE4=-0.601
rank= 89 Lx=Ly=22 pg= 0.830 ids= 217 TEE1=-0.638 TEE2=-0.667 TEE3=-0.612  TEE4=-0.508
rank= 97 Lx=Ly=22 pg= 0.840 ids= 225 TEE1=-0.661 TEE2=-0.711 TEE3=-0.688  TEE4=-0.630
rank= 33 Lx=Ly=22 pg= 0.840 ids= 161 TEE1=-0.665 TEE2=-0.696 TEE3=-0.661  TEE4=-0.653
rank= 37 Lx=Ly=22 pg= 0.840 ids= 165 TEE1=-0.694 TEE2=-0.783 TEE3=-0.746  TEE4=-0.727
rank=119 Lx=Ly=22 pg= 0.830 ids= 247 TEE1=-0.634 TEE2=-0.634 TEE3=-0.579  TEE4=-0.463
rank= 52 Lx=Ly=22 pg= 0.830 ids= 180 TEE1=-0.593 TEE2=-0.601 TEE3=-0.527  TEE4=-0.382
rank= 77 Lx=Ly=22 pg= 0.830 ids= 205 TEE1=-0.678 TEE2=-0.781 TEE3=-0.764  TEE4=-0.748
rank= 69 Lx=Ly=22 pg= 0.840 ids= 197 TEE1=-0.643 TEE2=-0.690 TEE3=-0.663  TEE4=-0.581
rank= 79 Lx=Ly=22 pg= 0.830 ids= 207 TEE1=-0.694 TEE2=-0.795 TEE3=-0.785  TEE4=-0.779
rank= 39 Lx=Ly=22 pg= 0.840 ids= 167 TEE1=-0.705 TEE2=-0.777 TEE3=-0.775  TEE4=-0.775
rank= 54 Lx=Ly=22 pg= 0.830 ids= 182 TEE1=-0.556 TEE2=-0.574 TEE3=-0.541  TEE4=-0.434
rank= 76 Lx=Ly=22 pg= 0.830 ids= 204 TEE1=-0.647 TEE2=-0.707 TEE3=-0.665  TEE4=-0.572
rank= 72 Lx=Ly=22 pg= 0.830 ids= 200 TEE1=-0.500 TEE2=-0.496 TEE3=-0.448  TEE4=-0.298
rank= 44 Lx=Ly=22 pg= 0.840 ids= 172 TEE1=-0.696 TEE2=-0.810 TEE3=-0.814  TEE4=-0.764
rank= 63 Lx=Ly=22 pg= 0.830 ids= 191 TEE1=-0.603 TEE2=-0.667 TEE3=-0.630  TEE4=-0.568
rank=103 Lx=Ly=22 pg= 0.840 ids= 231 TEE1=-0.624 TEE2=-0.713 TEE3=-0.692  TEE4=-0.614
rank= 46 Lx=Ly=22 pg= 0.840 ids= 174 TEE1=-0.682 TEE2=-0.758 TEE3=-0.742  TEE4=-0.688
rank=101 Lx=Ly=22 pg= 0.840 ids= 229 TEE1=-0.630 TEE2=-0.721 TEE3=-0.696  TEE4=-0.661
rank= 45 Lx=Ly=22 pg= 0.840 ids= 173 TEE1=-0.624 TEE2=-0.700 TEE3=-0.667  TEE4=-0.574
rank= 61 Lx=Ly=22 pg= 0.830 ids= 189 TEE1=-0.624 TEE2=-0.721 TEE3=-0.696  TEE4=-0.599
rank= 25 Lx=Ly=22 pg= 0.840 ids= 153 TEE1=-0.605 TEE2=-0.707 TEE3=-0.698  TEE4=-0.622
rank= 51 Lx=Ly=22 pg= 0.840 ids= 179 TEE1=-0.659 TEE2=-0.764 TEE3=-0.760  TEE4=-0.736
rank=  2 Lx=Ly=22 pg= 0.840 ids= 130 TEE1=-0.669 TEE2=-0.686 TEE3=-0.663  TEE4=-0.525
rank= 23 Lx=Ly=22 pg= 0.830 ids= 151 TEE1=-0.616 TEE2=-0.692 TEE3=-0.649  TEE4=-0.620
rank=112 Lx=Ly=22 pg= 0.840 ids= 240 TEE1=-0.659 TEE2=-0.725 TEE3=-0.709  TEE4=-0.651
rank= 17 Lx=Ly=22 pg= 0.830 ids= 145 TEE1=-0.674 TEE2=-0.738 TEE3=-0.752  TEE4=-0.717
rank= 21 Lx=Ly=22 pg= 0.830 ids= 149 TEE1=-0.572 TEE2=-0.599 TEE3=-0.527  TEE4=-0.415
rank= 20 Lx=Ly=22 pg= 0.830 ids= 148 TEE1=-0.574 TEE2=-0.603 TEE3=-0.523  TEE4=-0.368
rank=113 Lx=Ly=22 pg= 0.830 ids= 241 TEE1=-0.626 TEE2=-0.680 TEE3=-0.620  TEE4=-0.517
rank=110 Lx=Ly=22 pg= 0.840 ids= 238 TEE1=-0.626 TEE2=-0.678 TEE3=-0.634  TEE4=-0.541
rank=120 Lx=Ly=22 pg= 0.830 ids= 248 TEE1=-0.636 TEE2=-0.674 TEE3=-0.620  TEE4=-0.475
rank=127 Lx=Ly=22 pg= 0.840 ids= 255 TEE1=-0.721 TEE2=-0.820 TEE3=-0.822  TEE4=-0.831
rank=115 Lx=Ly=22 pg= 0.830 ids= 243 TEE1=-0.682 TEE2=-0.748 TEE3=-0.725  TEE4=-0.674
rank=107 Lx=Ly=22 pg= 0.840 ids= 235 TEE1=-0.574 TEE2=-0.632 TEE3=-0.630  TEE4=-0.558
rank=117 Lx=Ly=22 pg= 0.830 ids= 245 TEE1=-0.630 TEE2=-0.717 TEE3=-0.707  TEE4=-0.632
rank=124 Lx=Ly=22 pg= 0.830 ids= 252 TEE1=-0.595 TEE2=-0.674 TEE3=-0.638  TEE4=-0.568
rank= 93 Lx=Ly=22 pg= 0.830 ids= 221 TEE1=-0.643 TEE2=-0.678 TEE3=-0.636  TEE4=-0.517
rank=121 Lx=Ly=22 pg= 0.840 ids= 249 TEE1=-0.624 TEE2=-0.736 TEE3=-0.729  TEE4=-0.738
rank= 16 Lx=Ly=22 pg= 0.830 ids= 144 TEE1=-0.529 TEE2=-0.593 TEE3=-0.541  TEE4=-0.393
rank=126 Lx=Ly=22 pg= 0.830 ids= 254 TEE1=-0.688 TEE2=-0.746 TEE3=-0.727  TEE4=-0.700
rank= 22 Lx=Ly=22 pg= 0.830 ids= 150 TEE1=-0.684 TEE2=-0.808 TEE3=-0.783  TEE4=-0.719
rank= 31 Lx=Ly=22 pg= 0.840 ids= 159 TEE1=-0.678 TEE2=-0.779 TEE3=-0.769  TEE4=-0.705
rank=116 Lx=Ly=22 pg= 0.840 ids= 244 TEE1=-0.702 TEE2=-0.789 TEE3=-0.771  TEE4=-0.733
rank=106 Lx=Ly=22 pg= 0.840 ids= 234 TEE1=-0.645 TEE2=-0.684 TEE3=-0.661  TEE4=-0.556
rank= 91 Lx=Ly=22 pg= 0.830 ids= 219 TEE1=-0.640 TEE2=-0.725 TEE3=-0.678  TEE4=-0.616
rank= 86 Lx=Ly=22 pg= 0.830 ids= 214 TEE1=-0.628 TEE2=-0.684 TEE3=-0.680  TEE4=-0.647
rank= 30 Lx=Ly=22 pg= 0.840 ids= 158 TEE1=-0.715 TEE2=-0.818 TEE3=-0.802  TEE4=-0.733
rank= 18 Lx=Ly=22 pg= 0.830 ids= 146 TEE1=-0.543 TEE2=-0.562 TEE3=-0.479  TEE4=-0.308
rank= 41 Lx=Ly=22 pg= 0.840 ids= 169 TEE1=-0.640 TEE2=-0.694 TEE3=-0.676  TEE4=-0.636
rank= 27 Lx=Ly=22 pg= 0.840 ids= 155 TEE1=-0.742 TEE2=-0.870 TEE3=-0.868  TEE4=-0.847
rank= 80 Lx=Ly=22 pg= 0.830 ids= 208 TEE1=-0.651 TEE2=-0.711 TEE3=-0.700  TEE4=-0.634
rank= 47 Lx=Ly=22 pg= 0.840 ids= 175 TEE1=-0.645 TEE2=-0.715 TEE3=-0.669  TEE4=-0.581
rank= 38 Lx=Ly=22 pg= 0.840 ids= 166 TEE1=-0.667 TEE2=-0.754 TEE3=-0.727  TEE4=-0.659
rank=104 Lx=Ly=22 pg= 0.840 ids= 232 TEE1=-0.690 TEE2=-0.752 TEE3=-0.698  TEE4=-0.614
rank= 43 Lx=Ly=22 pg= 0.840 ids= 171 TEE1=-0.682 TEE2=-0.769 TEE3=-0.725  TEE4=-0.725
rank= 95 Lx=Ly=22 pg= 0.830 ids= 223 TEE1=-0.630 TEE2=-0.640 TEE3=-0.624  TEE4=-0.564
rank= 49 Lx=Ly=22 pg= 0.840 ids= 177 TEE1=-0.614 TEE2=-0.647 TEE3=-0.607  TEE4=-0.498
rank= 84 Lx=Ly=22 pg= 0.830 ids= 212 TEE1=-0.618 TEE2=-0.682 TEE3=-0.657  TEE4=-0.603
rank=108 Lx=Ly=22 pg= 0.840 ids= 236 TEE1=-0.634 TEE2=-0.669 TEE3=-0.628  TEE4=-0.568
rank= 29 Lx=Ly=22 pg= 0.840 ids= 157 TEE1=-0.663 TEE2=-0.738 TEE3=-0.723  TEE4=-0.651
rank=  6 Lx=Ly=22 pg= 0.840 ids= 134 TEE1=-0.634 TEE2=-0.727 TEE3=-0.725  TEE4=-0.696
rank=118 Lx=Ly=22 pg= 0.840 ids= 246 TEE1=-0.705 TEE2=-0.791 TEE3=-0.779  TEE4=-0.756
rank= 11 Lx=Ly=22 pg= 0.840 ids= 139 TEE1=-0.680 TEE2=-0.771 TEE3=-0.748  TEE4=-0.696
rank=  4 Lx=Ly=22 pg= 0.840 ids= 132 TEE1=-0.581 TEE2=-0.620 TEE3=-0.607  TEE4=-0.519
rank=125 Lx=Ly=22 pg= 0.840 ids= 253 TEE1=-0.638 TEE2=-0.733 TEE3=-0.721  TEE4=-0.713
rank=100 Lx=Ly=22 pg= 0.850 ids= 228 TEE1=-0.713 TEE2=-0.808 TEE3=-0.798  TEE4=-0.789
rank= 12 Lx=Ly=22 pg= 0.850 ids= 140 TEE1=-0.721 TEE2=-0.798 TEE3=-0.795  TEE4=-0.826
rank=123 Lx=Ly=22 pg= 0.840 ids= 251 TEE1=-0.671 TEE2=-0.775 TEE3=-0.746  TEE4=-0.705
rank=  8 Lx=Ly=22 pg= 0.850 ids= 136 TEE1=-0.661 TEE2=-0.750 TEE3=-0.723  TEE4=-0.680
rank=  9 Lx=Ly=22 pg= 0.840 ids= 137 TEE1=-0.531 TEE2=-0.554 TEE3=-0.508  TEE4=-0.442
rank= 15 Lx=Ly=22 pg= 0.840 ids= 143 TEE1=-0.589 TEE2=-0.616 TEE3=-0.583  TEE4=-0.537
rank=114 Lx=Ly=22 pg= 0.840 ids= 242 TEE1=-0.599 TEE2=-0.682 TEE3=-0.690  TEE4=-0.638
rank=  0 Lx=Ly=22 pg= 0.840 ids= 128 TEE1=-0.634 TEE2=-0.731 TEE3=-0.717  TEE4=-0.688
rank= 13 Lx=Ly=22 pg= 0.840 ids= 141 TEE1=-0.653 TEE2=-0.669 TEE3=-0.587  TEE4=-0.566
rank= 94 Lx=Ly=22 pg= 0.830 ids= 222 TEE1=-0.688 TEE2=-0.777 TEE3=-0.738  TEE4=-0.717
rank= 83 Lx=Ly=22 pg= 0.840 ids= 211 TEE1=-0.655 TEE2=-0.754 TEE3=-0.727  TEE4=-0.719
rank= 64 Lx=Ly=22 pg= 0.840 ids= 192 TEE1=-0.692 TEE2=-0.742 TEE3=-0.700  TEE4=-0.603
rank= 32 Lx=Ly=22 pg= 0.840 ids= 160 TEE1=-0.748 TEE2=-0.839 TEE3=-0.835  TEE4=-0.855
rank=  3 Lx=Ly=22 pg= 0.850 ids= 131 TEE1=-0.688 TEE2=-0.752 TEE3=-0.731  TEE4=-0.719
rank= 34 Lx=Ly=22 pg= 0.840 ids= 162 TEE1=-0.603 TEE2=-0.663 TEE3=-0.607  TEE4=-0.514
rank= 88 Lx=Ly=22 pg= 0.830 ids= 216 TEE1=-0.603 TEE2=-0.626 TEE3=-0.543  TEE4=-0.376
rank= 26 Lx=Ly=22 pg= 0.840 ids= 154 TEE1=-0.638 TEE2=-0.680 TEE3=-0.634  TEE4=-0.512
rank= 53 Lx=Ly=22 pg= 0.840 ids= 181 TEE1=-0.669 TEE2=-0.738 TEE3=-0.692  TEE4=-0.659
rank= 65 Lx=Ly=22 pg= 0.850 ids= 193 TEE1=-0.640 TEE2=-0.719 TEE3=-0.698  TEE4=-0.663
rank=111 Lx=Ly=22 pg= 0.840 ids= 239 TEE1=-0.610 TEE2=-0.682 TEE3=-0.651  TEE4=-0.616
rank= 55 Lx=Ly=22 pg= 0.840 ids= 183 TEE1=-0.663 TEE2=-0.752 TEE3=-0.736  TEE4=-0.769
rank= 36 Lx=Ly=22 pg= 0.840 ids= 164 TEE1=-0.678 TEE2=-0.767 TEE3=-0.773  TEE4=-0.767
rank= 74 Lx=Ly=22 pg= 0.840 ids= 202 TEE1=-0.638 TEE2=-0.707 TEE3=-0.669  TEE4=-0.597
rank=105 Lx=Ly=22 pg= 0.840 ids= 233 TEE1=-0.645 TEE2=-0.709 TEE3=-0.674  TEE4=-0.634
rank= 35 Lx=Ly=22 pg= 0.850 ids= 163 TEE1=-0.707 TEE2=-0.808 TEE3=-0.804  TEE4=-0.793
rank= 14 Lx=Ly=22 pg= 0.850 ids= 142 TEE1=-0.729 TEE2=-0.820 TEE3=-0.793  TEE4=-0.764
rank= 87 Lx=Ly=22 pg= 0.840 ids= 215 TEE1=-0.674 TEE2=-0.709 TEE3=-0.674  TEE4=-0.566
rank= 48 Lx=Ly=22 pg= 0.840 ids= 176 TEE1=-0.607 TEE2=-0.653 TEE3=-0.570  TEE4=-0.494
rank=102 Lx=Ly=22 pg= 0.850 ids= 230 TEE1=-0.750 TEE2=-0.857 TEE3=-0.841  TEE4=-0.843
rank= 75 Lx=Ly=22 pg= 0.840 ids= 203 TEE1=-0.620 TEE2=-0.651 TEE3=-0.605  TEE4=-0.490
rank= 92 Lx=Ly=22 pg= 0.830 ids= 220 TEE1=-0.583 TEE2=-0.614 TEE3=-0.552  TEE4=-0.415
rank= 56 Lx=Ly=22 pg= 0.840 ids= 184 TEE1=-0.587 TEE2=-0.564 TEE3=-0.492  TEE4=-0.386
rank= 90 Lx=Ly=22 pg= 0.830 ids= 218 TEE1=-0.628 TEE2=-0.702 TEE3=-0.661  TEE4=-0.576
rank= 58 Lx=Ly=22 pg= 0.840 ids= 186 TEE1=-0.614 TEE2=-0.665 TEE3=-0.628  TEE4=-0.548
rank= 57 Lx=Ly=22 pg= 0.840 ids= 185 TEE1=-0.684 TEE2=-0.754 TEE3=-0.754  TEE4=-0.754
rank=109 Lx=Ly=22 pg= 0.840 ids= 237 TEE1=-0.649 TEE2=-0.754 TEE3=-0.729  TEE4=-0.719
rank= 98 Lx=Ly=22 pg= 0.850 ids= 226 TEE1=-0.738 TEE2=-0.820 TEE3=-0.826  TEE4=-0.818
rank=  5 Lx=Ly=22 pg= 0.850 ids= 133 TEE1=-0.678 TEE2=-0.750 TEE3=-0.729  TEE4=-0.674
rank= 10 Lx=Ly=22 pg= 0.850 ids= 138 TEE1=-0.700 TEE2=-0.760 TEE3=-0.746  TEE4=-0.754
rank=  7 Lx=Ly=22 pg= 0.850 ids= 135 TEE1=-0.694 TEE2=-0.777 TEE3=-0.767  TEE4=-0.750
rank= 42 Lx=Ly=22 pg= 0.850 ids= 170 TEE1=-0.671 TEE2=-0.789 TEE3=-0.771  TEE4=-0.709
rank=  1 Lx=Ly=22 pg= 0.850 ids= 129 TEE1=-0.692 TEE2=-0.789 TEE3=-0.783  TEE4=-0.721
rank= 62 Lx=Ly=22 pg= 0.840 ids= 190 TEE1=-0.566 TEE2=-0.620 TEE3=-0.589  TEE4=-0.556
rank= 96 Lx=Ly=22 pg= 0.850 ids= 224 TEE1=-0.748 TEE2=-0.862 TEE3=-0.862  TEE4=-0.849
rank= 24 Lx=Ly=22 pg= 0.840 ids= 152 TEE1=-0.601 TEE2=-0.659 TEE3=-0.622  TEE4=-0.560
rank= 85 Lx=Ly=22 pg= 0.840 ids= 213 TEE1=-0.674 TEE2=-0.723 TEE3=-0.682  TEE4=-0.605
rank= 81 Lx=Ly=22 pg= 0.840 ids= 209 TEE1=-0.655 TEE2=-0.733 TEE3=-0.715  TEE4=-0.705
rank= 67 Lx=Ly=22 pg= 0.850 ids= 195 TEE1=-0.731 TEE2=-0.824 TEE3=-0.820  TEE4=-0.826
rank= 60 Lx=Ly=22 pg= 0.840 ids= 188 TEE1=-0.647 TEE2=-0.746 TEE3=-0.696  TEE4=-0.607
rank= 40 Lx=Ly=22 pg= 0.850 ids= 168 TEE1=-0.686 TEE2=-0.777 TEE3=-0.744  TEE4=-0.715
rank= 78 Lx=Ly=22 pg= 0.840 ids= 206 TEE1=-0.647 TEE2=-0.742 TEE3=-0.690  TEE4=-0.643
rank= 28 Lx=Ly=22 pg= 0.840 ids= 156 TEE1=-0.705 TEE2=-0.793 TEE3=-0.773  TEE4=-0.727
rank=122 Lx=Ly=22 pg= 0.840 ids= 250 TEE1=-0.690 TEE2=-0.736 TEE3=-0.688  TEE4=-0.640
rank= 99 Lx=Ly=22 pg= 0.850 ids= 227 TEE1=-0.661 TEE2=-0.727 TEE3=-0.700  TEE4=-0.622
rank= 66 Lx=Ly=22 pg= 0.840 ids= 194 TEE1=-0.680 TEE2=-0.738 TEE3=-0.700  TEE4=-0.649
rank= 50 Lx=Ly=22 pg= 0.840 ids= 178 TEE1=-0.618 TEE2=-0.663 TEE3=-0.603  TEE4=-0.514
rank= 68 Lx=Ly=22 pg= 0.840 ids= 196 TEE1=-0.663 TEE2=-0.752 TEE3=-0.696  TEE4=-0.616
rank= 82 Lx=Ly=22 pg= 0.840 ids= 210 TEE1=-0.653 TEE2=-0.748 TEE3=-0.729  TEE4=-0.692
rank= 59 Lx=Ly=22 pg= 0.840 ids= 187 TEE1=-0.661 TEE2=-0.715 TEE3=-0.678  TEE4=-0.593
rank= 73 Lx=Ly=22 pg= 0.840 ids= 201 TEE1=-0.700 TEE2=-0.771 TEE3=-0.762  TEE4=-0.758
rank= 70 Lx=Ly=22 pg= 0.840 ids= 198 TEE1=-0.680 TEE2=-0.736 TEE3=-0.727  TEE4=-0.669
rank= 19 Lx=Ly=22 pg= 0.840 ids= 147 TEE1=-0.636 TEE2=-0.723 TEE3=-0.715  TEE4=-0.674
rank= 97 Lx=Ly=22 pg= 0.850 ids= 225 TEE1=-0.669 TEE2=-0.764 TEE3=-0.754  TEE4=-0.721
rank= 71 Lx=Ly=22 pg= 0.850 ids= 199 TEE1=-0.640 TEE2=-0.707 TEE3=-0.694  TEE4=-0.698
rank= 89 Lx=Ly=22 pg= 0.840 ids= 217 TEE1=-0.649 TEE2=-0.698 TEE3=-0.678  TEE4=-0.614
rank= 33 Lx=Ly=22 pg= 0.850 ids= 161 TEE1=-0.709 TEE2=-0.802 TEE3=-0.822  TEE4=-0.824
rank= 37 Lx=Ly=22 pg= 0.850 ids= 165 TEE1=-0.744 TEE2=-0.841 TEE3=-0.822  TEE4=-0.804
rank=119 Lx=Ly=22 pg= 0.840 ids= 247 TEE1=-0.692 TEE2=-0.738 TEE3=-0.721  TEE4=-0.702
rank= 52 Lx=Ly=22 pg= 0.840 ids= 180 TEE1=-0.676 TEE2=-0.738 TEE3=-0.725  TEE4=-0.630
rank= 77 Lx=Ly=22 pg= 0.840 ids= 205 TEE1=-0.618 TEE2=-0.721 TEE3=-0.702  TEE4=-0.680
rank= 69 Lx=Ly=22 pg= 0.850 ids= 197 TEE1=-0.694 TEE2=-0.744 TEE3=-0.727  TEE4=-0.682
rank= 79 Lx=Ly=22 pg= 0.840 ids= 207 TEE1=-0.713 TEE2=-0.826 TEE3=-0.789  TEE4=-0.754
rank= 39 Lx=Ly=22 pg= 0.850 ids= 167 TEE1=-0.731 TEE2=-0.826 TEE3=-0.812  TEE4=-0.767
rank= 44 Lx=Ly=22 pg= 0.850 ids= 172 TEE1=-0.744 TEE2=-0.820 TEE3=-0.806  TEE4=-0.779
rank= 72 Lx=Ly=22 pg= 0.840 ids= 200 TEE1=-0.657 TEE2=-0.750 TEE3=-0.746  TEE4=-0.700
rank= 54 Lx=Ly=22 pg= 0.840 ids= 182 TEE1=-0.671 TEE2=-0.756 TEE3=-0.736  TEE4=-0.688
rank= 76 Lx=Ly=22 pg= 0.840 ids= 204 TEE1=-0.649 TEE2=-0.721 TEE3=-0.702  TEE4=-0.645
rank=103 Lx=Ly=22 pg= 0.850 ids= 231 TEE1=-0.593 TEE2=-0.647 TEE3=-0.618  TEE4=-0.525
rank=101 Lx=Ly=22 pg= 0.850 ids= 229 TEE1=-0.692 TEE2=-0.771 TEE3=-0.760  TEE4=-0.721
rank= 46 Lx=Ly=22 pg= 0.850 ids= 174 TEE1=-0.729 TEE2=-0.839 TEE3=-0.841  TEE4=-0.851
rank= 63 Lx=Ly=22 pg= 0.840 ids= 191 TEE1=-0.678 TEE2=-0.760 TEE3=-0.733  TEE4=-0.647
rank= 45 Lx=Ly=22 pg= 0.850 ids= 173 TEE1=-0.731 TEE2=-0.806 TEE3=-0.795  TEE4=-0.771
rank= 25 Lx=Ly=22 pg= 0.850 ids= 153 TEE1=-0.702 TEE2=-0.800 TEE3=-0.798  TEE4=-0.771
rank=  2 Lx=Ly=22 pg= 0.850 ids= 130 TEE1=-0.661 TEE2=-0.738 TEE3=-0.725  TEE4=-0.686
rank= 61 Lx=Ly=22 pg= 0.840 ids= 189 TEE1=-0.616 TEE2=-0.647 TEE3=-0.601  TEE4=-0.535
rank= 51 Lx=Ly=22 pg= 0.850 ids= 179 TEE1=-0.696 TEE2=-0.764 TEE3=-0.727  TEE4=-0.678
rank=112 Lx=Ly=22 pg= 0.850 ids= 240 TEE1=-0.719 TEE2=-0.812 TEE3=-0.777  TEE4=-0.727
rank= 23 Lx=Ly=22 pg= 0.840 ids= 151 TEE1=-0.643 TEE2=-0.736 TEE3=-0.721  TEE4=-0.657
rank= 17 Lx=Ly=22 pg= 0.840 ids= 145 TEE1=-0.643 TEE2=-0.715 TEE3=-0.700  TEE4=-0.626
rank= 20 Lx=Ly=22 pg= 0.840 ids= 148 TEE1=-0.634 TEE2=-0.700 TEE3=-0.659  TEE4=-0.603
rank=110 Lx=Ly=22 pg= 0.850 ids= 238 TEE1=-0.752 TEE2=-0.851 TEE3=-0.841  TEE4=-0.855
rank=113 Lx=Ly=22 pg= 0.840 ids= 241 TEE1=-0.680 TEE2=-0.729 TEE3=-0.723  TEE4=-0.626
rank= 21 Lx=Ly=22 pg= 0.840 ids= 149 TEE1=-0.651 TEE2=-0.719 TEE3=-0.674  TEE4=-0.581
rank=120 Lx=Ly=22 pg= 0.840 ids= 248 TEE1=-0.614 TEE2=-0.713 TEE3=-0.659  TEE4=-0.626
rank=107 Lx=Ly=22 pg= 0.850 ids= 235 TEE1=-0.715 TEE2=-0.804 TEE3=-0.789  TEE4=-0.777
rank=127 Lx=Ly=22 pg= 0.850 ids= 255 TEE1=-0.767 TEE2=-0.855 TEE3=-0.841  TEE4=-0.829
rank=115 Lx=Ly=22 pg= 0.840 ids= 243 TEE1=-0.638 TEE2=-0.746 TEE3=-0.736  TEE4=-0.705
rank=117 Lx=Ly=22 pg= 0.840 ids= 245 TEE1=-0.729 TEE2=-0.820 TEE3=-0.812  TEE4=-0.750
rank=121 Lx=Ly=22 pg= 0.850 ids= 249 TEE1=-0.719 TEE2=-0.835 TEE3=-0.831  TEE4=-0.872
rank= 93 Lx=Ly=22 pg= 0.840 ids= 221 TEE1=-0.610 TEE2=-0.655 TEE3=-0.612  TEE4=-0.543
rank= 31 Lx=Ly=22 pg= 0.850 ids= 159 TEE1=-0.583 TEE2=-0.638 TEE3=-0.618  TEE4=-0.558
rank= 16 Lx=Ly=22 pg= 0.840 ids= 144 TEE1=-0.680 TEE2=-0.723 TEE3=-0.707  TEE4=-0.640
rank=124 Lx=Ly=22 pg= 0.840 ids= 252 TEE1=-0.696 TEE2=-0.736 TEE3=-0.711  TEE4=-0.661
rank= 22 Lx=Ly=22 pg= 0.840 ids= 150 TEE1=-0.692 TEE2=-0.767 TEE3=-0.746  TEE4=-0.713
rank=126 Lx=Ly=22 pg= 0.840 ids= 254 TEE1=-0.568 TEE2=-0.638 TEE3=-0.597  TEE4=-0.523
rank=116 Lx=Ly=22 pg= 0.850 ids= 244 TEE1=-0.698 TEE2=-0.779 TEE3=-0.779  TEE4=-0.746
rank=106 Lx=Ly=22 pg= 0.850 ids= 234 TEE1=-0.669 TEE2=-0.723 TEE3=-0.721  TEE4=-0.651
rank= 91 Lx=Ly=22 pg= 0.840 ids= 219 TEE1=-0.667 TEE2=-0.738 TEE3=-0.700  TEE4=-0.651
rank= 41 Lx=Ly=22 pg= 0.850 ids= 169 TEE1=-0.657 TEE2=-0.727 TEE3=-0.705  TEE4=-0.616
rank= 30 Lx=Ly=22 pg= 0.850 ids= 158 TEE1=-0.719 TEE2=-0.771 TEE3=-0.740  TEE4=-0.727
rank= 27 Lx=Ly=22 pg= 0.850 ids= 155 TEE1=-0.653 TEE2=-0.733 TEE3=-0.719  TEE4=-0.709
rank= 86 Lx=Ly=22 pg= 0.840 ids= 214 TEE1=-0.643 TEE2=-0.680 TEE3=-0.661  TEE4=-0.574
rank= 18 Lx=Ly=22 pg= 0.840 ids= 146 TEE1=-0.674 TEE2=-0.727 TEE3=-0.700  TEE4=-0.630
rank= 47 Lx=Ly=22 pg= 0.850 ids= 175 TEE1=-0.632 TEE2=-0.702 TEE3=-0.671  TEE4=-0.618
rank= 38 Lx=Ly=22 pg= 0.850 ids= 166 TEE1=-0.719 TEE2=-0.816 TEE3=-0.820  TEE4=-0.833
rank=104 Lx=Ly=22 pg= 0.850 ids= 232 TEE1=-0.709 TEE2=-0.829 TEE3=-0.814  TEE4=-0.756
rank= 43 Lx=Ly=22 pg= 0.850 ids= 171 TEE1=-0.614 TEE2=-0.707 TEE3=-0.707  TEE4=-0.709
rank= 80 Lx=Ly=22 pg= 0.840 ids= 208 TEE1=-0.682 TEE2=-0.740 TEE3=-0.705  TEE4=-0.686
rank= 49 Lx=Ly=22 pg= 0.850 ids= 177 TEE1=-0.671 TEE2=-0.771 TEE3=-0.760  TEE4=-0.717
rank= 95 Lx=Ly=22 pg= 0.840 ids= 223 TEE1=-0.729 TEE2=-0.837 TEE3=-0.826  TEE4=-0.841
rank=108 Lx=Ly=22 pg= 0.850 ids= 236 TEE1=-0.674 TEE2=-0.746 TEE3=-0.707  TEE4=-0.618
rank= 84 Lx=Ly=22 pg= 0.840 ids= 212 TEE1=-0.665 TEE2=-0.771 TEE3=-0.769  TEE4=-0.727
rank= 29 Lx=Ly=22 pg= 0.850 ids= 157 TEE1=-0.783 TEE2=-0.884 TEE3=-0.874  TEE4=-0.855
rank= 11 Lx=Ly=22 pg= 0.850 ids= 139 TEE1=-0.715 TEE2=-0.800 TEE3=-0.787  TEE4=-0.798
rank=  6 Lx=Ly=22 pg= 0.850 ids= 134 TEE1=-0.729 TEE2=-0.837 TEE3=-0.843  TEE4=-0.814
rank=100 Lx=Ly=22 pg= 0.860 ids= 228 TEE1=-0.748 TEE2=-0.847 TEE3=-0.853  TEE4=-0.882
rank=118 Lx=Ly=22 pg= 0.850 ids= 246 TEE1=-0.725 TEE2=-0.818 TEE3=-0.789  TEE4=-0.725
rank=125 Lx=Ly=22 pg= 0.850 ids= 253 TEE1=-0.736 TEE2=-0.835 TEE3=-0.839  TEE4=-0.847
rank=  4 Lx=Ly=22 pg= 0.850 ids= 132 TEE1=-0.694 TEE2=-0.812 TEE3=-0.820  TEE4=-0.829
rank= 12 Lx=Ly=22 pg= 0.860 ids= 140 TEE1=-0.740 TEE2=-0.822 TEE3=-0.812  TEE4=-0.812
rank=  8 Lx=Ly=22 pg= 0.860 ids= 136 TEE1=-0.711 TEE2=-0.773 TEE3=-0.775  TEE4=-0.738
rank=123 Lx=Ly=22 pg= 0.850 ids= 251 TEE1=-0.694 TEE2=-0.752 TEE3=-0.744  TEE4=-0.684
rank=  9 Lx=Ly=22 pg= 0.850 ids= 137 TEE1=-0.669 TEE2=-0.808 TEE3=-0.795  TEE4=-0.795
rank= 15 Lx=Ly=22 pg= 0.850 ids= 143 TEE1=-0.684 TEE2=-0.789 TEE3=-0.771  TEE4=-0.771
rank=114 Lx=Ly=22 pg= 0.850 ids= 242 TEE1=-0.707 TEE2=-0.839 TEE3=-0.845  TEE4=-0.824
rank=  0 Lx=Ly=22 pg= 0.850 ids= 128 TEE1=-0.740 TEE2=-0.831 TEE3=-0.804  TEE4=-0.806
rank= 13 Lx=Ly=22 pg= 0.850 ids= 141 TEE1=-0.694 TEE2=-0.783 TEE3=-0.762  TEE4=-0.721
rank= 83 Lx=Ly=22 pg= 0.850 ids= 211 TEE1=-0.649 TEE2=-0.686 TEE3=-0.653  TEE4=-0.593
rank=  3 Lx=Ly=22 pg= 0.860 ids= 131 TEE1=-0.740 TEE2=-0.804 TEE3=-0.804  TEE4=-0.785
rank= 94 Lx=Ly=22 pg= 0.840 ids= 222 TEE1=-0.612 TEE2=-0.659 TEE3=-0.610  TEE4=-0.552
rank= 32 Lx=Ly=22 pg= 0.850 ids= 160 TEE1=-0.707 TEE2=-0.775 TEE3=-0.771  TEE4=-0.752
rank= 64 Lx=Ly=22 pg= 0.850 ids= 192 TEE1=-0.777 TEE2=-0.882 TEE3=-0.884  TEE4=-0.882
rank= 34 Lx=Ly=22 pg= 0.850 ids= 162 TEE1=-0.655 TEE2=-0.715 TEE3=-0.702  TEE4=-0.663
rank= 26 Lx=Ly=22 pg= 0.850 ids= 154 TEE1=-0.665 TEE2=-0.715 TEE3=-0.684  TEE4=-0.669
rank= 65 Lx=Ly=22 pg= 0.860 ids= 193 TEE1=-0.736 TEE2=-0.860 TEE3=-0.857  TEE4=-0.866
rank= 35 Lx=Ly=22 pg= 0.860 ids= 163 TEE1=-0.709 TEE2=-0.754 TEE3=-0.736  TEE4=-0.690
rank= 53 Lx=Ly=22 pg= 0.850 ids= 181 TEE1=-0.721 TEE2=-0.785 TEE3=-0.764  TEE4=-0.736
rank=111 Lx=Ly=22 pg= 0.850 ids= 239 TEE1=-0.630 TEE2=-0.698 TEE3=-0.688  TEE4=-0.593
rank= 88 Lx=Ly=22 pg= 0.840 ids= 216 TEE1=-0.669 TEE2=-0.715 TEE3=-0.686  TEE4=-0.607
rank= 36 Lx=Ly=22 pg= 0.850 ids= 164 TEE1=-0.680 TEE2=-0.791 TEE3=-0.773  TEE4=-0.682
rank= 74 Lx=Ly=22 pg= 0.850 ids= 202 TEE1=-0.643 TEE2=-0.715 TEE3=-0.715  TEE4=-0.645
rank=105 Lx=Ly=22 pg= 0.850 ids= 233 TEE1=-0.733 TEE2=-0.822 TEE3=-0.818  TEE4=-0.814
rank= 55 Lx=Ly=22 pg= 0.850 ids= 183 TEE1=-0.680 TEE2=-0.769 TEE3=-0.729  TEE4=-0.674
rank= 14 Lx=Ly=22 pg= 0.860 ids= 142 TEE1=-0.764 TEE2=-0.864 TEE3=-0.870  TEE4=-0.849
rank=102 Lx=Ly=22 pg= 0.860 ids= 230 TEE1=-0.709 TEE2=-0.816 TEE3=-0.818  TEE4=-0.808
rank= 48 Lx=Ly=22 pg= 0.850 ids= 176 TEE1=-0.713 TEE2=-0.806 TEE3=-0.810  TEE4=-0.804
rank= 87 Lx=Ly=22 pg= 0.850 ids= 215 TEE1=-0.731 TEE2=-0.808 TEE3=-0.802  TEE4=-0.754
rank= 75 Lx=Ly=22 pg= 0.850 ids= 203 TEE1=-0.758 TEE2=-0.866 TEE3=-0.862  TEE4=-0.897
rank= 56 Lx=Ly=22 pg= 0.850 ids= 184 TEE1=-0.682 TEE2=-0.767 TEE3=-0.742  TEE4=-0.705
rank= 58 Lx=Ly=22 pg= 0.850 ids= 186 TEE1=-0.601 TEE2=-0.676 TEE3=-0.663  TEE4=-0.669
rank= 92 Lx=Ly=22 pg= 0.840 ids= 220 TEE1=-0.676 TEE2=-0.740 TEE3=-0.721  TEE4=-0.690
rank= 90 Lx=Ly=22 pg= 0.840 ids= 218 TEE1=-0.698 TEE2=-0.742 TEE3=-0.711  TEE4=-0.671
rank=  5 Lx=Ly=22 pg= 0.860 ids= 133 TEE1=-0.711 TEE2=-0.804 TEE3=-0.802  TEE4=-0.789
rank= 57 Lx=Ly=22 pg= 0.850 ids= 185 TEE1=-0.643 TEE2=-0.771 TEE3=-0.771  TEE4=-0.756
rank= 98 Lx=Ly=22 pg= 0.860 ids= 226 TEE1=-0.723 TEE2=-0.810 TEE3=-0.824  TEE4=-0.831
rank=109 Lx=Ly=22 pg= 0.850 ids= 237 TEE1=-0.702 TEE2=-0.800 TEE3=-0.781  TEE4=-0.767
rank= 10 Lx=Ly=22 pg= 0.860 ids= 138 TEE1=-0.762 TEE2=-0.868 TEE3=-0.868  TEE4=-0.874
rank=  7 Lx=Ly=22 pg= 0.860 ids= 135 TEE1=-0.725 TEE2=-0.866 TEE3=-0.870  TEE4=-0.882
rank= 42 Lx=Ly=22 pg= 0.860 ids= 170 TEE1=-0.709 TEE2=-0.789 TEE3=-0.783  TEE4=-0.806
rank=  1 Lx=Ly=22 pg= 0.860 ids= 129 TEE1=-0.731 TEE2=-0.822 TEE3=-0.816  TEE4=-0.810
rank= 67 Lx=Ly=22 pg= 0.860 ids= 195 TEE1=-0.727 TEE2=-0.824 TEE3=-0.808  TEE4=-0.781
rank= 96 Lx=Ly=22 pg= 0.860 ids= 224 TEE1=-0.671 TEE2=-0.740 TEE3=-0.727  TEE4=-0.688
rank= 24 Lx=Ly=22 pg= 0.850 ids= 152 TEE1=-0.647 TEE2=-0.723 TEE3=-0.690  TEE4=-0.632
rank= 62 Lx=Ly=22 pg= 0.850 ids= 190 TEE1=-0.760 TEE2=-0.855 TEE3=-0.855  TEE4=-0.831
rank= 40 Lx=Ly=22 pg= 0.860 ids= 168 TEE1=-0.723 TEE2=-0.806 TEE3=-0.791  TEE4=-0.785
rank= 85 Lx=Ly=22 pg= 0.850 ids= 213 TEE1=-0.725 TEE2=-0.814 TEE3=-0.808  TEE4=-0.795
rank= 81 Lx=Ly=22 pg= 0.850 ids= 209 TEE1=-0.723 TEE2=-0.837 TEE3=-0.845  TEE4=-0.855
rank= 60 Lx=Ly=22 pg= 0.850 ids= 188 TEE1=-0.690 TEE2=-0.758 TEE3=-0.733  TEE4=-0.686
rank= 78 Lx=Ly=22 pg= 0.850 ids= 206 TEE1=-0.680 TEE2=-0.740 TEE3=-0.721  TEE4=-0.674
rank= 28 Lx=Ly=22 pg= 0.850 ids= 156 TEE1=-0.709 TEE2=-0.791 TEE3=-0.773  TEE4=-0.752
rank= 99 Lx=Ly=22 pg= 0.860 ids= 227 TEE1=-0.773 TEE2=-0.851 TEE3=-0.843  TEE4=-0.812
rank=122 Lx=Ly=22 pg= 0.850 ids= 250 TEE1=-0.700 TEE2=-0.762 TEE3=-0.731  TEE4=-0.707
rank= 50 Lx=Ly=22 pg= 0.850 ids= 178 TEE1=-0.618 TEE2=-0.686 TEE3=-0.659  TEE4=-0.643
rank= 66 Lx=Ly=22 pg= 0.850 ids= 194 TEE1=-0.690 TEE2=-0.775 TEE3=-0.764  TEE4=-0.707
rank= 68 Lx=Ly=22 pg= 0.850 ids= 196 TEE1=-0.721 TEE2=-0.826 TEE3=-0.829  TEE4=-0.789
rank= 82 Lx=Ly=22 pg= 0.850 ids= 210 TEE1=-0.634 TEE2=-0.692 TEE3=-0.651  TEE4=-0.597
rank= 59 Lx=Ly=22 pg= 0.850 ids= 187 TEE1=-0.717 TEE2=-0.798 TEE3=-0.767  TEE4=-0.717
rank= 73 Lx=Ly=22 pg= 0.850 ids= 201 TEE1=-0.729 TEE2=-0.820 TEE3=-0.789  TEE4=-0.783
rank= 97 Lx=Ly=22 pg= 0.860 ids= 225 TEE1=-0.688 TEE2=-0.771 TEE3=-0.727  TEE4=-0.661
rank= 19 Lx=Ly=22 pg= 0.850 ids= 147 TEE1=-0.725 TEE2=-0.837 TEE3=-0.818  TEE4=-0.822
rank= 71 Lx=Ly=22 pg= 0.860 ids= 199 TEE1=-0.762 TEE2=-0.868 TEE3=-0.880  TEE4=-0.870
rank= 70 Lx=Ly=22 pg= 0.850 ids= 198 TEE1=-0.684 TEE2=-0.764 TEE3=-0.742  TEE4=-0.725
rank= 37 Lx=Ly=22 pg= 0.860 ids= 165 TEE1=-0.692 TEE2=-0.804 TEE3=-0.798  TEE4=-0.820
rank= 33 Lx=Ly=22 pg= 0.860 ids= 161 TEE1=-0.785 TEE2=-0.888 TEE3=-0.897  TEE4=-0.901
rank= 89 Lx=Ly=22 pg= 0.850 ids= 217 TEE1=-0.711 TEE2=-0.804 TEE3=-0.791  TEE4=-0.733
rank=119 Lx=Ly=22 pg= 0.850 ids= 247 TEE1=-0.727 TEE2=-0.826 TEE3=-0.831  TEE4=-0.847
rank= 52 Lx=Ly=22 pg= 0.850 ids= 180 TEE1=-0.533 TEE2=-0.554 TEE3=-0.531  TEE4=-0.424
rank= 69 Lx=Ly=22 pg= 0.860 ids= 197 TEE1=-0.762 TEE2=-0.878 TEE3=-0.882  TEE4=-0.899
rank= 39 Lx=Ly=22 pg= 0.860 ids= 167 TEE1=-0.686 TEE2=-0.748 TEE3=-0.680  TEE4=-0.585
rank= 44 Lx=Ly=22 pg= 0.860 ids= 172 TEE1=-0.738 TEE2=-0.802 TEE3=-0.793  TEE4=-0.771
rank= 77 Lx=Ly=22 pg= 0.850 ids= 205 TEE1=-0.622 TEE2=-0.705 TEE3=-0.694  TEE4=-0.727
rank= 79 Lx=Ly=22 pg= 0.850 ids= 207 TEE1=-0.769 TEE2=-0.868 TEE3=-0.864  TEE4=-0.882
rank=103 Lx=Ly=22 pg= 0.860 ids= 231 TEE1=-0.740 TEE2=-0.812 TEE3=-0.777  TEE4=-0.748
rank= 54 Lx=Ly=22 pg= 0.850 ids= 182 TEE1=-0.674 TEE2=-0.740 TEE3=-0.727  TEE4=-0.694
rank= 45 Lx=Ly=22 pg= 0.860 ids= 173 TEE1=-0.727 TEE2=-0.810 TEE3=-0.791  TEE4=-0.787
rank= 72 Lx=Ly=22 pg= 0.850 ids= 200 TEE1=-0.707 TEE2=-0.756 TEE3=-0.719  TEE4=-0.684
rank= 46 Lx=Ly=22 pg= 0.860 ids= 174 TEE1=-0.719 TEE2=-0.787 TEE3=-0.754  TEE4=-0.698
rank=101 Lx=Ly=22 pg= 0.860 ids= 229 TEE1=-0.700 TEE2=-0.773 TEE3=-0.760  TEE4=-0.738
rank= 76 Lx=Ly=22 pg= 0.850 ids= 204 TEE1=-0.678 TEE2=-0.773 TEE3=-0.746  TEE4=-0.707
rank= 63 Lx=Ly=22 pg= 0.850 ids= 191 TEE1=-0.643 TEE2=-0.758 TEE3=-0.733  TEE4=-0.740
rank=  2 Lx=Ly=22 pg= 0.860 ids= 130 TEE1=-0.754 TEE2=-0.845 TEE3=-0.845  TEE4=-0.868
rank= 25 Lx=Ly=22 pg= 0.860 ids= 153 TEE1=-0.752 TEE2=-0.824 TEE3=-0.812  TEE4=-0.837
rank= 61 Lx=Ly=22 pg= 0.850 ids= 189 TEE1=-0.694 TEE2=-0.783 TEE3=-0.767  TEE4=-0.721
rank= 51 Lx=Ly=22 pg= 0.860 ids= 179 TEE1=-0.775 TEE2=-0.886 TEE3=-0.878  TEE4=-0.899
rank=112 Lx=Ly=22 pg= 0.860 ids= 240 TEE1=-0.746 TEE2=-0.855 TEE3=-0.860  TEE4=-0.845
rank= 23 Lx=Ly=22 pg= 0.850 ids= 151 TEE1=-0.717 TEE2=-0.773 TEE3=-0.748  TEE4=-0.655
rank= 17 Lx=Ly=22 pg= 0.850 ids= 145 TEE1=-0.696 TEE2=-0.806 TEE3=-0.779  TEE4=-0.771
rank= 20 Lx=Ly=22 pg= 0.850 ids= 148 TEE1=-0.657 TEE2=-0.750 TEE3=-0.707  TEE4=-0.624
rank=110 Lx=Ly=22 pg= 0.860 ids= 238 TEE1=-0.769 TEE2=-0.862 TEE3=-0.845  TEE4=-0.841
rank=113 Lx=Ly=22 pg= 0.850 ids= 241 TEE1=-0.665 TEE2=-0.742 TEE3=-0.744  TEE4=-0.721
rank= 21 Lx=Ly=22 pg= 0.850 ids= 149 TEE1=-0.756 TEE2=-0.872 TEE3=-0.872  TEE4=-0.874
rank=107 Lx=Ly=22 pg= 0.860 ids= 235 TEE1=-0.769 TEE2=-0.860 TEE3=-0.857  TEE4=-0.826
rank=120 Lx=Ly=22 pg= 0.850 ids= 248 TEE1=-0.634 TEE2=-0.669 TEE3=-0.638  TEE4=-0.624
rank=127 Lx=Ly=22 pg= 0.860 ids= 255 TEE1=-0.744 TEE2=-0.847 TEE3=-0.833  TEE4=-0.841
rank=115 Lx=Ly=22 pg= 0.850 ids= 243 TEE1=-0.721 TEE2=-0.762 TEE3=-0.729  TEE4=-0.688
rank=117 Lx=Ly=22 pg= 0.850 ids= 245 TEE1=-0.688 TEE2=-0.773 TEE3=-0.767  TEE4=-0.719
rank= 31 Lx=Ly=22 pg= 0.860 ids= 159 TEE1=-0.740 TEE2=-0.845 TEE3=-0.835  TEE4=-0.831
rank=121 Lx=Ly=22 pg= 0.860 ids= 249 TEE1=-0.711 TEE2=-0.775 TEE3=-0.736  TEE4=-0.680
rank= 93 Lx=Ly=22 pg= 0.850 ids= 221 TEE1=-0.696 TEE2=-0.804 TEE3=-0.810  TEE4=-0.773
rank= 16 Lx=Ly=22 pg= 0.850 ids= 144 TEE1=-0.655 TEE2=-0.698 TEE3=-0.632  TEE4=-0.463
rank=124 Lx=Ly=22 pg= 0.850 ids= 252 TEE1=-0.729 TEE2=-0.793 TEE3=-0.775  TEE4=-0.733
rank=106 Lx=Ly=22 pg= 0.860 ids= 234 TEE1=-0.742 TEE2=-0.837 TEE3=-0.806  TEE4=-0.781
rank=116 Lx=Ly=22 pg= 0.860 ids= 244 TEE1=-0.717 TEE2=-0.793 TEE3=-0.804  TEE4=-0.773
rank= 22 Lx=Ly=22 pg= 0.850 ids= 150 TEE1=-0.717 TEE2=-0.767 TEE3=-0.764  TEE4=-0.694
rank=126 Lx=Ly=22 pg= 0.850 ids= 254 TEE1=-0.756 TEE2=-0.853 TEE3=-0.837  TEE4=-0.810
rank= 41 Lx=Ly=22 pg= 0.860 ids= 169 TEE1=-0.750 TEE2=-0.841 TEE3=-0.829  TEE4=-0.816
rank= 91 Lx=Ly=22 pg= 0.850 ids= 219 TEE1=-0.684 TEE2=-0.775 TEE3=-0.762  TEE4=-0.758
rank= 30 Lx=Ly=22 pg= 0.860 ids= 158 TEE1=-0.756 TEE2=-0.847 TEE3=-0.847  TEE4=-0.855
rank= 27 Lx=Ly=22 pg= 0.860 ids= 155 TEE1=-0.742 TEE2=-0.872 TEE3=-0.868  TEE4=-0.853
rank= 47 Lx=Ly=22 pg= 0.860 ids= 175 TEE1=-0.676 TEE2=-0.746 TEE3=-0.719  TEE4=-0.711
rank= 18 Lx=Ly=22 pg= 0.850 ids= 146 TEE1=-0.676 TEE2=-0.729 TEE3=-0.711  TEE4=-0.684
rank= 86 Lx=Ly=22 pg= 0.850 ids= 214 TEE1=-0.723 TEE2=-0.814 TEE3=-0.812  TEE4=-0.783
rank= 38 Lx=Ly=22 pg= 0.860 ids= 166 TEE1=-0.705 TEE2=-0.814 TEE3=-0.810  TEE4=-0.847
rank= 43 Lx=Ly=22 pg= 0.860 ids= 171 TEE1=-0.764 TEE2=-0.886 TEE3=-0.872  TEE4=-0.847
rank=104 Lx=Ly=22 pg= 0.860 ids= 232 TEE1=-0.678 TEE2=-0.771 TEE3=-0.754  TEE4=-0.727
rank= 49 Lx=Ly=22 pg= 0.860 ids= 177 TEE1=-0.707 TEE2=-0.810 TEE3=-0.800  TEE4=-0.771
rank= 80 Lx=Ly=22 pg= 0.850 ids= 208 TEE1=-0.705 TEE2=-0.812 TEE3=-0.785  TEE4=-0.775
rank=108 Lx=Ly=22 pg= 0.860 ids= 236 TEE1=-0.702 TEE2=-0.812 TEE3=-0.789  TEE4=-0.787
rank= 95 Lx=Ly=22 pg= 0.850 ids= 223 TEE1=-0.702 TEE2=-0.810 TEE3=-0.791  TEE4=-0.758
rank= 11 Lx=Ly=22 pg= 0.860 ids= 139 TEE1=-0.767 TEE2=-0.847 TEE3=-0.841  TEE4=-0.804
rank=100 Lx=Ly=22 pg= 0.870 ids= 228 TEE1=-0.787 TEE2=-0.878 TEE3=-0.876  TEE4=-0.880
rank= 29 Lx=Ly=22 pg= 0.860 ids= 157 TEE1=-0.707 TEE2=-0.829 TEE3=-0.829  TEE4=-0.849
rank=  6 Lx=Ly=22 pg= 0.860 ids= 134 TEE1=-0.671 TEE2=-0.746 TEE3=-0.748  TEE4=-0.754
rank=118 Lx=Ly=22 pg= 0.860 ids= 246 TEE1=-0.727 TEE2=-0.812 TEE3=-0.793  TEE4=-0.789
rank=125 Lx=Ly=22 pg= 0.860 ids= 253 TEE1=-0.680 TEE2=-0.777 TEE3=-0.762  TEE4=-0.738
rank= 84 Lx=Ly=22 pg= 0.850 ids= 212 TEE1=-0.669 TEE2=-0.767 TEE3=-0.748  TEE4=-0.698
rank= 12 Lx=Ly=22 pg= 0.870 ids= 140 TEE1=-0.725 TEE2=-0.814 TEE3=-0.800  TEE4=-0.798
rank=  4 Lx=Ly=22 pg= 0.860 ids= 132 TEE1=-0.694 TEE2=-0.791 TEE3=-0.781  TEE4=-0.754
rank=  8 Lx=Ly=22 pg= 0.870 ids= 136 TEE1=-0.719 TEE2=-0.835 TEE3=-0.843  TEE4=-0.884
rank= 15 Lx=Ly=22 pg= 0.860 ids= 143 TEE1=-0.707 TEE2=-0.793 TEE3=-0.781  TEE4=-0.725
rank=123 Lx=Ly=22 pg= 0.860 ids= 251 TEE1=-0.719 TEE2=-0.795 TEE3=-0.771  TEE4=-0.731
rank=  9 Lx=Ly=22 pg= 0.860 ids= 137 TEE1=-0.723 TEE2=-0.822 TEE3=-0.810  TEE4=-0.767
rank=114 Lx=Ly=22 pg= 0.860 ids= 242 TEE1=-0.736 TEE2=-0.818 TEE3=-0.802  TEE4=-0.814
rank= 13 Lx=Ly=22 pg= 0.860 ids= 141 TEE1=-0.758 TEE2=-0.833 TEE3=-0.812  TEE4=-0.727
rank=  0 Lx=Ly=22 pg= 0.860 ids= 128 TEE1=-0.680 TEE2=-0.762 TEE3=-0.733  TEE4=-0.657
rank=  3 Lx=Ly=22 pg= 0.870 ids= 131 TEE1=-0.795 TEE2=-0.880 TEE3=-0.884  TEE4=-0.862
rank= 83 Lx=Ly=22 pg= 0.860 ids= 211 TEE1=-0.746 TEE2=-0.837 TEE3=-0.820  TEE4=-0.831
rank= 32 Lx=Ly=22 pg= 0.860 ids= 160 TEE1=-0.762 TEE2=-0.837 TEE3=-0.837  TEE4=-0.866
rank= 64 Lx=Ly=22 pg= 0.860 ids= 192 TEE1=-0.736 TEE2=-0.824 TEE3=-0.822  TEE4=-0.835
rank= 94 Lx=Ly=22 pg= 0.850 ids= 222 TEE1=-0.690 TEE2=-0.762 TEE3=-0.738  TEE4=-0.719
rank= 34 Lx=Ly=22 pg= 0.860 ids= 162 TEE1=-0.711 TEE2=-0.777 TEE3=-0.767  TEE4=-0.719
rank= 65 Lx=Ly=22 pg= 0.870 ids= 193 TEE1=-0.748 TEE2=-0.857 TEE3=-0.862  TEE4=-0.860
rank= 35 Lx=Ly=22 pg= 0.870 ids= 163 TEE1=-0.818 TEE2=-0.913 TEE3=-0.903  TEE4=-0.938
rank= 26 Lx=Ly=22 pg= 0.860 ids= 154 TEE1=-0.700 TEE2=-0.800 TEE3=-0.777  TEE4=-0.781
rank= 14 Lx=Ly=22 pg= 0.870 ids= 142 TEE1=-0.771 TEE2=-0.849 TEE3=-0.843  TEE4=-0.855
rank= 53 Lx=Ly=22 pg= 0.860 ids= 181 TEE1=-0.748 TEE2=-0.845 TEE3=-0.818  TEE4=-0.752
rank= 36 Lx=Ly=22 pg= 0.860 ids= 164 TEE1=-0.723 TEE2=-0.810 TEE3=-0.812  TEE4=-0.779
rank=111 Lx=Ly=22 pg= 0.860 ids= 239 TEE1=-0.725 TEE2=-0.824 TEE3=-0.820  TEE4=-0.783
rank= 74 Lx=Ly=22 pg= 0.860 ids= 202 TEE1=-0.700 TEE2=-0.785 TEE3=-0.783  TEE4=-0.740
rank=105 Lx=Ly=22 pg= 0.860 ids= 233 TEE1=-0.692 TEE2=-0.764 TEE3=-0.725  TEE4=-0.657
rank= 55 Lx=Ly=22 pg= 0.860 ids= 183 TEE1=-0.680 TEE2=-0.764 TEE3=-0.756  TEE4=-0.717
rank= 88 Lx=Ly=22 pg= 0.850 ids= 216 TEE1=-0.669 TEE2=-0.752 TEE3=-0.694  TEE4=-0.653
rank=102 Lx=Ly=22 pg= 0.870 ids= 230 TEE1=-0.715 TEE2=-0.802 TEE3=-0.802  TEE4=-0.785
rank= 48 Lx=Ly=22 pg= 0.860 ids= 176 TEE1=-0.769 TEE2=-0.849 TEE3=-0.835  TEE4=-0.866
rank= 75 Lx=Ly=22 pg= 0.860 ids= 203 TEE1=-0.723 TEE2=-0.816 TEE3=-0.808  TEE4=-0.798
rank= 87 Lx=Ly=22 pg= 0.860 ids= 215 TEE1=-0.750 TEE2=-0.829 TEE3=-0.804  TEE4=-0.814
rank= 56 Lx=Ly=22 pg= 0.860 ids= 184 TEE1=-0.715 TEE2=-0.847 TEE3=-0.839  TEE4=-0.816
rank=  5 Lx=Ly=22 pg= 0.870 ids= 133 TEE1=-0.762 TEE2=-0.872 TEE3=-0.868  TEE4=-0.864
rank= 58 Lx=Ly=22 pg= 0.860 ids= 186 TEE1=-0.696 TEE2=-0.800 TEE3=-0.773  TEE4=-0.709
rank= 98 Lx=Ly=22 pg= 0.870 ids= 226 TEE1=-0.777 TEE2=-0.903 TEE3=-0.890  TEE4=-0.905
rank= 57 Lx=Ly=22 pg= 0.860 ids= 185 TEE1=-0.758 TEE2=-0.855 TEE3=-0.847  TEE4=-0.851
rank=  7 Lx=Ly=22 pg= 0.870 ids= 135 TEE1=-0.740 TEE2=-0.845 TEE3=-0.833  TEE4=-0.808
rank= 10 Lx=Ly=22 pg= 0.870 ids= 138 TEE1=-0.777 TEE2=-0.878 TEE3=-0.845  TEE4=-0.826
rank=109 Lx=Ly=22 pg= 0.860 ids= 237 TEE1=-0.736 TEE2=-0.826 TEE3=-0.818  TEE4=-0.798
rank= 42 Lx=Ly=22 pg= 0.870 ids= 170 TEE1=-0.758 TEE2=-0.880 TEE3=-0.878  TEE4=-0.888
rank= 92 Lx=Ly=22 pg= 0.850 ids= 220 TEE1=-0.659 TEE2=-0.738 TEE3=-0.725  TEE4=-0.744
rank=  1 Lx=Ly=22 pg= 0.870 ids= 129 TEE1=-0.785 TEE2=-0.890 TEE3=-0.893  TEE4=-0.907
rank= 90 Lx=Ly=22 pg= 0.850 ids= 218 TEE1=-0.721 TEE2=-0.822 TEE3=-0.816  TEE4=-0.791
rank= 67 Lx=Ly=22 pg= 0.870 ids= 195 TEE1=-0.787 TEE2=-0.855 TEE3=-0.851  TEE4=-0.864
rank= 96 Lx=Ly=22 pg= 0.870 ids= 224 TEE1=-0.731 TEE2=-0.781 TEE3=-0.767  TEE4=-0.744
rank= 40 Lx=Ly=22 pg= 0.870 ids= 168 TEE1=-0.736 TEE2=-0.880 TEE3=-0.897  TEE4=-0.911
rank= 24 Lx=Ly=22 pg= 0.860 ids= 152 TEE1=-0.733 TEE2=-0.808 TEE3=-0.810  TEE4=-0.826
rank= 62 Lx=Ly=22 pg= 0.860 ids= 190 TEE1=-0.756 TEE2=-0.826 TEE3=-0.814  TEE4=-0.822
rank= 78 Lx=Ly=22 pg= 0.860 ids= 206 TEE1=-0.758 TEE2=-0.845 TEE3=-0.843  TEE4=-0.824
rank= 99 Lx=Ly=22 pg= 0.870 ids= 227 TEE1=-0.760 TEE2=-0.866 TEE3=-0.864  TEE4=-0.841
rank= 60 Lx=Ly=22 pg= 0.860 ids= 188 TEE1=-0.721 TEE2=-0.866 TEE3=-0.872  TEE4=-0.901
rank= 85 Lx=Ly=22 pg= 0.860 ids= 213 TEE1=-0.663 TEE2=-0.748 TEE3=-0.713  TEE4=-0.659
rank= 81 Lx=Ly=22 pg= 0.860 ids= 209 TEE1=-0.733 TEE2=-0.847 TEE3=-0.849  TEE4=-0.806
rank= 28 Lx=Ly=22 pg= 0.860 ids= 156 TEE1=-0.719 TEE2=-0.831 TEE3=-0.831  TEE4=-0.874
rank=122 Lx=Ly=22 pg= 0.860 ids= 250 TEE1=-0.715 TEE2=-0.818 TEE3=-0.804  TEE4=-0.826
rank= 50 Lx=Ly=22 pg= 0.860 ids= 178 TEE1=-0.725 TEE2=-0.862 TEE3=-0.855  TEE4=-0.866
rank= 66 Lx=Ly=22 pg= 0.860 ids= 194 TEE1=-0.738 TEE2=-0.864 TEE3=-0.855  TEE4=-0.868
rank= 68 Lx=Ly=22 pg= 0.860 ids= 196 TEE1=-0.733 TEE2=-0.841 TEE3=-0.851  TEE4=-0.862
rank= 82 Lx=Ly=22 pg= 0.860 ids= 210 TEE1=-0.733 TEE2=-0.824 TEE3=-0.822  TEE4=-0.849
rank= 73 Lx=Ly=22 pg= 0.860 ids= 201 TEE1=-0.787 TEE2=-0.866 TEE3=-0.864  TEE4=-0.855
rank= 59 Lx=Ly=22 pg= 0.860 ids= 187 TEE1=-0.723 TEE2=-0.804 TEE3=-0.810  TEE4=-0.816
rank= 97 Lx=Ly=22 pg= 0.870 ids= 225 TEE1=-0.733 TEE2=-0.820 TEE3=-0.820  TEE4=-0.833
rank= 71 Lx=Ly=22 pg= 0.870 ids= 199 TEE1=-0.760 TEE2=-0.849 TEE3=-0.847  TEE4=-0.833
rank= 19 Lx=Ly=22 pg= 0.860 ids= 147 TEE1=-0.773 TEE2=-0.878 TEE3=-0.876  TEE4=-0.874
rank= 37 Lx=Ly=22 pg= 0.870 ids= 165 TEE1=-0.769 TEE2=-0.857 TEE3=-0.866  TEE4=-0.905
rank= 33 Lx=Ly=22 pg= 0.870 ids= 161 TEE1=-0.723 TEE2=-0.822 TEE3=-0.808  TEE4=-0.738
rank= 70 Lx=Ly=22 pg= 0.860 ids= 198 TEE1=-0.756 TEE2=-0.855 TEE3=-0.843  TEE4=-0.843
rank=119 Lx=Ly=22 pg= 0.860 ids= 247 TEE1=-0.729 TEE2=-0.837 TEE3=-0.839  TEE4=-0.853
rank= 89 Lx=Ly=22 pg= 0.860 ids= 217 TEE1=-0.690 TEE2=-0.789 TEE3=-0.781  TEE4=-0.789
rank= 39 Lx=Ly=22 pg= 0.870 ids= 167 TEE1=-0.733 TEE2=-0.820 TEE3=-0.812  TEE4=-0.806
rank= 44 Lx=Ly=22 pg= 0.870 ids= 172 TEE1=-0.826 TEE2=-0.919 TEE3=-0.917  TEE4=-0.942
rank= 52 Lx=Ly=22 pg= 0.860 ids= 180 TEE1=-0.758 TEE2=-0.847 TEE3=-0.835  TEE4=-0.818
rank= 69 Lx=Ly=22 pg= 0.870 ids= 197 TEE1=-0.781 TEE2=-0.874 TEE3=-0.876  TEE4=-0.897
rank= 45 Lx=Ly=22 pg= 0.870 ids= 173 TEE1=-0.723 TEE2=-0.795 TEE3=-0.795  TEE4=-0.762
rank= 77 Lx=Ly=22 pg= 0.860 ids= 205 TEE1=-0.740 TEE2=-0.860 TEE3=-0.855  TEE4=-0.853
rank= 79 Lx=Ly=22 pg= 0.860 ids= 207 TEE1=-0.698 TEE2=-0.798 TEE3=-0.806  TEE4=-0.756
rank=103 Lx=Ly=22 pg= 0.870 ids= 231 TEE1=-0.711 TEE2=-0.841 TEE3=-0.820  TEE4=-0.800
rank= 46 Lx=Ly=22 pg= 0.870 ids= 174 TEE1=-0.744 TEE2=-0.855 TEE3=-0.845  TEE4=-0.839
rank=101 Lx=Ly=22 pg= 0.870 ids= 229 TEE1=-0.682 TEE2=-0.744 TEE3=-0.719  TEE4=-0.723
rank= 54 Lx=Ly=22 pg= 0.860 ids= 182 TEE1=-0.653 TEE2=-0.694 TEE3=-0.676  TEE4=-0.628
rank=  2 Lx=Ly=22 pg= 0.870 ids= 130 TEE1=-0.678 TEE2=-0.789 TEE3=-0.777  TEE4=-0.752
rank= 72 Lx=Ly=22 pg= 0.860 ids= 200 TEE1=-0.702 TEE2=-0.781 TEE3=-0.771  TEE4=-0.748
rank= 25 Lx=Ly=22 pg= 0.870 ids= 153 TEE1=-0.764 TEE2=-0.857 TEE3=-0.845  TEE4=-0.851
rank= 63 Lx=Ly=22 pg= 0.860 ids= 191 TEE1=-0.723 TEE2=-0.818 TEE3=-0.810  TEE4=-0.754
rank= 76 Lx=Ly=22 pg= 0.860 ids= 204 TEE1=-0.727 TEE2=-0.824 TEE3=-0.822  TEE4=-0.800
rank=112 Lx=Ly=22 pg= 0.870 ids= 240 TEE1=-0.829 TEE2=-0.911 TEE3=-0.899  TEE4=-0.870
rank= 51 Lx=Ly=22 pg= 0.870 ids= 179 TEE1=-0.804 TEE2=-0.921 TEE3=-0.930  TEE4=-0.946
rank= 61 Lx=Ly=22 pg= 0.860 ids= 189 TEE1=-0.798 TEE2=-0.897 TEE3=-0.899  TEE4=-0.901
rank= 23 Lx=Ly=22 pg= 0.860 ids= 151 TEE1=-0.795 TEE2=-0.880 TEE3=-0.880  TEE4=-0.886
rank= 20 Lx=Ly=22 pg= 0.860 ids= 148 TEE1=-0.758 TEE2=-0.820 TEE3=-0.822  TEE4=-0.795
rank=110 Lx=Ly=22 pg= 0.870 ids= 238 TEE1=-0.756 TEE2=-0.857 TEE3=-0.847  TEE4=-0.835
rank= 17 Lx=Ly=22 pg= 0.860 ids= 145 TEE1=-0.754 TEE2=-0.855 TEE3=-0.857  TEE4=-0.880
rank=107 Lx=Ly=22 pg= 0.870 ids= 235 TEE1=-0.740 TEE2=-0.835 TEE3=-0.837  TEE4=-0.874
rank=113 Lx=Ly=22 pg= 0.860 ids= 241 TEE1=-0.729 TEE2=-0.835 TEE3=-0.824  TEE4=-0.816
rank= 21 Lx=Ly=22 pg= 0.860 ids= 149 TEE1=-0.702 TEE2=-0.789 TEE3=-0.779  TEE4=-0.750
rank=120 Lx=Ly=22 pg= 0.860 ids= 248 TEE1=-0.702 TEE2=-0.826 TEE3=-0.793  TEE4=-0.754
rank=127 Lx=Ly=22 pg= 0.870 ids= 255 TEE1=-0.777 TEE2=-0.888 TEE3=-0.893  TEE4=-0.911
rank= 31 Lx=Ly=22 pg= 0.870 ids= 159 TEE1=-0.738 TEE2=-0.804 TEE3=-0.802  TEE4=-0.829
rank=121 Lx=Ly=22 pg= 0.870 ids= 249 TEE1=-0.723 TEE2=-0.835 TEE3=-0.814  TEE4=-0.831
rank=115 Lx=Ly=22 pg= 0.860 ids= 243 TEE1=-0.696 TEE2=-0.777 TEE3=-0.756  TEE4=-0.746
rank=117 Lx=Ly=22 pg= 0.860 ids= 245 TEE1=-0.744 TEE2=-0.822 TEE3=-0.806  TEE4=-0.798
rank=106 Lx=Ly=22 pg= 0.870 ids= 234 TEE1=-0.700 TEE2=-0.802 TEE3=-0.795  TEE4=-0.802
rank= 16 Lx=Ly=22 pg= 0.860 ids= 144 TEE1=-0.707 TEE2=-0.791 TEE3=-0.789  TEE4=-0.775
rank= 93 Lx=Ly=22 pg= 0.860 ids= 221 TEE1=-0.698 TEE2=-0.820 TEE3=-0.804  TEE4=-0.798
rank=116 Lx=Ly=22 pg= 0.870 ids= 244 TEE1=-0.758 TEE2=-0.845 TEE3=-0.845  TEE4=-0.857
rank= 41 Lx=Ly=22 pg= 0.870 ids= 169 TEE1=-0.791 TEE2=-0.866 TEE3=-0.860  TEE4=-0.880
rank=124 Lx=Ly=22 pg= 0.860 ids= 252 TEE1=-0.729 TEE2=-0.812 TEE3=-0.777  TEE4=-0.696
rank= 22 Lx=Ly=22 pg= 0.860 ids= 150 TEE1=-0.694 TEE2=-0.748 TEE3=-0.713  TEE4=-0.640
rank=126 Lx=Ly=22 pg= 0.860 ids= 254 TEE1=-0.688 TEE2=-0.804 TEE3=-0.804  TEE4=-0.779
rank= 30 Lx=Ly=22 pg= 0.870 ids= 158 TEE1=-0.717 TEE2=-0.816 TEE3=-0.812  TEE4=-0.808
rank= 27 Lx=Ly=22 pg= 0.870 ids= 155 TEE1=-0.767 TEE2=-0.888 TEE3=-0.866  TEE4=-0.853
rank= 47 Lx=Ly=22 pg= 0.870 ids= 175 TEE1=-0.746 TEE2=-0.860 TEE3=-0.849  TEE4=-0.866
rank= 91 Lx=Ly=22 pg= 0.860 ids= 219 TEE1=-0.727 TEE2=-0.810 TEE3=-0.816  TEE4=-0.800
rank= 38 Lx=Ly=22 pg= 0.870 ids= 166 TEE1=-0.729 TEE2=-0.820 TEE3=-0.818  TEE4=-0.789
rank= 43 Lx=Ly=22 pg= 0.870 ids= 171 TEE1=-0.731 TEE2=-0.833 TEE3=-0.837  TEE4=-0.853
rank=104 Lx=Ly=22 pg= 0.870 ids= 232 TEE1=-0.760 TEE2=-0.845 TEE3=-0.837  TEE4=-0.800
rank= 18 Lx=Ly=22 pg= 0.860 ids= 146 TEE1=-0.791 TEE2=-0.915 TEE3=-0.921  TEE4=-0.934
rank= 86 Lx=Ly=22 pg= 0.860 ids= 214 TEE1=-0.752 TEE2=-0.864 TEE3=-0.874  TEE4=-0.872
rank= 49 Lx=Ly=22 pg= 0.870 ids= 177 TEE1=-0.756 TEE2=-0.868 TEE3=-0.870  TEE4=-0.909
rank= 11 Lx=Ly=22 pg= 0.870 ids= 139 TEE1=-0.783 TEE2=-0.886 TEE3=-0.893  TEE4=-0.901
rank=100 Lx=Ly=22 pg= 0.880 ids= 228 TEE1=-0.785 TEE2=-0.872 TEE3=-0.868  TEE4=-0.853
rank=108 Lx=Ly=22 pg= 0.870 ids= 236 TEE1=-0.740 TEE2=-0.808 TEE3=-0.808  TEE4=-0.816
rank= 80 Lx=Ly=22 pg= 0.860 ids= 208 TEE1=-0.744 TEE2=-0.826 TEE3=-0.814  TEE4=-0.777
rank=  6 Lx=Ly=22 pg= 0.870 ids= 134 TEE1=-0.756 TEE2=-0.860 TEE3=-0.849  TEE4=-0.841
rank= 95 Lx=Ly=22 pg= 0.860 ids= 223 TEE1=-0.727 TEE2=-0.820 TEE3=-0.833  TEE4=-0.835
rank= 29 Lx=Ly=22 pg= 0.870 ids= 157 TEE1=-0.785 TEE2=-0.890 TEE3=-0.895  TEE4=-0.888
rank=118 Lx=Ly=22 pg= 0.870 ids= 246 TEE1=-0.773 TEE2=-0.893 TEE3=-0.897  TEE4=-0.905
rank= 12 Lx=Ly=22 pg= 0.880 ids= 140 TEE1=-0.785 TEE2=-0.876 TEE3=-0.857  TEE4=-0.845
rank=125 Lx=Ly=22 pg= 0.870 ids= 253 TEE1=-0.764 TEE2=-0.860 TEE3=-0.862  TEE4=-0.864
rank=  8 Lx=Ly=22 pg= 0.880 ids= 136 TEE1=-0.764 TEE2=-0.899 TEE3=-0.903  TEE4=-0.928
rank=  4 Lx=Ly=22 pg= 0.870 ids= 132 TEE1=-0.808 TEE2=-0.907 TEE3=-0.911  TEE4=-0.930
rank= 15 Lx=Ly=22 pg= 0.870 ids= 143 TEE1=-0.773 TEE2=-0.895 TEE3=-0.880  TEE4=-0.909
rank=  9 Lx=Ly=22 pg= 0.870 ids= 137 TEE1=-0.736 TEE2=-0.818 TEE3=-0.818  TEE4=-0.810
rank= 84 Lx=Ly=22 pg= 0.860 ids= 212 TEE1=-0.715 TEE2=-0.829 TEE3=-0.810  TEE4=-0.814
rank=123 Lx=Ly=22 pg= 0.870 ids= 251 TEE1=-0.688 TEE2=-0.787 TEE3=-0.769  TEE4=-0.752
rank=  3 Lx=Ly=22 pg= 0.880 ids= 131 TEE1=-0.826 TEE2=-0.919 TEE3=-0.930  TEE4=-0.930
rank= 13 Lx=Ly=22 pg= 0.870 ids= 141 TEE1=-0.744 TEE2=-0.812 TEE3=-0.812  TEE4=-0.779
rank=114 Lx=Ly=22 pg= 0.870 ids= 242 TEE1=-0.804 TEE2=-0.907 TEE3=-0.907  TEE4=-0.924
rank=  0 Lx=Ly=22 pg= 0.870 ids= 128 TEE1=-0.748 TEE2=-0.839 TEE3=-0.824  TEE4=-0.820
rank= 83 Lx=Ly=22 pg= 0.870 ids= 211 TEE1=-0.705 TEE2=-0.789 TEE3=-0.773  TEE4=-0.738
rank= 32 Lx=Ly=22 pg= 0.870 ids= 160 TEE1=-0.756 TEE2=-0.868 TEE3=-0.880  TEE4=-0.905
rank= 64 Lx=Ly=22 pg= 0.870 ids= 192 TEE1=-0.767 TEE2=-0.872 TEE3=-0.855  TEE4=-0.857
rank= 34 Lx=Ly=22 pg= 0.870 ids= 162 TEE1=-0.688 TEE2=-0.731 TEE3=-0.713  TEE4=-0.630
rank= 35 Lx=Ly=22 pg= 0.880 ids= 163 TEE1=-0.853 TEE2=-0.959 TEE3=-0.959  TEE4=-0.973
rank= 65 Lx=Ly=22 pg= 0.880 ids= 193 TEE1=-0.771 TEE2=-0.872 TEE3=-0.884  TEE4=-0.897
rank= 14 Lx=Ly=22 pg= 0.880 ids= 142 TEE1=-0.839 TEE2=-0.948 TEE3=-0.942  TEE4=-0.952
rank= 94 Lx=Ly=22 pg= 0.860 ids= 222 TEE1=-0.802 TEE2=-0.928 TEE3=-0.938  TEE4=-0.957
rank= 26 Lx=Ly=22 pg= 0.870 ids= 154 TEE1=-0.721 TEE2=-0.812 TEE3=-0.814  TEE4=-0.837
rank=111 Lx=Ly=22 pg= 0.870 ids= 239 TEE1=-0.810 TEE2=-0.886 TEE3=-0.870  TEE4=-0.829
rank= 36 Lx=Ly=22 pg= 0.870 ids= 164 TEE1=-0.723 TEE2=-0.806 TEE3=-0.800  TEE4=-0.800
rank= 53 Lx=Ly=22 pg= 0.870 ids= 181 TEE1=-0.756 TEE2=-0.843 TEE3=-0.841  TEE4=-0.851
rank=105 Lx=Ly=22 pg= 0.870 ids= 233 TEE1=-0.798 TEE2=-0.919 TEE3=-0.924  TEE4=-0.934
rank=102 Lx=Ly=22 pg= 0.880 ids= 230 TEE1=-0.826 TEE2=-0.895 TEE3=-0.882  TEE4=-0.899
rank= 74 Lx=Ly=22 pg= 0.870 ids= 202 TEE1=-0.729 TEE2=-0.814 TEE3=-0.787  TEE4=-0.729
rank= 55 Lx=Ly=22 pg= 0.870 ids= 183 TEE1=-0.731 TEE2=-0.785 TEE3=-0.781  TEE4=-0.717
rank= 88 Lx=Ly=22 pg= 0.860 ids= 216 TEE1=-0.762 TEE2=-0.835 TEE3=-0.831  TEE4=-0.822
rank= 48 Lx=Ly=22 pg= 0.870 ids= 176 TEE1=-0.725 TEE2=-0.849 TEE3=-0.849  TEE4=-0.831
rank= 75 Lx=Ly=22 pg= 0.870 ids= 203 TEE1=-0.740 TEE2=-0.806 TEE3=-0.785  TEE4=-0.744
rank= 87 Lx=Ly=22 pg= 0.870 ids= 215 TEE1=-0.779 TEE2=-0.901 TEE3=-0.899  TEE4=-0.895
rank=  5 Lx=Ly=22 pg= 0.880 ids= 133 TEE1=-0.814 TEE2=-0.890 TEE3=-0.895  TEE4=-0.895
rank= 56 Lx=Ly=22 pg= 0.870 ids= 184 TEE1=-0.806 TEE2=-0.893 TEE3=-0.886  TEE4=-0.866
rank= 98 Lx=Ly=22 pg= 0.880 ids= 226 TEE1=-0.793 TEE2=-0.888 TEE3=-0.876  TEE4=-0.897
rank=  7 Lx=Ly=22 pg= 0.880 ids= 135 TEE1=-0.779 TEE2=-0.878 TEE3=-0.880  TEE4=-0.880
rank= 58 Lx=Ly=22 pg= 0.870 ids= 186 TEE1=-0.736 TEE2=-0.860 TEE3=-0.837  TEE4=-0.802
rank= 57 Lx=Ly=22 pg= 0.870 ids= 185 TEE1=-0.700 TEE2=-0.781 TEE3=-0.771  TEE4=-0.758
rank= 10 Lx=Ly=22 pg= 0.880 ids= 138 TEE1=-0.742 TEE2=-0.845 TEE3=-0.847  TEE4=-0.837
rank= 42 Lx=Ly=22 pg= 0.880 ids= 170 TEE1=-0.762 TEE2=-0.857 TEE3=-0.857  TEE4=-0.882
rank=  1 Lx=Ly=22 pg= 0.880 ids= 129 TEE1=-0.779 TEE2=-0.890 TEE3=-0.888  TEE4=-0.901
rank=109 Lx=Ly=22 pg= 0.870 ids= 237 TEE1=-0.816 TEE2=-0.874 TEE3=-0.857  TEE4=-0.870
rank= 67 Lx=Ly=22 pg= 0.880 ids= 195 TEE1=-0.816 TEE2=-0.911 TEE3=-0.911  TEE4=-0.932
rank= 96 Lx=Ly=22 pg= 0.880 ids= 224 TEE1=-0.762 TEE2=-0.841 TEE3=-0.845  TEE4=-0.800
rank= 92 Lx=Ly=22 pg= 0.860 ids= 220 TEE1=-0.713 TEE2=-0.864 TEE3=-0.866  TEE4=-0.860
rank= 40 Lx=Ly=22 pg= 0.880 ids= 168 TEE1=-0.791 TEE2=-0.901 TEE3=-0.899  TEE4=-0.905
rank= 90 Lx=Ly=22 pg= 0.860 ids= 218 TEE1=-0.754 TEE2=-0.857 TEE3=-0.835  TEE4=-0.760
rank= 24 Lx=Ly=22 pg= 0.870 ids= 152 TEE1=-0.707 TEE2=-0.798 TEE3=-0.779  TEE4=-0.816
rank= 99 Lx=Ly=22 pg= 0.880 ids= 227 TEE1=-0.756 TEE2=-0.860 TEE3=-0.862  TEE4=-0.868
rank= 78 Lx=Ly=22 pg= 0.870 ids= 206 TEE1=-0.775 TEE2=-0.903 TEE3=-0.909  TEE4=-0.919
rank= 62 Lx=Ly=22 pg= 0.870 ids= 190 TEE1=-0.818 TEE2=-0.890 TEE3=-0.893  TEE4=-0.890
rank=122 Lx=Ly=22 pg= 0.870 ids= 250 TEE1=-0.760 TEE2=-0.890 TEE3=-0.897  TEE4=-0.913
rank= 60 Lx=Ly=22 pg= 0.870 ids= 188 TEE1=-0.756 TEE2=-0.843 TEE3=-0.845  TEE4=-0.791
rank= 81 Lx=Ly=22 pg= 0.870 ids= 209 TEE1=-0.723 TEE2=-0.806 TEE3=-0.808  TEE4=-0.793
rank= 85 Lx=Ly=22 pg= 0.870 ids= 213 TEE1=-0.771 TEE2=-0.837 TEE3=-0.839  TEE4=-0.820
rank= 28 Lx=Ly=22 pg= 0.870 ids= 156 TEE1=-0.804 TEE2=-0.919 TEE3=-0.926  TEE4=-0.921
rank= 50 Lx=Ly=22 pg= 0.870 ids= 178 TEE1=-0.779 TEE2=-0.890 TEE3=-0.888  TEE4=-0.901
rank= 66 Lx=Ly=22 pg= 0.870 ids= 194 TEE1=-0.731 TEE2=-0.855 TEE3=-0.868  TEE4=-0.888
rank= 73 Lx=Ly=22 pg= 0.870 ids= 201 TEE1=-0.744 TEE2=-0.857 TEE3=-0.847  TEE4=-0.882
rank= 59 Lx=Ly=22 pg= 0.870 ids= 187 TEE1=-0.756 TEE2=-0.872 TEE3=-0.878  TEE4=-0.878
rank= 82 Lx=Ly=22 pg= 0.870 ids= 210 TEE1=-0.756 TEE2=-0.872 TEE3=-0.868  TEE4=-0.872
rank= 68 Lx=Ly=22 pg= 0.870 ids= 196 TEE1=-0.777 TEE2=-0.897 TEE3=-0.909  TEE4=-0.907
rank= 97 Lx=Ly=22 pg= 0.880 ids= 225 TEE1=-0.709 TEE2=-0.783 TEE3=-0.781  TEE4=-0.816
rank= 37 Lx=Ly=22 pg= 0.880 ids= 165 TEE1=-0.818 TEE2=-0.880 TEE3=-0.872  TEE4=-0.880
rank= 19 Lx=Ly=22 pg= 0.870 ids= 147 TEE1=-0.800 TEE2=-0.893 TEE3=-0.897  TEE4=-0.905
rank= 71 Lx=Ly=22 pg= 0.880 ids= 199 TEE1=-0.793 TEE2=-0.878 TEE3=-0.884  TEE4=-0.903
rank= 33 Lx=Ly=22 pg= 0.880 ids= 161 TEE1=-0.773 TEE2=-0.831 TEE3=-0.798  TEE4=-0.777
rank=119 Lx=Ly=22 pg= 0.870 ids= 247 TEE1=-0.740 TEE2=-0.820 TEE3=-0.802  TEE4=-0.767
rank= 39 Lx=Ly=22 pg= 0.880 ids= 167 TEE1=-0.798 TEE2=-0.899 TEE3=-0.897  TEE4=-0.919
rank= 70 Lx=Ly=22 pg= 0.870 ids= 198 TEE1=-0.760 TEE2=-0.857 TEE3=-0.833  TEE4=-0.800
rank= 89 Lx=Ly=22 pg= 0.870 ids= 217 TEE1=-0.740 TEE2=-0.851 TEE3=-0.839  TEE4=-0.833
rank= 44 Lx=Ly=22 pg= 0.880 ids= 172 TEE1=-0.831 TEE2=-0.905 TEE3=-0.905  TEE4=-0.903
rank= 45 Lx=Ly=22 pg= 0.880 ids= 173 TEE1=-0.806 TEE2=-0.903 TEE3=-0.903  TEE4=-0.899
rank= 52 Lx=Ly=22 pg= 0.870 ids= 180 TEE1=-0.731 TEE2=-0.876 TEE3=-0.880  TEE4=-0.868
rank= 69 Lx=Ly=22 pg= 0.880 ids= 197 TEE1=-0.814 TEE2=-0.921 TEE3=-0.909  TEE4=-0.926
rank= 77 Lx=Ly=22 pg= 0.870 ids= 205 TEE1=-0.731 TEE2=-0.779 TEE3=-0.750  TEE4=-0.723
rank=103 Lx=Ly=22 pg= 0.880 ids= 231 TEE1=-0.775 TEE2=-0.876 TEE3=-0.882  TEE4=-0.899
rank= 79 Lx=Ly=22 pg= 0.870 ids= 207 TEE1=-0.783 TEE2=-0.849 TEE3=-0.833  TEE4=-0.824
rank=  2 Lx=Ly=22 pg= 0.880 ids= 130 TEE1=-0.820 TEE2=-0.901 TEE3=-0.909  TEE4=-0.926
rank= 46 Lx=Ly=22 pg= 0.880 ids= 174 TEE1=-0.812 TEE2=-0.903 TEE3=-0.909  TEE4=-0.899
rank=101 Lx=Ly=22 pg= 0.880 ids= 229 TEE1=-0.773 TEE2=-0.880 TEE3=-0.876  TEE4=-0.888
rank= 25 Lx=Ly=22 pg= 0.880 ids= 153 TEE1=-0.750 TEE2=-0.808 TEE3=-0.802  TEE4=-0.727
rank= 54 Lx=Ly=22 pg= 0.870 ids= 182 TEE1=-0.750 TEE2=-0.841 TEE3=-0.849  TEE4=-0.868
rank= 72 Lx=Ly=22 pg= 0.870 ids= 200 TEE1=-0.781 TEE2=-0.862 TEE3=-0.862  TEE4=-0.866
rank= 63 Lx=Ly=22 pg= 0.870 ids= 191 TEE1=-0.725 TEE2=-0.839 TEE3=-0.831  TEE4=-0.837
rank=112 Lx=Ly=22 pg= 0.880 ids= 240 TEE1=-0.816 TEE2=-0.915 TEE3=-0.924  TEE4=-0.948
rank= 76 Lx=Ly=22 pg= 0.870 ids= 204 TEE1=-0.771 TEE2=-0.841 TEE3=-0.837  TEE4=-0.795
rank= 51 Lx=Ly=22 pg= 0.880 ids= 179 TEE1=-0.775 TEE2=-0.851 TEE3=-0.831  TEE4=-0.816
rank= 61 Lx=Ly=22 pg= 0.870 ids= 189 TEE1=-0.740 TEE2=-0.820 TEE3=-0.806  TEE4=-0.831
rank= 23 Lx=Ly=22 pg= 0.870 ids= 151 TEE1=-0.781 TEE2=-0.864 TEE3=-0.866  TEE4=-0.843
rank= 20 Lx=Ly=22 pg= 0.870 ids= 148 TEE1=-0.748 TEE2=-0.857 TEE3=-0.855  TEE4=-0.853
rank=110 Lx=Ly=22 pg= 0.880 ids= 238 TEE1=-0.758 TEE2=-0.857 TEE3=-0.862  TEE4=-0.843
rank=107 Lx=Ly=22 pg= 0.880 ids= 235 TEE1=-0.816 TEE2=-0.905 TEE3=-0.895  TEE4=-0.895
rank= 17 Lx=Ly=22 pg= 0.870 ids= 145 TEE1=-0.740 TEE2=-0.870 TEE3=-0.866  TEE4=-0.886
rank=113 Lx=Ly=22 pg= 0.870 ids= 241 TEE1=-0.750 TEE2=-0.862 TEE3=-0.872  TEE4=-0.878
rank=120 Lx=Ly=22 pg= 0.870 ids= 248 TEE1=-0.744 TEE2=-0.814 TEE3=-0.812  TEE4=-0.835
rank= 21 Lx=Ly=22 pg= 0.870 ids= 149 TEE1=-0.758 TEE2=-0.860 TEE3=-0.864  TEE4=-0.884
rank=127 Lx=Ly=22 pg= 0.880 ids= 255 TEE1=-0.752 TEE2=-0.839 TEE3=-0.839  TEE4=-0.833
rank= 31 Lx=Ly=22 pg= 0.880 ids= 159 TEE1=-0.835 TEE2=-0.934 TEE3=-0.940  TEE4=-0.961
rank=106 Lx=Ly=22 pg= 0.880 ids= 234 TEE1=-0.787 TEE2=-0.895 TEE3=-0.901  TEE4=-0.903
rank=121 Lx=Ly=22 pg= 0.880 ids= 249 TEE1=-0.775 TEE2=-0.874 TEE3=-0.870  TEE4=-0.880
rank= 41 Lx=Ly=22 pg= 0.880 ids= 169 TEE1=-0.798 TEE2=-0.921 TEE3=-0.921  TEE4=-0.942
rank= 16 Lx=Ly=22 pg= 0.870 ids= 144 TEE1=-0.816 TEE2=-0.888 TEE3=-0.880  TEE4=-0.876
rank=115 Lx=Ly=22 pg= 0.870 ids= 243 TEE1=-0.837 TEE2=-0.913 TEE3=-0.907  TEE4=-0.899
rank=117 Lx=Ly=22 pg= 0.870 ids= 245 TEE1=-0.764 TEE2=-0.884 TEE3=-0.895  TEE4=-0.915
rank= 93 Lx=Ly=22 pg= 0.870 ids= 221 TEE1=-0.719 TEE2=-0.800 TEE3=-0.787  TEE4=-0.767
rank=116 Lx=Ly=22 pg= 0.880 ids= 244 TEE1=-0.705 TEE2=-0.824 TEE3=-0.829  TEE4=-0.853
rank= 22 Lx=Ly=22 pg= 0.870 ids= 150 TEE1=-0.742 TEE2=-0.824 TEE3=-0.816  TEE4=-0.829
rank=124 Lx=Ly=22 pg= 0.870 ids= 252 TEE1=-0.762 TEE2=-0.864 TEE3=-0.843  TEE4=-0.829
rank=126 Lx=Ly=22 pg= 0.870 ids= 254 TEE1=-0.719 TEE2=-0.818 TEE3=-0.814  TEE4=-0.810
rank= 47 Lx=Ly=22 pg= 0.880 ids= 175 TEE1=-0.750 TEE2=-0.845 TEE3=-0.841  TEE4=-0.835
rank= 27 Lx=Ly=22 pg= 0.880 ids= 155 TEE1=-0.781 TEE2=-0.907 TEE3=-0.888  TEE4=-0.886
rank= 30 Lx=Ly=22 pg= 0.880 ids= 158 TEE1=-0.795 TEE2=-0.917 TEE3=-0.932  TEE4=-0.955
rank= 43 Lx=Ly=22 pg= 0.880 ids= 171 TEE1=-0.775 TEE2=-0.897 TEE3=-0.895  TEE4=-0.890
rank= 91 Lx=Ly=22 pg= 0.870 ids= 219 TEE1=-0.742 TEE2=-0.824 TEE3=-0.816  TEE4=-0.814
rank= 38 Lx=Ly=22 pg= 0.880 ids= 166 TEE1=-0.764 TEE2=-0.864 TEE3=-0.868  TEE4=-0.888
rank=104 Lx=Ly=22 pg= 0.880 ids= 232 TEE1=-0.787 TEE2=-0.890 TEE3=-0.882  TEE4=-0.853
rank= 49 Lx=Ly=22 pg= 0.880 ids= 177 TEE1=-0.802 TEE2=-0.905 TEE3=-0.901  TEE4=-0.926
rank= 11 Lx=Ly=22 pg= 0.880 ids= 139 TEE1=-0.795 TEE2=-0.913 TEE3=-0.913  TEE4=-0.934
rank= 18 Lx=Ly=22 pg= 0.870 ids= 146 TEE1=-0.750 TEE2=-0.814 TEE3=-0.787  TEE4=-0.746
rank=100 Lx=Ly=22 pg= 0.890 ids= 228 TEE1=-0.798 TEE2=-0.905 TEE3=-0.901  TEE4=-0.924
rank= 86 Lx=Ly=22 pg= 0.870 ids= 214 TEE1=-0.746 TEE2=-0.816 TEE3=-0.795  TEE4=-0.795
rank=108 Lx=Ly=22 pg= 0.880 ids= 236 TEE1=-0.771 TEE2=-0.835 TEE3=-0.822  TEE4=-0.822
rank=  6 Lx=Ly=22 pg= 0.880 ids= 134 TEE1=-0.750 TEE2=-0.829 TEE3=-0.837  TEE4=-0.835
rank= 12 Lx=Ly=22 pg= 0.890 ids= 140 TEE1=-0.781 TEE2=-0.888 TEE3=-0.890  TEE4=-0.899
rank=  8 Lx=Ly=22 pg= 0.890 ids= 136 TEE1=-0.806 TEE2=-0.897 TEE3=-0.895  TEE4=-0.895
rank= 29 Lx=Ly=22 pg= 0.880 ids= 157 TEE1=-0.783 TEE2=-0.853 TEE3=-0.829  TEE4=-0.781
rank= 80 Lx=Ly=22 pg= 0.870 ids= 208 TEE1=-0.740 TEE2=-0.860 TEE3=-0.851  TEE4=-0.866
rank=118 Lx=Ly=22 pg= 0.880 ids= 246 TEE1=-0.758 TEE2=-0.837 TEE3=-0.835  TEE4=-0.829
rank=125 Lx=Ly=22 pg= 0.880 ids= 253 TEE1=-0.748 TEE2=-0.851 TEE3=-0.851  TEE4=-0.888
rank= 95 Lx=Ly=22 pg= 0.870 ids= 223 TEE1=-0.789 TEE2=-0.870 TEE3=-0.847  TEE4=-0.841
rank= 15 Lx=Ly=22 pg= 0.880 ids= 143 TEE1=-0.806 TEE2=-0.886 TEE3=-0.895  TEE4=-0.924
rank=  4 Lx=Ly=22 pg= 0.880 ids= 132 TEE1=-0.709 TEE2=-0.814 TEE3=-0.812  TEE4=-0.791
rank=  3 Lx=Ly=22 pg= 0.890 ids= 131 TEE1=-0.777 TEE2=-0.880 TEE3=-0.893  TEE4=-0.895
rank=  9 Lx=Ly=22 pg= 0.880 ids= 137 TEE1=-0.862 TEE2=-0.948 TEE3=-0.944  TEE4=-0.959
rank=123 Lx=Ly=22 pg= 0.880 ids= 251 TEE1=-0.789 TEE2=-0.884 TEE3=-0.890  TEE4=-0.897
rank= 13 Lx=Ly=22 pg= 0.880 ids= 141 TEE1=-0.795 TEE2=-0.897 TEE3=-0.899  TEE4=-0.899
rank=114 Lx=Ly=22 pg= 0.880 ids= 242 TEE1=-0.831 TEE2=-0.942 TEE3=-0.942  TEE4=-0.942
rank= 84 Lx=Ly=22 pg= 0.870 ids= 212 TEE1=-0.721 TEE2=-0.841 TEE3=-0.831  TEE4=-0.831
rank=  0 Lx=Ly=22 pg= 0.880 ids= 128 TEE1=-0.785 TEE2=-0.882 TEE3=-0.872  TEE4=-0.866
rank= 83 Lx=Ly=22 pg= 0.880 ids= 211 TEE1=-0.804 TEE2=-0.917 TEE3=-0.909  TEE4=-0.928
rank= 32 Lx=Ly=22 pg= 0.880 ids= 160 TEE1=-0.793 TEE2=-0.868 TEE3=-0.862  TEE4=-0.847
rank= 14 Lx=Ly=22 pg= 0.890 ids= 142 TEE1=-0.783 TEE2=-0.888 TEE3=-0.897  TEE4=-0.911
rank= 64 Lx=Ly=22 pg= 0.880 ids= 192 TEE1=-0.812 TEE2=-0.895 TEE3=-0.890  TEE4=-0.886
rank= 35 Lx=Ly=22 pg= 0.890 ids= 163 TEE1=-0.831 TEE2=-0.890 TEE3=-0.884  TEE4=-0.890
rank= 65 Lx=Ly=22 pg= 0.890 ids= 193 TEE1=-0.802 TEE2=-0.903 TEE3=-0.901  TEE4=-0.901
rank= 34 Lx=Ly=22 pg= 0.880 ids= 162 TEE1=-0.688 TEE2=-0.752 TEE3=-0.736  TEE4=-0.742
rank= 26 Lx=Ly=22 pg= 0.880 ids= 154 TEE1=-0.791 TEE2=-0.874 TEE3=-0.876  TEE4=-0.909
rank= 94 Lx=Ly=22 pg= 0.870 ids= 222 TEE1=-0.729 TEE2=-0.853 TEE3=-0.839  TEE4=-0.866
rank=102 Lx=Ly=22 pg= 0.890 ids= 230 TEE1=-0.855 TEE2=-0.924 TEE3=-0.930  TEE4=-0.919
rank= 36 Lx=Ly=22 pg= 0.880 ids= 164 TEE1=-0.744 TEE2=-0.831 TEE3=-0.826  TEE4=-0.837
rank=111 Lx=Ly=22 pg= 0.880 ids= 239 TEE1=-0.800 TEE2=-0.913 TEE3=-0.903  TEE4=-0.888
rank=105 Lx=Ly=22 pg= 0.880 ids= 233 TEE1=-0.798 TEE2=-0.893 TEE3=-0.895  TEE4=-0.901
rank= 53 Lx=Ly=22 pg= 0.880 ids= 181 TEE1=-0.804 TEE2=-0.911 TEE3=-0.907  TEE4=-0.942
rank= 74 Lx=Ly=22 pg= 0.880 ids= 202 TEE1=-0.800 TEE2=-0.917 TEE3=-0.921  TEE4=-0.932
rank= 55 Lx=Ly=22 pg= 0.880 ids= 183 TEE1=-0.800 TEE2=-0.878 TEE3=-0.864  TEE4=-0.866
rank= 48 Lx=Ly=22 pg= 0.880 ids= 176 TEE1=-0.783 TEE2=-0.857 TEE3=-0.855  TEE4=-0.855
rank= 88 Lx=Ly=22 pg= 0.870 ids= 216 TEE1=-0.773 TEE2=-0.851 TEE3=-0.857  TEE4=-0.905
rank= 75 Lx=Ly=22 pg= 0.880 ids= 203 TEE1=-0.723 TEE2=-0.826 TEE3=-0.818  TEE4=-0.804
rank= 87 Lx=Ly=22 pg= 0.880 ids= 215 TEE1=-0.767 TEE2=-0.845 TEE3=-0.841  TEE4=-0.822
rank=  5 Lx=Ly=22 pg= 0.890 ids= 133 TEE1=-0.800 TEE2=-0.917 TEE3=-0.924  TEE4=-0.938
rank= 98 Lx=Ly=22 pg= 0.890 ids= 226 TEE1=-0.855 TEE2=-0.928 TEE3=-0.932  TEE4=-0.924
rank=  7 Lx=Ly=22 pg= 0.890 ids= 135 TEE1=-0.771 TEE2=-0.855 TEE3=-0.853  TEE4=-0.874
rank= 10 Lx=Ly=22 pg= 0.890 ids= 138 TEE1=-0.839 TEE2=-0.928 TEE3=-0.936  TEE4=-0.959
rank=  1 Lx=Ly=22 pg= 0.890 ids= 129 TEE1=-0.760 TEE2=-0.864 TEE3=-0.868  TEE4=-0.890
rank= 42 Lx=Ly=22 pg= 0.890 ids= 170 TEE1=-0.839 TEE2=-0.948 TEE3=-0.955  TEE4=-0.969
rank= 56 Lx=Ly=22 pg= 0.880 ids= 184 TEE1=-0.806 TEE2=-0.913 TEE3=-0.909  TEE4=-0.880
rank= 57 Lx=Ly=22 pg= 0.880 ids= 185 TEE1=-0.777 TEE2=-0.860 TEE3=-0.864  TEE4=-0.872
rank= 58 Lx=Ly=22 pg= 0.880 ids= 186 TEE1=-0.810 TEE2=-0.899 TEE3=-0.897  TEE4=-0.913
rank=109 Lx=Ly=22 pg= 0.880 ids= 237 TEE1=-0.816 TEE2=-0.919 TEE3=-0.928  TEE4=-0.934
rank= 67 Lx=Ly=22 pg= 0.890 ids= 195 TEE1=-0.829 TEE2=-0.932 TEE3=-0.934  TEE4=-0.940
rank= 96 Lx=Ly=22 pg= 0.890 ids= 224 TEE1=-0.826 TEE2=-0.913 TEE3=-0.909  TEE4=-0.909
rank= 40 Lx=Ly=22 pg= 0.890 ids= 168 TEE1=-0.781 TEE2=-0.855 TEE3=-0.868  TEE4=-0.909
rank= 99 Lx=Ly=22 pg= 0.890 ids= 227 TEE1=-0.839 TEE2=-0.921 TEE3=-0.921  TEE4=-0.913
rank= 92 Lx=Ly=22 pg= 0.870 ids= 220 TEE1=-0.793 TEE2=-0.878 TEE3=-0.880  TEE4=-0.901
rank= 24 Lx=Ly=22 pg= 0.880 ids= 152 TEE1=-0.841 TEE2=-0.928 TEE3=-0.928  TEE4=-0.944
rank= 90 Lx=Ly=22 pg= 0.870 ids= 218 TEE1=-0.752 TEE2=-0.874 TEE3=-0.872  TEE4=-0.868
rank= 78 Lx=Ly=22 pg= 0.880 ids= 206 TEE1=-0.744 TEE2=-0.822 TEE3=-0.800  TEE4=-0.798
rank=122 Lx=Ly=22 pg= 0.880 ids= 250 TEE1=-0.812 TEE2=-0.903 TEE3=-0.911  TEE4=-0.926
rank= 62 Lx=Ly=22 pg= 0.880 ids= 190 TEE1=-0.748 TEE2=-0.860 TEE3=-0.857  TEE4=-0.884
rank= 28 Lx=Ly=22 pg= 0.880 ids= 156 TEE1=-0.727 TEE2=-0.816 TEE3=-0.795  TEE4=-0.791
rank= 60 Lx=Ly=22 pg= 0.880 ids= 188 TEE1=-0.798 TEE2=-0.899 TEE3=-0.893  TEE4=-0.886
rank= 81 Lx=Ly=22 pg= 0.880 ids= 209 TEE1=-0.775 TEE2=-0.843 TEE3=-0.839  TEE4=-0.872
rank= 85 Lx=Ly=22 pg= 0.880 ids= 213 TEE1=-0.806 TEE2=-0.917 TEE3=-0.909  TEE4=-0.911
rank= 50 Lx=Ly=22 pg= 0.880 ids= 178 TEE1=-0.791 TEE2=-0.860 TEE3=-0.837  TEE4=-0.804
rank= 66 Lx=Ly=22 pg= 0.880 ids= 194 TEE1=-0.787 TEE2=-0.862 TEE3=-0.831  TEE4=-0.816
rank= 73 Lx=Ly=22 pg= 0.880 ids= 201 TEE1=-0.709 TEE2=-0.756 TEE3=-0.740  TEE4=-0.700
rank= 59 Lx=Ly=22 pg= 0.880 ids= 187 TEE1=-0.775 TEE2=-0.874 TEE3=-0.878  TEE4=-0.876
rank= 97 Lx=Ly=22 pg= 0.890 ids= 225 TEE1=-0.806 TEE2=-0.888 TEE3=-0.884  TEE4=-0.905
rank= 37 Lx=Ly=22 pg= 0.890 ids= 165 TEE1=-0.849 TEE2=-0.913 TEE3=-0.911  TEE4=-0.915
rank= 82 Lx=Ly=22 pg= 0.880 ids= 210 TEE1=-0.777 TEE2=-0.880 TEE3=-0.876  TEE4=-0.878
rank= 33 Lx=Ly=22 pg= 0.890 ids= 161 TEE1=-0.744 TEE2=-0.804 TEE3=-0.787  TEE4=-0.781
rank= 71 Lx=Ly=22 pg= 0.890 ids= 199 TEE1=-0.781 TEE2=-0.868 TEE3=-0.866  TEE4=-0.878
rank= 68 Lx=Ly=22 pg= 0.880 ids= 196 TEE1=-0.775 TEE2=-0.849 TEE3=-0.849  TEE4=-0.826
rank= 19 Lx=Ly=22 pg= 0.880 ids= 147 TEE1=-0.769 TEE2=-0.855 TEE3=-0.829  TEE4=-0.804
rank=119 Lx=Ly=22 pg= 0.880 ids= 247 TEE1=-0.762 TEE2=-0.862 TEE3=-0.845  TEE4=-0.833
rank= 39 Lx=Ly=22 pg= 0.890 ids= 167 TEE1=-0.789 TEE2=-0.868 TEE3=-0.866  TEE4=-0.893
rank= 44 Lx=Ly=22 pg= 0.890 ids= 172 TEE1=-0.785 TEE2=-0.893 TEE3=-0.884  TEE4=-0.870
rank= 45 Lx=Ly=22 pg= 0.890 ids= 173 TEE1=-0.808 TEE2=-0.903 TEE3=-0.907  TEE4=-0.884
rank= 89 Lx=Ly=22 pg= 0.880 ids= 217 TEE1=-0.793 TEE2=-0.895 TEE3=-0.895  TEE4=-0.899
rank= 70 Lx=Ly=22 pg= 0.880 ids= 198 TEE1=-0.738 TEE2=-0.843 TEE3=-0.837  TEE4=-0.798
rank= 69 Lx=Ly=22 pg= 0.890 ids= 197 TEE1=-0.818 TEE2=-0.915 TEE3=-0.917  TEE4=-0.895
rank= 52 Lx=Ly=22 pg= 0.880 ids= 180 TEE1=-0.771 TEE2=-0.880 TEE3=-0.886  TEE4=-0.909
rank=  2 Lx=Ly=22 pg= 0.890 ids= 130 TEE1=-0.789 TEE2=-0.880 TEE3=-0.888  TEE4=-0.895
rank= 46 Lx=Ly=22 pg= 0.890 ids= 174 TEE1=-0.816 TEE2=-0.913 TEE3=-0.919  TEE4=-0.911
rank=103 Lx=Ly=22 pg= 0.890 ids= 231 TEE1=-0.864 TEE2=-0.952 TEE3=-0.957  TEE4=-0.967
rank= 77 Lx=Ly=22 pg= 0.880 ids= 205 TEE1=-0.764 TEE2=-0.864 TEE3=-0.849  TEE4=-0.849
rank=101 Lx=Ly=22 pg= 0.890 ids= 229 TEE1=-0.833 TEE2=-0.944 TEE3=-0.942  TEE4=-0.963
rank= 79 Lx=Ly=22 pg= 0.880 ids= 207 TEE1=-0.783 TEE2=-0.833 TEE3=-0.810  TEE4=-0.841
rank= 25 Lx=Ly=22 pg= 0.890 ids= 153 TEE1=-0.812 TEE2=-0.909 TEE3=-0.905  TEE4=-0.919
rank= 54 Lx=Ly=22 pg= 0.880 ids= 182 TEE1=-0.767 TEE2=-0.884 TEE3=-0.886  TEE4=-0.895
rank=112 Lx=Ly=22 pg= 0.890 ids= 240 TEE1=-0.862 TEE2=-0.921 TEE3=-0.917  TEE4=-0.930
rank= 72 Lx=Ly=22 pg= 0.880 ids= 200 TEE1=-0.820 TEE2=-0.899 TEE3=-0.895  TEE4=-0.903
rank= 63 Lx=Ly=22 pg= 0.880 ids= 191 TEE1=-0.746 TEE2=-0.874 TEE3=-0.886  TEE4=-0.897
rank= 51 Lx=Ly=22 pg= 0.890 ids= 179 TEE1=-0.798 TEE2=-0.895 TEE3=-0.895  TEE4=-0.917
rank= 76 Lx=Ly=22 pg= 0.880 ids= 204 TEE1=-0.798 TEE2=-0.895 TEE3=-0.890  TEE4=-0.901
rank= 61 Lx=Ly=22 pg= 0.880 ids= 189 TEE1=-0.762 TEE2=-0.876 TEE3=-0.876  TEE4=-0.878
rank= 23 Lx=Ly=22 pg= 0.880 ids= 151 TEE1=-0.781 TEE2=-0.890 TEE3=-0.886  TEE4=-0.886
rank= 20 Lx=Ly=22 pg= 0.880 ids= 148 TEE1=-0.760 TEE2=-0.835 TEE3=-0.843  TEE4=-0.849
rank=110 Lx=Ly=22 pg= 0.890 ids= 238 TEE1=-0.839 TEE2=-0.909 TEE3=-0.911  TEE4=-0.909
rank=107 Lx=Ly=22 pg= 0.890 ids= 235 TEE1=-0.820 TEE2=-0.930 TEE3=-0.936  TEE4=-0.934
rank= 17 Lx=Ly=22 pg= 0.880 ids= 145 TEE1=-0.843 TEE2=-0.957 TEE3=-0.957  TEE4=-0.955
rank=113 Lx=Ly=22 pg= 0.880 ids= 241 TEE1=-0.785 TEE2=-0.872 TEE3=-0.849  TEE4=-0.839
rank=120 Lx=Ly=22 pg= 0.880 ids= 248 TEE1=-0.806 TEE2=-0.903 TEE3=-0.903  TEE4=-0.903
rank=127 Lx=Ly=22 pg= 0.890 ids= 255 TEE1=-0.793 TEE2=-0.909 TEE3=-0.911  TEE4=-0.924
rank= 21 Lx=Ly=22 pg= 0.880 ids= 149 TEE1=-0.783 TEE2=-0.890 TEE3=-0.895  TEE4=-0.899
rank= 31 Lx=Ly=22 pg= 0.890 ids= 159 TEE1=-0.818 TEE2=-0.930 TEE3=-0.936  TEE4=-0.921
rank=106 Lx=Ly=22 pg= 0.890 ids= 234 TEE1=-0.804 TEE2=-0.911 TEE3=-0.907  TEE4=-0.907
rank= 41 Lx=Ly=22 pg= 0.890 ids= 169 TEE1=-0.818 TEE2=-0.942 TEE3=-0.946  TEE4=-0.959
rank=121 Lx=Ly=22 pg= 0.890 ids= 249 TEE1=-0.835 TEE2=-0.930 TEE3=-0.930  TEE4=-0.961
rank= 16 Lx=Ly=22 pg= 0.880 ids= 144 TEE1=-0.740 TEE2=-0.886 TEE3=-0.882  TEE4=-0.893
rank=115 Lx=Ly=22 pg= 0.880 ids= 243 TEE1=-0.829 TEE2=-0.919 TEE3=-0.924  TEE4=-0.905
rank=117 Lx=Ly=22 pg= 0.880 ids= 245 TEE1=-0.748 TEE2=-0.826 TEE3=-0.820  TEE4=-0.849
rank=116 Lx=Ly=22 pg= 0.890 ids= 244 TEE1=-0.781 TEE2=-0.864 TEE3=-0.862  TEE4=-0.886
rank= 93 Lx=Ly=22 pg= 0.880 ids= 221 TEE1=-0.785 TEE2=-0.907 TEE3=-0.903  TEE4=-0.924
rank= 22 Lx=Ly=22 pg= 0.880 ids= 150 TEE1=-0.818 TEE2=-0.948 TEE3=-0.948  TEE4=-0.959
rank= 47 Lx=Ly=22 pg= 0.890 ids= 175 TEE1=-0.810 TEE2=-0.917 TEE3=-0.911  TEE4=-0.913
rank=124 Lx=Ly=22 pg= 0.880 ids= 252 TEE1=-0.777 TEE2=-0.882 TEE3=-0.872  TEE4=-0.866
rank= 27 Lx=Ly=22 pg= 0.890 ids= 155 TEE1=-0.767 TEE2=-0.874 TEE3=-0.855  TEE4=-0.841
rank= 30 Lx=Ly=22 pg= 0.890 ids= 158 TEE1=-0.818 TEE2=-0.888 TEE3=-0.890  TEE4=-0.911
rank=126 Lx=Ly=22 pg= 0.880 ids= 254 TEE1=-0.793 TEE2=-0.913 TEE3=-0.903  TEE4=-0.907
rank= 43 Lx=Ly=22 pg= 0.890 ids= 171 TEE1=-0.783 TEE2=-0.884 TEE3=-0.905  TEE4=-0.895
rank= 38 Lx=Ly=22 pg= 0.890 ids= 166 TEE1=-0.810 TEE2=-0.930 TEE3=-0.930  TEE4=-0.917
rank= 91 Lx=Ly=22 pg= 0.880 ids= 219 TEE1=-0.818 TEE2=-0.928 TEE3=-0.924  TEE4=-0.940
rank= 11 Lx=Ly=22 pg= 0.890 ids= 139 TEE1=-0.826 TEE2=-0.897 TEE3=-0.897  TEE4=-0.911
rank=104 Lx=Ly=22 pg= 0.890 ids= 232 TEE1=-0.824 TEE2=-0.911 TEE3=-0.915  TEE4=-0.940
rank= 49 Lx=Ly=22 pg= 0.890 ids= 177 TEE1=-0.808 TEE2=-0.903 TEE3=-0.903  TEE4=-0.928
rank=100 Lx=Ly=22 pg= 0.900 ids= 228 TEE1=-0.876 TEE2=-0.963 TEE3=-0.969  TEE4=-0.983
rank= 18 Lx=Ly=22 pg= 0.880 ids= 146 TEE1=-0.818 TEE2=-0.938 TEE3=-0.924  TEE4=-0.928
rank=  6 Lx=Ly=22 pg= 0.890 ids= 134 TEE1=-0.777 TEE2=-0.857 TEE3=-0.851  TEE4=-0.851
rank=108 Lx=Ly=22 pg= 0.890 ids= 236 TEE1=-0.847 TEE2=-0.955 TEE3=-0.952  TEE4=-0.946
rank= 12 Lx=Ly=22 pg= 0.900 ids= 140 TEE1=-0.810 TEE2=-0.913 TEE3=-0.917  TEE4=-0.915
rank= 86 Lx=Ly=22 pg= 0.880 ids= 214 TEE1=-0.795 TEE2=-0.886 TEE3=-0.882  TEE4=-0.884
rank=  8 Lx=Ly=22 pg= 0.900 ids= 136 TEE1=-0.804 TEE2=-0.917 TEE3=-0.919  TEE4=-0.901
rank=  3 Lx=Ly=22 pg= 0.900 ids= 131 TEE1=-0.837 TEE2=-0.921 TEE3=-0.917  TEE4=-0.942
rank=118 Lx=Ly=22 pg= 0.890 ids= 246 TEE1=-0.818 TEE2=-0.907 TEE3=-0.899  TEE4=-0.909
rank= 15 Lx=Ly=22 pg= 0.890 ids= 143 TEE1=-0.831 TEE2=-0.895 TEE3=-0.880  TEE4=-0.890
rank= 29 Lx=Ly=22 pg= 0.890 ids= 157 TEE1=-0.810 TEE2=-0.890 TEE3=-0.886  TEE4=-0.890
rank=  4 Lx=Ly=22 pg= 0.890 ids= 132 TEE1=-0.787 TEE2=-0.876 TEE3=-0.880  TEE4=-0.872
rank=125 Lx=Ly=22 pg= 0.890 ids= 253 TEE1=-0.843 TEE2=-0.924 TEE3=-0.921  TEE4=-0.936
rank= 80 Lx=Ly=22 pg= 0.880 ids= 208 TEE1=-0.783 TEE2=-0.893 TEE3=-0.890  TEE4=-0.874
rank=  9 Lx=Ly=22 pg= 0.890 ids= 137 TEE1=-0.785 TEE2=-0.907 TEE3=-0.911  TEE4=-0.928
rank= 95 Lx=Ly=22 pg= 0.880 ids= 223 TEE1=-0.733 TEE2=-0.818 TEE3=-0.802  TEE4=-0.783
rank= 13 Lx=Ly=22 pg= 0.890 ids= 141 TEE1=-0.775 TEE2=-0.911 TEE3=-0.909  TEE4=-0.897
rank=123 Lx=Ly=22 pg= 0.890 ids= 251 TEE1=-0.870 TEE2=-0.969 TEE3=-0.969  TEE4=-0.965
rank=  0 Lx=Ly=22 pg= 0.890 ids= 128 TEE1=-0.818 TEE2=-0.901 TEE3=-0.907  TEE4=-0.919
rank=114 Lx=Ly=22 pg= 0.890 ids= 242 TEE1=-0.833 TEE2=-0.932 TEE3=-0.934  TEE4=-0.955
rank= 14 Lx=Ly=22 pg= 0.900 ids= 142 TEE1=-0.812 TEE2=-0.895 TEE3=-0.899  TEE4=-0.895
rank= 84 Lx=Ly=22 pg= 0.880 ids= 212 TEE1=-0.791 TEE2=-0.857 TEE3=-0.860  TEE4=-0.857
rank= 83 Lx=Ly=22 pg= 0.890 ids= 211 TEE1=-0.816 TEE2=-0.903 TEE3=-0.901  TEE4=-0.919
rank= 32 Lx=Ly=22 pg= 0.890 ids= 160 TEE1=-0.793 TEE2=-0.870 TEE3=-0.864  TEE4=-0.882
rank= 35 Lx=Ly=22 pg= 0.900 ids= 163 TEE1=-0.812 TEE2=-0.884 TEE3=-0.876  TEE4=-0.893
rank= 64 Lx=Ly=22 pg= 0.890 ids= 192 TEE1=-0.816 TEE2=-0.888 TEE3=-0.895  TEE4=-0.893
rank= 65 Lx=Ly=22 pg= 0.900 ids= 193 TEE1=-0.826 TEE2=-0.921 TEE3=-0.928  TEE4=-0.924
rank= 34 Lx=Ly=22 pg= 0.890 ids= 162 TEE1=-0.835 TEE2=-0.930 TEE3=-0.926  TEE4=-0.924
rank=102 Lx=Ly=22 pg= 0.900 ids= 230 TEE1=-0.870 TEE2=-0.969 TEE3=-0.971  TEE4=-0.988
rank= 26 Lx=Ly=22 pg= 0.890 ids= 154 TEE1=-0.849 TEE2=-0.940 TEE3=-0.932  TEE4=-0.926
rank= 36 Lx=Ly=22 pg= 0.890 ids= 164 TEE1=-0.810 TEE2=-0.907 TEE3=-0.907  TEE4=-0.895
rank=111 Lx=Ly=22 pg= 0.890 ids= 239 TEE1=-0.750 TEE2=-0.886 TEE3=-0.890  TEE4=-0.924
rank=105 Lx=Ly=22 pg= 0.890 ids= 233 TEE1=-0.804 TEE2=-0.893 TEE3=-0.895  TEE4=-0.899
rank= 94 Lx=Ly=22 pg= 0.880 ids= 222 TEE1=-0.789 TEE2=-0.899 TEE3=-0.909  TEE4=-0.928
rank= 53 Lx=Ly=22 pg= 0.890 ids= 181 TEE1=-0.769 TEE2=-0.860 TEE3=-0.870  TEE4=-0.878
rank= 74 Lx=Ly=22 pg= 0.890 ids= 202 TEE1=-0.816 TEE2=-0.921 TEE3=-0.913  TEE4=-0.934
rank= 55 Lx=Ly=22 pg= 0.890 ids= 183 TEE1=-0.795 TEE2=-0.899 TEE3=-0.901  TEE4=-0.907
rank= 48 Lx=Ly=22 pg= 0.890 ids= 176 TEE1=-0.857 TEE2=-0.940 TEE3=-0.940  TEE4=-0.942
rank= 75 Lx=Ly=22 pg= 0.890 ids= 203 TEE1=-0.808 TEE2=-0.907 TEE3=-0.899  TEE4=-0.899
rank=  5 Lx=Ly=22 pg= 0.900 ids= 133 TEE1=-0.822 TEE2=-0.942 TEE3=-0.948  TEE4=-0.936
rank= 88 Lx=Ly=22 pg= 0.880 ids= 216 TEE1=-0.814 TEE2=-0.921 TEE3=-0.915  TEE4=-0.930
rank= 87 Lx=Ly=22 pg= 0.890 ids= 215 TEE1=-0.820 TEE2=-0.895 TEE3=-0.886  TEE4=-0.876
rank= 98 Lx=Ly=22 pg= 0.900 ids= 226 TEE1=-0.829 TEE2=-0.924 TEE3=-0.928  TEE4=-0.948
rank=  7 Lx=Ly=22 pg= 0.900 ids= 135 TEE1=-0.857 TEE2=-0.950 TEE3=-0.955  TEE4=-0.971
rank= 10 Lx=Ly=22 pg= 0.900 ids= 138 TEE1=-0.862 TEE2=-0.959 TEE3=-0.963  TEE4=-0.971
rank=  1 Lx=Ly=22 pg= 0.900 ids= 129 TEE1=-0.855 TEE2=-0.932 TEE3=-0.926  TEE4=-0.921
rank= 42 Lx=Ly=22 pg= 0.900 ids= 170 TEE1=-0.841 TEE2=-0.903 TEE3=-0.907  TEE4=-0.938
rank= 57 Lx=Ly=22 pg= 0.890 ids= 185 TEE1=-0.808 TEE2=-0.868 TEE3=-0.868  TEE4=-0.899
rank= 56 Lx=Ly=22 pg= 0.890 ids= 184 TEE1=-0.816 TEE2=-0.888 TEE3=-0.888  TEE4=-0.911
rank= 58 Lx=Ly=22 pg= 0.890 ids= 186 TEE1=-0.800 TEE2=-0.888 TEE3=-0.888  TEE4=-0.893
rank= 67 Lx=Ly=22 pg= 0.900 ids= 195 TEE1=-0.831 TEE2=-0.921 TEE3=-0.924  TEE4=-0.932
rank=109 Lx=Ly=22 pg= 0.890 ids= 237 TEE1=-0.833 TEE2=-0.926 TEE3=-0.930  TEE4=-0.924
rank= 96 Lx=Ly=22 pg= 0.900 ids= 224 TEE1=-0.818 TEE2=-0.905 TEE3=-0.907  TEE4=-0.913
rank= 40 Lx=Ly=22 pg= 0.900 ids= 168 TEE1=-0.833 TEE2=-0.934 TEE3=-0.938  TEE4=-0.963
rank= 99 Lx=Ly=22 pg= 0.900 ids= 227 TEE1=-0.826 TEE2=-0.952 TEE3=-0.957  TEE4=-0.975
rank= 24 Lx=Ly=22 pg= 0.890 ids= 152 TEE1=-0.868 TEE2=-0.948 TEE3=-0.942  TEE4=-0.961
rank=122 Lx=Ly=22 pg= 0.890 ids= 250 TEE1=-0.779 TEE2=-0.903 TEE3=-0.895  TEE4=-0.899
rank= 78 Lx=Ly=22 pg= 0.890 ids= 206 TEE1=-0.783 TEE2=-0.868 TEE3=-0.866  TEE4=-0.884
rank= 92 Lx=Ly=22 pg= 0.880 ids= 220 TEE1=-0.754 TEE2=-0.864 TEE3=-0.878  TEE4=-0.924
rank= 62 Lx=Ly=22 pg= 0.890 ids= 190 TEE1=-0.808 TEE2=-0.911 TEE3=-0.907  TEE4=-0.899
rank= 90 Lx=Ly=22 pg= 0.880 ids= 218 TEE1=-0.798 TEE2=-0.913 TEE3=-0.909  TEE4=-0.957
rank= 28 Lx=Ly=22 pg= 0.890 ids= 156 TEE1=-0.833 TEE2=-0.940 TEE3=-0.952  TEE4=-0.959
rank= 60 Lx=Ly=22 pg= 0.890 ids= 188 TEE1=-0.795 TEE2=-0.872 TEE3=-0.857  TEE4=-0.831
rank= 81 Lx=Ly=22 pg= 0.890 ids= 209 TEE1=-0.831 TEE2=-0.932 TEE3=-0.938  TEE4=-0.950
rank= 85 Lx=Ly=22 pg= 0.890 ids= 213 TEE1=-0.833 TEE2=-0.928 TEE3=-0.921  TEE4=-0.926
rank= 50 Lx=Ly=22 pg= 0.890 ids= 178 TEE1=-0.824 TEE2=-0.915 TEE3=-0.917  TEE4=-0.940
rank= 73 Lx=Ly=22 pg= 0.890 ids= 201 TEE1=-0.831 TEE2=-0.909 TEE3=-0.899  TEE4=-0.901
rank= 59 Lx=Ly=22 pg= 0.890 ids= 187 TEE1=-0.829 TEE2=-0.917 TEE3=-0.913  TEE4=-0.926
rank= 66 Lx=Ly=22 pg= 0.890 ids= 194 TEE1=-0.795 TEE2=-0.895 TEE3=-0.899  TEE4=-0.917
rank= 97 Lx=Ly=22 pg= 0.900 ids= 225 TEE1=-0.843 TEE2=-0.940 TEE3=-0.944  TEE4=-0.967
rank= 37 Lx=Ly=22 pg= 0.900 ids= 165 TEE1=-0.849 TEE2=-0.975 TEE3=-0.979  TEE4=-0.988
rank= 33 Lx=Ly=22 pg= 0.900 ids= 161 TEE1=-0.824 TEE2=-0.940 TEE3=-0.948  TEE4=-0.952
rank= 71 Lx=Ly=22 pg= 0.900 ids= 199 TEE1=-0.822 TEE2=-0.936 TEE3=-0.942  TEE4=-0.948
rank= 19 Lx=Ly=22 pg= 0.890 ids= 147 TEE1=-0.847 TEE2=-0.921 TEE3=-0.924  TEE4=-0.936
rank= 82 Lx=Ly=22 pg= 0.890 ids= 210 TEE1=-0.833 TEE2=-0.907 TEE3=-0.915  TEE4=-0.942
rank= 39 Lx=Ly=22 pg= 0.900 ids= 167 TEE1=-0.831 TEE2=-0.909 TEE3=-0.907  TEE4=-0.905
rank= 68 Lx=Ly=22 pg= 0.890 ids= 196 TEE1=-0.843 TEE2=-0.944 TEE3=-0.942  TEE4=-0.955
rank= 45 Lx=Ly=22 pg= 0.900 ids= 173 TEE1=-0.839 TEE2=-0.944 TEE3=-0.946  TEE4=-0.950
rank= 44 Lx=Ly=22 pg= 0.900 ids= 172 TEE1=-0.845 TEE2=-0.936 TEE3=-0.926  TEE4=-0.909
rank=119 Lx=Ly=22 pg= 0.890 ids= 247 TEE1=-0.860 TEE2=-0.971 TEE3=-0.973  TEE4=-0.983
rank= 89 Lx=Ly=22 pg= 0.890 ids= 217 TEE1=-0.810 TEE2=-0.932 TEE3=-0.932  TEE4=-0.934
rank=  2 Lx=Ly=22 pg= 0.900 ids= 130 TEE1=-0.822 TEE2=-0.946 TEE3=-0.948  TEE4=-0.955
rank= 69 Lx=Ly=22 pg= 0.900 ids= 197 TEE1=-0.847 TEE2=-0.932 TEE3=-0.938  TEE4=-0.948
rank= 52 Lx=Ly=22 pg= 0.890 ids= 180 TEE1=-0.793 TEE2=-0.897 TEE3=-0.888  TEE4=-0.901
rank= 70 Lx=Ly=22 pg= 0.890 ids= 198 TEE1=-0.829 TEE2=-0.936 TEE3=-0.940  TEE4=-0.952
rank=103 Lx=Ly=22 pg= 0.900 ids= 231 TEE1=-0.870 TEE2=-0.959 TEE3=-0.961  TEE4=-0.975
rank= 46 Lx=Ly=22 pg= 0.900 ids= 174 TEE1=-0.810 TEE2=-0.895 TEE3=-0.890  TEE4=-0.884
rank=101 Lx=Ly=22 pg= 0.900 ids= 229 TEE1=-0.839 TEE2=-0.938 TEE3=-0.934  TEE4=-0.921
rank= 77 Lx=Ly=22 pg= 0.890 ids= 205 TEE1=-0.816 TEE2=-0.955 TEE3=-0.959  TEE4=-0.977
rank= 25 Lx=Ly=22 pg= 0.900 ids= 153 TEE1=-0.812 TEE2=-0.909 TEE3=-0.890  TEE4=-0.895
rank= 79 Lx=Ly=22 pg= 0.890 ids= 207 TEE1=-0.845 TEE2=-0.926 TEE3=-0.928  TEE4=-0.934
rank=112 Lx=Ly=22 pg= 0.900 ids= 240 TEE1=-0.843 TEE2=-0.919 TEE3=-0.919  TEE4=-0.917
rank= 54 Lx=Ly=22 pg= 0.890 ids= 182 TEE1=-0.843 TEE2=-0.932 TEE3=-0.930  TEE4=-0.917
rank= 51 Lx=Ly=22 pg= 0.900 ids= 179 TEE1=-0.845 TEE2=-0.940 TEE3=-0.942  TEE4=-0.950
rank= 63 Lx=Ly=22 pg= 0.890 ids= 191 TEE1=-0.802 TEE2=-0.907 TEE3=-0.917  TEE4=-0.938
rank= 72 Lx=Ly=22 pg= 0.890 ids= 200 TEE1=-0.783 TEE2=-0.874 TEE3=-0.876  TEE4=-0.905
rank= 61 Lx=Ly=22 pg= 0.890 ids= 189 TEE1=-0.864 TEE2=-0.938 TEE3=-0.940  TEE4=-0.952
rank= 23 Lx=Ly=22 pg= 0.890 ids= 151 TEE1=-0.833 TEE2=-0.924 TEE3=-0.919  TEE4=-0.919
rank= 76 Lx=Ly=22 pg= 0.890 ids= 204 TEE1=-0.783 TEE2=-0.872 TEE3=-0.878  TEE4=-0.880
rank= 20 Lx=Ly=22 pg= 0.890 ids= 148 TEE1=-0.820 TEE2=-0.913 TEE3=-0.924  TEE4=-0.907
rank=107 Lx=Ly=22 pg= 0.900 ids= 235 TEE1=-0.853 TEE2=-0.940 TEE3=-0.938  TEE4=-0.957
rank=110 Lx=Ly=22 pg= 0.900 ids= 238 TEE1=-0.870 TEE2=-0.946 TEE3=-0.948  TEE4=-0.961
rank=113 Lx=Ly=22 pg= 0.890 ids= 241 TEE1=-0.785 TEE2=-0.890 TEE3=-0.895  TEE4=-0.919
rank= 17 Lx=Ly=22 pg= 0.890 ids= 145 TEE1=-0.808 TEE2=-0.907 TEE3=-0.911  TEE4=-0.901
rank=120 Lx=Ly=22 pg= 0.890 ids= 248 TEE1=-0.837 TEE2=-0.932 TEE3=-0.934  TEE4=-0.967
rank=127 Lx=Ly=22 pg= 0.900 ids= 255 TEE1=-0.806 TEE2=-0.915 TEE3=-0.919  TEE4=-0.952
rank= 41 Lx=Ly=22 pg= 0.900 ids= 169 TEE1=-0.793 TEE2=-0.878 TEE3=-0.868  TEE4=-0.895
rank=106 Lx=Ly=22 pg= 0.900 ids= 234 TEE1=-0.831 TEE2=-0.938 TEE3=-0.942  TEE4=-0.944
rank= 21 Lx=Ly=22 pg= 0.890 ids= 149 TEE1=-0.829 TEE2=-0.913 TEE3=-0.919  TEE4=-0.948
rank= 31 Lx=Ly=22 pg= 0.900 ids= 159 TEE1=-0.820 TEE2=-0.907 TEE3=-0.911  TEE4=-0.897
rank=121 Lx=Ly=22 pg= 0.900 ids= 249 TEE1=-0.847 TEE2=-0.940 TEE3=-0.944  TEE4=-0.963
rank= 16 Lx=Ly=22 pg= 0.890 ids= 144 TEE1=-0.831 TEE2=-0.944 TEE3=-0.948  TEE4=-0.948
rank=116 Lx=Ly=22 pg= 0.900 ids= 244 TEE1=-0.876 TEE2=-0.944 TEE3=-0.942  TEE4=-0.959
rank= 47 Lx=Ly=22 pg= 0.900 ids= 175 TEE1=-0.833 TEE2=-0.926 TEE3=-0.921  TEE4=-0.944
rank=117 Lx=Ly=22 pg= 0.890 ids= 245 TEE1=-0.843 TEE2=-0.932 TEE3=-0.932  TEE4=-0.944
rank=115 Lx=Ly=22 pg= 0.890 ids= 243 TEE1=-0.802 TEE2=-0.930 TEE3=-0.936  TEE4=-0.942
rank= 93 Lx=Ly=22 pg= 0.890 ids= 221 TEE1=-0.791 TEE2=-0.911 TEE3=-0.921  TEE4=-0.924
rank= 22 Lx=Ly=22 pg= 0.890 ids= 150 TEE1=-0.769 TEE2=-0.874 TEE3=-0.882  TEE4=-0.890
rank= 43 Lx=Ly=22 pg= 0.900 ids= 171 TEE1=-0.826 TEE2=-0.952 TEE3=-0.952  TEE4=-0.965
rank=124 Lx=Ly=22 pg= 0.890 ids= 252 TEE1=-0.756 TEE2=-0.857 TEE3=-0.862  TEE4=-0.888
rank= 27 Lx=Ly=22 pg= 0.900 ids= 155 TEE1=-0.853 TEE2=-0.946 TEE3=-0.950  TEE4=-0.959
rank= 30 Lx=Ly=22 pg= 0.900 ids= 158 TEE1=-0.804 TEE2=-0.876 TEE3=-0.882  TEE4=-0.899
rank= 11 Lx=Ly=22 pg= 0.900 ids= 139 TEE1=-0.831 TEE2=-0.940 TEE3=-0.942  TEE4=-0.965
rank=126 Lx=Ly=22 pg= 0.890 ids= 254 TEE1=-0.713 TEE2=-0.837 TEE3=-0.851  TEE4=-0.857
rank= 38 Lx=Ly=22 pg= 0.900 ids= 166 TEE1=-0.831 TEE2=-0.926 TEE3=-0.928  TEE4=-0.963
rank= 91 Lx=Ly=22 pg= 0.890 ids= 219 TEE1=-0.791 TEE2=-0.876 TEE3=-0.882  TEE4=-0.897
rank=104 Lx=Ly=22 pg= 0.900 ids= 232 TEE1=-0.874 TEE2=-0.965 TEE3=-0.963  TEE4=-0.963
rank=100 Lx=Ly=22 pg= 0.700 ids= 356 TEE1= 0.002 TEE2= 0.019 TEE3= 0.025  TEE4= 0.023
rank= 49 Lx=Ly=22 pg= 0.900 ids= 177 TEE1=-0.812 TEE2=-0.899 TEE3=-0.897  TEE4=-0.905
rank=  6 Lx=Ly=22 pg= 0.900 ids= 134 TEE1=-0.847 TEE2=-0.938 TEE3=-0.930  TEE4=-0.946
rank= 18 Lx=Ly=22 pg= 0.890 ids= 146 TEE1=-0.785 TEE2=-0.890 TEE3=-0.895  TEE4=-0.913
rank= 12 Lx=Ly=22 pg= 0.700 ids= 268 TEE1= 0.004 TEE2= 0.010 TEE3= 0.010  TEE4= 0.006
rank=  8 Lx=Ly=22 pg= 0.700 ids= 264 TEE1=-0.006 TEE2= 0.012 TEE3= 0.029  TEE4= 0.025
rank=  3 Lx=Ly=22 pg= 0.700 ids= 259 TEE1=-0.039 TEE2= 0.002 TEE3= 0.017  TEE4= 0.017
rank=108 Lx=Ly=22 pg= 0.900 ids= 236 TEE1=-0.845 TEE2=-0.930 TEE3=-0.924  TEE4=-0.924
rank= 15 Lx=Ly=22 pg= 0.900 ids= 143 TEE1=-0.870 TEE2=-0.944 TEE3=-0.934  TEE4=-0.957
rank= 86 Lx=Ly=22 pg= 0.890 ids= 214 TEE1=-0.816 TEE2=-0.924 TEE3=-0.928  TEE4=-0.934
rank=118 Lx=Ly=22 pg= 0.900 ids= 246 TEE1=-0.800 TEE2=-0.893 TEE3=-0.895  TEE4=-0.913
rank=  4 Lx=Ly=22 pg= 0.900 ids= 132 TEE1=-0.769 TEE2=-0.853 TEE3=-0.843  TEE4=-0.833
rank= 29 Lx=Ly=22 pg= 0.900 ids= 157 TEE1=-0.804 TEE2=-0.903 TEE3=-0.903  TEE4=-0.884
rank=  9 Lx=Ly=22 pg= 0.900 ids= 137 TEE1=-0.864 TEE2=-0.936 TEE3=-0.936  TEE4=-0.955
rank= 13 Lx=Ly=22 pg= 0.900 ids= 141 TEE1=-0.899 TEE2=-0.988 TEE3=-0.990  TEE4=-0.988
rank=125 Lx=Ly=22 pg= 0.900 ids= 253 TEE1=-0.808 TEE2=-0.866 TEE3=-0.851  TEE4=-0.878
rank=123 Lx=Ly=22 pg= 0.900 ids= 251 TEE1=-0.829 TEE2=-0.950 TEE3=-0.959  TEE4=-0.973
rank= 95 Lx=Ly=22 pg= 0.890 ids= 223 TEE1=-0.816 TEE2=-0.905 TEE3=-0.895  TEE4=-0.919
rank= 80 Lx=Ly=22 pg= 0.890 ids= 208 TEE1=-0.874 TEE2=-0.971 TEE3=-0.979  TEE4=-0.977
rank=  0 Lx=Ly=22 pg= 0.900 ids= 128 TEE1=-0.820 TEE2=-0.895 TEE3=-0.897  TEE4=-0.903
rank= 14 Lx=Ly=22 pg= 0.700 ids= 270 TEE1= 0.012 TEE2= 0.021 TEE3= 0.023  TEE4= 0.010
rank=114 Lx=Ly=22 pg= 0.900 ids= 242 TEE1=-0.824 TEE2=-0.909 TEE3=-0.909  TEE4=-0.938
rank= 35 Lx=Ly=22 pg= 0.700 ids= 291 TEE1= 0.058 TEE2= 0.039 TEE3= 0.037  TEE4= 0.019
rank= 83 Lx=Ly=22 pg= 0.900 ids= 211 TEE1=-0.814 TEE2=-0.905 TEE3=-0.899  TEE4=-0.913
rank= 32 Lx=Ly=22 pg= 0.900 ids= 160 TEE1=-0.841 TEE2=-0.905 TEE3=-0.897  TEE4=-0.855
rank= 65 Lx=Ly=22 pg= 0.700 ids= 321 TEE1= 0.017 TEE2= 0.008 TEE3= 0.008  TEE4= 0.010
rank= 84 Lx=Ly=22 pg= 0.890 ids= 212 TEE1=-0.756 TEE2=-0.849 TEE3=-0.851  TEE4=-0.868
rank= 64 Lx=Ly=22 pg= 0.900 ids= 192 TEE1=-0.837 TEE2=-0.928 TEE3=-0.930  TEE4=-0.919
rank=102 Lx=Ly=22 pg= 0.700 ids= 358 TEE1= 0.010 TEE2= 0.021 TEE3= 0.023  TEE4= 0.017
rank= 34 Lx=Ly=22 pg= 0.900 ids= 162 TEE1=-0.810 TEE2=-0.897 TEE3=-0.899  TEE4=-0.917
rank= 26 Lx=Ly=22 pg= 0.900 ids= 154 TEE1=-0.843 TEE2=-0.903 TEE3=-0.901  TEE4=-0.897
rank= 36 Lx=Ly=22 pg= 0.900 ids= 164 TEE1=-0.868 TEE2=-0.965 TEE3=-0.965  TEE4=-0.975
rank=111 Lx=Ly=22 pg= 0.900 ids= 239 TEE1=-0.806 TEE2=-0.913 TEE3=-0.907  TEE4=-0.924
rank=105 Lx=Ly=22 pg= 0.900 ids= 233 TEE1=-0.847 TEE2=-0.924 TEE3=-0.924  TEE4=-0.950
rank= 53 Lx=Ly=22 pg= 0.900 ids= 181 TEE1=-0.812 TEE2=-0.915 TEE3=-0.913  TEE4=-0.946
rank= 48 Lx=Ly=22 pg= 0.900 ids= 176 TEE1=-0.839 TEE2=-0.930 TEE3=-0.932  TEE4=-0.926
rank= 74 Lx=Ly=22 pg= 0.900 ids= 202 TEE1=-0.822 TEE2=-0.921 TEE3=-0.930  TEE4=-0.932
rank= 55 Lx=Ly=22 pg= 0.900 ids= 183 TEE1=-0.849 TEE2=-0.950 TEE3=-0.955  TEE4=-0.969
rank= 94 Lx=Ly=22 pg= 0.890 ids= 222 TEE1=-0.777 TEE2=-0.855 TEE3=-0.853  TEE4=-0.857
rank= 75 Lx=Ly=22 pg= 0.900 ids= 203 TEE1=-0.829 TEE2=-0.905 TEE3=-0.907  TEE4=-0.903
rank=  5 Lx=Ly=22 pg= 0.700 ids= 261 TEE1= 0.008 TEE2= 0.023 TEE3= 0.023  TEE4= 0.025
rank= 98 Lx=Ly=22 pg= 0.700 ids= 354 TEE1= 0.052 TEE2= 0.033 TEE3= 0.025  TEE4= 0.023
rank=  7 Lx=Ly=22 pg= 0.700 ids= 263 TEE1= 0.017 TEE2= 0.025 TEE3= 0.027  TEE4= 0.019
rank= 10 Lx=Ly=22 pg= 0.700 ids= 266 TEE1= 0.043 TEE2= 0.023 TEE3= 0.025  TEE4= 0.017
rank=  1 Lx=Ly=22 pg= 0.700 ids= 257 TEE1=-0.019 TEE2= 0.043 TEE3= 0.066  TEE4= 0.066
rank= 42 Lx=Ly=22 pg= 0.700 ids= 298 TEE1= 0.062 TEE2= 0.064 TEE3= 0.064  TEE4= 0.050
rank= 87 Lx=Ly=22 pg= 0.900 ids= 215 TEE1=-0.847 TEE2=-0.915 TEE3=-0.921  TEE4=-0.930
rank= 88 Lx=Ly=22 pg= 0.890 ids= 216 TEE1=-0.767 TEE2=-0.860 TEE3=-0.855  TEE4=-0.837
rank= 57 Lx=Ly=22 pg= 0.900 ids= 185 TEE1=-0.804 TEE2=-0.899 TEE3=-0.890  TEE4=-0.888
rank= 56 Lx=Ly=22 pg= 0.900 ids= 184 TEE1=-0.849 TEE2=-0.934 TEE3=-0.930  TEE4=-0.948
rank= 58 Lx=Ly=22 pg= 0.900 ids= 186 TEE1=-0.814 TEE2=-0.911 TEE3=-0.919  TEE4=-0.930
rank= 40 Lx=Ly=22 pg= 0.700 ids= 296 TEE1=-0.031 TEE2= 0.010 TEE3= 0.012  TEE4= 0.004
rank= 67 Lx=Ly=22 pg= 0.700 ids= 323 TEE1=-0.056 TEE2=-0.002 TEE3= 0.035  TEE4= 0.050
rank= 96 Lx=Ly=22 pg= 0.700 ids= 352 TEE1=-0.008 TEE2= 0.048 TEE3= 0.070  TEE4= 0.087
rank= 99 Lx=Ly=22 pg= 0.700 ids= 355 TEE1=-0.037 TEE2= 0.017 TEE3= 0.035  TEE4= 0.041
rank=109 Lx=Ly=22 pg= 0.900 ids= 237 TEE1=-0.884 TEE2=-0.983 TEE3=-0.986  TEE4=-0.988
rank= 24 Lx=Ly=22 pg= 0.900 ids= 152 TEE1=-0.831 TEE2=-0.938 TEE3=-0.932  TEE4=-0.926
rank=122 Lx=Ly=22 pg= 0.900 ids= 250 TEE1=-0.851 TEE2=-0.936 TEE3=-0.932  TEE4=-0.955
rank= 78 Lx=Ly=22 pg= 0.900 ids= 206 TEE1=-0.851 TEE2=-0.938 TEE3=-0.942  TEE4=-0.963
rank= 62 Lx=Ly=22 pg= 0.900 ids= 190 TEE1=-0.862 TEE2=-0.932 TEE3=-0.936  TEE4=-0.946
rank= 28 Lx=Ly=22 pg= 0.900 ids= 156 TEE1=-0.899 TEE2=-0.971 TEE3=-0.979  TEE4=-0.981
rank= 92 Lx=Ly=22 pg= 0.890 ids= 220 TEE1=-0.777 TEE2=-0.893 TEE3=-0.888  TEE4=-0.880
rank= 60 Lx=Ly=22 pg= 0.900 ids= 188 TEE1=-0.853 TEE2=-0.946 TEE3=-0.946  TEE4=-0.965
rank= 50 Lx=Ly=22 pg= 0.900 ids= 178 TEE1=-0.771 TEE2=-0.880 TEE3=-0.886  TEE4=-0.888
rank= 90 Lx=Ly=22 pg= 0.890 ids= 218 TEE1=-0.843 TEE2=-0.924 TEE3=-0.926  TEE4=-0.950
rank= 81 Lx=Ly=22 pg= 0.900 ids= 209 TEE1=-0.853 TEE2=-0.957 TEE3=-0.959  TEE4=-0.973
rank= 85 Lx=Ly=22 pg= 0.900 ids= 213 TEE1=-0.802 TEE2=-0.903 TEE3=-0.903  TEE4=-0.938
rank= 97 Lx=Ly=22 pg= 0.700 ids= 353 TEE1= 0.027 TEE2= 0.019 TEE3= 0.019  TEE4= 0.010
rank= 73 Lx=Ly=22 pg= 0.900 ids= 201 TEE1=-0.787 TEE2=-0.872 TEE3=-0.866  TEE4=-0.860
rank= 59 Lx=Ly=22 pg= 0.900 ids= 187 TEE1=-0.787 TEE2=-0.866 TEE3=-0.866  TEE4=-0.893
rank= 37 Lx=Ly=22 pg= 0.700 ids= 293 TEE1=-0.017 TEE2= 0.031 TEE3= 0.062  TEE4= 0.052
rank= 33 Lx=Ly=22 pg= 0.700 ids= 289 TEE1=-0.039 TEE2= 0.004 TEE3= 0.006  TEE4= 0.006
rank= 66 Lx=Ly=22 pg= 0.900 ids= 194 TEE1=-0.839 TEE2=-0.932 TEE3=-0.921  TEE4=-0.921
rank= 71 Lx=Ly=22 pg= 0.700 ids= 327 TEE1= 0.006 TEE2= 0.033 TEE3= 0.043  TEE4= 0.031
rank= 19 Lx=Ly=22 pg= 0.900 ids= 147 TEE1=-0.826 TEE2=-0.893 TEE3=-0.893  TEE4=-0.905
rank= 45 Lx=Ly=22 pg= 0.700 ids= 301 TEE1= 0.050 TEE2= 0.039 TEE3= 0.035  TEE4= 0.021
rank= 39 Lx=Ly=22 pg= 0.700 ids= 295 TEE1=-0.050 TEE2=-0.002 TEE3= 0.010  TEE4= 0.006
rank= 44 Lx=Ly=22 pg= 0.700 ids= 300 TEE1= 0.043 TEE2= 0.017 TEE3= 0.014  TEE4= 0.008
rank= 82 Lx=Ly=22 pg= 0.900 ids= 210 TEE1=-0.837 TEE2=-0.944 TEE3=-0.942  TEE4=-0.959
rank=119 Lx=Ly=22 pg= 0.900 ids= 247 TEE1=-0.812 TEE2=-0.886 TEE3=-0.882  TEE4=-0.878
rank= 68 Lx=Ly=22 pg= 0.900 ids= 196 TEE1=-0.862 TEE2=-0.940 TEE3=-0.942  TEE4=-0.973
rank=  2 Lx=Ly=22 pg= 0.700 ids= 258 TEE1= 0.019 TEE2= 0.019 TEE3= 0.021  TEE4= 0.012
rank= 89 Lx=Ly=22 pg= 0.900 ids= 217 TEE1=-0.849 TEE2=-0.940 TEE3=-0.946  TEE4=-0.967
rank= 69 Lx=Ly=22 pg= 0.700 ids= 325 TEE1=-0.039 TEE2= 0.019 TEE3= 0.033  TEE4= 0.023
rank= 52 Lx=Ly=22 pg= 0.900 ids= 180 TEE1=-0.901 TEE2=-0.973 TEE3=-0.979  TEE4=-0.986
rank= 46 Lx=Ly=22 pg= 0.700 ids= 302 TEE1= 0.027 TEE2= 0.025 TEE3= 0.029  TEE4= 0.021
rank=101 Lx=Ly=22 pg= 0.700 ids= 357 TEE1= 0.048 TEE2= 0.039 TEE3= 0.039  TEE4= 0.031
rank=103 Lx=Ly=22 pg= 0.700 ids= 359 TEE1= 0.010 TEE2= 0.023 TEE3= 0.043  TEE4= 0.043
rank= 70 Lx=Ly=22 pg= 0.900 ids= 198 TEE1=-0.849 TEE2=-0.926 TEE3=-0.928  TEE4=-0.946
rank= 25 Lx=Ly=22 pg= 0.700 ids= 281 TEE1= 0.010 TEE2= 0.035 TEE3= 0.037  TEE4= 0.033
rank= 77 Lx=Ly=22 pg= 0.900 ids= 205 TEE1=-0.793 TEE2=-0.878 TEE3=-0.882  TEE4=-0.890
rank=112 Lx=Ly=22 pg= 0.700 ids= 368 TEE1=-0.012 TEE2= 0.041 TEE3= 0.041  TEE4= 0.033
rank= 79 Lx=Ly=22 pg= 0.900 ids= 207 TEE1=-0.860 TEE2=-0.936 TEE3=-0.936  TEE4=-0.957
rank= 51 Lx=Ly=22 pg= 0.700 ids= 307 TEE1= 0.006 TEE2= 0.060 TEE3= 0.074  TEE4= 0.074
rank= 54 Lx=Ly=22 pg= 0.900 ids= 182 TEE1=-0.798 TEE2=-0.890 TEE3=-0.893  TEE4=-0.890
rank= 63 Lx=Ly=22 pg= 0.900 ids= 191 TEE1=-0.880 TEE2=-0.948 TEE3=-0.957  TEE4=-0.952
rank=107 Lx=Ly=22 pg= 0.700 ids= 363 TEE1= 0.002 TEE2= 0.052 TEE3= 0.066  TEE4= 0.058
rank= 72 Lx=Ly=22 pg= 0.900 ids= 200 TEE1=-0.857 TEE2=-0.959 TEE3=-0.965  TEE4=-0.969
rank=110 Lx=Ly=22 pg= 0.700 ids= 366 TEE1=-0.008 TEE2= 0.031 TEE3= 0.050  TEE4= 0.060
rank= 20 Lx=Ly=22 pg= 0.900 ids= 148 TEE1=-0.847 TEE2=-0.940 TEE3=-0.938  TEE4=-0.952
rank= 23 Lx=Ly=22 pg= 0.900 ids= 151 TEE1=-0.868 TEE2=-0.955 TEE3=-0.946  TEE4=-0.950
rank= 61 Lx=Ly=22 pg= 0.900 ids= 189 TEE1=-0.822 TEE2=-0.944 TEE3=-0.952  TEE4=-0.975
rank= 76 Lx=Ly=22 pg= 0.900 ids= 204 TEE1=-0.837 TEE2=-0.950 TEE3=-0.959  TEE4=-0.969
rank=113 Lx=Ly=22 pg= 0.900 ids= 241 TEE1=-0.847 TEE2=-0.924 TEE3=-0.936  TEE4=-0.957
rank= 17 Lx=Ly=22 pg= 0.900 ids= 145 TEE1=-0.857 TEE2=-0.957 TEE3=-0.957  TEE4=-0.963
rank=120 Lx=Ly=22 pg= 0.900 ids= 248 TEE1=-0.816 TEE2=-0.911 TEE3=-0.911  TEE4=-0.917
rank= 41 Lx=Ly=22 pg= 0.700 ids= 297 TEE1= 0.023 TEE2= 0.023 TEE3= 0.021  TEE4= 0.010
rank=127 Lx=Ly=22 pg= 0.700 ids= 383 TEE1=-0.070 TEE2= 0.002 TEE3= 0.029  TEE4= 0.021
rank=106 Lx=Ly=22 pg= 0.700 ids= 362 TEE1= 0.012 TEE2= 0.014 TEE3= 0.025  TEE4= 0.027
rank= 31 Lx=Ly=22 pg= 0.700 ids= 287 TEE1= 0.014 TEE2= 0.023 TEE3= 0.029  TEE4= 0.017
rank= 21 Lx=Ly=22 pg= 0.900 ids= 149 TEE1=-0.895 TEE2=-0.965 TEE3=-0.967  TEE4=-0.971
rank=121 Lx=Ly=22 pg= 0.700 ids= 377 TEE1=-0.008 TEE2= 0.010 TEE3= 0.039  TEE4= 0.045
rank= 16 Lx=Ly=22 pg= 0.900 ids= 144 TEE1=-0.835 TEE2=-0.944 TEE3=-0.950  TEE4=-0.963
rank= 47 Lx=Ly=22 pg= 0.700 ids= 303 TEE1=-0.014 TEE2= 0.052 TEE3= 0.081  TEE4= 0.097
rank=116 Lx=Ly=22 pg= 0.700 ids= 372 TEE1= 0.037 TEE2= 0.029 TEE3= 0.033  TEE4= 0.037
rank=117 Lx=Ly=22 pg= 0.900 ids= 245 TEE1=-0.831 TEE2=-0.928 TEE3=-0.930  TEE4=-0.955
rank=115 Lx=Ly=22 pg= 0.900 ids= 243 TEE1=-0.866 TEE2=-0.938 TEE3=-0.940  TEE4=-0.942
rank= 22 Lx=Ly=22 pg= 0.900 ids= 150 TEE1=-0.847 TEE2=-0.930 TEE3=-0.926  TEE4=-0.930
rank= 43 Lx=Ly=22 pg= 0.700 ids= 299 TEE1=-0.025 TEE2=-0.006 TEE3= 0.008  TEE4= 0.006
rank= 11 Lx=Ly=22 pg= 0.700 ids= 267 TEE1= 0.048 TEE2= 0.054 TEE3= 0.058  TEE4= 0.039
rank= 93 Lx=Ly=22 pg= 0.900 ids= 221 TEE1=-0.843 TEE2=-0.915 TEE3=-0.911  TEE4=-0.940
rank= 30 Lx=Ly=22 pg= 0.700 ids= 286 TEE1= 0.002 TEE2= 0.008 TEE3= 0.019  TEE4= 0.017
rank= 27 Lx=Ly=22 pg= 0.700 ids= 283 TEE1=-0.017 TEE2= 0.052 TEE3= 0.066  TEE4= 0.052
rank=124 Lx=Ly=22 pg= 0.900 ids= 252 TEE1=-0.866 TEE2=-0.959 TEE3=-0.963  TEE4=-0.977
rank= 38 Lx=Ly=22 pg= 0.700 ids= 294 TEE1= 0.023 TEE2= 0.045 TEE3= 0.068  TEE4= 0.045
rank=126 Lx=Ly=22 pg= 0.900 ids= 254 TEE1=-0.853 TEE2=-0.940 TEE3=-0.942  TEE4=-0.936
rank=100 Lx=Ly=22 pg= 0.710 ids= 356 TEE1=-0.004 TEE2= 0.045 TEE3= 0.083  TEE4= 0.081
rank=104 Lx=Ly=22 pg= 0.700 ids= 360 TEE1= 0.002 TEE2= 0.023 TEE3= 0.021  TEE4= 0.012
rank= 49 Lx=Ly=22 pg= 0.700 ids= 305 TEE1=-0.031 TEE2= 0.027 TEE3= 0.033  TEE4= 0.033
rank= 91 Lx=Ly=22 pg= 0.900 ids= 219 TEE1=-0.907 TEE2=-0.992 TEE3=-0.994  TEE4=-0.996
rank=  6 Lx=Ly=22 pg= 0.700 ids= 262 TEE1=-0.068 TEE2= 0.019 TEE3= 0.041  TEE4= 0.052
rank= 12 Lx=Ly=22 pg= 0.710 ids= 268 TEE1=-0.035 TEE2= 0.027 TEE3= 0.041  TEE4= 0.052
rank=  3 Lx=Ly=22 pg= 0.710 ids= 259 TEE1=-0.031 TEE2= 0.014 TEE3= 0.041  TEE4= 0.041
rank=  8 Lx=Ly=22 pg= 0.710 ids= 264 TEE1= 0.037 TEE2= 0.050 TEE3= 0.060  TEE4= 0.064
rank= 18 Lx=Ly=22 pg= 0.900 ids= 146 TEE1=-0.812 TEE2=-0.899 TEE3=-0.899  TEE4=-0.895
rank=108 Lx=Ly=22 pg= 0.700 ids= 364 TEE1=-0.027 TEE2= 0.023 TEE3= 0.035  TEE4= 0.023
rank= 15 Lx=Ly=22 pg= 0.700 ids= 271 TEE1= 0.019 TEE2= 0.027 TEE3= 0.031  TEE4= 0.027
rank=  4 Lx=Ly=22 pg= 0.700 ids= 260 TEE1=-0.041 TEE2= 0.006 TEE3= 0.033  TEE4= 0.050
rank= 13 Lx=Ly=22 pg= 0.700 ids= 269 TEE1=-0.023 TEE2= 0.021 TEE3= 0.035  TEE4= 0.029
rank=  9 Lx=Ly=22 pg= 0.700 ids= 265 TEE1=-0.002 TEE2= 0.045 TEE3= 0.052  TEE4= 0.027
rank=118 Lx=Ly=22 pg= 0.700 ids= 374 TEE1=-0.033 TEE2= 0.021 TEE3= 0.035  TEE4= 0.021
rank= 29 Lx=Ly=22 pg= 0.700 ids= 285 TEE1= 0.035 TEE2= 0.048 TEE3= 0.056  TEE4= 0.058
rank=125 Lx=Ly=22 pg= 0.700 ids= 381 TEE1= 0.004 TEE2= 0.014 TEE3= 0.023  TEE4= 0.019
rank= 86 Lx=Ly=22 pg= 0.900 ids= 214 TEE1=-0.880 TEE2=-0.975 TEE3=-0.979  TEE4=-0.986
rank= 14 Lx=Ly=22 pg= 0.710 ids= 270 TEE1=-0.010 TEE2= 0.033 TEE3= 0.091  TEE4= 0.107
rank=  0 Lx=Ly=22 pg= 0.700 ids= 256 TEE1= 0.079 TEE2= 0.081 TEE3= 0.091  TEE4= 0.097
rank=123 Lx=Ly=22 pg= 0.700 ids= 379 TEE1= 0.012 TEE2= 0.060 TEE3= 0.079  TEE4= 0.068
rank= 95 Lx=Ly=22 pg= 0.900 ids= 223 TEE1=-0.866 TEE2=-0.961 TEE3=-0.967  TEE4=-0.977
rank= 35 Lx=Ly=22 pg= 0.710 ids= 291 TEE1=-0.014 TEE2= 0.002 TEE3= 0.023  TEE4= 0.027
rank= 80 Lx=Ly=22 pg= 0.900 ids= 208 TEE1=-0.800 TEE2=-0.884 TEE3=-0.876  TEE4=-0.860
rank=114 Lx=Ly=22 pg= 0.700 ids= 370 TEE1= 0.019 TEE2= 0.031 TEE3= 0.039  TEE4= 0.043
rank= 83 Lx=Ly=22 pg= 0.700 ids= 339 TEE1= 0.006 TEE2= 0.033 TEE3= 0.070  TEE4= 0.085
rank= 65 Lx=Ly=22 pg= 0.710 ids= 321 TEE1= 0.017 TEE2= 0.002 TEE3= 0.002  TEE4= 0.002
rank= 32 Lx=Ly=22 pg= 0.700 ids= 288 TEE1= 0.000 TEE2= 0.031 TEE3= 0.033  TEE4= 0.025
rank=102 Lx=Ly=22 pg= 0.710 ids= 358 TEE1=-0.112 TEE2=-0.029 TEE3= 0.029  TEE4= 0.031
rank= 64 Lx=Ly=22 pg= 0.700 ids= 320 TEE1=-0.089 TEE2=-0.002 TEE3= 0.029  TEE4= 0.025
rank= 34 Lx=Ly=22 pg= 0.700 ids= 290 TEE1=-0.012 TEE2= 0.006 TEE3= 0.008  TEE4= 0.006
rank= 84 Lx=Ly=22 pg= 0.900 ids= 212 TEE1=-0.812 TEE2=-0.886 TEE3=-0.870  TEE4=-0.870
rank= 26 Lx=Ly=22 pg= 0.700 ids= 282 TEE1= 0.043 TEE2= 0.060 TEE3= 0.060  TEE4= 0.039
rank= 36 Lx=Ly=22 pg= 0.700 ids= 292 TEE1=-0.033 TEE2= 0.033 TEE3= 0.041  TEE4= 0.039
rank=105 Lx=Ly=22 pg= 0.700 ids= 361 TEE1= 0.045 TEE2= 0.066 TEE3= 0.068  TEE4= 0.039
rank=111 Lx=Ly=22 pg= 0.700 ids= 367 TEE1=-0.027 TEE2= 0.058 TEE3= 0.072  TEE4= 0.058
rank= 48 Lx=Ly=22 pg= 0.700 ids= 304 TEE1= 0.041 TEE2= 0.070 TEE3= 0.074  TEE4= 0.054
rank= 53 Lx=Ly=22 pg= 0.700 ids= 309 TEE1= 0.050 TEE2= 0.017 TEE3= 0.012  TEE4= 0.010
rank= 74 Lx=Ly=22 pg= 0.700 ids= 330 TEE1=-0.062 TEE2= 0.012 TEE3= 0.058  TEE4= 0.068
rank= 55 Lx=Ly=22 pg= 0.700 ids= 311 TEE1=-0.087 TEE2=-0.004 TEE3= 0.035  TEE4= 0.045
rank= 75 Lx=Ly=22 pg= 0.700 ids= 331 TEE1=-0.041 TEE2= 0.014 TEE3= 0.031  TEE4= 0.039
rank=  5 Lx=Ly=22 pg= 0.710 ids= 261 TEE1= 0.004 TEE2= 0.033 TEE3= 0.043  TEE4= 0.027
rank= 98 Lx=Ly=22 pg= 0.710 ids= 354 TEE1=-0.021 TEE2= 0.004 TEE3= 0.006  TEE4= 0.014
rank= 94 Lx=Ly=22 pg= 0.900 ids= 222 TEE1=-0.835 TEE2=-0.930 TEE3=-0.924  TEE4=-0.930
rank=  7 Lx=Ly=22 pg= 0.710 ids= 263 TEE1= 0.033 TEE2= 0.021 TEE3= 0.035  TEE4= 0.029
rank=  1 Lx=Ly=22 pg= 0.710 ids= 257 TEE1=-0.021 TEE2= 0.006 TEE3= 0.012  TEE4= 0.006
rank= 10 Lx=Ly=22 pg= 0.710 ids= 266 TEE1=-0.045 TEE2= 0.041 TEE3= 0.085  TEE4= 0.081
rank= 42 Lx=Ly=22 pg= 0.710 ids= 298 TEE1=-0.023 TEE2= 0.012 TEE3= 0.014  TEE4= 0.008
rank= 87 Lx=Ly=22 pg= 0.700 ids= 343 TEE1= 0.002 TEE2= 0.039 TEE3= 0.048  TEE4= 0.041
rank= 57 Lx=Ly=22 pg= 0.700 ids= 313 TEE1= 0.027 TEE2= 0.008 TEE3= 0.008  TEE4= 0.004
rank= 88 Lx=Ly=22 pg= 0.900 ids= 216 TEE1=-0.839 TEE2=-0.917 TEE3=-0.921  TEE4=-0.952
rank= 56 Lx=Ly=22 pg= 0.700 ids= 312 TEE1=-0.010 TEE2= 0.021 TEE3= 0.043  TEE4= 0.048
rank= 40 Lx=Ly=22 pg= 0.710 ids= 296 TEE1=-0.010 TEE2= 0.021 TEE3= 0.021  TEE4= 0.017
rank= 99 Lx=Ly=22 pg= 0.710 ids= 355 TEE1=-0.087 TEE2=-0.023 TEE3= 0.027  TEE4= 0.060
rank= 67 Lx=Ly=22 pg= 0.710 ids= 323 TEE1=-0.019 TEE2= 0.037 TEE3= 0.048  TEE4= 0.035
rank= 58 Lx=Ly=22 pg= 0.700 ids= 314 TEE1=-0.014 TEE2= 0.064 TEE3= 0.081  TEE4= 0.064
rank= 96 Lx=Ly=22 pg= 0.710 ids= 352 TEE1=-0.043 TEE2= 0.023 TEE3= 0.043  TEE4= 0.037
rank=109 Lx=Ly=22 pg= 0.700 ids= 365 TEE1=-0.023 TEE2=-0.004 TEE3= 0.027  TEE4= 0.037
rank=122 Lx=Ly=22 pg= 0.700 ids= 378 TEE1=-0.014 TEE2=-0.002 TEE3= 0.004  TEE4= 0.008
rank= 24 Lx=Ly=22 pg= 0.700 ids= 280 TEE1=-0.045 TEE2= 0.004 TEE3= 0.045  TEE4= 0.089
rank= 78 Lx=Ly=22 pg= 0.700 ids= 334 TEE1= 0.029 TEE2= 0.029 TEE3= 0.031  TEE4= 0.033
rank= 62 Lx=Ly=22 pg= 0.700 ids= 318 TEE1= 0.027 TEE2= 0.048 TEE3= 0.054  TEE4= 0.045
rank= 28 Lx=Ly=22 pg= 0.700 ids= 284 TEE1= 0.006 TEE2= 0.035 TEE3= 0.033  TEE4= 0.014
rank= 50 Lx=Ly=22 pg= 0.700 ids= 306 TEE1=-0.066 TEE2= 0.021 TEE3= 0.039  TEE4= 0.037
rank= 60 Lx=Ly=22 pg= 0.700 ids= 316 TEE1= 0.029 TEE2= 0.031 TEE3= 0.027  TEE4= 0.019
rank= 92 Lx=Ly=22 pg= 0.900 ids= 220 TEE1=-0.824 TEE2=-0.928 TEE3=-0.930  TEE4=-0.946
rank= 81 Lx=Ly=22 pg= 0.700 ids= 337 TEE1=-0.027 TEE2= 0.021 TEE3= 0.041  TEE4= 0.023
rank= 97 Lx=Ly=22 pg= 0.710 ids= 353 TEE1= 0.006 TEE2= 0.045 TEE3= 0.068  TEE4= 0.107
rank= 85 Lx=Ly=22 pg= 0.700 ids= 341 TEE1= 0.010 TEE2= 0.043 TEE3= 0.060  TEE4= 0.076
rank= 90 Lx=Ly=22 pg= 0.900 ids= 218 TEE1=-0.824 TEE2=-0.909 TEE3=-0.909  TEE4=-0.911
rank= 73 Lx=Ly=22 pg= 0.700 ids= 329 TEE1= 0.025 TEE2= 0.035 TEE3= 0.043  TEE4= 0.052
rank= 59 Lx=Ly=22 pg= 0.700 ids= 315 TEE1=-0.002 TEE2= 0.041 TEE3= 0.068  TEE4= 0.085
rank= 37 Lx=Ly=22 pg= 0.710 ids= 293 TEE1=-0.021 TEE2= 0.010 TEE3= 0.029  TEE4= 0.048
rank= 33 Lx=Ly=22 pg= 0.710 ids= 289 TEE1=-0.033 TEE2= 0.041 TEE3= 0.076  TEE4= 0.054
rank= 66 Lx=Ly=22 pg= 0.700 ids= 322 TEE1=-0.010 TEE2= 0.017 TEE3= 0.027  TEE4= 0.025
rank= 71 Lx=Ly=22 pg= 0.710 ids= 327 TEE1=-0.068 TEE2=-0.017 TEE3= 0.025  TEE4= 0.025
rank= 45 Lx=Ly=22 pg= 0.710 ids= 301 TEE1=-0.004 TEE2= 0.021 TEE3= 0.048  TEE4= 0.033
rank= 19 Lx=Ly=22 pg= 0.700 ids= 275 TEE1=-0.014 TEE2= 0.050 TEE3= 0.097  TEE4= 0.163
rank= 39 Lx=Ly=22 pg= 0.710 ids= 295 TEE1=-0.050 TEE2= 0.010 TEE3= 0.012  TEE4= 0.008
rank= 44 Lx=Ly=22 pg= 0.710 ids= 300 TEE1=-0.087 TEE2= 0.035 TEE3= 0.076  TEE4= 0.074
rank=119 Lx=Ly=22 pg= 0.700 ids= 375 TEE1= 0.014 TEE2= 0.037 TEE3= 0.041  TEE4= 0.035
rank= 82 Lx=Ly=22 pg= 0.700 ids= 338 TEE1= 0.031 TEE2= 0.033 TEE3= 0.033  TEE4= 0.021
rank=  2 Lx=Ly=22 pg= 0.710 ids= 258 TEE1=-0.019 TEE2= 0.019 TEE3= 0.039  TEE4= 0.025
rank= 68 Lx=Ly=22 pg= 0.700 ids= 324 TEE1= 0.023 TEE2= 0.054 TEE3= 0.060  TEE4= 0.045
rank= 89 Lx=Ly=22 pg= 0.700 ids= 345 TEE1= 0.033 TEE2= 0.029 TEE3= 0.029  TEE4= 0.023
rank= 69 Lx=Ly=22 pg= 0.710 ids= 325 TEE1=-0.031 TEE2= 0.035 TEE3= 0.060  TEE4= 0.054
rank= 46 Lx=Ly=22 pg= 0.710 ids= 302 TEE1=-0.070 TEE2= 0.010 TEE3= 0.050  TEE4= 0.058
rank= 52 Lx=Ly=22 pg= 0.700 ids= 308 TEE1= 0.021 TEE2= 0.027 TEE3= 0.029  TEE4= 0.014
rank=101 Lx=Ly=22 pg= 0.710 ids= 357 TEE1= 0.045 TEE2= 0.033 TEE3= 0.035  TEE4= 0.021
rank=103 Lx=Ly=22 pg= 0.710 ids= 359 TEE1=-0.012 TEE2= 0.037 TEE3= 0.045  TEE4= 0.037
rank= 25 Lx=Ly=22 pg= 0.710 ids= 281 TEE1= 0.029 TEE2= 0.033 TEE3= 0.043  TEE4= 0.025
rank= 70 Lx=Ly=22 pg= 0.700 ids= 326 TEE1= 0.012 TEE2= 0.054 TEE3= 0.058  TEE4= 0.054
rank= 77 Lx=Ly=22 pg= 0.700 ids= 333 TEE1= 0.031 TEE2= 0.043 TEE3= 0.060  TEE4= 0.064
rank=112 Lx=Ly=22 pg= 0.710 ids= 368 TEE1= 0.004 TEE2= 0.012 TEE3= 0.014  TEE4= 0.008
rank= 79 Lx=Ly=22 pg= 0.700 ids= 335 TEE1= 0.035 TEE2= 0.039 TEE3= 0.043  TEE4= 0.037
rank= 51 Lx=Ly=22 pg= 0.710 ids= 307 TEE1=-0.033 TEE2= 0.035 TEE3= 0.048  TEE4= 0.050
rank= 54 Lx=Ly=22 pg= 0.700 ids= 310 TEE1=-0.017 TEE2= 0.002 TEE3= 0.004  TEE4= 0.002
rank= 63 Lx=Ly=22 pg= 0.700 ids= 319 TEE1=-0.062 TEE2= 0.004 TEE3= 0.052  TEE4= 0.083
rank=107 Lx=Ly=22 pg= 0.710 ids= 363 TEE1=-0.072 TEE2=-0.008 TEE3= 0.033  TEE4= 0.041
rank= 20 Lx=Ly=22 pg= 0.700 ids= 276 TEE1=-0.006 TEE2= 0.004 TEE3= 0.008  TEE4= 0.004
rank= 23 Lx=Ly=22 pg= 0.700 ids= 279 TEE1=-0.006 TEE2= 0.039 TEE3= 0.037  TEE4= 0.027
rank=110 Lx=Ly=22 pg= 0.710 ids= 366 TEE1=-0.112 TEE2=-0.021 TEE3= 0.052  TEE4= 0.110
rank= 61 Lx=Ly=22 pg= 0.700 ids= 317 TEE1= 0.002 TEE2= 0.029 TEE3= 0.033  TEE4= 0.025
rank= 72 Lx=Ly=22 pg= 0.700 ids= 328 TEE1=-0.045 TEE2=-0.002 TEE3= 0.023  TEE4= 0.019
rank=113 Lx=Ly=22 pg= 0.700 ids= 369 TEE1=-0.010 TEE2= 0.025 TEE3= 0.066  TEE4= 0.107
rank= 76 Lx=Ly=22 pg= 0.700 ids= 332 TEE1=-0.023 TEE2= 0.019 TEE3= 0.027  TEE4= 0.019
rank= 41 Lx=Ly=22 pg= 0.710 ids= 297 TEE1= 0.004 TEE2= 0.066 TEE3= 0.068  TEE4= 0.079
rank= 17 Lx=Ly=22 pg= 0.700 ids= 273 TEE1= 0.000 TEE2= 0.012 TEE3= 0.031  TEE4= 0.035
rank=120 Lx=Ly=22 pg= 0.700 ids= 376 TEE1=-0.035 TEE2= 0.037 TEE3= 0.050  TEE4= 0.064
rank=106 Lx=Ly=22 pg= 0.710 ids= 362 TEE1= 0.017 TEE2= 0.023 TEE3= 0.043  TEE4= 0.048
rank=127 Lx=Ly=22 pg= 0.710 ids= 383 TEE1=-0.048 TEE2=-0.002 TEE3= 0.006  TEE4= 0.004
rank= 31 Lx=Ly=22 pg= 0.710 ids= 287 TEE1=-0.012 TEE2= 0.039 TEE3= 0.043  TEE4= 0.029
rank= 47 Lx=Ly=22 pg= 0.710 ids= 303 TEE1= 0.039 TEE2= 0.039 TEE3= 0.054  TEE4= 0.056
rank=121 Lx=Ly=22 pg= 0.710 ids= 377 TEE1=-0.037 TEE2= 0.039 TEE3= 0.048  TEE4= 0.045
rank= 21 Lx=Ly=22 pg= 0.700 ids= 277 TEE1=-0.041 TEE2= 0.004 TEE3= 0.021  TEE4= 0.025
rank= 16 Lx=Ly=22 pg= 0.700 ids= 272 TEE1= 0.010 TEE2= 0.033 TEE3= 0.033  TEE4= 0.010
rank= 11 Lx=Ly=22 pg= 0.710 ids= 267 TEE1=-0.120 TEE2=-0.050 TEE3= 0.012  TEE4= 0.056
rank=116 Lx=Ly=22 pg= 0.710 ids= 372 TEE1=-0.031 TEE2= 0.019 TEE3= 0.068  TEE4= 0.089
rank= 43 Lx=Ly=22 pg= 0.710 ids= 299 TEE1= 0.023 TEE2= 0.074 TEE3= 0.093  TEE4= 0.114
rank= 22 Lx=Ly=22 pg= 0.700 ids= 278 TEE1=-0.039 TEE2= 0.033 TEE3= 0.056  TEE4= 0.064
rank=117 Lx=Ly=22 pg= 0.700 ids= 373 TEE1=-0.002 TEE2= 0.025 TEE3= 0.039  TEE4= 0.037
rank=115 Lx=Ly=22 pg= 0.700 ids= 371 TEE1=-0.041 TEE2= 0.023 TEE3= 0.027  TEE4= 0.027
rank= 93 Lx=Ly=22 pg= 0.700 ids= 349 TEE1= 0.019 TEE2= 0.021 TEE3= 0.019  TEE4= 0.010
rank= 30 Lx=Ly=22 pg= 0.710 ids= 286 TEE1=-0.019 TEE2= 0.002 TEE3= 0.012  TEE4= 0.021
rank= 27 Lx=Ly=22 pg= 0.710 ids= 283 TEE1= 0.006 TEE2= 0.056 TEE3= 0.064  TEE4= 0.074
rank= 38 Lx=Ly=22 pg= 0.710 ids= 294 TEE1= 0.017 TEE2= 0.033 TEE3= 0.035  TEE4= 0.033
rank=124 Lx=Ly=22 pg= 0.700 ids= 380 TEE1= 0.008 TEE2= 0.012 TEE3= 0.017  TEE4= 0.008
rank=100 Lx=Ly=22 pg= 0.720 ids= 356 TEE1=-0.010 TEE2= 0.035 TEE3= 0.045  TEE4= 0.029
rank=126 Lx=Ly=22 pg= 0.700 ids= 382 TEE1= 0.023 TEE2= 0.037 TEE3= 0.045  TEE4= 0.058
rank=104 Lx=Ly=22 pg= 0.710 ids= 360 TEE1= 0.000 TEE2= 0.017 TEE3= 0.029  TEE4= 0.029
rank= 49 Lx=Ly=22 pg= 0.710 ids= 305 TEE1=-0.017 TEE2= 0.017 TEE3= 0.039  TEE4= 0.091
rank=  3 Lx=Ly=22 pg= 0.720 ids= 259 TEE1= 0.017 TEE2= 0.012 TEE3= 0.010  TEE4= 0.006
rank= 91 Lx=Ly=22 pg= 0.700 ids= 347 TEE1=-0.023 TEE2= 0.023 TEE3= 0.031  TEE4= 0.027
rank=  6 Lx=Ly=22 pg= 0.710 ids= 262 TEE1=-0.021 TEE2= 0.010 TEE3= 0.041  TEE4= 0.060
rank= 12 Lx=Ly=22 pg= 0.720 ids= 268 TEE1=-0.033 TEE2= 0.027 TEE3= 0.045  TEE4= 0.068
rank=  8 Lx=Ly=22 pg= 0.720 ids= 264 TEE1= 0.004 TEE2= 0.048 TEE3= 0.076  TEE4= 0.058
rank= 15 Lx=Ly=22 pg= 0.710 ids= 271 TEE1=-0.006 TEE2= 0.025 TEE3= 0.039  TEE4= 0.035
rank= 18 Lx=Ly=22 pg= 0.700 ids= 274 TEE1= 0.014 TEE2= 0.014 TEE3= 0.017  TEE4= 0.008
rank=108 Lx=Ly=22 pg= 0.710 ids= 364 TEE1=-0.041 TEE2= 0.031 TEE3= 0.043  TEE4= 0.043
rank=  4 Lx=Ly=22 pg= 0.710 ids= 260 TEE1=-0.002 TEE2= 0.039 TEE3= 0.058  TEE4= 0.037
rank= 13 Lx=Ly=22 pg= 0.710 ids= 269 TEE1= 0.021 TEE2= 0.052 TEE3= 0.062  TEE4= 0.035
rank=  9 Lx=Ly=22 pg= 0.710 ids= 265 TEE1= 0.010 TEE2= 0.031 TEE3= 0.027  TEE4= 0.027
rank=118 Lx=Ly=22 pg= 0.710 ids= 374 TEE1=-0.048 TEE2= 0.062 TEE3= 0.079  TEE4= 0.079
rank= 29 Lx=Ly=22 pg= 0.710 ids= 285 TEE1= 0.048 TEE2= 0.070 TEE3= 0.066  TEE4= 0.048
rank=125 Lx=Ly=22 pg= 0.710 ids= 381 TEE1= 0.002 TEE2= 0.000 TEE3= 0.029  TEE4= 0.029
rank= 14 Lx=Ly=22 pg= 0.720 ids= 270 TEE1=-0.118 TEE2=-0.050 TEE3= 0.019  TEE4= 0.031
rank=  0 Lx=Ly=22 pg= 0.710 ids= 256 TEE1=-0.043 TEE2= 0.021 TEE3= 0.043  TEE4= 0.041
rank= 86 Lx=Ly=22 pg= 0.700 ids= 342 TEE1=-0.050 TEE2= 0.014 TEE3= 0.050  TEE4= 0.054
rank=123 Lx=Ly=22 pg= 0.710 ids= 379 TEE1=-0.004 TEE2= 0.043 TEE3= 0.054  TEE4= 0.066
rank= 35 Lx=Ly=22 pg= 0.720 ids= 291 TEE1=-0.052 TEE2= 0.023 TEE3= 0.025  TEE4= 0.031
rank= 95 Lx=Ly=22 pg= 0.700 ids= 351 TEE1=-0.033 TEE2=-0.008 TEE3= 0.025  TEE4= 0.052
rank=114 Lx=Ly=22 pg= 0.710 ids= 370 TEE1=-0.041 TEE2= 0.025 TEE3= 0.039  TEE4= 0.052
rank= 83 Lx=Ly=22 pg= 0.710 ids= 339 TEE1=-0.037 TEE2= 0.010 TEE3= 0.021  TEE4= 0.017
rank=102 Lx=Ly=22 pg= 0.720 ids= 358 TEE1=-0.048 TEE2= 0.002 TEE3= 0.021  TEE4= 0.017
rank= 65 Lx=Ly=22 pg= 0.720 ids= 321 TEE1= 0.000 TEE2= 0.043 TEE3= 0.060  TEE4= 0.068
rank= 32 Lx=Ly=22 pg= 0.710 ids= 288 TEE1= 0.010 TEE2= 0.033 TEE3= 0.043  TEE4= 0.033
rank= 80 Lx=Ly=22 pg= 0.700 ids= 336 TEE1=-0.072 TEE2= 0.060 TEE3= 0.099  TEE4= 0.087
rank= 34 Lx=Ly=22 pg= 0.710 ids= 290 TEE1=-0.017 TEE2= 0.029 TEE3= 0.054  TEE4= 0.060
rank= 64 Lx=Ly=22 pg= 0.710 ids= 320 TEE1=-0.017 TEE2= 0.029 TEE3= 0.056  TEE4= 0.039
rank= 26 Lx=Ly=22 pg= 0.710 ids= 282 TEE1=-0.021 TEE2= 0.012 TEE3= 0.021  TEE4= 0.019
rank= 36 Lx=Ly=22 pg= 0.710 ids= 292 TEE1= 0.029 TEE2= 0.052 TEE3= 0.048  TEE4= 0.041
rank= 84 Lx=Ly=22 pg= 0.700 ids= 340 TEE1= 0.014 TEE2= 0.033 TEE3= 0.050  TEE4= 0.052
rank=105 Lx=Ly=22 pg= 0.710 ids= 361 TEE1=-0.089 TEE2= 0.008 TEE3= 0.043  TEE4= 0.031
rank=111 Lx=Ly=22 pg= 0.710 ids= 367 TEE1=-0.019 TEE2= 0.004 TEE3= 0.041  TEE4= 0.064
rank= 48 Lx=Ly=22 pg= 0.710 ids= 304 TEE1=-0.074 TEE2=-0.008 TEE3= 0.010  TEE4= 0.014
rank= 53 Lx=Ly=22 pg= 0.710 ids= 309 TEE1=-0.012 TEE2= 0.039 TEE3= 0.068  TEE4= 0.066
rank=  5 Lx=Ly=22 pg= 0.720 ids= 261 TEE1=-0.010 TEE2= 0.014 TEE3= 0.039  TEE4= 0.041
rank= 98 Lx=Ly=22 pg= 0.720 ids= 354 TEE1=-0.068 TEE2= 0.002 TEE3= 0.064  TEE4= 0.076
rank= 74 Lx=Ly=22 pg= 0.710 ids= 330 TEE1=-0.037 TEE2= 0.006 TEE3= 0.023  TEE4= 0.019
rank= 75 Lx=Ly=22 pg= 0.710 ids= 331 TEE1= 0.000 TEE2= 0.023 TEE3= 0.029  TEE4= 0.019
rank= 55 Lx=Ly=22 pg= 0.710 ids= 311 TEE1= 0.017 TEE2= 0.062 TEE3= 0.079  TEE4= 0.087
rank= 42 Lx=Ly=22 pg= 0.720 ids= 298 TEE1= 0.014 TEE2= 0.048 TEE3= 0.052  TEE4= 0.062
rank=  1 Lx=Ly=22 pg= 0.720 ids= 257 TEE1=-0.074 TEE2=-0.002 TEE3= 0.012  TEE4= 0.021
rank= 10 Lx=Ly=22 pg= 0.720 ids= 266 TEE1=-0.072 TEE2= 0.027 TEE3= 0.060  TEE4= 0.074
rank=  7 Lx=Ly=22 pg= 0.720 ids= 263 TEE1= 0.008 TEE2= 0.010 TEE3= 0.019  TEE4= 0.012
rank= 94 Lx=Ly=22 pg= 0.700 ids= 350 TEE1=-0.029 TEE2= 0.035 TEE3= 0.062  TEE4= 0.039
rank= 87 Lx=Ly=22 pg= 0.710 ids= 343 TEE1=-0.010 TEE2= 0.019 TEE3= 0.025  TEE4= 0.025
rank= 57 Lx=Ly=22 pg= 0.710 ids= 313 TEE1=-0.019 TEE2= 0.004 TEE3= 0.019  TEE4= 0.058
rank= 40 Lx=Ly=22 pg= 0.720 ids= 296 TEE1=-0.041 TEE2= 0.033 TEE3= 0.062  TEE4= 0.066
rank= 99 Lx=Ly=22 pg= 0.720 ids= 355 TEE1=-0.052 TEE2=-0.008 TEE3= 0.019  TEE4= 0.010
rank= 96 Lx=Ly=22 pg= 0.720 ids= 352 TEE1= 0.035 TEE2= 0.060 TEE3= 0.064  TEE4= 0.056
rank= 67 Lx=Ly=22 pg= 0.720 ids= 323 TEE1=-0.081 TEE2= 0.000 TEE3= 0.023  TEE4= 0.037
rank= 56 Lx=Ly=22 pg= 0.710 ids= 312 TEE1=-0.029 TEE2= 0.048 TEE3= 0.066  TEE4= 0.083
rank= 58 Lx=Ly=22 pg= 0.710 ids= 314 TEE1=-0.019 TEE2= 0.012 TEE3= 0.023  TEE4= 0.012
rank= 88 Lx=Ly=22 pg= 0.700 ids= 344 TEE1=-0.021 TEE2= 0.120 TEE3= 0.149  TEE4= 0.157
rank=109 Lx=Ly=22 pg= 0.710 ids= 365 TEE1=-0.087 TEE2= 0.000 TEE3= 0.017  TEE4= 0.010
rank=122 Lx=Ly=22 pg= 0.710 ids= 378 TEE1=-0.062 TEE2= 0.031 TEE3= 0.039  TEE4= 0.027
rank= 24 Lx=Ly=22 pg= 0.710 ids= 280 TEE1=-0.035 TEE2= 0.070 TEE3= 0.114  TEE4= 0.130
rank= 78 Lx=Ly=22 pg= 0.710 ids= 334 TEE1= 0.004 TEE2= 0.064 TEE3= 0.072  TEE4= 0.060
rank= 62 Lx=Ly=22 pg= 0.710 ids= 318 TEE1=-0.035 TEE2= 0.041 TEE3= 0.045  TEE4= 0.033
rank= 28 Lx=Ly=22 pg= 0.710 ids= 284 TEE1=-0.021 TEE2= 0.039 TEE3= 0.056  TEE4= 0.054
rank= 50 Lx=Ly=22 pg= 0.710 ids= 306 TEE1=-0.023 TEE2= 0.023 TEE3= 0.029  TEE4= 0.035
rank= 97 Lx=Ly=22 pg= 0.720 ids= 353 TEE1= 0.043 TEE2= 0.033 TEE3= 0.031  TEE4= 0.019
rank= 60 Lx=Ly=22 pg= 0.710 ids= 316 TEE1=-0.029 TEE2= 0.052 TEE3= 0.060  TEE4= 0.066
rank= 59 Lx=Ly=22 pg= 0.710 ids= 315 TEE1= 0.050 TEE2= 0.056 TEE3= 0.083  TEE4= 0.089
rank= 37 Lx=Ly=22 pg= 0.720 ids= 293 TEE1=-0.019 TEE2= 0.052 TEE3= 0.074  TEE4= 0.074
rank= 73 Lx=Ly=22 pg= 0.710 ids= 329 TEE1=-0.037 TEE2= 0.050 TEE3= 0.060  TEE4= 0.079
rank= 81 Lx=Ly=22 pg= 0.710 ids= 337 TEE1= 0.006 TEE2= 0.058 TEE3= 0.062  TEE4= 0.072
rank= 92 Lx=Ly=22 pg= 0.700 ids= 348 TEE1=-0.052 TEE2=-0.008 TEE3= 0.054  TEE4= 0.054
rank= 85 Lx=Ly=22 pg= 0.710 ids= 341 TEE1= 0.041 TEE2= 0.017 TEE3= 0.017  TEE4= 0.008
rank= 33 Lx=Ly=22 pg= 0.720 ids= 289 TEE1=-0.025 TEE2= 0.012 TEE3= 0.041  TEE4= 0.050
rank= 90 Lx=Ly=22 pg= 0.700 ids= 346 TEE1=-0.019 TEE2= 0.004 TEE3= 0.012  TEE4= 0.006
rank= 45 Lx=Ly=22 pg= 0.720 ids= 301 TEE1= 0.017 TEE2= 0.052 TEE3= 0.060  TEE4= 0.056
rank= 71 Lx=Ly=22 pg= 0.720 ids= 327 TEE1=-0.025 TEE2=-0.019 TEE3= 0.012  TEE4= 0.021
rank= 44 Lx=Ly=22 pg= 0.720 ids= 300 TEE1= 0.029 TEE2= 0.045 TEE3= 0.035  TEE4= 0.035
rank= 66 Lx=Ly=22 pg= 0.710 ids= 322 TEE1= 0.033 TEE2= 0.004 TEE3= 0.004  TEE4= 0.002
rank= 39 Lx=Ly=22 pg= 0.720 ids= 295 TEE1= 0.017 TEE2= 0.045 TEE3= 0.052  TEE4= 0.064
rank= 19 Lx=Ly=22 pg= 0.710 ids= 275 TEE1= 0.019 TEE2= 0.062 TEE3= 0.068  TEE4= 0.056
rank=  2 Lx=Ly=22 pg= 0.720 ids= 258 TEE1=-0.171 TEE2=-0.027 TEE3= 0.060  TEE4= 0.097
rank=119 Lx=Ly=22 pg= 0.710 ids= 375 TEE1=-0.008 TEE2= 0.050 TEE3= 0.056  TEE4= 0.070
rank= 82 Lx=Ly=22 pg= 0.710 ids= 338 TEE1= 0.017 TEE2= 0.048 TEE3= 0.035  TEE4= 0.052
rank= 46 Lx=Ly=22 pg= 0.720 ids= 302 TEE1=-0.068 TEE2=-0.014 TEE3= 0.014  TEE4= 0.052
rank= 69 Lx=Ly=22 pg= 0.720 ids= 325 TEE1=-0.033 TEE2= 0.056 TEE3= 0.114  TEE4= 0.122
rank= 68 Lx=Ly=22 pg= 0.710 ids= 324 TEE1=-0.072 TEE2= 0.000 TEE3= 0.033  TEE4= 0.052
rank= 89 Lx=Ly=22 pg= 0.710 ids= 345 TEE1=-0.021 TEE2= 0.012 TEE3= 0.017  TEE4= 0.017
rank=101 Lx=Ly=22 pg= 0.720 ids= 357 TEE1=-0.004 TEE2= 0.062 TEE3= 0.072  TEE4= 0.081
rank= 52 Lx=Ly=22 pg= 0.710 ids= 308 TEE1=-0.045 TEE2=-0.014 TEE3= 0.019  TEE4= 0.019
rank=103 Lx=Ly=22 pg= 0.720 ids= 359 TEE1=-0.079 TEE2=-0.012 TEE3= 0.021  TEE4= 0.017
rank= 25 Lx=Ly=22 pg= 0.720 ids= 281 TEE1= 0.008 TEE2= 0.017 TEE3= 0.017  TEE4= 0.021
rank= 70 Lx=Ly=22 pg= 0.710 ids= 326 TEE1=-0.004 TEE2= 0.027 TEE3= 0.033  TEE4= 0.029
rank= 77 Lx=Ly=22 pg= 0.710 ids= 333 TEE1=-0.023 TEE2= 0.056 TEE3= 0.068  TEE4= 0.048
rank=112 Lx=Ly=22 pg= 0.720 ids= 368 TEE1=-0.019 TEE2= 0.010 TEE3= 0.012  TEE4= 0.004
rank= 79 Lx=Ly=22 pg= 0.710 ids= 335 TEE1=-0.006 TEE2= 0.012 TEE3= 0.025  TEE4= 0.014
rank= 51 Lx=Ly=22 pg= 0.720 ids= 307 TEE1=-0.006 TEE2= 0.031 TEE3= 0.035  TEE4= 0.023
rank=107 Lx=Ly=22 pg= 0.720 ids= 363 TEE1=-0.043 TEE2= 0.002 TEE3= 0.027  TEE4= 0.014
rank= 63 Lx=Ly=22 pg= 0.710 ids= 319 TEE1= 0.002 TEE2= 0.017 TEE3= 0.052  TEE4= 0.074
rank= 54 Lx=Ly=22 pg= 0.710 ids= 310 TEE1=-0.041 TEE2=-0.025 TEE3=-0.004  TEE4= 0.000
rank= 20 Lx=Ly=22 pg= 0.710 ids= 276 TEE1= 0.008 TEE2= 0.043 TEE3= 0.064  TEE4= 0.087
rank=110 Lx=Ly=22 pg= 0.720 ids= 366 TEE1=-0.021 TEE2= 0.027 TEE3= 0.083  TEE4= 0.132
rank= 23 Lx=Ly=22 pg= 0.710 ids= 279 TEE1=-0.027 TEE2= 0.041 TEE3= 0.066  TEE4= 0.064
rank= 61 Lx=Ly=22 pg= 0.710 ids= 317 TEE1= 0.023 TEE2= 0.052 TEE3= 0.054  TEE4= 0.048
rank= 72 Lx=Ly=22 pg= 0.710 ids= 328 TEE1=-0.004 TEE2= 0.081 TEE3= 0.099  TEE4= 0.087
rank=113 Lx=Ly=22 pg= 0.710 ids= 369 TEE1=-0.004 TEE2= 0.014 TEE3= 0.025  TEE4= 0.021
rank= 41 Lx=Ly=22 pg= 0.720 ids= 297 TEE1=-0.014 TEE2= 0.010 TEE3= 0.019  TEE4= 0.033
rank= 76 Lx=Ly=22 pg= 0.710 ids= 332 TEE1=-0.031 TEE2= 0.006 TEE3= 0.031  TEE4= 0.025
rank= 17 Lx=Ly=22 pg= 0.710 ids= 273 TEE1=-0.010 TEE2= 0.025 TEE3= 0.041  TEE4= 0.029
rank=120 Lx=Ly=22 pg= 0.710 ids= 376 TEE1=-0.056 TEE2= 0.031 TEE3= 0.054  TEE4= 0.070
rank=106 Lx=Ly=22 pg= 0.720 ids= 362 TEE1=-0.056 TEE2= 0.004 TEE3= 0.027  TEE4= 0.033
rank=127 Lx=Ly=22 pg= 0.720 ids= 383 TEE1=-0.103 TEE2=-0.033 TEE3= 0.002  TEE4= 0.019
rank= 47 Lx=Ly=22 pg= 0.720 ids= 303 TEE1=-0.041 TEE2= 0.031 TEE3= 0.060  TEE4= 0.039
rank= 11 Lx=Ly=22 pg= 0.720 ids= 267 TEE1=-0.116 TEE2= 0.008 TEE3= 0.093  TEE4= 0.157
rank= 31 Lx=Ly=22 pg= 0.720 ids= 287 TEE1=-0.017 TEE2= 0.035 TEE3= 0.050  TEE4= 0.052
rank=121 Lx=Ly=22 pg= 0.720 ids= 377 TEE1=-0.025 TEE2= 0.027 TEE3= 0.041  TEE4= 0.027
rank= 43 Lx=Ly=22 pg= 0.720 ids= 299 TEE1=-0.037 TEE2= 0.033 TEE3= 0.058  TEE4= 0.048
rank= 21 Lx=Ly=22 pg= 0.710 ids= 277 TEE1=-0.124 TEE2=-0.043 TEE3=-0.014  TEE4= 0.006
rank= 16 Lx=Ly=22 pg= 0.710 ids= 272 TEE1=-0.058 TEE2= 0.012 TEE3= 0.035  TEE4= 0.033
rank=116 Lx=Ly=22 pg= 0.720 ids= 372 TEE1= 0.000 TEE2= 0.039 TEE3= 0.033  TEE4= 0.021
rank= 22 Lx=Ly=22 pg= 0.710 ids= 278 TEE1=-0.091 TEE2= 0.048 TEE3= 0.093  TEE4= 0.134
rank=117 Lx=Ly=22 pg= 0.710 ids= 373 TEE1=-0.035 TEE2= 0.033 TEE3= 0.070  TEE4= 0.074
rank=115 Lx=Ly=22 pg= 0.710 ids= 371 TEE1= 0.014 TEE2= 0.054 TEE3= 0.050  TEE4= 0.039
rank= 38 Lx=Ly=22 pg= 0.720 ids= 294 TEE1=-0.058 TEE2=-0.002 TEE3= 0.035  TEE4= 0.048
rank= 30 Lx=Ly=22 pg= 0.720 ids= 286 TEE1=-0.008 TEE2= 0.017 TEE3= 0.027  TEE4= 0.010
rank= 93 Lx=Ly=22 pg= 0.710 ids= 349 TEE1=-0.031 TEE2= 0.006 TEE3= 0.019  TEE4= 0.012
rank= 27 Lx=Ly=22 pg= 0.720 ids= 283 TEE1=-0.010 TEE2= 0.035 TEE3= 0.031  TEE4= 0.025
rank=124 Lx=Ly=22 pg= 0.710 ids= 380 TEE1=-0.019 TEE2= 0.023 TEE3= 0.050  TEE4= 0.058
rank=100 Lx=Ly=22 pg= 0.730 ids= 356 TEE1=-0.087 TEE2=-0.027 TEE3= 0.039  TEE4= 0.079
rank=  3 Lx=Ly=22 pg= 0.730 ids= 259 TEE1=-0.126 TEE2=-0.052 TEE3= 0.004  TEE4= 0.048
rank= 49 Lx=Ly=22 pg= 0.720 ids= 305 TEE1=-0.023 TEE2= 0.004 TEE3= 0.017  TEE4= 0.021
rank=104 Lx=Ly=22 pg= 0.720 ids= 360 TEE1=-0.072 TEE2=-0.052 TEE3= 0.004  TEE4= 0.035
rank=126 Lx=Ly=22 pg= 0.710 ids= 382 TEE1=-0.014 TEE2= 0.043 TEE3= 0.070  TEE4= 0.070
rank=  6 Lx=Ly=22 pg= 0.720 ids= 262 TEE1= 0.035 TEE2= 0.021 TEE3= 0.014  TEE4= 0.019
rank= 12 Lx=Ly=22 pg= 0.730 ids= 268 TEE1=-0.147 TEE2=-0.017 TEE3= 0.021  TEE4= 0.012
rank= 91 Lx=Ly=22 pg= 0.710 ids= 347 TEE1= 0.010 TEE2= 0.008 TEE3= 0.006  TEE4= 0.008
rank=  8 Lx=Ly=22 pg= 0.730 ids= 264 TEE1=-0.025 TEE2= 0.023 TEE3= 0.037  TEE4= 0.050
rank= 15 Lx=Ly=22 pg= 0.720 ids= 271 TEE1=-0.068 TEE2= 0.054 TEE3= 0.085  TEE4= 0.066
rank=108 Lx=Ly=22 pg= 0.720 ids= 364 TEE1=-0.048 TEE2= 0.002 TEE3= 0.027  TEE4= 0.017
rank=  4 Lx=Ly=22 pg= 0.720 ids= 260 TEE1= 0.027 TEE2= 0.035 TEE3= 0.052  TEE4= 0.068
rank= 13 Lx=Ly=22 pg= 0.720 ids= 269 TEE1=-0.033 TEE2= 0.045 TEE3= 0.060  TEE4= 0.060
rank= 18 Lx=Ly=22 pg= 0.710 ids= 274 TEE1= 0.033 TEE2= 0.027 TEE3= 0.031  TEE4= 0.017
rank=  9 Lx=Ly=22 pg= 0.720 ids= 265 TEE1=-0.045 TEE2= 0.031 TEE3= 0.039  TEE4= 0.031
rank= 14 Lx=Ly=22 pg= 0.730 ids= 270 TEE1=-0.138 TEE2=-0.066 TEE3= 0.012  TEE4= 0.041
rank=118 Lx=Ly=22 pg= 0.720 ids= 374 TEE1=-0.054 TEE2= 0.035 TEE3= 0.064  TEE4= 0.114
rank=125 Lx=Ly=22 pg= 0.720 ids= 381 TEE1=-0.004 TEE2= 0.052 TEE3= 0.062  TEE4= 0.076
rank= 29 Lx=Ly=22 pg= 0.720 ids= 285 TEE1=-0.012 TEE2= 0.064 TEE3= 0.070  TEE4= 0.064
rank=  0 Lx=Ly=22 pg= 0.720 ids= 256 TEE1=-0.006 TEE2= 0.043 TEE3= 0.074  TEE4= 0.097
rank= 35 Lx=Ly=22 pg= 0.730 ids= 291 TEE1= 0.021 TEE2= 0.052 TEE3= 0.068  TEE4= 0.087
rank=123 Lx=Ly=22 pg= 0.720 ids= 379 TEE1=-0.041 TEE2=-0.017 TEE3= 0.031  TEE4= 0.031
rank= 86 Lx=Ly=22 pg= 0.710 ids= 342 TEE1= 0.000 TEE2= 0.021 TEE3= 0.025  TEE4= 0.019
rank=102 Lx=Ly=22 pg= 0.730 ids= 358 TEE1=-0.048 TEE2= 0.050 TEE3= 0.070  TEE4= 0.087
rank= 83 Lx=Ly=22 pg= 0.720 ids= 339 TEE1= 0.025 TEE2= 0.019 TEE3= 0.035  TEE4= 0.025
rank= 65 Lx=Ly=22 pg= 0.730 ids= 321 TEE1=-0.087 TEE2= 0.021 TEE3= 0.058  TEE4= 0.050
rank= 32 Lx=Ly=22 pg= 0.720 ids= 288 TEE1=-0.050 TEE2= 0.008 TEE3= 0.017  TEE4= 0.010
rank=114 Lx=Ly=22 pg= 0.720 ids= 370 TEE1=-0.043 TEE2=-0.008 TEE3= 0.021  TEE4= 0.021
rank= 95 Lx=Ly=22 pg= 0.710 ids= 351 TEE1=-0.087 TEE2=-0.008 TEE3= 0.017  TEE4= 0.010
rank= 34 Lx=Ly=22 pg= 0.720 ids= 290 TEE1=-0.060 TEE2= 0.006 TEE3= 0.058  TEE4= 0.052
rank= 64 Lx=Ly=22 pg= 0.720 ids= 320 TEE1=-0.060 TEE2= 0.014 TEE3= 0.033  TEE4= 0.031
rank= 80 Lx=Ly=22 pg= 0.710 ids= 336 TEE1=-0.029 TEE2= 0.056 TEE3= 0.074  TEE4= 0.093
rank= 26 Lx=Ly=22 pg= 0.720 ids= 282 TEE1= 0.048 TEE2= 0.039 TEE3= 0.043  TEE4= 0.050
rank= 36 Lx=Ly=22 pg= 0.720 ids= 292 TEE1=-0.122 TEE2=-0.039 TEE3= 0.012  TEE4= 0.014
rank=105 Lx=Ly=22 pg= 0.720 ids= 361 TEE1=-0.089 TEE2= 0.010 TEE3= 0.050  TEE4= 0.062
rank=111 Lx=Ly=22 pg= 0.720 ids= 367 TEE1=-0.095 TEE2=-0.010 TEE3= 0.041  TEE4= 0.079
rank= 48 Lx=Ly=22 pg= 0.720 ids= 304 TEE1= 0.006 TEE2= 0.041 TEE3= 0.050  TEE4= 0.035
rank= 84 Lx=Ly=22 pg= 0.710 ids= 340 TEE1=-0.043 TEE2= 0.014 TEE3= 0.019  TEE4= 0.014
rank= 98 Lx=Ly=22 pg= 0.730 ids= 354 TEE1=-0.066 TEE2= 0.004 TEE3= 0.043  TEE4= 0.045
rank=  5 Lx=Ly=22 pg= 0.730 ids= 261 TEE1=-0.066 TEE2= 0.045 TEE3= 0.066  TEE4= 0.052
rank= 42 Lx=Ly=22 pg= 0.730 ids= 298 TEE1=-0.085 TEE2= 0.043 TEE3= 0.103  TEE4= 0.134
rank= 53 Lx=Ly=22 pg= 0.720 ids= 309 TEE1=-0.087 TEE2= 0.025 TEE3= 0.093  TEE4= 0.122
rank=  1 Lx=Ly=22 pg= 0.730 ids= 257 TEE1=-0.058 TEE2= 0.045 TEE3= 0.076  TEE4= 0.056
rank= 10 Lx=Ly=22 pg= 0.730 ids= 266 TEE1= 0.010 TEE2= 0.033 TEE3= 0.056  TEE4= 0.066
rank= 74 Lx=Ly=22 pg= 0.720 ids= 330 TEE1=-0.025 TEE2= 0.002 TEE3= 0.027  TEE4= 0.035
rank=  7 Lx=Ly=22 pg= 0.730 ids= 263 TEE1=-0.060 TEE2= 0.012 TEE3= 0.041  TEE4= 0.029
rank= 75 Lx=Ly=22 pg= 0.720 ids= 331 TEE1=-0.035 TEE2= 0.025 TEE3= 0.033  TEE4= 0.029
rank= 55 Lx=Ly=22 pg= 0.720 ids= 311 TEE1= 0.043 TEE2= 0.023 TEE3= 0.025  TEE4= 0.023
rank= 40 Lx=Ly=22 pg= 0.730 ids= 296 TEE1=-0.068 TEE2=-0.014 TEE3= 0.033  TEE4= 0.033
rank= 99 Lx=Ly=22 pg= 0.730 ids= 355 TEE1=-0.081 TEE2=-0.025 TEE3= 0.010  TEE4= 0.033
rank= 94 Lx=Ly=22 pg= 0.710 ids= 350 TEE1=-0.064 TEE2= 0.000 TEE3= 0.014  TEE4= 0.008
rank= 57 Lx=Ly=22 pg= 0.720 ids= 313 TEE1=-0.014 TEE2= 0.050 TEE3= 0.050  TEE4= 0.031
rank= 87 Lx=Ly=22 pg= 0.720 ids= 343 TEE1=-0.025 TEE2= 0.019 TEE3= 0.048  TEE4= 0.058
rank= 67 Lx=Ly=22 pg= 0.730 ids= 323 TEE1=-0.050 TEE2= 0.027 TEE3= 0.066  TEE4= 0.072
rank= 96 Lx=Ly=22 pg= 0.730 ids= 352 TEE1=-0.066 TEE2=-0.006 TEE3= 0.017  TEE4= 0.025
rank= 56 Lx=Ly=22 pg= 0.720 ids= 312 TEE1=-0.023 TEE2= 0.041 TEE3= 0.048  TEE4= 0.041
rank= 58 Lx=Ly=22 pg= 0.720 ids= 314 TEE1=-0.070 TEE2= 0.008 TEE3= 0.041  TEE4= 0.062
rank= 88 Lx=Ly=22 pg= 0.710 ids= 344 TEE1=-0.023 TEE2= 0.004 TEE3= 0.027  TEE4= 0.019
rank=109 Lx=Ly=22 pg= 0.720 ids= 365 TEE1=-0.041 TEE2= 0.045 TEE3= 0.066  TEE4= 0.079
rank=122 Lx=Ly=22 pg= 0.720 ids= 378 TEE1=-0.120 TEE2=-0.021 TEE3= 0.006  TEE4= 0.021
rank= 24 Lx=Ly=22 pg= 0.720 ids= 280 TEE1= 0.012 TEE2= 0.025 TEE3= 0.033  TEE4= 0.037
rank= 78 Lx=Ly=22 pg= 0.720 ids= 334 TEE1=-0.037 TEE2= 0.045 TEE3= 0.085  TEE4= 0.110
rank= 62 Lx=Ly=22 pg= 0.720 ids= 318 TEE1= 0.027 TEE2= 0.045 TEE3= 0.066  TEE4= 0.056
rank= 50 Lx=Ly=22 pg= 0.720 ids= 306 TEE1= 0.004 TEE2= 0.004 TEE3= 0.010  TEE4= 0.010
rank= 28 Lx=Ly=22 pg= 0.720 ids= 284 TEE1=-0.039 TEE2= 0.027 TEE3= 0.029  TEE4= 0.019
rank= 97 Lx=Ly=22 pg= 0.730 ids= 353 TEE1=-0.151 TEE2=-0.072 TEE3=-0.004  TEE4= 0.014
rank= 37 Lx=Ly=22 pg= 0.730 ids= 293 TEE1=-0.048 TEE2= 0.017 TEE3= 0.041  TEE4= 0.035
rank= 59 Lx=Ly=22 pg= 0.720 ids= 315 TEE1= 0.010 TEE2= 0.010 TEE3= 0.012  TEE4= 0.006
rank= 73 Lx=Ly=22 pg= 0.720 ids= 329 TEE1=-0.099 TEE2=-0.004 TEE3= 0.037  TEE4= 0.048
rank= 60 Lx=Ly=22 pg= 0.720 ids= 316 TEE1= 0.017 TEE2= 0.035 TEE3= 0.048  TEE4= 0.058
rank= 33 Lx=Ly=22 pg= 0.730 ids= 289 TEE1=-0.118 TEE2=-0.017 TEE3= 0.025  TEE4= 0.021
rank= 45 Lx=Ly=22 pg= 0.730 ids= 301 TEE1=-0.076 TEE2=-0.017 TEE3= 0.012  TEE4= 0.017
rank= 81 Lx=Ly=22 pg= 0.720 ids= 337 TEE1=-0.014 TEE2=-0.002 TEE3= 0.012  TEE4= 0.014
rank= 44 Lx=Ly=22 pg= 0.730 ids= 300 TEE1=-0.134 TEE2=-0.002 TEE3= 0.041  TEE4= 0.060
rank= 85 Lx=Ly=22 pg= 0.720 ids= 341 TEE1= 0.048 TEE2= 0.045 TEE3= 0.087  TEE4= 0.107
rank= 71 Lx=Ly=22 pg= 0.730 ids= 327 TEE1=-0.140 TEE2=-0.072 TEE3=-0.017  TEE4= 0.041
rank= 92 Lx=Ly=22 pg= 0.710 ids= 348 TEE1=-0.107 TEE2=-0.002 TEE3= 0.017  TEE4= 0.010
rank= 39 Lx=Ly=22 pg= 0.730 ids= 295 TEE1=-0.074 TEE2= 0.031 TEE3= 0.076  TEE4= 0.079
rank=  2 Lx=Ly=22 pg= 0.730 ids= 258 TEE1= 0.014 TEE2= 0.039 TEE3= 0.043  TEE4= 0.043
rank= 90 Lx=Ly=22 pg= 0.710 ids= 346 TEE1= 0.017 TEE2= 0.012 TEE3= 0.031  TEE4= 0.043
rank= 66 Lx=Ly=22 pg= 0.720 ids= 322 TEE1=-0.054 TEE2= 0.031 TEE3= 0.095  TEE4= 0.124
rank= 19 Lx=Ly=22 pg= 0.720 ids= 275 TEE1= 0.043 TEE2= 0.079 TEE3= 0.099  TEE4= 0.079
rank=119 Lx=Ly=22 pg= 0.720 ids= 375 TEE1=-0.025 TEE2= 0.043 TEE3= 0.070  TEE4= 0.083
rank= 46 Lx=Ly=22 pg= 0.730 ids= 302 TEE1=-0.025 TEE2= 0.064 TEE3= 0.079  TEE4= 0.064
rank= 82 Lx=Ly=22 pg= 0.720 ids= 338 TEE1=-0.083 TEE2=-0.012 TEE3= 0.027  TEE4= 0.052
rank= 69 Lx=Ly=22 pg= 0.730 ids= 325 TEE1=-0.079 TEE2= 0.004 TEE3= 0.054  TEE4= 0.091
rank=101 Lx=Ly=22 pg= 0.730 ids= 357 TEE1= 0.014 TEE2= 0.052 TEE3= 0.076  TEE4= 0.076
rank= 89 Lx=Ly=22 pg= 0.720 ids= 345 TEE1=-0.014 TEE2= 0.033 TEE3= 0.064  TEE4= 0.062
rank= 52 Lx=Ly=22 pg= 0.720 ids= 308 TEE1=-0.017 TEE2= 0.023 TEE3= 0.023  TEE4= 0.033
rank=103 Lx=Ly=22 pg= 0.730 ids= 359 TEE1=-0.180 TEE2=-0.039 TEE3= 0.027  TEE4= 0.058
rank= 68 Lx=Ly=22 pg= 0.720 ids= 324 TEE1=-0.039 TEE2= 0.025 TEE3= 0.029  TEE4= 0.021
rank= 25 Lx=Ly=22 pg= 0.730 ids= 281 TEE1=-0.099 TEE2=-0.021 TEE3= 0.033  TEE4= 0.056
rank=112 Lx=Ly=22 pg= 0.730 ids= 368 TEE1=-0.050 TEE2= 0.019 TEE3= 0.035  TEE4= 0.021
rank= 77 Lx=Ly=22 pg= 0.720 ids= 333 TEE1=-0.029 TEE2= 0.002 TEE3= 0.033  TEE4= 0.033
rank= 70 Lx=Ly=22 pg= 0.720 ids= 326 TEE1=-0.054 TEE2= 0.031 TEE3= 0.060  TEE4= 0.083
rank= 51 Lx=Ly=22 pg= 0.730 ids= 307 TEE1=-0.122 TEE2=-0.021 TEE3= 0.014  TEE4= 0.014
rank= 79 Lx=Ly=22 pg= 0.720 ids= 335 TEE1=-0.081 TEE2=-0.048 TEE3= 0.017  TEE4= 0.019
rank=107 Lx=Ly=22 pg= 0.730 ids= 363 TEE1=-0.122 TEE2=-0.037 TEE3= 0.019  TEE4= 0.023
rank= 54 Lx=Ly=22 pg= 0.720 ids= 310 TEE1=-0.048 TEE2= 0.006 TEE3= 0.041  TEE4= 0.074
rank= 20 Lx=Ly=22 pg= 0.720 ids= 276 TEE1= 0.012 TEE2= 0.045 TEE3= 0.056  TEE4= 0.054
rank= 63 Lx=Ly=22 pg= 0.720 ids= 319 TEE1=-0.112 TEE2= 0.023 TEE3= 0.095  TEE4= 0.128
rank=110 Lx=Ly=22 pg= 0.730 ids= 366 TEE1= 0.002 TEE2= 0.017 TEE3= 0.029  TEE4= 0.025
rank= 23 Lx=Ly=22 pg= 0.720 ids= 279 TEE1=-0.110 TEE2=-0.021 TEE3= 0.043  TEE4= 0.041
rank= 61 Lx=Ly=22 pg= 0.720 ids= 317 TEE1=-0.002 TEE2= 0.052 TEE3= 0.072  TEE4= 0.068
rank=113 Lx=Ly=22 pg= 0.720 ids= 369 TEE1=-0.010 TEE2= 0.006 TEE3= 0.027  TEE4= 0.014
rank= 41 Lx=Ly=22 pg= 0.730 ids= 297 TEE1=-0.076 TEE2=-0.014 TEE3= 0.010  TEE4= 0.008
rank= 72 Lx=Ly=22 pg= 0.720 ids= 328 TEE1= 0.037 TEE2= 0.041 TEE3= 0.062  TEE4= 0.066
rank= 76 Lx=Ly=22 pg= 0.720 ids= 332 TEE1=-0.153 TEE2=-0.025 TEE3= 0.025  TEE4= 0.050
rank=120 Lx=Ly=22 pg= 0.720 ids= 376 TEE1= 0.021 TEE2= 0.056 TEE3= 0.093  TEE4= 0.099
rank= 17 Lx=Ly=22 pg= 0.720 ids= 273 TEE1= 0.004 TEE2= 0.010 TEE3= 0.012  TEE4= 0.006
rank=106 Lx=Ly=22 pg= 0.730 ids= 362 TEE1=-0.019 TEE2= 0.041 TEE3= 0.085  TEE4= 0.095
rank= 11 Lx=Ly=22 pg= 0.730 ids= 267 TEE1=-0.159 TEE2=-0.079 TEE3=-0.029  TEE4= 0.033
rank= 47 Lx=Ly=22 pg= 0.730 ids= 303 TEE1=-0.097 TEE2=-0.002 TEE3= 0.048  TEE4= 0.089
rank=127 Lx=Ly=22 pg= 0.730 ids= 383 TEE1=-0.072 TEE2= 0.027 TEE3= 0.045  TEE4= 0.027
rank= 43 Lx=Ly=22 pg= 0.730 ids= 299 TEE1=-0.068 TEE2=-0.006 TEE3= 0.033  TEE4= 0.023
rank= 31 Lx=Ly=22 pg= 0.730 ids= 287 TEE1=-0.021 TEE2= 0.037 TEE3= 0.062  TEE4= 0.054
rank=121 Lx=Ly=22 pg= 0.730 ids= 377 TEE1=-0.052 TEE2= 0.025 TEE3= 0.062  TEE4= 0.056
rank= 16 Lx=Ly=22 pg= 0.720 ids= 272 TEE1=-0.041 TEE2= 0.014 TEE3= 0.021  TEE4= 0.017
rank= 21 Lx=Ly=22 pg= 0.720 ids= 277 TEE1=-0.079 TEE2= 0.027 TEE3= 0.076  TEE4= 0.083
rank=116 Lx=Ly=22 pg= 0.730 ids= 372 TEE1=-0.101 TEE2= 0.023 TEE3= 0.134  TEE4= 0.233
rank= 22 Lx=Ly=22 pg= 0.720 ids= 278 TEE1= 0.006 TEE2= 0.054 TEE3= 0.079  TEE4= 0.097
rank= 38 Lx=Ly=22 pg= 0.730 ids= 294 TEE1=-0.056 TEE2= 0.045 TEE3= 0.095  TEE4= 0.122
rank=117 Lx=Ly=22 pg= 0.720 ids= 373 TEE1=-0.045 TEE2=-0.050 TEE3=-0.017  TEE4=-0.006
rank=115 Lx=Ly=22 pg= 0.720 ids= 371 TEE1=-0.019 TEE2= 0.054 TEE3= 0.079  TEE4= 0.083
rank= 30 Lx=Ly=22 pg= 0.730 ids= 286 TEE1=-0.012 TEE2= 0.039 TEE3= 0.052  TEE4= 0.041
rank= 27 Lx=Ly=22 pg= 0.730 ids= 283 TEE1=-0.116 TEE2=-0.031 TEE3= 0.017  TEE4= 0.021
rank=  3 Lx=Ly=22 pg= 0.740 ids= 259 TEE1=-0.233 TEE2=-0.087 TEE3=-0.010  TEE4= 0.014
rank= 93 Lx=Ly=22 pg= 0.720 ids= 349 TEE1=-0.056 TEE2= 0.006 TEE3= 0.060  TEE4= 0.058
rank=100 Lx=Ly=22 pg= 0.740 ids= 356 TEE1=-0.188 TEE2=-0.107 TEE3=-0.017  TEE4= 0.089
rank= 49 Lx=Ly=22 pg= 0.730 ids= 305 TEE1=-0.072 TEE2= 0.043 TEE3= 0.068  TEE4= 0.054
rank=124 Lx=Ly=22 pg= 0.720 ids= 380 TEE1= 0.012 TEE2= 0.027 TEE3= 0.033  TEE4= 0.025
rank=104 Lx=Ly=22 pg= 0.730 ids= 360 TEE1=-0.157 TEE2=-0.050 TEE3= 0.037  TEE4= 0.079
rank=  6 Lx=Ly=22 pg= 0.730 ids= 262 TEE1=-0.070 TEE2=-0.004 TEE3= 0.064  TEE4= 0.114
rank=126 Lx=Ly=22 pg= 0.720 ids= 382 TEE1=-0.068 TEE2= 0.023 TEE3= 0.062  TEE4= 0.103
rank= 12 Lx=Ly=22 pg= 0.740 ids= 268 TEE1=-0.060 TEE2= 0.006 TEE3= 0.043  TEE4= 0.048
rank=  8 Lx=Ly=22 pg= 0.740 ids= 264 TEE1=-0.050 TEE2= 0.045 TEE3= 0.056  TEE4= 0.052
rank= 91 Lx=Ly=22 pg= 0.720 ids= 347 TEE1=-0.062 TEE2= 0.056 TEE3= 0.085  TEE4= 0.107
rank= 15 Lx=Ly=22 pg= 0.730 ids= 271 TEE1=-0.093 TEE2= 0.048 TEE3= 0.151  TEE4= 0.258
rank= 13 Lx=Ly=22 pg= 0.730 ids= 269 TEE1=-0.134 TEE2=-0.062 TEE3=-0.019  TEE4=-0.004
rank=  4 Lx=Ly=22 pg= 0.730 ids= 260 TEE1=-0.045 TEE2= 0.027 TEE3= 0.029  TEE4= 0.050
rank=  9 Lx=Ly=22 pg= 0.730 ids= 265 TEE1=-0.066 TEE2= 0.023 TEE3= 0.070  TEE4= 0.095
rank=108 Lx=Ly=22 pg= 0.730 ids= 364 TEE1=-0.081 TEE2=-0.004 TEE3= 0.029  TEE4= 0.025
rank= 18 Lx=Ly=22 pg= 0.720 ids= 274 TEE1=-0.017 TEE2= 0.037 TEE3= 0.054  TEE4= 0.041
rank= 14 Lx=Ly=22 pg= 0.740 ids= 270 TEE1=-0.027 TEE2= 0.037 TEE3= 0.058  TEE4= 0.064
rank=125 Lx=Ly=22 pg= 0.730 ids= 381 TEE1=-0.085 TEE2=-0.035 TEE3= 0.027  TEE4= 0.064
rank= 35 Lx=Ly=22 pg= 0.740 ids= 291 TEE1=-0.176 TEE2=-0.023 TEE3= 0.041  TEE4= 0.068
rank= 29 Lx=Ly=22 pg= 0.730 ids= 285 TEE1=-0.064 TEE2=-0.035 TEE3= 0.000  TEE4= 0.019
rank=118 Lx=Ly=22 pg= 0.730 ids= 374 TEE1=-0.114 TEE2=-0.029 TEE3= 0.017  TEE4= 0.027
rank=  0 Lx=Ly=22 pg= 0.730 ids= 256 TEE1=-0.043 TEE2=-0.021 TEE3= 0.035  TEE4= 0.035
rank=102 Lx=Ly=22 pg= 0.740 ids= 358 TEE1=-0.184 TEE2=-0.027 TEE3= 0.043  TEE4= 0.056
rank=123 Lx=Ly=22 pg= 0.730 ids= 379 TEE1=-0.052 TEE2= 0.021 TEE3= 0.035  TEE4= 0.039
rank= 65 Lx=Ly=22 pg= 0.740 ids= 321 TEE1=-0.182 TEE2=-0.025 TEE3= 0.068  TEE4= 0.165
rank= 83 Lx=Ly=22 pg= 0.730 ids= 339 TEE1=-0.122 TEE2=-0.029 TEE3= 0.064  TEE4= 0.068
rank= 32 Lx=Ly=22 pg= 0.730 ids= 288 TEE1=-0.043 TEE2= 0.035 TEE3= 0.060  TEE4= 0.045
rank=114 Lx=Ly=22 pg= 0.730 ids= 370 TEE1=-0.035 TEE2= 0.029 TEE3= 0.072  TEE4= 0.087
rank= 86 Lx=Ly=22 pg= 0.720 ids= 342 TEE1=-0.095 TEE2= 0.004 TEE3= 0.025  TEE4= 0.023
rank= 95 Lx=Ly=22 pg= 0.720 ids= 351 TEE1=-0.027 TEE2= 0.023 TEE3= 0.041  TEE4= 0.048
rank= 34 Lx=Ly=22 pg= 0.730 ids= 290 TEE1=-0.062 TEE2= 0.006 TEE3= 0.033  TEE4= 0.041
rank= 64 Lx=Ly=22 pg= 0.730 ids= 320 TEE1=-0.068 TEE2= 0.029 TEE3= 0.052  TEE4= 0.052
rank= 26 Lx=Ly=22 pg= 0.730 ids= 282 TEE1= 0.017 TEE2= 0.041 TEE3= 0.050  TEE4= 0.064
rank= 80 Lx=Ly=22 pg= 0.720 ids= 336 TEE1=-0.014 TEE2= 0.045 TEE3= 0.058  TEE4= 0.054
rank= 36 Lx=Ly=22 pg= 0.730 ids= 292 TEE1=-0.171 TEE2=-0.029 TEE3= 0.035  TEE4= 0.037
rank=105 Lx=Ly=22 pg= 0.730 ids= 361 TEE1=-0.052 TEE2= 0.027 TEE3= 0.052  TEE4= 0.043
rank= 48 Lx=Ly=22 pg= 0.730 ids= 304 TEE1=-0.103 TEE2=-0.012 TEE3= 0.019  TEE4= 0.025
rank=111 Lx=Ly=22 pg= 0.730 ids= 367 TEE1=-0.058 TEE2=-0.021 TEE3= 0.010  TEE4= 0.014
rank= 98 Lx=Ly=22 pg= 0.740 ids= 354 TEE1=-0.079 TEE2= 0.025 TEE3= 0.068  TEE4= 0.085
rank=  5 Lx=Ly=22 pg= 0.740 ids= 261 TEE1=-0.089 TEE2=-0.002 TEE3= 0.027  TEE4= 0.060
rank= 42 Lx=Ly=22 pg= 0.740 ids= 298 TEE1=-0.064 TEE2=-0.017 TEE3= 0.031  TEE4= 0.031
rank= 10 Lx=Ly=22 pg= 0.740 ids= 266 TEE1=-0.066 TEE2= 0.023 TEE3= 0.056  TEE4= 0.103
rank= 84 Lx=Ly=22 pg= 0.720 ids= 340 TEE1=-0.017 TEE2= 0.014 TEE3= 0.033  TEE4= 0.027
rank=  1 Lx=Ly=22 pg= 0.740 ids= 257 TEE1=-0.033 TEE2= 0.035 TEE3= 0.070  TEE4= 0.091
rank=  7 Lx=Ly=22 pg= 0.740 ids= 263 TEE1=-0.076 TEE2= 0.023 TEE3= 0.056  TEE4= 0.035
rank= 53 Lx=Ly=22 pg= 0.730 ids= 309 TEE1=-0.025 TEE2= 0.066 TEE3= 0.068  TEE4= 0.043
rank= 75 Lx=Ly=22 pg= 0.730 ids= 331 TEE1=-0.043 TEE2= 0.014 TEE3= 0.031  TEE4= 0.037
rank= 74 Lx=Ly=22 pg= 0.730 ids= 330 TEE1=-0.138 TEE2=-0.031 TEE3= 0.064  TEE4= 0.153
rank= 55 Lx=Ly=22 pg= 0.730 ids= 311 TEE1=-0.060 TEE2= 0.006 TEE3= 0.062  TEE4= 0.085
rank= 40 Lx=Ly=22 pg= 0.740 ids= 296 TEE1=-0.178 TEE2=-0.006 TEE3= 0.101  TEE4= 0.178
rank= 99 Lx=Ly=22 pg= 0.740 ids= 355 TEE1=-0.101 TEE2=-0.045 TEE3= 0.010  TEE4= 0.035
rank= 57 Lx=Ly=22 pg= 0.730 ids= 313 TEE1=-0.091 TEE2=-0.002 TEE3= 0.070  TEE4= 0.087
rank= 96 Lx=Ly=22 pg= 0.740 ids= 352 TEE1=-0.122 TEE2= 0.010 TEE3= 0.060  TEE4= 0.155
rank= 67 Lx=Ly=22 pg= 0.740 ids= 323 TEE1=-0.029 TEE2= 0.008 TEE3= 0.019  TEE4= 0.025
rank= 87 Lx=Ly=22 pg= 0.730 ids= 343 TEE1=-0.140 TEE2=-0.027 TEE3= 0.045  TEE4= 0.079
rank= 94 Lx=Ly=22 pg= 0.720 ids= 350 TEE1= 0.062 TEE2= 0.035 TEE3= 0.037  TEE4= 0.035
rank= 56 Lx=Ly=22 pg= 0.730 ids= 312 TEE1=-0.033 TEE2= 0.006 TEE3= 0.023  TEE4= 0.031
rank= 58 Lx=Ly=22 pg= 0.730 ids= 314 TEE1=-0.101 TEE2= 0.008 TEE3= 0.074  TEE4= 0.149
rank= 88 Lx=Ly=22 pg= 0.720 ids= 344 TEE1=-0.076 TEE2= 0.023 TEE3= 0.043  TEE4= 0.045
rank=109 Lx=Ly=22 pg= 0.730 ids= 365 TEE1=-0.128 TEE2=-0.006 TEE3= 0.048  TEE4= 0.064
rank=122 Lx=Ly=22 pg= 0.730 ids= 378 TEE1=-0.025 TEE2= 0.031 TEE3= 0.079  TEE4= 0.089
rank= 24 Lx=Ly=22 pg= 0.730 ids= 280 TEE1= 0.002 TEE2= 0.017 TEE3= 0.031  TEE4= 0.019
rank= 78 Lx=Ly=22 pg= 0.730 ids= 334 TEE1=-0.076 TEE2= 0.002 TEE3= 0.035  TEE4= 0.060
rank= 97 Lx=Ly=22 pg= 0.740 ids= 353 TEE1=-0.064 TEE2=-0.010 TEE3= 0.035  TEE4= 0.081
rank= 50 Lx=Ly=22 pg= 0.730 ids= 306 TEE1=-0.114 TEE2=-0.041 TEE3= 0.035  TEE4= 0.101
rank= 62 Lx=Ly=22 pg= 0.730 ids= 318 TEE1=-0.054 TEE2=-0.010 TEE3= 0.029  TEE4= 0.027
rank= 28 Lx=Ly=22 pg= 0.730 ids= 284 TEE1=-0.076 TEE2= 0.004 TEE3= 0.023  TEE4= 0.037
rank= 37 Lx=Ly=22 pg= 0.740 ids= 293 TEE1=-0.014 TEE2= 0.058 TEE3= 0.074  TEE4= 0.097
rank= 59 Lx=Ly=22 pg= 0.730 ids= 315 TEE1=-0.083 TEE2=-0.002 TEE3= 0.023  TEE4= 0.021
rank= 73 Lx=Ly=22 pg= 0.730 ids= 329 TEE1=-0.035 TEE2=-0.004 TEE3= 0.010  TEE4= 0.012
rank= 45 Lx=Ly=22 pg= 0.740 ids= 301 TEE1=-0.099 TEE2= 0.000 TEE3= 0.043  TEE4= 0.056
rank= 33 Lx=Ly=22 pg= 0.740 ids= 289 TEE1=-0.153 TEE2=-0.037 TEE3= 0.033  TEE4= 0.099
rank= 60 Lx=Ly=22 pg= 0.730 ids= 316 TEE1=-0.006 TEE2= 0.014 TEE3= 0.027  TEE4= 0.021
rank= 44 Lx=Ly=22 pg= 0.740 ids= 300 TEE1=-0.138 TEE2=-0.041 TEE3= 0.019  TEE4= 0.033
rank=  2 Lx=Ly=22 pg= 0.740 ids= 258 TEE1=-0.095 TEE2=-0.023 TEE3= 0.027  TEE4= 0.058
rank= 71 Lx=Ly=22 pg= 0.740 ids= 327 TEE1=-0.180 TEE2=-0.045 TEE3= 0.023  TEE4= 0.081
rank= 39 Lx=Ly=22 pg= 0.740 ids= 295 TEE1=-0.134 TEE2=-0.052 TEE3= 0.010  TEE4= 0.048
rank= 81 Lx=Ly=22 pg= 0.730 ids= 337 TEE1=-0.112 TEE2=-0.008 TEE3= 0.035  TEE4= 0.045
rank= 85 Lx=Ly=22 pg= 0.730 ids= 341 TEE1=-0.157 TEE2=-0.052 TEE3= 0.002  TEE4= 0.019
rank= 66 Lx=Ly=22 pg= 0.730 ids= 322 TEE1=-0.054 TEE2= 0.031 TEE3= 0.064  TEE4= 0.068
rank= 19 Lx=Ly=22 pg= 0.730 ids= 275 TEE1= 0.002 TEE2= 0.002 TEE3= 0.004  TEE4= 0.004
rank= 92 Lx=Ly=22 pg= 0.720 ids= 348 TEE1=-0.029 TEE2= 0.033 TEE3= 0.064  TEE4= 0.068
rank=119 Lx=Ly=22 pg= 0.730 ids= 375 TEE1=-0.064 TEE2= 0.023 TEE3= 0.074  TEE4= 0.085
rank= 90 Lx=Ly=22 pg= 0.720 ids= 346 TEE1=-0.095 TEE2= 0.029 TEE3= 0.045  TEE4= 0.039
rank= 46 Lx=Ly=22 pg= 0.740 ids= 302 TEE1=-0.140 TEE2=-0.029 TEE3= 0.021  TEE4= 0.023
rank=101 Lx=Ly=22 pg= 0.740 ids= 357 TEE1=-0.031 TEE2= 0.052 TEE3= 0.070  TEE4= 0.043
rank= 69 Lx=Ly=22 pg= 0.740 ids= 325 TEE1=-0.048 TEE2= 0.014 TEE3= 0.072  TEE4= 0.091
rank= 82 Lx=Ly=22 pg= 0.730 ids= 338 TEE1=-0.072 TEE2= 0.074 TEE3= 0.095  TEE4= 0.101
rank= 52 Lx=Ly=22 pg= 0.730 ids= 308 TEE1=-0.066 TEE2= 0.008 TEE3= 0.031  TEE4= 0.025
rank= 89 Lx=Ly=22 pg= 0.730 ids= 345 TEE1=-0.056 TEE2=-0.014 TEE3= 0.029  TEE4= 0.048
rank= 25 Lx=Ly=22 pg= 0.740 ids= 281 TEE1=-0.023 TEE2= 0.027 TEE3= 0.056  TEE4= 0.060
rank=103 Lx=Ly=22 pg= 0.740 ids= 359 TEE1=-0.008 TEE2= 0.048 TEE3= 0.072  TEE4= 0.134
rank= 68 Lx=Ly=22 pg= 0.730 ids= 324 TEE1= 0.000 TEE2= 0.043 TEE3= 0.058  TEE4= 0.062
rank=112 Lx=Ly=22 pg= 0.740 ids= 368 TEE1=-0.070 TEE2= 0.004 TEE3= 0.037  TEE4= 0.056
rank= 77 Lx=Ly=22 pg= 0.730 ids= 333 TEE1=-0.079 TEE2= 0.021 TEE3= 0.074  TEE4= 0.085
rank= 51 Lx=Ly=22 pg= 0.740 ids= 307 TEE1=-0.110 TEE2=-0.017 TEE3= 0.052  TEE4= 0.074
rank=107 Lx=Ly=22 pg= 0.740 ids= 363 TEE1=-0.093 TEE2= 0.025 TEE3= 0.058  TEE4= 0.048
rank= 70 Lx=Ly=22 pg= 0.730 ids= 326 TEE1=-0.070 TEE2= 0.017 TEE3= 0.045  TEE4= 0.037
rank= 79 Lx=Ly=22 pg= 0.730 ids= 335 TEE1=-0.048 TEE2= 0.004 TEE3= 0.010  TEE4= 0.008
rank=110 Lx=Ly=22 pg= 0.740 ids= 366 TEE1=-0.070 TEE2= 0.017 TEE3= 0.054  TEE4= 0.039
rank= 20 Lx=Ly=22 pg= 0.730 ids= 276 TEE1=-0.002 TEE2= 0.037 TEE3= 0.050  TEE4= 0.041
rank= 63 Lx=Ly=22 pg= 0.730 ids= 319 TEE1=-0.076 TEE2= 0.006 TEE3= 0.060  TEE4= 0.093
rank= 54 Lx=Ly=22 pg= 0.730 ids= 310 TEE1=-0.023 TEE2= 0.017 TEE3= 0.021  TEE4= 0.017
rank= 23 Lx=Ly=22 pg= 0.730 ids= 279 TEE1=-0.058 TEE2= 0.041 TEE3= 0.079  TEE4= 0.091
rank= 41 Lx=Ly=22 pg= 0.740 ids= 297 TEE1=-0.060 TEE2= 0.043 TEE3= 0.081  TEE4= 0.099
rank=113 Lx=Ly=22 pg= 0.730 ids= 369 TEE1=-0.099 TEE2= 0.025 TEE3= 0.070  TEE4= 0.074
rank= 61 Lx=Ly=22 pg= 0.730 ids= 317 TEE1=-0.006 TEE2= 0.074 TEE3= 0.107  TEE4= 0.122
rank= 72 Lx=Ly=22 pg= 0.730 ids= 328 TEE1=-0.033 TEE2= 0.058 TEE3= 0.103  TEE4= 0.097
rank= 11 Lx=Ly=22 pg= 0.740 ids= 267 TEE1=-0.130 TEE2=-0.002 TEE3= 0.087  TEE4= 0.134
rank=120 Lx=Ly=22 pg= 0.730 ids= 376 TEE1=-0.112 TEE2=-0.002 TEE3= 0.048  TEE4= 0.039
rank= 17 Lx=Ly=22 pg= 0.730 ids= 273 TEE1=-0.081 TEE2= 0.037 TEE3= 0.089  TEE4= 0.081
rank=106 Lx=Ly=22 pg= 0.740 ids= 362 TEE1=-0.143 TEE2=-0.039 TEE3= 0.058  TEE4= 0.126
rank= 47 Lx=Ly=22 pg= 0.740 ids= 303 TEE1=-0.159 TEE2=-0.048 TEE3= 0.035  TEE4= 0.089
rank= 76 Lx=Ly=22 pg= 0.730 ids= 332 TEE1=-0.064 TEE2= 0.004 TEE3= 0.037  TEE4= 0.054
rank= 43 Lx=Ly=22 pg= 0.740 ids= 299 TEE1=-0.157 TEE2=-0.033 TEE3= 0.002  TEE4= 0.023
rank=127 Lx=Ly=22 pg= 0.740 ids= 383 TEE1=-0.223 TEE2=-0.107 TEE3=-0.023  TEE4= 0.019
rank= 31 Lx=Ly=22 pg= 0.740 ids= 287 TEE1=-0.058 TEE2= 0.048 TEE3= 0.066  TEE4= 0.072
rank=121 Lx=Ly=22 pg= 0.740 ids= 377 TEE1=-0.041 TEE2= 0.043 TEE3= 0.089  TEE4= 0.087
rank= 16 Lx=Ly=22 pg= 0.730 ids= 272 TEE1=-0.070 TEE2= 0.006 TEE3= 0.054  TEE4= 0.056
rank= 21 Lx=Ly=22 pg= 0.730 ids= 277 TEE1=-0.012 TEE2= 0.062 TEE3= 0.076  TEE4= 0.066
rank=116 Lx=Ly=22 pg= 0.740 ids= 372 TEE1=-0.107 TEE2=-0.025 TEE3= 0.052  TEE4= 0.066
rank= 38 Lx=Ly=22 pg= 0.740 ids= 294 TEE1=-0.008 TEE2= 0.006 TEE3= 0.029  TEE4= 0.035
rank=  3 Lx=Ly=22 pg= 0.750 ids= 259 TEE1=-0.081 TEE2= 0.004 TEE3= 0.085  TEE4= 0.134
rank=100 Lx=Ly=22 pg= 0.750 ids= 356 TEE1=-0.114 TEE2= 0.076 TEE3= 0.130  TEE4= 0.110
rank= 22 Lx=Ly=22 pg= 0.730 ids= 278 TEE1=-0.012 TEE2= 0.058 TEE3= 0.072  TEE4= 0.074
rank=117 Lx=Ly=22 pg= 0.730 ids= 373 TEE1=-0.045 TEE2= 0.041 TEE3= 0.058  TEE4= 0.072
rank= 27 Lx=Ly=22 pg= 0.740 ids= 283 TEE1=-0.163 TEE2=-0.048 TEE3=-0.004  TEE4= 0.008
rank= 30 Lx=Ly=22 pg= 0.740 ids= 286 TEE1=-0.159 TEE2=-0.035 TEE3= 0.081  TEE4= 0.205
rank=115 Lx=Ly=22 pg= 0.730 ids= 371 TEE1=-0.116 TEE2=-0.037 TEE3= 0.004  TEE4= 0.017
rank= 93 Lx=Ly=22 pg= 0.730 ids= 349 TEE1=-0.066 TEE2= 0.017 TEE3= 0.050  TEE4= 0.033
rank= 49 Lx=Ly=22 pg= 0.740 ids= 305 TEE1=-0.122 TEE2=-0.058 TEE3= 0.017  TEE4= 0.110
rank=  6 Lx=Ly=22 pg= 0.740 ids= 262 TEE1=-0.031 TEE2=-0.008 TEE3= 0.023  TEE4= 0.019
rank=104 Lx=Ly=22 pg= 0.740 ids= 360 TEE1=-0.149 TEE2=-0.039 TEE3= 0.019  TEE4= 0.027
rank=124 Lx=Ly=22 pg= 0.730 ids= 380 TEE1=-0.035 TEE2=-0.006 TEE3= 0.027  TEE4= 0.054
rank= 12 Lx=Ly=22 pg= 0.750 ids= 268 TEE1=-0.062 TEE2= 0.062 TEE3= 0.118  TEE4= 0.174
rank=  8 Lx=Ly=22 pg= 0.750 ids= 264 TEE1=-0.159 TEE2=-0.043 TEE3= 0.012  TEE4= 0.045
rank=126 Lx=Ly=22 pg= 0.730 ids= 382 TEE1=-0.079 TEE2= 0.037 TEE3= 0.087  TEE4= 0.110
rank= 15 Lx=Ly=22 pg= 0.740 ids= 271 TEE1=-0.072 TEE2= 0.037 TEE3= 0.099  TEE4= 0.130
rank= 91 Lx=Ly=22 pg= 0.730 ids= 347 TEE1=-0.157 TEE2=-0.043 TEE3= 0.023  TEE4= 0.054
rank=  9 Lx=Ly=22 pg= 0.740 ids= 265 TEE1=-0.099 TEE2= 0.021 TEE3= 0.085  TEE4= 0.147
rank=  4 Lx=Ly=22 pg= 0.740 ids= 260 TEE1=-0.089 TEE2=-0.010 TEE3= 0.027  TEE4= 0.035
rank= 13 Lx=Ly=22 pg= 0.740 ids= 269 TEE1=-0.081 TEE2=-0.039 TEE3= 0.004  TEE4= 0.043
rank= 14 Lx=Ly=22 pg= 0.750 ids= 270 TEE1=-0.124 TEE2= 0.014 TEE3= 0.066  TEE4= 0.064
rank=108 Lx=Ly=22 pg= 0.740 ids= 364 TEE1=-0.087 TEE2= 0.037 TEE3= 0.130  TEE4= 0.159
rank= 35 Lx=Ly=22 pg= 0.750 ids= 291 TEE1=-0.217 TEE2=-0.079 TEE3= 0.025  TEE4= 0.072
rank= 18 Lx=Ly=22 pg= 0.730 ids= 274 TEE1=-0.062 TEE2= 0.027 TEE3= 0.058  TEE4= 0.072
rank=  0 Lx=Ly=22 pg= 0.740 ids= 256 TEE1=-0.066 TEE2=-0.062 TEE3=-0.035  TEE4= 0.017
rank=125 Lx=Ly=22 pg= 0.740 ids= 381 TEE1=-0.167 TEE2=-0.045 TEE3= 0.052  TEE4= 0.091
rank=118 Lx=Ly=22 pg= 0.740 ids= 374 TEE1=-0.107 TEE2=-0.021 TEE3= 0.050  TEE4= 0.070
rank= 29 Lx=Ly=22 pg= 0.740 ids= 285 TEE1=-0.112 TEE2=-0.041 TEE3= 0.008  TEE4= 0.066
rank=102 Lx=Ly=22 pg= 0.750 ids= 358 TEE1=-0.167 TEE2= 0.000 TEE3= 0.095  TEE4= 0.110
rank= 65 Lx=Ly=22 pg= 0.750 ids= 321 TEE1=-0.151 TEE2=-0.072 TEE3= 0.004  TEE4= 0.066
rank=123 Lx=Ly=22 pg= 0.740 ids= 379 TEE1=-0.014 TEE2= 0.033 TEE3= 0.039  TEE4= 0.029
rank= 83 Lx=Ly=22 pg= 0.740 ids= 339 TEE1=-0.025 TEE2= 0.031 TEE3= 0.072  TEE4= 0.070
rank= 32 Lx=Ly=22 pg= 0.740 ids= 288 TEE1=-0.099 TEE2= 0.037 TEE3= 0.083  TEE4= 0.091
rank=114 Lx=Ly=22 pg= 0.740 ids= 370 TEE1=-0.093 TEE2= 0.017 TEE3= 0.052  TEE4= 0.070
rank= 34 Lx=Ly=22 pg= 0.740 ids= 290 TEE1=-0.074 TEE2= 0.000 TEE3= 0.058  TEE4= 0.081
rank= 95 Lx=Ly=22 pg= 0.730 ids= 351 TEE1=-0.039 TEE2= 0.041 TEE3= 0.048  TEE4= 0.031
rank= 86 Lx=Ly=22 pg= 0.730 ids= 342 TEE1=-0.052 TEE2=-0.012 TEE3= 0.014  TEE4= 0.027
rank= 64 Lx=Ly=22 pg= 0.740 ids= 320 TEE1=-0.153 TEE2=-0.041 TEE3= 0.052  TEE4= 0.118
rank= 26 Lx=Ly=22 pg= 0.740 ids= 282 TEE1=-0.033 TEE2= 0.008 TEE3= 0.037  TEE4= 0.045
rank= 36 Lx=Ly=22 pg= 0.740 ids= 292 TEE1=-0.087 TEE2=-0.019 TEE3= 0.006  TEE4= 0.043
rank=105 Lx=Ly=22 pg= 0.740 ids= 361 TEE1=-0.161 TEE2=-0.043 TEE3= 0.033  TEE4= 0.089
rank= 98 Lx=Ly=22 pg= 0.750 ids= 354 TEE1=-0.097 TEE2=-0.045 TEE3= 0.033  TEE4= 0.087
rank= 80 Lx=Ly=22 pg= 0.730 ids= 336 TEE1=-0.110 TEE2= 0.004 TEE3= 0.054  TEE4= 0.074
rank= 48 Lx=Ly=22 pg= 0.740 ids= 304 TEE1=-0.186 TEE2=-0.070 TEE3= 0.031  TEE4= 0.110
rank=111 Lx=Ly=22 pg= 0.740 ids= 367 TEE1= 0.027 TEE2= 0.043 TEE3= 0.039  TEE4= 0.025
rank= 42 Lx=Ly=22 pg= 0.750 ids= 298 TEE1=-0.190 TEE2=-0.043 TEE3= 0.029  TEE4= 0.050
rank=  5 Lx=Ly=22 pg= 0.750 ids= 261 TEE1=-0.302 TEE2=-0.190 TEE3=-0.083  TEE4= 0.019
rank= 10 Lx=Ly=22 pg= 0.750 ids= 266 TEE1=-0.186 TEE2=-0.050 TEE3= 0.068  TEE4= 0.174
rank=  1 Lx=Ly=22 pg= 0.750 ids= 257 TEE1=-0.196 TEE2=-0.074 TEE3= 0.002  TEE4= 0.180
rank=  7 Lx=Ly=22 pg= 0.750 ids= 263 TEE1=-0.101 TEE2= 0.014 TEE3= 0.066  TEE4= 0.097
rank= 40 Lx=Ly=22 pg= 0.750 ids= 296 TEE1=-0.054 TEE2= 0.017 TEE3= 0.054  TEE4= 0.056
rank= 53 Lx=Ly=22 pg= 0.740 ids= 309 TEE1=-0.097 TEE2= 0.017 TEE3= 0.076  TEE4= 0.093
rank= 99 Lx=Ly=22 pg= 0.750 ids= 355 TEE1=-0.188 TEE2=-0.095 TEE3=-0.010  TEE4= 0.083
rank= 84 Lx=Ly=22 pg= 0.730 ids= 340 TEE1=-0.076 TEE2=-0.023 TEE3= 0.021  TEE4= 0.031
rank= 75 Lx=Ly=22 pg= 0.740 ids= 331 TEE1=-0.112 TEE2=-0.045 TEE3= 0.010  TEE4= 0.031
rank= 74 Lx=Ly=22 pg= 0.740 ids= 330 TEE1=-0.105 TEE2= 0.031 TEE3= 0.097  TEE4= 0.091
rank= 55 Lx=Ly=22 pg= 0.740 ids= 311 TEE1=-0.132 TEE2= 0.033 TEE3= 0.107  TEE4= 0.180
rank= 96 Lx=Ly=22 pg= 0.750 ids= 352 TEE1=-0.248 TEE2=-0.025 TEE3= 0.097  TEE4= 0.128
rank= 67 Lx=Ly=22 pg= 0.750 ids= 323 TEE1=-0.107 TEE2= 0.012 TEE3= 0.066  TEE4= 0.091
rank= 57 Lx=Ly=22 pg= 0.740 ids= 313 TEE1=-0.147 TEE2=-0.019 TEE3= 0.056  TEE4= 0.120
rank= 87 Lx=Ly=22 pg= 0.740 ids= 343 TEE1=-0.048 TEE2= 0.025 TEE3= 0.060  TEE4= 0.083
rank= 56 Lx=Ly=22 pg= 0.740 ids= 312 TEE1=-0.048 TEE2= 0.017 TEE3= 0.041  TEE4= 0.039
rank= 94 Lx=Ly=22 pg= 0.730 ids= 350 TEE1=-0.138 TEE2=-0.025 TEE3= 0.050  TEE4= 0.087
rank= 58 Lx=Ly=22 pg= 0.740 ids= 314 TEE1=-0.087 TEE2=-0.081 TEE3=-0.039  TEE4= 0.002
rank=109 Lx=Ly=22 pg= 0.740 ids= 365 TEE1=-0.081 TEE2=-0.014 TEE3= 0.039  TEE4= 0.070
rank= 88 Lx=Ly=22 pg= 0.730 ids= 344 TEE1=-0.134 TEE2=-0.006 TEE3= 0.050  TEE4= 0.058
rank=122 Lx=Ly=22 pg= 0.740 ids= 378 TEE1=-0.087 TEE2= 0.008 TEE3= 0.043  TEE4= 0.056
rank= 24 Lx=Ly=22 pg= 0.740 ids= 280 TEE1=-0.006 TEE2= 0.052 TEE3= 0.089  TEE4= 0.101
rank= 78 Lx=Ly=22 pg= 0.740 ids= 334 TEE1=-0.147 TEE2= 0.000 TEE3= 0.054  TEE4= 0.074
rank= 97 Lx=Ly=22 pg= 0.750 ids= 353 TEE1=-0.171 TEE2=-0.025 TEE3= 0.068  TEE4= 0.116
rank= 50 Lx=Ly=22 pg= 0.740 ids= 306 TEE1=-0.017 TEE2= 0.014 TEE3= 0.052  TEE4= 0.105
rank= 62 Lx=Ly=22 pg= 0.740 ids= 318 TEE1=-0.052 TEE2= 0.023 TEE3= 0.052  TEE4= 0.062
rank= 28 Lx=Ly=22 pg= 0.740 ids= 284 TEE1=-0.132 TEE2=-0.019 TEE3= 0.025  TEE4= 0.027
rank= 37 Lx=Ly=22 pg= 0.750 ids= 293 TEE1=-0.112 TEE2=-0.017 TEE3= 0.045  TEE4= 0.066
rank= 45 Lx=Ly=22 pg= 0.750 ids= 301 TEE1=-0.105 TEE2= 0.000 TEE3= 0.039  TEE4= 0.064
rank= 59 Lx=Ly=22 pg= 0.740 ids= 315 TEE1=-0.039 TEE2= 0.025 TEE3= 0.029  TEE4= 0.029
rank= 73 Lx=Ly=22 pg= 0.740 ids= 329 TEE1=-0.006 TEE2= 0.017 TEE3= 0.064  TEE4= 0.079
rank= 44 Lx=Ly=22 pg= 0.750 ids= 300 TEE1=-0.087 TEE2=-0.010 TEE3= 0.023  TEE4= 0.050
rank= 33 Lx=Ly=22 pg= 0.750 ids= 289 TEE1=-0.248 TEE2=-0.171 TEE3=-0.079  TEE4= 0.006
rank=  2 Lx=Ly=22 pg= 0.750 ids= 258 TEE1=-0.048 TEE2= 0.037 TEE3= 0.048  TEE4= 0.037
rank= 60 Lx=Ly=22 pg= 0.740 ids= 316 TEE1=-0.165 TEE2=-0.048 TEE3= 0.041  TEE4= 0.085
rank= 39 Lx=Ly=22 pg= 0.750 ids= 295 TEE1=-0.068 TEE2= 0.019 TEE3= 0.058  TEE4= 0.062
rank= 71 Lx=Ly=22 pg= 0.750 ids= 327 TEE1=-0.192 TEE2=-0.126 TEE3=-0.050  TEE4= 0.000
rank= 81 Lx=Ly=22 pg= 0.740 ids= 337 TEE1=-0.103 TEE2= 0.014 TEE3= 0.066  TEE4= 0.064
rank= 66 Lx=Ly=22 pg= 0.740 ids= 322 TEE1=-0.039 TEE2= 0.045 TEE3= 0.072  TEE4= 0.095
rank= 19 Lx=Ly=22 pg= 0.740 ids= 275 TEE1=-0.050 TEE2= 0.031 TEE3= 0.054  TEE4= 0.043
rank= 85 Lx=Ly=22 pg= 0.740 ids= 341 TEE1=-0.050 TEE2= 0.014 TEE3= 0.091  TEE4= 0.076
rank= 46 Lx=Ly=22 pg= 0.750 ids= 302 TEE1=-0.083 TEE2= 0.025 TEE3= 0.058  TEE4= 0.083
rank=119 Lx=Ly=22 pg= 0.740 ids= 375 TEE1=-0.066 TEE2= 0.025 TEE3= 0.052  TEE4= 0.070
rank= 92 Lx=Ly=22 pg= 0.730 ids= 348 TEE1=-0.081 TEE2= 0.004 TEE3= 0.064  TEE4= 0.083
rank=101 Lx=Ly=22 pg= 0.750 ids= 357 TEE1=-0.163 TEE2=-0.087 TEE3=-0.006  TEE4= 0.079
rank= 90 Lx=Ly=22 pg= 0.730 ids= 346 TEE1=-0.019 TEE2= 0.012 TEE3= 0.021  TEE4= 0.025
rank= 69 Lx=Ly=22 pg= 0.750 ids= 325 TEE1=-0.157 TEE2=-0.031 TEE3= 0.105  TEE4= 0.136
rank= 52 Lx=Ly=22 pg= 0.740 ids= 308 TEE1=-0.060 TEE2= 0.031 TEE3= 0.048  TEE4= 0.045
rank=103 Lx=Ly=22 pg= 0.750 ids= 359 TEE1=-0.041 TEE2= 0.033 TEE3= 0.074  TEE4= 0.083
rank= 25 Lx=Ly=22 pg= 0.750 ids= 281 TEE1=-0.132 TEE2= 0.000 TEE3= 0.095  TEE4= 0.138
rank= 82 Lx=Ly=22 pg= 0.740 ids= 338 TEE1=-0.064 TEE2= 0.008 TEE3= 0.031  TEE4= 0.025
rank= 89 Lx=Ly=22 pg= 0.740 ids= 345 TEE1=-0.081 TEE2= 0.041 TEE3= 0.064  TEE4= 0.060
rank= 68 Lx=Ly=22 pg= 0.740 ids= 324 TEE1=-0.153 TEE2=-0.056 TEE3=-0.017  TEE4= 0.019
rank=112 Lx=Ly=22 pg= 0.750 ids= 368 TEE1=-0.163 TEE2=-0.079 TEE3=-0.004  TEE4= 0.017
rank=107 Lx=Ly=22 pg= 0.750 ids= 363 TEE1=-0.155 TEE2=-0.083 TEE3=-0.008  TEE4= 0.054
rank= 51 Lx=Ly=22 pg= 0.750 ids= 307 TEE1=-0.176 TEE2=-0.097 TEE3=-0.037  TEE4= 0.014
rank= 77 Lx=Ly=22 pg= 0.740 ids= 333 TEE1=-0.114 TEE2=-0.029 TEE3= 0.014  TEE4= 0.027
rank= 79 Lx=Ly=22 pg= 0.740 ids= 335 TEE1= 0.004 TEE2= 0.025 TEE3= 0.031  TEE4= 0.023
rank= 70 Lx=Ly=22 pg= 0.740 ids= 326 TEE1=-0.128 TEE2=-0.064 TEE3= 0.029  TEE4= 0.064
rank=110 Lx=Ly=22 pg= 0.750 ids= 366 TEE1=-0.211 TEE2=-0.058 TEE3= 0.054  TEE4= 0.143
rank= 20 Lx=Ly=22 pg= 0.740 ids= 276 TEE1=-0.110 TEE2= 0.006 TEE3= 0.068  TEE4= 0.070
rank= 54 Lx=Ly=22 pg= 0.740 ids= 310 TEE1=-0.149 TEE2=-0.023 TEE3= 0.052  TEE4= 0.110
rank= 23 Lx=Ly=22 pg= 0.740 ids= 279 TEE1=-0.072 TEE2= 0.068 TEE3= 0.093  TEE4= 0.085
rank= 63 Lx=Ly=22 pg= 0.740 ids= 319 TEE1=-0.097 TEE2= 0.064 TEE3= 0.120  TEE4= 0.161
rank= 41 Lx=Ly=22 pg= 0.750 ids= 297 TEE1=-0.165 TEE2=-0.056 TEE3= 0.041  TEE4= 0.074
rank=113 Lx=Ly=22 pg= 0.740 ids= 369 TEE1=-0.120 TEE2= 0.056 TEE3= 0.101  TEE4= 0.122
rank= 11 Lx=Ly=22 pg= 0.750 ids= 267 TEE1=-0.163 TEE2=-0.041 TEE3= 0.025  TEE4= 0.056
rank= 61 Lx=Ly=22 pg= 0.740 ids= 317 TEE1=-0.087 TEE2=-0.023 TEE3=-0.002  TEE4= 0.008
rank= 47 Lx=Ly=22 pg= 0.750 ids= 303 TEE1=-0.236 TEE2=-0.114 TEE3=-0.004  TEE4= 0.085
rank=106 Lx=Ly=22 pg= 0.750 ids= 362 TEE1=-0.147 TEE2= 0.014 TEE3= 0.097  TEE4= 0.134
rank=120 Lx=Ly=22 pg= 0.740 ids= 376 TEE1=-0.081 TEE2= 0.064 TEE3= 0.122  TEE4= 0.159
rank= 72 Lx=Ly=22 pg= 0.740 ids= 328 TEE1=-0.178 TEE2=-0.081 TEE3=-0.033  TEE4= 0.019
rank= 17 Lx=Ly=22 pg= 0.740 ids= 273 TEE1=-0.091 TEE2= 0.050 TEE3= 0.091  TEE4= 0.110
rank= 43 Lx=Ly=22 pg= 0.750 ids= 299 TEE1=-0.155 TEE2=-0.021 TEE3= 0.064  TEE4= 0.097
rank= 76 Lx=Ly=22 pg= 0.740 ids= 332 TEE1=-0.103 TEE2= 0.000 TEE3= 0.056  TEE4= 0.058
rank=127 Lx=Ly=22 pg= 0.750 ids= 383 TEE1=-0.058 TEE2=-0.019 TEE3= 0.031  TEE4= 0.050
rank= 31 Lx=Ly=22 pg= 0.750 ids= 287 TEE1=-0.130 TEE2= 0.027 TEE3= 0.099  TEE4= 0.107
rank=121 Lx=Ly=22 pg= 0.750 ids= 377 TEE1=-0.060 TEE2= 0.050 TEE3= 0.089  TEE4= 0.089
rank=  3 Lx=Ly=22 pg= 0.760 ids= 259 TEE1=-0.145 TEE2=-0.066 TEE3=-0.010  TEE4= 0.035
rank= 16 Lx=Ly=22 pg= 0.740 ids= 272 TEE1=-0.074 TEE2=-0.010 TEE3= 0.037  TEE4= 0.087
rank=116 Lx=Ly=22 pg= 0.750 ids= 372 TEE1=-0.054 TEE2= 0.050 TEE3= 0.066  TEE4= 0.095
rank= 21 Lx=Ly=22 pg= 0.740 ids= 277 TEE1=-0.116 TEE2= 0.014 TEE3= 0.105  TEE4= 0.165
rank=100 Lx=Ly=22 pg= 0.760 ids= 356 TEE1=-0.145 TEE2= 0.052 TEE3= 0.099  TEE4= 0.126
rank= 38 Lx=Ly=22 pg= 0.750 ids= 294 TEE1=-0.087 TEE2= 0.008 TEE3= 0.056  TEE4= 0.058
rank= 22 Lx=Ly=22 pg= 0.740 ids= 278 TEE1=-0.066 TEE2= 0.035 TEE3= 0.074  TEE4= 0.112
rank= 27 Lx=Ly=22 pg= 0.750 ids= 283 TEE1=-0.093 TEE2=-0.006 TEE3= 0.000  TEE4= 0.002
rank=  6 Lx=Ly=22 pg= 0.750 ids= 262 TEE1=-0.262 TEE2=-0.138 TEE3=-0.010  TEE4= 0.033
rank=117 Lx=Ly=22 pg= 0.740 ids= 373 TEE1=-0.124 TEE2=-0.010 TEE3= 0.039  TEE4= 0.033
rank= 30 Lx=Ly=22 pg= 0.750 ids= 286 TEE1=-0.161 TEE2=-0.079 TEE3=-0.029  TEE4= 0.010
rank=115 Lx=Ly=22 pg= 0.740 ids= 371 TEE1= 0.019 TEE2= 0.052 TEE3= 0.074  TEE4= 0.103
rank= 49 Lx=Ly=22 pg= 0.750 ids= 305 TEE1=-0.149 TEE2=-0.027 TEE3= 0.048  TEE4= 0.072
rank=104 Lx=Ly=22 pg= 0.750 ids= 360 TEE1=-0.091 TEE2= 0.000 TEE3= 0.043  TEE4= 0.045
rank= 93 Lx=Ly=22 pg= 0.740 ids= 349 TEE1=-0.085 TEE2= 0.025 TEE3= 0.056  TEE4= 0.064
rank= 12 Lx=Ly=22 pg= 0.760 ids= 268 TEE1=-0.174 TEE2=-0.087 TEE3= 0.002  TEE4= 0.070
rank=124 Lx=Ly=22 pg= 0.740 ids= 380 TEE1=-0.025 TEE2= 0.029 TEE3= 0.050  TEE4= 0.037
rank=  8 Lx=Ly=22 pg= 0.760 ids= 264 TEE1=-0.091 TEE2=-0.004 TEE3= 0.048  TEE4= 0.064
rank= 15 Lx=Ly=22 pg= 0.750 ids= 271 TEE1=-0.163 TEE2=-0.052 TEE3= 0.056  TEE4= 0.143
rank=126 Lx=Ly=22 pg= 0.740 ids= 382 TEE1=-0.116 TEE2=-0.012 TEE3= 0.058  TEE4= 0.076
rank= 91 Lx=Ly=22 pg= 0.740 ids= 347 TEE1=-0.045 TEE2=-0.014 TEE3= 0.014  TEE4= 0.021
rank=  9 Lx=Ly=22 pg= 0.750 ids= 265 TEE1=-0.093 TEE2= 0.017 TEE3= 0.062  TEE4= 0.060
rank=  4 Lx=Ly=22 pg= 0.750 ids= 260 TEE1=-0.081 TEE2= 0.033 TEE3= 0.070  TEE4= 0.064
rank= 13 Lx=Ly=22 pg= 0.750 ids= 269 TEE1=-0.089 TEE2= 0.039 TEE3= 0.076  TEE4= 0.114
rank= 14 Lx=Ly=22 pg= 0.760 ids= 270 TEE1=-0.167 TEE2=-0.074 TEE3=-0.008  TEE4= 0.079
rank=108 Lx=Ly=22 pg= 0.750 ids= 364 TEE1=-0.103 TEE2=-0.008 TEE3= 0.041  TEE4= 0.072
rank= 35 Lx=Ly=22 pg= 0.760 ids= 291 TEE1=-0.174 TEE2=-0.064 TEE3= 0.006  TEE4= 0.070
rank=  0 Lx=Ly=22 pg= 0.750 ids= 256 TEE1=-0.143 TEE2=-0.062 TEE3= 0.023  TEE4= 0.138
rank= 18 Lx=Ly=22 pg= 0.740 ids= 274 TEE1=-0.145 TEE2=-0.019 TEE3= 0.039  TEE4= 0.029
rank=125 Lx=Ly=22 pg= 0.750 ids= 381 TEE1=-0.039 TEE2= 0.008 TEE3= 0.050  TEE4= 0.064
rank=118 Lx=Ly=22 pg= 0.750 ids= 374 TEE1=-0.143 TEE2=-0.025 TEE3= 0.048  TEE4= 0.087
rank= 29 Lx=Ly=22 pg= 0.750 ids= 285 TEE1=-0.074 TEE2= 0.031 TEE3= 0.081  TEE4= 0.091
rank=102 Lx=Ly=22 pg= 0.760 ids= 358 TEE1=-0.186 TEE2=-0.068 TEE3= 0.017  TEE4= 0.070
rank= 65 Lx=Ly=22 pg= 0.760 ids= 321 TEE1=-0.295 TEE2=-0.205 TEE3=-0.120  TEE4=-0.010
rank= 32 Lx=Ly=22 pg= 0.750 ids= 288 TEE1=-0.058 TEE2= 0.037 TEE3= 0.066  TEE4= 0.083
rank= 83 Lx=Ly=22 pg= 0.750 ids= 339 TEE1=-0.083 TEE2= 0.056 TEE3= 0.097  TEE4= 0.116
rank=123 Lx=Ly=22 pg= 0.750 ids= 379 TEE1=-0.209 TEE2=-0.043 TEE3= 0.025  TEE4= 0.054
rank= 34 Lx=Ly=22 pg= 0.750 ids= 290 TEE1=-0.103 TEE2=-0.045 TEE3=-0.004  TEE4= 0.074
rank=114 Lx=Ly=22 pg= 0.750 ids= 370 TEE1=-0.140 TEE2=-0.039 TEE3= 0.002  TEE4= 0.012
rank= 64 Lx=Ly=22 pg= 0.750 ids= 320 TEE1=-0.089 TEE2= 0.048 TEE3= 0.068  TEE4= 0.062
rank= 95 Lx=Ly=22 pg= 0.740 ids= 351 TEE1=-0.140 TEE2=-0.021 TEE3= 0.033  TEE4= 0.072
rank= 26 Lx=Ly=22 pg= 0.750 ids= 282 TEE1=-0.118 TEE2= 0.000 TEE3= 0.048  TEE4= 0.062
rank= 36 Lx=Ly=22 pg= 0.750 ids= 292 TEE1=-0.171 TEE2=-0.048 TEE3= 0.025  TEE4= 0.091
rank= 86 Lx=Ly=22 pg= 0.740 ids= 342 TEE1=-0.056 TEE2= 0.017 TEE3= 0.021  TEE4= 0.017
rank= 98 Lx=Ly=22 pg= 0.760 ids= 354 TEE1=-0.302 TEE2=-0.196 TEE3=-0.083  TEE4=-0.006
rank=105 Lx=Ly=22 pg= 0.750 ids= 361 TEE1=-0.021 TEE2= 0.029 TEE3= 0.068  TEE4= 0.103
rank= 42 Lx=Ly=22 pg= 0.760 ids= 298 TEE1=-0.116 TEE2=-0.012 TEE3= 0.027  TEE4= 0.045
rank= 48 Lx=Ly=22 pg= 0.750 ids= 304 TEE1=-0.244 TEE2=-0.151 TEE3=-0.043  TEE4= 0.014
rank=  5 Lx=Ly=22 pg= 0.760 ids= 261 TEE1=-0.174 TEE2=-0.031 TEE3= 0.089  TEE4= 0.174
rank=111 Lx=Ly=22 pg= 0.750 ids= 367 TEE1=-0.031 TEE2= 0.023 TEE3= 0.043  TEE4= 0.033
rank= 10 Lx=Ly=22 pg= 0.760 ids= 266 TEE1=-0.145 TEE2= 0.002 TEE3= 0.045  TEE4= 0.048
rank= 80 Lx=Ly=22 pg= 0.740 ids= 336 TEE1=-0.091 TEE2= 0.019 TEE3= 0.068  TEE4= 0.116
rank=  1 Lx=Ly=22 pg= 0.760 ids= 257 TEE1=-0.213 TEE2=-0.085 TEE3=-0.002  TEE4= 0.039
rank=  7 Lx=Ly=22 pg= 0.760 ids= 263 TEE1=-0.140 TEE2=-0.002 TEE3= 0.107  TEE4= 0.143
rank= 40 Lx=Ly=22 pg= 0.760 ids= 296 TEE1=-0.089 TEE2=-0.023 TEE3= 0.037  TEE4= 0.058
rank= 99 Lx=Ly=22 pg= 0.760 ids= 355 TEE1=-0.262 TEE2=-0.136 TEE3=-0.029  TEE4= 0.112
rank= 53 Lx=Ly=22 pg= 0.750 ids= 309 TEE1=-0.151 TEE2=-0.029 TEE3= 0.043  TEE4= 0.103
rank= 75 Lx=Ly=22 pg= 0.750 ids= 331 TEE1=-0.110 TEE2=-0.014 TEE3= 0.043  TEE4= 0.076
rank= 96 Lx=Ly=22 pg= 0.760 ids= 352 TEE1=-0.114 TEE2= 0.008 TEE3= 0.083  TEE4= 0.143
rank= 74 Lx=Ly=22 pg= 0.750 ids= 330 TEE1=-0.153 TEE2=-0.116 TEE3=-0.045  TEE4= 0.002
rank= 55 Lx=Ly=22 pg= 0.750 ids= 311 TEE1=-0.145 TEE2=-0.039 TEE3= 0.029  TEE4= 0.052
rank= 67 Lx=Ly=22 pg= 0.760 ids= 323 TEE1=-0.171 TEE2=-0.081 TEE3= 0.041  TEE4= 0.130
rank= 84 Lx=Ly=22 pg= 0.740 ids= 340 TEE1=-0.089 TEE2=-0.099 TEE3=-0.056  TEE4=-0.006
rank= 57 Lx=Ly=22 pg= 0.750 ids= 313 TEE1=-0.074 TEE2=-0.029 TEE3= 0.012  TEE4= 0.014
rank= 87 Lx=Ly=22 pg= 0.750 ids= 343 TEE1=-0.138 TEE2=-0.004 TEE3= 0.056  TEE4= 0.105
rank= 56 Lx=Ly=22 pg= 0.750 ids= 312 TEE1=-0.074 TEE2= 0.023 TEE3= 0.058  TEE4= 0.087
rank= 58 Lx=Ly=22 pg= 0.750 ids= 314 TEE1=-0.068 TEE2=-0.006 TEE3= 0.025  TEE4= 0.027
rank= 94 Lx=Ly=22 pg= 0.740 ids= 350 TEE1=-0.085 TEE2= 0.002 TEE3= 0.029  TEE4= 0.033
rank=109 Lx=Ly=22 pg= 0.750 ids= 365 TEE1=-0.037 TEE2= 0.029 TEE3= 0.048  TEE4= 0.037
rank=122 Lx=Ly=22 pg= 0.750 ids= 378 TEE1=-0.105 TEE2=-0.056 TEE3= 0.002  TEE4= 0.062
rank= 88 Lx=Ly=22 pg= 0.740 ids= 344 TEE1=-0.105 TEE2= 0.006 TEE3= 0.027  TEE4= 0.052
rank= 24 Lx=Ly=22 pg= 0.750 ids= 280 TEE1=-0.083 TEE2=-0.025 TEE3= 0.023  TEE4= 0.062
rank= 97 Lx=Ly=22 pg= 0.760 ids= 353 TEE1=-0.161 TEE2= 0.006 TEE3= 0.054  TEE4= 0.045
rank= 78 Lx=Ly=22 pg= 0.750 ids= 334 TEE1=-0.211 TEE2=-0.033 TEE3= 0.035  TEE4= 0.083
rank= 50 Lx=Ly=22 pg= 0.750 ids= 306 TEE1=-0.122 TEE2= 0.008 TEE3= 0.039  TEE4= 0.045
rank= 45 Lx=Ly=22 pg= 0.760 ids= 301 TEE1=-0.196 TEE2=-0.118 TEE3=-0.048  TEE4= 0.010
rank= 37 Lx=Ly=22 pg= 0.760 ids= 293 TEE1=-0.205 TEE2=-0.027 TEE3= 0.056  TEE4= 0.093
rank= 62 Lx=Ly=22 pg= 0.750 ids= 318 TEE1=-0.101 TEE2=-0.031 TEE3= 0.031  TEE4= 0.068
rank= 28 Lx=Ly=22 pg= 0.750 ids= 284 TEE1=-0.134 TEE2=-0.012 TEE3= 0.037  TEE4= 0.048
rank= 44 Lx=Ly=22 pg= 0.760 ids= 300 TEE1=-0.171 TEE2=-0.041 TEE3= 0.002  TEE4= 0.054
rank= 59 Lx=Ly=22 pg= 0.750 ids= 315 TEE1=-0.099 TEE2= 0.050 TEE3= 0.110  TEE4= 0.136
rank= 73 Lx=Ly=22 pg= 0.750 ids= 329 TEE1=-0.118 TEE2=-0.039 TEE3= 0.000  TEE4= 0.008
rank= 33 Lx=Ly=22 pg= 0.760 ids= 289 TEE1=-0.196 TEE2=-0.124 TEE3=-0.045  TEE4= 0.091
rank=  2 Lx=Ly=22 pg= 0.760 ids= 258 TEE1=-0.188 TEE2=-0.068 TEE3= 0.004  TEE4= 0.039
rank= 39 Lx=Ly=22 pg= 0.760 ids= 295 TEE1=-0.184 TEE2=-0.068 TEE3= 0.027  TEE4= 0.056
rank= 71 Lx=Ly=22 pg= 0.760 ids= 327 TEE1=-0.205 TEE2=-0.099 TEE3=-0.054  TEE4= 0.014
rank= 60 Lx=Ly=22 pg= 0.750 ids= 316 TEE1=-0.081 TEE2= 0.002 TEE3= 0.041  TEE4= 0.095
rank= 66 Lx=Ly=22 pg= 0.750 ids= 322 TEE1=-0.079 TEE2= 0.050 TEE3= 0.114  TEE4= 0.153
rank= 46 Lx=Ly=22 pg= 0.760 ids= 302 TEE1=-0.134 TEE2=-0.050 TEE3= 0.006  TEE4= 0.043
rank= 81 Lx=Ly=22 pg= 0.750 ids= 337 TEE1=-0.105 TEE2= 0.012 TEE3= 0.081  TEE4= 0.074
rank= 19 Lx=Ly=22 pg= 0.750 ids= 275 TEE1=-0.289 TEE2=-0.196 TEE3=-0.095  TEE4=-0.012
rank=119 Lx=Ly=22 pg= 0.750 ids= 375 TEE1=-0.219 TEE2=-0.136 TEE3=-0.019  TEE4= 0.089
rank=101 Lx=Ly=22 pg= 0.760 ids= 357 TEE1=-0.095 TEE2= 0.014 TEE3= 0.087  TEE4= 0.112
rank= 85 Lx=Ly=22 pg= 0.750 ids= 341 TEE1=-0.176 TEE2=-0.056 TEE3= 0.031  TEE4= 0.112
rank= 69 Lx=Ly=22 pg= 0.760 ids= 325 TEE1=-0.256 TEE2=-0.083 TEE3= 0.025  TEE4= 0.112
rank= 92 Lx=Ly=22 pg= 0.740 ids= 348 TEE1=-0.014 TEE2= 0.068 TEE3= 0.095  TEE4= 0.103
rank= 52 Lx=Ly=22 pg= 0.750 ids= 308 TEE1=-0.143 TEE2=-0.004 TEE3= 0.079  TEE4= 0.134
rank= 90 Lx=Ly=22 pg= 0.740 ids= 346 TEE1=-0.163 TEE2=-0.054 TEE3= 0.035  TEE4= 0.041
rank= 25 Lx=Ly=22 pg= 0.760 ids= 281 TEE1=-0.295 TEE2=-0.157 TEE3=-0.052  TEE4= 0.052
rank=103 Lx=Ly=22 pg= 0.760 ids= 359 TEE1=-0.341 TEE2=-0.097 TEE3= 0.074  TEE4= 0.186
rank= 89 Lx=Ly=22 pg= 0.750 ids= 345 TEE1=-0.176 TEE2=-0.048 TEE3= 0.025  TEE4= 0.074
rank= 82 Lx=Ly=22 pg= 0.750 ids= 338 TEE1=-0.058 TEE2= 0.010 TEE3= 0.045  TEE4= 0.064
rank=112 Lx=Ly=22 pg= 0.760 ids= 368 TEE1=-0.126 TEE2=-0.076 TEE3= 0.031  TEE4= 0.095
rank=107 Lx=Ly=22 pg= 0.760 ids= 363 TEE1=-0.165 TEE2=-0.045 TEE3= 0.019  TEE4= 0.054
rank= 68 Lx=Ly=22 pg= 0.750 ids= 324 TEE1=-0.126 TEE2=-0.031 TEE3= 0.025  TEE4= 0.050
rank= 51 Lx=Ly=22 pg= 0.760 ids= 307 TEE1=-0.101 TEE2= 0.008 TEE3= 0.070  TEE4= 0.089
rank= 77 Lx=Ly=22 pg= 0.750 ids= 333 TEE1=-0.161 TEE2=-0.004 TEE3= 0.103  TEE4= 0.215
rank=110 Lx=Ly=22 pg= 0.760 ids= 366 TEE1=-0.060 TEE2=-0.006 TEE3= 0.048  TEE4= 0.074
rank= 79 Lx=Ly=22 pg= 0.750 ids= 335 TEE1=-0.184 TEE2= 0.008 TEE3= 0.114  TEE4= 0.178
rank= 20 Lx=Ly=22 pg= 0.750 ids= 276 TEE1=-0.192 TEE2=-0.118 TEE3=-0.048  TEE4=-0.006
rank= 70 Lx=Ly=22 pg= 0.750 ids= 326 TEE1=-0.155 TEE2=-0.035 TEE3= 0.031  TEE4= 0.095
rank= 41 Lx=Ly=22 pg= 0.760 ids= 297 TEE1=-0.291 TEE2=-0.159 TEE3=-0.054  TEE4=-0.002
rank= 23 Lx=Ly=22 pg= 0.750 ids= 279 TEE1=-0.254 TEE2=-0.076 TEE3= 0.017  TEE4= 0.085
rank= 63 Lx=Ly=22 pg= 0.750 ids= 319 TEE1=-0.186 TEE2=-0.056 TEE3= 0.058  TEE4= 0.149
rank= 54 Lx=Ly=22 pg= 0.750 ids= 310 TEE1=-0.101 TEE2= 0.050 TEE3= 0.126  TEE4= 0.169
rank= 11 Lx=Ly=22 pg= 0.760 ids= 267 TEE1=-0.116 TEE2= 0.031 TEE3= 0.122  TEE4= 0.149
rank=113 Lx=Ly=22 pg= 0.750 ids= 369 TEE1=-0.107 TEE2= 0.037 TEE3= 0.099  TEE4= 0.118
rank= 61 Lx=Ly=22 pg= 0.750 ids= 317 TEE1=-0.229 TEE2=-0.093 TEE3= 0.029  TEE4= 0.070
rank= 47 Lx=Ly=22 pg= 0.760 ids= 303 TEE1=-0.107 TEE2= 0.025 TEE3= 0.105  TEE4= 0.159
rank=106 Lx=Ly=22 pg= 0.760 ids= 362 TEE1=-0.269 TEE2=-0.126 TEE3=-0.014  TEE4= 0.072
rank=120 Lx=Ly=22 pg= 0.750 ids= 376 TEE1=-0.120 TEE2= 0.027 TEE3= 0.085  TEE4= 0.091
rank= 43 Lx=Ly=22 pg= 0.760 ids= 299 TEE1=-0.064 TEE2= 0.006 TEE3= 0.041  TEE4= 0.058
rank= 17 Lx=Ly=22 pg= 0.750 ids= 273 TEE1=-0.264 TEE2=-0.103 TEE3= 0.023  TEE4= 0.076
rank= 72 Lx=Ly=22 pg= 0.750 ids= 328 TEE1=-0.176 TEE2=-0.025 TEE3= 0.068  TEE4= 0.112
rank= 76 Lx=Ly=22 pg= 0.750 ids= 332 TEE1=-0.155 TEE2= 0.000 TEE3= 0.048  TEE4= 0.037
rank=127 Lx=Ly=22 pg= 0.760 ids= 383 TEE1=-0.045 TEE2= 0.000 TEE3= 0.021  TEE4= 0.081
rank=  3 Lx=Ly=22 pg= 0.770 ids= 259 TEE1=-0.165 TEE2=-0.008 TEE3= 0.074  TEE4= 0.110
rank= 31 Lx=Ly=22 pg= 0.760 ids= 287 TEE1=-0.159 TEE2=-0.039 TEE3= 0.021  TEE4= 0.145
rank=121 Lx=Ly=22 pg= 0.760 ids= 377 TEE1=-0.211 TEE2=-0.089 TEE3= 0.019  TEE4= 0.041
rank=100 Lx=Ly=22 pg= 0.770 ids= 356 TEE1=-0.349 TEE2=-0.244 TEE3=-0.120  TEE4= 0.085
rank= 16 Lx=Ly=22 pg= 0.750 ids= 272 TEE1=-0.068 TEE2= 0.052 TEE3= 0.087  TEE4= 0.072
rank= 38 Lx=Ly=22 pg= 0.760 ids= 294 TEE1=-0.221 TEE2=-0.159 TEE3=-0.012  TEE4= 0.052
rank=116 Lx=Ly=22 pg= 0.760 ids= 372 TEE1=-0.281 TEE2=-0.190 TEE3=-0.074  TEE4= 0.079
rank= 21 Lx=Ly=22 pg= 0.750 ids= 277 TEE1=-0.066 TEE2= 0.021 TEE3= 0.072  TEE4= 0.093
rank=  6 Lx=Ly=22 pg= 0.760 ids= 262 TEE1=-0.248 TEE2=-0.097 TEE3= 0.031  TEE4= 0.087
rank= 22 Lx=Ly=22 pg= 0.750 ids= 278 TEE1=-0.050 TEE2= 0.056 TEE3= 0.089  TEE4= 0.093
rank= 27 Lx=Ly=22 pg= 0.760 ids= 283 TEE1=-0.169 TEE2=-0.056 TEE3= 0.021  TEE4= 0.120
rank= 30 Lx=Ly=22 pg= 0.760 ids= 286 TEE1=-0.112 TEE2=-0.019 TEE3= 0.021  TEE4= 0.031
rank= 49 Lx=Ly=22 pg= 0.760 ids= 305 TEE1=-0.145 TEE2=-0.025 TEE3= 0.070  TEE4= 0.122
rank=117 Lx=Ly=22 pg= 0.750 ids= 373 TEE1=-0.136 TEE2=-0.031 TEE3= 0.054  TEE4= 0.112
rank=104 Lx=Ly=22 pg= 0.760 ids= 360 TEE1=-0.231 TEE2=-0.110 TEE3= 0.023  TEE4= 0.128
rank=115 Lx=Ly=22 pg= 0.750 ids= 371 TEE1=-0.064 TEE2= 0.012 TEE3= 0.060  TEE4= 0.074
rank= 12 Lx=Ly=22 pg= 0.770 ids= 268 TEE1=-0.256 TEE2=-0.155 TEE3=-0.048  TEE4= 0.031
rank= 93 Lx=Ly=22 pg= 0.750 ids= 349 TEE1=-0.182 TEE2=-0.099 TEE3=-0.025  TEE4= 0.010
rank=  8 Lx=Ly=22 pg= 0.770 ids= 264 TEE1=-0.186 TEE2=-0.066 TEE3= 0.023  TEE4= 0.083
rank= 15 Lx=Ly=22 pg= 0.760 ids= 271 TEE1=-0.085 TEE2= 0.031 TEE3= 0.091  TEE4= 0.130
rank=124 Lx=Ly=22 pg= 0.750 ids= 380 TEE1=-0.159 TEE2=-0.045 TEE3= 0.023  TEE4= 0.060
rank=126 Lx=Ly=22 pg= 0.750 ids= 382 TEE1=-0.205 TEE2=-0.062 TEE3= 0.074  TEE4= 0.165
rank=  9 Lx=Ly=22 pg= 0.760 ids= 265 TEE1=-0.126 TEE2=-0.083 TEE3= 0.014  TEE4= 0.039
rank=  4 Lx=Ly=22 pg= 0.760 ids= 260 TEE1=-0.116 TEE2= 0.014 TEE3= 0.101  TEE4= 0.140
rank= 13 Lx=Ly=22 pg= 0.760 ids= 269 TEE1=-0.043 TEE2= 0.041 TEE3= 0.064  TEE4= 0.050
rank= 91 Lx=Ly=22 pg= 0.750 ids= 347 TEE1=-0.091 TEE2=-0.006 TEE3= 0.033  TEE4= 0.081
rank= 14 Lx=Ly=22 pg= 0.770 ids= 270 TEE1=-0.250 TEE2=-0.132 TEE3=-0.014  TEE4= 0.066
rank= 35 Lx=Ly=22 pg= 0.770 ids= 291 TEE1=-0.316 TEE2=-0.169 TEE3=-0.035  TEE4= 0.017
rank=108 Lx=Ly=22 pg= 0.760 ids= 364 TEE1=-0.120 TEE2=-0.023 TEE3= 0.037  TEE4= 0.041
rank=  0 Lx=Ly=22 pg= 0.760 ids= 256 TEE1=-0.163 TEE2=-0.085 TEE3=-0.004  TEE4= 0.058
rank=102 Lx=Ly=22 pg= 0.770 ids= 358 TEE1=-0.217 TEE2=-0.037 TEE3= 0.089  TEE4= 0.130
rank=125 Lx=Ly=22 pg= 0.760 ids= 381 TEE1=-0.252 TEE2=-0.074 TEE3= 0.103  TEE4= 0.248
rank=118 Lx=Ly=22 pg= 0.760 ids= 374 TEE1=-0.171 TEE2=-0.054 TEE3= 0.041  TEE4= 0.126
rank= 18 Lx=Ly=22 pg= 0.750 ids= 274 TEE1=-0.072 TEE2= 0.068 TEE3= 0.095  TEE4= 0.130
rank= 29 Lx=Ly=22 pg= 0.760 ids= 285 TEE1=-0.081 TEE2= 0.037 TEE3= 0.112  TEE4= 0.147
rank= 65 Lx=Ly=22 pg= 0.770 ids= 321 TEE1=-0.083 TEE2=-0.002 TEE3= 0.041  TEE4= 0.035
rank= 32 Lx=Ly=22 pg= 0.760 ids= 288 TEE1=-0.188 TEE2=-0.048 TEE3= 0.035  TEE4= 0.079
rank= 83 Lx=Ly=22 pg= 0.760 ids= 339 TEE1=-0.052 TEE2=-0.002 TEE3= 0.043  TEE4= 0.083
rank=123 Lx=Ly=22 pg= 0.760 ids= 379 TEE1=-0.128 TEE2=-0.033 TEE3= 0.031  TEE4= 0.070
rank= 34 Lx=Ly=22 pg= 0.760 ids= 290 TEE1=-0.291 TEE2=-0.169 TEE3=-0.068  TEE4= 0.110
rank=114 Lx=Ly=22 pg= 0.760 ids= 370 TEE1=-0.221 TEE2=-0.136 TEE3=-0.014  TEE4= 0.068
rank= 64 Lx=Ly=22 pg= 0.760 ids= 320 TEE1=-0.153 TEE2=-0.039 TEE3= 0.002  TEE4= 0.079
rank= 36 Lx=Ly=22 pg= 0.760 ids= 292 TEE1=-0.095 TEE2=-0.014 TEE3= 0.017  TEE4= 0.025
rank= 98 Lx=Ly=22 pg= 0.770 ids= 354 TEE1=-0.153 TEE2=-0.006 TEE3= 0.081  TEE4= 0.136
rank= 26 Lx=Ly=22 pg= 0.760 ids= 282 TEE1=-0.155 TEE2=-0.029 TEE3= 0.058  TEE4= 0.122
rank= 95 Lx=Ly=22 pg= 0.750 ids= 351 TEE1=-0.081 TEE2=-0.048 TEE3= 0.010  TEE4= 0.021
rank= 42 Lx=Ly=22 pg= 0.770 ids= 298 TEE1=-0.153 TEE2=-0.014 TEE3= 0.043  TEE4= 0.087
rank=105 Lx=Ly=22 pg= 0.760 ids= 361 TEE1=-0.163 TEE2=-0.050 TEE3= 0.029  TEE4= 0.050
rank=  5 Lx=Ly=22 pg= 0.770 ids= 261 TEE1=-0.355 TEE2=-0.229 TEE3=-0.126  TEE4= 0.019
rank= 48 Lx=Ly=22 pg= 0.760 ids= 304 TEE1=-0.256 TEE2=-0.074 TEE3= 0.091  TEE4= 0.198
rank= 86 Lx=Ly=22 pg= 0.750 ids= 342 TEE1=-0.012 TEE2= 0.045 TEE3= 0.091  TEE4= 0.079
rank= 10 Lx=Ly=22 pg= 0.770 ids= 266 TEE1=-0.231 TEE2=-0.149 TEE3=-0.052  TEE4= 0.081
rank=111 Lx=Ly=22 pg= 0.760 ids= 367 TEE1=-0.110 TEE2=-0.002 TEE3= 0.062  TEE4= 0.085
rank= 40 Lx=Ly=22 pg= 0.770 ids= 296 TEE1=-0.283 TEE2=-0.213 TEE3=-0.124  TEE4=-0.039
rank=  1 Lx=Ly=22 pg= 0.770 ids= 257 TEE1=-0.124 TEE2= 0.027 TEE3= 0.112  TEE4= 0.200
rank= 99 Lx=Ly=22 pg= 0.770 ids= 355 TEE1=-0.174 TEE2=-0.072 TEE3= 0.029  TEE4= 0.043
rank=  7 Lx=Ly=22 pg= 0.770 ids= 263 TEE1=-0.163 TEE2=-0.056 TEE3= 0.002  TEE4= 0.037
rank= 80 Lx=Ly=22 pg= 0.750 ids= 336 TEE1=-0.219 TEE2=-0.076 TEE3= 0.041  TEE4= 0.064
rank= 96 Lx=Ly=22 pg= 0.770 ids= 352 TEE1=-0.316 TEE2=-0.194 TEE3=-0.083  TEE4= 0.058
rank= 53 Lx=Ly=22 pg= 0.760 ids= 309 TEE1=-0.198 TEE2=-0.052 TEE3= 0.031  TEE4= 0.126
rank= 75 Lx=Ly=22 pg= 0.760 ids= 331 TEE1=-0.221 TEE2=-0.079 TEE3= 0.010  TEE4= 0.074
rank= 67 Lx=Ly=22 pg= 0.770 ids= 323 TEE1=-0.256 TEE2=-0.112 TEE3=-0.033  TEE4= 0.004
rank= 74 Lx=Ly=22 pg= 0.760 ids= 330 TEE1=-0.200 TEE2=-0.122 TEE3=-0.041  TEE4=-0.048
rank= 55 Lx=Ly=22 pg= 0.760 ids= 311 TEE1=-0.136 TEE2=-0.085 TEE3=-0.010  TEE4= 0.021
rank= 57 Lx=Ly=22 pg= 0.760 ids= 313 TEE1=-0.163 TEE2=-0.054 TEE3= 0.019  TEE4= 0.058
rank= 84 Lx=Ly=22 pg= 0.750 ids= 340 TEE1=-0.140 TEE2=-0.017 TEE3= 0.085  TEE4= 0.140
rank= 87 Lx=Ly=22 pg= 0.760 ids= 343 TEE1=-0.174 TEE2= 0.025 TEE3= 0.149  TEE4= 0.233
rank= 56 Lx=Ly=22 pg= 0.760 ids= 312 TEE1=-0.176 TEE2=-0.041 TEE3= 0.072  TEE4= 0.169
rank= 58 Lx=Ly=22 pg= 0.760 ids= 314 TEE1=-0.192 TEE2=-0.064 TEE3= 0.023  TEE4= 0.126
rank= 94 Lx=Ly=22 pg= 0.750 ids= 350 TEE1=-0.171 TEE2=-0.056 TEE3=-0.006  TEE4= 0.008
rank=109 Lx=Ly=22 pg= 0.760 ids= 365 TEE1=-0.105 TEE2= 0.035 TEE3= 0.114  TEE4= 0.110
rank=122 Lx=Ly=22 pg= 0.760 ids= 378 TEE1=-0.194 TEE2=-0.064 TEE3= 0.017  TEE4= 0.107
rank= 88 Lx=Ly=22 pg= 0.750 ids= 344 TEE1=-0.165 TEE2=-0.070 TEE3= 0.023  TEE4= 0.048
rank= 24 Lx=Ly=22 pg= 0.760 ids= 280 TEE1=-0.136 TEE2=-0.045 TEE3= 0.010  TEE4= 0.045
rank= 97 Lx=Ly=22 pg= 0.770 ids= 353 TEE1=-0.275 TEE2=-0.165 TEE3=-0.035  TEE4= 0.045
rank= 45 Lx=Ly=22 pg= 0.770 ids= 301 TEE1=-0.289 TEE2=-0.192 TEE3=-0.116  TEE4= 0.010
rank= 78 Lx=Ly=22 pg= 0.760 ids= 334 TEE1=-0.048 TEE2= 0.056 TEE3= 0.114  TEE4= 0.126
rank= 44 Lx=Ly=22 pg= 0.770 ids= 300 TEE1=-0.169 TEE2=-0.008 TEE3= 0.138  TEE4= 0.271
rank= 37 Lx=Ly=22 pg= 0.770 ids= 293 TEE1=-0.293 TEE2=-0.110 TEE3= 0.031  TEE4= 0.145
rank= 50 Lx=Ly=22 pg= 0.760 ids= 306 TEE1=-0.138 TEE2=-0.035 TEE3= 0.037  TEE4= 0.054
rank=  2 Lx=Ly=22 pg= 0.770 ids= 258 TEE1=-0.349 TEE2=-0.157 TEE3=-0.041  TEE4= 0.033
rank= 62 Lx=Ly=22 pg= 0.760 ids= 318 TEE1=-0.240 TEE2=-0.095 TEE3= 0.058  TEE4= 0.209
rank= 33 Lx=Ly=22 pg= 0.770 ids= 289 TEE1=-0.275 TEE2=-0.167 TEE3=-0.054  TEE4= 0.004
rank= 73 Lx=Ly=22 pg= 0.760 ids= 329 TEE1=-0.099 TEE2=-0.021 TEE3= 0.041  TEE4= 0.064
rank= 59 Lx=Ly=22 pg= 0.760 ids= 315 TEE1=-0.215 TEE2=-0.122 TEE3= 0.045  TEE4= 0.161
rank= 28 Lx=Ly=22 pg= 0.760 ids= 284 TEE1=-0.275 TEE2=-0.161 TEE3=-0.091  TEE4=-0.023
rank= 39 Lx=Ly=22 pg= 0.770 ids= 295 TEE1=-0.130 TEE2=-0.081 TEE3=-0.033  TEE4=-0.004
rank= 71 Lx=Ly=22 pg= 0.770 ids= 327 TEE1=-0.289 TEE2=-0.122 TEE3=-0.006  TEE4= 0.019
rank= 60 Lx=Ly=22 pg= 0.760 ids= 316 TEE1=-0.091 TEE2= 0.027 TEE3= 0.054  TEE4= 0.033
rank= 46 Lx=Ly=22 pg= 0.770 ids= 302 TEE1=-0.285 TEE2=-0.140 TEE3=-0.033  TEE4= 0.066
rank= 66 Lx=Ly=22 pg= 0.760 ids= 322 TEE1=-0.242 TEE2=-0.091 TEE3= 0.017  TEE4= 0.182
rank=101 Lx=Ly=22 pg= 0.770 ids= 357 TEE1=-0.262 TEE2=-0.143 TEE3=-0.004  TEE4= 0.192
rank= 19 Lx=Ly=22 pg= 0.760 ids= 275 TEE1=-0.205 TEE2=-0.114 TEE3=-0.041  TEE4= 0.089
rank=119 Lx=Ly=22 pg= 0.760 ids= 375 TEE1=-0.122 TEE2=-0.021 TEE3= 0.041  TEE4= 0.081
rank= 81 Lx=Ly=22 pg= 0.760 ids= 337 TEE1=-0.169 TEE2=-0.048 TEE3= 0.021  TEE4= 0.037
rank= 69 Lx=Ly=22 pg= 0.770 ids= 325 TEE1=-0.380 TEE2=-0.254 TEE3=-0.099  TEE4= 0.045
rank= 85 Lx=Ly=22 pg= 0.760 ids= 341 TEE1=-0.081 TEE2=-0.025 TEE3= 0.031  TEE4= 0.027
rank=103 Lx=Ly=22 pg= 0.770 ids= 359 TEE1=-0.262 TEE2=-0.134 TEE3=-0.066  TEE4= 0.033
rank= 52 Lx=Ly=22 pg= 0.760 ids= 308 TEE1=-0.329 TEE2=-0.252 TEE3=-0.095  TEE4= 0.076
rank= 25 Lx=Ly=22 pg= 0.770 ids= 281 TEE1=-0.238 TEE2=-0.122 TEE3= 0.004  TEE4= 0.093
rank= 92 Lx=Ly=22 pg= 0.750 ids= 348 TEE1=-0.101 TEE2=-0.008 TEE3= 0.037  TEE4= 0.072
rank= 89 Lx=Ly=22 pg= 0.760 ids= 345 TEE1=-0.167 TEE2=-0.070 TEE3= 0.008  TEE4= 0.058
rank= 90 Lx=Ly=22 pg= 0.750 ids= 346 TEE1=-0.101 TEE2=-0.021 TEE3= 0.031  TEE4= 0.048
rank=107 Lx=Ly=22 pg= 0.770 ids= 363 TEE1=-0.161 TEE2=-0.074 TEE3= 0.025  TEE4= 0.083
rank= 82 Lx=Ly=22 pg= 0.760 ids= 338 TEE1=-0.246 TEE2=-0.095 TEE3= 0.002  TEE4= 0.014
rank=112 Lx=Ly=22 pg= 0.770 ids= 368 TEE1=-0.151 TEE2=-0.087 TEE3=-0.012  TEE4= 0.012
rank= 68 Lx=Ly=22 pg= 0.760 ids= 324 TEE1=-0.097 TEE2=-0.021 TEE3= 0.012  TEE4= 0.010
rank= 51 Lx=Ly=22 pg= 0.770 ids= 307 TEE1=-0.145 TEE2=-0.070 TEE3=-0.004  TEE4= 0.048
rank=110 Lx=Ly=22 pg= 0.770 ids= 366 TEE1=-0.287 TEE2=-0.136 TEE3=-0.037  TEE4= 0.118
rank= 41 Lx=Ly=22 pg= 0.770 ids= 297 TEE1=-0.225 TEE2=-0.062 TEE3= 0.039  TEE4= 0.120
rank= 77 Lx=Ly=22 pg= 0.760 ids= 333 TEE1=-0.076 TEE2= 0.019 TEE3= 0.056  TEE4= 0.050
rank= 79 Lx=Ly=22 pg= 0.760 ids= 335 TEE1=-0.081 TEE2= 0.012 TEE3= 0.041  TEE4= 0.043
rank= 20 Lx=Ly=22 pg= 0.760 ids= 276 TEE1=-0.192 TEE2=-0.087 TEE3=-0.008  TEE4= 0.074
rank= 11 Lx=Ly=22 pg= 0.770 ids= 267 TEE1=-0.244 TEE2=-0.081 TEE3= 0.029  TEE4= 0.072
rank= 23 Lx=Ly=22 pg= 0.760 ids= 279 TEE1=-0.182 TEE2=-0.008 TEE3= 0.060  TEE4= 0.066
rank= 70 Lx=Ly=22 pg= 0.760 ids= 326 TEE1=-0.174 TEE2=-0.025 TEE3= 0.064  TEE4= 0.134
rank= 63 Lx=Ly=22 pg= 0.760 ids= 319 TEE1=-0.188 TEE2= 0.002 TEE3= 0.064  TEE4= 0.083
rank= 54 Lx=Ly=22 pg= 0.760 ids= 310 TEE1=-0.171 TEE2=-0.048 TEE3= 0.037  TEE4= 0.231
rank=113 Lx=Ly=22 pg= 0.760 ids= 369 TEE1=-0.140 TEE2=-0.041 TEE3= 0.035  TEE4= 0.052
rank= 47 Lx=Ly=22 pg= 0.770 ids= 303 TEE1=-0.167 TEE2=-0.070 TEE3= 0.052  TEE4= 0.103
rank= 61 Lx=Ly=22 pg= 0.760 ids= 317 TEE1=-0.147 TEE2=-0.041 TEE3= 0.035  TEE4= 0.054
rank=106 Lx=Ly=22 pg= 0.770 ids= 362 TEE1=-0.180 TEE2=-0.031 TEE3= 0.110  TEE4= 0.202
rank= 43 Lx=Ly=22 pg= 0.770 ids= 299 TEE1=-0.180 TEE2=-0.008 TEE3= 0.081  TEE4= 0.140
rank=120 Lx=Ly=22 pg= 0.760 ids= 376 TEE1=-0.196 TEE2=-0.083 TEE3= 0.023  TEE4= 0.058
rank= 17 Lx=Ly=22 pg= 0.760 ids= 273 TEE1=-0.169 TEE2=-0.014 TEE3= 0.097  TEE4= 0.145
rank=  3 Lx=Ly=22 pg= 0.780 ids= 259 TEE1=-0.130 TEE2=-0.014 TEE3= 0.085  TEE4= 0.130
rank= 72 Lx=Ly=22 pg= 0.760 ids= 328 TEE1=-0.116 TEE2=-0.002 TEE3= 0.081  TEE4= 0.184
rank=127 Lx=Ly=22 pg= 0.770 ids= 383 TEE1=-0.225 TEE2=-0.149 TEE3=-0.037  TEE4= 0.027
rank=100 Lx=Ly=22 pg= 0.780 ids= 356 TEE1=-0.298 TEE2=-0.202 TEE3=-0.103  TEE4=-0.006
rank= 76 Lx=Ly=22 pg= 0.760 ids= 332 TEE1=-0.153 TEE2=-0.017 TEE3= 0.041  TEE4= 0.054
rank= 31 Lx=Ly=22 pg= 0.770 ids= 287 TEE1=-0.066 TEE2=-0.017 TEE3= 0.031  TEE4= 0.076
rank=121 Lx=Ly=22 pg= 0.770 ids= 377 TEE1=-0.101 TEE2= 0.010 TEE3= 0.072  TEE4= 0.089
rank= 38 Lx=Ly=22 pg= 0.770 ids= 294 TEE1=-0.169 TEE2=-0.031 TEE3= 0.033  TEE4= 0.035
rank= 16 Lx=Ly=22 pg= 0.760 ids= 272 TEE1=-0.207 TEE2=-0.095 TEE3=-0.010  TEE4= 0.066
rank=116 Lx=Ly=22 pg= 0.770 ids= 372 TEE1=-0.258 TEE2=-0.138 TEE3=-0.021  TEE4= 0.136
rank=  6 Lx=Ly=22 pg= 0.770 ids= 262 TEE1=-0.300 TEE2=-0.165 TEE3=-0.014  TEE4= 0.120
rank= 21 Lx=Ly=22 pg= 0.760 ids= 277 TEE1=-0.138 TEE2=-0.008 TEE3= 0.066  TEE4= 0.076
rank= 49 Lx=Ly=22 pg= 0.770 ids= 305 TEE1=-0.289 TEE2=-0.171 TEE3=-0.043  TEE4= 0.062
rank= 22 Lx=Ly=22 pg= 0.760 ids= 278 TEE1=-0.207 TEE2=-0.118 TEE3= 0.002  TEE4= 0.105
rank= 27 Lx=Ly=22 pg= 0.770 ids= 283 TEE1=-0.209 TEE2=-0.169 TEE3=-0.091  TEE4=-0.037
rank=104 Lx=Ly=22 pg= 0.770 ids= 360 TEE1=-0.190 TEE2=-0.087 TEE3=-0.023  TEE4= 0.062
rank= 30 Lx=Ly=22 pg= 0.770 ids= 286 TEE1=-0.250 TEE2=-0.107 TEE3=-0.010  TEE4= 0.068
rank= 12 Lx=Ly=22 pg= 0.780 ids= 268 TEE1=-0.155 TEE2= 0.027 TEE3= 0.095  TEE4= 0.134
rank=117 Lx=Ly=22 pg= 0.760 ids= 373 TEE1=-0.281 TEE2=-0.165 TEE3= 0.012  TEE4= 0.207
rank=115 Lx=Ly=22 pg= 0.760 ids= 371 TEE1=-0.114 TEE2= 0.031 TEE3= 0.083  TEE4= 0.091
rank= 15 Lx=Ly=22 pg= 0.770 ids= 271 TEE1=-0.233 TEE2=-0.116 TEE3= 0.002  TEE4= 0.066
rank= 93 Lx=Ly=22 pg= 0.760 ids= 349 TEE1=-0.217 TEE2=-0.114 TEE3=-0.010  TEE4= 0.021
rank=  8 Lx=Ly=22 pg= 0.780 ids= 264 TEE1=-0.368 TEE2=-0.264 TEE3=-0.155  TEE4= 0.008
rank=124 Lx=Ly=22 pg= 0.760 ids= 380 TEE1=-0.180 TEE2= 0.008 TEE3= 0.093  TEE4= 0.120
rank= 13 Lx=Ly=22 pg= 0.770 ids= 269 TEE1=-0.157 TEE2=-0.023 TEE3= 0.095  TEE4= 0.157
rank=  9 Lx=Ly=22 pg= 0.770 ids= 265 TEE1=-0.287 TEE2=-0.120 TEE3= 0.000  TEE4= 0.101
rank=  4 Lx=Ly=22 pg= 0.770 ids= 260 TEE1=-0.262 TEE2=-0.207 TEE3=-0.128  TEE4=-0.099
rank=126 Lx=Ly=22 pg= 0.760 ids= 382 TEE1=-0.110 TEE2=-0.008 TEE3= 0.039  TEE4= 0.074
rank= 14 Lx=Ly=22 pg= 0.780 ids= 270 TEE1=-0.295 TEE2=-0.145 TEE3= 0.006  TEE4= 0.097
rank= 91 Lx=Ly=22 pg= 0.760 ids= 347 TEE1=-0.233 TEE2=-0.136 TEE3=-0.074  TEE4= 0.008
rank= 35 Lx=Ly=22 pg= 0.780 ids= 291 TEE1=-0.341 TEE2=-0.209 TEE3=-0.076  TEE4= 0.033
rank=108 Lx=Ly=22 pg= 0.770 ids= 364 TEE1=-0.302 TEE2=-0.114 TEE3= 0.012  TEE4= 0.105
rank=  0 Lx=Ly=22 pg= 0.770 ids= 256 TEE1=-0.205 TEE2=-0.056 TEE3= 0.012  TEE4= 0.107
rank=102 Lx=Ly=22 pg= 0.780 ids= 358 TEE1=-0.382 TEE2=-0.306 TEE3=-0.192  TEE4=-0.056
rank=125 Lx=Ly=22 pg= 0.770 ids= 381 TEE1=-0.233 TEE2=-0.068 TEE3= 0.019  TEE4= 0.101
rank=118 Lx=Ly=22 pg= 0.770 ids= 374 TEE1=-0.169 TEE2=-0.031 TEE3= 0.023  TEE4= 0.045
rank= 18 Lx=Ly=22 pg= 0.760 ids= 274 TEE1=-0.130 TEE2=-0.004 TEE3= 0.087  TEE4= 0.165
rank= 65 Lx=Ly=22 pg= 0.780 ids= 321 TEE1=-0.287 TEE2=-0.107 TEE3= 0.035  TEE4= 0.112
rank= 29 Lx=Ly=22 pg= 0.770 ids= 285 TEE1=-0.260 TEE2=-0.140 TEE3=-0.008  TEE4= 0.093
rank= 32 Lx=Ly=22 pg= 0.770 ids= 288 TEE1=-0.279 TEE2=-0.087 TEE3= 0.031  TEE4= 0.081
rank= 83 Lx=Ly=22 pg= 0.770 ids= 339 TEE1=-0.240 TEE2=-0.116 TEE3=-0.004  TEE4= 0.066
rank=123 Lx=Ly=22 pg= 0.770 ids= 379 TEE1=-0.066 TEE2= 0.035 TEE3= 0.052  TEE4= 0.039
rank= 34 Lx=Ly=22 pg= 0.770 ids= 290 TEE1=-0.324 TEE2=-0.161 TEE3= 0.017  TEE4= 0.118
rank=114 Lx=Ly=22 pg= 0.770 ids= 370 TEE1=-0.252 TEE2=-0.091 TEE3= 0.002  TEE4= 0.037
rank= 98 Lx=Ly=22 pg= 0.780 ids= 354 TEE1=-0.364 TEE2=-0.207 TEE3=-0.089  TEE4= 0.048
rank= 64 Lx=Ly=22 pg= 0.770 ids= 320 TEE1=-0.275 TEE2=-0.180 TEE3=-0.074  TEE4=-0.021
rank= 36 Lx=Ly=22 pg= 0.770 ids= 292 TEE1=-0.250 TEE2=-0.120 TEE3= 0.021  TEE4= 0.089
rank= 26 Lx=Ly=22 pg= 0.770 ids= 282 TEE1=-0.221 TEE2=-0.019 TEE3= 0.068  TEE4= 0.110
rank= 42 Lx=Ly=22 pg= 0.780 ids= 298 TEE1=-0.353 TEE2=-0.269 TEE3=-0.147  TEE4= 0.058
rank=105 Lx=Ly=22 pg= 0.770 ids= 361 TEE1=-0.277 TEE2=-0.143 TEE3=-0.019  TEE4= 0.041
rank=  5 Lx=Ly=22 pg= 0.780 ids= 261 TEE1=-0.165 TEE2=-0.064 TEE3= 0.079  TEE4= 0.136
rank= 95 Lx=Ly=22 pg= 0.760 ids= 351 TEE1=-0.244 TEE2=-0.122 TEE3= 0.002  TEE4= 0.161
rank= 40 Lx=Ly=22 pg= 0.780 ids= 296 TEE1=-0.300 TEE2=-0.159 TEE3=-0.064  TEE4= 0.045
rank= 10 Lx=Ly=22 pg= 0.780 ids= 266 TEE1=-0.314 TEE2=-0.149 TEE3=-0.023  TEE4= 0.085
rank= 48 Lx=Ly=22 pg= 0.770 ids= 304 TEE1=-0.211 TEE2=-0.136 TEE3=-0.048  TEE4=-0.002
rank= 99 Lx=Ly=22 pg= 0.780 ids= 355 TEE1=-0.308 TEE2=-0.200 TEE3=-0.068  TEE4= 0.002
rank=111 Lx=Ly=22 pg= 0.770 ids= 367 TEE1=-0.326 TEE2=-0.186 TEE3=-0.048  TEE4= 0.025
rank=  1 Lx=Ly=22 pg= 0.780 ids= 257 TEE1=-0.417 TEE2=-0.351 TEE3=-0.225  TEE4=-0.058
rank=  7 Lx=Ly=22 pg= 0.780 ids= 263 TEE1=-0.339 TEE2=-0.258 TEE3=-0.136  TEE4= 0.023
rank= 86 Lx=Ly=22 pg= 0.760 ids= 342 TEE1=-0.149 TEE2=-0.010 TEE3= 0.048  TEE4= 0.083
rank= 96 Lx=Ly=22 pg= 0.780 ids= 352 TEE1=-0.176 TEE2=-0.066 TEE3= 0.008  TEE4= 0.105
rank= 67 Lx=Ly=22 pg= 0.780 ids= 323 TEE1=-0.310 TEE2=-0.223 TEE3=-0.076  TEE4= 0.072
rank= 80 Lx=Ly=22 pg= 0.760 ids= 336 TEE1=-0.217 TEE2=-0.114 TEE3=-0.023  TEE4= 0.089
rank= 75 Lx=Ly=22 pg= 0.770 ids= 331 TEE1=-0.304 TEE2=-0.180 TEE3=-0.039  TEE4= 0.054
rank= 53 Lx=Ly=22 pg= 0.770 ids= 309 TEE1=-0.209 TEE2=-0.149 TEE3=-0.039  TEE4= 0.076
rank= 57 Lx=Ly=22 pg= 0.770 ids= 313 TEE1=-0.221 TEE2=-0.101 TEE3= 0.000  TEE4= 0.107
rank= 74 Lx=Ly=22 pg= 0.770 ids= 330 TEE1=-0.229 TEE2=-0.099 TEE3=-0.037  TEE4= 0.045
rank= 55 Lx=Ly=22 pg= 0.770 ids= 311 TEE1=-0.178 TEE2=-0.054 TEE3= 0.025  TEE4= 0.058
rank= 87 Lx=Ly=22 pg= 0.770 ids= 343 TEE1=-0.246 TEE2=-0.138 TEE3=-0.070  TEE4= 0.025
rank= 84 Lx=Ly=22 pg= 0.760 ids= 340 TEE1=-0.205 TEE2=-0.089 TEE3=-0.010  TEE4= 0.041
rank= 56 Lx=Ly=22 pg= 0.770 ids= 312 TEE1=-0.298 TEE2=-0.205 TEE3=-0.101  TEE4= 0.023
rank= 58 Lx=Ly=22 pg= 0.770 ids= 314 TEE1=-0.190 TEE2=-0.014 TEE3= 0.043  TEE4= 0.097
rank=109 Lx=Ly=22 pg= 0.770 ids= 365 TEE1=-0.277 TEE2=-0.112 TEE3= 0.004  TEE4= 0.039
rank=122 Lx=Ly=22 pg= 0.770 ids= 378 TEE1=-0.140 TEE2= 0.068 TEE3= 0.138  TEE4= 0.120
rank= 94 Lx=Ly=22 pg= 0.760 ids= 350 TEE1=-0.138 TEE2=-0.035 TEE3= 0.021  TEE4= 0.043
rank= 24 Lx=Ly=22 pg= 0.770 ids= 280 TEE1=-0.343 TEE2=-0.211 TEE3=-0.041  TEE4= 0.169
rank= 97 Lx=Ly=22 pg= 0.780 ids= 353 TEE1=-0.308 TEE2=-0.178 TEE3=-0.056  TEE4= 0.074
rank= 88 Lx=Ly=22 pg= 0.760 ids= 344 TEE1=-0.089 TEE2= 0.006 TEE3= 0.062  TEE4= 0.093
rank= 45 Lx=Ly=22 pg= 0.780 ids= 301 TEE1=-0.188 TEE2=-0.068 TEE3= 0.027  TEE4= 0.202
rank= 44 Lx=Ly=22 pg= 0.780 ids= 300 TEE1=-0.415 TEE2=-0.264 TEE3=-0.097  TEE4= 0.099
rank= 37 Lx=Ly=22 pg= 0.780 ids= 293 TEE1=-0.329 TEE2=-0.202 TEE3=-0.095  TEE4=-0.019
rank=  2 Lx=Ly=22 pg= 0.780 ids= 258 TEE1=-0.293 TEE2=-0.126 TEE3= 0.014  TEE4= 0.083
rank= 78 Lx=Ly=22 pg= 0.770 ids= 334 TEE1=-0.264 TEE2=-0.134 TEE3=-0.029  TEE4= 0.180
rank= 50 Lx=Ly=22 pg= 0.770 ids= 306 TEE1=-0.401 TEE2=-0.329 TEE3=-0.194  TEE4=-0.037
rank= 33 Lx=Ly=22 pg= 0.780 ids= 289 TEE1=-0.353 TEE2=-0.229 TEE3=-0.079  TEE4= 0.037
rank= 59 Lx=Ly=22 pg= 0.770 ids= 315 TEE1=-0.198 TEE2=-0.085 TEE3= 0.041  TEE4= 0.099
rank= 73 Lx=Ly=22 pg= 0.770 ids= 329 TEE1=-0.407 TEE2=-0.333 TEE3=-0.188  TEE4=-0.029
rank= 28 Lx=Ly=22 pg= 0.770 ids= 284 TEE1=-0.217 TEE2=-0.076 TEE3= 0.035  TEE4= 0.101
rank= 62 Lx=Ly=22 pg= 0.770 ids= 318 TEE1=-0.308 TEE2=-0.169 TEE3=-0.056  TEE4= 0.041
rank= 39 Lx=Ly=22 pg= 0.780 ids= 295 TEE1=-0.300 TEE2=-0.211 TEE3=-0.107  TEE4=-0.004
rank= 71 Lx=Ly=22 pg= 0.780 ids= 327 TEE1=-0.337 TEE2=-0.231 TEE3=-0.072  TEE4= 0.037
rank= 46 Lx=Ly=22 pg= 0.780 ids= 302 TEE1=-0.380 TEE2=-0.295 TEE3=-0.188  TEE4=-0.041
rank= 60 Lx=Ly=22 pg= 0.770 ids= 316 TEE1=-0.397 TEE2=-0.262 TEE3=-0.091  TEE4= 0.097
rank= 66 Lx=Ly=22 pg= 0.770 ids= 322 TEE1=-0.264 TEE2=-0.103 TEE3= 0.076  TEE4= 0.103
rank=101 Lx=Ly=22 pg= 0.780 ids= 357 TEE1=-0.159 TEE2=-0.035 TEE3= 0.085  TEE4= 0.124
rank=119 Lx=Ly=22 pg= 0.770 ids= 375 TEE1=-0.273 TEE2=-0.132 TEE3=-0.025  TEE4= 0.004
rank= 19 Lx=Ly=22 pg= 0.770 ids= 275 TEE1=-0.126 TEE2=-0.068 TEE3=-0.010  TEE4= 0.014
rank= 69 Lx=Ly=22 pg= 0.780 ids= 325 TEE1=-0.298 TEE2=-0.153 TEE3=-0.033  TEE4= 0.085
rank= 81 Lx=Ly=22 pg= 0.770 ids= 337 TEE1=-0.198 TEE2=-0.043 TEE3= 0.062  TEE4= 0.091
rank= 52 Lx=Ly=22 pg= 0.770 ids= 308 TEE1=-0.304 TEE2=-0.246 TEE3=-0.182  TEE4=-0.091
rank= 85 Lx=Ly=22 pg= 0.770 ids= 341 TEE1=-0.157 TEE2=-0.085 TEE3=-0.014  TEE4= 0.054
rank=103 Lx=Ly=22 pg= 0.780 ids= 359 TEE1=-0.217 TEE2=-0.140 TEE3=-0.008  TEE4= 0.099
rank= 25 Lx=Ly=22 pg= 0.780 ids= 281 TEE1=-0.147 TEE2=-0.068 TEE3= 0.029  TEE4= 0.076
rank= 89 Lx=Ly=22 pg= 0.770 ids= 345 TEE1=-0.171 TEE2=-0.076 TEE3= 0.006  TEE4= 0.037
rank=107 Lx=Ly=22 pg= 0.780 ids= 363 TEE1=-0.326 TEE2=-0.242 TEE3=-0.126  TEE4= 0.004
rank=112 Lx=Ly=22 pg= 0.780 ids= 368 TEE1=-0.324 TEE2=-0.205 TEE3=-0.070  TEE4= 0.128
rank= 92 Lx=Ly=22 pg= 0.760 ids= 348 TEE1=-0.225 TEE2=-0.087 TEE3=-0.010  TEE4= 0.025
rank= 82 Lx=Ly=22 pg= 0.770 ids= 338 TEE1=-0.176 TEE2=-0.058 TEE3= 0.027  TEE4= 0.151
rank= 90 Lx=Ly=22 pg= 0.760 ids= 346 TEE1=-0.229 TEE2=-0.103 TEE3= 0.050  TEE4= 0.153
rank= 41 Lx=Ly=22 pg= 0.780 ids= 297 TEE1=-0.461 TEE2=-0.401 TEE3=-0.273  TEE4=-0.074
rank= 51 Lx=Ly=22 pg= 0.780 ids= 307 TEE1=-0.421 TEE2=-0.316 TEE3=-0.200  TEE4=-0.089
rank=110 Lx=Ly=22 pg= 0.780 ids= 366 TEE1=-0.264 TEE2=-0.118 TEE3= 0.029  TEE4= 0.110
rank= 68 Lx=Ly=22 pg= 0.770 ids= 324 TEE1=-0.246 TEE2=-0.095 TEE3= 0.056  TEE4= 0.200
rank= 11 Lx=Ly=22 pg= 0.780 ids= 267 TEE1=-0.318 TEE2=-0.167 TEE3=-0.004  TEE4= 0.105
rank= 77 Lx=Ly=22 pg= 0.770 ids= 333 TEE1=-0.262 TEE2=-0.079 TEE3= 0.019  TEE4= 0.062
rank= 20 Lx=Ly=22 pg= 0.770 ids= 276 TEE1=-0.244 TEE2=-0.163 TEE3=-0.033  TEE4= 0.128
rank= 79 Lx=Ly=22 pg= 0.770 ids= 335 TEE1=-0.304 TEE2=-0.209 TEE3=-0.066  TEE4= 0.140
rank= 23 Lx=Ly=22 pg= 0.770 ids= 279 TEE1=-0.260 TEE2=-0.143 TEE3=-0.025  TEE4= 0.048
rank= 63 Lx=Ly=22 pg= 0.770 ids= 319 TEE1=-0.147 TEE2=-0.023 TEE3= 0.029  TEE4= 0.110
rank= 70 Lx=Ly=22 pg= 0.770 ids= 326 TEE1=-0.246 TEE2=-0.110 TEE3= 0.019  TEE4= 0.149
rank=113 Lx=Ly=22 pg= 0.770 ids= 369 TEE1=-0.200 TEE2=-0.099 TEE3= 0.010  TEE4= 0.136
rank= 54 Lx=Ly=22 pg= 0.770 ids= 310 TEE1=-0.198 TEE2=-0.097 TEE3=-0.017  TEE4= 0.025
rank= 47 Lx=Ly=22 pg= 0.780 ids= 303 TEE1=-0.221 TEE2=-0.041 TEE3= 0.021  TEE4= 0.089
rank= 43 Lx=Ly=22 pg= 0.780 ids= 299 TEE1=-0.329 TEE2=-0.091 TEE3= 0.050  TEE4= 0.107
rank=106 Lx=Ly=22 pg= 0.780 ids= 362 TEE1=-0.343 TEE2=-0.194 TEE3=-0.079  TEE4= 0.050
rank= 61 Lx=Ly=22 pg= 0.770 ids= 317 TEE1=-0.277 TEE2=-0.134 TEE3= 0.012  TEE4= 0.124
rank=120 Lx=Ly=22 pg= 0.770 ids= 376 TEE1=-0.207 TEE2=-0.132 TEE3=-0.021  TEE4= 0.066
rank=  3 Lx=Ly=22 pg= 0.790 ids= 259 TEE1=-0.254 TEE2=-0.205 TEE3=-0.132  TEE4=-0.017
rank= 17 Lx=Ly=22 pg= 0.770 ids= 273 TEE1=-0.233 TEE2=-0.076 TEE3= 0.000  TEE4= 0.056
rank=100 Lx=Ly=22 pg= 0.790 ids= 356 TEE1=-0.360 TEE2=-0.283 TEE3=-0.207  TEE4=-0.143
rank=127 Lx=Ly=22 pg= 0.780 ids= 383 TEE1=-0.293 TEE2=-0.171 TEE3=-0.105  TEE4= 0.056
rank= 72 Lx=Ly=22 pg= 0.770 ids= 328 TEE1=-0.277 TEE2=-0.155 TEE3=-0.010  TEE4= 0.105
rank=121 Lx=Ly=22 pg= 0.780 ids= 377 TEE1=-0.242 TEE2=-0.161 TEE3=-0.025  TEE4= 0.105
rank= 31 Lx=Ly=22 pg= 0.780 ids= 287 TEE1=-0.316 TEE2=-0.250 TEE3=-0.116  TEE4=-0.056
rank= 38 Lx=Ly=22 pg= 0.780 ids= 294 TEE1=-0.248 TEE2=-0.116 TEE3= 0.014  TEE4= 0.103
rank= 76 Lx=Ly=22 pg= 0.770 ids= 332 TEE1=-0.153 TEE2=-0.012 TEE3= 0.056  TEE4= 0.089
rank=  6 Lx=Ly=22 pg= 0.780 ids= 262 TEE1=-0.333 TEE2=-0.207 TEE3=-0.004  TEE4= 0.200
rank= 16 Lx=Ly=22 pg= 0.770 ids= 272 TEE1=-0.198 TEE2=-0.074 TEE3= 0.037  TEE4= 0.068
rank=116 Lx=Ly=22 pg= 0.780 ids= 372 TEE1=-0.260 TEE2=-0.124 TEE3=-0.023  TEE4= 0.029
rank= 21 Lx=Ly=22 pg= 0.770 ids= 277 TEE1=-0.225 TEE2=-0.074 TEE3=-0.008  TEE4= 0.029
rank= 49 Lx=Ly=22 pg= 0.780 ids= 305 TEE1=-0.333 TEE2=-0.211 TEE3=-0.054  TEE4= 0.031
rank=104 Lx=Ly=22 pg= 0.780 ids= 360 TEE1=-0.407 TEE2=-0.298 TEE3=-0.169  TEE4=-0.039
rank= 12 Lx=Ly=22 pg= 0.790 ids= 268 TEE1=-0.256 TEE2=-0.202 TEE3=-0.099  TEE4= 0.118
rank= 15 Lx=Ly=22 pg= 0.780 ids= 271 TEE1=-0.364 TEE2=-0.287 TEE3=-0.163  TEE4=-0.070
rank= 27 Lx=Ly=22 pg= 0.780 ids= 283 TEE1=-0.291 TEE2=-0.225 TEE3=-0.138  TEE4=-0.103
rank= 22 Lx=Ly=22 pg= 0.770 ids= 278 TEE1=-0.269 TEE2=-0.200 TEE3=-0.126  TEE4=-0.074
rank= 30 Lx=Ly=22 pg= 0.780 ids= 286 TEE1=-0.258 TEE2=-0.145 TEE3=-0.045  TEE4= 0.004
rank=117 Lx=Ly=22 pg= 0.770 ids= 373 TEE1=-0.326 TEE2=-0.143 TEE3=-0.027  TEE4= 0.045
rank=  8 Lx=Ly=22 pg= 0.790 ids= 264 TEE1=-0.368 TEE2=-0.207 TEE3=-0.103  TEE4= 0.110
rank=115 Lx=Ly=22 pg= 0.770 ids= 371 TEE1=-0.198 TEE2=-0.023 TEE3= 0.062  TEE4= 0.074
rank= 93 Lx=Ly=22 pg= 0.770 ids= 349 TEE1=-0.136 TEE2= 0.010 TEE3= 0.074  TEE4= 0.107
rank=124 Lx=Ly=22 pg= 0.770 ids= 380 TEE1=-0.225 TEE2=-0.140 TEE3=-0.021  TEE4= 0.087
rank=  9 Lx=Ly=22 pg= 0.780 ids= 265 TEE1=-0.329 TEE2=-0.250 TEE3=-0.116  TEE4= 0.079
rank= 13 Lx=Ly=22 pg= 0.780 ids= 269 TEE1=-0.401 TEE2=-0.355 TEE3=-0.250  TEE4=-0.066
rank=  4 Lx=Ly=22 pg= 0.780 ids= 260 TEE1=-0.349 TEE2=-0.198 TEE3=-0.045  TEE4= 0.062
rank= 14 Lx=Ly=22 pg= 0.790 ids= 270 TEE1=-0.405 TEE2=-0.295 TEE3=-0.145  TEE4=-0.012
rank= 35 Lx=Ly=22 pg= 0.790 ids= 291 TEE1=-0.496 TEE2=-0.461 TEE3=-0.364  TEE4=-0.186
rank=126 Lx=Ly=22 pg= 0.770 ids= 382 TEE1=-0.287 TEE2=-0.157 TEE3=-0.023  TEE4= 0.126
rank= 91 Lx=Ly=22 pg= 0.770 ids= 347 TEE1=-0.289 TEE2=-0.171 TEE3=-0.076  TEE4= 0.027
rank=102 Lx=Ly=22 pg= 0.790 ids= 358 TEE1=-0.386 TEE2=-0.298 TEE3=-0.145  TEE4=-0.054
rank=  0 Lx=Ly=22 pg= 0.780 ids= 256 TEE1=-0.304 TEE2=-0.192 TEE3=-0.064  TEE4= 0.085
rank=108 Lx=Ly=22 pg= 0.780 ids= 364 TEE1=-0.413 TEE2=-0.370 TEE3=-0.254  TEE4=-0.052
rank=125 Lx=Ly=22 pg= 0.780 ids= 381 TEE1=-0.252 TEE2=-0.171 TEE3=-0.070  TEE4= 0.006
rank= 65 Lx=Ly=22 pg= 0.790 ids= 321 TEE1=-0.353 TEE2=-0.304 TEE3=-0.219  TEE4=-0.103
rank=118 Lx=Ly=22 pg= 0.780 ids= 374 TEE1=-0.209 TEE2=-0.089 TEE3= 0.012  TEE4= 0.112
rank= 18 Lx=Ly=22 pg= 0.770 ids= 274 TEE1=-0.347 TEE2=-0.184 TEE3=-0.043  TEE4= 0.130
rank= 29 Lx=Ly=22 pg= 0.780 ids= 285 TEE1=-0.314 TEE2=-0.190 TEE3=-0.041  TEE4= 0.056
rank= 32 Lx=Ly=22 pg= 0.780 ids= 288 TEE1=-0.366 TEE2=-0.256 TEE3=-0.114  TEE4=-0.017
rank= 83 Lx=Ly=22 pg= 0.780 ids= 339 TEE1=-0.364 TEE2=-0.225 TEE3=-0.087  TEE4=-0.002
rank=123 Lx=Ly=22 pg= 0.780 ids= 379 TEE1=-0.372 TEE2=-0.217 TEE3=-0.101  TEE4=-0.019
rank= 34 Lx=Ly=22 pg= 0.780 ids= 290 TEE1=-0.293 TEE2=-0.186 TEE3=-0.070  TEE4= 0.112
rank= 98 Lx=Ly=22 pg= 0.790 ids= 354 TEE1=-0.421 TEE2=-0.318 TEE3=-0.178  TEE4=-0.023
rank=114 Lx=Ly=22 pg= 0.780 ids= 370 TEE1=-0.260 TEE2=-0.167 TEE3=-0.070  TEE4=-0.027
rank= 64 Lx=Ly=22 pg= 0.780 ids= 320 TEE1=-0.248 TEE2=-0.126 TEE3= 0.025  TEE4= 0.143
rank= 36 Lx=Ly=22 pg= 0.780 ids= 292 TEE1=-0.322 TEE2=-0.217 TEE3=-0.089  TEE4= 0.027
rank= 42 Lx=Ly=22 pg= 0.790 ids= 298 TEE1=-0.366 TEE2=-0.225 TEE3=-0.079  TEE4= 0.014
rank= 26 Lx=Ly=22 pg= 0.780 ids= 282 TEE1=-0.308 TEE2=-0.167 TEE3=-0.083  TEE4= 0.002
rank=105 Lx=Ly=22 pg= 0.780 ids= 361 TEE1=-0.324 TEE2=-0.231 TEE3=-0.138  TEE4= 0.074
rank= 40 Lx=Ly=22 pg= 0.790 ids= 296 TEE1=-0.207 TEE2=-0.079 TEE3= 0.025  TEE4= 0.118
rank= 10 Lx=Ly=22 pg= 0.790 ids= 266 TEE1=-0.236 TEE2=-0.064 TEE3= 0.012  TEE4= 0.050
rank= 99 Lx=Ly=22 pg= 0.790 ids= 355 TEE1=-0.401 TEE2=-0.312 TEE3=-0.143  TEE4= 0.058
rank=  5 Lx=Ly=22 pg= 0.790 ids= 261 TEE1=-0.450 TEE2=-0.426 TEE3=-0.306  TEE4=-0.066
rank= 48 Lx=Ly=22 pg= 0.780 ids= 304 TEE1=-0.324 TEE2=-0.248 TEE3=-0.124  TEE4= 0.025
rank=  1 Lx=Ly=22 pg= 0.790 ids= 257 TEE1=-0.275 TEE2=-0.200 TEE3=-0.097  TEE4= 0.021
rank=111 Lx=Ly=22 pg= 0.780 ids= 367 TEE1=-0.316 TEE2=-0.219 TEE3=-0.138  TEE4= 0.085
rank= 95 Lx=Ly=22 pg= 0.770 ids= 351 TEE1=-0.329 TEE2=-0.275 TEE3=-0.169  TEE4=-0.076
rank=  7 Lx=Ly=22 pg= 0.790 ids= 263 TEE1=-0.306 TEE2=-0.236 TEE3=-0.099  TEE4= 0.091
rank= 96 Lx=Ly=22 pg= 0.790 ids= 352 TEE1=-0.360 TEE2=-0.250 TEE3=-0.079  TEE4= 0.031
rank= 67 Lx=Ly=22 pg= 0.790 ids= 323 TEE1=-0.295 TEE2=-0.101 TEE3= 0.025  TEE4= 0.103
rank= 86 Lx=Ly=22 pg= 0.770 ids= 342 TEE1=-0.171 TEE2=-0.070 TEE3=-0.017  TEE4= 0.083
rank= 75 Lx=Ly=22 pg= 0.780 ids= 331 TEE1=-0.285 TEE2=-0.194 TEE3=-0.112  TEE4=-0.002
rank= 53 Lx=Ly=22 pg= 0.780 ids= 309 TEE1=-0.149 TEE2=-0.052 TEE3= 0.037  TEE4= 0.076
rank= 57 Lx=Ly=22 pg= 0.780 ids= 313 TEE1=-0.238 TEE2=-0.110 TEE3= 0.000  TEE4= 0.052
rank= 80 Lx=Ly=22 pg= 0.770 ids= 336 TEE1=-0.174 TEE2=-0.048 TEE3= 0.021  TEE4= 0.079
rank= 74 Lx=Ly=22 pg= 0.780 ids= 330 TEE1=-0.182 TEE2=-0.050 TEE3= 0.029  TEE4= 0.070
rank= 55 Lx=Ly=22 pg= 0.780 ids= 311 TEE1=-0.275 TEE2=-0.182 TEE3=-0.060  TEE4= 0.060
rank= 87 Lx=Ly=22 pg= 0.780 ids= 343 TEE1=-0.335 TEE2=-0.233 TEE3=-0.136  TEE4= 0.017
rank= 56 Lx=Ly=22 pg= 0.780 ids= 312 TEE1=-0.380 TEE2=-0.310 TEE3=-0.196  TEE4=-0.116
rank= 84 Lx=Ly=22 pg= 0.770 ids= 340 TEE1=-0.382 TEE2=-0.238 TEE3=-0.110  TEE4=-0.043
rank= 58 Lx=Ly=22 pg= 0.780 ids= 314 TEE1=-0.366 TEE2=-0.283 TEE3=-0.132  TEE4= 0.101
rank=109 Lx=Ly=22 pg= 0.780 ids= 365 TEE1=-0.260 TEE2=-0.184 TEE3=-0.050  TEE4= 0.151
rank=122 Lx=Ly=22 pg= 0.780 ids= 378 TEE1=-0.337 TEE2=-0.192 TEE3= 0.000  TEE4= 0.083
rank= 94 Lx=Ly=22 pg= 0.770 ids= 350 TEE1=-0.194 TEE2=-0.045 TEE3= 0.037  TEE4= 0.066
rank= 97 Lx=Ly=22 pg= 0.790 ids= 353 TEE1=-0.316 TEE2=-0.151 TEE3=-0.066  TEE4= 0.029
rank= 24 Lx=Ly=22 pg= 0.780 ids= 280 TEE1=-0.132 TEE2=-0.004 TEE3= 0.043  TEE4= 0.045
rank= 45 Lx=Ly=22 pg= 0.790 ids= 301 TEE1=-0.341 TEE2=-0.260 TEE3=-0.103  TEE4= 0.101
rank= 44 Lx=Ly=22 pg= 0.790 ids= 300 TEE1=-0.335 TEE2=-0.283 TEE3=-0.178  TEE4=-0.105
rank= 88 Lx=Ly=22 pg= 0.770 ids= 344 TEE1=-0.149 TEE2=-0.031 TEE3= 0.025  TEE4= 0.027
rank=  2 Lx=Ly=22 pg= 0.790 ids= 258 TEE1=-0.347 TEE2=-0.273 TEE3=-0.196  TEE4=-0.076
rank= 37 Lx=Ly=22 pg= 0.790 ids= 293 TEE1=-0.417 TEE2=-0.312 TEE3=-0.205  TEE4=-0.076
rank= 33 Lx=Ly=22 pg= 0.790 ids= 289 TEE1=-0.440 TEE2=-0.362 TEE3=-0.252  TEE4=-0.081
rank= 78 Lx=Ly=22 pg= 0.780 ids= 334 TEE1=-0.302 TEE2=-0.186 TEE3=-0.058  TEE4= 0.089
rank= 50 Lx=Ly=22 pg= 0.780 ids= 306 TEE1=-0.205 TEE2=-0.079 TEE3= 0.006  TEE4= 0.099
rank= 73 Lx=Ly=22 pg= 0.780 ids= 329 TEE1=-0.376 TEE2=-0.217 TEE3=-0.074  TEE4= 0.006
rank= 59 Lx=Ly=22 pg= 0.780 ids= 315 TEE1=-0.300 TEE2=-0.211 TEE3=-0.105  TEE4= 0.062
rank= 39 Lx=Ly=22 pg= 0.790 ids= 295 TEE1=-0.419 TEE2=-0.271 TEE3=-0.120  TEE4=-0.014
rank= 28 Lx=Ly=22 pg= 0.780 ids= 284 TEE1=-0.267 TEE2=-0.138 TEE3=-0.017  TEE4= 0.126
rank= 62 Lx=Ly=22 pg= 0.780 ids= 318 TEE1=-0.324 TEE2=-0.207 TEE3=-0.091  TEE4= 0.033
rank= 71 Lx=Ly=22 pg= 0.790 ids= 327 TEE1=-0.283 TEE2=-0.124 TEE3=-0.023  TEE4= 0.072
rank= 46 Lx=Ly=22 pg= 0.790 ids= 302 TEE1=-0.436 TEE2=-0.372 TEE3=-0.184  TEE4=-0.004
rank=101 Lx=Ly=22 pg= 0.790 ids= 357 TEE1=-0.298 TEE2=-0.122 TEE3= 0.043  TEE4= 0.194
rank= 66 Lx=Ly=22 pg= 0.780 ids= 322 TEE1=-0.306 TEE2=-0.087 TEE3= 0.079  TEE4= 0.223
rank= 60 Lx=Ly=22 pg= 0.780 ids= 316 TEE1=-0.194 TEE2=-0.050 TEE3= 0.025  TEE4= 0.093
rank=119 Lx=Ly=22 pg= 0.780 ids= 375 TEE1=-0.337 TEE2=-0.236 TEE3=-0.087  TEE4=-0.008
rank= 69 Lx=Ly=22 pg= 0.790 ids= 325 TEE1=-0.397 TEE2=-0.345 TEE3=-0.242  TEE4=-0.134
rank= 19 Lx=Ly=22 pg= 0.780 ids= 275 TEE1=-0.233 TEE2=-0.140 TEE3=-0.029  TEE4= 0.041
rank=103 Lx=Ly=22 pg= 0.790 ids= 359 TEE1=-0.262 TEE2=-0.085 TEE3= 0.062  TEE4= 0.186
rank= 81 Lx=Ly=22 pg= 0.780 ids= 337 TEE1=-0.240 TEE2=-0.019 TEE3= 0.130  TEE4= 0.198
rank= 52 Lx=Ly=22 pg= 0.780 ids= 308 TEE1=-0.283 TEE2=-0.155 TEE3=-0.052  TEE4= 0.093
rank= 25 Lx=Ly=22 pg= 0.790 ids= 281 TEE1=-0.388 TEE2=-0.291 TEE3=-0.163  TEE4=-0.014
rank= 85 Lx=Ly=22 pg= 0.780 ids= 341 TEE1=-0.236 TEE2=-0.083 TEE3= 0.027  TEE4= 0.089
rank=107 Lx=Ly=22 pg= 0.790 ids= 363 TEE1=-0.353 TEE2=-0.318 TEE3=-0.202  TEE4=-0.048
rank= 89 Lx=Ly=22 pg= 0.780 ids= 345 TEE1=-0.300 TEE2=-0.178 TEE3=-0.085  TEE4=-0.043
rank=112 Lx=Ly=22 pg= 0.790 ids= 368 TEE1=-0.434 TEE2=-0.397 TEE3=-0.277  TEE4=-0.120
rank= 41 Lx=Ly=22 pg= 0.790 ids= 297 TEE1=-0.405 TEE2=-0.329 TEE3=-0.227  TEE4=-0.023
rank= 11 Lx=Ly=22 pg= 0.790 ids= 267 TEE1=-0.333 TEE2=-0.198 TEE3=-0.062  TEE4= 0.076
rank=110 Lx=Ly=22 pg= 0.790 ids= 366 TEE1=-0.343 TEE2=-0.267 TEE3=-0.145  TEE4= 0.068
rank= 51 Lx=Ly=22 pg= 0.790 ids= 307 TEE1=-0.366 TEE2=-0.248 TEE3=-0.110  TEE4= 0.068
rank= 82 Lx=Ly=22 pg= 0.780 ids= 338 TEE1=-0.411 TEE2=-0.312 TEE3=-0.190  TEE4= 0.017
rank= 92 Lx=Ly=22 pg= 0.770 ids= 348 TEE1=-0.116 TEE2=-0.021 TEE3= 0.033  TEE4= 0.050
rank= 90 Lx=Ly=22 pg= 0.770 ids= 346 TEE1=-0.233 TEE2=-0.089 TEE3= 0.021  TEE4= 0.031
rank= 68 Lx=Ly=22 pg= 0.780 ids= 324 TEE1=-0.428 TEE2=-0.366 TEE3=-0.277  TEE4=-0.149
rank= 20 Lx=Ly=22 pg= 0.780 ids= 276 TEE1=-0.221 TEE2=-0.124 TEE3= 0.010  TEE4= 0.145
rank= 77 Lx=Ly=22 pg= 0.780 ids= 333 TEE1=-0.393 TEE2=-0.256 TEE3=-0.091  TEE4= 0.083
rank= 23 Lx=Ly=22 pg= 0.780 ids= 279 TEE1=-0.213 TEE2=-0.050 TEE3= 0.066  TEE4= 0.132
rank= 79 Lx=Ly=22 pg= 0.780 ids= 335 TEE1=-0.413 TEE2=-0.357 TEE3=-0.227  TEE4=-0.039
rank=113 Lx=Ly=22 pg= 0.780 ids= 369 TEE1=-0.316 TEE2=-0.176 TEE3=-0.039  TEE4= 0.010
rank= 63 Lx=Ly=22 pg= 0.780 ids= 319 TEE1=-0.337 TEE2=-0.238 TEE3=-0.155  TEE4=-0.002
rank= 54 Lx=Ly=22 pg= 0.780 ids= 310 TEE1=-0.347 TEE2=-0.209 TEE3=-0.060  TEE4=-0.004
rank= 70 Lx=Ly=22 pg= 0.780 ids= 326 TEE1=-0.198 TEE2=-0.027 TEE3= 0.097  TEE4= 0.271
rank= 47 Lx=Ly=22 pg= 0.790 ids= 303 TEE1=-0.138 TEE2=-0.037 TEE3= 0.037  TEE4= 0.105
rank= 43 Lx=Ly=22 pg= 0.790 ids= 299 TEE1=-0.277 TEE2=-0.174 TEE3=-0.054  TEE4= 0.023
rank=106 Lx=Ly=22 pg= 0.790 ids= 362 TEE1=-0.432 TEE2=-0.415 TEE3=-0.291  TEE4=-0.118
rank=  3 Lx=Ly=22 pg= 0.800 ids= 259 TEE1=-0.523 TEE2=-0.519 TEE3=-0.415  TEE4=-0.281
rank= 61 Lx=Ly=22 pg= 0.780 ids= 317 TEE1=-0.227 TEE2=-0.074 TEE3= 0.050  TEE4= 0.184
rank=120 Lx=Ly=22 pg= 0.780 ids= 376 TEE1=-0.304 TEE2=-0.242 TEE3=-0.138  TEE4=-0.056
rank= 17 Lx=Ly=22 pg= 0.780 ids= 273 TEE1=-0.273 TEE2=-0.112 TEE3= 0.006  TEE4= 0.041
rank=100 Lx=Ly=22 pg= 0.800 ids= 356 TEE1=-0.390 TEE2=-0.279 TEE3=-0.143  TEE4=-0.023
rank=  6 Lx=Ly=22 pg= 0.790 ids= 262 TEE1=-0.242 TEE2=-0.153 TEE3=-0.058  TEE4= 0.037
rank=127 Lx=Ly=22 pg= 0.790 ids= 383 TEE1=-0.244 TEE2=-0.110 TEE3= 0.002  TEE4= 0.101
rank=121 Lx=Ly=22 pg= 0.790 ids= 377 TEE1=-0.419 TEE2=-0.393 TEE3=-0.295  TEE4=-0.217
rank= 38 Lx=Ly=22 pg= 0.790 ids= 294 TEE1=-0.393 TEE2=-0.205 TEE3=-0.107  TEE4= 0.021
rank= 72 Lx=Ly=22 pg= 0.780 ids= 328 TEE1=-0.374 TEE2=-0.246 TEE3=-0.074  TEE4= 0.128
rank= 31 Lx=Ly=22 pg= 0.790 ids= 287 TEE1=-0.438 TEE2=-0.386 TEE3=-0.298  TEE4=-0.101
rank= 76 Lx=Ly=22 pg= 0.780 ids= 332 TEE1=-0.386 TEE2=-0.277 TEE3=-0.171  TEE4=-0.027
rank= 16 Lx=Ly=22 pg= 0.780 ids= 272 TEE1=-0.269 TEE2=-0.153 TEE3=-0.010  TEE4= 0.054
rank=116 Lx=Ly=22 pg= 0.790 ids= 372 TEE1=-0.512 TEE2=-0.366 TEE3=-0.190  TEE4=-0.045
rank= 49 Lx=Ly=22 pg= 0.790 ids= 305 TEE1=-0.202 TEE2=-0.099 TEE3= 0.072  TEE4= 0.231
rank= 15 Lx=Ly=22 pg= 0.790 ids= 271 TEE1=-0.329 TEE2=-0.155 TEE3=-0.033  TEE4= 0.087
rank=104 Lx=Ly=22 pg= 0.790 ids= 360 TEE1=-0.405 TEE2=-0.211 TEE3=-0.062  TEE4= 0.074
rank= 12 Lx=Ly=22 pg= 0.800 ids= 268 TEE1=-0.366 TEE2=-0.248 TEE3=-0.128  TEE4=-0.043
rank= 21 Lx=Ly=22 pg= 0.780 ids= 277 TEE1=-0.310 TEE2=-0.215 TEE3=-0.045  TEE4= 0.083
rank= 22 Lx=Ly=22 pg= 0.780 ids= 278 TEE1=-0.256 TEE2=-0.064 TEE3= 0.058  TEE4= 0.225
rank= 27 Lx=Ly=22 pg= 0.790 ids= 283 TEE1=-0.368 TEE2=-0.273 TEE3=-0.145  TEE4= 0.029
rank= 30 Lx=Ly=22 pg= 0.790 ids= 286 TEE1=-0.262 TEE2=-0.143 TEE3=-0.035  TEE4= 0.060
rank=  8 Lx=Ly=22 pg= 0.800 ids= 264 TEE1=-0.353 TEE2=-0.254 TEE3=-0.062  TEE4= 0.068
rank=117 Lx=Ly=22 pg= 0.780 ids= 373 TEE1=-0.291 TEE2=-0.167 TEE3=-0.064  TEE4= 0.081
rank=115 Lx=Ly=22 pg= 0.780 ids= 371 TEE1=-0.343 TEE2=-0.194 TEE3=-0.041  TEE4= 0.052
rank= 93 Lx=Ly=22 pg= 0.780 ids= 349 TEE1=-0.295 TEE2=-0.169 TEE3=-0.070  TEE4= 0.029
rank= 13 Lx=Ly=22 pg= 0.790 ids= 269 TEE1=-0.238 TEE2=-0.095 TEE3= 0.023  TEE4= 0.045
rank=  9 Lx=Ly=22 pg= 0.790 ids= 265 TEE1=-0.446 TEE2=-0.370 TEE3=-0.252  TEE4=-0.039
rank=  4 Lx=Ly=22 pg= 0.790 ids= 260 TEE1=-0.341 TEE2=-0.174 TEE3=-0.058  TEE4= 0.066
rank=124 Lx=Ly=22 pg= 0.780 ids= 380 TEE1=-0.320 TEE2=-0.262 TEE3=-0.180  TEE4=-0.050
rank= 14 Lx=Ly=22 pg= 0.800 ids= 270 TEE1=-0.461 TEE2=-0.388 TEE3=-0.302  TEE4=-0.157
rank= 35 Lx=Ly=22 pg= 0.800 ids= 291 TEE1=-0.362 TEE2=-0.283 TEE3=-0.140  TEE4= 0.039
rank=126 Lx=Ly=22 pg= 0.780 ids= 382 TEE1=-0.339 TEE2=-0.217 TEE3=-0.107  TEE4=-0.035
rank= 91 Lx=Ly=22 pg= 0.780 ids= 347 TEE1=-0.215 TEE2=-0.070 TEE3= 0.043  TEE4= 0.089
rank=102 Lx=Ly=22 pg= 0.800 ids= 358 TEE1=-0.527 TEE2=-0.531 TEE3=-0.401  TEE4=-0.252
rank=  0 Lx=Ly=22 pg= 0.790 ids= 256 TEE1=-0.357 TEE2=-0.267 TEE3=-0.149  TEE4=-0.058
rank=108 Lx=Ly=22 pg= 0.790 ids= 364 TEE1=-0.326 TEE2=-0.244 TEE3=-0.110  TEE4= 0.006
rank= 65 Lx=Ly=22 pg= 0.800 ids= 321 TEE1=-0.564 TEE2=-0.574 TEE3=-0.469  TEE4=-0.304
rank=125 Lx=Ly=22 pg= 0.790 ids= 381 TEE1=-0.409 TEE2=-0.357 TEE3=-0.225  TEE4=-0.095
rank=118 Lx=Ly=22 pg= 0.790 ids= 374 TEE1=-0.355 TEE2=-0.295 TEE3=-0.213  TEE4=-0.079
rank= 18 Lx=Ly=22 pg= 0.780 ids= 274 TEE1=-0.421 TEE2=-0.452 TEE3=-0.345  TEE4=-0.124
rank= 29 Lx=Ly=22 pg= 0.790 ids= 285 TEE1=-0.488 TEE2=-0.444 TEE3=-0.345  TEE4=-0.153
rank= 32 Lx=Ly=22 pg= 0.790 ids= 288 TEE1=-0.438 TEE2=-0.409 TEE3=-0.258  TEE4=-0.099
rank= 83 Lx=Ly=22 pg= 0.790 ids= 339 TEE1=-0.374 TEE2=-0.291 TEE3=-0.165  TEE4= 0.019
rank= 34 Lx=Ly=22 pg= 0.790 ids= 290 TEE1=-0.452 TEE2=-0.457 TEE3=-0.390  TEE4=-0.213
rank=123 Lx=Ly=22 pg= 0.790 ids= 379 TEE1=-0.372 TEE2=-0.236 TEE3=-0.116  TEE4= 0.118
rank= 98 Lx=Ly=22 pg= 0.800 ids= 354 TEE1=-0.413 TEE2=-0.440 TEE3=-0.364  TEE4=-0.246
rank=114 Lx=Ly=22 pg= 0.790 ids= 370 TEE1=-0.333 TEE2=-0.256 TEE3=-0.174  TEE4=-0.085
rank= 42 Lx=Ly=22 pg= 0.800 ids= 298 TEE1=-0.583 TEE2=-0.537 TEE3=-0.395  TEE4=-0.223
rank= 36 Lx=Ly=22 pg= 0.790 ids= 292 TEE1=-0.231 TEE2=-0.120 TEE3=-0.014  TEE4= 0.043
rank= 64 Lx=Ly=22 pg= 0.790 ids= 320 TEE1=-0.312 TEE2=-0.180 TEE3=-0.048  TEE4= 0.060
rank= 40 Lx=Ly=22 pg= 0.800 ids= 296 TEE1=-0.419 TEE2=-0.376 TEE3=-0.267  TEE4=-0.027
rank= 26 Lx=Ly=22 pg= 0.790 ids= 282 TEE1=-0.440 TEE2=-0.345 TEE3=-0.240  TEE4=-0.128
rank=105 Lx=Ly=22 pg= 0.790 ids= 361 TEE1=-0.318 TEE2=-0.163 TEE3=-0.014  TEE4= 0.114
rank= 99 Lx=Ly=22 pg= 0.800 ids= 355 TEE1=-0.407 TEE2=-0.362 TEE3=-0.273  TEE4=-0.140
rank= 10 Lx=Ly=22 pg= 0.800 ids= 266 TEE1=-0.492 TEE2=-0.500 TEE3=-0.421  TEE4=-0.225
rank=  5 Lx=Ly=22 pg= 0.800 ids= 261 TEE1=-0.446 TEE2=-0.366 TEE3=-0.254  TEE4=-0.081
rank= 48 Lx=Ly=22 pg= 0.790 ids= 304 TEE1=-0.415 TEE2=-0.246 TEE3=-0.074  TEE4= 0.081
rank=  1 Lx=Ly=22 pg= 0.800 ids= 257 TEE1=-0.465 TEE2=-0.455 TEE3=-0.343  TEE4=-0.124
rank=111 Lx=Ly=22 pg= 0.790 ids= 367 TEE1=-0.452 TEE2=-0.393 TEE3=-0.271  TEE4=-0.064
rank=  7 Lx=Ly=22 pg= 0.800 ids= 263 TEE1=-0.512 TEE2=-0.490 TEE3=-0.357  TEE4=-0.180
rank= 96 Lx=Ly=22 pg= 0.800 ids= 352 TEE1=-0.455 TEE2=-0.393 TEE3=-0.287  TEE4=-0.165
rank= 95 Lx=Ly=22 pg= 0.780 ids= 351 TEE1=-0.295 TEE2=-0.215 TEE3=-0.072  TEE4= 0.087
rank= 67 Lx=Ly=22 pg= 0.800 ids= 323 TEE1=-0.531 TEE2=-0.521 TEE3=-0.411  TEE4=-0.209
rank= 75 Lx=Ly=22 pg= 0.790 ids= 331 TEE1=-0.273 TEE2=-0.169 TEE3=-0.027  TEE4= 0.107
rank= 86 Lx=Ly=22 pg= 0.780 ids= 342 TEE1=-0.167 TEE2=-0.122 TEE3=-0.062  TEE4= 0.000
rank= 57 Lx=Ly=22 pg= 0.790 ids= 313 TEE1=-0.339 TEE2=-0.262 TEE3=-0.085  TEE4= 0.126
rank= 53 Lx=Ly=22 pg= 0.790 ids= 309 TEE1=-0.390 TEE2=-0.306 TEE3=-0.192  TEE4=-0.037
rank= 74 Lx=Ly=22 pg= 0.790 ids= 330 TEE1=-0.407 TEE2=-0.339 TEE3=-0.242  TEE4= 0.008
rank= 55 Lx=Ly=22 pg= 0.790 ids= 311 TEE1=-0.217 TEE2=-0.060 TEE3= 0.050  TEE4= 0.103
rank= 80 Lx=Ly=22 pg= 0.780 ids= 336 TEE1=-0.405 TEE2=-0.248 TEE3=-0.091  TEE4= 0.035
rank= 87 Lx=Ly=22 pg= 0.790 ids= 343 TEE1=-0.397 TEE2=-0.295 TEE3=-0.163  TEE4=-0.048
rank= 56 Lx=Ly=22 pg= 0.790 ids= 312 TEE1=-0.399 TEE2=-0.335 TEE3=-0.223  TEE4=-0.050
rank= 58 Lx=Ly=22 pg= 0.790 ids= 314 TEE1=-0.372 TEE2=-0.271 TEE3=-0.155  TEE4=-0.064
rank= 84 Lx=Ly=22 pg= 0.780 ids= 340 TEE1=-0.357 TEE2=-0.229 TEE3=-0.118  TEE4= 0.074
rank=122 Lx=Ly=22 pg= 0.790 ids= 378 TEE1=-0.355 TEE2=-0.275 TEE3=-0.188  TEE4=-0.043
rank=109 Lx=Ly=22 pg= 0.790 ids= 365 TEE1=-0.421 TEE2=-0.329 TEE3=-0.190  TEE4=-0.035
rank= 97 Lx=Ly=22 pg= 0.800 ids= 353 TEE1=-0.506 TEE2=-0.473 TEE3=-0.364  TEE4=-0.217
rank= 94 Lx=Ly=22 pg= 0.780 ids= 350 TEE1=-0.291 TEE2=-0.186 TEE3=-0.048  TEE4= 0.043
rank= 45 Lx=Ly=22 pg= 0.800 ids= 301 TEE1=-0.376 TEE2=-0.320 TEE3=-0.196  TEE4=-0.101
rank= 44 Lx=Ly=22 pg= 0.800 ids= 300 TEE1=-0.355 TEE2=-0.227 TEE3=-0.120  TEE4= 0.074
rank= 24 Lx=Ly=22 pg= 0.790 ids= 280 TEE1=-0.318 TEE2=-0.147 TEE3=-0.027  TEE4= 0.126
rank=  2 Lx=Ly=22 pg= 0.800 ids= 258 TEE1=-0.486 TEE2=-0.440 TEE3=-0.353  TEE4=-0.165
rank= 37 Lx=Ly=22 pg= 0.800 ids= 293 TEE1=-0.442 TEE2=-0.421 TEE3=-0.310  TEE4=-0.213
rank= 88 Lx=Ly=22 pg= 0.780 ids= 344 TEE1=-0.244 TEE2=-0.110 TEE3= 0.050  TEE4= 0.124
rank= 33 Lx=Ly=22 pg= 0.800 ids= 289 TEE1=-0.353 TEE2=-0.306 TEE3=-0.205  TEE4=-0.070
rank= 50 Lx=Ly=22 pg= 0.790 ids= 306 TEE1=-0.310 TEE2=-0.221 TEE3=-0.083  TEE4=-0.017
rank= 73 Lx=Ly=22 pg= 0.790 ids= 329 TEE1=-0.227 TEE2=-0.103 TEE3= 0.027  TEE4= 0.107
rank= 78 Lx=Ly=22 pg= 0.790 ids= 334 TEE1=-0.386 TEE2=-0.248 TEE3=-0.126  TEE4= 0.041
rank= 59 Lx=Ly=22 pg= 0.790 ids= 315 TEE1=-0.473 TEE2=-0.442 TEE3=-0.366  TEE4=-0.289
rank= 39 Lx=Ly=22 pg= 0.800 ids= 295 TEE1=-0.366 TEE2=-0.326 TEE3=-0.236  TEE4=-0.070
rank= 71 Lx=Ly=22 pg= 0.800 ids= 327 TEE1=-0.504 TEE2=-0.477 TEE3=-0.401  TEE4=-0.165
rank= 28 Lx=Ly=22 pg= 0.790 ids= 284 TEE1=-0.353 TEE2=-0.209 TEE3=-0.052  TEE4= 0.048
rank= 62 Lx=Ly=22 pg= 0.790 ids= 318 TEE1=-0.376 TEE2=-0.242 TEE3=-0.134  TEE4= 0.064
rank= 46 Lx=Ly=22 pg= 0.800 ids= 302 TEE1=-0.374 TEE2=-0.298 TEE3=-0.149  TEE4=-0.021
rank=101 Lx=Ly=22 pg= 0.800 ids= 357 TEE1=-0.477 TEE2=-0.353 TEE3=-0.194  TEE4=-0.002
rank= 66 Lx=Ly=22 pg= 0.790 ids= 322 TEE1=-0.320 TEE2=-0.161 TEE3=-0.012  TEE4= 0.095
rank= 60 Lx=Ly=22 pg= 0.790 ids= 316 TEE1=-0.432 TEE2=-0.335 TEE3=-0.256  TEE4=-0.178
rank=119 Lx=Ly=22 pg= 0.790 ids= 375 TEE1=-0.347 TEE2=-0.248 TEE3=-0.130  TEE4= 0.089
rank= 69 Lx=Ly=22 pg= 0.800 ids= 325 TEE1=-0.390 TEE2=-0.291 TEE3=-0.155  TEE4= 0.110
rank= 19 Lx=Ly=22 pg= 0.790 ids= 275 TEE1=-0.322 TEE2=-0.132 TEE3= 0.014  TEE4= 0.233
rank=103 Lx=Ly=22 pg= 0.800 ids= 359 TEE1=-0.390 TEE2=-0.335 TEE3=-0.225  TEE4=-0.076
rank= 52 Lx=Ly=22 pg= 0.790 ids= 308 TEE1=-0.316 TEE2=-0.188 TEE3=-0.064  TEE4= 0.060
rank= 25 Lx=Ly=22 pg= 0.800 ids= 281 TEE1=-0.390 TEE2=-0.248 TEE3=-0.149  TEE4=-0.041
rank= 81 Lx=Ly=22 pg= 0.790 ids= 337 TEE1=-0.364 TEE2=-0.240 TEE3=-0.072  TEE4= 0.124
rank=107 Lx=Ly=22 pg= 0.800 ids= 363 TEE1=-0.382 TEE2=-0.256 TEE3=-0.093  TEE4= 0.010
rank= 85 Lx=Ly=22 pg= 0.790 ids= 341 TEE1=-0.432 TEE2=-0.291 TEE3=-0.180  TEE4=-0.076
rank= 41 Lx=Ly=22 pg= 0.800 ids= 297 TEE1=-0.436 TEE2=-0.366 TEE3=-0.264  TEE4=-0.095
rank= 11 Lx=Ly=22 pg= 0.800 ids= 267 TEE1=-0.444 TEE2=-0.442 TEE3=-0.333  TEE4=-0.145
rank=112 Lx=Ly=22 pg= 0.800 ids= 368 TEE1=-0.477 TEE2=-0.428 TEE3=-0.302  TEE4=-0.159
rank= 89 Lx=Ly=22 pg= 0.790 ids= 345 TEE1=-0.421 TEE2=-0.362 TEE3=-0.281  TEE4=-0.134
rank=110 Lx=Ly=22 pg= 0.800 ids= 366 TEE1=-0.413 TEE2=-0.291 TEE3=-0.209  TEE4=-0.145
rank= 51 Lx=Ly=22 pg= 0.800 ids= 307 TEE1=-0.446 TEE2=-0.324 TEE3=-0.205  TEE4=-0.039
rank= 82 Lx=Ly=22 pg= 0.790 ids= 338 TEE1=-0.378 TEE2=-0.304 TEE3=-0.178  TEE4= 0.008
rank= 20 Lx=Ly=22 pg= 0.790 ids= 276 TEE1=-0.219 TEE2=-0.052 TEE3= 0.006  TEE4= 0.023
rank= 92 Lx=Ly=22 pg= 0.780 ids= 348 TEE1=-0.308 TEE2=-0.196 TEE3=-0.037  TEE4= 0.058
rank= 77 Lx=Ly=22 pg= 0.790 ids= 333 TEE1=-0.372 TEE2=-0.147 TEE3=-0.017  TEE4= 0.130
rank= 90 Lx=Ly=22 pg= 0.780 ids= 346 TEE1=-0.283 TEE2=-0.190 TEE3=-0.062  TEE4= 0.114
rank= 23 Lx=Ly=22 pg= 0.790 ids= 279 TEE1=-0.378 TEE2=-0.275 TEE3=-0.124  TEE4= 0.060
rank= 68 Lx=Ly=22 pg= 0.790 ids= 324 TEE1=-0.275 TEE2=-0.132 TEE3=-0.031  TEE4= 0.043
rank= 79 Lx=Ly=22 pg= 0.790 ids= 335 TEE1=-0.360 TEE2=-0.318 TEE3=-0.211  TEE4=-0.002
rank=113 Lx=Ly=22 pg= 0.790 ids= 369 TEE1=-0.293 TEE2=-0.260 TEE3=-0.186  TEE4=-0.031
rank= 63 Lx=Ly=22 pg= 0.790 ids= 319 TEE1=-0.397 TEE2=-0.277 TEE3=-0.161  TEE4= 0.085
rank= 47 Lx=Ly=22 pg= 0.800 ids= 303 TEE1=-0.438 TEE2=-0.316 TEE3=-0.180  TEE4=-0.066
rank= 43 Lx=Ly=22 pg= 0.800 ids= 299 TEE1=-0.488 TEE2=-0.378 TEE3=-0.240  TEE4=-0.130
rank= 54 Lx=Ly=22 pg= 0.790 ids= 310 TEE1=-0.419 TEE2=-0.372 TEE3=-0.252  TEE4=-0.099
rank= 70 Lx=Ly=22 pg= 0.790 ids= 326 TEE1=-0.465 TEE2=-0.424 TEE3=-0.322  TEE4=-0.182
rank=  3 Lx=Ly=22 pg= 0.810 ids= 259 TEE1=-0.446 TEE2=-0.448 TEE3=-0.378  TEE4=-0.250
rank=106 Lx=Ly=22 pg= 0.800 ids= 362 TEE1=-0.541 TEE2=-0.510 TEE3=-0.395  TEE4=-0.248
rank=120 Lx=Ly=22 pg= 0.790 ids= 376 TEE1=-0.357 TEE2=-0.310 TEE3=-0.240  TEE4=-0.116
rank= 61 Lx=Ly=22 pg= 0.790 ids= 317 TEE1=-0.362 TEE2=-0.211 TEE3=-0.085  TEE4= 0.079
rank=100 Lx=Ly=22 pg= 0.810 ids= 356 TEE1=-0.523 TEE2=-0.481 TEE3=-0.382  TEE4=-0.279
rank= 17 Lx=Ly=22 pg= 0.790 ids= 273 TEE1=-0.457 TEE2=-0.438 TEE3=-0.326  TEE4=-0.110
rank=  6 Lx=Ly=22 pg= 0.800 ids= 262 TEE1=-0.438 TEE2=-0.349 TEE3=-0.246  TEE4=-0.041
rank= 38 Lx=Ly=22 pg= 0.800 ids= 294 TEE1=-0.492 TEE2=-0.401 TEE3=-0.283  TEE4=-0.076
rank=127 Lx=Ly=22 pg= 0.800 ids= 383 TEE1=-0.469 TEE2=-0.452 TEE3=-0.380  TEE4=-0.248
rank=121 Lx=Ly=22 pg= 0.800 ids= 377 TEE1=-0.426 TEE2=-0.368 TEE3=-0.256  TEE4=-0.076
rank= 31 Lx=Ly=22 pg= 0.800 ids= 287 TEE1=-0.419 TEE2=-0.370 TEE3=-0.260  TEE4=-0.054
rank= 72 Lx=Ly=22 pg= 0.790 ids= 328 TEE1=-0.264 TEE2=-0.099 TEE3= 0.004  TEE4= 0.103
rank=116 Lx=Ly=22 pg= 0.800 ids= 372 TEE1=-0.539 TEE2=-0.581 TEE3=-0.508  TEE4=-0.333
rank= 16 Lx=Ly=22 pg= 0.790 ids= 272 TEE1=-0.378 TEE2=-0.306 TEE3=-0.215  TEE4=-0.048
rank= 15 Lx=Ly=22 pg= 0.800 ids= 271 TEE1=-0.390 TEE2=-0.273 TEE3=-0.151  TEE4=-0.025
rank= 76 Lx=Ly=22 pg= 0.790 ids= 332 TEE1=-0.475 TEE2=-0.405 TEE3=-0.264  TEE4=-0.122
rank= 49 Lx=Ly=22 pg= 0.800 ids= 305 TEE1=-0.465 TEE2=-0.382 TEE3=-0.273  TEE4=-0.087
rank=104 Lx=Ly=22 pg= 0.800 ids= 360 TEE1=-0.405 TEE2=-0.285 TEE3=-0.200  TEE4=-0.072
rank= 12 Lx=Ly=22 pg= 0.810 ids= 268 TEE1=-0.446 TEE2=-0.376 TEE3=-0.291  TEE4=-0.167
rank= 21 Lx=Ly=22 pg= 0.790 ids= 277 TEE1=-0.415 TEE2=-0.308 TEE3=-0.169  TEE4=-0.017
rank=  8 Lx=Ly=22 pg= 0.810 ids= 264 TEE1=-0.566 TEE2=-0.626 TEE3=-0.570  TEE4=-0.463
rank= 27 Lx=Ly=22 pg= 0.800 ids= 283 TEE1=-0.364 TEE2=-0.250 TEE3=-0.136  TEE4=-0.074
rank= 30 Lx=Ly=22 pg= 0.800 ids= 286 TEE1=-0.337 TEE2=-0.221 TEE3=-0.091  TEE4= 0.037
rank= 22 Lx=Ly=22 pg= 0.790 ids= 278 TEE1=-0.337 TEE2=-0.225 TEE3=-0.099  TEE4= 0.014
rank=117 Lx=Ly=22 pg= 0.790 ids= 373 TEE1=-0.403 TEE2=-0.277 TEE3=-0.205  TEE4=-0.074
rank=115 Lx=Ly=22 pg= 0.790 ids= 371 TEE1=-0.452 TEE2=-0.366 TEE3=-0.213  TEE4=-0.095
rank= 93 Lx=Ly=22 pg= 0.790 ids= 349 TEE1=-0.333 TEE2=-0.163 TEE3=-0.035  TEE4= 0.033
rank=  9 Lx=Ly=22 pg= 0.800 ids= 265 TEE1=-0.444 TEE2=-0.386 TEE3=-0.269  TEE4=-0.122
rank= 13 Lx=Ly=22 pg= 0.800 ids= 269 TEE1=-0.360 TEE2=-0.250 TEE3=-0.169  TEE4=-0.031
rank=  4 Lx=Ly=22 pg= 0.800 ids= 260 TEE1=-0.494 TEE2=-0.421 TEE3=-0.277  TEE4=-0.114
rank= 35 Lx=Ly=22 pg= 0.810 ids= 291 TEE1=-0.589 TEE2=-0.640 TEE3=-0.562  TEE4=-0.442
rank= 14 Lx=Ly=22 pg= 0.810 ids= 270 TEE1=-0.510 TEE2=-0.519 TEE3=-0.417  TEE4=-0.260
rank=124 Lx=Ly=22 pg= 0.790 ids= 380 TEE1=-0.329 TEE2=-0.182 TEE3=-0.054  TEE4= 0.079
rank=102 Lx=Ly=22 pg= 0.810 ids= 358 TEE1=-0.618 TEE2=-0.576 TEE3=-0.475  TEE4=-0.215
rank=  0 Lx=Ly=22 pg= 0.800 ids= 256 TEE1=-0.335 TEE2=-0.256 TEE3=-0.149  TEE4=-0.041
rank= 91 Lx=Ly=22 pg= 0.790 ids= 347 TEE1=-0.512 TEE2=-0.421 TEE3=-0.281  TEE4=-0.085
rank=126 Lx=Ly=22 pg= 0.790 ids= 382 TEE1=-0.364 TEE2=-0.293 TEE3=-0.178  TEE4=-0.048
rank=108 Lx=Ly=22 pg= 0.800 ids= 364 TEE1=-0.316 TEE2=-0.194 TEE3=-0.093  TEE4= 0.004
rank= 65 Lx=Ly=22 pg= 0.810 ids= 321 TEE1=-0.459 TEE2=-0.432 TEE3=-0.357  TEE4=-0.213
rank=125 Lx=Ly=22 pg= 0.800 ids= 381 TEE1=-0.407 TEE2=-0.287 TEE3=-0.165  TEE4=-0.025
rank=118 Lx=Ly=22 pg= 0.800 ids= 374 TEE1=-0.566 TEE2=-0.568 TEE3=-0.455  TEE4=-0.322
rank= 32 Lx=Ly=22 pg= 0.800 ids= 288 TEE1=-0.370 TEE2=-0.200 TEE3=-0.066  TEE4= 0.070
rank= 29 Lx=Ly=22 pg= 0.800 ids= 285 TEE1=-0.395 TEE2=-0.310 TEE3=-0.182  TEE4= 0.041
rank= 18 Lx=Ly=22 pg= 0.790 ids= 274 TEE1=-0.403 TEE2=-0.347 TEE3=-0.213  TEE4=-0.068
rank= 83 Lx=Ly=22 pg= 0.800 ids= 339 TEE1=-0.397 TEE2=-0.345 TEE3=-0.233  TEE4=-0.134
rank= 34 Lx=Ly=22 pg= 0.800 ids= 290 TEE1=-0.483 TEE2=-0.452 TEE3=-0.360  TEE4=-0.233
rank= 98 Lx=Ly=22 pg= 0.810 ids= 354 TEE1=-0.537 TEE2=-0.539 TEE3=-0.461  TEE4=-0.324
rank=123 Lx=Ly=22 pg= 0.800 ids= 379 TEE1=-0.465 TEE2=-0.378 TEE3=-0.221  TEE4=-0.085
rank= 42 Lx=Ly=22 pg= 0.810 ids= 298 TEE1=-0.566 TEE2=-0.581 TEE3=-0.527  TEE4=-0.397
rank= 36 Lx=Ly=22 pg= 0.800 ids= 292 TEE1=-0.242 TEE2=-0.140 TEE3=-0.052  TEE4= 0.060
rank=114 Lx=Ly=22 pg= 0.800 ids= 370 TEE1=-0.506 TEE2=-0.450 TEE3=-0.349  TEE4=-0.157
rank= 64 Lx=Ly=22 pg= 0.800 ids= 320 TEE1=-0.461 TEE2=-0.341 TEE3=-0.190  TEE4=-0.019
rank= 40 Lx=Ly=22 pg= 0.810 ids= 296 TEE1=-0.589 TEE2=-0.610 TEE3=-0.521  TEE4=-0.397
rank= 99 Lx=Ly=22 pg= 0.810 ids= 355 TEE1=-0.421 TEE2=-0.434 TEE3=-0.399  TEE4=-0.233
rank=105 Lx=Ly=22 pg= 0.800 ids= 361 TEE1=-0.510 TEE2=-0.523 TEE3=-0.440  TEE4=-0.248
rank= 26 Lx=Ly=22 pg= 0.800 ids= 282 TEE1=-0.434 TEE2=-0.326 TEE3=-0.184  TEE4=-0.023
rank= 10 Lx=Ly=22 pg= 0.810 ids= 266 TEE1=-0.579 TEE2=-0.610 TEE3=-0.558  TEE4=-0.483
rank=  5 Lx=Ly=22 pg= 0.810 ids= 261 TEE1=-0.490 TEE2=-0.486 TEE3=-0.407  TEE4=-0.304
rank= 48 Lx=Ly=22 pg= 0.800 ids= 304 TEE1=-0.386 TEE2=-0.343 TEE3=-0.213  TEE4=-0.132
rank=  1 Lx=Ly=22 pg= 0.810 ids= 257 TEE1=-0.477 TEE2=-0.409 TEE3=-0.285  TEE4=-0.136
rank= 96 Lx=Ly=22 pg= 0.810 ids= 352 TEE1=-0.506 TEE2=-0.512 TEE3=-0.421  TEE4=-0.308
rank=111 Lx=Ly=22 pg= 0.800 ids= 367 TEE1=-0.316 TEE2=-0.209 TEE3=-0.116  TEE4=-0.004
rank=  7 Lx=Ly=22 pg= 0.810 ids= 263 TEE1=-0.535 TEE2=-0.550 TEE3=-0.436  TEE4=-0.291
rank= 67 Lx=Ly=22 pg= 0.810 ids= 323 TEE1=-0.535 TEE2=-0.581 TEE3=-0.517  TEE4=-0.384
rank= 95 Lx=Ly=22 pg= 0.790 ids= 351 TEE1=-0.368 TEE2=-0.298 TEE3=-0.246  TEE4=-0.110
rank= 75 Lx=Ly=22 pg= 0.800 ids= 331 TEE1=-0.366 TEE2=-0.316 TEE3=-0.231  TEE4=-0.103
rank= 57 Lx=Ly=22 pg= 0.800 ids= 313 TEE1=-0.483 TEE2=-0.450 TEE3=-0.349  TEE4=-0.225
rank= 53 Lx=Ly=22 pg= 0.800 ids= 309 TEE1=-0.440 TEE2=-0.372 TEE3=-0.231  TEE4=-0.107
rank= 74 Lx=Ly=22 pg= 0.800 ids= 330 TEE1=-0.308 TEE2=-0.140 TEE3= 0.033  TEE4= 0.114
rank= 86 Lx=Ly=22 pg= 0.790 ids= 342 TEE1=-0.496 TEE2=-0.535 TEE3=-0.463  TEE4=-0.254
rank= 55 Lx=Ly=22 pg= 0.800 ids= 311 TEE1=-0.479 TEE2=-0.393 TEE3=-0.202  TEE4=-0.037
rank= 80 Lx=Ly=22 pg= 0.790 ids= 336 TEE1=-0.333 TEE2=-0.275 TEE3=-0.180  TEE4=-0.006
rank= 56 Lx=Ly=22 pg= 0.800 ids= 312 TEE1=-0.436 TEE2=-0.397 TEE3=-0.279  TEE4=-0.081
rank= 87 Lx=Ly=22 pg= 0.800 ids= 343 TEE1=-0.452 TEE2=-0.413 TEE3=-0.320  TEE4=-0.207
rank=122 Lx=Ly=22 pg= 0.800 ids= 378 TEE1=-0.473 TEE2=-0.411 TEE3=-0.333  TEE4=-0.151
rank= 58 Lx=Ly=22 pg= 0.800 ids= 314 TEE1=-0.438 TEE2=-0.355 TEE3=-0.252  TEE4=-0.062
rank=109 Lx=Ly=22 pg= 0.800 ids= 365 TEE1=-0.446 TEE2=-0.368 TEE3=-0.256  TEE4=-0.124
rank= 84 Lx=Ly=22 pg= 0.790 ids= 340 TEE1=-0.378 TEE2=-0.256 TEE3=-0.130  TEE4=-0.019
rank= 45 Lx=Ly=22 pg= 0.810 ids= 301 TEE1=-0.514 TEE2=-0.486 TEE3=-0.397  TEE4=-0.213
rank= 97 Lx=Ly=22 pg= 0.810 ids= 353 TEE1=-0.558 TEE2=-0.500 TEE3=-0.399  TEE4=-0.236
rank= 44 Lx=Ly=22 pg= 0.810 ids= 300 TEE1=-0.504 TEE2=-0.508 TEE3=-0.477  TEE4=-0.366
rank=  2 Lx=Ly=22 pg= 0.810 ids= 258 TEE1=-0.529 TEE2=-0.541 TEE3=-0.424  TEE4=-0.246
rank= 94 Lx=Ly=22 pg= 0.790 ids= 350 TEE1=-0.337 TEE2=-0.233 TEE3=-0.079  TEE4= 0.097
rank= 24 Lx=Ly=22 pg= 0.800 ids= 280 TEE1=-0.362 TEE2=-0.240 TEE3=-0.140  TEE4=-0.014
rank= 37 Lx=Ly=22 pg= 0.810 ids= 293 TEE1=-0.382 TEE2=-0.267 TEE3=-0.143  TEE4= 0.002
rank= 33 Lx=Ly=22 pg= 0.810 ids= 289 TEE1=-0.531 TEE2=-0.570 TEE3=-0.512  TEE4=-0.417
rank= 50 Lx=Ly=22 pg= 0.800 ids= 306 TEE1=-0.351 TEE2=-0.271 TEE3=-0.130  TEE4=-0.010
rank= 88 Lx=Ly=22 pg= 0.790 ids= 344 TEE1=-0.275 TEE2=-0.229 TEE3=-0.176  TEE4=-0.105
rank= 73 Lx=Ly=22 pg= 0.800 ids= 329 TEE1=-0.450 TEE2=-0.446 TEE3=-0.306  TEE4=-0.145
rank= 59 Lx=Ly=22 pg= 0.800 ids= 315 TEE1=-0.492 TEE2=-0.475 TEE3=-0.364  TEE4=-0.209
rank= 39 Lx=Ly=22 pg= 0.810 ids= 295 TEE1=-0.566 TEE2=-0.583 TEE3=-0.467  TEE4=-0.331
rank= 71 Lx=Ly=22 pg= 0.810 ids= 327 TEE1=-0.448 TEE2=-0.397 TEE3=-0.306  TEE4=-0.116
rank= 78 Lx=Ly=22 pg= 0.800 ids= 334 TEE1=-0.525 TEE2=-0.506 TEE3=-0.403  TEE4=-0.252
rank= 28 Lx=Ly=22 pg= 0.800 ids= 284 TEE1=-0.293 TEE2=-0.149 TEE3= 0.002  TEE4= 0.143
rank= 46 Lx=Ly=22 pg= 0.810 ids= 302 TEE1=-0.599 TEE2=-0.583 TEE3=-0.471  TEE4=-0.310
rank= 62 Lx=Ly=22 pg= 0.800 ids= 318 TEE1=-0.393 TEE2=-0.360 TEE3=-0.271  TEE4=-0.064
rank=101 Lx=Ly=22 pg= 0.810 ids= 357 TEE1=-0.424 TEE2=-0.329 TEE3=-0.180  TEE4=-0.021
rank= 66 Lx=Ly=22 pg= 0.800 ids= 322 TEE1=-0.521 TEE2=-0.541 TEE3=-0.450  TEE4=-0.384
rank= 69 Lx=Ly=22 pg= 0.810 ids= 325 TEE1=-0.533 TEE2=-0.502 TEE3=-0.407  TEE4=-0.209
rank=119 Lx=Ly=22 pg= 0.800 ids= 375 TEE1=-0.415 TEE2=-0.335 TEE3=-0.223  TEE4=-0.070
rank= 60 Lx=Ly=22 pg= 0.800 ids= 316 TEE1=-0.523 TEE2=-0.537 TEE3=-0.455  TEE4=-0.360
rank=103 Lx=Ly=22 pg= 0.810 ids= 359 TEE1=-0.500 TEE2=-0.452 TEE3=-0.351  TEE4=-0.209
rank= 19 Lx=Ly=22 pg= 0.800 ids= 275 TEE1=-0.550 TEE2=-0.519 TEE3=-0.403  TEE4=-0.233
rank= 52 Lx=Ly=22 pg= 0.800 ids= 308 TEE1=-0.581 TEE2=-0.568 TEE3=-0.517  TEE4=-0.397
rank=107 Lx=Ly=22 pg= 0.810 ids= 363 TEE1=-0.519 TEE2=-0.514 TEE3=-0.434  TEE4=-0.308
rank= 25 Lx=Ly=22 pg= 0.810 ids= 281 TEE1=-0.568 TEE2=-0.564 TEE3=-0.467  TEE4=-0.225
rank= 41 Lx=Ly=22 pg= 0.810 ids= 297 TEE1=-0.450 TEE2=-0.426 TEE3=-0.333  TEE4=-0.134
rank= 11 Lx=Ly=22 pg= 0.810 ids= 267 TEE1=-0.477 TEE2=-0.455 TEE3=-0.374  TEE4=-0.240
rank= 81 Lx=Ly=22 pg= 0.800 ids= 337 TEE1=-0.469 TEE2=-0.378 TEE3=-0.275  TEE4=-0.107
rank=112 Lx=Ly=22 pg= 0.810 ids= 368 TEE1=-0.510 TEE2=-0.481 TEE3=-0.419  TEE4=-0.248
rank= 85 Lx=Ly=22 pg= 0.800 ids= 341 TEE1=-0.556 TEE2=-0.556 TEE3=-0.469  TEE4=-0.269
rank= 89 Lx=Ly=22 pg= 0.800 ids= 345 TEE1=-0.424 TEE2=-0.397 TEE3=-0.269  TEE4=-0.136
rank=110 Lx=Ly=22 pg= 0.810 ids= 366 TEE1=-0.440 TEE2=-0.357 TEE3=-0.256  TEE4=-0.110
rank= 51 Lx=Ly=22 pg= 0.810 ids= 307 TEE1=-0.459 TEE2=-0.421 TEE3=-0.337  TEE4=-0.196
rank= 20 Lx=Ly=22 pg= 0.800 ids= 276 TEE1=-0.473 TEE2=-0.440 TEE3=-0.329  TEE4=-0.143
rank= 82 Lx=Ly=22 pg= 0.800 ids= 338 TEE1=-0.494 TEE2=-0.448 TEE3=-0.322  TEE4=-0.134
rank= 23 Lx=Ly=22 pg= 0.800 ids= 279 TEE1=-0.401 TEE2=-0.331 TEE3=-0.192  TEE4=-0.045
rank= 77 Lx=Ly=22 pg= 0.800 ids= 333 TEE1=-0.448 TEE2=-0.407 TEE3=-0.324  TEE4=-0.209
rank=113 Lx=Ly=22 pg= 0.800 ids= 369 TEE1=-0.417 TEE2=-0.349 TEE3=-0.190  TEE4=-0.014
rank= 92 Lx=Ly=22 pg= 0.790 ids= 348 TEE1=-0.399 TEE2=-0.264 TEE3=-0.165  TEE4=-0.045
rank= 79 Lx=Ly=22 pg= 0.800 ids= 335 TEE1=-0.320 TEE2=-0.285 TEE3=-0.205  TEE4=-0.017
rank= 47 Lx=Ly=22 pg= 0.810 ids= 303 TEE1=-0.436 TEE2=-0.403 TEE3=-0.275  TEE4=-0.029
rank= 68 Lx=Ly=22 pg= 0.800 ids= 324 TEE1=-0.333 TEE2=-0.262 TEE3=-0.184  TEE4=-0.101
rank= 90 Lx=Ly=22 pg= 0.790 ids= 346 TEE1=-0.436 TEE2=-0.339 TEE3=-0.178  TEE4= 0.074
rank= 43 Lx=Ly=22 pg= 0.810 ids= 299 TEE1=-0.517 TEE2=-0.463 TEE3=-0.390  TEE4=-0.229
rank=  3 Lx=Ly=22 pg= 0.820 ids= 259 TEE1=-0.601 TEE2=-0.676 TEE3=-0.593  TEE4=-0.510
rank= 63 Lx=Ly=22 pg= 0.800 ids= 319 TEE1=-0.306 TEE2=-0.252 TEE3=-0.167  TEE4=-0.050
rank= 54 Lx=Ly=22 pg= 0.800 ids= 310 TEE1=-0.353 TEE2=-0.269 TEE3=-0.151  TEE4=-0.017
rank=106 Lx=Ly=22 pg= 0.810 ids= 362 TEE1=-0.508 TEE2=-0.492 TEE3=-0.405  TEE4=-0.198
rank= 70 Lx=Ly=22 pg= 0.800 ids= 326 TEE1=-0.481 TEE2=-0.457 TEE3=-0.364  TEE4=-0.200
rank=120 Lx=Ly=22 pg= 0.800 ids= 376 TEE1=-0.413 TEE2=-0.382 TEE3=-0.275  TEE4=-0.138
rank=100 Lx=Ly=22 pg= 0.820 ids= 356 TEE1=-0.535 TEE2=-0.533 TEE3=-0.461  TEE4=-0.370
rank= 61 Lx=Ly=22 pg= 0.800 ids= 317 TEE1=-0.384 TEE2=-0.351 TEE3=-0.289  TEE4=-0.161
rank= 17 Lx=Ly=22 pg= 0.800 ids= 273 TEE1=-0.395 TEE2=-0.308 TEE3=-0.169  TEE4= 0.054
rank=  6 Lx=Ly=22 pg= 0.810 ids= 262 TEE1=-0.541 TEE2=-0.558 TEE3=-0.463  TEE4=-0.364
rank= 38 Lx=Ly=22 pg= 0.810 ids= 294 TEE1=-0.498 TEE2=-0.529 TEE3=-0.461  TEE4=-0.329
rank=121 Lx=Ly=22 pg= 0.810 ids= 377 TEE1=-0.543 TEE2=-0.519 TEE3=-0.432  TEE4=-0.267
rank=127 Lx=Ly=22 pg= 0.810 ids= 383 TEE1=-0.543 TEE2=-0.525 TEE3=-0.438  TEE4=-0.345
rank= 31 Lx=Ly=22 pg= 0.810 ids= 287 TEE1=-0.471 TEE2=-0.417 TEE3=-0.304  TEE4=-0.122
rank= 15 Lx=Ly=22 pg= 0.810 ids= 271 TEE1=-0.428 TEE2=-0.295 TEE3=-0.114  TEE4= 0.081
rank=116 Lx=Ly=22 pg= 0.810 ids= 372 TEE1=-0.510 TEE2=-0.455 TEE3=-0.362  TEE4=-0.200
rank= 16 Lx=Ly=22 pg= 0.800 ids= 272 TEE1=-0.444 TEE2=-0.393 TEE3=-0.291  TEE4=-0.062
rank= 72 Lx=Ly=22 pg= 0.800 ids= 328 TEE1=-0.430 TEE2=-0.405 TEE3=-0.275  TEE4=-0.066
rank= 49 Lx=Ly=22 pg= 0.810 ids= 305 TEE1=-0.585 TEE2=-0.558 TEE3=-0.463  TEE4=-0.316
rank= 12 Lx=Ly=22 pg= 0.820 ids= 268 TEE1=-0.527 TEE2=-0.560 TEE3=-0.498  TEE4=-0.372
rank=104 Lx=Ly=22 pg= 0.810 ids= 360 TEE1=-0.523 TEE2=-0.461 TEE3=-0.357  TEE4=-0.211
rank= 76 Lx=Ly=22 pg= 0.800 ids= 332 TEE1=-0.417 TEE2=-0.316 TEE3=-0.149  TEE4= 0.023
rank=  8 Lx=Ly=22 pg= 0.820 ids= 264 TEE1=-0.636 TEE2=-0.705 TEE3=-0.678  TEE4=-0.607
rank= 21 Lx=Ly=22 pg= 0.800 ids= 277 TEE1=-0.527 TEE2=-0.465 TEE3=-0.306  TEE4=-0.099
rank= 27 Lx=Ly=22 pg= 0.810 ids= 283 TEE1=-0.434 TEE2=-0.382 TEE3=-0.260  TEE4=-0.029
rank= 30 Lx=Ly=22 pg= 0.810 ids= 286 TEE1=-0.479 TEE2=-0.510 TEE3=-0.461  TEE4=-0.333
rank= 22 Lx=Ly=22 pg= 0.800 ids= 278 TEE1=-0.576 TEE2=-0.543 TEE3=-0.448  TEE4=-0.326
rank= 13 Lx=Ly=22 pg= 0.810 ids= 269 TEE1=-0.529 TEE2=-0.519 TEE3=-0.459  TEE4=-0.298
rank=  9 Lx=Ly=22 pg= 0.810 ids= 265 TEE1=-0.508 TEE2=-0.506 TEE3=-0.432  TEE4=-0.337
rank= 35 Lx=Ly=22 pg= 0.820 ids= 291 TEE1=-0.607 TEE2=-0.649 TEE3=-0.638  TEE4=-0.603
rank=117 Lx=Ly=22 pg= 0.800 ids= 373 TEE1=-0.488 TEE2=-0.440 TEE3=-0.351  TEE4=-0.254
rank=115 Lx=Ly=22 pg= 0.800 ids= 371 TEE1=-0.386 TEE2=-0.368 TEE3=-0.275  TEE4=-0.076
rank= 93 Lx=Ly=22 pg= 0.800 ids= 349 TEE1=-0.448 TEE2=-0.481 TEE3=-0.405  TEE4=-0.258
rank=  4 Lx=Ly=22 pg= 0.810 ids= 260 TEE1=-0.517 TEE2=-0.556 TEE3=-0.527  TEE4=-0.401
rank= 14 Lx=Ly=22 pg= 0.820 ids= 270 TEE1=-0.579 TEE2=-0.610 TEE3=-0.585  TEE4=-0.525
rank=102 Lx=Ly=22 pg= 0.820 ids= 358 TEE1=-0.568 TEE2=-0.605 TEE3=-0.566  TEE4=-0.442
rank=124 Lx=Ly=22 pg= 0.800 ids= 380 TEE1=-0.393 TEE2=-0.283 TEE3=-0.159  TEE4=-0.008
rank=  0 Lx=Ly=22 pg= 0.810 ids= 256 TEE1=-0.459 TEE2=-0.395 TEE3=-0.287  TEE4=-0.122
rank= 91 Lx=Ly=22 pg= 0.800 ids= 347 TEE1=-0.525 TEE2=-0.463 TEE3=-0.335  TEE4=-0.221
rank=126 Lx=Ly=22 pg= 0.800 ids= 382 TEE1=-0.417 TEE2=-0.295 TEE3=-0.188  TEE4=-0.056
rank=108 Lx=Ly=22 pg= 0.810 ids= 364 TEE1=-0.438 TEE2=-0.378 TEE3=-0.287  TEE4=-0.186
rank= 65 Lx=Ly=22 pg= 0.820 ids= 321 TEE1=-0.614 TEE2=-0.653 TEE3=-0.587  TEE4=-0.421
rank=125 Lx=Ly=22 pg= 0.810 ids= 381 TEE1=-0.504 TEE2=-0.550 TEE3=-0.455  TEE4=-0.264
rank=118 Lx=Ly=22 pg= 0.810 ids= 374 TEE1=-0.519 TEE2=-0.510 TEE3=-0.461  TEE4=-0.275
rank= 29 Lx=Ly=22 pg= 0.810 ids= 285 TEE1=-0.492 TEE2=-0.386 TEE3=-0.188  TEE4=-0.050
rank= 32 Lx=Ly=22 pg= 0.810 ids= 288 TEE1=-0.519 TEE2=-0.494 TEE3=-0.370  TEE4=-0.215
rank= 18 Lx=Ly=22 pg= 0.800 ids= 274 TEE1=-0.430 TEE2=-0.372 TEE3=-0.300  TEE4=-0.159
rank= 83 Lx=Ly=22 pg= 0.810 ids= 339 TEE1=-0.523 TEE2=-0.492 TEE3=-0.399  TEE4=-0.205
rank= 98 Lx=Ly=22 pg= 0.820 ids= 354 TEE1=-0.632 TEE2=-0.698 TEE3=-0.663  TEE4=-0.587
rank= 34 Lx=Ly=22 pg= 0.810 ids= 290 TEE1=-0.550 TEE2=-0.558 TEE3=-0.486  TEE4=-0.285
rank=123 Lx=Ly=22 pg= 0.810 ids= 379 TEE1=-0.562 TEE2=-0.568 TEE3=-0.483  TEE4=-0.314
rank= 42 Lx=Ly=22 pg= 0.820 ids= 298 TEE1=-0.562 TEE2=-0.607 TEE3=-0.543  TEE4=-0.403
rank= 36 Lx=Ly=22 pg= 0.810 ids= 292 TEE1=-0.512 TEE2=-0.504 TEE3=-0.399  TEE4=-0.250
rank= 99 Lx=Ly=22 pg= 0.820 ids= 355 TEE1=-0.564 TEE2=-0.607 TEE3=-0.570  TEE4=-0.479
rank= 40 Lx=Ly=22 pg= 0.820 ids= 296 TEE1=-0.508 TEE2=-0.496 TEE3=-0.419  TEE4=-0.229
rank= 64 Lx=Ly=22 pg= 0.810 ids= 320 TEE1=-0.498 TEE2=-0.430 TEE3=-0.341  TEE4=-0.250
rank=114 Lx=Ly=22 pg= 0.810 ids= 370 TEE1=-0.500 TEE2=-0.543 TEE3=-0.496  TEE4=-0.370
rank= 10 Lx=Ly=22 pg= 0.820 ids= 266 TEE1=-0.657 TEE2=-0.746 TEE3=-0.700  TEE4=-0.640
rank=105 Lx=Ly=22 pg= 0.810 ids= 361 TEE1=-0.533 TEE2=-0.508 TEE3=-0.374  TEE4=-0.231
rank= 26 Lx=Ly=22 pg= 0.810 ids= 282 TEE1=-0.535 TEE2=-0.483 TEE3=-0.355  TEE4=-0.101
rank=  5 Lx=Ly=22 pg= 0.820 ids= 261 TEE1=-0.556 TEE2=-0.562 TEE3=-0.471  TEE4=-0.347
rank= 48 Lx=Ly=22 pg= 0.810 ids= 304 TEE1=-0.496 TEE2=-0.442 TEE3=-0.351  TEE4=-0.221
rank=  1 Lx=Ly=22 pg= 0.820 ids= 257 TEE1=-0.587 TEE2=-0.568 TEE3=-0.500  TEE4=-0.353
rank= 96 Lx=Ly=22 pg= 0.820 ids= 352 TEE1=-0.589 TEE2=-0.657 TEE3=-0.614  TEE4=-0.531
rank=111 Lx=Ly=22 pg= 0.810 ids= 367 TEE1=-0.521 TEE2=-0.560 TEE3=-0.510  TEE4=-0.349
rank=  7 Lx=Ly=22 pg= 0.820 ids= 263 TEE1=-0.585 TEE2=-0.616 TEE3=-0.562  TEE4=-0.413
rank= 67 Lx=Ly=22 pg= 0.820 ids= 323 TEE1=-0.601 TEE2=-0.702 TEE3=-0.674  TEE4=-0.560
rank= 75 Lx=Ly=22 pg= 0.810 ids= 331 TEE1=-0.550 TEE2=-0.599 TEE3=-0.541  TEE4=-0.500
rank= 95 Lx=Ly=22 pg= 0.800 ids= 351 TEE1=-0.335 TEE2=-0.215 TEE3=-0.134  TEE4=-0.072
rank= 57 Lx=Ly=22 pg= 0.810 ids= 313 TEE1=-0.560 TEE2=-0.572 TEE3=-0.494  TEE4=-0.368
rank= 53 Lx=Ly=22 pg= 0.810 ids= 309 TEE1=-0.597 TEE2=-0.634 TEE3=-0.599  TEE4=-0.506
rank= 74 Lx=Ly=22 pg= 0.810 ids= 330 TEE1=-0.556 TEE2=-0.597 TEE3=-0.514  TEE4=-0.357
rank= 55 Lx=Ly=22 pg= 0.810 ids= 311 TEE1=-0.494 TEE2=-0.517 TEE3=-0.446  TEE4=-0.316
rank= 86 Lx=Ly=22 pg= 0.800 ids= 342 TEE1=-0.318 TEE2=-0.188 TEE3=-0.072  TEE4= 0.014
rank= 87 Lx=Ly=22 pg= 0.810 ids= 343 TEE1=-0.450 TEE2=-0.413 TEE3=-0.345  TEE4=-0.114
rank= 56 Lx=Ly=22 pg= 0.810 ids= 312 TEE1=-0.486 TEE2=-0.469 TEE3=-0.382  TEE4=-0.198
rank=122 Lx=Ly=22 pg= 0.810 ids= 378 TEE1=-0.587 TEE2=-0.616 TEE3=-0.525  TEE4=-0.347
rank= 80 Lx=Ly=22 pg= 0.800 ids= 336 TEE1=-0.390 TEE2=-0.318 TEE3=-0.192  TEE4=-0.056
rank= 58 Lx=Ly=22 pg= 0.810 ids= 314 TEE1=-0.529 TEE2=-0.545 TEE3=-0.417  TEE4=-0.236
rank= 45 Lx=Ly=22 pg= 0.820 ids= 301 TEE1=-0.548 TEE2=-0.514 TEE3=-0.413  TEE4=-0.273
rank=109 Lx=Ly=22 pg= 0.810 ids= 365 TEE1=-0.494 TEE2=-0.364 TEE3=-0.196  TEE4=-0.124
rank= 97 Lx=Ly=22 pg= 0.820 ids= 353 TEE1=-0.488 TEE2=-0.523 TEE3=-0.461  TEE4=-0.380
rank= 44 Lx=Ly=22 pg= 0.820 ids= 300 TEE1=-0.583 TEE2=-0.618 TEE3=-0.585  TEE4=-0.502
rank=  2 Lx=Ly=22 pg= 0.820 ids= 258 TEE1=-0.496 TEE2=-0.531 TEE3=-0.446  TEE4=-0.302
rank= 84 Lx=Ly=22 pg= 0.800 ids= 340 TEE1=-0.457 TEE2=-0.432 TEE3=-0.322  TEE4=-0.174
rank= 24 Lx=Ly=22 pg= 0.810 ids= 280 TEE1=-0.492 TEE2=-0.446 TEE3=-0.331  TEE4=-0.180
rank= 94 Lx=Ly=22 pg= 0.800 ids= 350 TEE1=-0.434 TEE2=-0.430 TEE3=-0.339  TEE4=-0.151
rank= 37 Lx=Ly=22 pg= 0.820 ids= 293 TEE1=-0.552 TEE2=-0.585 TEE3=-0.537  TEE4=-0.403
rank= 33 Lx=Ly=22 pg= 0.820 ids= 289 TEE1=-0.659 TEE2=-0.713 TEE3=-0.694  TEE4=-0.649
rank= 73 Lx=Ly=22 pg= 0.810 ids= 329 TEE1=-0.488 TEE2=-0.450 TEE3=-0.324  TEE4=-0.087
rank= 71 Lx=Ly=22 pg= 0.820 ids= 327 TEE1=-0.601 TEE2=-0.616 TEE3=-0.548  TEE4=-0.444
rank= 50 Lx=Ly=22 pg= 0.810 ids= 306 TEE1=-0.541 TEE2=-0.510 TEE3=-0.448  TEE4=-0.393
rank= 59 Lx=Ly=22 pg= 0.810 ids= 315 TEE1=-0.521 TEE2=-0.543 TEE3=-0.496  TEE4=-0.395
rank= 39 Lx=Ly=22 pg= 0.820 ids= 295 TEE1=-0.599 TEE2=-0.655 TEE3=-0.620  TEE4=-0.550
rank= 46 Lx=Ly=22 pg= 0.820 ids= 302 TEE1=-0.576 TEE2=-0.620 TEE3=-0.583  TEE4=-0.541
rank= 88 Lx=Ly=22 pg= 0.800 ids= 344 TEE1=-0.483 TEE2=-0.452 TEE3=-0.364  TEE4=-0.225
rank= 78 Lx=Ly=22 pg= 0.810 ids= 334 TEE1=-0.574 TEE2=-0.556 TEE3=-0.436  TEE4=-0.236
rank= 28 Lx=Ly=22 pg= 0.810 ids= 284 TEE1=-0.459 TEE2=-0.399 TEE3=-0.314  TEE4=-0.103
rank= 62 Lx=Ly=22 pg= 0.810 ids= 318 TEE1=-0.545 TEE2=-0.564 TEE3=-0.492  TEE4=-0.374
rank=101 Lx=Ly=22 pg= 0.820 ids= 357 TEE1=-0.566 TEE2=-0.645 TEE3=-0.610  TEE4=-0.552
rank= 69 Lx=Ly=22 pg= 0.820 ids= 325 TEE1=-0.492 TEE2=-0.471 TEE3=-0.382  TEE4=-0.250
rank= 66 Lx=Ly=22 pg= 0.810 ids= 322 TEE1=-0.432 TEE2=-0.428 TEE3=-0.329  TEE4=-0.110
rank=119 Lx=Ly=22 pg= 0.810 ids= 375 TEE1=-0.428 TEE2=-0.322 TEE3=-0.180  TEE4=-0.010
rank= 60 Lx=Ly=22 pg= 0.810 ids= 316 TEE1=-0.550 TEE2=-0.564 TEE3=-0.510  TEE4=-0.376
rank=103 Lx=Ly=22 pg= 0.820 ids= 359 TEE1=-0.620 TEE2=-0.649 TEE3=-0.581  TEE4=-0.419
rank= 11 Lx=Ly=22 pg= 0.820 ids= 267 TEE1=-0.514 TEE2=-0.465 TEE3=-0.401  TEE4=-0.194
rank= 41 Lx=Ly=22 pg= 0.820 ids= 297 TEE1=-0.539 TEE2=-0.585 TEE3=-0.469  TEE4=-0.326
rank= 19 Lx=Ly=22 pg= 0.810 ids= 275 TEE1=-0.593 TEE2=-0.601 TEE3=-0.533  TEE4=-0.467
rank=107 Lx=Ly=22 pg= 0.820 ids= 363 TEE1=-0.537 TEE2=-0.531 TEE3=-0.469  TEE4=-0.326
rank= 52 Lx=Ly=22 pg= 0.810 ids= 308 TEE1=-0.543 TEE2=-0.519 TEE3=-0.452  TEE4=-0.322
rank= 25 Lx=Ly=22 pg= 0.820 ids= 281 TEE1=-0.616 TEE2=-0.657 TEE3=-0.583  TEE4=-0.477
rank=112 Lx=Ly=22 pg= 0.820 ids= 368 TEE1=-0.568 TEE2=-0.558 TEE3=-0.483  TEE4=-0.360
rank= 81 Lx=Ly=22 pg= 0.810 ids= 337 TEE1=-0.467 TEE2=-0.492 TEE3=-0.415  TEE4=-0.289
rank= 85 Lx=Ly=22 pg= 0.810 ids= 341 TEE1=-0.610 TEE2=-0.593 TEE3=-0.510  TEE4=-0.390
rank=110 Lx=Ly=22 pg= 0.820 ids= 366 TEE1=-0.541 TEE2=-0.527 TEE3=-0.459  TEE4=-0.339
rank= 89 Lx=Ly=22 pg= 0.810 ids= 345 TEE1=-0.541 TEE2=-0.579 TEE3=-0.529  TEE4=-0.401
rank= 51 Lx=Ly=22 pg= 0.820 ids= 307 TEE1=-0.564 TEE2=-0.597 TEE3=-0.541  TEE4=-0.473
rank= 20 Lx=Ly=22 pg= 0.810 ids= 276 TEE1=-0.525 TEE2=-0.508 TEE3=-0.442  TEE4=-0.345
rank= 82 Lx=Ly=22 pg= 0.810 ids= 338 TEE1=-0.523 TEE2=-0.541 TEE3=-0.486  TEE4=-0.384
rank= 23 Lx=Ly=22 pg= 0.810 ids= 279 TEE1=-0.459 TEE2=-0.442 TEE3=-0.310  TEE4=-0.165
rank=113 Lx=Ly=22 pg= 0.810 ids= 369 TEE1=-0.488 TEE2=-0.502 TEE3=-0.421  TEE4=-0.291
rank= 47 Lx=Ly=22 pg= 0.820 ids= 303 TEE1=-0.657 TEE2=-0.750 TEE3=-0.725  TEE4=-0.657
rank= 77 Lx=Ly=22 pg= 0.810 ids= 333 TEE1=-0.436 TEE2=-0.411 TEE3=-0.326  TEE4=-0.169
rank=  3 Lx=Ly=22 pg= 0.830 ids= 259 TEE1=-0.616 TEE2=-0.692 TEE3=-0.680  TEE4=-0.628
rank= 43 Lx=Ly=22 pg= 0.820 ids= 299 TEE1=-0.450 TEE2=-0.409 TEE3=-0.262  TEE4= 0.012
rank= 79 Lx=Ly=22 pg= 0.810 ids= 335 TEE1=-0.519 TEE2=-0.461 TEE3=-0.357  TEE4=-0.169
rank= 92 Lx=Ly=22 pg= 0.800 ids= 348 TEE1=-0.322 TEE2=-0.219 TEE3=-0.058  TEE4= 0.079
rank= 68 Lx=Ly=22 pg= 0.810 ids= 324 TEE1=-0.562 TEE2=-0.645 TEE3=-0.610  TEE4=-0.548
rank= 63 Lx=Ly=22 pg= 0.810 ids= 319 TEE1=-0.601 TEE2=-0.667 TEE3=-0.632  TEE4=-0.579
rank=106 Lx=Ly=22 pg= 0.820 ids= 362 TEE1=-0.494 TEE2=-0.512 TEE3=-0.471  TEE4=-0.384
rank= 90 Lx=Ly=22 pg= 0.800 ids= 346 TEE1=-0.430 TEE2=-0.384 TEE3=-0.258  TEE4=-0.093
rank= 54 Lx=Ly=22 pg= 0.810 ids= 310 TEE1=-0.535 TEE2=-0.576 TEE3=-0.514  TEE4=-0.374
rank=100 Lx=Ly=22 pg= 0.830 ids= 356 TEE1=-0.636 TEE2=-0.702 TEE3=-0.665  TEE4=-0.570
rank= 70 Lx=Ly=22 pg= 0.810 ids= 326 TEE1=-0.475 TEE2=-0.523 TEE3=-0.469  TEE4=-0.275
rank=120 Lx=Ly=22 pg= 0.810 ids= 376 TEE1=-0.459 TEE2=-0.403 TEE3=-0.316  TEE4=-0.209
rank=  6 Lx=Ly=22 pg= 0.820 ids= 262 TEE1=-0.545 TEE2=-0.661 TEE3=-0.640  TEE4=-0.514
rank= 17 Lx=Ly=22 pg= 0.810 ids= 273 TEE1=-0.440 TEE2=-0.376 TEE3=-0.289  TEE4=-0.163
rank= 61 Lx=Ly=22 pg= 0.810 ids= 317 TEE1=-0.498 TEE2=-0.467 TEE3=-0.364  TEE4=-0.165
rank= 38 Lx=Ly=22 pg= 0.820 ids= 294 TEE1=-0.624 TEE2=-0.676 TEE3=-0.643  TEE4=-0.574
rank= 15 Lx=Ly=22 pg= 0.820 ids= 271 TEE1=-0.568 TEE2=-0.626 TEE3=-0.572  TEE4=-0.450
rank=121 Lx=Ly=22 pg= 0.820 ids= 377 TEE1=-0.579 TEE2=-0.543 TEE3=-0.469  TEE4=-0.302
rank=127 Lx=Ly=22 pg= 0.820 ids= 383 TEE1=-0.595 TEE2=-0.605 TEE3=-0.527  TEE4=-0.378
rank= 31 Lx=Ly=22 pg= 0.820 ids= 287 TEE1=-0.572 TEE2=-0.591 TEE3=-0.548  TEE4=-0.475
rank=116 Lx=Ly=22 pg= 0.820 ids= 372 TEE1=-0.628 TEE2=-0.698 TEE3=-0.663  TEE4=-0.597
rank= 12 Lx=Ly=22 pg= 0.830 ids= 268 TEE1=-0.622 TEE2=-0.626 TEE3=-0.548  TEE4=-0.446
rank= 49 Lx=Ly=22 pg= 0.820 ids= 305 TEE1=-0.537 TEE2=-0.552 TEE3=-0.457  TEE4=-0.254
rank=104 Lx=Ly=22 pg= 0.820 ids= 360 TEE1=-0.543 TEE2=-0.562 TEE3=-0.519  TEE4=-0.399
rank= 16 Lx=Ly=22 pg= 0.810 ids= 272 TEE1=-0.430 TEE2=-0.382 TEE3=-0.285  TEE4=-0.151
rank= 72 Lx=Ly=22 pg= 0.810 ids= 328 TEE1=-0.450 TEE2=-0.403 TEE3=-0.300  TEE4=-0.190
rank=  8 Lx=Ly=22 pg= 0.830 ids= 264 TEE1=-0.663 TEE2=-0.711 TEE3=-0.674  TEE4=-0.620
rank= 35 Lx=Ly=22 pg= 0.830 ids= 291 TEE1=-0.630 TEE2=-0.715 TEE3=-0.692  TEE4=-0.612
rank= 76 Lx=Ly=22 pg= 0.810 ids= 332 TEE1=-0.541 TEE2=-0.605 TEE3=-0.558  TEE4=-0.436
rank= 13 Lx=Ly=22 pg= 0.820 ids= 269 TEE1=-0.496 TEE2=-0.471 TEE3=-0.390  TEE4=-0.308
rank=  9 Lx=Ly=22 pg= 0.820 ids= 265 TEE1=-0.502 TEE2=-0.467 TEE3=-0.374  TEE4=-0.167
rank= 21 Lx=Ly=22 pg= 0.810 ids= 277 TEE1=-0.471 TEE2=-0.448 TEE3=-0.353  TEE4=-0.130
rank= 30 Lx=Ly=22 pg= 0.820 ids= 286 TEE1=-0.605 TEE2=-0.636 TEE3=-0.564  TEE4=-0.450
rank= 27 Lx=Ly=22 pg= 0.820 ids= 283 TEE1=-0.612 TEE2=-0.661 TEE3=-0.628  TEE4=-0.508
rank= 22 Lx=Ly=22 pg= 0.810 ids= 278 TEE1=-0.535 TEE2=-0.591 TEE3=-0.552  TEE4=-0.366
rank=  4 Lx=Ly=22 pg= 0.820 ids= 260 TEE1=-0.645 TEE2=-0.715 TEE3=-0.667  TEE4=-0.562
rank= 14 Lx=Ly=22 pg= 0.830 ids= 270 TEE1=-0.614 TEE2=-0.676 TEE3=-0.628  TEE4=-0.446
rank= 93 Lx=Ly=22 pg= 0.810 ids= 349 TEE1=-0.535 TEE2=-0.519 TEE3=-0.413  TEE4=-0.260
rank=117 Lx=Ly=22 pg= 0.810 ids= 373 TEE1=-0.587 TEE2=-0.651 TEE3=-0.570  TEE4=-0.463
rank=115 Lx=Ly=22 pg= 0.810 ids= 371 TEE1=-0.550 TEE2=-0.616 TEE3=-0.550  TEE4=-0.388
rank=102 Lx=Ly=22 pg= 0.830 ids= 358 TEE1=-0.566 TEE2=-0.636 TEE3=-0.585  TEE4=-0.450
rank=  0 Lx=Ly=22 pg= 0.820 ids= 256 TEE1=-0.589 TEE2=-0.612 TEE3=-0.556  TEE4=-0.430
rank=124 Lx=Ly=22 pg= 0.810 ids= 380 TEE1=-0.525 TEE2=-0.533 TEE3=-0.498  TEE4=-0.426
rank= 65 Lx=Ly=22 pg= 0.830 ids= 321 TEE1=-0.643 TEE2=-0.678 TEE3=-0.643  TEE4=-0.519
rank=108 Lx=Ly=22 pg= 0.820 ids= 364 TEE1=-0.601 TEE2=-0.647 TEE3=-0.601  TEE4=-0.531
rank= 91 Lx=Ly=22 pg= 0.810 ids= 347 TEE1=-0.554 TEE2=-0.585 TEE3=-0.504  TEE4=-0.380
rank=126 Lx=Ly=22 pg= 0.810 ids= 382 TEE1=-0.514 TEE2=-0.541 TEE3=-0.483  TEE4=-0.308
rank=125 Lx=Ly=22 pg= 0.820 ids= 381 TEE1=-0.529 TEE2=-0.527 TEE3=-0.463  TEE4=-0.291
rank=118 Lx=Ly=22 pg= 0.820 ids= 374 TEE1=-0.481 TEE2=-0.469 TEE3=-0.368  TEE4=-0.198
rank= 32 Lx=Ly=22 pg= 0.820 ids= 288 TEE1=-0.589 TEE2=-0.647 TEE3=-0.601  TEE4=-0.463
rank= 29 Lx=Ly=22 pg= 0.820 ids= 285 TEE1=-0.558 TEE2=-0.585 TEE3=-0.541  TEE4=-0.360
rank= 98 Lx=Ly=22 pg= 0.830 ids= 354 TEE1=-0.605 TEE2=-0.651 TEE3=-0.601  TEE4=-0.545
rank= 83 Lx=Ly=22 pg= 0.820 ids= 339 TEE1=-0.593 TEE2=-0.618 TEE3=-0.543  TEE4=-0.368
rank= 18 Lx=Ly=22 pg= 0.810 ids= 274 TEE1=-0.488 TEE2=-0.446 TEE3=-0.329  TEE4=-0.221
rank= 34 Lx=Ly=22 pg= 0.820 ids= 290 TEE1=-0.506 TEE2=-0.541 TEE3=-0.479  TEE4=-0.364
rank=123 Lx=Ly=22 pg= 0.820 ids= 379 TEE1=-0.570 TEE2=-0.572 TEE3=-0.512  TEE4=-0.370
rank= 42 Lx=Ly=22 pg= 0.830 ids= 298 TEE1=-0.616 TEE2=-0.680 TEE3=-0.655  TEE4=-0.576
rank= 99 Lx=Ly=22 pg= 0.830 ids= 355 TEE1=-0.653 TEE2=-0.729 TEE3=-0.709  TEE4=-0.671
rank= 40 Lx=Ly=22 pg= 0.830 ids= 296 TEE1=-0.719 TEE2=-0.800 TEE3=-0.777  TEE4=-0.748
rank= 36 Lx=Ly=22 pg= 0.820 ids= 292 TEE1=-0.632 TEE2=-0.678 TEE3=-0.591  TEE4=-0.479
rank= 64 Lx=Ly=22 pg= 0.820 ids= 320 TEE1=-0.628 TEE2=-0.684 TEE3=-0.628  TEE4=-0.537
rank= 10 Lx=Ly=22 pg= 0.830 ids= 266 TEE1=-0.605 TEE2=-0.599 TEE3=-0.541  TEE4=-0.384
rank=114 Lx=Ly=22 pg= 0.820 ids= 370 TEE1=-0.620 TEE2=-0.566 TEE3=-0.465  TEE4=-0.329
rank=105 Lx=Ly=22 pg= 0.820 ids= 361 TEE1=-0.550 TEE2=-0.558 TEE3=-0.481  TEE4=-0.372
rank= 26 Lx=Ly=22 pg= 0.820 ids= 282 TEE1=-0.566 TEE2=-0.620 TEE3=-0.603  TEE4=-0.455
rank=  5 Lx=Ly=22 pg= 0.830 ids= 261 TEE1=-0.640 TEE2=-0.715 TEE3=-0.665  TEE4=-0.620
rank= 48 Lx=Ly=22 pg= 0.820 ids= 304 TEE1=-0.550 TEE2=-0.560 TEE3=-0.477  TEE4=-0.339
rank= 96 Lx=Ly=22 pg= 0.830 ids= 352 TEE1=-0.653 TEE2=-0.771 TEE3=-0.752  TEE4=-0.715
rank=  1 Lx=Ly=22 pg= 0.830 ids= 257 TEE1=-0.558 TEE2=-0.585 TEE3=-0.562  TEE4=-0.486
rank= 67 Lx=Ly=22 pg= 0.830 ids= 323 TEE1=-0.583 TEE2=-0.663 TEE3=-0.626  TEE4=-0.570
rank=111 Lx=Ly=22 pg= 0.820 ids= 367 TEE1=-0.576 TEE2=-0.581 TEE3=-0.514  TEE4=-0.393
rank=  7 Lx=Ly=22 pg= 0.830 ids= 263 TEE1=-0.568 TEE2=-0.618 TEE3=-0.585  TEE4=-0.486
rank= 75 Lx=Ly=22 pg= 0.820 ids= 331 TEE1=-0.560 TEE2=-0.576 TEE3=-0.494  TEE4=-0.312
rank= 57 Lx=Ly=22 pg= 0.820 ids= 313 TEE1=-0.576 TEE2=-0.603 TEE3=-0.579  TEE4=-0.512
rank= 95 Lx=Ly=22 pg= 0.810 ids= 351 TEE1=-0.541 TEE2=-0.612 TEE3=-0.568  TEE4=-0.436
rank= 53 Lx=Ly=22 pg= 0.820 ids= 309 TEE1=-0.517 TEE2=-0.523 TEE3=-0.446  TEE4=-0.227
rank= 74 Lx=Ly=22 pg= 0.820 ids= 330 TEE1=-0.603 TEE2=-0.725 TEE3=-0.742  TEE4=-0.698
rank= 55 Lx=Ly=22 pg= 0.820 ids= 311 TEE1=-0.595 TEE2=-0.638 TEE3=-0.589  TEE4=-0.446
rank= 86 Lx=Ly=22 pg= 0.810 ids= 342 TEE1=-0.570 TEE2=-0.585 TEE3=-0.506  TEE4=-0.415
rank=122 Lx=Ly=22 pg= 0.820 ids= 378 TEE1=-0.605 TEE2=-0.667 TEE3=-0.622  TEE4=-0.556
rank= 56 Lx=Ly=22 pg= 0.820 ids= 312 TEE1=-0.568 TEE2=-0.616 TEE3=-0.574  TEE4=-0.419
rank= 87 Lx=Ly=22 pg= 0.820 ids= 343 TEE1=-0.585 TEE2=-0.624 TEE3=-0.587  TEE4=-0.587
rank= 45 Lx=Ly=22 pg= 0.830 ids= 301 TEE1=-0.655 TEE2=-0.715 TEE3=-0.674  TEE4=-0.576
rank= 58 Lx=Ly=22 pg= 0.820 ids= 314 TEE1=-0.566 TEE2=-0.649 TEE3=-0.593  TEE4=-0.494
rank= 44 Lx=Ly=22 pg= 0.830 ids= 300 TEE1=-0.576 TEE2=-0.597 TEE3=-0.517  TEE4=-0.407
rank= 80 Lx=Ly=22 pg= 0.810 ids= 336 TEE1=-0.455 TEE2=-0.407 TEE3=-0.312  TEE4=-0.140
rank=109 Lx=Ly=22 pg= 0.820 ids= 365 TEE1=-0.616 TEE2=-0.694 TEE3=-0.645  TEE4=-0.558
rank=  2 Lx=Ly=22 pg= 0.830 ids= 258 TEE1=-0.543 TEE2=-0.597 TEE3=-0.535  TEE4=-0.452
rank= 97 Lx=Ly=22 pg= 0.830 ids= 353 TEE1=-0.616 TEE2=-0.649 TEE3=-0.607  TEE4=-0.496
rank= 24 Lx=Ly=22 pg= 0.820 ids= 280 TEE1=-0.612 TEE2=-0.624 TEE3=-0.525  TEE4=-0.390
rank= 84 Lx=Ly=22 pg= 0.810 ids= 340 TEE1=-0.550 TEE2=-0.521 TEE3=-0.463  TEE4=-0.390
rank= 37 Lx=Ly=22 pg= 0.830 ids= 293 TEE1=-0.614 TEE2=-0.727 TEE3=-0.738  TEE4=-0.752
rank= 94 Lx=Ly=22 pg= 0.810 ids= 350 TEE1=-0.537 TEE2=-0.576 TEE3=-0.519  TEE4=-0.386
rank= 33 Lx=Ly=22 pg= 0.830 ids= 289 TEE1=-0.585 TEE2=-0.643 TEE3=-0.576  TEE4=-0.492
rank= 71 Lx=Ly=22 pg= 0.830 ids= 327 TEE1=-0.647 TEE2=-0.715 TEE3=-0.680  TEE4=-0.620
rank= 73 Lx=Ly=22 pg= 0.820 ids= 329 TEE1=-0.579 TEE2=-0.692 TEE3=-0.655  TEE4=-0.589
rank= 59 Lx=Ly=22 pg= 0.820 ids= 315 TEE1=-0.610 TEE2=-0.645 TEE3=-0.576  TEE4=-0.496
rank= 39 Lx=Ly=22 pg= 0.830 ids= 295 TEE1=-0.614 TEE2=-0.682 TEE3=-0.628  TEE4=-0.477
rank= 46 Lx=Ly=22 pg= 0.830 ids= 302 TEE1=-0.643 TEE2=-0.700 TEE3=-0.694  TEE4=-0.628
rank= 50 Lx=Ly=22 pg= 0.820 ids= 306 TEE1=-0.605 TEE2=-0.638 TEE3=-0.601  TEE4=-0.543
rank= 78 Lx=Ly=22 pg= 0.820 ids= 334 TEE1=-0.583 TEE2=-0.649 TEE3=-0.607  TEE4=-0.570
rank= 28 Lx=Ly=22 pg= 0.820 ids= 284 TEE1=-0.597 TEE2=-0.595 TEE3=-0.548  TEE4=-0.419
rank=101 Lx=Ly=22 pg= 0.830 ids= 357 TEE1=-0.599 TEE2=-0.671 TEE3=-0.647  TEE4=-0.581
rank= 88 Lx=Ly=22 pg= 0.810 ids= 344 TEE1=-0.535 TEE2=-0.620 TEE3=-0.593  TEE4=-0.475
rank= 62 Lx=Ly=22 pg= 0.820 ids= 318 TEE1=-0.533 TEE2=-0.527 TEE3=-0.473  TEE4=-0.308
rank= 69 Lx=Ly=22 pg= 0.830 ids= 325 TEE1=-0.653 TEE2=-0.758 TEE3=-0.756  TEE4=-0.711
rank= 66 Lx=Ly=22 pg= 0.820 ids= 322 TEE1=-0.475 TEE2=-0.452 TEE3=-0.370  TEE4=-0.186
rank= 11 Lx=Ly=22 pg= 0.830 ids= 267 TEE1=-0.591 TEE2=-0.682 TEE3=-0.647  TEE4=-0.576
rank=119 Lx=Ly=22 pg= 0.820 ids= 375 TEE1=-0.552 TEE2=-0.562 TEE3=-0.502  TEE4=-0.380
rank= 41 Lx=Ly=22 pg= 0.830 ids= 297 TEE1=-0.610 TEE2=-0.618 TEE3=-0.537  TEE4=-0.353
rank=103 Lx=Ly=22 pg= 0.830 ids= 359 TEE1=-0.632 TEE2=-0.711 TEE3=-0.649  TEE4=-0.589
rank=107 Lx=Ly=22 pg= 0.830 ids= 363 TEE1=-0.595 TEE2=-0.628 TEE3=-0.560  TEE4=-0.444
rank= 60 Lx=Ly=22 pg= 0.820 ids= 316 TEE1=-0.620 TEE2=-0.686 TEE3=-0.651  TEE4=-0.570
rank= 19 Lx=Ly=22 pg= 0.820 ids= 275 TEE1=-0.612 TEE2=-0.667 TEE3=-0.632  TEE4=-0.543
rank= 52 Lx=Ly=22 pg= 0.820 ids= 308 TEE1=-0.583 TEE2=-0.645 TEE3=-0.589  TEE4=-0.432
rank= 25 Lx=Ly=22 pg= 0.830 ids= 281 TEE1=-0.587 TEE2=-0.705 TEE3=-0.688  TEE4=-0.653
rank=112 Lx=Ly=22 pg= 0.830 ids= 368 TEE1=-0.593 TEE2=-0.645 TEE3=-0.581  TEE4=-0.477
rank=110 Lx=Ly=22 pg= 0.830 ids= 366 TEE1=-0.676 TEE2=-0.700 TEE3=-0.651  TEE4=-0.581
rank= 89 Lx=Ly=22 pg= 0.820 ids= 345 TEE1=-0.570 TEE2=-0.570 TEE3=-0.535  TEE4=-0.403
rank= 81 Lx=Ly=22 pg= 0.820 ids= 337 TEE1=-0.628 TEE2=-0.690 TEE3=-0.649  TEE4=-0.558
rank= 51 Lx=Ly=22 pg= 0.830 ids= 307 TEE1=-0.603 TEE2=-0.612 TEE3=-0.548  TEE4=-0.432
rank= 85 Lx=Ly=22 pg= 0.820 ids= 341 TEE1=-0.601 TEE2=-0.614 TEE3=-0.568  TEE4=-0.459
rank= 20 Lx=Ly=22 pg= 0.820 ids= 276 TEE1=-0.616 TEE2=-0.661 TEE3=-0.603  TEE4=-0.508
rank=  3 Lx=Ly=22 pg= 0.840 ids= 259 TEE1=-0.694 TEE2=-0.773 TEE3=-0.748  TEE4=-0.709
rank= 47 Lx=Ly=22 pg= 0.830 ids= 303 TEE1=-0.671 TEE2=-0.744 TEE3=-0.700  TEE4=-0.659
rank= 23 Lx=Ly=22 pg= 0.820 ids= 279 TEE1=-0.535 TEE2=-0.492 TEE3=-0.370  TEE4=-0.227
rank= 43 Lx=Ly=22 pg= 0.830 ids= 299 TEE1=-0.531 TEE2=-0.527 TEE3=-0.471  TEE4=-0.397
rank=113 Lx=Ly=22 pg= 0.820 ids= 369 TEE1=-0.624 TEE2=-0.678 TEE3=-0.620  TEE4=-0.543
rank= 82 Lx=Ly=22 pg= 0.820 ids= 338 TEE1=-0.622 TEE2=-0.690 TEE3=-0.632  TEE4=-0.490
rank= 77 Lx=Ly=22 pg= 0.820 ids= 333 TEE1=-0.527 TEE2=-0.568 TEE3=-0.498  TEE4=-0.353
rank= 79 Lx=Ly=22 pg= 0.820 ids= 335 TEE1=-0.579 TEE2=-0.566 TEE3=-0.517  TEE4=-0.397
rank=106 Lx=Ly=22 pg= 0.830 ids= 362 TEE1=-0.618 TEE2=-0.696 TEE3=-0.661  TEE4=-0.558
rank= 63 Lx=Ly=22 pg= 0.820 ids= 319 TEE1=-0.494 TEE2=-0.479 TEE3=-0.397  TEE4=-0.238
rank=100 Lx=Ly=22 pg= 0.840 ids= 356 TEE1=-0.640 TEE2=-0.733 TEE3=-0.709  TEE4=-0.667
rank= 68 Lx=Ly=22 pg= 0.820 ids= 324 TEE1=-0.628 TEE2=-0.638 TEE3=-0.595  TEE4=-0.576
rank= 54 Lx=Ly=22 pg= 0.820 ids= 310 TEE1=-0.572 TEE2=-0.587 TEE3=-0.550  TEE4=-0.419
rank= 92 Lx=Ly=22 pg= 0.810 ids= 348 TEE1=-0.483 TEE2=-0.486 TEE3=-0.434  TEE4=-0.314
rank=  6 Lx=Ly=22 pg= 0.830 ids= 262 TEE1=-0.647 TEE2=-0.669 TEE3=-0.620  TEE4=-0.498
rank= 90 Lx=Ly=22 pg= 0.810 ids= 346 TEE1=-0.564 TEE2=-0.603 TEE3=-0.494  TEE4=-0.378
rank=120 Lx=Ly=22 pg= 0.820 ids= 376 TEE1=-0.541 TEE2=-0.570 TEE3=-0.527  TEE4=-0.407
rank= 70 Lx=Ly=22 pg= 0.820 ids= 326 TEE1=-0.463 TEE2=-0.436 TEE3=-0.382  TEE4=-0.316
rank= 17 Lx=Ly=22 pg= 0.820 ids= 273 TEE1=-0.527 TEE2=-0.562 TEE3=-0.508  TEE4=-0.397
rank= 61 Lx=Ly=22 pg= 0.820 ids= 317 TEE1=-0.554 TEE2=-0.597 TEE3=-0.556  TEE4=-0.421
rank= 38 Lx=Ly=22 pg= 0.830 ids= 294 TEE1=-0.620 TEE2=-0.676 TEE3=-0.618  TEE4=-0.424
rank= 15 Lx=Ly=22 pg= 0.830 ids= 271 TEE1=-0.599 TEE2=-0.647 TEE3=-0.597  TEE4=-0.461
rank=121 Lx=Ly=22 pg= 0.830 ids= 377 TEE1=-0.640 TEE2=-0.705 TEE3=-0.705  TEE4=-0.661
rank=127 Lx=Ly=22 pg= 0.830 ids= 383 TEE1=-0.552 TEE2=-0.595 TEE3=-0.545  TEE4=-0.434
rank= 12 Lx=Ly=22 pg= 0.840 ids= 268 TEE1=-0.700 TEE2=-0.771 TEE3=-0.756  TEE4=-0.700
rank= 31 Lx=Ly=22 pg= 0.830 ids= 287 TEE1=-0.640 TEE2=-0.684 TEE3=-0.605  TEE4=-0.531
rank= 49 Lx=Ly=22 pg= 0.830 ids= 305 TEE1=-0.649 TEE2=-0.713 TEE3=-0.698  TEE4=-0.657
rank=116 Lx=Ly=22 pg= 0.830 ids= 372 TEE1=-0.721 TEE2=-0.798 TEE3=-0.787  TEE4=-0.748
rank=104 Lx=Ly=22 pg= 0.830 ids= 360 TEE1=-0.589 TEE2=-0.605 TEE3=-0.579  TEE4=-0.504
rank= 16 Lx=Ly=22 pg= 0.820 ids= 272 TEE1=-0.640 TEE2=-0.690 TEE3=-0.620  TEE4=-0.473
rank=  8 Lx=Ly=22 pg= 0.840 ids= 264 TEE1=-0.640 TEE2=-0.736 TEE3=-0.731  TEE4=-0.684
rank= 35 Lx=Ly=22 pg= 0.840 ids= 291 TEE1=-0.618 TEE2=-0.678 TEE3=-0.655  TEE4=-0.531
rank= 13 Lx=Ly=22 pg= 0.830 ids= 269 TEE1=-0.562 TEE2=-0.645 TEE3=-0.605  TEE4=-0.517
rank= 72 Lx=Ly=22 pg= 0.820 ids= 328 TEE1=-0.550 TEE2=-0.572 TEE3=-0.517  TEE4=-0.452
rank=  9 Lx=Ly=22 pg= 0.830 ids= 265 TEE1=-0.579 TEE2=-0.647 TEE3=-0.589  TEE4=-0.452
rank= 21 Lx=Ly=22 pg= 0.820 ids= 277 TEE1=-0.504 TEE2=-0.529 TEE3=-0.459  TEE4=-0.238
rank= 27 Lx=Ly=22 pg= 0.830 ids= 283 TEE1=-0.671 TEE2=-0.740 TEE3=-0.713  TEE4=-0.612
rank= 76 Lx=Ly=22 pg= 0.820 ids= 332 TEE1=-0.632 TEE2=-0.709 TEE3=-0.645  TEE4=-0.548
rank=  4 Lx=Ly=22 pg= 0.830 ids= 260 TEE1=-0.566 TEE2=-0.624 TEE3=-0.589  TEE4=-0.467
rank= 30 Lx=Ly=22 pg= 0.830 ids= 286 TEE1=-0.643 TEE2=-0.731 TEE3=-0.705  TEE4=-0.671
rank= 22 Lx=Ly=22 pg= 0.820 ids= 278 TEE1=-0.593 TEE2=-0.572 TEE3=-0.502  TEE4=-0.343
rank= 14 Lx=Ly=22 pg= 0.840 ids= 270 TEE1=-0.760 TEE2=-0.791 TEE3=-0.764  TEE4=-0.758
rank=102 Lx=Ly=22 pg= 0.840 ids= 358 TEE1=-0.665 TEE2=-0.719 TEE3=-0.711  TEE4=-0.690
rank= 93 Lx=Ly=22 pg= 0.820 ids= 349 TEE1=-0.535 TEE2=-0.591 TEE3=-0.506  TEE4=-0.374
rank=115 Lx=Ly=22 pg= 0.820 ids= 371 TEE1=-0.597 TEE2=-0.655 TEE3=-0.618  TEE4=-0.490
rank=117 Lx=Ly=22 pg= 0.820 ids= 373 TEE1=-0.612 TEE2=-0.638 TEE3=-0.599  TEE4=-0.477
rank=  0 Lx=Ly=22 pg= 0.830 ids= 256 TEE1=-0.545 TEE2=-0.566 TEE3=-0.488  TEE4=-0.411
rank=124 Lx=Ly=22 pg= 0.820 ids= 380 TEE1=-0.636 TEE2=-0.698 TEE3=-0.657  TEE4=-0.541
rank= 65 Lx=Ly=22 pg= 0.840 ids= 321 TEE1=-0.626 TEE2=-0.702 TEE3=-0.659  TEE4=-0.589
rank=108 Lx=Ly=22 pg= 0.830 ids= 364 TEE1=-0.550 TEE2=-0.576 TEE3=-0.525  TEE4=-0.397
rank= 91 Lx=Ly=22 pg= 0.820 ids= 347 TEE1=-0.657 TEE2=-0.725 TEE3=-0.669  TEE4=-0.612
rank=126 Lx=Ly=22 pg= 0.820 ids= 382 TEE1=-0.519 TEE2=-0.504 TEE3=-0.415  TEE4=-0.260
rank=125 Lx=Ly=22 pg= 0.830 ids= 381 TEE1=-0.583 TEE2=-0.597 TEE3=-0.543  TEE4=-0.405
rank=118 Lx=Ly=22 pg= 0.830 ids= 374 TEE1=-0.638 TEE2=-0.709 TEE3=-0.694  TEE4=-0.634
rank= 98 Lx=Ly=22 pg= 0.840 ids= 354 TEE1=-0.607 TEE2=-0.647 TEE3=-0.589  TEE4=-0.477
rank= 32 Lx=Ly=22 pg= 0.830 ids= 288 TEE1=-0.622 TEE2=-0.655 TEE3=-0.610  TEE4=-0.517
rank= 29 Lx=Ly=22 pg= 0.830 ids= 285 TEE1=-0.605 TEE2=-0.665 TEE3=-0.612  TEE4=-0.527
rank= 83 Lx=Ly=22 pg= 0.830 ids= 339 TEE1=-0.554 TEE2=-0.574 TEE3=-0.533  TEE4=-0.419
rank= 34 Lx=Ly=22 pg= 0.830 ids= 290 TEE1=-0.599 TEE2=-0.645 TEE3=-0.601  TEE4=-0.502
rank= 18 Lx=Ly=22 pg= 0.820 ids= 274 TEE1=-0.581 TEE2=-0.601 TEE3=-0.564  TEE4=-0.428
rank= 99 Lx=Ly=22 pg= 0.840 ids= 355 TEE1=-0.711 TEE2=-0.818 TEE3=-0.793  TEE4=-0.773
rank= 42 Lx=Ly=22 pg= 0.840 ids= 298 TEE1=-0.628 TEE2=-0.674 TEE3=-0.618  TEE4=-0.562
rank=123 Lx=Ly=22 pg= 0.830 ids= 379 TEE1=-0.605 TEE2=-0.671 TEE3=-0.655  TEE4=-0.616
rank= 40 Lx=Ly=22 pg= 0.840 ids= 296 TEE1=-0.674 TEE2=-0.733 TEE3=-0.709  TEE4=-0.659
rank= 36 Lx=Ly=22 pg= 0.830 ids= 292 TEE1=-0.653 TEE2=-0.696 TEE3=-0.661  TEE4=-0.640
rank= 10 Lx=Ly=22 pg= 0.840 ids= 266 TEE1=-0.647 TEE2=-0.715 TEE3=-0.700  TEE4=-0.645
rank= 64 Lx=Ly=22 pg= 0.830 ids= 320 TEE1=-0.645 TEE2=-0.731 TEE3=-0.725  TEE4=-0.628
rank=105 Lx=Ly=22 pg= 0.830 ids= 361 TEE1=-0.574 TEE2=-0.587 TEE3=-0.510  TEE4=-0.366
rank=114 Lx=Ly=22 pg= 0.830 ids= 370 TEE1=-0.618 TEE2=-0.707 TEE3=-0.671  TEE4=-0.612
rank= 26 Lx=Ly=22 pg= 0.830 ids= 282 TEE1=-0.661 TEE2=-0.736 TEE3=-0.717  TEE4=-0.659
rank= 96 Lx=Ly=22 pg= 0.840 ids= 352 TEE1=-0.663 TEE2=-0.783 TEE3=-0.760  TEE4=-0.760
rank=  5 Lx=Ly=22 pg= 0.840 ids= 261 TEE1=-0.634 TEE2=-0.698 TEE3=-0.682  TEE4=-0.579
rank= 48 Lx=Ly=22 pg= 0.830 ids= 304 TEE1=-0.589 TEE2=-0.614 TEE3=-0.579  TEE4=-0.488
rank=  1 Lx=Ly=22 pg= 0.840 ids= 257 TEE1=-0.636 TEE2=-0.723 TEE3=-0.690  TEE4=-0.678
rank= 67 Lx=Ly=22 pg= 0.840 ids= 323 TEE1=-0.682 TEE2=-0.822 TEE3=-0.816  TEE4=-0.773
rank=111 Lx=Ly=22 pg= 0.830 ids= 367 TEE1=-0.521 TEE2=-0.529 TEE3=-0.469  TEE4=-0.314
rank=  7 Lx=Ly=22 pg= 0.840 ids= 263 TEE1=-0.566 TEE2=-0.653 TEE3=-0.620  TEE4=-0.475
rank= 75 Lx=Ly=22 pg= 0.830 ids= 331 TEE1=-0.599 TEE2=-0.632 TEE3=-0.601  TEE4=-0.506
rank= 57 Lx=Ly=22 pg= 0.830 ids= 313 TEE1=-0.628 TEE2=-0.696 TEE3=-0.676  TEE4=-0.595
rank= 95 Lx=Ly=22 pg= 0.820 ids= 351 TEE1=-0.531 TEE2=-0.574 TEE3=-0.531  TEE4=-0.380
rank= 53 Lx=Ly=22 pg= 0.830 ids= 309 TEE1=-0.630 TEE2=-0.665 TEE3=-0.614  TEE4=-0.504
rank= 74 Lx=Ly=22 pg= 0.830 ids= 330 TEE1=-0.595 TEE2=-0.645 TEE3=-0.591  TEE4=-0.479
rank= 55 Lx=Ly=22 pg= 0.830 ids= 311 TEE1=-0.576 TEE2=-0.628 TEE3=-0.574  TEE4=-0.498
rank= 45 Lx=Ly=22 pg= 0.840 ids= 301 TEE1=-0.663 TEE2=-0.773 TEE3=-0.744  TEE4=-0.715
rank=122 Lx=Ly=22 pg= 0.830 ids= 378 TEE1=-0.661 TEE2=-0.725 TEE3=-0.698  TEE4=-0.581
rank= 87 Lx=Ly=22 pg= 0.830 ids= 343 TEE1=-0.591 TEE2=-0.626 TEE3=-0.610  TEE4=-0.490
rank= 56 Lx=Ly=22 pg= 0.830 ids= 312 TEE1=-0.702 TEE2=-0.795 TEE3=-0.781  TEE4=-0.785
rank= 44 Lx=Ly=22 pg= 0.840 ids= 300 TEE1=-0.620 TEE2=-0.727 TEE3=-0.736  TEE4=-0.713
rank=  2 Lx=Ly=22 pg= 0.840 ids= 258 TEE1=-0.612 TEE2=-0.661 TEE3=-0.651  TEE4=-0.585
rank= 97 Lx=Ly=22 pg= 0.840 ids= 353 TEE1=-0.684 TEE2=-0.752 TEE3=-0.709  TEE4=-0.655
rank= 86 Lx=Ly=22 pg= 0.820 ids= 342 TEE1=-0.545 TEE2=-0.581 TEE3=-0.523  TEE4=-0.364
rank= 58 Lx=Ly=22 pg= 0.830 ids= 314 TEE1=-0.552 TEE2=-0.576 TEE3=-0.525  TEE4=-0.421
rank=109 Lx=Ly=22 pg= 0.830 ids= 365 TEE1=-0.554 TEE2=-0.591 TEE3=-0.554  TEE4=-0.390
rank= 80 Lx=Ly=22 pg= 0.820 ids= 336 TEE1=-0.545 TEE2=-0.583 TEE3=-0.529  TEE4=-0.419
rank= 24 Lx=Ly=22 pg= 0.830 ids= 280 TEE1=-0.554 TEE2=-0.603 TEE3=-0.502  TEE4=-0.353
rank= 37 Lx=Ly=22 pg= 0.840 ids= 293 TEE1=-0.624 TEE2=-0.731 TEE3=-0.707  TEE4=-0.661
rank= 84 Lx=Ly=22 pg= 0.820 ids= 340 TEE1=-0.599 TEE2=-0.692 TEE3=-0.671  TEE4=-0.667
rank= 33 Lx=Ly=22 pg= 0.840 ids= 289 TEE1=-0.630 TEE2=-0.709 TEE3=-0.680  TEE4=-0.607
rank= 71 Lx=Ly=22 pg= 0.840 ids= 327 TEE1=-0.667 TEE2=-0.669 TEE3=-0.638  TEE4=-0.543
rank= 46 Lx=Ly=22 pg= 0.840 ids= 302 TEE1=-0.707 TEE2=-0.791 TEE3=-0.775  TEE4=-0.707
rank= 94 Lx=Ly=22 pg= 0.820 ids= 350 TEE1=-0.612 TEE2=-0.655 TEE3=-0.628  TEE4=-0.535
rank= 73 Lx=Ly=22 pg= 0.830 ids= 329 TEE1=-0.657 TEE2=-0.705 TEE3=-0.676  TEE4=-0.612
rank= 39 Lx=Ly=22 pg= 0.840 ids= 295 TEE1=-0.603 TEE2=-0.616 TEE3=-0.558  TEE4=-0.492
rank= 59 Lx=Ly=22 pg= 0.830 ids= 315 TEE1=-0.607 TEE2=-0.638 TEE3=-0.612  TEE4=-0.521
rank= 50 Lx=Ly=22 pg= 0.830 ids= 306 TEE1=-0.562 TEE2=-0.595 TEE3=-0.560  TEE4=-0.452
rank=101 Lx=Ly=22 pg= 0.840 ids= 357 TEE1=-0.638 TEE2=-0.707 TEE3=-0.671  TEE4=-0.634
rank= 28 Lx=Ly=22 pg= 0.830 ids= 284 TEE1=-0.626 TEE2=-0.715 TEE3=-0.678  TEE4=-0.585
rank= 78 Lx=Ly=22 pg= 0.830 ids= 334 TEE1=-0.570 TEE2=-0.595 TEE3=-0.574  TEE4=-0.533
rank= 62 Lx=Ly=22 pg= 0.830 ids= 318 TEE1=-0.626 TEE2=-0.692 TEE3=-0.674  TEE4=-0.620
rank= 88 Lx=Ly=22 pg= 0.820 ids= 344 TEE1=-0.579 TEE2=-0.607 TEE3=-0.576  TEE4=-0.436
rank= 11 Lx=Ly=22 pg= 0.840 ids= 267 TEE1=-0.645 TEE2=-0.696 TEE3=-0.684  TEE4=-0.671
rank= 69 Lx=Ly=22 pg= 0.840 ids= 325 TEE1=-0.760 TEE2=-0.855 TEE3=-0.843  TEE4=-0.843
rank= 41 Lx=Ly=22 pg= 0.840 ids= 297 TEE1=-0.680 TEE2=-0.746 TEE3=-0.721  TEE4=-0.649
rank= 66 Lx=Ly=22 pg= 0.830 ids= 322 TEE1=-0.607 TEE2=-0.678 TEE3=-0.647  TEE4=-0.566
rank=119 Lx=Ly=22 pg= 0.830 ids= 375 TEE1=-0.562 TEE2=-0.537 TEE3=-0.473  TEE4=-0.341
rank=103 Lx=Ly=22 pg= 0.840 ids= 359 TEE1=-0.678 TEE2=-0.760 TEE3=-0.744  TEE4=-0.682
rank=107 Lx=Ly=22 pg= 0.840 ids= 363 TEE1=-0.669 TEE2=-0.723 TEE3=-0.705  TEE4=-0.647
rank= 60 Lx=Ly=22 pg= 0.830 ids= 316 TEE1=-0.579 TEE2=-0.603 TEE3=-0.564  TEE4=-0.362
rank= 52 Lx=Ly=22 pg= 0.830 ids= 308 TEE1=-0.657 TEE2=-0.711 TEE3=-0.692  TEE4=-0.643
rank= 19 Lx=Ly=22 pg= 0.830 ids= 275 TEE1=-0.603 TEE2=-0.661 TEE3=-0.630  TEE4=-0.539
rank= 25 Lx=Ly=22 pg= 0.840 ids= 281 TEE1=-0.653 TEE2=-0.707 TEE3=-0.661  TEE4=-0.605
rank=112 Lx=Ly=22 pg= 0.840 ids= 368 TEE1=-0.647 TEE2=-0.721 TEE3=-0.690  TEE4=-0.599
rank=110 Lx=Ly=22 pg= 0.840 ids= 366 TEE1=-0.682 TEE2=-0.806 TEE3=-0.800  TEE4=-0.787
rank= 89 Lx=Ly=22 pg= 0.830 ids= 345 TEE1=-0.576 TEE2=-0.618 TEE3=-0.585  TEE4=-0.469
rank= 51 Lx=Ly=22 pg= 0.840 ids= 307 TEE1=-0.630 TEE2=-0.663 TEE3=-0.616  TEE4=-0.529
rank= 81 Lx=Ly=22 pg= 0.830 ids= 337 TEE1=-0.622 TEE2=-0.632 TEE3=-0.570  TEE4=-0.486
rank= 85 Lx=Ly=22 pg= 0.830 ids= 341 TEE1=-0.645 TEE2=-0.738 TEE3=-0.686  TEE4=-0.601
rank= 20 Lx=Ly=22 pg= 0.830 ids= 276 TEE1=-0.581 TEE2=-0.597 TEE3=-0.562  TEE4=-0.415
rank=  3 Lx=Ly=22 pg= 0.850 ids= 259 TEE1=-0.713 TEE2=-0.777 TEE3=-0.742  TEE4=-0.700
rank= 47 Lx=Ly=22 pg= 0.840 ids= 303 TEE1=-0.707 TEE2=-0.802 TEE3=-0.791  TEE4=-0.791
rank= 43 Lx=Ly=22 pg= 0.840 ids= 299 TEE1=-0.605 TEE2=-0.678 TEE3=-0.676  TEE4=-0.628
rank= 23 Lx=Ly=22 pg= 0.830 ids= 279 TEE1=-0.628 TEE2=-0.721 TEE3=-0.657  TEE4=-0.562
rank=113 Lx=Ly=22 pg= 0.830 ids= 369 TEE1=-0.583 TEE2=-0.669 TEE3=-0.632  TEE4=-0.521
rank= 82 Lx=Ly=22 pg= 0.830 ids= 338 TEE1=-0.622 TEE2=-0.669 TEE3=-0.657  TEE4=-0.595
rank=106 Lx=Ly=22 pg= 0.840 ids= 362 TEE1=-0.682 TEE2=-0.756 TEE3=-0.740  TEE4=-0.694
rank= 77 Lx=Ly=22 pg= 0.830 ids= 333 TEE1=-0.624 TEE2=-0.692 TEE3=-0.669  TEE4=-0.622
rank=100 Lx=Ly=22 pg= 0.850 ids= 356 TEE1=-0.647 TEE2=-0.733 TEE3=-0.709  TEE4=-0.649
rank= 79 Lx=Ly=22 pg= 0.830 ids= 335 TEE1=-0.581 TEE2=-0.624 TEE3=-0.579  TEE4=-0.502
rank= 63 Lx=Ly=22 pg= 0.830 ids= 319 TEE1=-0.595 TEE2=-0.657 TEE3=-0.610  TEE4=-0.543
rank=  6 Lx=Ly=22 pg= 0.840 ids= 262 TEE1=-0.674 TEE2=-0.713 TEE3=-0.657  TEE4=-0.603
rank= 68 Lx=Ly=22 pg= 0.830 ids= 324 TEE1=-0.663 TEE2=-0.795 TEE3=-0.802  TEE4=-0.785
rank= 54 Lx=Ly=22 pg= 0.830 ids= 310 TEE1=-0.587 TEE2=-0.640 TEE3=-0.622  TEE4=-0.572
rank=120 Lx=Ly=22 pg= 0.830 ids= 376 TEE1=-0.690 TEE2=-0.779 TEE3=-0.777  TEE4=-0.767
rank= 92 Lx=Ly=22 pg= 0.820 ids= 348 TEE1=-0.616 TEE2=-0.709 TEE3=-0.674  TEE4=-0.568
rank= 17 Lx=Ly=22 pg= 0.830 ids= 273 TEE1=-0.678 TEE2=-0.723 TEE3=-0.678  TEE4=-0.638
rank= 90 Lx=Ly=22 pg= 0.820 ids= 346 TEE1=-0.517 TEE2=-0.537 TEE3=-0.483  TEE4=-0.428
rank= 70 Lx=Ly=22 pg= 0.830 ids= 326 TEE1=-0.599 TEE2=-0.638 TEE3=-0.616  TEE4=-0.543
rank= 38 Lx=Ly=22 pg= 0.840 ids= 294 TEE1=-0.607 TEE2=-0.690 TEE3=-0.655  TEE4=-0.570
rank= 15 Lx=Ly=22 pg= 0.840 ids= 271 TEE1=-0.589 TEE2=-0.585 TEE3=-0.523  TEE4=-0.374
rank= 61 Lx=Ly=22 pg= 0.830 ids= 317 TEE1=-0.579 TEE2=-0.605 TEE3=-0.562  TEE4=-0.490
rank=121 Lx=Ly=22 pg= 0.840 ids= 377 TEE1=-0.628 TEE2=-0.736 TEE3=-0.721  TEE4=-0.717
rank= 12 Lx=Ly=22 pg= 0.850 ids= 268 TEE1=-0.742 TEE2=-0.820 TEE3=-0.775  TEE4=-0.762
rank=127 Lx=Ly=22 pg= 0.840 ids= 383 TEE1=-0.634 TEE2=-0.725 TEE3=-0.702  TEE4=-0.688
rank= 49 Lx=Ly=22 pg= 0.840 ids= 305 TEE1=-0.688 TEE2=-0.740 TEE3=-0.715  TEE4=-0.607
rank=104 Lx=Ly=22 pg= 0.840 ids= 360 TEE1=-0.750 TEE2=-0.882 TEE3=-0.888  TEE4=-0.866
rank=116 Lx=Ly=22 pg= 0.840 ids= 372 TEE1=-0.707 TEE2=-0.781 TEE3=-0.769  TEE4=-0.738
rank= 31 Lx=Ly=22 pg= 0.840 ids= 287 TEE1=-0.612 TEE2=-0.622 TEE3=-0.552  TEE4=-0.463
rank= 35 Lx=Ly=22 pg= 0.850 ids= 291 TEE1=-0.692 TEE2=-0.779 TEE3=-0.762  TEE4=-0.752
rank=  8 Lx=Ly=22 pg= 0.850 ids= 264 TEE1=-0.667 TEE2=-0.752 TEE3=-0.729  TEE4=-0.723
rank= 16 Lx=Ly=22 pg= 0.830 ids= 272 TEE1=-0.667 TEE2=-0.719 TEE3=-0.690  TEE4=-0.645
rank= 13 Lx=Ly=22 pg= 0.840 ids= 269 TEE1=-0.587 TEE2=-0.665 TEE3=-0.626  TEE4=-0.605
rank=  9 Lx=Ly=22 pg= 0.840 ids= 265 TEE1=-0.665 TEE2=-0.692 TEE3=-0.653  TEE4=-0.605
rank= 72 Lx=Ly=22 pg= 0.830 ids= 328 TEE1=-0.599 TEE2=-0.647 TEE3=-0.591  TEE4=-0.498
rank=  4 Lx=Ly=22 pg= 0.840 ids= 260 TEE1=-0.640 TEE2=-0.707 TEE3=-0.680  TEE4=-0.620
rank= 14 Lx=Ly=22 pg= 0.850 ids= 270 TEE1=-0.674 TEE2=-0.769 TEE3=-0.736  TEE4=-0.709
rank=102 Lx=Ly=22 pg= 0.850 ids= 358 TEE1=-0.707 TEE2=-0.764 TEE3=-0.719  TEE4=-0.657
rank= 27 Lx=Ly=22 pg= 0.840 ids= 283 TEE1=-0.643 TEE2=-0.715 TEE3=-0.686  TEE4=-0.599
rank= 30 Lx=Ly=22 pg= 0.840 ids= 286 TEE1=-0.696 TEE2=-0.771 TEE3=-0.758  TEE4=-0.723
rank= 21 Lx=Ly=22 pg= 0.830 ids= 277 TEE1=-0.705 TEE2=-0.804 TEE3=-0.802  TEE4=-0.783
rank= 22 Lx=Ly=22 pg= 0.830 ids= 278 TEE1=-0.543 TEE2=-0.579 TEE3=-0.554  TEE4=-0.409
rank= 76 Lx=Ly=22 pg= 0.830 ids= 332 TEE1=-0.620 TEE2=-0.684 TEE3=-0.661  TEE4=-0.593
rank= 93 Lx=Ly=22 pg= 0.830 ids= 349 TEE1=-0.541 TEE2=-0.595 TEE3=-0.533  TEE4=-0.405
rank=115 Lx=Ly=22 pg= 0.830 ids= 371 TEE1=-0.669 TEE2=-0.738 TEE3=-0.667  TEE4=-0.568
rank=117 Lx=Ly=22 pg= 0.830 ids= 373 TEE1=-0.595 TEE2=-0.620 TEE3=-0.562  TEE4=-0.471
rank=  0 Lx=Ly=22 pg= 0.840 ids= 256 TEE1=-0.709 TEE2=-0.822 TEE3=-0.820  TEE4=-0.800
rank= 65 Lx=Ly=22 pg= 0.850 ids= 321 TEE1=-0.622 TEE2=-0.682 TEE3=-0.657  TEE4=-0.628
rank=124 Lx=Ly=22 pg= 0.830 ids= 380 TEE1=-0.614 TEE2=-0.620 TEE3=-0.572  TEE4=-0.457
rank=108 Lx=Ly=22 pg= 0.840 ids= 364 TEE1=-0.610 TEE2=-0.667 TEE3=-0.647  TEE4=-0.583
rank= 91 Lx=Ly=22 pg= 0.830 ids= 347 TEE1=-0.589 TEE2=-0.632 TEE3=-0.568  TEE4=-0.469
rank=125 Lx=Ly=22 pg= 0.840 ids= 381 TEE1=-0.744 TEE2=-0.835 TEE3=-0.804  TEE4=-0.760
rank=126 Lx=Ly=22 pg= 0.830 ids= 382 TEE1=-0.612 TEE2=-0.634 TEE3=-0.597  TEE4=-0.523
rank= 98 Lx=Ly=22 pg= 0.850 ids= 354 TEE1=-0.696 TEE2=-0.802 TEE3=-0.779  TEE4=-0.791
rank= 32 Lx=Ly=22 pg= 0.840 ids= 288 TEE1=-0.655 TEE2=-0.659 TEE3=-0.622  TEE4=-0.574
rank=118 Lx=Ly=22 pg= 0.840 ids= 374 TEE1=-0.661 TEE2=-0.731 TEE3=-0.727  TEE4=-0.690
rank= 29 Lx=Ly=22 pg= 0.840 ids= 285 TEE1=-0.667 TEE2=-0.729 TEE3=-0.719  TEE4=-0.657
rank= 83 Lx=Ly=22 pg= 0.840 ids= 339 TEE1=-0.684 TEE2=-0.748 TEE3=-0.733  TEE4=-0.696
rank= 34 Lx=Ly=22 pg= 0.840 ids= 290 TEE1=-0.686 TEE2=-0.702 TEE3=-0.678  TEE4=-0.601
rank= 99 Lx=Ly=22 pg= 0.850 ids= 355 TEE1=-0.690 TEE2=-0.785 TEE3=-0.777  TEE4=-0.752
rank= 42 Lx=Ly=22 pg= 0.850 ids= 298 TEE1=-0.696 TEE2=-0.785 TEE3=-0.758  TEE4=-0.719
rank= 18 Lx=Ly=22 pg= 0.830 ids= 274 TEE1=-0.667 TEE2=-0.754 TEE3=-0.717  TEE4=-0.620
rank= 40 Lx=Ly=22 pg= 0.850 ids= 296 TEE1=-0.676 TEE2=-0.785 TEE3=-0.791  TEE4=-0.802
rank=123 Lx=Ly=22 pg= 0.840 ids= 379 TEE1=-0.616 TEE2=-0.707 TEE3=-0.690  TEE4=-0.614
rank= 36 Lx=Ly=22 pg= 0.840 ids= 292 TEE1=-0.694 TEE2=-0.789 TEE3=-0.773  TEE4=-0.748
rank= 10 Lx=Ly=22 pg= 0.850 ids= 266 TEE1=-0.709 TEE2=-0.777 TEE3=-0.750  TEE4=-0.744
rank= 64 Lx=Ly=22 pg= 0.840 ids= 320 TEE1=-0.640 TEE2=-0.700 TEE3=-0.659  TEE4=-0.564
rank=105 Lx=Ly=22 pg= 0.840 ids= 361 TEE1=-0.705 TEE2=-0.810 TEE3=-0.804  TEE4=-0.744
rank= 96 Lx=Ly=22 pg= 0.850 ids= 352 TEE1=-0.707 TEE2=-0.781 TEE3=-0.787  TEE4=-0.752
rank=114 Lx=Ly=22 pg= 0.840 ids= 370 TEE1=-0.647 TEE2=-0.717 TEE3=-0.684  TEE4=-0.624
rank= 26 Lx=Ly=22 pg= 0.840 ids= 282 TEE1=-0.694 TEE2=-0.752 TEE3=-0.750  TEE4=-0.746
rank=  5 Lx=Ly=22 pg= 0.850 ids= 261 TEE1=-0.727 TEE2=-0.862 TEE3=-0.864  TEE4=-0.884
rank= 48 Lx=Ly=22 pg= 0.840 ids= 304 TEE1=-0.692 TEE2=-0.715 TEE3=-0.665  TEE4=-0.562
rank= 67 Lx=Ly=22 pg= 0.850 ids= 323 TEE1=-0.717 TEE2=-0.791 TEE3=-0.795  TEE4=-0.781
rank=  1 Lx=Ly=22 pg= 0.850 ids= 257 TEE1=-0.719 TEE2=-0.829 TEE3=-0.835  TEE4=-0.884
rank=111 Lx=Ly=22 pg= 0.840 ids= 367 TEE1=-0.686 TEE2=-0.748 TEE3=-0.721  TEE4=-0.698
rank=  7 Lx=Ly=22 pg= 0.850 ids= 263 TEE1=-0.651 TEE2=-0.719 TEE3=-0.690  TEE4=-0.645
rank= 75 Lx=Ly=22 pg= 0.840 ids= 331 TEE1=-0.564 TEE2=-0.618 TEE3=-0.589  TEE4=-0.481
rank= 57 Lx=Ly=22 pg= 0.840 ids= 313 TEE1=-0.680 TEE2=-0.744 TEE3=-0.729  TEE4=-0.680
rank= 74 Lx=Ly=22 pg= 0.840 ids= 330 TEE1=-0.576 TEE2=-0.636 TEE3=-0.616  TEE4=-0.514
rank= 45 Lx=Ly=22 pg= 0.850 ids= 301 TEE1=-0.729 TEE2=-0.787 TEE3=-0.758  TEE4=-0.694
rank= 53 Lx=Ly=22 pg= 0.840 ids= 309 TEE1=-0.684 TEE2=-0.767 TEE3=-0.729  TEE4=-0.692
rank= 95 Lx=Ly=22 pg= 0.830 ids= 351 TEE1=-0.539 TEE2=-0.543 TEE3=-0.496  TEE4=-0.417
rank=  2 Lx=Ly=22 pg= 0.850 ids= 258 TEE1=-0.645 TEE2=-0.717 TEE3=-0.715  TEE4=-0.694
rank= 44 Lx=Ly=22 pg= 0.850 ids= 300 TEE1=-0.671 TEE2=-0.719 TEE3=-0.700  TEE4=-0.684
rank=122 Lx=Ly=22 pg= 0.840 ids= 378 TEE1=-0.665 TEE2=-0.746 TEE3=-0.727  TEE4=-0.632
rank= 55 Lx=Ly=22 pg= 0.840 ids= 311 TEE1=-0.700 TEE2=-0.789 TEE3=-0.767  TEE4=-0.715
rank= 87 Lx=Ly=22 pg= 0.840 ids= 343 TEE1=-0.636 TEE2=-0.688 TEE3=-0.651  TEE4=-0.585
rank= 97 Lx=Ly=22 pg= 0.850 ids= 353 TEE1=-0.688 TEE2=-0.783 TEE3=-0.769  TEE4=-0.758
rank= 56 Lx=Ly=22 pg= 0.840 ids= 312 TEE1=-0.657 TEE2=-0.744 TEE3=-0.721  TEE4=-0.665
rank= 58 Lx=Ly=22 pg= 0.840 ids= 314 TEE1=-0.634 TEE2=-0.684 TEE3=-0.667  TEE4=-0.558
rank=109 Lx=Ly=22 pg= 0.840 ids= 365 TEE1=-0.733 TEE2=-0.831 TEE3=-0.810  TEE4=-0.839
rank= 86 Lx=Ly=22 pg= 0.830 ids= 342 TEE1=-0.690 TEE2=-0.808 TEE3=-0.783  TEE4=-0.738
rank= 80 Lx=Ly=22 pg= 0.830 ids= 336 TEE1=-0.601 TEE2=-0.636 TEE3=-0.605  TEE4=-0.552
rank= 37 Lx=Ly=22 pg= 0.850 ids= 293 TEE1=-0.725 TEE2=-0.771 TEE3=-0.754  TEE4=-0.686
rank= 24 Lx=Ly=22 pg= 0.840 ids= 280 TEE1=-0.605 TEE2=-0.640 TEE3=-0.632  TEE4=-0.597
rank= 46 Lx=Ly=22 pg= 0.850 ids= 302 TEE1=-0.640 TEE2=-0.711 TEE3=-0.692  TEE4=-0.626
rank= 33 Lx=Ly=22 pg= 0.850 ids= 289 TEE1=-0.715 TEE2=-0.760 TEE3=-0.742  TEE4=-0.705
rank= 71 Lx=Ly=22 pg= 0.850 ids= 327 TEE1=-0.665 TEE2=-0.793 TEE3=-0.800  TEE4=-0.789
rank= 73 Lx=Ly=22 pg= 0.840 ids= 329 TEE1=-0.671 TEE2=-0.707 TEE3=-0.674  TEE4=-0.634
rank= 39 Lx=Ly=22 pg= 0.850 ids= 295 TEE1=-0.711 TEE2=-0.831 TEE3=-0.804  TEE4=-0.802
rank= 59 Lx=Ly=22 pg= 0.840 ids= 315 TEE1=-0.669 TEE2=-0.777 TEE3=-0.740  TEE4=-0.748
rank= 84 Lx=Ly=22 pg= 0.830 ids= 340 TEE1=-0.514 TEE2=-0.539 TEE3=-0.475  TEE4=-0.386
rank= 50 Lx=Ly=22 pg= 0.840 ids= 306 TEE1=-0.680 TEE2=-0.750 TEE3=-0.738  TEE4=-0.713
rank= 94 Lx=Ly=22 pg= 0.830 ids= 350 TEE1=-0.636 TEE2=-0.717 TEE3=-0.694  TEE4=-0.645
rank=101 Lx=Ly=22 pg= 0.850 ids= 357 TEE1=-0.736 TEE2=-0.806 TEE3=-0.795  TEE4=-0.787
rank= 28 Lx=Ly=22 pg= 0.840 ids= 284 TEE1=-0.684 TEE2=-0.740 TEE3=-0.698  TEE4=-0.647
rank= 11 Lx=Ly=22 pg= 0.850 ids= 267 TEE1=-0.669 TEE2=-0.758 TEE3=-0.725  TEE4=-0.663
rank= 78 Lx=Ly=22 pg= 0.840 ids= 334 TEE1=-0.657 TEE2=-0.738 TEE3=-0.731  TEE4=-0.682
rank= 62 Lx=Ly=22 pg= 0.840 ids= 318 TEE1=-0.659 TEE2=-0.736 TEE3=-0.731  TEE4=-0.638
rank= 41 Lx=Ly=22 pg= 0.850 ids= 297 TEE1=-0.713 TEE2=-0.814 TEE3=-0.806  TEE4=-0.781
rank= 69 Lx=Ly=22 pg= 0.850 ids= 325 TEE1=-0.682 TEE2=-0.779 TEE3=-0.773  TEE4=-0.746
rank= 88 Lx=Ly=22 pg= 0.830 ids= 344 TEE1=-0.556 TEE2=-0.618 TEE3=-0.541  TEE4=-0.407
rank= 66 Lx=Ly=22 pg= 0.840 ids= 322 TEE1=-0.599 TEE2=-0.661 TEE3=-0.628  TEE4=-0.533
rank=119 Lx=Ly=22 pg= 0.840 ids= 375 TEE1=-0.678 TEE2=-0.692 TEE3=-0.667  TEE4=-0.620
rank=103 Lx=Ly=22 pg= 0.850 ids= 359 TEE1=-0.669 TEE2=-0.785 TEE3=-0.758  TEE4=-0.767
rank=107 Lx=Ly=22 pg= 0.850 ids= 363 TEE1=-0.684 TEE2=-0.771 TEE3=-0.752  TEE4=-0.740
rank= 52 Lx=Ly=22 pg= 0.840 ids= 308 TEE1=-0.694 TEE2=-0.822 TEE3=-0.829  TEE4=-0.818
rank= 19 Lx=Ly=22 pg= 0.840 ids= 275 TEE1=-0.638 TEE2=-0.663 TEE3=-0.614  TEE4=-0.548
rank= 60 Lx=Ly=22 pg= 0.840 ids= 316 TEE1=-0.597 TEE2=-0.636 TEE3=-0.607  TEE4=-0.568
rank= 25 Lx=Ly=22 pg= 0.850 ids= 281 TEE1=-0.707 TEE2=-0.791 TEE3=-0.789  TEE4=-0.791
rank=112 Lx=Ly=22 pg= 0.850 ids= 368 TEE1=-0.622 TEE2=-0.707 TEE3=-0.692  TEE4=-0.638
rank=110 Lx=Ly=22 pg= 0.850 ids= 366 TEE1=-0.783 TEE2=-0.903 TEE3=-0.907  TEE4=-0.928
rank= 51 Lx=Ly=22 pg= 0.850 ids= 307 TEE1=-0.665 TEE2=-0.767 TEE3=-0.746  TEE4=-0.727
rank= 89 Lx=Ly=22 pg= 0.840 ids= 345 TEE1=-0.657 TEE2=-0.750 TEE3=-0.733  TEE4=-0.707
rank=  3 Lx=Ly=22 pg= 0.860 ids= 259 TEE1=-0.746 TEE2=-0.872 TEE3=-0.874  TEE4=-0.886
rank= 81 Lx=Ly=22 pg= 0.840 ids= 337 TEE1=-0.667 TEE2=-0.758 TEE3=-0.738  TEE4=-0.686
rank= 43 Lx=Ly=22 pg= 0.850 ids= 299 TEE1=-0.760 TEE2=-0.816 TEE3=-0.798  TEE4=-0.756
rank= 20 Lx=Ly=22 pg= 0.840 ids= 276 TEE1=-0.645 TEE2=-0.694 TEE3=-0.647  TEE4=-0.574
rank= 47 Lx=Ly=22 pg= 0.850 ids= 303 TEE1=-0.705 TEE2=-0.781 TEE3=-0.760  TEE4=-0.729
rank= 85 Lx=Ly=22 pg= 0.840 ids= 341 TEE1=-0.700 TEE2=-0.785 TEE3=-0.764  TEE4=-0.696
rank=113 Lx=Ly=22 pg= 0.840 ids= 369 TEE1=-0.661 TEE2=-0.750 TEE3=-0.740  TEE4=-0.700
rank= 23 Lx=Ly=22 pg= 0.840 ids= 279 TEE1=-0.694 TEE2=-0.810 TEE3=-0.808  TEE4=-0.810
rank=100 Lx=Ly=22 pg= 0.860 ids= 356 TEE1=-0.659 TEE2=-0.709 TEE3=-0.659  TEE4=-0.558
rank=106 Lx=Ly=22 pg= 0.850 ids= 362 TEE1=-0.694 TEE2=-0.750 TEE3=-0.729  TEE4=-0.682
rank=  6 Lx=Ly=22 pg= 0.850 ids= 262 TEE1=-0.688 TEE2=-0.826 TEE3=-0.816  TEE4=-0.773
rank= 82 Lx=Ly=22 pg= 0.840 ids= 338 TEE1=-0.618 TEE2=-0.680 TEE3=-0.647  TEE4=-0.612
rank= 77 Lx=Ly=22 pg= 0.840 ids= 333 TEE1=-0.618 TEE2=-0.651 TEE3=-0.632  TEE4=-0.574
rank= 63 Lx=Ly=22 pg= 0.840 ids= 319 TEE1=-0.688 TEE2=-0.795 TEE3=-0.777  TEE4=-0.752
rank= 79 Lx=Ly=22 pg= 0.840 ids= 335 TEE1=-0.612 TEE2=-0.692 TEE3=-0.651  TEE4=-0.537
rank= 54 Lx=Ly=22 pg= 0.840 ids= 310 TEE1=-0.651 TEE2=-0.682 TEE3=-0.632  TEE4=-0.554
rank=120 Lx=Ly=22 pg= 0.840 ids= 376 TEE1=-0.618 TEE2=-0.659 TEE3=-0.614  TEE4=-0.558
rank= 68 Lx=Ly=22 pg= 0.840 ids= 324 TEE1=-0.742 TEE2=-0.793 TEE3=-0.775  TEE4=-0.752
rank= 15 Lx=Ly=22 pg= 0.850 ids= 271 TEE1=-0.729 TEE2=-0.831 TEE3=-0.824  TEE4=-0.841
rank= 17 Lx=Ly=22 pg= 0.840 ids= 273 TEE1=-0.630 TEE2=-0.711 TEE3=-0.702  TEE4=-0.607
rank= 92 Lx=Ly=22 pg= 0.830 ids= 348 TEE1=-0.605 TEE2=-0.634 TEE3=-0.601  TEE4=-0.550
rank= 38 Lx=Ly=22 pg= 0.850 ids= 294 TEE1=-0.618 TEE2=-0.674 TEE3=-0.667  TEE4=-0.643
rank= 61 Lx=Ly=22 pg= 0.840 ids= 317 TEE1=-0.634 TEE2=-0.702 TEE3=-0.692  TEE4=-0.612
rank= 70 Lx=Ly=22 pg= 0.840 ids= 326 TEE1=-0.649 TEE2=-0.707 TEE3=-0.676  TEE4=-0.587
rank= 90 Lx=Ly=22 pg= 0.830 ids= 346 TEE1=-0.632 TEE2=-0.661 TEE3=-0.620  TEE4=-0.560
rank= 12 Lx=Ly=22 pg= 0.860 ids= 268 TEE1=-0.709 TEE2=-0.816 TEE3=-0.804  TEE4=-0.754
rank=121 Lx=Ly=22 pg= 0.850 ids= 377 TEE1=-0.696 TEE2=-0.789 TEE3=-0.781  TEE4=-0.752
rank= 49 Lx=Ly=22 pg= 0.850 ids= 305 TEE1=-0.725 TEE2=-0.826 TEE3=-0.808  TEE4=-0.839
rank=127 Lx=Ly=22 pg= 0.850 ids= 383 TEE1=-0.655 TEE2=-0.671 TEE3=-0.663  TEE4=-0.607
rank=104 Lx=Ly=22 pg= 0.850 ids= 360 TEE1=-0.715 TEE2=-0.818 TEE3=-0.818  TEE4=-0.820
rank=116 Lx=Ly=22 pg= 0.850 ids= 372 TEE1=-0.610 TEE2=-0.636 TEE3=-0.585  TEE4=-0.556
rank= 35 Lx=Ly=22 pg= 0.860 ids= 291 TEE1=-0.771 TEE2=-0.851 TEE3=-0.826  TEE4=-0.812
rank= 31 Lx=Ly=22 pg= 0.850 ids= 287 TEE1=-0.713 TEE2=-0.756 TEE3=-0.740  TEE4=-0.705
rank=  8 Lx=Ly=22 pg= 0.860 ids= 264 TEE1=-0.736 TEE2=-0.839 TEE3=-0.806  TEE4=-0.802
rank= 13 Lx=Ly=22 pg= 0.850 ids= 269 TEE1=-0.719 TEE2=-0.785 TEE3=-0.789  TEE4=-0.789
rank=  9 Lx=Ly=22 pg= 0.850 ids= 265 TEE1=-0.661 TEE2=-0.756 TEE3=-0.725  TEE4=-0.705
rank= 16 Lx=Ly=22 pg= 0.840 ids= 272 TEE1=-0.715 TEE2=-0.824 TEE3=-0.826  TEE4=-0.826
rank=  4 Lx=Ly=22 pg= 0.850 ids= 260 TEE1=-0.651 TEE2=-0.779 TEE3=-0.769  TEE4=-0.729
rank=102 Lx=Ly=22 pg= 0.860 ids= 358 TEE1=-0.775 TEE2=-0.866 TEE3=-0.843  TEE4=-0.833
rank= 14 Lx=Ly=22 pg= 0.860 ids= 270 TEE1=-0.748 TEE2=-0.843 TEE3=-0.841  TEE4=-0.806
rank= 30 Lx=Ly=22 pg= 0.850 ids= 286 TEE1=-0.634 TEE2=-0.711 TEE3=-0.694  TEE4=-0.618
rank= 72 Lx=Ly=22 pg= 0.840 ids= 328 TEE1=-0.659 TEE2=-0.686 TEE3=-0.671  TEE4=-0.655
rank= 27 Lx=Ly=22 pg= 0.850 ids= 283 TEE1=-0.616 TEE2=-0.661 TEE3=-0.634  TEE4=-0.597
rank= 21 Lx=Ly=22 pg= 0.840 ids= 277 TEE1=-0.653 TEE2=-0.696 TEE3=-0.674  TEE4=-0.653
rank= 22 Lx=Ly=22 pg= 0.840 ids= 278 TEE1=-0.638 TEE2=-0.700 TEE3=-0.671  TEE4=-0.581
rank=  0 Lx=Ly=22 pg= 0.850 ids= 256 TEE1=-0.659 TEE2=-0.717 TEE3=-0.682  TEE4=-0.626
rank= 93 Lx=Ly=22 pg= 0.840 ids= 349 TEE1=-0.682 TEE2=-0.773 TEE3=-0.756  TEE4=-0.727
rank= 76 Lx=Ly=22 pg= 0.840 ids= 332 TEE1=-0.686 TEE2=-0.736 TEE3=-0.688  TEE4=-0.653
rank=115 Lx=Ly=22 pg= 0.840 ids= 371 TEE1=-0.684 TEE2=-0.810 TEE3=-0.791  TEE4=-0.760
rank=117 Lx=Ly=22 pg= 0.840 ids= 373 TEE1=-0.647 TEE2=-0.698 TEE3=-0.653  TEE4=-0.541
rank= 65 Lx=Ly=22 pg= 0.860 ids= 321 TEE1=-0.682 TEE2=-0.760 TEE3=-0.742  TEE4=-0.707
rank=108 Lx=Ly=22 pg= 0.850 ids= 364 TEE1=-0.694 TEE2=-0.764 TEE3=-0.742  TEE4=-0.698
rank=124 Lx=Ly=22 pg= 0.840 ids= 380 TEE1=-0.601 TEE2=-0.618 TEE3=-0.587  TEE4=-0.531
rank= 98 Lx=Ly=22 pg= 0.860 ids= 354 TEE1=-0.756 TEE2=-0.853 TEE3=-0.849  TEE4=-0.855
rank= 91 Lx=Ly=22 pg= 0.840 ids= 347 TEE1=-0.676 TEE2=-0.783 TEE3=-0.767  TEE4=-0.746
rank=125 Lx=Ly=22 pg= 0.850 ids= 381 TEE1=-0.659 TEE2=-0.750 TEE3=-0.750  TEE4=-0.733
rank=126 Lx=Ly=22 pg= 0.840 ids= 382 TEE1=-0.657 TEE2=-0.717 TEE3=-0.676  TEE4=-0.643
rank= 32 Lx=Ly=22 pg= 0.850 ids= 288 TEE1=-0.729 TEE2=-0.851 TEE3=-0.831  TEE4=-0.843
rank=118 Lx=Ly=22 pg= 0.850 ids= 374 TEE1=-0.680 TEE2=-0.814 TEE3=-0.820  TEE4=-0.798
rank= 29 Lx=Ly=22 pg= 0.850 ids= 285 TEE1=-0.705 TEE2=-0.733 TEE3=-0.707  TEE4=-0.669
rank= 99 Lx=Ly=22 pg= 0.860 ids= 355 TEE1=-0.758 TEE2=-0.843 TEE3=-0.843  TEE4=-0.814
rank= 34 Lx=Ly=22 pg= 0.850 ids= 290 TEE1=-0.674 TEE2=-0.750 TEE3=-0.719  TEE4=-0.643
rank= 83 Lx=Ly=22 pg= 0.850 ids= 339 TEE1=-0.721 TEE2=-0.810 TEE3=-0.795  TEE4=-0.814
rank= 42 Lx=Ly=22 pg= 0.860 ids= 298 TEE1=-0.684 TEE2=-0.777 TEE3=-0.742  TEE4=-0.696
rank= 40 Lx=Ly=22 pg= 0.860 ids= 296 TEE1=-0.738 TEE2=-0.849 TEE3=-0.864  TEE4=-0.872
rank= 18 Lx=Ly=22 pg= 0.840 ids= 274 TEE1=-0.597 TEE2=-0.640 TEE3=-0.605  TEE4=-0.517
rank= 10 Lx=Ly=22 pg= 0.860 ids= 266 TEE1=-0.692 TEE2=-0.781 TEE3=-0.758  TEE4=-0.709
rank= 36 Lx=Ly=22 pg= 0.850 ids= 292 TEE1=-0.705 TEE2=-0.744 TEE3=-0.711  TEE4=-0.680
rank=123 Lx=Ly=22 pg= 0.850 ids= 379 TEE1=-0.721 TEE2=-0.812 TEE3=-0.789  TEE4=-0.756
rank= 64 Lx=Ly=22 pg= 0.850 ids= 320 TEE1=-0.707 TEE2=-0.814 TEE3=-0.814  TEE4=-0.843
rank= 96 Lx=Ly=22 pg= 0.860 ids= 352 TEE1=-0.777 TEE2=-0.870 TEE3=-0.876  TEE4=-0.864
rank=105 Lx=Ly=22 pg= 0.850 ids= 361 TEE1=-0.715 TEE2=-0.802 TEE3=-0.781  TEE4=-0.789
rank= 26 Lx=Ly=22 pg= 0.850 ids= 282 TEE1=-0.634 TEE2=-0.698 TEE3=-0.667  TEE4=-0.659
rank=114 Lx=Ly=22 pg= 0.850 ids= 370 TEE1=-0.740 TEE2=-0.781 TEE3=-0.748  TEE4=-0.671
rank= 48 Lx=Ly=22 pg= 0.850 ids= 304 TEE1=-0.568 TEE2=-0.632 TEE3=-0.597  TEE4=-0.583
rank=  5 Lx=Ly=22 pg= 0.860 ids= 261 TEE1=-0.707 TEE2=-0.793 TEE3=-0.781  TEE4=-0.762
rank= 67 Lx=Ly=22 pg= 0.860 ids= 323 TEE1=-0.717 TEE2=-0.824 TEE3=-0.816  TEE4=-0.802
rank=  1 Lx=Ly=22 pg= 0.860 ids= 257 TEE1=-0.779 TEE2=-0.866 TEE3=-0.866  TEE4=-0.888
rank=111 Lx=Ly=22 pg= 0.850 ids= 367 TEE1=-0.804 TEE2=-0.907 TEE3=-0.913  TEE4=-0.921
rank=  7 Lx=Ly=22 pg= 0.860 ids= 263 TEE1=-0.717 TEE2=-0.814 TEE3=-0.804  TEE4=-0.781
rank= 75 Lx=Ly=22 pg= 0.850 ids= 331 TEE1=-0.605 TEE2=-0.707 TEE3=-0.686  TEE4=-0.676
rank= 57 Lx=Ly=22 pg= 0.850 ids= 313 TEE1=-0.698 TEE2=-0.795 TEE3=-0.800  TEE4=-0.804
rank= 45 Lx=Ly=22 pg= 0.860 ids= 301 TEE1=-0.717 TEE2=-0.810 TEE3=-0.787  TEE4=-0.767
rank= 74 Lx=Ly=22 pg= 0.850 ids= 330 TEE1=-0.727 TEE2=-0.816 TEE3=-0.812  TEE4=-0.816
rank=  2 Lx=Ly=22 pg= 0.860 ids= 258 TEE1=-0.769 TEE2=-0.864 TEE3=-0.853  TEE4=-0.845
rank= 44 Lx=Ly=22 pg= 0.860 ids= 300 TEE1=-0.709 TEE2=-0.773 TEE3=-0.773  TEE4=-0.740
rank= 53 Lx=Ly=22 pg= 0.850 ids= 309 TEE1=-0.632 TEE2=-0.736 TEE3=-0.727  TEE4=-0.690
rank=122 Lx=Ly=22 pg= 0.850 ids= 378 TEE1=-0.638 TEE2=-0.729 TEE3=-0.707  TEE4=-0.649
rank= 95 Lx=Ly=22 pg= 0.840 ids= 351 TEE1=-0.620 TEE2=-0.671 TEE3=-0.622  TEE4=-0.514
rank= 55 Lx=Ly=22 pg= 0.850 ids= 311 TEE1=-0.731 TEE2=-0.800 TEE3=-0.779  TEE4=-0.791
rank= 97 Lx=Ly=22 pg= 0.860 ids= 353 TEE1=-0.754 TEE2=-0.826 TEE3=-0.822  TEE4=-0.775
rank= 56 Lx=Ly=22 pg= 0.850 ids= 312 TEE1=-0.707 TEE2=-0.773 TEE3=-0.754  TEE4=-0.711
rank= 87 Lx=Ly=22 pg= 0.850 ids= 343 TEE1=-0.731 TEE2=-0.849 TEE3=-0.847  TEE4=-0.820
rank= 58 Lx=Ly=22 pg= 0.850 ids= 314 TEE1=-0.713 TEE2=-0.771 TEE3=-0.748  TEE4=-0.676
rank=109 Lx=Ly=22 pg= 0.850 ids= 365 TEE1=-0.711 TEE2=-0.808 TEE3=-0.818  TEE4=-0.866
rank= 86 Lx=Ly=22 pg= 0.840 ids= 342 TEE1=-0.628 TEE2=-0.711 TEE3=-0.671  TEE4=-0.576
rank= 37 Lx=Ly=22 pg= 0.860 ids= 293 TEE1=-0.764 TEE2=-0.818 TEE3=-0.806  TEE4=-0.767
rank= 24 Lx=Ly=22 pg= 0.850 ids= 280 TEE1=-0.702 TEE2=-0.810 TEE3=-0.818  TEE4=-0.798
rank= 46 Lx=Ly=22 pg= 0.860 ids= 302 TEE1=-0.680 TEE2=-0.729 TEE3=-0.692  TEE4=-0.583
rank= 80 Lx=Ly=22 pg= 0.840 ids= 336 TEE1=-0.727 TEE2=-0.771 TEE3=-0.746  TEE4=-0.713
rank= 33 Lx=Ly=22 pg= 0.860 ids= 289 TEE1=-0.750 TEE2=-0.857 TEE3=-0.862  TEE4=-0.903
rank= 71 Lx=Ly=22 pg= 0.860 ids= 327 TEE1=-0.733 TEE2=-0.816 TEE3=-0.824  TEE4=-0.870
rank= 73 Lx=Ly=22 pg= 0.850 ids= 329 TEE1=-0.669 TEE2=-0.760 TEE3=-0.750  TEE4=-0.696
rank= 39 Lx=Ly=22 pg= 0.860 ids= 295 TEE1=-0.663 TEE2=-0.777 TEE3=-0.758  TEE4=-0.742
rank= 59 Lx=Ly=22 pg= 0.850 ids= 315 TEE1=-0.640 TEE2=-0.746 TEE3=-0.740  TEE4=-0.767
rank= 50 Lx=Ly=22 pg= 0.850 ids= 306 TEE1=-0.667 TEE2=-0.760 TEE3=-0.729  TEE4=-0.655
rank=101 Lx=Ly=22 pg= 0.860 ids= 357 TEE1=-0.746 TEE2=-0.820 TEE3=-0.802  TEE4=-0.773
rank= 11 Lx=Ly=22 pg= 0.860 ids= 267 TEE1=-0.692 TEE2=-0.779 TEE3=-0.750  TEE4=-0.688
rank= 84 Lx=Ly=22 pg= 0.840 ids= 340 TEE1=-0.618 TEE2=-0.678 TEE3=-0.653  TEE4=-0.614
rank= 94 Lx=Ly=22 pg= 0.840 ids= 350 TEE1=-0.643 TEE2=-0.680 TEE3=-0.618  TEE4=-0.512
rank= 41 Lx=Ly=22 pg= 0.860 ids= 297 TEE1=-0.733 TEE2=-0.806 TEE3=-0.804  TEE4=-0.818
rank= 28 Lx=Ly=22 pg= 0.850 ids= 284 TEE1=-0.721 TEE2=-0.831 TEE3=-0.818  TEE4=-0.795
rank= 78 Lx=Ly=22 pg= 0.850 ids= 334 TEE1=-0.729 TEE2=-0.826 TEE3=-0.810  TEE4=-0.793
rank= 62 Lx=Ly=22 pg= 0.850 ids= 318 TEE1=-0.690 TEE2=-0.795 TEE3=-0.789  TEE4=-0.758
rank= 69 Lx=Ly=22 pg= 0.860 ids= 325 TEE1=-0.715 TEE2=-0.800 TEE3=-0.771  TEE4=-0.750
rank= 88 Lx=Ly=22 pg= 0.840 ids= 344 TEE1=-0.678 TEE2=-0.721 TEE3=-0.707  TEE4=-0.694
rank= 66 Lx=Ly=22 pg= 0.850 ids= 322 TEE1=-0.702 TEE2=-0.773 TEE3=-0.771  TEE4=-0.767
rank=107 Lx=Ly=22 pg= 0.860 ids= 363 TEE1=-0.733 TEE2=-0.818 TEE3=-0.806  TEE4=-0.810
rank=119 Lx=Ly=22 pg= 0.850 ids= 375 TEE1=-0.665 TEE2=-0.752 TEE3=-0.736  TEE4=-0.736
rank=103 Lx=Ly=22 pg= 0.860 ids= 359 TEE1=-0.773 TEE2=-0.845 TEE3=-0.833  TEE4=-0.795
rank= 52 Lx=Ly=22 pg= 0.850 ids= 308 TEE1=-0.729 TEE2=-0.826 TEE3=-0.820  TEE4=-0.833
rank= 25 Lx=Ly=22 pg= 0.860 ids= 281 TEE1=-0.651 TEE2=-0.723 TEE3=-0.709  TEE4=-0.674
rank= 60 Lx=Ly=22 pg= 0.850 ids= 316 TEE1=-0.731 TEE2=-0.777 TEE3=-0.754  TEE4=-0.702
rank= 19 Lx=Ly=22 pg= 0.850 ids= 275 TEE1=-0.676 TEE2=-0.752 TEE3=-0.727  TEE4=-0.690
rank=112 Lx=Ly=22 pg= 0.860 ids= 368 TEE1=-0.740 TEE2=-0.812 TEE3=-0.806  TEE4=-0.777
rank=110 Lx=Ly=22 pg= 0.860 ids= 366 TEE1=-0.698 TEE2=-0.831 TEE3=-0.824  TEE4=-0.816
rank=  3 Lx=Ly=22 pg= 0.870 ids= 259 TEE1=-0.793 TEE2=-0.899 TEE3=-0.893  TEE4=-0.888
rank= 51 Lx=Ly=22 pg= 0.860 ids= 307 TEE1=-0.702 TEE2=-0.709 TEE3=-0.705  TEE4=-0.717
rank= 89 Lx=Ly=22 pg= 0.850 ids= 345 TEE1=-0.707 TEE2=-0.771 TEE3=-0.750  TEE4=-0.738
rank= 43 Lx=Ly=22 pg= 0.860 ids= 299 TEE1=-0.736 TEE2=-0.851 TEE3=-0.849  TEE4=-0.822
rank= 47 Lx=Ly=22 pg= 0.860 ids= 303 TEE1=-0.655 TEE2=-0.727 TEE3=-0.705  TEE4=-0.665
rank= 20 Lx=Ly=22 pg= 0.850 ids= 276 TEE1=-0.593 TEE2=-0.647 TEE3=-0.620  TEE4=-0.589
rank= 81 Lx=Ly=22 pg= 0.850 ids= 337 TEE1=-0.688 TEE2=-0.769 TEE3=-0.748  TEE4=-0.738
rank= 85 Lx=Ly=22 pg= 0.850 ids= 341 TEE1=-0.702 TEE2=-0.826 TEE3=-0.806  TEE4=-0.802
rank=113 Lx=Ly=22 pg= 0.850 ids= 369 TEE1=-0.694 TEE2=-0.802 TEE3=-0.783  TEE4=-0.744
rank=100 Lx=Ly=22 pg= 0.870 ids= 356 TEE1=-0.717 TEE2=-0.824 TEE3=-0.816  TEE4=-0.814
rank= 23 Lx=Ly=22 pg= 0.850 ids= 279 TEE1=-0.688 TEE2=-0.779 TEE3=-0.773  TEE4=-0.731
rank=  6 Lx=Ly=22 pg= 0.860 ids= 262 TEE1=-0.733 TEE2=-0.833 TEE3=-0.831  TEE4=-0.816
rank=106 Lx=Ly=22 pg= 0.860 ids= 362 TEE1=-0.715 TEE2=-0.847 TEE3=-0.839  TEE4=-0.837
rank= 63 Lx=Ly=22 pg= 0.850 ids= 319 TEE1=-0.653 TEE2=-0.742 TEE3=-0.705  TEE4=-0.653
rank= 77 Lx=Ly=22 pg= 0.850 ids= 333 TEE1=-0.612 TEE2=-0.665 TEE3=-0.645  TEE4=-0.587
rank= 82 Lx=Ly=22 pg= 0.850 ids= 338 TEE1=-0.709 TEE2=-0.779 TEE3=-0.764  TEE4=-0.762
rank= 79 Lx=Ly=22 pg= 0.850 ids= 335 TEE1=-0.692 TEE2=-0.781 TEE3=-0.777  TEE4=-0.789
rank= 15 Lx=Ly=22 pg= 0.860 ids= 271 TEE1=-0.742 TEE2=-0.824 TEE3=-0.816  TEE4=-0.806
rank=120 Lx=Ly=22 pg= 0.850 ids= 376 TEE1=-0.744 TEE2=-0.837 TEE3=-0.837  TEE4=-0.839
rank= 54 Lx=Ly=22 pg= 0.850 ids= 310 TEE1=-0.740 TEE2=-0.839 TEE3=-0.831  TEE4=-0.847
rank= 68 Lx=Ly=22 pg= 0.850 ids= 324 TEE1=-0.702 TEE2=-0.740 TEE3=-0.698  TEE4=-0.640
rank= 17 Lx=Ly=22 pg= 0.850 ids= 273 TEE1=-0.684 TEE2=-0.781 TEE3=-0.744  TEE4=-0.676
rank= 38 Lx=Ly=22 pg= 0.860 ids= 294 TEE1=-0.783 TEE2=-0.893 TEE3=-0.897  TEE4=-0.921
rank= 92 Lx=Ly=22 pg= 0.840 ids= 348 TEE1=-0.676 TEE2=-0.781 TEE3=-0.754  TEE4=-0.717
rank= 61 Lx=Ly=22 pg= 0.850 ids= 317 TEE1=-0.665 TEE2=-0.744 TEE3=-0.727  TEE4=-0.731
rank= 70 Lx=Ly=22 pg= 0.850 ids= 326 TEE1=-0.713 TEE2=-0.775 TEE3=-0.771  TEE4=-0.744
rank= 90 Lx=Ly=22 pg= 0.840 ids= 346 TEE1=-0.599 TEE2=-0.620 TEE3=-0.558  TEE4=-0.545
rank= 12 Lx=Ly=22 pg= 0.870 ids= 268 TEE1=-0.754 TEE2=-0.818 TEE3=-0.789  TEE4=-0.709
rank=121 Lx=Ly=22 pg= 0.860 ids= 377 TEE1=-0.692 TEE2=-0.762 TEE3=-0.731  TEE4=-0.707
rank=104 Lx=Ly=22 pg= 0.860 ids= 360 TEE1=-0.665 TEE2=-0.736 TEE3=-0.729  TEE4=-0.719
rank= 49 Lx=Ly=22 pg= 0.860 ids= 305 TEE1=-0.698 TEE2=-0.814 TEE3=-0.831  TEE4=-0.841
rank= 35 Lx=Ly=22 pg= 0.870 ids= 291 TEE1=-0.760 TEE2=-0.847 TEE3=-0.820  TEE4=-0.808
rank=127 Lx=Ly=22 pg= 0.860 ids= 383 TEE1=-0.756 TEE2=-0.882 TEE3=-0.880  TEE4=-0.872
rank= 13 Lx=Ly=22 pg= 0.860 ids= 269 TEE1=-0.711 TEE2=-0.808 TEE3=-0.785  TEE4=-0.773
rank=116 Lx=Ly=22 pg= 0.860 ids= 372 TEE1=-0.760 TEE2=-0.864 TEE3=-0.876  TEE4=-0.874
rank=  9 Lx=Ly=22 pg= 0.860 ids= 265 TEE1=-0.669 TEE2=-0.754 TEE3=-0.740  TEE4=-0.756
rank=  8 Lx=Ly=22 pg= 0.870 ids= 264 TEE1=-0.791 TEE2=-0.862 TEE3=-0.864  TEE4=-0.853
rank= 31 Lx=Ly=22 pg= 0.860 ids= 287 TEE1=-0.705 TEE2=-0.810 TEE3=-0.804  TEE4=-0.758
rank= 16 Lx=Ly=22 pg= 0.850 ids= 272 TEE1=-0.667 TEE2=-0.717 TEE3=-0.711  TEE4=-0.640
rank=102 Lx=Ly=22 pg= 0.870 ids= 358 TEE1=-0.775 TEE2=-0.855 TEE3=-0.847  TEE4=-0.822
rank=  4 Lx=Ly=22 pg= 0.860 ids= 260 TEE1=-0.758 TEE2=-0.845 TEE3=-0.849  TEE4=-0.872
rank= 14 Lx=Ly=22 pg= 0.870 ids= 270 TEE1=-0.773 TEE2=-0.870 TEE3=-0.868  TEE4=-0.878
rank= 30 Lx=Ly=22 pg= 0.860 ids= 286 TEE1=-0.752 TEE2=-0.810 TEE3=-0.777  TEE4=-0.682
rank= 21 Lx=Ly=22 pg= 0.850 ids= 277 TEE1=-0.688 TEE2=-0.764 TEE3=-0.748  TEE4=-0.746
rank= 27 Lx=Ly=22 pg= 0.860 ids= 283 TEE1=-0.692 TEE2=-0.793 TEE3=-0.779  TEE4=-0.777
rank= 22 Lx=Ly=22 pg= 0.850 ids= 278 TEE1=-0.696 TEE2=-0.781 TEE3=-0.783  TEE4=-0.802
rank=  0 Lx=Ly=22 pg= 0.860 ids= 256 TEE1=-0.645 TEE2=-0.731 TEE3=-0.738  TEE4=-0.738
rank= 72 Lx=Ly=22 pg= 0.850 ids= 328 TEE1=-0.750 TEE2=-0.872 TEE3=-0.874  TEE4=-0.862
rank= 93 Lx=Ly=22 pg= 0.850 ids= 349 TEE1=-0.674 TEE2=-0.756 TEE3=-0.727  TEE4=-0.725
rank=115 Lx=Ly=22 pg= 0.850 ids= 371 TEE1=-0.649 TEE2=-0.729 TEE3=-0.698  TEE4=-0.645
rank=117 Lx=Ly=22 pg= 0.850 ids= 373 TEE1=-0.715 TEE2=-0.769 TEE3=-0.748  TEE4=-0.721
rank= 76 Lx=Ly=22 pg= 0.850 ids= 332 TEE1=-0.760 TEE2=-0.841 TEE3=-0.835  TEE4=-0.837
rank= 65 Lx=Ly=22 pg= 0.870 ids= 321 TEE1=-0.634 TEE2=-0.723 TEE3=-0.702  TEE4=-0.731
rank=108 Lx=Ly=22 pg= 0.860 ids= 364 TEE1=-0.746 TEE2=-0.824 TEE3=-0.835  TEE4=-0.855
rank=124 Lx=Ly=22 pg= 0.850 ids= 380 TEE1=-0.688 TEE2=-0.800 TEE3=-0.773  TEE4=-0.777
rank= 98 Lx=Ly=22 pg= 0.870 ids= 354 TEE1=-0.760 TEE2=-0.839 TEE3=-0.835  TEE4=-0.802
rank=125 Lx=Ly=22 pg= 0.860 ids= 381 TEE1=-0.754 TEE2=-0.866 TEE3=-0.872  TEE4=-0.893
rank= 91 Lx=Ly=22 pg= 0.850 ids= 347 TEE1=-0.752 TEE2=-0.804 TEE3=-0.777  TEE4=-0.702
rank= 32 Lx=Ly=22 pg= 0.860 ids= 288 TEE1=-0.696 TEE2=-0.814 TEE3=-0.816  TEE4=-0.762
rank=126 Lx=Ly=22 pg= 0.850 ids= 382 TEE1=-0.684 TEE2=-0.802 TEE3=-0.800  TEE4=-0.818
rank= 99 Lx=Ly=22 pg= 0.870 ids= 355 TEE1=-0.742 TEE2=-0.829 TEE3=-0.814  TEE4=-0.820
rank=118 Lx=Ly=22 pg= 0.860 ids= 374 TEE1=-0.676 TEE2=-0.715 TEE3=-0.707  TEE4=-0.688
rank= 29 Lx=Ly=22 pg= 0.860 ids= 285 TEE1=-0.622 TEE2=-0.647 TEE3=-0.620  TEE4=-0.566
rank= 34 Lx=Ly=22 pg= 0.860 ids= 290 TEE1=-0.723 TEE2=-0.841 TEE3=-0.841  TEE4=-0.835
rank= 83 Lx=Ly=22 pg= 0.860 ids= 339 TEE1=-0.764 TEE2=-0.847 TEE3=-0.833  TEE4=-0.820
rank= 42 Lx=Ly=22 pg= 0.870 ids= 298 TEE1=-0.829 TEE2=-0.907 TEE3=-0.899  TEE4=-0.890
rank= 40 Lx=Ly=22 pg= 0.870 ids= 296 TEE1=-0.752 TEE2=-0.857 TEE3=-0.849  TEE4=-0.822
rank= 10 Lx=Ly=22 pg= 0.870 ids= 266 TEE1=-0.756 TEE2=-0.849 TEE3=-0.829  TEE4=-0.806
rank= 36 Lx=Ly=22 pg= 0.860 ids= 292 TEE1=-0.725 TEE2=-0.820 TEE3=-0.804  TEE4=-0.756
rank=123 Lx=Ly=22 pg= 0.860 ids= 379 TEE1=-0.717 TEE2=-0.837 TEE3=-0.835  TEE4=-0.791
rank= 18 Lx=Ly=22 pg= 0.850 ids= 274 TEE1=-0.738 TEE2=-0.824 TEE3=-0.814  TEE4=-0.754
rank= 96 Lx=Ly=22 pg= 0.870 ids= 352 TEE1=-0.750 TEE2=-0.847 TEE3=-0.864  TEE4=-0.878
rank= 64 Lx=Ly=22 pg= 0.860 ids= 320 TEE1=-0.729 TEE2=-0.829 TEE3=-0.793  TEE4=-0.721
rank=105 Lx=Ly=22 pg= 0.860 ids= 361 TEE1=-0.717 TEE2=-0.795 TEE3=-0.777  TEE4=-0.744
rank= 67 Lx=Ly=22 pg= 0.870 ids= 323 TEE1=-0.779 TEE2=-0.911 TEE3=-0.919  TEE4=-0.909
rank= 26 Lx=Ly=22 pg= 0.860 ids= 282 TEE1=-0.727 TEE2=-0.783 TEE3=-0.769  TEE4=-0.688
rank= 48 Lx=Ly=22 pg= 0.860 ids= 304 TEE1=-0.740 TEE2=-0.814 TEE3=-0.808  TEE4=-0.775
rank=114 Lx=Ly=22 pg= 0.860 ids= 370 TEE1=-0.754 TEE2=-0.862 TEE3=-0.866  TEE4=-0.849
rank=  5 Lx=Ly=22 pg= 0.870 ids= 261 TEE1=-0.731 TEE2=-0.791 TEE3=-0.777  TEE4=-0.775
rank=  1 Lx=Ly=22 pg= 0.870 ids= 257 TEE1=-0.748 TEE2=-0.826 TEE3=-0.810  TEE4=-0.810
rank=111 Lx=Ly=22 pg= 0.860 ids= 367 TEE1=-0.669 TEE2=-0.756 TEE3=-0.742  TEE4=-0.764
rank=  7 Lx=Ly=22 pg= 0.870 ids= 263 TEE1=-0.729 TEE2=-0.814 TEE3=-0.812  TEE4=-0.820
rank= 75 Lx=Ly=22 pg= 0.860 ids= 331 TEE1=-0.723 TEE2=-0.835 TEE3=-0.843  TEE4=-0.843
rank= 57 Lx=Ly=22 pg= 0.860 ids= 313 TEE1=-0.671 TEE2=-0.756 TEE3=-0.750  TEE4=-0.709
rank= 45 Lx=Ly=22 pg= 0.870 ids= 301 TEE1=-0.773 TEE2=-0.890 TEE3=-0.893  TEE4=-0.903
rank= 44 Lx=Ly=22 pg= 0.870 ids= 300 TEE1=-0.686 TEE2=-0.795 TEE3=-0.791  TEE4=-0.812
rank=  2 Lx=Ly=22 pg= 0.870 ids= 258 TEE1=-0.793 TEE2=-0.893 TEE3=-0.884  TEE4=-0.895
rank= 74 Lx=Ly=22 pg= 0.860 ids= 330 TEE1=-0.686 TEE2=-0.750 TEE3=-0.727  TEE4=-0.684
rank=122 Lx=Ly=22 pg= 0.860 ids= 378 TEE1=-0.738 TEE2=-0.841 TEE3=-0.837  TEE4=-0.812
rank= 53 Lx=Ly=22 pg= 0.860 ids= 309 TEE1=-0.729 TEE2=-0.806 TEE3=-0.804  TEE4=-0.789
rank= 97 Lx=Ly=22 pg= 0.870 ids= 353 TEE1=-0.777 TEE2=-0.895 TEE3=-0.897  TEE4=-0.888
rank= 55 Lx=Ly=22 pg= 0.860 ids= 311 TEE1=-0.692 TEE2=-0.769 TEE3=-0.740  TEE4=-0.719
rank= 95 Lx=Ly=22 pg= 0.850 ids= 351 TEE1=-0.729 TEE2=-0.804 TEE3=-0.783  TEE4=-0.750
rank= 56 Lx=Ly=22 pg= 0.860 ids= 312 TEE1=-0.746 TEE2=-0.843 TEE3=-0.829  TEE4=-0.804
rank= 87 Lx=Ly=22 pg= 0.860 ids= 343 TEE1=-0.754 TEE2=-0.862 TEE3=-0.866  TEE4=-0.893
rank=109 Lx=Ly=22 pg= 0.860 ids= 365 TEE1=-0.754 TEE2=-0.829 TEE3=-0.833  TEE4=-0.833
rank= 58 Lx=Ly=22 pg= 0.860 ids= 314 TEE1=-0.748 TEE2=-0.839 TEE3=-0.812  TEE4=-0.812
rank= 46 Lx=Ly=22 pg= 0.870 ids= 302 TEE1=-0.754 TEE2=-0.884 TEE3=-0.886  TEE4=-0.872
rank= 37 Lx=Ly=22 pg= 0.870 ids= 293 TEE1=-0.717 TEE2=-0.824 TEE3=-0.791  TEE4=-0.771
rank= 24 Lx=Ly=22 pg= 0.860 ids= 280 TEE1=-0.767 TEE2=-0.868 TEE3=-0.874  TEE4=-0.870
rank= 86 Lx=Ly=22 pg= 0.850 ids= 342 TEE1=-0.684 TEE2=-0.721 TEE3=-0.688  TEE4=-0.643
rank= 33 Lx=Ly=22 pg= 0.870 ids= 289 TEE1=-0.736 TEE2=-0.833 TEE3=-0.829  TEE4=-0.841
rank= 71 Lx=Ly=22 pg= 0.870 ids= 327 TEE1=-0.744 TEE2=-0.814 TEE3=-0.800  TEE4=-0.758
rank= 11 Lx=Ly=22 pg= 0.870 ids= 267 TEE1=-0.793 TEE2=-0.882 TEE3=-0.882  TEE4=-0.886
rank= 80 Lx=Ly=22 pg= 0.850 ids= 336 TEE1=-0.723 TEE2=-0.833 TEE3=-0.822  TEE4=-0.818
rank= 73 Lx=Ly=22 pg= 0.860 ids= 329 TEE1=-0.744 TEE2=-0.839 TEE3=-0.843  TEE4=-0.826
rank= 39 Lx=Ly=22 pg= 0.870 ids= 295 TEE1=-0.663 TEE2=-0.816 TEE3=-0.806  TEE4=-0.771
rank=101 Lx=Ly=22 pg= 0.870 ids= 357 TEE1=-0.702 TEE2=-0.769 TEE3=-0.777  TEE4=-0.773
rank= 59 Lx=Ly=22 pg= 0.860 ids= 315 TEE1=-0.748 TEE2=-0.866 TEE3=-0.866  TEE4=-0.860
rank= 50 Lx=Ly=22 pg= 0.860 ids= 306 TEE1=-0.700 TEE2=-0.760 TEE3=-0.744  TEE4=-0.725
rank= 41 Lx=Ly=22 pg= 0.870 ids= 297 TEE1=-0.798 TEE2=-0.899 TEE3=-0.888  TEE4=-0.919
rank= 28 Lx=Ly=22 pg= 0.860 ids= 284 TEE1=-0.667 TEE2=-0.731 TEE3=-0.717  TEE4=-0.682
rank= 94 Lx=Ly=22 pg= 0.850 ids= 350 TEE1=-0.723 TEE2=-0.837 TEE3=-0.833  TEE4=-0.779
rank= 84 Lx=Ly=22 pg= 0.850 ids= 340 TEE1=-0.682 TEE2=-0.738 TEE3=-0.702  TEE4=-0.659
rank= 69 Lx=Ly=22 pg= 0.870 ids= 325 TEE1=-0.736 TEE2=-0.814 TEE3=-0.806  TEE4=-0.818
rank= 62 Lx=Ly=22 pg= 0.860 ids= 318 TEE1=-0.717 TEE2=-0.847 TEE3=-0.857  TEE4=-0.890
rank= 78 Lx=Ly=22 pg= 0.860 ids= 334 TEE1=-0.746 TEE2=-0.835 TEE3=-0.824  TEE4=-0.843
rank=107 Lx=Ly=22 pg= 0.870 ids= 363 TEE1=-0.750 TEE2=-0.853 TEE3=-0.847  TEE4=-0.831
rank=103 Lx=Ly=22 pg= 0.870 ids= 359 TEE1=-0.798 TEE2=-0.870 TEE3=-0.868  TEE4=-0.897
rank= 66 Lx=Ly=22 pg= 0.860 ids= 322 TEE1=-0.758 TEE2=-0.847 TEE3=-0.841  TEE4=-0.847
rank=119 Lx=Ly=22 pg= 0.860 ids= 375 TEE1=-0.729 TEE2=-0.870 TEE3=-0.872  TEE4=-0.855
rank= 88 Lx=Ly=22 pg= 0.850 ids= 344 TEE1=-0.671 TEE2=-0.764 TEE3=-0.740  TEE4=-0.690
rank= 52 Lx=Ly=22 pg= 0.860 ids= 308 TEE1=-0.719 TEE2=-0.812 TEE3=-0.787  TEE4=-0.795
rank= 25 Lx=Ly=22 pg= 0.870 ids= 281 TEE1=-0.758 TEE2=-0.843 TEE3=-0.845  TEE4=-0.818
rank= 19 Lx=Ly=22 pg= 0.860 ids= 275 TEE1=-0.758 TEE2=-0.872 TEE3=-0.874  TEE4=-0.882
rank=112 Lx=Ly=22 pg= 0.870 ids= 368 TEE1=-0.746 TEE2=-0.826 TEE3=-0.810  TEE4=-0.804
rank= 60 Lx=Ly=22 pg= 0.860 ids= 316 TEE1=-0.669 TEE2=-0.764 TEE3=-0.746  TEE4=-0.740
rank=110 Lx=Ly=22 pg= 0.870 ids= 366 TEE1=-0.758 TEE2=-0.864 TEE3=-0.860  TEE4=-0.882
rank=  3 Lx=Ly=22 pg= 0.880 ids= 259 TEE1=-0.800 TEE2=-0.895 TEE3=-0.895  TEE4=-0.901
rank= 51 Lx=Ly=22 pg= 0.870 ids= 307 TEE1=-0.719 TEE2=-0.816 TEE3=-0.816  TEE4=-0.802
rank= 43 Lx=Ly=22 pg= 0.870 ids= 299 TEE1=-0.777 TEE2=-0.882 TEE3=-0.876  TEE4=-0.905
rank= 47 Lx=Ly=22 pg= 0.870 ids= 303 TEE1=-0.748 TEE2=-0.802 TEE3=-0.777  TEE4=-0.750
rank= 89 Lx=Ly=22 pg= 0.860 ids= 345 TEE1=-0.694 TEE2=-0.818 TEE3=-0.816  TEE4=-0.822
rank= 20 Lx=Ly=22 pg= 0.860 ids= 276 TEE1=-0.733 TEE2=-0.822 TEE3=-0.820  TEE4=-0.818
rank=100 Lx=Ly=22 pg= 0.880 ids= 356 TEE1=-0.783 TEE2=-0.845 TEE3=-0.841  TEE4=-0.876
rank=113 Lx=Ly=22 pg= 0.860 ids= 369 TEE1=-0.674 TEE2=-0.779 TEE3=-0.779  TEE4=-0.783
rank=  6 Lx=Ly=22 pg= 0.870 ids= 262 TEE1=-0.785 TEE2=-0.862 TEE3=-0.851  TEE4=-0.888
rank= 81 Lx=Ly=22 pg= 0.860 ids= 337 TEE1=-0.740 TEE2=-0.849 TEE3=-0.862  TEE4=-0.814
rank= 23 Lx=Ly=22 pg= 0.860 ids= 279 TEE1=-0.769 TEE2=-0.895 TEE3=-0.888  TEE4=-0.901
rank= 85 Lx=Ly=22 pg= 0.860 ids= 341 TEE1=-0.762 TEE2=-0.866 TEE3=-0.860  TEE4=-0.866
rank=106 Lx=Ly=22 pg= 0.870 ids= 362 TEE1=-0.775 TEE2=-0.874 TEE3=-0.866  TEE4=-0.888
rank= 15 Lx=Ly=22 pg= 0.870 ids= 271 TEE1=-0.727 TEE2=-0.829 TEE3=-0.835  TEE4=-0.851
rank= 63 Lx=Ly=22 pg= 0.860 ids= 319 TEE1=-0.715 TEE2=-0.810 TEE3=-0.802  TEE4=-0.777
rank= 77 Lx=Ly=22 pg= 0.860 ids= 333 TEE1=-0.636 TEE2=-0.715 TEE3=-0.696  TEE4=-0.696
rank= 82 Lx=Ly=22 pg= 0.860 ids= 338 TEE1=-0.775 TEE2=-0.868 TEE3=-0.860  TEE4=-0.862
rank= 79 Lx=Ly=22 pg= 0.860 ids= 335 TEE1=-0.756 TEE2=-0.835 TEE3=-0.816  TEE4=-0.820
rank=120 Lx=Ly=22 pg= 0.860 ids= 376 TEE1=-0.686 TEE2=-0.748 TEE3=-0.723  TEE4=-0.705
rank= 54 Lx=Ly=22 pg= 0.860 ids= 310 TEE1=-0.702 TEE2=-0.824 TEE3=-0.800  TEE4=-0.777
rank= 38 Lx=Ly=22 pg= 0.870 ids= 294 TEE1=-0.746 TEE2=-0.826 TEE3=-0.812  TEE4=-0.818
rank= 17 Lx=Ly=22 pg= 0.860 ids= 273 TEE1=-0.665 TEE2=-0.767 TEE3=-0.769  TEE4=-0.781
rank= 68 Lx=Ly=22 pg= 0.860 ids= 324 TEE1=-0.744 TEE2=-0.864 TEE3=-0.857  TEE4=-0.835
rank= 61 Lx=Ly=22 pg= 0.860 ids= 317 TEE1=-0.659 TEE2=-0.715 TEE3=-0.702  TEE4=-0.640
rank= 92 Lx=Ly=22 pg= 0.850 ids= 348 TEE1=-0.688 TEE2=-0.767 TEE3=-0.740  TEE4=-0.715
rank= 12 Lx=Ly=22 pg= 0.880 ids= 268 TEE1=-0.793 TEE2=-0.878 TEE3=-0.876  TEE4=-0.853
rank= 70 Lx=Ly=22 pg= 0.860 ids= 326 TEE1=-0.731 TEE2=-0.862 TEE3=-0.855  TEE4=-0.872
rank= 35 Lx=Ly=22 pg= 0.880 ids= 291 TEE1=-0.731 TEE2=-0.818 TEE3=-0.802  TEE4=-0.810
rank= 90 Lx=Ly=22 pg= 0.850 ids= 346 TEE1=-0.715 TEE2=-0.762 TEE3=-0.744  TEE4=-0.684
rank=104 Lx=Ly=22 pg= 0.870 ids= 360 TEE1=-0.752 TEE2=-0.804 TEE3=-0.779  TEE4=-0.762
rank= 49 Lx=Ly=22 pg= 0.870 ids= 305 TEE1=-0.727 TEE2=-0.812 TEE3=-0.802  TEE4=-0.764
rank=121 Lx=Ly=22 pg= 0.870 ids= 377 TEE1=-0.733 TEE2=-0.829 TEE3=-0.804  TEE4=-0.835
rank= 13 Lx=Ly=22 pg= 0.870 ids= 269 TEE1=-0.793 TEE2=-0.903 TEE3=-0.905  TEE4=-0.932
rank=  9 Lx=Ly=22 pg= 0.870 ids= 265 TEE1=-0.700 TEE2=-0.812 TEE3=-0.804  TEE4=-0.808
rank=116 Lx=Ly=22 pg= 0.870 ids= 372 TEE1=-0.775 TEE2=-0.839 TEE3=-0.826  TEE4=-0.812
rank=  8 Lx=Ly=22 pg= 0.880 ids= 264 TEE1=-0.750 TEE2=-0.816 TEE3=-0.810  TEE4=-0.818
rank=127 Lx=Ly=22 pg= 0.870 ids= 383 TEE1=-0.727 TEE2=-0.860 TEE3=-0.855  TEE4=-0.866
rank=102 Lx=Ly=22 pg= 0.880 ids= 358 TEE1=-0.802 TEE2=-0.888 TEE3=-0.893  TEE4=-0.907
rank= 31 Lx=Ly=22 pg= 0.870 ids= 287 TEE1=-0.783 TEE2=-0.849 TEE3=-0.826  TEE4=-0.824
rank=  4 Lx=Ly=22 pg= 0.870 ids= 260 TEE1=-0.773 TEE2=-0.855 TEE3=-0.855  TEE4=-0.833
rank= 16 Lx=Ly=22 pg= 0.860 ids= 272 TEE1=-0.717 TEE2=-0.800 TEE3=-0.781  TEE4=-0.750
rank= 14 Lx=Ly=22 pg= 0.880 ids= 270 TEE1=-0.762 TEE2=-0.843 TEE3=-0.816  TEE4=-0.814
rank= 21 Lx=Ly=22 pg= 0.860 ids= 277 TEE1=-0.771 TEE2=-0.868 TEE3=-0.855  TEE4=-0.882
rank= 30 Lx=Ly=22 pg= 0.870 ids= 286 TEE1=-0.798 TEE2=-0.886 TEE3=-0.878  TEE4=-0.876
rank= 27 Lx=Ly=22 pg= 0.870 ids= 283 TEE1=-0.731 TEE2=-0.806 TEE3=-0.798  TEE4=-0.742
rank=  0 Lx=Ly=22 pg= 0.870 ids= 256 TEE1=-0.721 TEE2=-0.818 TEE3=-0.822  TEE4=-0.845
rank= 22 Lx=Ly=22 pg= 0.860 ids= 278 TEE1=-0.736 TEE2=-0.831 TEE3=-0.835  TEE4=-0.779
rank= 93 Lx=Ly=22 pg= 0.860 ids= 349 TEE1=-0.669 TEE2=-0.775 TEE3=-0.769  TEE4=-0.760
rank= 72 Lx=Ly=22 pg= 0.860 ids= 328 TEE1=-0.717 TEE2=-0.818 TEE3=-0.816  TEE4=-0.818
rank=115 Lx=Ly=22 pg= 0.860 ids= 371 TEE1=-0.698 TEE2=-0.800 TEE3=-0.787  TEE4=-0.769
rank= 65 Lx=Ly=22 pg= 0.880 ids= 321 TEE1=-0.748 TEE2=-0.857 TEE3=-0.860  TEE4=-0.849
rank=117 Lx=Ly=22 pg= 0.860 ids= 373 TEE1=-0.785 TEE2=-0.913 TEE3=-0.917  TEE4=-0.955
rank= 76 Lx=Ly=22 pg= 0.860 ids= 332 TEE1=-0.719 TEE2=-0.777 TEE3=-0.775  TEE4=-0.769
rank=108 Lx=Ly=22 pg= 0.870 ids= 364 TEE1=-0.738 TEE2=-0.874 TEE3=-0.878  TEE4=-0.882
rank= 98 Lx=Ly=22 pg= 0.880 ids= 354 TEE1=-0.719 TEE2=-0.826 TEE3=-0.816  TEE4=-0.802
rank=124 Lx=Ly=22 pg= 0.860 ids= 380 TEE1=-0.781 TEE2=-0.857 TEE3=-0.866  TEE4=-0.893
rank=125 Lx=Ly=22 pg= 0.870 ids= 381 TEE1=-0.715 TEE2=-0.789 TEE3=-0.781  TEE4=-0.783
rank= 32 Lx=Ly=22 pg= 0.870 ids= 288 TEE1=-0.804 TEE2=-0.897 TEE3=-0.909  TEE4=-0.919
rank= 91 Lx=Ly=22 pg= 0.860 ids= 347 TEE1=-0.723 TEE2=-0.804 TEE3=-0.798  TEE4=-0.756
rank= 99 Lx=Ly=22 pg= 0.880 ids= 355 TEE1=-0.769 TEE2=-0.911 TEE3=-0.901  TEE4=-0.911
rank=118 Lx=Ly=22 pg= 0.870 ids= 374 TEE1=-0.760 TEE2=-0.884 TEE3=-0.878  TEE4=-0.903
rank=126 Lx=Ly=22 pg= 0.860 ids= 382 TEE1=-0.702 TEE2=-0.787 TEE3=-0.787  TEE4=-0.793
rank= 29 Lx=Ly=22 pg= 0.870 ids= 285 TEE1=-0.738 TEE2=-0.851 TEE3=-0.847  TEE4=-0.822
rank= 34 Lx=Ly=22 pg= 0.870 ids= 290 TEE1=-0.702 TEE2=-0.831 TEE3=-0.833  TEE4=-0.812
rank= 42 Lx=Ly=22 pg= 0.880 ids= 298 TEE1=-0.795 TEE2=-0.890 TEE3=-0.888  TEE4=-0.897
rank= 83 Lx=Ly=22 pg= 0.870 ids= 339 TEE1=-0.690 TEE2=-0.721 TEE3=-0.690  TEE4=-0.657
rank= 40 Lx=Ly=22 pg= 0.880 ids= 296 TEE1=-0.750 TEE2=-0.893 TEE3=-0.890  TEE4=-0.934
rank= 10 Lx=Ly=22 pg= 0.880 ids= 266 TEE1=-0.829 TEE2=-0.915 TEE3=-0.919  TEE4=-0.911
rank= 36 Lx=Ly=22 pg= 0.870 ids= 292 TEE1=-0.711 TEE2=-0.808 TEE3=-0.802  TEE4=-0.785
rank= 96 Lx=Ly=22 pg= 0.880 ids= 352 TEE1=-0.833 TEE2=-0.952 TEE3=-0.946  TEE4=-0.959
rank=123 Lx=Ly=22 pg= 0.870 ids= 379 TEE1=-0.744 TEE2=-0.841 TEE3=-0.841  TEE4=-0.868
rank= 18 Lx=Ly=22 pg= 0.860 ids= 274 TEE1=-0.781 TEE2=-0.878 TEE3=-0.860  TEE4=-0.800
rank= 64 Lx=Ly=22 pg= 0.870 ids= 320 TEE1=-0.810 TEE2=-0.890 TEE3=-0.886  TEE4=-0.860
rank=105 Lx=Ly=22 pg= 0.870 ids= 361 TEE1=-0.822 TEE2=-0.921 TEE3=-0.915  TEE4=-0.926
rank= 67 Lx=Ly=22 pg= 0.880 ids= 323 TEE1=-0.750 TEE2=-0.864 TEE3=-0.868  TEE4=-0.874
rank= 48 Lx=Ly=22 pg= 0.870 ids= 304 TEE1=-0.731 TEE2=-0.804 TEE3=-0.795  TEE4=-0.731
rank= 26 Lx=Ly=22 pg= 0.870 ids= 282 TEE1=-0.752 TEE2=-0.864 TEE3=-0.868  TEE4=-0.855
rank=114 Lx=Ly=22 pg= 0.870 ids= 370 TEE1=-0.758 TEE2=-0.824 TEE3=-0.816  TEE4=-0.810
rank=  5 Lx=Ly=22 pg= 0.880 ids= 261 TEE1=-0.818 TEE2=-0.897 TEE3=-0.888  TEE4=-0.903
rank=  1 Lx=Ly=22 pg= 0.880 ids= 257 TEE1=-0.808 TEE2=-0.884 TEE3=-0.880  TEE4=-0.878
rank=111 Lx=Ly=22 pg= 0.870 ids= 367 TEE1=-0.789 TEE2=-0.886 TEE3=-0.888  TEE4=-0.897
rank=  7 Lx=Ly=22 pg= 0.880 ids= 263 TEE1=-0.802 TEE2=-0.903 TEE3=-0.901  TEE4=-0.897
rank= 45 Lx=Ly=22 pg= 0.880 ids= 301 TEE1=-0.715 TEE2=-0.783 TEE3=-0.777  TEE4=-0.758
rank= 75 Lx=Ly=22 pg= 0.870 ids= 331 TEE1=-0.826 TEE2=-0.917 TEE3=-0.919  TEE4=-0.952
rank= 57 Lx=Ly=22 pg= 0.870 ids= 313 TEE1=-0.659 TEE2=-0.744 TEE3=-0.707  TEE4=-0.680
rank= 44 Lx=Ly=22 pg= 0.880 ids= 300 TEE1=-0.851 TEE2=-0.959 TEE3=-0.957  TEE4=-0.971
rank=  2 Lx=Ly=22 pg= 0.880 ids= 258 TEE1=-0.791 TEE2=-0.895 TEE3=-0.905  TEE4=-0.924
rank= 74 Lx=Ly=22 pg= 0.870 ids= 330 TEE1=-0.733 TEE2=-0.802 TEE3=-0.779  TEE4=-0.723
rank=122 Lx=Ly=22 pg= 0.870 ids= 378 TEE1=-0.820 TEE2=-0.909 TEE3=-0.905  TEE4=-0.913
rank= 97 Lx=Ly=22 pg= 0.880 ids= 353 TEE1=-0.775 TEE2=-0.837 TEE3=-0.833  TEE4=-0.829
rank= 53 Lx=Ly=22 pg= 0.870 ids= 309 TEE1=-0.762 TEE2=-0.853 TEE3=-0.831  TEE4=-0.818
rank= 55 Lx=Ly=22 pg= 0.870 ids= 311 TEE1=-0.756 TEE2=-0.829 TEE3=-0.816  TEE4=-0.793
rank= 95 Lx=Ly=22 pg= 0.860 ids= 351 TEE1=-0.674 TEE2=-0.738 TEE3=-0.731  TEE4=-0.698
rank= 56 Lx=Ly=22 pg= 0.870 ids= 312 TEE1=-0.752 TEE2=-0.826 TEE3=-0.826  TEE4=-0.849
rank= 87 Lx=Ly=22 pg= 0.870 ids= 343 TEE1=-0.798 TEE2=-0.897 TEE3=-0.897  TEE4=-0.913
rank= 58 Lx=Ly=22 pg= 0.870 ids= 314 TEE1=-0.791 TEE2=-0.893 TEE3=-0.890  TEE4=-0.866
rank=109 Lx=Ly=22 pg= 0.870 ids= 365 TEE1=-0.773 TEE2=-0.853 TEE3=-0.853  TEE4=-0.843
rank= 46 Lx=Ly=22 pg= 0.880 ids= 302 TEE1=-0.752 TEE2=-0.878 TEE3=-0.886  TEE4=-0.893
rank= 37 Lx=Ly=22 pg= 0.880 ids= 293 TEE1=-0.756 TEE2=-0.882 TEE3=-0.886  TEE4=-0.905
rank= 24 Lx=Ly=22 pg= 0.870 ids= 280 TEE1=-0.742 TEE2=-0.822 TEE3=-0.833  TEE4=-0.855
rank= 11 Lx=Ly=22 pg= 0.880 ids= 267 TEE1=-0.808 TEE2=-0.897 TEE3=-0.899  TEE4=-0.872
rank= 33 Lx=Ly=22 pg= 0.880 ids= 289 TEE1=-0.808 TEE2=-0.895 TEE3=-0.893  TEE4=-0.915
rank= 71 Lx=Ly=22 pg= 0.880 ids= 327 TEE1=-0.777 TEE2=-0.884 TEE3=-0.884  TEE4=-0.874
rank=101 Lx=Ly=22 pg= 0.880 ids= 357 TEE1=-0.744 TEE2=-0.851 TEE3=-0.824  TEE4=-0.806
rank= 73 Lx=Ly=22 pg= 0.870 ids= 329 TEE1=-0.696 TEE2=-0.802 TEE3=-0.771  TEE4=-0.746
rank= 39 Lx=Ly=22 pg= 0.880 ids= 295 TEE1=-0.793 TEE2=-0.893 TEE3=-0.874  TEE4=-0.890
rank= 86 Lx=Ly=22 pg= 0.860 ids= 342 TEE1=-0.748 TEE2=-0.857 TEE3=-0.862  TEE4=-0.866
rank= 50 Lx=Ly=22 pg= 0.870 ids= 306 TEE1=-0.752 TEE2=-0.857 TEE3=-0.860  TEE4=-0.880
rank= 59 Lx=Ly=22 pg= 0.870 ids= 315 TEE1=-0.764 TEE2=-0.847 TEE3=-0.831  TEE4=-0.826
rank= 41 Lx=Ly=22 pg= 0.880 ids= 297 TEE1=-0.756 TEE2=-0.831 TEE3=-0.835  TEE4=-0.847
rank= 80 Lx=Ly=22 pg= 0.860 ids= 336 TEE1=-0.742 TEE2=-0.839 TEE3=-0.833  TEE4=-0.851
rank= 28 Lx=Ly=22 pg= 0.870 ids= 284 TEE1=-0.754 TEE2=-0.860 TEE3=-0.866  TEE4=-0.872
rank= 69 Lx=Ly=22 pg= 0.880 ids= 325 TEE1=-0.798 TEE2=-0.901 TEE3=-0.903  TEE4=-0.934
rank= 62 Lx=Ly=22 pg= 0.870 ids= 318 TEE1=-0.787 TEE2=-0.872 TEE3=-0.868  TEE4=-0.831
rank= 94 Lx=Ly=22 pg= 0.860 ids= 350 TEE1=-0.702 TEE2=-0.760 TEE3=-0.738  TEE4=-0.711
rank= 84 Lx=Ly=22 pg= 0.860 ids= 340 TEE1=-0.748 TEE2=-0.876 TEE3=-0.876  TEE4=-0.884
rank= 78 Lx=Ly=22 pg= 0.870 ids= 334 TEE1=-0.760 TEE2=-0.845 TEE3=-0.831  TEE4=-0.833
rank=107 Lx=Ly=22 pg= 0.880 ids= 363 TEE1=-0.779 TEE2=-0.872 TEE3=-0.876  TEE4=-0.870
rank=103 Lx=Ly=22 pg= 0.880 ids= 359 TEE1=-0.744 TEE2=-0.860 TEE3=-0.855  TEE4=-0.857
rank=119 Lx=Ly=22 pg= 0.870 ids= 375 TEE1=-0.731 TEE2=-0.816 TEE3=-0.793  TEE4=-0.787
rank= 66 Lx=Ly=22 pg= 0.870 ids= 322 TEE1=-0.762 TEE2=-0.839 TEE3=-0.843  TEE4=-0.847
rank= 88 Lx=Ly=22 pg= 0.860 ids= 344 TEE1=-0.702 TEE2=-0.798 TEE3=-0.756  TEE4=-0.655
rank= 25 Lx=Ly=22 pg= 0.880 ids= 281 TEE1=-0.783 TEE2=-0.888 TEE3=-0.895  TEE4=-0.930
rank= 52 Lx=Ly=22 pg= 0.870 ids= 308 TEE1=-0.767 TEE2=-0.878 TEE3=-0.874  TEE4=-0.855
rank=112 Lx=Ly=22 pg= 0.880 ids= 368 TEE1=-0.779 TEE2=-0.874 TEE3=-0.870  TEE4=-0.878
rank=  3 Lx=Ly=22 pg= 0.890 ids= 259 TEE1=-0.800 TEE2=-0.882 TEE3=-0.886  TEE4=-0.872
rank=110 Lx=Ly=22 pg= 0.880 ids= 366 TEE1=-0.771 TEE2=-0.853 TEE3=-0.849  TEE4=-0.804
rank= 19 Lx=Ly=22 pg= 0.870 ids= 275 TEE1=-0.733 TEE2=-0.775 TEE3=-0.762  TEE4=-0.781
rank= 60 Lx=Ly=22 pg= 0.870 ids= 316 TEE1=-0.750 TEE2=-0.847 TEE3=-0.847  TEE4=-0.853
rank= 43 Lx=Ly=22 pg= 0.880 ids= 299 TEE1=-0.829 TEE2=-0.926 TEE3=-0.930  TEE4=-0.948
rank= 47 Lx=Ly=22 pg= 0.880 ids= 303 TEE1=-0.824 TEE2=-0.919 TEE3=-0.907  TEE4=-0.934
rank= 51 Lx=Ly=22 pg= 0.880 ids= 307 TEE1=-0.810 TEE2=-0.903 TEE3=-0.907  TEE4=-0.913
rank=100 Lx=Ly=22 pg= 0.890 ids= 356 TEE1=-0.843 TEE2=-0.911 TEE3=-0.915  TEE4=-0.924
rank= 89 Lx=Ly=22 pg= 0.870 ids= 345 TEE1=-0.750 TEE2=-0.868 TEE3=-0.880  TEE4=-0.880
rank= 20 Lx=Ly=22 pg= 0.870 ids= 276 TEE1=-0.709 TEE2=-0.820 TEE3=-0.831  TEE4=-0.860
rank=  6 Lx=Ly=22 pg= 0.880 ids= 262 TEE1=-0.777 TEE2=-0.876 TEE3=-0.878  TEE4=-0.884
rank=113 Lx=Ly=22 pg= 0.870 ids= 369 TEE1=-0.742 TEE2=-0.864 TEE3=-0.874  TEE4=-0.870
rank=106 Lx=Ly=22 pg= 0.880 ids= 362 TEE1=-0.715 TEE2=-0.789 TEE3=-0.787  TEE4=-0.773
rank= 23 Lx=Ly=22 pg= 0.870 ids= 279 TEE1=-0.736 TEE2=-0.841 TEE3=-0.839  TEE4=-0.795
rank= 81 Lx=Ly=22 pg= 0.870 ids= 337 TEE1=-0.824 TEE2=-0.948 TEE3=-0.950  TEE4=-0.952
rank= 85 Lx=Ly=22 pg= 0.870 ids= 341 TEE1=-0.678 TEE2=-0.752 TEE3=-0.752  TEE4=-0.719
rank= 15 Lx=Ly=22 pg= 0.880 ids= 271 TEE1=-0.775 TEE2=-0.841 TEE3=-0.837  TEE4=-0.864
rank= 63 Lx=Ly=22 pg= 0.870 ids= 319 TEE1=-0.678 TEE2=-0.754 TEE3=-0.740  TEE4=-0.713
rank= 77 Lx=Ly=22 pg= 0.870 ids= 333 TEE1=-0.690 TEE2=-0.762 TEE3=-0.742  TEE4=-0.709
rank=120 Lx=Ly=22 pg= 0.870 ids= 376 TEE1=-0.791 TEE2=-0.907 TEE3=-0.903  TEE4=-0.913
rank= 79 Lx=Ly=22 pg= 0.870 ids= 335 TEE1=-0.818 TEE2=-0.917 TEE3=-0.928  TEE4=-0.946
rank= 82 Lx=Ly=22 pg= 0.870 ids= 338 TEE1=-0.783 TEE2=-0.872 TEE3=-0.870  TEE4=-0.886
rank= 38 Lx=Ly=22 pg= 0.880 ids= 294 TEE1=-0.785 TEE2=-0.866 TEE3=-0.862  TEE4=-0.886
rank= 54 Lx=Ly=22 pg= 0.870 ids= 310 TEE1=-0.818 TEE2=-0.905 TEE3=-0.893  TEE4=-0.870
rank= 17 Lx=Ly=22 pg= 0.870 ids= 273 TEE1=-0.754 TEE2=-0.847 TEE3=-0.845  TEE4=-0.855
rank= 68 Lx=Ly=22 pg= 0.870 ids= 324 TEE1=-0.719 TEE2=-0.822 TEE3=-0.808  TEE4=-0.800
rank= 61 Lx=Ly=22 pg= 0.870 ids= 317 TEE1=-0.744 TEE2=-0.857 TEE3=-0.853  TEE4=-0.874
rank= 35 Lx=Ly=22 pg= 0.890 ids= 291 TEE1=-0.810 TEE2=-0.917 TEE3=-0.911  TEE4=-0.948
rank= 12 Lx=Ly=22 pg= 0.890 ids= 268 TEE1=-0.833 TEE2=-0.928 TEE3=-0.921  TEE4=-0.934
rank= 13 Lx=Ly=22 pg= 0.880 ids= 269 TEE1=-0.810 TEE2=-0.905 TEE3=-0.903  TEE4=-0.934
rank=104 Lx=Ly=22 pg= 0.880 ids= 360 TEE1=-0.804 TEE2=-0.915 TEE3=-0.907  TEE4=-0.932
rank= 70 Lx=Ly=22 pg= 0.870 ids= 326 TEE1=-0.740 TEE2=-0.833 TEE3=-0.826  TEE4=-0.845
rank= 92 Lx=Ly=22 pg= 0.860 ids= 348 TEE1=-0.740 TEE2=-0.841 TEE3=-0.847  TEE4=-0.843
rank= 49 Lx=Ly=22 pg= 0.880 ids= 305 TEE1=-0.793 TEE2=-0.915 TEE3=-0.924  TEE4=-0.942
rank=  9 Lx=Ly=22 pg= 0.880 ids= 265 TEE1=-0.783 TEE2=-0.903 TEE3=-0.911  TEE4=-0.919
rank=121 Lx=Ly=22 pg= 0.880 ids= 377 TEE1=-0.769 TEE2=-0.886 TEE3=-0.897  TEE4=-0.878
rank=102 Lx=Ly=22 pg= 0.890 ids= 358 TEE1=-0.822 TEE2=-0.930 TEE3=-0.936  TEE4=-0.940
rank=  8 Lx=Ly=22 pg= 0.890 ids= 264 TEE1=-0.839 TEE2=-0.946 TEE3=-0.952  TEE4=-0.969
rank= 90 Lx=Ly=22 pg= 0.860 ids= 346 TEE1=-0.721 TEE2=-0.810 TEE3=-0.818  TEE4=-0.783
rank=116 Lx=Ly=22 pg= 0.880 ids= 372 TEE1=-0.746 TEE2=-0.818 TEE3=-0.798  TEE4=-0.752
rank=127 Lx=Ly=22 pg= 0.880 ids= 383 TEE1=-0.771 TEE2=-0.888 TEE3=-0.895  TEE4=-0.921
rank=  4 Lx=Ly=22 pg= 0.880 ids= 260 TEE1=-0.748 TEE2=-0.814 TEE3=-0.800  TEE4=-0.800
rank= 31 Lx=Ly=22 pg= 0.880 ids= 287 TEE1=-0.831 TEE2=-0.928 TEE3=-0.921  TEE4=-0.909
rank= 14 Lx=Ly=22 pg= 0.890 ids= 270 TEE1=-0.806 TEE2=-0.903 TEE3=-0.907  TEE4=-0.895
rank= 16 Lx=Ly=22 pg= 0.870 ids= 272 TEE1=-0.752 TEE2=-0.868 TEE3=-0.864  TEE4=-0.897
rank=  0 Lx=Ly=22 pg= 0.880 ids= 256 TEE1=-0.754 TEE2=-0.833 TEE3=-0.824  TEE4=-0.777
rank= 21 Lx=Ly=22 pg= 0.870 ids= 277 TEE1=-0.789 TEE2=-0.866 TEE3=-0.853  TEE4=-0.855
rank= 30 Lx=Ly=22 pg= 0.880 ids= 286 TEE1=-0.754 TEE2=-0.851 TEE3=-0.860  TEE4=-0.853
rank= 27 Lx=Ly=22 pg= 0.880 ids= 283 TEE1=-0.744 TEE2=-0.886 TEE3=-0.880  TEE4=-0.864
rank= 22 Lx=Ly=22 pg= 0.870 ids= 278 TEE1=-0.773 TEE2=-0.868 TEE3=-0.849  TEE4=-0.853
rank= 65 Lx=Ly=22 pg= 0.890 ids= 321 TEE1=-0.806 TEE2=-0.897 TEE3=-0.897  TEE4=-0.890
rank= 93 Lx=Ly=22 pg= 0.870 ids= 349 TEE1=-0.727 TEE2=-0.818 TEE3=-0.806  TEE4=-0.820
rank=115 Lx=Ly=22 pg= 0.870 ids= 371 TEE1=-0.731 TEE2=-0.808 TEE3=-0.804  TEE4=-0.800
rank= 72 Lx=Ly=22 pg= 0.870 ids= 328 TEE1=-0.723 TEE2=-0.824 TEE3=-0.820  TEE4=-0.843
rank=117 Lx=Ly=22 pg= 0.870 ids= 373 TEE1=-0.731 TEE2=-0.833 TEE3=-0.831  TEE4=-0.820
rank= 98 Lx=Ly=22 pg= 0.890 ids= 354 TEE1=-0.814 TEE2=-0.884 TEE3=-0.880  TEE4=-0.884
rank=108 Lx=Ly=22 pg= 0.880 ids= 364 TEE1=-0.826 TEE2=-0.924 TEE3=-0.919  TEE4=-0.948
rank= 76 Lx=Ly=22 pg= 0.870 ids= 332 TEE1=-0.750 TEE2=-0.826 TEE3=-0.839  TEE4=-0.829
rank=125 Lx=Ly=22 pg= 0.880 ids= 381 TEE1=-0.818 TEE2=-0.932 TEE3=-0.936  TEE4=-0.952
rank= 32 Lx=Ly=22 pg= 0.880 ids= 288 TEE1=-0.771 TEE2=-0.862 TEE3=-0.860  TEE4=-0.884
rank=124 Lx=Ly=22 pg= 0.870 ids= 380 TEE1=-0.775 TEE2=-0.855 TEE3=-0.853  TEE4=-0.833
rank= 99 Lx=Ly=22 pg= 0.890 ids= 355 TEE1=-0.791 TEE2=-0.913 TEE3=-0.909  TEE4=-0.921
rank= 91 Lx=Ly=22 pg= 0.870 ids= 347 TEE1=-0.798 TEE2=-0.878 TEE3=-0.878  TEE4=-0.876
rank=118 Lx=Ly=22 pg= 0.880 ids= 374 TEE1=-0.740 TEE2=-0.824 TEE3=-0.826  TEE4=-0.787
rank= 42 Lx=Ly=22 pg= 0.890 ids= 298 TEE1=-0.831 TEE2=-0.924 TEE3=-0.926  TEE4=-0.944
rank= 29 Lx=Ly=22 pg= 0.880 ids= 285 TEE1=-0.824 TEE2=-0.921 TEE3=-0.924  TEE4=-0.944
rank=126 Lx=Ly=22 pg= 0.870 ids= 382 TEE1=-0.779 TEE2=-0.890 TEE3=-0.897  TEE4=-0.909
rank= 34 Lx=Ly=22 pg= 0.880 ids= 290 TEE1=-0.775 TEE2=-0.857 TEE3=-0.862  TEE4=-0.866
rank= 83 Lx=Ly=22 pg= 0.880 ids= 339 TEE1=-0.798 TEE2=-0.897 TEE3=-0.901  TEE4=-0.886
rank= 40 Lx=Ly=22 pg= 0.890 ids= 296 TEE1=-0.804 TEE2=-0.897 TEE3=-0.882  TEE4=-0.874
rank= 10 Lx=Ly=22 pg= 0.890 ids= 266 TEE1=-0.767 TEE2=-0.868 TEE3=-0.868  TEE4=-0.907
rank= 96 Lx=Ly=22 pg= 0.890 ids= 352 TEE1=-0.860 TEE2=-0.940 TEE3=-0.940  TEE4=-0.959
rank= 36 Lx=Ly=22 pg= 0.880 ids= 292 TEE1=-0.800 TEE2=-0.899 TEE3=-0.890  TEE4=-0.915
rank=105 Lx=Ly=22 pg= 0.880 ids= 361 TEE1=-0.795 TEE2=-0.864 TEE3=-0.847  TEE4=-0.837
rank=123 Lx=Ly=22 pg= 0.880 ids= 379 TEE1=-0.771 TEE2=-0.899 TEE3=-0.893  TEE4=-0.926
rank= 64 Lx=Ly=22 pg= 0.880 ids= 320 TEE1=-0.762 TEE2=-0.878 TEE3=-0.880  TEE4=-0.880
rank= 67 Lx=Ly=22 pg= 0.890 ids= 323 TEE1=-0.847 TEE2=-0.959 TEE3=-0.961  TEE4=-0.981
rank= 18 Lx=Ly=22 pg= 0.870 ids= 274 TEE1=-0.791 TEE2=-0.913 TEE3=-0.919  TEE4=-0.913
rank= 48 Lx=Ly=22 pg= 0.880 ids= 304 TEE1=-0.812 TEE2=-0.890 TEE3=-0.882  TEE4=-0.886
rank= 26 Lx=Ly=22 pg= 0.880 ids= 282 TEE1=-0.779 TEE2=-0.855 TEE3=-0.853  TEE4=-0.853
rank=114 Lx=Ly=22 pg= 0.880 ids= 370 TEE1=-0.781 TEE2=-0.911 TEE3=-0.911  TEE4=-0.942
rank=  5 Lx=Ly=22 pg= 0.890 ids= 261 TEE1=-0.810 TEE2=-0.890 TEE3=-0.874  TEE4=-0.862
rank=  1 Lx=Ly=22 pg= 0.890 ids= 257 TEE1=-0.814 TEE2=-0.897 TEE3=-0.899  TEE4=-0.890
rank=111 Lx=Ly=22 pg= 0.880 ids= 367 TEE1=-0.750 TEE2=-0.849 TEE3=-0.851  TEE4=-0.845
rank= 45 Lx=Ly=22 pg= 0.890 ids= 301 TEE1=-0.851 TEE2=-0.940 TEE3=-0.946  TEE4=-0.950
rank=  7 Lx=Ly=22 pg= 0.890 ids= 263 TEE1=-0.810 TEE2=-0.917 TEE3=-0.924  TEE4=-0.930
rank= 75 Lx=Ly=22 pg= 0.880 ids= 331 TEE1=-0.798 TEE2=-0.878 TEE3=-0.872  TEE4=-0.895
rank= 44 Lx=Ly=22 pg= 0.890 ids= 300 TEE1=-0.824 TEE2=-0.909 TEE3=-0.909  TEE4=-0.917
rank=  2 Lx=Ly=22 pg= 0.890 ids= 258 TEE1=-0.798 TEE2=-0.882 TEE3=-0.895  TEE4=-0.919
rank= 57 Lx=Ly=22 pg= 0.880 ids= 313 TEE1=-0.824 TEE2=-0.936 TEE3=-0.928  TEE4=-0.932
rank=122 Lx=Ly=22 pg= 0.880 ids= 378 TEE1=-0.791 TEE2=-0.905 TEE3=-0.911  TEE4=-0.934
rank= 74 Lx=Ly=22 pg= 0.880 ids= 330 TEE1=-0.764 TEE2=-0.884 TEE3=-0.882  TEE4=-0.924
rank= 97 Lx=Ly=22 pg= 0.890 ids= 353 TEE1=-0.793 TEE2=-0.878 TEE3=-0.882  TEE4=-0.890
rank= 53 Lx=Ly=22 pg= 0.880 ids= 309 TEE1=-0.758 TEE2=-0.843 TEE3=-0.841  TEE4=-0.847
rank= 55 Lx=Ly=22 pg= 0.880 ids= 311 TEE1=-0.808 TEE2=-0.930 TEE3=-0.942  TEE4=-0.963
rank= 56 Lx=Ly=22 pg= 0.880 ids= 312 TEE1=-0.750 TEE2=-0.853 TEE3=-0.853  TEE4=-0.897
rank= 87 Lx=Ly=22 pg= 0.880 ids= 343 TEE1=-0.740 TEE2=-0.851 TEE3=-0.839  TEE4=-0.847
rank= 46 Lx=Ly=22 pg= 0.890 ids= 302 TEE1=-0.818 TEE2=-0.907 TEE3=-0.905  TEE4=-0.905
rank= 95 Lx=Ly=22 pg= 0.870 ids= 351 TEE1=-0.771 TEE2=-0.845 TEE3=-0.839  TEE4=-0.839
rank=109 Lx=Ly=22 pg= 0.880 ids= 365 TEE1=-0.791 TEE2=-0.849 TEE3=-0.824  TEE4=-0.820
rank= 58 Lx=Ly=22 pg= 0.880 ids= 314 TEE1=-0.804 TEE2=-0.855 TEE3=-0.855  TEE4=-0.857
rank= 37 Lx=Ly=22 pg= 0.890 ids= 293 TEE1=-0.806 TEE2=-0.911 TEE3=-0.915  TEE4=-0.888
rank= 11 Lx=Ly=22 pg= 0.890 ids= 267 TEE1=-0.798 TEE2=-0.878 TEE3=-0.884  TEE4=-0.919
rank= 24 Lx=Ly=22 pg= 0.880 ids= 280 TEE1=-0.787 TEE2=-0.868 TEE3=-0.868  TEE4=-0.862
rank= 33 Lx=Ly=22 pg= 0.890 ids= 289 TEE1=-0.798 TEE2=-0.882 TEE3=-0.874  TEE4=-0.866
rank= 71 Lx=Ly=22 pg= 0.890 ids= 327 TEE1=-0.789 TEE2=-0.843 TEE3=-0.837  TEE4=-0.866
rank=101 Lx=Ly=22 pg= 0.890 ids= 357 TEE1=-0.795 TEE2=-0.915 TEE3=-0.924  TEE4=-0.930
rank= 39 Lx=Ly=22 pg= 0.890 ids= 295 TEE1=-0.775 TEE2=-0.855 TEE3=-0.851  TEE4=-0.864
rank= 73 Lx=Ly=22 pg= 0.880 ids= 329 TEE1=-0.781 TEE2=-0.886 TEE3=-0.888  TEE4=-0.924
rank= 41 Lx=Ly=22 pg= 0.890 ids= 297 TEE1=-0.872 TEE2=-0.957 TEE3=-0.963  TEE4=-0.971
rank= 50 Lx=Ly=22 pg= 0.880 ids= 306 TEE1=-0.779 TEE2=-0.874 TEE3=-0.857  TEE4=-0.847
rank= 59 Lx=Ly=22 pg= 0.880 ids= 315 TEE1=-0.843 TEE2=-0.938 TEE3=-0.928  TEE4=-0.936
rank= 86 Lx=Ly=22 pg= 0.870 ids= 342 TEE1=-0.694 TEE2=-0.800 TEE3=-0.785  TEE4=-0.802
rank= 80 Lx=Ly=22 pg= 0.870 ids= 336 TEE1=-0.760 TEE2=-0.853 TEE3=-0.860  TEE4=-0.853
rank= 69 Lx=Ly=22 pg= 0.890 ids= 325 TEE1=-0.839 TEE2=-0.940 TEE3=-0.934  TEE4=-0.957
rank= 28 Lx=Ly=22 pg= 0.880 ids= 284 TEE1=-0.781 TEE2=-0.872 TEE3=-0.860  TEE4=-0.841
rank= 62 Lx=Ly=22 pg= 0.880 ids= 318 TEE1=-0.781 TEE2=-0.874 TEE3=-0.868  TEE4=-0.862
rank=107 Lx=Ly=22 pg= 0.890 ids= 363 TEE1=-0.849 TEE2=-0.934 TEE3=-0.932  TEE4=-0.942
rank=103 Lx=Ly=22 pg= 0.890 ids= 359 TEE1=-0.793 TEE2=-0.905 TEE3=-0.895  TEE4=-0.903
rank= 94 Lx=Ly=22 pg= 0.870 ids= 350 TEE1=-0.717 TEE2=-0.798 TEE3=-0.795  TEE4=-0.785
rank= 78 Lx=Ly=22 pg= 0.880 ids= 334 TEE1=-0.750 TEE2=-0.895 TEE3=-0.893  TEE4=-0.899
rank=119 Lx=Ly=22 pg= 0.880 ids= 375 TEE1=-0.777 TEE2=-0.864 TEE3=-0.860  TEE4=-0.833
rank= 84 Lx=Ly=22 pg= 0.870 ids= 340 TEE1=-0.698 TEE2=-0.789 TEE3=-0.789  TEE4=-0.723
rank= 66 Lx=Ly=22 pg= 0.880 ids= 322 TEE1=-0.733 TEE2=-0.820 TEE3=-0.808  TEE4=-0.775
rank= 25 Lx=Ly=22 pg= 0.890 ids= 281 TEE1=-0.835 TEE2=-0.934 TEE3=-0.924  TEE4=-0.911
rank= 52 Lx=Ly=22 pg= 0.880 ids= 308 TEE1=-0.835 TEE2=-0.915 TEE3=-0.926  TEE4=-0.921
rank=  3 Lx=Ly=22 pg= 0.900 ids= 259 TEE1=-0.862 TEE2=-0.940 TEE3=-0.940  TEE4=-0.952
rank=112 Lx=Ly=22 pg= 0.890 ids= 368 TEE1=-0.752 TEE2=-0.870 TEE3=-0.860  TEE4=-0.890
rank= 88 Lx=Ly=22 pg= 0.870 ids= 344 TEE1=-0.769 TEE2=-0.826 TEE3=-0.831  TEE4=-0.831
rank=110 Lx=Ly=22 pg= 0.890 ids= 366 TEE1=-0.804 TEE2=-0.886 TEE3=-0.872  TEE4=-0.876
rank= 19 Lx=Ly=22 pg= 0.880 ids= 275 TEE1=-0.820 TEE2=-0.919 TEE3=-0.921  TEE4=-0.913
rank= 60 Lx=Ly=22 pg= 0.880 ids= 316 TEE1=-0.676 TEE2=-0.798 TEE3=-0.798  TEE4=-0.789
rank= 43 Lx=Ly=22 pg= 0.890 ids= 299 TEE1=-0.798 TEE2=-0.911 TEE3=-0.911  TEE4=-0.911
rank= 47 Lx=Ly=22 pg= 0.890 ids= 303 TEE1=-0.835 TEE2=-0.917 TEE3=-0.913  TEE4=-0.905
rank=100 Lx=Ly=22 pg= 0.900 ids= 356 TEE1=-0.839 TEE2=-0.938 TEE3=-0.938  TEE4=-0.940
rank= 51 Lx=Ly=22 pg= 0.890 ids= 307 TEE1=-0.777 TEE2=-0.872 TEE3=-0.868  TEE4=-0.882
rank=  6 Lx=Ly=22 pg= 0.890 ids= 262 TEE1=-0.824 TEE2=-0.940 TEE3=-0.938  TEE4=-0.928
rank= 20 Lx=Ly=22 pg= 0.880 ids= 276 TEE1=-0.795 TEE2=-0.876 TEE3=-0.862  TEE4=-0.868
rank= 89 Lx=Ly=22 pg= 0.880 ids= 345 TEE1=-0.798 TEE2=-0.866 TEE3=-0.874  TEE4=-0.895
rank=113 Lx=Ly=22 pg= 0.880 ids= 369 TEE1=-0.744 TEE2=-0.833 TEE3=-0.824  TEE4=-0.837
rank= 15 Lx=Ly=22 pg= 0.890 ids= 271 TEE1=-0.795 TEE2=-0.870 TEE3=-0.860  TEE4=-0.876
rank=106 Lx=Ly=22 pg= 0.890 ids= 362 TEE1=-0.826 TEE2=-0.926 TEE3=-0.928  TEE4=-0.928
rank= 23 Lx=Ly=22 pg= 0.880 ids= 279 TEE1=-0.760 TEE2=-0.870 TEE3=-0.874  TEE4=-0.893
rank= 81 Lx=Ly=22 pg= 0.880 ids= 337 TEE1=-0.795 TEE2=-0.901 TEE3=-0.903  TEE4=-0.907
rank= 85 Lx=Ly=22 pg= 0.880 ids= 341 TEE1=-0.756 TEE2=-0.849 TEE3=-0.849  TEE4=-0.860
rank= 63 Lx=Ly=22 pg= 0.880 ids= 319 TEE1=-0.767 TEE2=-0.897 TEE3=-0.890  TEE4=-0.874
rank=120 Lx=Ly=22 pg= 0.880 ids= 376 TEE1=-0.806 TEE2=-0.926 TEE3=-0.928  TEE4=-0.936
rank= 77 Lx=Ly=22 pg= 0.880 ids= 333 TEE1=-0.866 TEE2=-0.938 TEE3=-0.928  TEE4=-0.915
rank= 79 Lx=Ly=22 pg= 0.880 ids= 335 TEE1=-0.814 TEE2=-0.903 TEE3=-0.903  TEE4=-0.903
rank= 38 Lx=Ly=22 pg= 0.890 ids= 294 TEE1=-0.783 TEE2=-0.866 TEE3=-0.868  TEE4=-0.884
rank= 82 Lx=Ly=22 pg= 0.880 ids= 338 TEE1=-0.791 TEE2=-0.880 TEE3=-0.874  TEE4=-0.866
rank= 54 Lx=Ly=22 pg= 0.880 ids= 310 TEE1=-0.808 TEE2=-0.895 TEE3=-0.901  TEE4=-0.915
rank= 17 Lx=Ly=22 pg= 0.880 ids= 273 TEE1=-0.762 TEE2=-0.839 TEE3=-0.833  TEE4=-0.853
rank= 35 Lx=Ly=22 pg= 0.900 ids= 291 TEE1=-0.835 TEE2=-0.919 TEE3=-0.919  TEE4=-0.934
rank= 68 Lx=Ly=22 pg= 0.880 ids= 324 TEE1=-0.793 TEE2=-0.890 TEE3=-0.890  TEE4=-0.874
rank= 12 Lx=Ly=22 pg= 0.900 ids= 268 TEE1=-0.851 TEE2=-0.942 TEE3=-0.955  TEE4=-0.955
rank= 61 Lx=Ly=22 pg= 0.880 ids= 317 TEE1=-0.764 TEE2=-0.851 TEE3=-0.841  TEE4=-0.860
rank= 13 Lx=Ly=22 pg= 0.890 ids= 269 TEE1=-0.853 TEE2=-0.934 TEE3=-0.936  TEE4=-0.950
rank=  9 Lx=Ly=22 pg= 0.890 ids= 265 TEE1=-0.781 TEE2=-0.882 TEE3=-0.878  TEE4=-0.921
rank=104 Lx=Ly=22 pg= 0.890 ids= 360 TEE1=-0.820 TEE2=-0.921 TEE3=-0.919  TEE4=-0.932
rank= 49 Lx=Ly=22 pg= 0.890 ids= 305 TEE1=-0.820 TEE2=-0.905 TEE3=-0.905  TEE4=-0.909
rank=102 Lx=Ly=22 pg= 0.900 ids= 358 TEE1=-0.833 TEE2=-0.932 TEE3=-0.940  TEE4=-0.959
rank=121 Lx=Ly=22 pg= 0.890 ids= 377 TEE1=-0.833 TEE2=-0.905 TEE3=-0.905  TEE4=-0.930
rank= 70 Lx=Ly=22 pg= 0.880 ids= 326 TEE1=-0.789 TEE2=-0.888 TEE3=-0.882  TEE4=-0.855
rank=  8 Lx=Ly=22 pg= 0.900 ids= 264 TEE1=-0.808 TEE2=-0.917 TEE3=-0.921  TEE4=-0.942
rank= 92 Lx=Ly=22 pg= 0.870 ids= 348 TEE1=-0.674 TEE2=-0.756 TEE3=-0.729  TEE4=-0.665
rank=116 Lx=Ly=22 pg= 0.890 ids= 372 TEE1=-0.804 TEE2=-0.893 TEE3=-0.890  TEE4=-0.874
rank=  4 Lx=Ly=22 pg= 0.890 ids= 260 TEE1=-0.847 TEE2=-0.952 TEE3=-0.952  TEE4=-0.973
rank=127 Lx=Ly=22 pg= 0.890 ids= 383 TEE1=-0.818 TEE2=-0.946 TEE3=-0.948  TEE4=-0.950
rank= 90 Lx=Ly=22 pg= 0.870 ids= 346 TEE1=-0.806 TEE2=-0.870 TEE3=-0.866  TEE4=-0.839
rank= 14 Lx=Ly=22 pg= 0.900 ids= 270 TEE1=-0.857 TEE2=-0.926 TEE3=-0.934  TEE4=-0.950
rank= 31 Lx=Ly=22 pg= 0.890 ids= 287 TEE1=-0.870 TEE2=-0.940 TEE3=-0.934  TEE4=-0.913
rank= 16 Lx=Ly=22 pg= 0.880 ids= 272 TEE1=-0.835 TEE2=-0.899 TEE3=-0.897  TEE4=-0.882
rank=  0 Lx=Ly=22 pg= 0.890 ids= 256 TEE1=-0.777 TEE2=-0.874 TEE3=-0.870  TEE4=-0.868
rank= 21 Lx=Ly=22 pg= 0.880 ids= 277 TEE1=-0.769 TEE2=-0.874 TEE3=-0.876  TEE4=-0.878
rank= 30 Lx=Ly=22 pg= 0.890 ids= 286 TEE1=-0.791 TEE2=-0.895 TEE3=-0.895  TEE4=-0.909
rank= 27 Lx=Ly=22 pg= 0.890 ids= 283 TEE1=-0.831 TEE2=-0.940 TEE3=-0.936  TEE4=-0.948
rank= 22 Lx=Ly=22 pg= 0.880 ids= 278 TEE1=-0.826 TEE2=-0.942 TEE3=-0.952  TEE4=-0.973
rank= 65 Lx=Ly=22 pg= 0.900 ids= 321 TEE1=-0.808 TEE2=-0.905 TEE3=-0.909  TEE4=-0.930
rank= 93 Lx=Ly=22 pg= 0.880 ids= 349 TEE1=-0.748 TEE2=-0.855 TEE3=-0.860  TEE4=-0.897
rank= 98 Lx=Ly=22 pg= 0.900 ids= 354 TEE1=-0.795 TEE2=-0.890 TEE3=-0.890  TEE4=-0.907
rank=115 Lx=Ly=22 pg= 0.880 ids= 371 TEE1=-0.777 TEE2=-0.831 TEE3=-0.806  TEE4=-0.835
rank= 72 Lx=Ly=22 pg= 0.880 ids= 328 TEE1=-0.804 TEE2=-0.868 TEE3=-0.855  TEE4=-0.847
rank=108 Lx=Ly=22 pg= 0.890 ids= 364 TEE1=-0.824 TEE2=-0.934 TEE3=-0.942  TEE4=-0.952
rank=117 Lx=Ly=22 pg= 0.880 ids= 373 TEE1=-0.798 TEE2=-0.903 TEE3=-0.909  TEE4=-0.878
rank= 76 Lx=Ly=22 pg= 0.880 ids= 332 TEE1=-0.829 TEE2=-0.911 TEE3=-0.911  TEE4=-0.913
rank= 99 Lx=Ly=22 pg= 0.900 ids= 355 TEE1=-0.864 TEE2=-0.955 TEE3=-0.950  TEE4=-0.971
rank= 32 Lx=Ly=22 pg= 0.890 ids= 288 TEE1=-0.826 TEE2=-0.913 TEE3=-0.903  TEE4=-0.907
rank=125 Lx=Ly=22 pg= 0.890 ids= 381 TEE1=-0.779 TEE2=-0.847 TEE3=-0.839  TEE4=-0.857
rank=124 Lx=Ly=22 pg= 0.880 ids= 380 TEE1=-0.771 TEE2=-0.895 TEE3=-0.890  TEE4=-0.864
rank= 91 Lx=Ly=22 pg= 0.880 ids= 347 TEE1=-0.808 TEE2=-0.899 TEE3=-0.888  TEE4=-0.907
rank=118 Lx=Ly=22 pg= 0.890 ids= 374 TEE1=-0.816 TEE2=-0.915 TEE3=-0.909  TEE4=-0.942
rank= 42 Lx=Ly=22 pg= 0.900 ids= 298 TEE1=-0.775 TEE2=-0.876 TEE3=-0.880  TEE4=-0.862
rank= 29 Lx=Ly=22 pg= 0.890 ids= 285 TEE1=-0.851 TEE2=-0.936 TEE3=-0.946  TEE4=-0.955
rank= 34 Lx=Ly=22 pg= 0.890 ids= 290 TEE1=-0.752 TEE2=-0.847 TEE3=-0.837  TEE4=-0.843
rank= 40 Lx=Ly=22 pg= 0.900 ids= 296 TEE1=-0.816 TEE2=-0.932 TEE3=-0.932  TEE4=-0.957
rank= 10 Lx=Ly=22 pg= 0.900 ids= 266 TEE1=-0.829 TEE2=-0.919 TEE3=-0.913  TEE4=-0.903
rank= 83 Lx=Ly=22 pg= 0.890 ids= 339 TEE1=-0.806 TEE2=-0.930 TEE3=-0.932  TEE4=-0.959
rank=126 Lx=Ly=22 pg= 0.880 ids= 382 TEE1=-0.802 TEE2=-0.921 TEE3=-0.924  TEE4=-0.940
rank= 96 Lx=Ly=22 pg= 0.900 ids= 352 TEE1=-0.868 TEE2=-0.936 TEE3=-0.940  TEE4=-0.936
rank= 36 Lx=Ly=22 pg= 0.890 ids= 292 TEE1=-0.837 TEE2=-0.928 TEE3=-0.928  TEE4=-0.924
rank=105 Lx=Ly=22 pg= 0.890 ids= 361 TEE1=-0.826 TEE2=-0.940 TEE3=-0.944  TEE4=-0.955
rank= 64 Lx=Ly=22 pg= 0.890 ids= 320 TEE1=-0.853 TEE2=-0.952 TEE3=-0.957  TEE4=-0.979
rank=123 Lx=Ly=22 pg= 0.890 ids= 379 TEE1=-0.820 TEE2=-0.888 TEE3=-0.888  TEE4=-0.882
rank= 67 Lx=Ly=22 pg= 0.900 ids= 323 TEE1=-0.843 TEE2=-0.928 TEE3=-0.932  TEE4=-0.926
rank= 18 Lx=Ly=22 pg= 0.880 ids= 274 TEE1=-0.767 TEE2=-0.824 TEE3=-0.820  TEE4=-0.729
rank= 48 Lx=Ly=22 pg= 0.890 ids= 304 TEE1=-0.816 TEE2=-0.921 TEE3=-0.915  TEE4=-0.907
rank= 26 Lx=Ly=22 pg= 0.890 ids= 282 TEE1=-0.853 TEE2=-0.928 TEE3=-0.905  TEE4=-0.882
rank=114 Lx=Ly=22 pg= 0.890 ids= 370 TEE1=-0.750 TEE2=-0.814 TEE3=-0.810  TEE4=-0.829
rank=  5 Lx=Ly=22 pg= 0.900 ids= 261 TEE1=-0.831 TEE2=-0.924 TEE3=-0.924  TEE4=-0.938
rank= 45 Lx=Ly=22 pg= 0.900 ids= 301 TEE1=-0.808 TEE2=-0.911 TEE3=-0.911  TEE4=-0.944
rank=  1 Lx=Ly=22 pg= 0.900 ids= 257 TEE1=-0.862 TEE2=-0.969 TEE3=-0.969  TEE4=-0.977
rank=111 Lx=Ly=22 pg= 0.890 ids= 367 TEE1=-0.783 TEE2=-0.880 TEE3=-0.895  TEE4=-0.901
rank=  7 Lx=Ly=22 pg= 0.900 ids= 263 TEE1=-0.824 TEE2=-0.905 TEE3=-0.901  TEE4=-0.890
rank=  2 Lx=Ly=22 pg= 0.900 ids= 258 TEE1=-0.862 TEE2=-0.946 TEE3=-0.948  TEE4=-0.950
rank= 44 Lx=Ly=22 pg= 0.900 ids= 300 TEE1=-0.814 TEE2=-0.903 TEE3=-0.901  TEE4=-0.917
rank= 75 Lx=Ly=22 pg= 0.890 ids= 331 TEE1=-0.818 TEE2=-0.901 TEE3=-0.901  TEE4=-0.913
rank= 57 Lx=Ly=22 pg= 0.890 ids= 313 TEE1=-0.758 TEE2=-0.837 TEE3=-0.837  TEE4=-0.837
rank=122 Lx=Ly=22 pg= 0.890 ids= 378 TEE1=-0.835 TEE2=-0.930 TEE3=-0.928  TEE4=-0.938
rank= 97 Lx=Ly=22 pg= 0.900 ids= 353 TEE1=-0.802 TEE2=-0.899 TEE3=-0.895  TEE4=-0.938
rank= 74 Lx=Ly=22 pg= 0.890 ids= 330 TEE1=-0.851 TEE2=-0.932 TEE3=-0.930  TEE4=-0.926
rank= 53 Lx=Ly=22 pg= 0.890 ids= 309 TEE1=-0.822 TEE2=-0.911 TEE3=-0.915  TEE4=-0.928
rank= 46 Lx=Ly=22 pg= 0.900 ids= 302 TEE1=-0.847 TEE2=-0.944 TEE3=-0.942  TEE4=-0.934
rank= 55 Lx=Ly=22 pg= 0.890 ids= 311 TEE1=-0.783 TEE2=-0.903 TEE3=-0.903  TEE4=-0.913
rank= 56 Lx=Ly=22 pg= 0.890 ids= 312 TEE1=-0.808 TEE2=-0.901 TEE3=-0.901  TEE4=-0.903
rank= 87 Lx=Ly=22 pg= 0.890 ids= 343 TEE1=-0.826 TEE2=-0.926 TEE3=-0.928  TEE4=-0.921
rank= 11 Lx=Ly=22 pg= 0.900 ids= 267 TEE1=-0.847 TEE2=-0.936 TEE3=-0.940  TEE4=-0.955
rank= 95 Lx=Ly=22 pg= 0.880 ids= 351 TEE1=-0.800 TEE2=-0.901 TEE3=-0.907  TEE4=-0.917
rank= 37 Lx=Ly=22 pg= 0.900 ids= 293 TEE1=-0.857 TEE2=-0.944 TEE3=-0.950  TEE4=-0.963
rank= 58 Lx=Ly=22 pg= 0.890 ids= 314 TEE1=-0.843 TEE2=-0.926 TEE3=-0.921  TEE4=-0.940
rank=109 Lx=Ly=22 pg= 0.890 ids= 365 TEE1=-0.839 TEE2=-0.913 TEE3=-0.907  TEE4=-0.921
rank= 24 Lx=Ly=22 pg= 0.890 ids= 280 TEE1=-0.820 TEE2=-0.913 TEE3=-0.919  TEE4=-0.913
rank= 33 Lx=Ly=22 pg= 0.900 ids= 289 TEE1=-0.826 TEE2=-0.928 TEE3=-0.926  TEE4=-0.952
rank= 71 Lx=Ly=22 pg= 0.900 ids= 327 TEE1=-0.874 TEE2=-0.992 TEE3=-0.992  TEE4=-0.994
rank=101 Lx=Ly=22 pg= 0.900 ids= 357 TEE1=-0.868 TEE2=-0.946 TEE3=-0.946  TEE4=-0.942
rank= 41 Lx=Ly=22 pg= 0.900 ids= 297 TEE1=-0.847 TEE2=-0.942 TEE3=-0.932  TEE4=-0.940
rank= 39 Lx=Ly=22 pg= 0.900 ids= 295 TEE1=-0.820 TEE2=-0.913 TEE3=-0.899  TEE4=-0.895
rank= 73 Lx=Ly=22 pg= 0.890 ids= 329 TEE1=-0.868 TEE2=-0.957 TEE3=-0.957  TEE4=-0.973
rank= 50 Lx=Ly=22 pg= 0.890 ids= 306 TEE1=-0.835 TEE2=-0.915 TEE3=-0.903  TEE4=-0.907
rank= 59 Lx=Ly=22 pg= 0.890 ids= 315 TEE1=-0.773 TEE2=-0.862 TEE3=-0.860  TEE4=-0.857
rank= 69 Lx=Ly=22 pg= 0.900 ids= 325 TEE1=-0.862 TEE2=-0.959 TEE3=-0.959  TEE4=-0.973
rank= 86 Lx=Ly=22 pg= 0.880 ids= 342 TEE1=-0.785 TEE2=-0.851 TEE3=-0.839  TEE4=-0.843
rank= 28 Lx=Ly=22 pg= 0.890 ids= 284 TEE1=-0.851 TEE2=-0.975 TEE3=-0.973  TEE4=-0.979
rank=107 Lx=Ly=22 pg= 0.900 ids= 363 TEE1=-0.802 TEE2=-0.911 TEE3=-0.909  TEE4=-0.921
rank= 80 Lx=Ly=22 pg= 0.880 ids= 336 TEE1=-0.771 TEE2=-0.868 TEE3=-0.860  TEE4=-0.870
rank= 62 Lx=Ly=22 pg= 0.890 ids= 318 TEE1=-0.802 TEE2=-0.899 TEE3=-0.897  TEE4=-0.917
rank=103 Lx=Ly=22 pg= 0.900 ids= 359 TEE1=-0.787 TEE2=-0.899 TEE3=-0.903  TEE4=-0.909
rank= 78 Lx=Ly=22 pg= 0.890 ids= 334 TEE1=-0.849 TEE2=-0.926 TEE3=-0.926  TEE4=-0.948
rank=119 Lx=Ly=22 pg= 0.890 ids= 375 TEE1=-0.781 TEE2=-0.917 TEE3=-0.917  TEE4=-0.915
rank= 94 Lx=Ly=22 pg= 0.880 ids= 350 TEE1=-0.793 TEE2=-0.886 TEE3=-0.866  TEE4=-0.845
rank= 66 Lx=Ly=22 pg= 0.890 ids= 322 TEE1=-0.785 TEE2=-0.901 TEE3=-0.897  TEE4=-0.888
rank=  3 Lx=Ly=22 pg= 0.700 ids= 387 TEE1=-0.054 TEE2= 0.031 TEE3= 0.037  TEE4= 0.031
rank= 84 Lx=Ly=22 pg= 0.880 ids= 340 TEE1=-0.808 TEE2=-0.926 TEE3=-0.919  TEE4=-0.907
rank= 25 Lx=Ly=22 pg= 0.900 ids= 281 TEE1=-0.872 TEE2=-0.936 TEE3=-0.940  TEE4=-0.950
rank=112 Lx=Ly=22 pg= 0.900 ids= 368 TEE1=-0.841 TEE2=-0.930 TEE3=-0.928  TEE4=-0.924
rank= 52 Lx=Ly=22 pg= 0.890 ids= 308 TEE1=-0.795 TEE2=-0.905 TEE3=-0.911  TEE4=-0.938
rank=110 Lx=Ly=22 pg= 0.900 ids= 366 TEE1=-0.849 TEE2=-0.934 TEE3=-0.928  TEE4=-0.942
rank= 88 Lx=Ly=22 pg= 0.880 ids= 344 TEE1=-0.729 TEE2=-0.831 TEE3=-0.833  TEE4=-0.835
rank= 43 Lx=Ly=22 pg= 0.900 ids= 299 TEE1=-0.760 TEE2=-0.860 TEE3=-0.864  TEE4=-0.882
rank= 19 Lx=Ly=22 pg= 0.890 ids= 275 TEE1=-0.826 TEE2=-0.926 TEE3=-0.930  TEE4=-0.934
rank= 47 Lx=Ly=22 pg= 0.900 ids= 303 TEE1=-0.839 TEE2=-0.938 TEE3=-0.940  TEE4=-0.948
rank=100 Lx=Ly=22 pg= 0.700 ids= 484 TEE1= 0.006 TEE2= 0.025 TEE3= 0.025  TEE4= 0.021
rank= 60 Lx=Ly=22 pg= 0.890 ids= 316 TEE1=-0.800 TEE2=-0.890 TEE3=-0.888  TEE4=-0.893
rank=  6 Lx=Ly=22 pg= 0.900 ids= 262 TEE1=-0.824 TEE2=-0.913 TEE3=-0.913  TEE4=-0.932
rank= 51 Lx=Ly=22 pg= 0.900 ids= 307 TEE1=-0.822 TEE2=-0.903 TEE3=-0.901  TEE4=-0.901
rank= 20 Lx=Ly=22 pg= 0.890 ids= 276 TEE1=-0.808 TEE2=-0.944 TEE3=-0.946  TEE4=-0.957
rank= 89 Lx=Ly=22 pg= 0.890 ids= 345 TEE1=-0.816 TEE2=-0.917 TEE3=-0.905  TEE4=-0.924
rank= 15 Lx=Ly=22 pg= 0.900 ids= 271 TEE1=-0.824 TEE2=-0.932 TEE3=-0.938  TEE4=-0.963
rank=113 Lx=Ly=22 pg= 0.890 ids= 369 TEE1=-0.779 TEE2=-0.888 TEE3=-0.884  TEE4=-0.895
rank=106 Lx=Ly=22 pg= 0.900 ids= 362 TEE1=-0.860 TEE2=-0.955 TEE3=-0.967  TEE4=-0.969
rank= 23 Lx=Ly=22 pg= 0.890 ids= 279 TEE1=-0.787 TEE2=-0.878 TEE3=-0.874  TEE4=-0.862
rank= 81 Lx=Ly=22 pg= 0.890 ids= 337 TEE1=-0.829 TEE2=-0.921 TEE3=-0.936  TEE4=-0.948
rank= 85 Lx=Ly=22 pg= 0.890 ids= 341 TEE1=-0.779 TEE2=-0.882 TEE3=-0.884  TEE4=-0.899
rank= 63 Lx=Ly=22 pg= 0.890 ids= 319 TEE1=-0.798 TEE2=-0.884 TEE3=-0.890  TEE4=-0.924
rank=120 Lx=Ly=22 pg= 0.890 ids= 376 TEE1=-0.783 TEE2=-0.874 TEE3=-0.880  TEE4=-0.899
rank= 38 Lx=Ly=22 pg= 0.900 ids= 294 TEE1=-0.814 TEE2=-0.888 TEE3=-0.880  TEE4=-0.864
rank= 77 Lx=Ly=22 pg= 0.890 ids= 333 TEE1=-0.798 TEE2=-0.876 TEE3=-0.874  TEE4=-0.870
rank= 79 Lx=Ly=22 pg= 0.890 ids= 335 TEE1=-0.839 TEE2=-0.926 TEE3=-0.924  TEE4=-0.917
rank= 82 Lx=Ly=22 pg= 0.890 ids= 338 TEE1=-0.837 TEE2=-0.932 TEE3=-0.930  TEE4=-0.911
rank= 35 Lx=Ly=22 pg= 0.700 ids= 419 TEE1= 0.033 TEE2= 0.035 TEE3= 0.037  TEE4= 0.019
rank= 17 Lx=Ly=22 pg= 0.890 ids= 273 TEE1=-0.831 TEE2=-0.915 TEE3=-0.915  TEE4=-0.893
rank= 54 Lx=Ly=22 pg= 0.890 ids= 310 TEE1=-0.888 TEE2=-0.950 TEE3=-0.959  TEE4=-0.961
rank= 12 Lx=Ly=22 pg= 0.700 ids= 396 TEE1=-0.002 TEE2= 0.031 TEE3= 0.033  TEE4= 0.014
rank= 13 Lx=Ly=22 pg= 0.900 ids= 269 TEE1=-0.837 TEE2=-0.915 TEE3=-0.915  TEE4=-0.932
rank= 68 Lx=Ly=22 pg= 0.890 ids= 324 TEE1=-0.785 TEE2=-0.855 TEE3=-0.833  TEE4=-0.849
rank= 61 Lx=Ly=22 pg= 0.890 ids= 317 TEE1=-0.795 TEE2=-0.903 TEE3=-0.907  TEE4=-0.905
rank=  9 Lx=Ly=22 pg= 0.900 ids= 265 TEE1=-0.855 TEE2=-0.938 TEE3=-0.936  TEE4=-0.921
rank=104 Lx=Ly=22 pg= 0.900 ids= 360 TEE1=-0.845 TEE2=-0.948 TEE3=-0.952  TEE4=-0.965
rank=102 Lx=Ly=22 pg= 0.700 ids= 486 TEE1= 0.054 TEE2= 0.054 TEE3= 0.050  TEE4= 0.019
rank= 49 Lx=Ly=22 pg= 0.900 ids= 305 TEE1=-0.820 TEE2=-0.917 TEE3=-0.921  TEE4=-0.930
rank=  8 Lx=Ly=22 pg= 0.700 ids= 392 TEE1= 0.023 TEE2= 0.058 TEE3= 0.087  TEE4= 0.079
rank=121 Lx=Ly=22 pg= 0.900 ids= 377 TEE1=-0.847 TEE2=-0.936 TEE3=-0.942  TEE4=-0.938
rank=  4 Lx=Ly=22 pg= 0.900 ids= 260 TEE1=-0.839 TEE2=-0.952 TEE3=-0.959  TEE4=-0.969
rank=116 Lx=Ly=22 pg= 0.900 ids= 372 TEE1=-0.802 TEE2=-0.905 TEE3=-0.911  TEE4=-0.919
rank= 70 Lx=Ly=22 pg= 0.890 ids= 326 TEE1=-0.767 TEE2=-0.874 TEE3=-0.864  TEE4=-0.874
rank=127 Lx=Ly=22 pg= 0.900 ids= 383 TEE1=-0.855 TEE2=-0.936 TEE3=-0.938  TEE4=-0.934
rank= 14 Lx=Ly=22 pg= 0.700 ids= 398 TEE1= 0.029 TEE2= 0.041 TEE3= 0.052  TEE4= 0.035
rank= 92 Lx=Ly=22 pg= 0.880 ids= 348 TEE1=-0.781 TEE2=-0.876 TEE3=-0.884  TEE4=-0.913
rank= 31 Lx=Ly=22 pg= 0.900 ids= 287 TEE1=-0.880 TEE2=-0.961 TEE3=-0.957  TEE4=-0.967
rank= 90 Lx=Ly=22 pg= 0.880 ids= 346 TEE1=-0.729 TEE2=-0.853 TEE3=-0.855  TEE4=-0.878
rank= 16 Lx=Ly=22 pg= 0.890 ids= 272 TEE1=-0.833 TEE2=-0.948 TEE3=-0.948  TEE4=-0.952
rank=  0 Lx=Ly=22 pg= 0.900 ids= 256 TEE1=-0.843 TEE2=-0.942 TEE3=-0.936  TEE4=-0.952
rank= 21 Lx=Ly=22 pg= 0.890 ids= 277 TEE1=-0.781 TEE2=-0.855 TEE3=-0.853  TEE4=-0.847
rank= 65 Lx=Ly=22 pg= 0.700 ids= 449 TEE1=-0.035 TEE2=-0.006 TEE3= 0.012  TEE4= 0.006
rank= 30 Lx=Ly=22 pg= 0.900 ids= 286 TEE1=-0.812 TEE2=-0.888 TEE3=-0.884  TEE4=-0.880
rank= 27 Lx=Ly=22 pg= 0.900 ids= 283 TEE1=-0.857 TEE2=-0.957 TEE3=-0.955  TEE4=-0.963
rank= 98 Lx=Ly=22 pg= 0.700 ids= 482 TEE1=-0.006 TEE2= 0.023 TEE3= 0.043  TEE4= 0.043
rank= 22 Lx=Ly=22 pg= 0.890 ids= 278 TEE1=-0.810 TEE2=-0.919 TEE3=-0.926  TEE4=-0.930
rank=125 Lx=Ly=22 pg= 0.900 ids= 381 TEE1=-0.831 TEE2=-0.893 TEE3=-0.903  TEE4=-0.897
rank=115 Lx=Ly=22 pg= 0.890 ids= 371 TEE1=-0.777 TEE2=-0.862 TEE3=-0.864  TEE4=-0.884
rank= 93 Lx=Ly=22 pg= 0.890 ids= 349 TEE1=-0.845 TEE2=-0.936 TEE3=-0.940  TEE4=-0.963
rank=117 Lx=Ly=22 pg= 0.890 ids= 373 TEE1=-0.800 TEE2=-0.882 TEE3=-0.878  TEE4=-0.880
rank=108 Lx=Ly=22 pg= 0.900 ids= 364 TEE1=-0.878 TEE2=-0.967 TEE3=-0.967  TEE4=-0.979
rank=123 Lx=Ly=22 pg= 0.900 ids= 379 TEE1=-0.870 TEE2=-0.936 TEE3=-0.940  TEE4=-0.959
rank= 72 Lx=Ly=22 pg= 0.890 ids= 328 TEE1=-0.847 TEE2=-0.909 TEE3=-0.905  TEE4=-0.895
rank= 99 Lx=Ly=22 pg= 0.700 ids= 483 TEE1=-0.058 TEE2= 0.017 TEE3= 0.052  TEE4= 0.072
rank= 32 Lx=Ly=22 pg= 0.900 ids= 288 TEE1=-0.822 TEE2=-0.905 TEE3=-0.911  TEE4=-0.905
rank=118 Lx=Ly=22 pg= 0.900 ids= 374 TEE1=-0.870 TEE2=-0.959 TEE3=-0.963  TEE4=-0.961
rank= 76 Lx=Ly=22 pg= 0.890 ids= 332 TEE1=-0.777 TEE2=-0.890 TEE3=-0.899  TEE4=-0.928
rank=124 Lx=Ly=22 pg= 0.890 ids= 380 TEE1=-0.831 TEE2=-0.924 TEE3=-0.938  TEE4=-0.946
rank= 42 Lx=Ly=22 pg= 0.700 ids= 426 TEE1= 0.045 TEE2= 0.045 TEE3= 0.045  TEE4= 0.035
rank= 91 Lx=Ly=22 pg= 0.890 ids= 347 TEE1=-0.783 TEE2=-0.864 TEE3=-0.857  TEE4=-0.864
rank=114 Lx=Ly=22 pg= 0.900 ids= 370 TEE1=-0.829 TEE2=-0.932 TEE3=-0.938  TEE4=-0.948
rank= 34 Lx=Ly=22 pg= 0.900 ids= 290 TEE1=-0.818 TEE2=-0.895 TEE3=-0.897  TEE4=-0.882
rank= 40 Lx=Ly=22 pg= 0.700 ids= 424 TEE1= 0.039 TEE2= 0.002 TEE3= 0.004  TEE4= 0.008
rank= 10 Lx=Ly=22 pg= 0.700 ids= 394 TEE1= 0.017 TEE2= 0.035 TEE3= 0.045  TEE4= 0.048
rank= 29 Lx=Ly=22 pg= 0.900 ids= 285 TEE1=-0.822 TEE2=-0.911 TEE3=-0.919  TEE4=-0.917
rank= 83 Lx=Ly=22 pg= 0.900 ids= 339 TEE1=-0.816 TEE2=-0.917 TEE3=-0.915  TEE4=-0.919
rank=126 Lx=Ly=22 pg= 0.890 ids= 382 TEE1=-0.822 TEE2=-0.903 TEE3=-0.897  TEE4=-0.907
rank= 96 Lx=Ly=22 pg= 0.700 ids= 480 TEE1=-0.039 TEE2=-0.006 TEE3= 0.019  TEE4= 0.017
rank= 36 Lx=Ly=22 pg= 0.900 ids= 292 TEE1=-0.806 TEE2=-0.924 TEE3=-0.932  TEE4=-0.938
rank=105 Lx=Ly=22 pg= 0.900 ids= 361 TEE1=-0.833 TEE2=-0.919 TEE3=-0.924  TEE4=-0.938
rank= 67 Lx=Ly=22 pg= 0.700 ids= 451 TEE1=-0.014 TEE2= 0.052 TEE3= 0.068  TEE4= 0.070
rank= 64 Lx=Ly=22 pg= 0.900 ids= 320 TEE1=-0.874 TEE2=-0.944 TEE3=-0.944  TEE4=-0.934
rank= 45 Lx=Ly=22 pg= 0.700 ids= 429 TEE1=-0.010 TEE2= 0.010 TEE3= 0.041  TEE4= 0.064
rank= 48 Lx=Ly=22 pg= 0.900 ids= 304 TEE1=-0.864 TEE2=-0.921 TEE3=-0.919  TEE4=-0.909
rank= 26 Lx=Ly=22 pg= 0.900 ids= 282 TEE1=-0.843 TEE2=-0.934 TEE3=-0.934  TEE4=-0.946
rank= 18 Lx=Ly=22 pg= 0.890 ids= 274 TEE1=-0.775 TEE2=-0.895 TEE3=-0.880  TEE4=-0.880
rank=  5 Lx=Ly=22 pg= 0.700 ids= 389 TEE1=-0.006 TEE2= 0.014 TEE3= 0.027  TEE4= 0.025
rank=  1 Lx=Ly=22 pg= 0.700 ids= 385 TEE1=-0.064 TEE2=-0.006 TEE3= 0.012  TEE4= 0.006
rank=111 Lx=Ly=22 pg= 0.900 ids= 367 TEE1=-0.777 TEE2=-0.888 TEE3=-0.886  TEE4=-0.888
rank=  2 Lx=Ly=22 pg= 0.700 ids= 386 TEE1= 0.035 TEE2= 0.017 TEE3= 0.014  TEE4= 0.012
rank=  7 Lx=Ly=22 pg= 0.700 ids= 391 TEE1= 0.031 TEE2= 0.023 TEE3= 0.029  TEE4= 0.021
rank= 44 Lx=Ly=22 pg= 0.700 ids= 428 TEE1=-0.019 TEE2= 0.004 TEE3= 0.019  TEE4= 0.017
rank= 75 Lx=Ly=22 pg= 0.900 ids= 331 TEE1=-0.841 TEE2=-0.926 TEE3=-0.930  TEE4=-0.930
rank=122 Lx=Ly=22 pg= 0.900 ids= 378 TEE1=-0.818 TEE2=-0.913 TEE3=-0.919  TEE4=-0.928
rank= 57 Lx=Ly=22 pg= 0.900 ids= 313 TEE1=-0.835 TEE2=-0.944 TEE3=-0.944  TEE4=-0.955
rank= 97 Lx=Ly=22 pg= 0.700 ids= 481 TEE1= 0.033 TEE2= 0.012 TEE3= 0.012  TEE4= 0.006
rank=119 Lx=Ly=22 pg= 0.900 ids= 375 TEE1=-0.816 TEE2=-0.909 TEE3=-0.911  TEE4=-0.940
rank= 74 Lx=Ly=22 pg= 0.900 ids= 330 TEE1=-0.868 TEE2=-0.963 TEE3=-0.963  TEE4=-0.963
rank=112 Lx=Ly=22 pg= 0.700 ids= 496 TEE1= 0.017 TEE2= 0.035 TEE3= 0.054  TEE4= 0.052
rank= 46 Lx=Ly=22 pg= 0.700 ids= 430 TEE1=-0.048 TEE2=-0.027 TEE3=-0.002  TEE4= 0.004
rank=113 Lx=Ly=22 pg= 0.900 ids= 369 TEE1=-0.798 TEE2=-0.872 TEE3=-0.866  TEE4=-0.849
rank= 53 Lx=Ly=22 pg= 0.900 ids= 309 TEE1=-0.847 TEE2=-0.942 TEE3=-0.948  TEE4=-0.961
rank= 11 Lx=Ly=22 pg= 0.700 ids= 395 TEE1= 0.021 TEE2= 0.014 TEE3= 0.029  TEE4= 0.041
rank=109 Lx=Ly=22 pg= 0.900 ids= 365 TEE1=-0.839 TEE2=-0.928 TEE3=-0.930  TEE4=-0.942
rank= 55 Lx=Ly=22 pg= 0.900 ids= 311 TEE1=-0.897 TEE2=-0.955 TEE3=-0.959  TEE4=-0.955
rank= 56 Lx=Ly=22 pg= 0.900 ids= 312 TEE1=-0.841 TEE2=-0.952 TEE3=-0.959  TEE4=-0.973
rank= 87 Lx=Ly=22 pg= 0.900 ids= 343 TEE1=-0.839 TEE2=-0.950 TEE3=-0.955  TEE4=-0.969
rank=101 Lx=Ly=22 pg= 0.700 ids= 485 TEE1=-0.010 TEE2= 0.023 TEE3= 0.033  TEE4= 0.031
rank= 37 Lx=Ly=22 pg= 0.700 ids= 421 TEE1=-0.105 TEE2=-0.048 TEE3=-0.002  TEE4= 0.023
rank= 58 Lx=Ly=22 pg= 0.900 ids= 314 TEE1=-0.849 TEE2=-0.963 TEE3=-0.961  TEE4=-0.967
rank= 95 Lx=Ly=22 pg= 0.890 ids= 351 TEE1=-0.808 TEE2=-0.930 TEE3=-0.932  TEE4=-0.946
rank= 33 Lx=Ly=22 pg= 0.700 ids= 417 TEE1= 0.027 TEE2= 0.027 TEE3= 0.037  TEE4= 0.025
rank= 24 Lx=Ly=22 pg= 0.900 ids= 280 TEE1=-0.876 TEE2=-0.975 TEE3=-0.979  TEE4=-0.988
rank= 41 Lx=Ly=22 pg= 0.700 ids= 425 TEE1= 0.025 TEE2= 0.079 TEE3= 0.081  TEE4= 0.072
rank= 71 Lx=Ly=22 pg= 0.700 ids= 455 TEE1=-0.039 TEE2=-0.010 TEE3= 0.021  TEE4= 0.023
rank= 39 Lx=Ly=22 pg= 0.700 ids= 423 TEE1= 0.037 TEE2= 0.012 TEE3= 0.027  TEE4= 0.035
rank= 73 Lx=Ly=22 pg= 0.900 ids= 329 TEE1=-0.835 TEE2=-0.926 TEE3=-0.928  TEE4=-0.924
rank=107 Lx=Ly=22 pg= 0.700 ids= 491 TEE1= 0.014 TEE2= 0.048 TEE3= 0.058  TEE4= 0.052
rank= 50 Lx=Ly=22 pg= 0.900 ids= 306 TEE1=-0.845 TEE2=-0.909 TEE3=-0.907  TEE4=-0.905
rank= 59 Lx=Ly=22 pg= 0.900 ids= 315 TEE1=-0.820 TEE2=-0.913 TEE3=-0.909  TEE4=-0.905
rank=103 Lx=Ly=22 pg= 0.700 ids= 487 TEE1= 0.031 TEE2= 0.045 TEE3= 0.052  TEE4= 0.039
rank= 69 Lx=Ly=22 pg= 0.700 ids= 453 TEE1=-0.031 TEE2= 0.002 TEE3= 0.004  TEE4= 0.002
rank=115 Lx=Ly=22 pg= 0.900 ids= 371 TEE1=-0.860 TEE2=-0.942 TEE3=-0.940  TEE4=-0.938
rank= 28 Lx=Ly=22 pg= 0.900 ids= 284 TEE1=-0.835 TEE2=-0.959 TEE3=-0.959  TEE4=-0.979
rank=117 Lx=Ly=22 pg= 0.900 ids= 373 TEE1=-0.822 TEE2=-0.909 TEE3=-0.921  TEE4=-0.955
rank= 62 Lx=Ly=22 pg= 0.900 ids= 318 TEE1=-0.857 TEE2=-0.948 TEE3=-0.959  TEE4=-0.965
rank= 86 Lx=Ly=22 pg= 0.890 ids= 342 TEE1=-0.843 TEE2=-0.944 TEE3=-0.946  TEE4=-0.955
rank= 80 Lx=Ly=22 pg= 0.890 ids= 336 TEE1=-0.808 TEE2=-0.934 TEE3=-0.932  TEE4=-0.950
rank=  3 Lx=Ly=22 pg= 0.710 ids= 387 TEE1= 0.027 TEE2= 0.039 TEE3= 0.037  TEE4= 0.033
rank= 78 Lx=Ly=22 pg= 0.900 ids= 334 TEE1=-0.787 TEE2=-0.897 TEE3=-0.909  TEE4=-0.934
rank=120 Lx=Ly=22 pg= 0.900 ids= 376 TEE1=-0.880 TEE2=-0.975 TEE3=-0.975  TEE4=-0.988
rank= 66 Lx=Ly=22 pg= 0.900 ids= 322 TEE1=-0.890 TEE2=-0.988 TEE3=-0.992  TEE4=-0.992
rank= 25 Lx=Ly=22 pg= 0.700 ids= 409 TEE1= 0.017 TEE2= 0.039 TEE3= 0.048  TEE4= 0.043
rank= 94 Lx=Ly=22 pg= 0.890 ids= 350 TEE1=-0.802 TEE2=-0.897 TEE3=-0.905  TEE4=-0.938
rank=110 Lx=Ly=22 pg= 0.700 ids= 494 TEE1=-0.029 TEE2= 0.023 TEE3= 0.029  TEE4= 0.017
rank= 52 Lx=Ly=22 pg= 0.900 ids= 308 TEE1=-0.847 TEE2=-0.940 TEE3=-0.944  TEE4=-0.961
rank=100 Lx=Ly=22 pg= 0.710 ids= 484 TEE1=-0.041 TEE2=-0.033 TEE3= 0.000  TEE4= 0.014
rank= 43 Lx=Ly=22 pg= 0.700 ids= 427 TEE1=-0.017 TEE2= 0.039 TEE3= 0.087  TEE4= 0.103
rank= 84 Lx=Ly=22 pg= 0.890 ids= 340 TEE1=-0.853 TEE2=-0.940 TEE3=-0.948  TEE4=-0.926
rank= 47 Lx=Ly=22 pg= 0.700 ids= 431 TEE1= 0.000 TEE2= 0.050 TEE3= 0.048  TEE4= 0.054
rank= 19 Lx=Ly=22 pg= 0.900 ids= 275 TEE1=-0.791 TEE2=-0.878 TEE3=-0.860  TEE4=-0.841
rank= 88 Lx=Ly=22 pg= 0.890 ids= 344 TEE1=-0.816 TEE2=-0.930 TEE3=-0.946  TEE4=-0.950
rank=  6 Lx=Ly=22 pg= 0.700 ids= 390 TEE1= 0.006 TEE2= 0.010 TEE3= 0.017  TEE4= 0.010
rank= 60 Lx=Ly=22 pg= 0.900 ids= 316 TEE1=-0.795 TEE2=-0.868 TEE3=-0.855  TEE4=-0.822
rank= 51 Lx=Ly=22 pg= 0.700 ids= 435 TEE1=-0.041 TEE2= 0.019 TEE3= 0.035  TEE4= 0.027
rank= 15 Lx=Ly=22 pg= 0.700 ids= 399 TEE1=-0.017 TEE2= 0.004 TEE3= 0.012  TEE4= 0.010
rank=114 Lx=Ly=22 pg= 0.700 ids= 498 TEE1=-0.062 TEE2=-0.019 TEE3= 0.017  TEE4= 0.014
rank=106 Lx=Ly=22 pg= 0.700 ids= 490 TEE1=-0.035 TEE2= 0.019 TEE3= 0.039  TEE4= 0.066
rank= 20 Lx=Ly=22 pg= 0.900 ids= 276 TEE1=-0.845 TEE2=-0.926 TEE3=-0.928  TEE4=-0.946
rank= 89 Lx=Ly=22 pg= 0.900 ids= 345 TEE1=-0.833 TEE2=-0.919 TEE3=-0.924  TEE4=-0.944
rank= 23 Lx=Ly=22 pg= 0.900 ids= 279 TEE1=-0.826 TEE2=-0.917 TEE3=-0.915  TEE4=-0.913
rank=124 Lx=Ly=22 pg= 0.900 ids= 380 TEE1=-0.783 TEE2=-0.899 TEE3=-0.905  TEE4=-0.934
rank= 63 Lx=Ly=22 pg= 0.900 ids= 319 TEE1=-0.824 TEE2=-0.930 TEE3=-0.924  TEE4=-0.930
rank=126 Lx=Ly=22 pg= 0.900 ids= 382 TEE1=-0.814 TEE2=-0.913 TEE3=-0.911  TEE4=-0.944
rank= 81 Lx=Ly=22 pg= 0.900 ids= 337 TEE1=-0.829 TEE2=-0.944 TEE3=-0.938  TEE4=-0.959
rank= 85 Lx=Ly=22 pg= 0.900 ids= 341 TEE1=-0.818 TEE2=-0.909 TEE3=-0.905  TEE4=-0.864
rank=113 Lx=Ly=22 pg= 0.700 ids= 497 TEE1= 0.043 TEE2= 0.050 TEE3= 0.050  TEE4= 0.068
rank= 38 Lx=Ly=22 pg= 0.700 ids= 422 TEE1=-0.043 TEE2= 0.006 TEE3= 0.062  TEE4= 0.085
rank= 35 Lx=Ly=22 pg= 0.710 ids= 419 TEE1=-0.062 TEE2= 0.037 TEE3= 0.085  TEE4= 0.107
rank= 77 Lx=Ly=22 pg= 0.900 ids= 333 TEE1=-0.760 TEE2=-0.888 TEE3=-0.895  TEE4=-0.909
rank= 79 Lx=Ly=22 pg= 0.900 ids= 335 TEE1=-0.833 TEE2=-0.926 TEE3=-0.932  TEE4=-0.946
rank= 82 Lx=Ly=22 pg= 0.900 ids= 338 TEE1=-0.868 TEE2=-0.940 TEE3=-0.944  TEE4=-0.963
rank= 17 Lx=Ly=22 pg= 0.900 ids= 273 TEE1=-0.843 TEE2=-0.932 TEE3=-0.930  TEE4=-0.959
rank=102 Lx=Ly=22 pg= 0.710 ids= 486 TEE1=-0.021 TEE2= 0.029 TEE3= 0.064  TEE4= 0.064
rank= 12 Lx=Ly=22 pg= 0.710 ids= 396 TEE1=-0.014 TEE2=-0.008 TEE3= 0.002  TEE4= 0.006
rank=104 Lx=Ly=22 pg= 0.700 ids= 488 TEE1=-0.010 TEE2= 0.017 TEE3= 0.019  TEE4= 0.012
rank= 54 Lx=Ly=22 pg= 0.900 ids= 310 TEE1=-0.822 TEE2=-0.930 TEE3=-0.938  TEE4=-0.955
rank= 13 Lx=Ly=22 pg= 0.700 ids= 397 TEE1= 0.006 TEE2= 0.037 TEE3= 0.039  TEE4= 0.048
rank=112 Lx=Ly=22 pg= 0.710 ids= 496 TEE1=-0.048 TEE2= 0.017 TEE3= 0.060  TEE4= 0.101
rank=  9 Lx=Ly=22 pg= 0.700 ids= 393 TEE1=-0.112 TEE2= 0.000 TEE3= 0.074  TEE4= 0.101
rank= 99 Lx=Ly=22 pg= 0.710 ids= 483 TEE1=-0.002 TEE2= 0.037 TEE3= 0.050  TEE4= 0.048
rank= 61 Lx=Ly=22 pg= 0.900 ids= 317 TEE1=-0.876 TEE2=-0.948 TEE3=-0.955  TEE4=-0.952
rank= 68 Lx=Ly=22 pg= 0.900 ids= 324 TEE1=-0.831 TEE2=-0.930 TEE3=-0.938  TEE4=-0.950
rank= 49 Lx=Ly=22 pg= 0.700 ids= 433 TEE1= 0.033 TEE2= 0.019 TEE3= 0.017  TEE4= 0.010
rank=  8 Lx=Ly=22 pg= 0.710 ids= 392 TEE1=-0.045 TEE2=-0.014 TEE3=-0.002  TEE4= 0.000
rank= 98 Lx=Ly=22 pg= 0.710 ids= 482 TEE1=-0.025 TEE2= 0.008 TEE3= 0.025  TEE4= 0.048
rank=  4 Lx=Ly=22 pg= 0.700 ids= 388 TEE1=-0.010 TEE2= 0.006 TEE3= 0.025  TEE4= 0.023
rank= 14 Lx=Ly=22 pg= 0.710 ids= 398 TEE1=-0.004 TEE2= 0.041 TEE3= 0.050  TEE4= 0.035
rank=105 Lx=Ly=22 pg= 0.700 ids= 489 TEE1=-0.027 TEE2= 0.004 TEE3= 0.017  TEE4= 0.010
rank=115 Lx=Ly=22 pg= 0.700 ids= 499 TEE1= 0.037 TEE2= 0.076 TEE3= 0.091  TEE4= 0.107
rank= 70 Lx=Ly=22 pg= 0.900 ids= 326 TEE1=-0.826 TEE2=-0.909 TEE3=-0.913  TEE4=-0.919
rank=108 Lx=Ly=22 pg= 0.700 ids= 492 TEE1= 0.035 TEE2= 0.039 TEE3= 0.045  TEE4= 0.031
rank= 31 Lx=Ly=22 pg= 0.700 ids= 415 TEE1= 0.004 TEE2= 0.033 TEE3= 0.037  TEE4= 0.035
rank= 92 Lx=Ly=22 pg= 0.890 ids= 348 TEE1=-0.837 TEE2=-0.915 TEE3=-0.917  TEE4=-0.934
rank= 16 Lx=Ly=22 pg= 0.900 ids= 272 TEE1=-0.833 TEE2=-0.928 TEE3=-0.934  TEE4=-0.940
rank= 90 Lx=Ly=22 pg= 0.890 ids= 346 TEE1=-0.843 TEE2=-0.917 TEE3=-0.915  TEE4=-0.940
rank=  0 Lx=Ly=22 pg= 0.700 ids= 384 TEE1=-0.048 TEE2= 0.006 TEE3= 0.021  TEE4= 0.012
rank= 65 Lx=Ly=22 pg= 0.710 ids= 449 TEE1=-0.060 TEE2= 0.014 TEE3= 0.056  TEE4= 0.048
rank=111 Lx=Ly=22 pg= 0.700 ids= 495 TEE1=-0.031 TEE2= 0.000 TEE3= 0.008  TEE4= 0.012
rank= 21 Lx=Ly=22 pg= 0.900 ids= 277 TEE1=-0.837 TEE2=-0.932 TEE3=-0.938  TEE4=-0.948
rank= 30 Lx=Ly=22 pg= 0.700 ids= 414 TEE1= 0.002 TEE2= 0.012 TEE3= 0.012  TEE4= 0.012
rank= 27 Lx=Ly=22 pg= 0.700 ids= 411 TEE1=-0.019 TEE2= 0.039 TEE3= 0.050  TEE4= 0.041
rank= 96 Lx=Ly=22 pg= 0.710 ids= 480 TEE1=-0.099 TEE2=-0.070 TEE3= 0.004  TEE4= 0.068
rank= 22 Lx=Ly=22 pg= 0.900 ids= 278 TEE1=-0.787 TEE2=-0.853 TEE3=-0.853  TEE4=-0.884
rank= 93 Lx=Ly=22 pg= 0.900 ids= 349 TEE1=-0.822 TEE2=-0.890 TEE3=-0.884  TEE4=-0.853
rank= 97 Lx=Ly=22 pg= 0.710 ids= 481 TEE1=-0.062 TEE2= 0.002 TEE3= 0.023  TEE4= 0.023
rank= 32 Lx=Ly=22 pg= 0.700 ids= 416 TEE1=-0.002 TEE2= 0.010 TEE3= 0.025  TEE4= 0.021
rank= 72 Lx=Ly=22 pg= 0.900 ids= 328 TEE1=-0.795 TEE2=-0.917 TEE3=-0.913  TEE4=-0.944
rank= 76 Lx=Ly=22 pg= 0.900 ids= 332 TEE1=-0.795 TEE2=-0.913 TEE3=-0.909  TEE4=-0.919
rank= 42 Lx=Ly=22 pg= 0.710 ids= 426 TEE1=-0.029 TEE2= 0.010 TEE3= 0.027  TEE4= 0.033
rank=114 Lx=Ly=22 pg= 0.710 ids= 498 TEE1=-0.085 TEE2= 0.000 TEE3= 0.019  TEE4= 0.017
rank= 10 Lx=Ly=22 pg= 0.710 ids= 394 TEE1=-0.002 TEE2= 0.031 TEE3= 0.062  TEE4= 0.095
rank= 34 Lx=Ly=22 pg= 0.700 ids= 418 TEE1= 0.025 TEE2= 0.068 TEE3= 0.076  TEE4= 0.058
rank= 91 Lx=Ly=22 pg= 0.900 ids= 347 TEE1=-0.866 TEE2=-0.946 TEE3=-0.946  TEE4=-0.965
rank= 40 Lx=Ly=22 pg= 0.710 ids= 424 TEE1= 0.014 TEE2= 0.058 TEE3= 0.060  TEE4= 0.060
rank= 29 Lx=Ly=22 pg= 0.700 ids= 413 TEE1=-0.002 TEE2= 0.021 TEE3= 0.035  TEE4= 0.035
rank=101 Lx=Ly=22 pg= 0.710 ids= 485 TEE1=-0.002 TEE2= 0.019 TEE3= 0.035  TEE4= 0.023
rank= 83 Lx=Ly=22 pg= 0.700 ids= 467 TEE1=-0.027 TEE2= 0.035 TEE3= 0.056  TEE4= 0.058
rank=109 Lx=Ly=22 pg= 0.700 ids= 493 TEE1=-0.027 TEE2= 0.039 TEE3= 0.050  TEE4= 0.050
rank= 36 Lx=Ly=22 pg= 0.700 ids= 420 TEE1= 0.017 TEE2= 0.021 TEE3= 0.023  TEE4= 0.012
rank= 67 Lx=Ly=22 pg= 0.710 ids= 451 TEE1=-0.019 TEE2= 0.014 TEE3= 0.033  TEE4= 0.029
rank= 45 Lx=Ly=22 pg= 0.710 ids= 429 TEE1= 0.048 TEE2= 0.031 TEE3= 0.048  TEE4= 0.033
rank= 64 Lx=Ly=22 pg= 0.700 ids= 448 TEE1= 0.025 TEE2= 0.023 TEE3= 0.019  TEE4= 0.025
rank= 48 Lx=Ly=22 pg= 0.700 ids= 432 TEE1= 0.041 TEE2= 0.019 TEE3= 0.017  TEE4= 0.023
rank=107 Lx=Ly=22 pg= 0.710 ids= 491 TEE1= 0.014 TEE2= 0.048 TEE3= 0.064  TEE4= 0.074
rank= 26 Lx=Ly=22 pg= 0.700 ids= 410 TEE1=-0.089 TEE2=-0.004 TEE3= 0.010  TEE4= 0.010
rank=113 Lx=Ly=22 pg= 0.710 ids= 497 TEE1=-0.052 TEE2= 0.025 TEE3= 0.052  TEE4= 0.074
rank=103 Lx=Ly=22 pg= 0.710 ids= 487 TEE1=-0.079 TEE2=-0.027 TEE3= 0.014  TEE4= 0.014
rank= 18 Lx=Ly=22 pg= 0.900 ids= 274 TEE1=-0.808 TEE2=-0.928 TEE3=-0.934  TEE4=-0.952
rank=  1 Lx=Ly=22 pg= 0.710 ids= 385 TEE1=-0.021 TEE2= 0.008 TEE3= 0.017  TEE4= 0.008
rank=  5 Lx=Ly=22 pg= 0.710 ids= 389 TEE1=-0.025 TEE2= 0.010 TEE3= 0.029  TEE4= 0.021
rank=  2 Lx=Ly=22 pg= 0.710 ids= 386 TEE1= 0.043 TEE2= 0.054 TEE3= 0.064  TEE4= 0.070
rank= 44 Lx=Ly=22 pg= 0.710 ids= 428 TEE1= 0.035 TEE2= 0.023 TEE3= 0.021  TEE4= 0.021
rank=  7 Lx=Ly=22 pg= 0.710 ids= 391 TEE1= 0.023 TEE2= 0.037 TEE3= 0.041  TEE4= 0.033
rank= 75 Lx=Ly=22 pg= 0.700 ids= 459 TEE1=-0.033 TEE2= 0.054 TEE3= 0.099  TEE4= 0.099
rank= 57 Lx=Ly=22 pg= 0.700 ids= 441 TEE1=-0.025 TEE2= 0.025 TEE3= 0.039  TEE4= 0.031
rank=112 Lx=Ly=22 pg= 0.720 ids= 496 TEE1=-0.058 TEE2= 0.050 TEE3= 0.120  TEE4= 0.118
rank= 74 Lx=Ly=22 pg= 0.700 ids= 458 TEE1=-0.021 TEE2= 0.014 TEE3= 0.021  TEE4= 0.010
rank= 11 Lx=Ly=22 pg= 0.710 ids= 395 TEE1=-0.023 TEE2= 0.037 TEE3= 0.045  TEE4= 0.029
rank=110 Lx=Ly=22 pg= 0.710 ids= 494 TEE1= 0.035 TEE2= 0.031 TEE3= 0.029  TEE4= 0.023
rank= 46 Lx=Ly=22 pg= 0.710 ids= 430 TEE1= 0.002 TEE2= 0.023 TEE3= 0.031  TEE4= 0.027
rank=100 Lx=Ly=22 pg= 0.720 ids= 484 TEE1=-0.076 TEE2= 0.012 TEE3= 0.041  TEE4= 0.039
rank=115 Lx=Ly=22 pg= 0.710 ids= 499 TEE1=-0.056 TEE2= 0.027 TEE3= 0.056  TEE4= 0.110
rank= 53 Lx=Ly=22 pg= 0.700 ids= 437 TEE1=-0.048 TEE2= 0.019 TEE3= 0.039  TEE4= 0.045
rank= 56 Lx=Ly=22 pg= 0.700 ids= 440 TEE1= 0.017 TEE2= 0.050 TEE3= 0.070  TEE4= 0.062
rank= 55 Lx=Ly=22 pg= 0.700 ids= 439 TEE1=-0.014 TEE2= 0.035 TEE3= 0.045  TEE4= 0.039
rank= 87 Lx=Ly=22 pg= 0.700 ids= 471 TEE1=-0.056 TEE2=-0.023 TEE3= 0.031  TEE4= 0.041
rank= 37 Lx=Ly=22 pg= 0.710 ids= 421 TEE1=-0.064 TEE2= 0.002 TEE3= 0.021  TEE4= 0.010
rank=106 Lx=Ly=22 pg= 0.710 ids= 490 TEE1=-0.097 TEE2=-0.054 TEE3=-0.004  TEE4= 0.021
rank= 58 Lx=Ly=22 pg= 0.700 ids= 442 TEE1= 0.008 TEE2= 0.054 TEE3= 0.064  TEE4= 0.060
rank= 41 Lx=Ly=22 pg= 0.710 ids= 425 TEE1=-0.033 TEE2= 0.027 TEE3= 0.035  TEE4= 0.048
rank= 33 Lx=Ly=22 pg= 0.710 ids= 417 TEE1=-0.012 TEE2= 0.045 TEE3= 0.062  TEE4= 0.083
rank= 24 Lx=Ly=22 pg= 0.700 ids= 408 TEE1=-0.031 TEE2=-0.006 TEE3= 0.017  TEE4= 0.019
rank= 71 Lx=Ly=22 pg= 0.710 ids= 455 TEE1=-0.019 TEE2= 0.039 TEE3= 0.085  TEE4= 0.110
rank= 95 Lx=Ly=22 pg= 0.900 ids= 351 TEE1=-0.868 TEE2=-0.940 TEE3=-0.944  TEE4=-0.959
rank= 39 Lx=Ly=22 pg= 0.710 ids= 423 TEE1=-0.037 TEE2= 0.014 TEE3= 0.037  TEE4= 0.031
rank= 73 Lx=Ly=22 pg= 0.700 ids= 457 TEE1=-0.033 TEE2= 0.006 TEE3= 0.021  TEE4= 0.012
rank= 50 Lx=Ly=22 pg= 0.700 ids= 434 TEE1=-0.027 TEE2=-0.004 TEE3=-0.002  TEE4= 0.000
rank= 59 Lx=Ly=22 pg= 0.700 ids= 443 TEE1=-0.012 TEE2=-0.004 TEE3= 0.000  TEE4= 0.002
rank= 69 Lx=Ly=22 pg= 0.710 ids= 453 TEE1=-0.004 TEE2= 0.050 TEE3= 0.052  TEE4= 0.056
rank= 28 Lx=Ly=22 pg= 0.700 ids= 412 TEE1=-0.021 TEE2= 0.027 TEE3= 0.064  TEE4= 0.064
rank=114 Lx=Ly=22 pg= 0.720 ids= 498 TEE1=-0.081 TEE2=-0.002 TEE3= 0.014  TEE4= 0.027
rank= 62 Lx=Ly=22 pg= 0.700 ids= 446 TEE1=-0.010 TEE2=-0.025 TEE3= 0.010  TEE4= 0.006
rank=102 Lx=Ly=22 pg= 0.720 ids= 486 TEE1=-0.039 TEE2=-0.014 TEE3= 0.031  TEE4= 0.029
rank=104 Lx=Ly=22 pg= 0.710 ids= 488 TEE1=-0.056 TEE2= 0.035 TEE3= 0.068  TEE4= 0.074
rank=  3 Lx=Ly=22 pg= 0.720 ids= 387 TEE1=-0.019 TEE2= 0.012 TEE3= 0.043  TEE4= 0.070
rank= 86 Lx=Ly=22 pg= 0.900 ids= 342 TEE1=-0.841 TEE2=-0.938 TEE3=-0.936  TEE4=-0.942
rank= 78 Lx=Ly=22 pg= 0.700 ids= 462 TEE1= 0.000 TEE2= 0.006 TEE3= 0.014  TEE4= 0.008
rank= 99 Lx=Ly=22 pg= 0.720 ids= 483 TEE1= 0.002 TEE2= 0.062 TEE3= 0.079  TEE4= 0.070
rank= 66 Lx=Ly=22 pg= 0.700 ids= 450 TEE1= 0.004 TEE2= 0.045 TEE3= 0.072  TEE4= 0.068
rank= 80 Lx=Ly=22 pg= 0.900 ids= 336 TEE1=-0.833 TEE2=-0.944 TEE3=-0.955  TEE4=-0.969
rank= 25 Lx=Ly=22 pg= 0.710 ids= 409 TEE1=-0.012 TEE2= 0.012 TEE3= 0.041  TEE4= 0.035
rank= 47 Lx=Ly=22 pg= 0.710 ids= 431 TEE1=-0.041 TEE2= 0.002 TEE3= 0.008  TEE4= 0.004
rank= 94 Lx=Ly=22 pg= 0.900 ids= 350 TEE1=-0.814 TEE2=-0.948 TEE3=-0.950  TEE4=-0.975
rank= 43 Lx=Ly=22 pg= 0.710 ids= 427 TEE1=-0.029 TEE2= 0.010 TEE3= 0.010  TEE4= 0.006
rank=113 Lx=Ly=22 pg= 0.720 ids= 497 TEE1=-0.045 TEE2= 0.029 TEE3= 0.074  TEE4= 0.095
rank= 52 Lx=Ly=22 pg= 0.700 ids= 436 TEE1= 0.002 TEE2= 0.019 TEE3= 0.035  TEE4= 0.027
rank= 98 Lx=Ly=22 pg= 0.720 ids= 482 TEE1=-0.064 TEE2=-0.035 TEE3= 0.010  TEE4= 0.025
rank=  6 Lx=Ly=22 pg= 0.710 ids= 390 TEE1=-0.072 TEE2=-0.006 TEE3= 0.010  TEE4= 0.008
rank= 15 Lx=Ly=22 pg= 0.710 ids= 399 TEE1= 0.025 TEE2= 0.079 TEE3= 0.087  TEE4= 0.081
rank= 19 Lx=Ly=22 pg= 0.700 ids= 403 TEE1=-0.021 TEE2= 0.023 TEE3= 0.029  TEE4= 0.039
rank= 84 Lx=Ly=22 pg= 0.900 ids= 340 TEE1=-0.800 TEE2=-0.917 TEE3=-0.919  TEE4=-0.924
rank=105 Lx=Ly=22 pg= 0.710 ids= 489 TEE1= 0.039 TEE2= 0.029 TEE3= 0.035  TEE4= 0.041
rank= 51 Lx=Ly=22 pg= 0.710 ids= 435 TEE1=-0.014 TEE2= 0.023 TEE3= 0.027  TEE4= 0.031
rank= 60 Lx=Ly=22 pg= 0.700 ids= 444 TEE1=-0.008 TEE2= 0.029 TEE3= 0.037  TEE4= 0.041
rank=108 Lx=Ly=22 pg= 0.710 ids= 492 TEE1= 0.000 TEE2= 0.025 TEE3= 0.039  TEE4= 0.043
rank= 88 Lx=Ly=22 pg= 0.900 ids= 344 TEE1=-0.829 TEE2=-0.917 TEE3=-0.934  TEE4=-0.928
rank= 20 Lx=Ly=22 pg= 0.700 ids= 404 TEE1= 0.021 TEE2= 0.025 TEE3= 0.031  TEE4= 0.019
rank= 89 Lx=Ly=22 pg= 0.700 ids= 473 TEE1= 0.052 TEE2= 0.031 TEE3= 0.025  TEE4= 0.021
rank=112 Lx=Ly=22 pg= 0.730 ids= 496 TEE1=-0.064 TEE2= 0.008 TEE3= 0.033  TEE4= 0.045
rank=111 Lx=Ly=22 pg= 0.710 ids= 495 TEE1= 0.012 TEE2= 0.023 TEE3= 0.027  TEE4= 0.035
rank= 96 Lx=Ly=22 pg= 0.720 ids= 480 TEE1=-0.060 TEE2= 0.008 TEE3= 0.039  TEE4= 0.037
rank= 23 Lx=Ly=22 pg= 0.700 ids= 407 TEE1=-0.014 TEE2= 0.039 TEE3= 0.052  TEE4= 0.035
rank= 97 Lx=Ly=22 pg= 0.720 ids= 481 TEE1= 0.002 TEE2= 0.014 TEE3= 0.033  TEE4= 0.029
rank= 63 Lx=Ly=22 pg= 0.700 ids= 447 TEE1= 0.025 TEE2= 0.054 TEE3= 0.066  TEE4= 0.072
rank= 38 Lx=Ly=22 pg= 0.710 ids= 422 TEE1= 0.006 TEE2= 0.008 TEE3= 0.012  TEE4= 0.014
rank=115 Lx=Ly=22 pg= 0.720 ids= 499 TEE1= 0.008 TEE2= 0.060 TEE3= 0.064  TEE4= 0.083
rank= 81 Lx=Ly=22 pg= 0.700 ids= 465 TEE1=-0.029 TEE2= 0.027 TEE3= 0.041  TEE4= 0.023
rank= 85 Lx=Ly=22 pg= 0.700 ids= 469 TEE1=-0.021 TEE2= 0.021 TEE3= 0.048  TEE4= 0.052
rank= 35 Lx=Ly=22 pg= 0.720 ids= 419 TEE1= 0.017 TEE2= 0.027 TEE3= 0.027  TEE4= 0.021
rank= 12 Lx=Ly=22 pg= 0.720 ids= 396 TEE1=-0.153 TEE2=-0.052 TEE3= 0.019  TEE4= 0.068
rank= 77 Lx=Ly=22 pg= 0.700 ids= 461 TEE1= 0.035 TEE2= 0.033 TEE3= 0.031  TEE4= 0.027
rank= 79 Lx=Ly=22 pg= 0.700 ids= 463 TEE1=-0.103 TEE2= 0.008 TEE3= 0.048  TEE4= 0.043
rank= 17 Lx=Ly=22 pg= 0.700 ids= 401 TEE1= 0.043 TEE2= 0.031 TEE3= 0.033  TEE4= 0.021
rank= 82 Lx=Ly=22 pg= 0.700 ids= 466 TEE1=-0.039 TEE2= 0.045 TEE3= 0.070  TEE4= 0.093
rank= 13 Lx=Ly=22 pg= 0.710 ids= 397 TEE1= 0.008 TEE2= 0.048 TEE3= 0.052  TEE4= 0.031
rank=101 Lx=Ly=22 pg= 0.720 ids= 485 TEE1=-0.095 TEE2=-0.012 TEE3= 0.021  TEE4= 0.029
rank=  9 Lx=Ly=22 pg= 0.710 ids= 393 TEE1=-0.012 TEE2= 0.058 TEE3= 0.070  TEE4= 0.035
rank= 54 Lx=Ly=22 pg= 0.700 ids= 438 TEE1= 0.043 TEE2= 0.012 TEE3= 0.010  TEE4= 0.006
rank=109 Lx=Ly=22 pg= 0.710 ids= 493 TEE1=-0.050 TEE2= 0.060 TEE3= 0.097  TEE4= 0.085
rank= 49 Lx=Ly=22 pg= 0.710 ids= 433 TEE1= 0.008 TEE2= 0.052 TEE3= 0.068  TEE4= 0.054
rank=  8 Lx=Ly=22 pg= 0.720 ids= 392 TEE1=-0.035 TEE2= 0.037 TEE3= 0.087  TEE4= 0.105
rank= 61 Lx=Ly=22 pg= 0.700 ids= 445 TEE1= 0.014 TEE2= 0.021 TEE3= 0.027  TEE4= 0.027
rank= 68 Lx=Ly=22 pg= 0.700 ids= 452 TEE1= 0.014 TEE2= 0.017 TEE3= 0.019  TEE4= 0.008
rank= 14 Lx=Ly=22 pg= 0.720 ids= 398 TEE1=-0.171 TEE2=-0.120 TEE3=-0.060  TEE4= 0.002
rank=107 Lx=Ly=22 pg= 0.720 ids= 491 TEE1=-0.004 TEE2= 0.023 TEE3= 0.039  TEE4= 0.029
rank=  4 Lx=Ly=22 pg= 0.710 ids= 388 TEE1=-0.066 TEE2= 0.004 TEE3= 0.029  TEE4= 0.025
rank=103 Lx=Ly=22 pg= 0.720 ids= 487 TEE1= 0.043 TEE2= 0.054 TEE3= 0.072  TEE4= 0.083
rank= 31 Lx=Ly=22 pg= 0.710 ids= 415 TEE1=-0.058 TEE2=-0.017 TEE3= 0.002  TEE4= 0.014
rank= 70 Lx=Ly=22 pg= 0.700 ids= 454 TEE1= 0.068 TEE2= 0.093 TEE3= 0.089  TEE4= 0.087
rank=114 Lx=Ly=22 pg= 0.730 ids= 498 TEE1=-0.076 TEE2=-0.035 TEE3=-0.006  TEE4= 0.006
rank= 16 Lx=Ly=22 pg= 0.700 ids= 400 TEE1=-0.010 TEE2= 0.025 TEE3= 0.039  TEE4= 0.031
rank=  0 Lx=Ly=22 pg= 0.710 ids= 384 TEE1=-0.041 TEE2= 0.027 TEE3= 0.064  TEE4= 0.070
rank= 65 Lx=Ly=22 pg= 0.720 ids= 449 TEE1=-0.052 TEE2= 0.017 TEE3= 0.031  TEE4= 0.029
rank= 92 Lx=Ly=22 pg= 0.900 ids= 348 TEE1=-0.822 TEE2=-0.880 TEE3=-0.876  TEE4=-0.878
rank= 21 Lx=Ly=22 pg= 0.700 ids= 405 TEE1=-0.050 TEE2= 0.027 TEE3= 0.074  TEE4= 0.101
rank= 90 Lx=Ly=22 pg= 0.900 ids= 346 TEE1=-0.851 TEE2=-0.948 TEE3=-0.948  TEE4=-0.973
rank= 30 Lx=Ly=22 pg= 0.710 ids= 414 TEE1=-0.002 TEE2= 0.029 TEE3= 0.029  TEE4= 0.025
rank= 27 Lx=Ly=22 pg= 0.710 ids= 411 TEE1=-0.023 TEE2= 0.033 TEE3= 0.050  TEE4= 0.045
rank= 22 Lx=Ly=22 pg= 0.700 ids= 406 TEE1= 0.004 TEE2= 0.014 TEE3= 0.025  TEE4= 0.035
rank= 93 Lx=Ly=22 pg= 0.700 ids= 477 TEE1=-0.019 TEE2= 0.041 TEE3= 0.056  TEE4= 0.079
rank=113 Lx=Ly=22 pg= 0.730 ids= 497 TEE1=-0.072 TEE2= 0.039 TEE3= 0.076  TEE4= 0.070
rank= 32 Lx=Ly=22 pg= 0.710 ids= 416 TEE1=-0.017 TEE2= 0.014 TEE3= 0.019  TEE4= 0.008
rank=110 Lx=Ly=22 pg= 0.720 ids= 494 TEE1=-0.041 TEE2= 0.048 TEE3= 0.081  TEE4= 0.122
rank=100 Lx=Ly=22 pg= 0.730 ids= 484 TEE1=-0.027 TEE2= 0.029 TEE3= 0.054  TEE4= 0.052
rank= 72 Lx=Ly=22 pg= 0.700 ids= 456 TEE1= 0.010 TEE2= 0.006 TEE3= 0.014  TEE4= 0.012
rank= 42 Lx=Ly=22 pg= 0.720 ids= 426 TEE1=-0.116 TEE2=-0.045 TEE3= 0.000  TEE4= 0.002
rank= 76 Lx=Ly=22 pg= 0.700 ids= 460 TEE1= 0.023 TEE2= 0.027 TEE3= 0.023  TEE4= 0.023
rank= 10 Lx=Ly=22 pg= 0.720 ids= 394 TEE1=-0.010 TEE2= 0.043 TEE3= 0.056  TEE4= 0.035
rank=106 Lx=Ly=22 pg= 0.720 ids= 490 TEE1= 0.031 TEE2= 0.052 TEE3= 0.045  TEE4= 0.058
rank= 40 Lx=Ly=22 pg= 0.720 ids= 424 TEE1=-0.041 TEE2= 0.052 TEE3= 0.089  TEE4= 0.101
rank= 34 Lx=Ly=22 pg= 0.710 ids= 418 TEE1=-0.004 TEE2= 0.031 TEE3= 0.062  TEE4= 0.062
rank= 91 Lx=Ly=22 pg= 0.700 ids= 475 TEE1=-0.027 TEE2= 0.037 TEE3= 0.045  TEE4= 0.031
rank=112 Lx=Ly=22 pg= 0.740 ids= 496 TEE1=-0.081 TEE2= 0.029 TEE3= 0.068  TEE4= 0.081
rank= 83 Lx=Ly=22 pg= 0.710 ids= 467 TEE1= 0.000 TEE2= 0.027 TEE3= 0.070  TEE4= 0.054
rank= 67 Lx=Ly=22 pg= 0.720 ids= 451 TEE1= 0.017 TEE2= 0.027 TEE3= 0.043  TEE4= 0.035
rank= 29 Lx=Ly=22 pg= 0.710 ids= 413 TEE1=-0.045 TEE2= 0.037 TEE3= 0.052  TEE4= 0.054
rank= 45 Lx=Ly=22 pg= 0.720 ids= 429 TEE1=-0.017 TEE2= 0.029 TEE3= 0.054  TEE4= 0.056
rank= 36 Lx=Ly=22 pg= 0.710 ids= 420 TEE1= 0.012 TEE2= 0.048 TEE3= 0.066  TEE4= 0.050
rank= 64 Lx=Ly=22 pg= 0.710 ids= 448 TEE1= 0.010 TEE2= 0.058 TEE3= 0.068  TEE4= 0.081
rank= 48 Lx=Ly=22 pg= 0.710 ids= 432 TEE1=-0.014 TEE2= 0.012 TEE3= 0.031  TEE4= 0.023
rank= 26 Lx=Ly=22 pg= 0.710 ids= 410 TEE1= 0.012 TEE2= 0.070 TEE3= 0.103  TEE4= 0.095
rank=115 Lx=Ly=22 pg= 0.730 ids= 499 TEE1=-0.031 TEE2= 0.054 TEE3= 0.076  TEE4= 0.070
rank=  2 Lx=Ly=22 pg= 0.720 ids= 386 TEE1= 0.002 TEE2= 0.039 TEE3= 0.048  TEE4= 0.035
rank=  1 Lx=Ly=22 pg= 0.720 ids= 385 TEE1=-0.085 TEE2= 0.012 TEE3= 0.029  TEE4= 0.021
rank=  5 Lx=Ly=22 pg= 0.720 ids= 389 TEE1=-0.095 TEE2=-0.012 TEE3= 0.014  TEE4= 0.027
rank= 44 Lx=Ly=22 pg= 0.720 ids= 428 TEE1=-0.068 TEE2= 0.002 TEE3= 0.037  TEE4= 0.033
rank= 18 Lx=Ly=22 pg= 0.700 ids= 402 TEE1=-0.004 TEE2= 0.002 TEE3= 0.008  TEE4= 0.004
rank=  7 Lx=Ly=22 pg= 0.720 ids= 391 TEE1=-0.033 TEE2= 0.037 TEE3= 0.093  TEE4= 0.116
rank= 75 Lx=Ly=22 pg= 0.710 ids= 459 TEE1=-0.019 TEE2= 0.021 TEE3= 0.029  TEE4= 0.041
rank= 57 Lx=Ly=22 pg= 0.710 ids= 441 TEE1=-0.012 TEE2= 0.025 TEE3= 0.054  TEE4= 0.054
rank=102 Lx=Ly=22 pg= 0.730 ids= 486 TEE1=-0.056 TEE2= 0.019 TEE3= 0.043  TEE4= 0.066
rank=104 Lx=Ly=22 pg= 0.720 ids= 488 TEE1=-0.021 TEE2= 0.008 TEE3= 0.039  TEE4= 0.076
rank= 99 Lx=Ly=22 pg= 0.730 ids= 483 TEE1= 0.033 TEE2= 0.064 TEE3= 0.087  TEE4= 0.112
rank= 11 Lx=Ly=22 pg= 0.720 ids= 395 TEE1=-0.021 TEE2= 0.027 TEE3= 0.035  TEE4= 0.029
rank= 74 Lx=Ly=22 pg= 0.710 ids= 458 TEE1=-0.019 TEE2= 0.050 TEE3= 0.056  TEE4= 0.033
rank= 46 Lx=Ly=22 pg= 0.720 ids= 430 TEE1=-0.043 TEE2= 0.010 TEE3= 0.014  TEE4= 0.021
rank= 98 Lx=Ly=22 pg= 0.730 ids= 482 TEE1=-0.124 TEE2=-0.002 TEE3= 0.025  TEE4= 0.048
rank= 53 Lx=Ly=22 pg= 0.710 ids= 437 TEE1=-0.060 TEE2= 0.002 TEE3= 0.045  TEE4= 0.070
rank=105 Lx=Ly=22 pg= 0.720 ids= 489 TEE1=-0.033 TEE2= 0.008 TEE3= 0.014  TEE4= 0.010
rank=108 Lx=Ly=22 pg= 0.720 ids= 492 TEE1= 0.002 TEE2= 0.076 TEE3= 0.143  TEE4= 0.130
rank= 37 Lx=Ly=22 pg= 0.720 ids= 421 TEE1=-0.083 TEE2=-0.023 TEE3= 0.019  TEE4= 0.033
rank=114 Lx=Ly=22 pg= 0.740 ids= 498 TEE1=-0.138 TEE2= 0.041 TEE3= 0.099  TEE4= 0.110
rank= 56 Lx=Ly=22 pg= 0.710 ids= 440 TEE1= 0.081 TEE2= 0.097 TEE3= 0.097  TEE4= 0.085
rank= 55 Lx=Ly=22 pg= 0.710 ids= 439 TEE1=-0.039 TEE2= 0.023 TEE3= 0.045  TEE4= 0.048
rank= 87 Lx=Ly=22 pg= 0.710 ids= 471 TEE1= 0.025 TEE2= 0.021 TEE3= 0.033  TEE4= 0.035
rank= 41 Lx=Ly=22 pg= 0.720 ids= 425 TEE1= 0.019 TEE2= 0.019 TEE3= 0.025  TEE4= 0.027
rank= 33 Lx=Ly=22 pg= 0.720 ids= 417 TEE1=-0.089 TEE2= 0.019 TEE3= 0.081  TEE4= 0.120
rank= 58 Lx=Ly=22 pg= 0.710 ids= 442 TEE1= 0.039 TEE2= 0.031 TEE3= 0.033  TEE4= 0.021
rank= 24 Lx=Ly=22 pg= 0.710 ids= 408 TEE1=-0.054 TEE2= 0.070 TEE3= 0.151  TEE4= 0.223
rank=111 Lx=Ly=22 pg= 0.720 ids= 495 TEE1=-0.033 TEE2= 0.033 TEE3= 0.097  TEE4= 0.147
rank= 71 Lx=Ly=22 pg= 0.720 ids= 455 TEE1=-0.041 TEE2=-0.012 TEE3= 0.008  TEE4= 0.012
rank= 39 Lx=Ly=22 pg= 0.720 ids= 423 TEE1=-0.002 TEE2= 0.031 TEE3= 0.039  TEE4= 0.033
rank= 96 Lx=Ly=22 pg= 0.730 ids= 480 TEE1=-0.060 TEE2= 0.019 TEE3= 0.066  TEE4= 0.105
rank=113 Lx=Ly=22 pg= 0.740 ids= 497 TEE1=-0.110 TEE2=-0.012 TEE3= 0.019  TEE4= 0.039
rank= 95 Lx=Ly=22 pg= 0.700 ids= 479 TEE1= 0.012 TEE2= 0.029 TEE3= 0.033  TEE4= 0.035
rank= 50 Lx=Ly=22 pg= 0.710 ids= 434 TEE1=-0.064 TEE2= 0.023 TEE3= 0.050  TEE4= 0.060
rank= 73 Lx=Ly=22 pg= 0.710 ids= 457 TEE1= 0.029 TEE2= 0.023 TEE3= 0.021  TEE4= 0.014
rank= 59 Lx=Ly=22 pg= 0.710 ids= 443 TEE1=-0.041 TEE2= 0.035 TEE3= 0.062  TEE4= 0.056
rank= 97 Lx=Ly=22 pg= 0.730 ids= 481 TEE1= 0.006 TEE2= 0.037 TEE3= 0.050  TEE4= 0.037
rank= 69 Lx=Ly=22 pg= 0.720 ids= 453 TEE1=-0.182 TEE2=-0.023 TEE3= 0.107  TEE4= 0.159
rank= 28 Lx=Ly=22 pg= 0.710 ids= 412 TEE1=-0.012 TEE2= 0.052 TEE3= 0.060  TEE4= 0.068
rank=  3 Lx=Ly=22 pg= 0.730 ids= 387 TEE1=-0.180 TEE2=-0.010 TEE3= 0.064  TEE4= 0.097
rank= 62 Lx=Ly=22 pg= 0.710 ids= 446 TEE1= 0.010 TEE2= 0.025 TEE3= 0.039  TEE4= 0.054
rank=112 Lx=Ly=22 pg= 0.750 ids= 496 TEE1=-0.145 TEE2= 0.006 TEE3= 0.097  TEE4= 0.132
rank=101 Lx=Ly=22 pg= 0.730 ids= 485 TEE1=-0.014 TEE2= 0.027 TEE3= 0.029  TEE4= 0.025
rank=109 Lx=Ly=22 pg= 0.720 ids= 493 TEE1= 0.010 TEE2= 0.008 TEE3= 0.010  TEE4= 0.006
rank= 78 Lx=Ly=22 pg= 0.710 ids= 462 TEE1= 0.025 TEE2= 0.025 TEE3= 0.025  TEE4= 0.012
rank= 66 Lx=Ly=22 pg= 0.710 ids= 450 TEE1=-0.021 TEE2= 0.037 TEE3= 0.052  TEE4= 0.043
rank= 25 Lx=Ly=22 pg= 0.720 ids= 409 TEE1=-0.145 TEE2= 0.010 TEE3= 0.072  TEE4= 0.064
rank= 47 Lx=Ly=22 pg= 0.720 ids= 431 TEE1=-0.054 TEE2= 0.019 TEE3= 0.054  TEE4= 0.056
rank= 86 Lx=Ly=22 pg= 0.700 ids= 470 TEE1=-0.029 TEE2= 0.043 TEE3= 0.072  TEE4= 0.066
rank= 43 Lx=Ly=22 pg= 0.720 ids= 427 TEE1=-0.093 TEE2= 0.045 TEE3= 0.085  TEE4= 0.081
rank= 15 Lx=Ly=22 pg= 0.720 ids= 399 TEE1=-0.054 TEE2= 0.050 TEE3= 0.085  TEE4= 0.107
rank= 80 Lx=Ly=22 pg= 0.700 ids= 464 TEE1=-0.060 TEE2= 0.023 TEE3= 0.039  TEE4= 0.023
rank=115 Lx=Ly=22 pg= 0.740 ids= 499 TEE1=-0.105 TEE2= 0.050 TEE3= 0.110  TEE4= 0.120
rank= 52 Lx=Ly=22 pg= 0.710 ids= 436 TEE1=-0.056 TEE2= 0.014 TEE3= 0.029  TEE4= 0.029
rank=  6 Lx=Ly=22 pg= 0.720 ids= 390 TEE1=-0.076 TEE2=-0.019 TEE3= 0.010  TEE4= 0.031
rank= 94 Lx=Ly=22 pg= 0.700 ids= 478 TEE1=-0.072 TEE2=-0.014 TEE3= 0.029  TEE4= 0.027
rank=107 Lx=Ly=22 pg= 0.730 ids= 491 TEE1=-0.085 TEE2= 0.043 TEE3= 0.101  TEE4= 0.116
rank=103 Lx=Ly=22 pg= 0.730 ids= 487 TEE1=-0.138 TEE2=-0.019 TEE3= 0.033  TEE4= 0.097
rank= 19 Lx=Ly=22 pg= 0.710 ids= 403 TEE1=-0.012 TEE2= 0.031 TEE3= 0.052  TEE4= 0.045
rank= 51 Lx=Ly=22 pg= 0.720 ids= 435 TEE1=-0.056 TEE2=-0.004 TEE3= 0.023  TEE4= 0.023
rank= 60 Lx=Ly=22 pg= 0.710 ids= 444 TEE1= 0.037 TEE2= 0.066 TEE3= 0.070  TEE4= 0.045
rank= 84 Lx=Ly=22 pg= 0.700 ids= 468 TEE1= 0.002 TEE2= 0.041 TEE3= 0.056  TEE4= 0.035
rank= 20 Lx=Ly=22 pg= 0.710 ids= 404 TEE1=-0.008 TEE2= 0.043 TEE3= 0.060  TEE4= 0.085
rank= 88 Lx=Ly=22 pg= 0.700 ids= 472 TEE1= 0.008 TEE2= 0.027 TEE3= 0.048  TEE4= 0.056
rank= 89 Lx=Ly=22 pg= 0.710 ids= 473 TEE1=-0.081 TEE2=-0.048 TEE3=-0.004  TEE4= 0.043
rank= 23 Lx=Ly=22 pg= 0.710 ids= 407 TEE1= 0.002 TEE2= 0.035 TEE3= 0.050  TEE4= 0.023
rank=110 Lx=Ly=22 pg= 0.730 ids= 494 TEE1=-0.054 TEE2= 0.048 TEE3= 0.099  TEE4= 0.095
rank= 38 Lx=Ly=22 pg= 0.720 ids= 422 TEE1=-0.163 TEE2=-0.027 TEE3= 0.033  TEE4= 0.060
rank= 63 Lx=Ly=22 pg= 0.710 ids= 447 TEE1=-0.033 TEE2=-0.002 TEE3= 0.023  TEE4= 0.027
rank= 35 Lx=Ly=22 pg= 0.730 ids= 419 TEE1=-0.050 TEE2= 0.014 TEE3= 0.060  TEE4= 0.116
rank=100 Lx=Ly=22 pg= 0.740 ids= 484 TEE1=-0.153 TEE2=-0.027 TEE3= 0.062  TEE4= 0.085
rank= 81 Lx=Ly=22 pg= 0.710 ids= 465 TEE1= 0.025 TEE2= 0.041 TEE3= 0.048  TEE4= 0.062
rank= 12 Lx=Ly=22 pg= 0.730 ids= 396 TEE1=-0.091 TEE2= 0.004 TEE3= 0.037  TEE4= 0.029
rank= 85 Lx=Ly=22 pg= 0.710 ids= 469 TEE1= 0.019 TEE2= 0.025 TEE3= 0.025  TEE4= 0.010
rank=114 Lx=Ly=22 pg= 0.750 ids= 498 TEE1=-0.110 TEE2= 0.019 TEE3= 0.087  TEE4= 0.155
rank= 13 Lx=Ly=22 pg= 0.720 ids= 397 TEE1= 0.006 TEE2= 0.037 TEE3= 0.050  TEE4= 0.043
rank=  9 Lx=Ly=22 pg= 0.720 ids= 393 TEE1=-0.064 TEE2=-0.006 TEE3= 0.031  TEE4= 0.050
rank= 77 Lx=Ly=22 pg= 0.710 ids= 461 TEE1=-0.039 TEE2= 0.002 TEE3= 0.021  TEE4= 0.019
rank= 79 Lx=Ly=22 pg= 0.710 ids= 463 TEE1=-0.050 TEE2= 0.039 TEE3= 0.048  TEE4= 0.056
rank= 17 Lx=Ly=22 pg= 0.710 ids= 401 TEE1=-0.099 TEE2=-0.002 TEE3= 0.029  TEE4= 0.021
rank=106 Lx=Ly=22 pg= 0.730 ids= 490 TEE1=-0.045 TEE2= 0.021 TEE3= 0.045  TEE4= 0.043
rank= 82 Lx=Ly=22 pg= 0.710 ids= 466 TEE1=-0.035 TEE2= 0.031 TEE3= 0.045  TEE4= 0.039
rank= 54 Lx=Ly=22 pg= 0.710 ids= 438 TEE1=-0.048 TEE2= 0.054 TEE3= 0.095  TEE4= 0.093
rank= 49 Lx=Ly=22 pg= 0.720 ids= 433 TEE1=-0.048 TEE2= 0.014 TEE3= 0.019  TEE4= 0.014
rank=  8 Lx=Ly=22 pg= 0.730 ids= 392 TEE1=-0.087 TEE2= 0.033 TEE3= 0.083  TEE4= 0.110
rank=113 Lx=Ly=22 pg= 0.750 ids= 497 TEE1=-0.091 TEE2= 0.004 TEE3= 0.074  TEE4= 0.155
rank= 61 Lx=Ly=22 pg= 0.710 ids= 445 TEE1= 0.006 TEE2= 0.027 TEE3= 0.037  TEE4= 0.021
rank= 68 Lx=Ly=22 pg= 0.710 ids= 452 TEE1=-0.037 TEE2= 0.058 TEE3= 0.087  TEE4= 0.091
rank= 14 Lx=Ly=22 pg= 0.730 ids= 398 TEE1=-0.081 TEE2=-0.002 TEE3= 0.029  TEE4= 0.048
rank=  4 Lx=Ly=22 pg= 0.720 ids= 388 TEE1=-0.083 TEE2= 0.000 TEE3= 0.021  TEE4= 0.019
rank= 31 Lx=Ly=22 pg= 0.720 ids= 415 TEE1=-0.056 TEE2= 0.002 TEE3= 0.025  TEE4= 0.027
rank= 65 Lx=Ly=22 pg= 0.730 ids= 449 TEE1=-0.079 TEE2=-0.014 TEE3= 0.019  TEE4= 0.027
rank= 16 Lx=Ly=22 pg= 0.710 ids= 400 TEE1=-0.014 TEE2= 0.021 TEE3= 0.033  TEE4= 0.045
rank=104 Lx=Ly=22 pg= 0.730 ids= 488 TEE1=-0.037 TEE2=-0.006 TEE3= 0.037  TEE4= 0.035
rank=102 Lx=Ly=22 pg= 0.740 ids= 486 TEE1=-0.054 TEE2= 0.058 TEE3= 0.099  TEE4= 0.095
rank=  0 Lx=Ly=22 pg= 0.720 ids= 384 TEE1= 0.048 TEE2= 0.076 TEE3= 0.081  TEE4= 0.081
rank=112 Lx=Ly=22 pg= 0.760 ids= 496 TEE1=-0.271 TEE2=-0.147 TEE3=-0.064  TEE4= 0.054
rank= 70 Lx=Ly=22 pg= 0.710 ids= 454 TEE1=-0.023 TEE2=-0.019 TEE3= 0.006  TEE4= 0.012
rank= 21 Lx=Ly=22 pg= 0.710 ids= 405 TEE1= 0.019 TEE2= 0.035 TEE3= 0.041  TEE4= 0.039
rank= 92 Lx=Ly=22 pg= 0.700 ids= 476 TEE1= 0.025 TEE2= 0.076 TEE3= 0.085  TEE4= 0.070
rank= 30 Lx=Ly=22 pg= 0.720 ids= 414 TEE1=-0.031 TEE2= 0.041 TEE3= 0.070  TEE4= 0.095
rank= 99 Lx=Ly=22 pg= 0.740 ids= 483 TEE1=-0.165 TEE2= 0.006 TEE3= 0.076  TEE4= 0.101
rank= 90 Lx=Ly=22 pg= 0.700 ids= 474 TEE1=-0.012 TEE2= 0.008 TEE3= 0.008  TEE4= 0.006
rank= 27 Lx=Ly=22 pg= 0.720 ids= 411 TEE1=-0.010 TEE2= 0.017 TEE3= 0.017  TEE4= 0.012
rank= 22 Lx=Ly=22 pg= 0.710 ids= 406 TEE1=-0.035 TEE2= 0.043 TEE3= 0.041  TEE4= 0.029
rank= 32 Lx=Ly=22 pg= 0.720 ids= 416 TEE1=-0.008 TEE2= 0.045 TEE3= 0.062  TEE4= 0.062
rank=115 Lx=Ly=22 pg= 0.750 ids= 499 TEE1=-0.149 TEE2=-0.035 TEE3=-0.006  TEE4= 0.002
rank= 93 Lx=Ly=22 pg= 0.710 ids= 477 TEE1=-0.027 TEE2= 0.041 TEE3= 0.062  TEE4= 0.037
rank= 98 Lx=Ly=22 pg= 0.740 ids= 482 TEE1=-0.043 TEE2= 0.006 TEE3= 0.025  TEE4= 0.081
rank=105 Lx=Ly=22 pg= 0.730 ids= 489 TEE1=-0.132 TEE2=-0.012 TEE3= 0.037  TEE4= 0.062
rank=108 Lx=Ly=22 pg= 0.730 ids= 492 TEE1=-0.056 TEE2= 0.058 TEE3= 0.079  TEE4= 0.089
rank= 42 Lx=Ly=22 pg= 0.730 ids= 426 TEE1=-0.118 TEE2=-0.019 TEE3= 0.014  TEE4= 0.017
rank= 10 Lx=Ly=22 pg= 0.730 ids= 394 TEE1=-0.124 TEE2=-0.066 TEE3= 0.017  TEE4= 0.043
rank= 72 Lx=Ly=22 pg= 0.710 ids= 456 TEE1=-0.054 TEE2= 0.027 TEE3= 0.052  TEE4= 0.052
rank= 45 Lx=Ly=22 pg= 0.730 ids= 429 TEE1=-0.081 TEE2= 0.027 TEE3= 0.054  TEE4= 0.048
rank= 34 Lx=Ly=22 pg= 0.720 ids= 418 TEE1=-0.019 TEE2= 0.031 TEE3= 0.062  TEE4= 0.050
rank= 40 Lx=Ly=22 pg= 0.730 ids= 424 TEE1=-0.097 TEE2=-0.008 TEE3= 0.058  TEE4= 0.050
rank= 76 Lx=Ly=22 pg= 0.710 ids= 460 TEE1= 0.031 TEE2= 0.048 TEE3= 0.054  TEE4= 0.041
rank= 67 Lx=Ly=22 pg= 0.730 ids= 451 TEE1=-0.006 TEE2= 0.041 TEE3= 0.066  TEE4= 0.045
rank= 91 Lx=Ly=22 pg= 0.710 ids= 475 TEE1= 0.033 TEE2= 0.025 TEE3= 0.021  TEE4= 0.025
rank= 29 Lx=Ly=22 pg= 0.720 ids= 413 TEE1=-0.081 TEE2= 0.039 TEE3= 0.058  TEE4= 0.056
rank= 83 Lx=Ly=22 pg= 0.720 ids= 467 TEE1=-0.008 TEE2= 0.033 TEE3= 0.045  TEE4= 0.048
rank= 36 Lx=Ly=22 pg= 0.720 ids= 420 TEE1=-0.128 TEE2= 0.010 TEE3= 0.054  TEE4= 0.085
rank=111 Lx=Ly=22 pg= 0.730 ids= 495 TEE1=-0.112 TEE2=-0.004 TEE3= 0.039  TEE4= 0.068
rank= 96 Lx=Ly=22 pg= 0.740 ids= 480 TEE1=-0.085 TEE2=-0.023 TEE3= 0.021  TEE4= 0.039
rank= 64 Lx=Ly=22 pg= 0.720 ids= 448 TEE1=-0.062 TEE2= 0.008 TEE3= 0.043  TEE4= 0.056
rank= 48 Lx=Ly=22 pg= 0.720 ids= 432 TEE1= 0.002 TEE2= 0.045 TEE3= 0.068  TEE4= 0.043
rank=  2 Lx=Ly=22 pg= 0.730 ids= 386 TEE1=-0.124 TEE2= 0.004 TEE3= 0.060  TEE4= 0.072
rank= 97 Lx=Ly=22 pg= 0.740 ids= 481 TEE1=-0.184 TEE2=-0.091 TEE3=-0.023  TEE4= 0.029
rank= 26 Lx=Ly=22 pg= 0.720 ids= 410 TEE1=-0.068 TEE2=-0.006 TEE3= 0.031  TEE4= 0.035
rank=  1 Lx=Ly=22 pg= 0.730 ids= 385 TEE1= 0.014 TEE2= 0.043 TEE3= 0.043  TEE4= 0.027
rank= 44 Lx=Ly=22 pg= 0.730 ids= 428 TEE1=-0.083 TEE2= 0.000 TEE3= 0.041  TEE4= 0.029
rank=  5 Lx=Ly=22 pg= 0.730 ids= 389 TEE1=-0.012 TEE2= 0.050 TEE3= 0.072  TEE4= 0.076
rank= 18 Lx=Ly=22 pg= 0.710 ids= 402 TEE1=-0.021 TEE2= 0.029 TEE3= 0.058  TEE4= 0.043
rank=  7 Lx=Ly=22 pg= 0.730 ids= 391 TEE1=-0.035 TEE2=-0.004 TEE3= 0.019  TEE4= 0.014
rank= 75 Lx=Ly=22 pg= 0.720 ids= 459 TEE1= 0.033 TEE2= 0.048 TEE3= 0.072  TEE4= 0.062
rank=114 Lx=Ly=22 pg= 0.760 ids= 498 TEE1=-0.192 TEE2=-0.128 TEE3=-0.079  TEE4=-0.029
rank= 57 Lx=Ly=22 pg= 0.720 ids= 441 TEE1= 0.014 TEE2= 0.035 TEE3= 0.037  TEE4= 0.048
rank=101 Lx=Ly=22 pg= 0.740 ids= 485 TEE1=-0.006 TEE2= 0.039 TEE3= 0.052  TEE4= 0.058
rank= 11 Lx=Ly=22 pg= 0.730 ids= 395 TEE1=-0.099 TEE2= 0.004 TEE3= 0.091  TEE4= 0.136
rank=113 Lx=Ly=22 pg= 0.760 ids= 497 TEE1=-0.056 TEE2= 0.037 TEE3= 0.068  TEE4= 0.076
rank= 46 Lx=Ly=22 pg= 0.730 ids= 430 TEE1=-0.145 TEE2=-0.045 TEE3= 0.012  TEE4= 0.045
rank=109 Lx=Ly=22 pg= 0.730 ids= 493 TEE1=-0.041 TEE2=-0.023 TEE3= 0.017  TEE4= 0.025
rank= 74 Lx=Ly=22 pg= 0.720 ids= 458 TEE1=-0.035 TEE2= 0.019 TEE3= 0.041  TEE4= 0.043
rank=107 Lx=Ly=22 pg= 0.740 ids= 491 TEE1=-0.099 TEE2= 0.000 TEE3= 0.045  TEE4= 0.062
rank=103 Lx=Ly=22 pg= 0.740 ids= 487 TEE1=-0.107 TEE2= 0.029 TEE3= 0.093  TEE4= 0.116
rank= 53 Lx=Ly=22 pg= 0.720 ids= 437 TEE1=-0.012 TEE2= 0.054 TEE3= 0.110  TEE4= 0.157
rank= 37 Lx=Ly=22 pg= 0.730 ids= 421 TEE1=-0.056 TEE2=-0.019 TEE3= 0.006  TEE4= 0.012
rank= 41 Lx=Ly=22 pg= 0.730 ids= 425 TEE1=-0.124 TEE2= 0.014 TEE3= 0.052  TEE4= 0.039
rank= 56 Lx=Ly=22 pg= 0.720 ids= 440 TEE1=-0.031 TEE2=-0.008 TEE3= 0.012  TEE4= 0.010
rank= 55 Lx=Ly=22 pg= 0.720 ids= 439 TEE1=-0.019 TEE2= 0.010 TEE3= 0.060  TEE4= 0.134
rank=112 Lx=Ly=22 pg= 0.770 ids= 496 TEE1=-0.264 TEE2=-0.190 TEE3=-0.081  TEE4= 0.043
rank= 87 Lx=Ly=22 pg= 0.720 ids= 471 TEE1=-0.072 TEE2= 0.035 TEE3= 0.085  TEE4= 0.103
rank= 33 Lx=Ly=22 pg= 0.730 ids= 417 TEE1=-0.021 TEE2= 0.035 TEE3= 0.058  TEE4= 0.072
rank= 58 Lx=Ly=22 pg= 0.720 ids= 442 TEE1=-0.012 TEE2= 0.025 TEE3= 0.074  TEE4= 0.076
rank= 24 Lx=Ly=22 pg= 0.720 ids= 408 TEE1=-0.107 TEE2=-0.043 TEE3= 0.033  TEE4= 0.056
rank= 39 Lx=Ly=22 pg= 0.730 ids= 423 TEE1=-0.076 TEE2=-0.027 TEE3= 0.000  TEE4= 0.008
rank= 71 Lx=Ly=22 pg= 0.730 ids= 455 TEE1=-0.062 TEE2= 0.021 TEE3= 0.060  TEE4= 0.074
rank=115 Lx=Ly=22 pg= 0.760 ids= 499 TEE1=-0.161 TEE2=-0.120 TEE3=-0.039  TEE4= 0.035
rank= 50 Lx=Ly=22 pg= 0.720 ids= 434 TEE1=-0.017 TEE2=-0.002 TEE3= 0.000  TEE4= 0.000
rank=110 Lx=Ly=22 pg= 0.740 ids= 494 TEE1=-0.176 TEE2=-0.083 TEE3= 0.002  TEE4= 0.083
rank= 73 Lx=Ly=22 pg= 0.720 ids= 457 TEE1=-0.006 TEE2= 0.056 TEE3= 0.066  TEE4= 0.066
rank= 95 Lx=Ly=22 pg= 0.710 ids= 479 TEE1=-0.021 TEE2= 0.039 TEE3= 0.054  TEE4= 0.048
rank= 59 Lx=Ly=22 pg= 0.720 ids= 443 TEE1=-0.008 TEE2= 0.025 TEE3= 0.033  TEE4= 0.023
rank= 69 Lx=Ly=22 pg= 0.730 ids= 453 TEE1=-0.050 TEE2= 0.000 TEE3= 0.033  TEE4= 0.048
rank=100 Lx=Ly=22 pg= 0.750 ids= 484 TEE1=-0.116 TEE2=-0.019 TEE3= 0.006  TEE4= 0.006
rank=  3 Lx=Ly=22 pg= 0.740 ids= 387 TEE1=-0.126 TEE2=-0.006 TEE3= 0.054  TEE4= 0.039
rank= 28 Lx=Ly=22 pg= 0.720 ids= 412 TEE1=-0.014 TEE2= 0.064 TEE3= 0.120  TEE4= 0.219
rank=106 Lx=Ly=22 pg= 0.740 ids= 490 TEE1=-0.114 TEE2= 0.019 TEE3= 0.062  TEE4= 0.107
rank= 62 Lx=Ly=22 pg= 0.720 ids= 446 TEE1=-0.056 TEE2= 0.045 TEE3= 0.095  TEE4= 0.110
rank= 15 Lx=Ly=22 pg= 0.730 ids= 399 TEE1=-0.101 TEE2= 0.017 TEE3= 0.062  TEE4= 0.072
rank= 47 Lx=Ly=22 pg= 0.730 ids= 431 TEE1=-0.074 TEE2=-0.006 TEE3= 0.043  TEE4= 0.043
rank= 43 Lx=Ly=22 pg= 0.730 ids= 427 TEE1=-0.027 TEE2= 0.050 TEE3= 0.118  TEE4= 0.178
rank= 25 Lx=Ly=22 pg= 0.730 ids= 409 TEE1=-0.058 TEE2= 0.048 TEE3= 0.091  TEE4= 0.105
rank= 66 Lx=Ly=22 pg= 0.720 ids= 450 TEE1=-0.014 TEE2= 0.017 TEE3= 0.021  TEE4= 0.010
rank= 78 Lx=Ly=22 pg= 0.720 ids= 462 TEE1=-0.039 TEE2= 0.027 TEE3= 0.037  TEE4= 0.023
rank=  6 Lx=Ly=22 pg= 0.730 ids= 390 TEE1=-0.060 TEE2=-0.017 TEE3= 0.027  TEE4= 0.029
rank= 52 Lx=Ly=22 pg= 0.720 ids= 436 TEE1=-0.048 TEE2= 0.060 TEE3= 0.074  TEE4= 0.085
rank= 86 Lx=Ly=22 pg= 0.710 ids= 470 TEE1=-0.019 TEE2= 0.021 TEE3= 0.027  TEE4= 0.017
rank= 80 Lx=Ly=22 pg= 0.710 ids= 464 TEE1=-0.004 TEE2= 0.039 TEE3= 0.058  TEE4= 0.058
rank= 51 Lx=Ly=22 pg= 0.730 ids= 435 TEE1=-0.110 TEE2=-0.031 TEE3= 0.027  TEE4= 0.045
rank= 94 Lx=Ly=22 pg= 0.710 ids= 478 TEE1=-0.021 TEE2= 0.031 TEE3= 0.048  TEE4= 0.037
rank= 19 Lx=Ly=22 pg= 0.720 ids= 403 TEE1=-0.054 TEE2= 0.048 TEE3= 0.083  TEE4= 0.091
rank= 60 Lx=Ly=22 pg= 0.720 ids= 444 TEE1=-0.004 TEE2= 0.019 TEE3= 0.033  TEE4= 0.043
rank=114 Lx=Ly=22 pg= 0.770 ids= 498 TEE1=-0.225 TEE2=-0.050 TEE3= 0.087  TEE4= 0.250
rank= 20 Lx=Ly=22 pg= 0.720 ids= 404 TEE1=-0.033 TEE2= 0.002 TEE3= 0.039  TEE4= 0.114
rank=104 Lx=Ly=22 pg= 0.740 ids= 488 TEE1=-0.035 TEE2= 0.043 TEE3= 0.056  TEE4= 0.039
rank=102 Lx=Ly=22 pg= 0.750 ids= 486 TEE1=-0.052 TEE2=-0.029 TEE3= 0.002  TEE4= 0.050
rank= 89 Lx=Ly=22 pg= 0.720 ids= 473 TEE1=-0.091 TEE2=-0.021 TEE3= 0.000  TEE4= 0.017
rank= 88 Lx=Ly=22 pg= 0.710 ids= 472 TEE1=-0.039 TEE2= 0.006 TEE3= 0.039  TEE4= 0.031
rank= 84 Lx=Ly=22 pg= 0.710 ids= 468 TEE1= 0.000 TEE2= 0.058 TEE3= 0.072  TEE4= 0.079
rank=113 Lx=Ly=22 pg= 0.770 ids= 497 TEE1=-0.279 TEE2=-0.209 TEE3=-0.041  TEE4= 0.081
rank= 99 Lx=Ly=22 pg= 0.750 ids= 483 TEE1=-0.155 TEE2=-0.068 TEE3=-0.008  TEE4= 0.004
rank= 23 Lx=Ly=22 pg= 0.720 ids= 407 TEE1=-0.037 TEE2= 0.031 TEE3= 0.043  TEE4= 0.045
rank= 38 Lx=Ly=22 pg= 0.730 ids= 422 TEE1=-0.155 TEE2=-0.006 TEE3= 0.025  TEE4= 0.021
rank= 98 Lx=Ly=22 pg= 0.750 ids= 482 TEE1=-0.083 TEE2= 0.000 TEE3= 0.037  TEE4= 0.037
rank= 35 Lx=Ly=22 pg= 0.740 ids= 419 TEE1=-0.128 TEE2= 0.037 TEE3= 0.083  TEE4= 0.110
rank= 63 Lx=Ly=22 pg= 0.720 ids= 447 TEE1=-0.023 TEE2= 0.031 TEE3= 0.060  TEE4= 0.068
rank= 12 Lx=Ly=22 pg= 0.740 ids= 396 TEE1=-0.039 TEE2= 0.002 TEE3= 0.041  TEE4= 0.037
rank= 13 Lx=Ly=22 pg= 0.730 ids= 397 TEE1=-0.023 TEE2= 0.029 TEE3= 0.037  TEE4= 0.029
rank=  9 Lx=Ly=22 pg= 0.730 ids= 393 TEE1=-0.058 TEE2= 0.006 TEE3= 0.039  TEE4= 0.019
rank=108 Lx=Ly=22 pg= 0.740 ids= 492 TEE1=-0.157 TEE2=-0.027 TEE3= 0.041  TEE4= 0.099
rank=105 Lx=Ly=22 pg= 0.740 ids= 489 TEE1=-0.081 TEE2= 0.052 TEE3= 0.103  TEE4= 0.147
rank= 81 Lx=Ly=22 pg= 0.720 ids= 465 TEE1=-0.105 TEE2=-0.039 TEE3= 0.000  TEE4= 0.002
rank= 85 Lx=Ly=22 pg= 0.720 ids= 469 TEE1=-0.033 TEE2=-0.010 TEE3= 0.012  TEE4= 0.017
rank=112 Lx=Ly=22 pg= 0.780 ids= 496 TEE1=-0.256 TEE2=-0.130 TEE3=-0.019  TEE4= 0.043
rank= 17 Lx=Ly=22 pg= 0.720 ids= 401 TEE1=-0.048 TEE2= 0.035 TEE3= 0.056  TEE4= 0.054
rank= 79 Lx=Ly=22 pg= 0.720 ids= 463 TEE1=-0.079 TEE2= 0.058 TEE3= 0.110  TEE4= 0.128
rank= 77 Lx=Ly=22 pg= 0.720 ids= 461 TEE1=-0.081 TEE2= 0.019 TEE3= 0.058  TEE4= 0.050
rank= 82 Lx=Ly=22 pg= 0.720 ids= 466 TEE1=-0.068 TEE2= 0.029 TEE3= 0.050  TEE4= 0.039
rank=  8 Lx=Ly=22 pg= 0.740 ids= 392 TEE1=-0.083 TEE2=-0.006 TEE3= 0.027  TEE4= 0.064
rank= 49 Lx=Ly=22 pg= 0.730 ids= 433 TEE1=-0.079 TEE2= 0.023 TEE3= 0.043  TEE4= 0.048
rank= 96 Lx=Ly=22 pg= 0.750 ids= 480 TEE1=-0.167 TEE2=-0.043 TEE3= 0.006  TEE4= 0.012
rank= 54 Lx=Ly=22 pg= 0.720 ids= 438 TEE1=-0.048 TEE2= 0.004 TEE3= 0.045  TEE4= 0.072
rank=115 Lx=Ly=22 pg= 0.770 ids= 499 TEE1=-0.229 TEE2=-0.052 TEE3= 0.052  TEE4= 0.112
rank=111 Lx=Ly=22 pg= 0.740 ids= 495 TEE1=-0.076 TEE2= 0.039 TEE3= 0.060  TEE4= 0.064
rank= 61 Lx=Ly=22 pg= 0.720 ids= 445 TEE1= 0.027 TEE2= 0.043 TEE3= 0.043  TEE4= 0.043
rank= 14 Lx=Ly=22 pg= 0.740 ids= 398 TEE1=-0.045 TEE2=-0.006 TEE3= 0.031  TEE4= 0.054
rank=  4 Lx=Ly=22 pg= 0.730 ids= 388 TEE1=-0.021 TEE2= 0.033 TEE3= 0.039  TEE4= 0.031
rank= 68 Lx=Ly=22 pg= 0.720 ids= 452 TEE1=-0.037 TEE2= 0.008 TEE3= 0.027  TEE4= 0.031
rank= 97 Lx=Ly=22 pg= 0.750 ids= 481 TEE1=-0.153 TEE2=-0.014 TEE3= 0.074  TEE4= 0.147
rank= 65 Lx=Ly=22 pg= 0.740 ids= 449 TEE1=-0.062 TEE2=-0.010 TEE3= 0.050  TEE4= 0.062
rank= 31 Lx=Ly=22 pg= 0.730 ids= 415 TEE1=-0.066 TEE2= 0.037 TEE3= 0.074  TEE4= 0.079
rank= 16 Lx=Ly=22 pg= 0.720 ids= 400 TEE1= 0.010 TEE2= 0.068 TEE3= 0.097  TEE4= 0.083
rank=  0 Lx=Ly=22 pg= 0.730 ids= 384 TEE1=-0.058 TEE2= 0.074 TEE3= 0.107  TEE4= 0.149
rank=101 Lx=Ly=22 pg= 0.750 ids= 485 TEE1=-0.169 TEE2=-0.050 TEE3=-0.006  TEE4= 0.029
rank= 70 Lx=Ly=22 pg= 0.720 ids= 454 TEE1=-0.116 TEE2=-0.062 TEE3= 0.000  TEE4= 0.019
rank= 21 Lx=Ly=22 pg= 0.720 ids= 405 TEE1=-0.140 TEE2=-0.035 TEE3= 0.023  TEE4= 0.039
rank= 30 Lx=Ly=22 pg= 0.730 ids= 414 TEE1=-0.087 TEE2= 0.023 TEE3= 0.054  TEE4= 0.041
rank= 27 Lx=Ly=22 pg= 0.730 ids= 411 TEE1=-0.035 TEE2= 0.017 TEE3= 0.039  TEE4= 0.037
rank= 32 Lx=Ly=22 pg= 0.730 ids= 416 TEE1=-0.019 TEE2= 0.054 TEE3= 0.070  TEE4= 0.050
rank= 92 Lx=Ly=22 pg= 0.710 ids= 476 TEE1=-0.012 TEE2= 0.035 TEE3= 0.066  TEE4= 0.097
rank= 22 Lx=Ly=22 pg= 0.720 ids= 406 TEE1=-0.012 TEE2= 0.052 TEE3= 0.066  TEE4= 0.033
rank=109 Lx=Ly=22 pg= 0.740 ids= 493 TEE1=-0.068 TEE2= 0.012 TEE3= 0.035  TEE4= 0.066
rank= 90 Lx=Ly=22 pg= 0.710 ids= 474 TEE1=-0.043 TEE2= 0.002 TEE3= 0.031  TEE4= 0.039
rank= 93 Lx=Ly=22 pg= 0.720 ids= 477 TEE1=-0.006 TEE2= 0.039 TEE3= 0.052  TEE4= 0.048
rank=107 Lx=Ly=22 pg= 0.750 ids= 491 TEE1=-0.176 TEE2=-0.112 TEE3=-0.017  TEE4= 0.103
rank=103 Lx=Ly=22 pg= 0.750 ids= 487 TEE1=-0.035 TEE2=-0.002 TEE3= 0.054  TEE4= 0.087
rank= 45 Lx=Ly=22 pg= 0.740 ids= 429 TEE1=-0.159 TEE2=-0.019 TEE3= 0.027  TEE4= 0.058
rank= 42 Lx=Ly=22 pg= 0.740 ids= 426 TEE1=-0.138 TEE2= 0.010 TEE3= 0.054  TEE4= 0.062
rank=114 Lx=Ly=22 pg= 0.780 ids= 498 TEE1=-0.167 TEE2= 0.010 TEE3= 0.085  TEE4= 0.091
rank= 10 Lx=Ly=22 pg= 0.740 ids= 394 TEE1=-0.006 TEE2= 0.019 TEE3= 0.023  TEE4= 0.021
rank= 34 Lx=Ly=22 pg= 0.730 ids= 418 TEE1=-0.043 TEE2= 0.054 TEE3= 0.085  TEE4= 0.093
rank= 40 Lx=Ly=22 pg= 0.740 ids= 424 TEE1=-0.074 TEE2= 0.021 TEE3= 0.068  TEE4= 0.087
rank= 67 Lx=Ly=22 pg= 0.740 ids= 451 TEE1=-0.081 TEE2= 0.002 TEE3= 0.027  TEE4= 0.021
rank=113 Lx=Ly=22 pg= 0.780 ids= 497 TEE1=-0.279 TEE2=-0.151 TEE3=-0.072  TEE4= 0.027
rank= 72 Lx=Ly=22 pg= 0.720 ids= 456 TEE1=-0.023 TEE2= 0.052 TEE3= 0.101  TEE4= 0.101
rank= 83 Lx=Ly=22 pg= 0.730 ids= 467 TEE1=-0.056 TEE2= 0.027 TEE3= 0.070  TEE4= 0.085
rank= 91 Lx=Ly=22 pg= 0.720 ids= 475 TEE1=-0.012 TEE2= 0.095 TEE3= 0.105  TEE4= 0.095
rank= 36 Lx=Ly=22 pg= 0.730 ids= 420 TEE1=-0.120 TEE2=-0.014 TEE3= 0.033  TEE4= 0.033
rank= 29 Lx=Ly=22 pg= 0.730 ids= 413 TEE1=-0.048 TEE2= 0.019 TEE3= 0.043  TEE4= 0.056
rank= 76 Lx=Ly=22 pg= 0.720 ids= 460 TEE1=-0.122 TEE2=-0.021 TEE3= 0.035  TEE4= 0.074
rank= 64 Lx=Ly=22 pg= 0.730 ids= 448 TEE1=-0.019 TEE2= 0.035 TEE3= 0.060  TEE4= 0.058
rank=110 Lx=Ly=22 pg= 0.750 ids= 494 TEE1=-0.031 TEE2= 0.039 TEE3= 0.064  TEE4= 0.060
rank=  2 Lx=Ly=22 pg= 0.740 ids= 386 TEE1=-0.107 TEE2=-0.037 TEE3= 0.025  TEE4= 0.029
rank= 48 Lx=Ly=22 pg= 0.730 ids= 432 TEE1=-0.068 TEE2= 0.087 TEE3= 0.128  TEE4= 0.132
rank= 44 Lx=Ly=22 pg= 0.740 ids= 428 TEE1=-0.180 TEE2=-0.064 TEE3=-0.006  TEE4= 0.076
rank= 26 Lx=Ly=22 pg= 0.730 ids= 410 TEE1=-0.093 TEE2=-0.052 TEE3=-0.012  TEE4= 0.008
rank=  1 Lx=Ly=22 pg= 0.740 ids= 385 TEE1=-0.145 TEE2=-0.014 TEE3= 0.089  TEE4= 0.105
rank=100 Lx=Ly=22 pg= 0.760 ids= 484 TEE1=-0.281 TEE2=-0.134 TEE3=-0.043  TEE4= 0.041
rank=  5 Lx=Ly=22 pg= 0.740 ids= 389 TEE1=-0.019 TEE2= 0.050 TEE3= 0.064  TEE4= 0.068
rank=  7 Lx=Ly=22 pg= 0.740 ids= 391 TEE1=-0.089 TEE2=-0.066 TEE3=-0.035  TEE4=-0.029
rank= 75 Lx=Ly=22 pg= 0.730 ids= 459 TEE1=-0.091 TEE2= 0.019 TEE3= 0.076  TEE4= 0.091
rank= 18 Lx=Ly=22 pg= 0.720 ids= 402 TEE1=-0.081 TEE2=-0.010 TEE3= 0.043  TEE4= 0.081
rank= 57 Lx=Ly=22 pg= 0.730 ids= 441 TEE1= 0.004 TEE2= 0.079 TEE3= 0.087  TEE4= 0.054
rank=112 Lx=Ly=22 pg= 0.790 ids= 496 TEE1=-0.393 TEE2=-0.258 TEE3=-0.145  TEE4= 0.014
rank=106 Lx=Ly=22 pg= 0.750 ids= 490 TEE1=-0.095 TEE2= 0.054 TEE3= 0.138  TEE4= 0.165
rank= 11 Lx=Ly=22 pg= 0.740 ids= 395 TEE1=-0.153 TEE2=-0.048 TEE3= 0.050  TEE4= 0.091
rank= 46 Lx=Ly=22 pg= 0.740 ids= 430 TEE1=-0.008 TEE2= 0.043 TEE3= 0.066  TEE4= 0.060
rank=115 Lx=Ly=22 pg= 0.780 ids= 499 TEE1=-0.320 TEE2=-0.200 TEE3=-0.105  TEE4= 0.010
rank= 74 Lx=Ly=22 pg= 0.730 ids= 458 TEE1=-0.048 TEE2= 0.029 TEE3= 0.050  TEE4= 0.048
rank= 41 Lx=Ly=22 pg= 0.740 ids= 425 TEE1=-0.093 TEE2= 0.002 TEE3= 0.048  TEE4= 0.056
rank= 37 Lx=Ly=22 pg= 0.740 ids= 421 TEE1=-0.062 TEE2= 0.012 TEE3= 0.058  TEE4= 0.089
rank= 53 Lx=Ly=22 pg= 0.730 ids= 437 TEE1=-0.132 TEE2=-0.023 TEE3= 0.019  TEE4= 0.052
rank=104 Lx=Ly=22 pg= 0.750 ids= 488 TEE1=-0.233 TEE2=-0.037 TEE3= 0.128  TEE4= 0.184
rank= 56 Lx=Ly=22 pg= 0.730 ids= 440 TEE1=-0.105 TEE2=-0.012 TEE3= 0.019  TEE4= 0.023
rank=102 Lx=Ly=22 pg= 0.760 ids= 486 TEE1=-0.192 TEE2=-0.043 TEE3= 0.050  TEE4= 0.145
rank= 55 Lx=Ly=22 pg= 0.730 ids= 439 TEE1=-0.041 TEE2= 0.008 TEE3= 0.023  TEE4= 0.029
rank= 33 Lx=Ly=22 pg= 0.740 ids= 417 TEE1=-0.068 TEE2= 0.019 TEE3= 0.033  TEE4= 0.021
rank= 87 Lx=Ly=22 pg= 0.730 ids= 471 TEE1=-0.124 TEE2= 0.004 TEE3= 0.074  TEE4= 0.085
rank= 24 Lx=Ly=22 pg= 0.730 ids= 408 TEE1=-0.112 TEE2= 0.041 TEE3= 0.087  TEE4= 0.068
rank= 58 Lx=Ly=22 pg= 0.730 ids= 442 TEE1=-0.083 TEE2= 0.000 TEE3= 0.035  TEE4= 0.025
rank= 39 Lx=Ly=22 pg= 0.740 ids= 423 TEE1=-0.153 TEE2=-0.050 TEE3= 0.037  TEE4= 0.050
rank= 71 Lx=Ly=22 pg= 0.740 ids= 455 TEE1= 0.025 TEE2= 0.058 TEE3= 0.058  TEE4= 0.045
rank= 99 Lx=Ly=22 pg= 0.760 ids= 483 TEE1=-0.248 TEE2=-0.112 TEE3=-0.031  TEE4= 0.002
rank= 50 Lx=Ly=22 pg= 0.730 ids= 434 TEE1=-0.097 TEE2=-0.035 TEE3= 0.008  TEE4= 0.031
rank= 73 Lx=Ly=22 pg= 0.730 ids= 457 TEE1=-0.010 TEE2= 0.025 TEE3= 0.052  TEE4= 0.072
rank= 59 Lx=Ly=22 pg= 0.730 ids= 443 TEE1=-0.033 TEE2= 0.014 TEE3= 0.070  TEE4= 0.105
rank= 98 Lx=Ly=22 pg= 0.760 ids= 482 TEE1=-0.194 TEE2=-0.083 TEE3=-0.006  TEE4= 0.037
rank= 95 Lx=Ly=22 pg= 0.720 ids= 479 TEE1=-0.070 TEE2= 0.043 TEE3= 0.093  TEE4= 0.116
rank= 69 Lx=Ly=22 pg= 0.740 ids= 453 TEE1=-0.074 TEE2= 0.000 TEE3= 0.050  TEE4= 0.060
rank=  3 Lx=Ly=22 pg= 0.750 ids= 387 TEE1=-0.105 TEE2= 0.019 TEE3= 0.050  TEE4= 0.066
rank=114 Lx=Ly=22 pg= 0.790 ids= 498 TEE1=-0.312 TEE2=-0.178 TEE3=-0.066  TEE4=-0.004
rank=105 Lx=Ly=22 pg= 0.750 ids= 489 TEE1=-0.151 TEE2= 0.037 TEE3= 0.132  TEE4= 0.165
rank=108 Lx=Ly=22 pg= 0.750 ids= 492 TEE1=-0.140 TEE2= 0.006 TEE3= 0.087  TEE4= 0.120
rank= 28 Lx=Ly=22 pg= 0.730 ids= 412 TEE1=-0.132 TEE2=-0.037 TEE3= 0.025  TEE4= 0.074
rank=113 Lx=Ly=22 pg= 0.790 ids= 497 TEE1=-0.351 TEE2=-0.264 TEE3=-0.165  TEE4=-0.021
rank= 62 Lx=Ly=22 pg= 0.730 ids= 446 TEE1=-0.143 TEE2=-0.035 TEE3= 0.029  TEE4= 0.089
rank= 15 Lx=Ly=22 pg= 0.740 ids= 399 TEE1=-0.010 TEE2= 0.037 TEE3= 0.056  TEE4= 0.066
rank= 47 Lx=Ly=22 pg= 0.740 ids= 431 TEE1=-0.110 TEE2=-0.017 TEE3= 0.019  TEE4= 0.029
rank= 43 Lx=Ly=22 pg= 0.740 ids= 427 TEE1=-0.149 TEE2=-0.033 TEE3= 0.012  TEE4= 0.048
rank= 96 Lx=Ly=22 pg= 0.760 ids= 480 TEE1=-0.310 TEE2=-0.256 TEE3=-0.161  TEE4=-0.050
rank=  6 Lx=Ly=22 pg= 0.740 ids= 390 TEE1=-0.052 TEE2= 0.033 TEE3= 0.089  TEE4= 0.140
rank= 25 Lx=Ly=22 pg= 0.740 ids= 409 TEE1=-0.190 TEE2=-0.062 TEE3=-0.004  TEE4= 0.068
rank= 66 Lx=Ly=22 pg= 0.730 ids= 450 TEE1=-0.023 TEE2=-0.010 TEE3= 0.012  TEE4= 0.021
rank=111 Lx=Ly=22 pg= 0.750 ids= 495 TEE1=-0.118 TEE2=-0.029 TEE3= 0.035  TEE4= 0.045
rank= 78 Lx=Ly=22 pg= 0.730 ids= 462 TEE1=-0.072 TEE2= 0.002 TEE3= 0.025  TEE4= 0.023
rank= 52 Lx=Ly=22 pg= 0.730 ids= 436 TEE1=-0.029 TEE2= 0.025 TEE3= 0.045  TEE4= 0.021
rank= 97 Lx=Ly=22 pg= 0.760 ids= 481 TEE1=-0.260 TEE2=-0.114 TEE3=-0.008  TEE4= 0.079
rank= 51 Lx=Ly=22 pg= 0.740 ids= 435 TEE1= 0.006 TEE2= 0.097 TEE3= 0.140  TEE4= 0.157
rank= 19 Lx=Ly=22 pg= 0.730 ids= 403 TEE1=-0.079 TEE2= 0.012 TEE3= 0.052  TEE4= 0.043
rank= 86 Lx=Ly=22 pg= 0.720 ids= 470 TEE1= 0.008 TEE2= 0.025 TEE3= 0.025  TEE4= 0.029
rank= 80 Lx=Ly=22 pg= 0.720 ids= 464 TEE1=-0.064 TEE2= 0.039 TEE3= 0.064  TEE4= 0.087
rank= 94 Lx=Ly=22 pg= 0.720 ids= 478 TEE1=-0.062 TEE2= 0.012 TEE3= 0.031  TEE4= 0.012
rank= 60 Lx=Ly=22 pg= 0.730 ids= 444 TEE1=-0.029 TEE2= 0.012 TEE3= 0.023  TEE4= 0.014
rank= 20 Lx=Ly=22 pg= 0.730 ids= 404 TEE1= 0.004 TEE2= 0.000 TEE3= 0.004  TEE4= 0.002
rank=112 Lx=Ly=22 pg= 0.800 ids= 496 TEE1=-0.473 TEE2=-0.360 TEE3=-0.244  TEE4=-0.130
rank= 89 Lx=Ly=22 pg= 0.730 ids= 473 TEE1=-0.110 TEE2= 0.014 TEE3= 0.068  TEE4= 0.056
rank=101 Lx=Ly=22 pg= 0.760 ids= 485 TEE1=-0.254 TEE2=-0.043 TEE3= 0.037  TEE4= 0.076
rank=115 Lx=Ly=22 pg= 0.790 ids= 499 TEE1=-0.514 TEE2=-0.463 TEE3=-0.351  TEE4=-0.236
rank= 88 Lx=Ly=22 pg= 0.720 ids= 472 TEE1= 0.012 TEE2= 0.062 TEE3= 0.068  TEE4= 0.066
rank= 84 Lx=Ly=22 pg= 0.720 ids= 468 TEE1=-0.178 TEE2=-0.041 TEE3= 0.081  TEE4= 0.147
rank= 23 Lx=Ly=22 pg= 0.730 ids= 407 TEE1= 0.008 TEE2= 0.031 TEE3= 0.054  TEE4= 0.052
rank= 35 Lx=Ly=22 pg= 0.750 ids= 419 TEE1=-0.227 TEE2=-0.114 TEE3=-0.014  TEE4= 0.093
rank= 38 Lx=Ly=22 pg= 0.740 ids= 422 TEE1=-0.099 TEE2= 0.023 TEE3= 0.070  TEE4= 0.118
rank=109 Lx=Ly=22 pg= 0.750 ids= 493 TEE1=-0.149 TEE2=-0.025 TEE3= 0.010  TEE4= 0.021
rank= 63 Lx=Ly=22 pg= 0.730 ids= 447 TEE1=-0.062 TEE2=-0.004 TEE3= 0.085  TEE4= 0.136
rank= 12 Lx=Ly=22 pg= 0.750 ids= 396 TEE1=-0.099 TEE2= 0.037 TEE3= 0.072  TEE4= 0.074
rank=107 Lx=Ly=22 pg= 0.760 ids= 491 TEE1=-0.182 TEE2=-0.052 TEE3= 0.058  TEE4= 0.163
rank=103 Lx=Ly=22 pg= 0.760 ids= 487 TEE1=-0.105 TEE2= 0.012 TEE3= 0.074  TEE4= 0.099
rank=  9 Lx=Ly=22 pg= 0.740 ids= 393 TEE1=-0.074 TEE2= 0.002 TEE3= 0.025  TEE4= 0.014
rank= 13 Lx=Ly=22 pg= 0.740 ids= 397 TEE1=-0.163 TEE2=-0.041 TEE3= 0.023  TEE4= 0.058
rank= 81 Lx=Ly=22 pg= 0.730 ids= 465 TEE1=-0.151 TEE2=-0.060 TEE3=-0.012  TEE4= 0.014
rank= 85 Lx=Ly=22 pg= 0.730 ids= 469 TEE1=-0.021 TEE2= 0.006 TEE3= 0.025  TEE4= 0.019
rank= 17 Lx=Ly=22 pg= 0.730 ids= 401 TEE1= 0.021 TEE2= 0.054 TEE3= 0.076  TEE4= 0.089
rank= 79 Lx=Ly=22 pg= 0.730 ids= 463 TEE1=-0.076 TEE2=-0.021 TEE3= 0.043  TEE4= 0.103
rank= 77 Lx=Ly=22 pg= 0.730 ids= 461 TEE1=-0.118 TEE2=-0.031 TEE3= 0.000  TEE4= 0.029
rank=  8 Lx=Ly=22 pg= 0.750 ids= 392 TEE1=-0.126 TEE2=-0.017 TEE3= 0.064  TEE4= 0.068
rank= 49 Lx=Ly=22 pg= 0.740 ids= 433 TEE1=-0.048 TEE2= 0.031 TEE3= 0.083  TEE4= 0.076
rank= 82 Lx=Ly=22 pg= 0.730 ids= 466 TEE1=-0.093 TEE2=-0.048 TEE3=-0.017  TEE4= 0.012
rank= 14 Lx=Ly=22 pg= 0.750 ids= 398 TEE1=-0.138 TEE2=-0.048 TEE3= 0.048  TEE4= 0.079
rank= 61 Lx=Ly=22 pg= 0.730 ids= 445 TEE1=-0.147 TEE2=-0.017 TEE3= 0.029  TEE4= 0.043
rank= 54 Lx=Ly=22 pg= 0.730 ids= 438 TEE1=-0.017 TEE2= 0.017 TEE3= 0.037  TEE4= 0.017
rank=  4 Lx=Ly=22 pg= 0.740 ids= 388 TEE1=-0.079 TEE2= 0.014 TEE3= 0.048  TEE4= 0.039
rank=110 Lx=Ly=22 pg= 0.760 ids= 494 TEE1=-0.143 TEE2=-0.033 TEE3= 0.010  TEE4= 0.068
rank= 68 Lx=Ly=22 pg= 0.730 ids= 452 TEE1=-0.023 TEE2= 0.033 TEE3= 0.039  TEE4= 0.027
rank=100 Lx=Ly=22 pg= 0.770 ids= 484 TEE1=-0.188 TEE2= 0.017 TEE3= 0.126  TEE4= 0.149
rank= 65 Lx=Ly=22 pg= 0.750 ids= 449 TEE1=-0.227 TEE2=-0.087 TEE3= 0.008  TEE4= 0.048
rank=114 Lx=Ly=22 pg= 0.800 ids= 498 TEE1=-0.393 TEE2=-0.291 TEE3=-0.184  TEE4=-0.019
rank= 16 Lx=Ly=22 pg= 0.730 ids= 400 TEE1=-0.054 TEE2= 0.081 TEE3= 0.110  TEE4= 0.153
rank= 31 Lx=Ly=22 pg= 0.740 ids= 415 TEE1=-0.085 TEE2=-0.008 TEE3= 0.048  TEE4= 0.062
rank=113 Lx=Ly=22 pg= 0.800 ids= 497 TEE1=-0.407 TEE2=-0.337 TEE3=-0.211  TEE4=-0.045
rank=  0 Lx=Ly=22 pg= 0.740 ids= 384 TEE1=-0.107 TEE2= 0.023 TEE3= 0.027  TEE4= 0.025
rank=106 Lx=Ly=22 pg= 0.760 ids= 490 TEE1=-0.289 TEE2=-0.180 TEE3=-0.087  TEE4=-0.021
rank= 32 Lx=Ly=22 pg= 0.740 ids= 416 TEE1=-0.167 TEE2=-0.033 TEE3= 0.023  TEE4= 0.052
rank= 21 Lx=Ly=22 pg= 0.730 ids= 405 TEE1=-0.043 TEE2= 0.033 TEE3= 0.050  TEE4= 0.064
rank= 30 Lx=Ly=22 pg= 0.740 ids= 414 TEE1=-0.006 TEE2= 0.068 TEE3= 0.091  TEE4= 0.081
rank= 70 Lx=Ly=22 pg= 0.730 ids= 454 TEE1= 0.002 TEE2= 0.048 TEE3= 0.062  TEE4= 0.043
rank= 27 Lx=Ly=22 pg= 0.740 ids= 411 TEE1=-0.184 TEE2=-0.004 TEE3= 0.068  TEE4= 0.101
rank= 22 Lx=Ly=22 pg= 0.730 ids= 406 TEE1= 0.112 TEE2= 0.079 TEE3= 0.083  TEE4= 0.087
rank= 92 Lx=Ly=22 pg= 0.720 ids= 476 TEE1= 0.004 TEE2= 0.076 TEE3= 0.124  TEE4= 0.145
rank= 93 Lx=Ly=22 pg= 0.730 ids= 477 TEE1=-0.019 TEE2= 0.025 TEE3= 0.068  TEE4= 0.072
rank= 90 Lx=Ly=22 pg= 0.720 ids= 474 TEE1=-0.101 TEE2=-0.004 TEE3= 0.062  TEE4= 0.103
rank= 45 Lx=Ly=22 pg= 0.750 ids= 429 TEE1=-0.176 TEE2=-0.045 TEE3= 0.029  TEE4= 0.066
rank= 42 Lx=Ly=22 pg= 0.750 ids= 426 TEE1=-0.149 TEE2=-0.074 TEE3=-0.008  TEE4= 0.048
rank= 10 Lx=Ly=22 pg= 0.750 ids= 394 TEE1=-0.128 TEE2=-0.048 TEE3= 0.019  TEE4= 0.054
rank=104 Lx=Ly=22 pg= 0.760 ids= 488 TEE1=-0.167 TEE2=-0.010 TEE3= 0.062  TEE4= 0.114
rank=112 Lx=Ly=22 pg= 0.810 ids= 496 TEE1=-0.407 TEE2=-0.314 TEE3=-0.169  TEE4=-0.008
rank= 67 Lx=Ly=22 pg= 0.750 ids= 451 TEE1=-0.124 TEE2=-0.037 TEE3= 0.025  TEE4= 0.103
rank= 34 Lx=Ly=22 pg= 0.740 ids= 418 TEE1=-0.128 TEE2=-0.031 TEE3= 0.054  TEE4= 0.087
rank=102 Lx=Ly=22 pg= 0.770 ids= 486 TEE1=-0.223 TEE2=-0.079 TEE3= 0.027  TEE4= 0.105
rank= 40 Lx=Ly=22 pg= 0.750 ids= 424 TEE1=-0.138 TEE2=-0.056 TEE3= 0.033  TEE4= 0.149
rank= 83 Lx=Ly=22 pg= 0.740 ids= 467 TEE1=-0.120 TEE2=-0.019 TEE3= 0.033  TEE4= 0.070
rank= 36 Lx=Ly=22 pg= 0.740 ids= 420 TEE1=-0.064 TEE2=-0.014 TEE3= 0.021  TEE4= 0.054
rank=115 Lx=Ly=22 pg= 0.800 ids= 499 TEE1=-0.479 TEE2=-0.395 TEE3=-0.293  TEE4=-0.161
rank= 29 Lx=Ly=22 pg= 0.740 ids= 413 TEE1=-0.114 TEE2=-0.023 TEE3= 0.029  TEE4= 0.062
rank= 91 Lx=Ly=22 pg= 0.730 ids= 475 TEE1=-0.010 TEE2= 0.027 TEE3= 0.029  TEE4= 0.023
rank= 72 Lx=Ly=22 pg= 0.730 ids= 456 TEE1=-0.122 TEE2=-0.031 TEE3= 0.010  TEE4= 0.041
rank= 99 Lx=Ly=22 pg= 0.770 ids= 483 TEE1=-0.165 TEE2=-0.070 TEE3=-0.027  TEE4= 0.029
rank= 76 Lx=Ly=22 pg= 0.730 ids= 460 TEE1=-0.161 TEE2=-0.002 TEE3= 0.035  TEE4= 0.043
rank=  2 Lx=Ly=22 pg= 0.750 ids= 386 TEE1=-0.136 TEE2= 0.000 TEE3= 0.045  TEE4= 0.091
rank= 98 Lx=Ly=22 pg= 0.770 ids= 482 TEE1=-0.165 TEE2=-0.076 TEE3=-0.006  TEE4= 0.107
rank= 48 Lx=Ly=22 pg= 0.740 ids= 432 TEE1=-0.198 TEE2=-0.072 TEE3= 0.008  TEE4= 0.062
rank= 64 Lx=Ly=22 pg= 0.740 ids= 448 TEE1=-0.130 TEE2=-0.019 TEE3= 0.064  TEE4= 0.070
rank= 44 Lx=Ly=22 pg= 0.750 ids= 428 TEE1=-0.070 TEE2=-0.004 TEE3= 0.027  TEE4= 0.021
rank=  1 Lx=Ly=22 pg= 0.750 ids= 385 TEE1=-0.171 TEE2=-0.058 TEE3=-0.006  TEE4= 0.029
rank= 26 Lx=Ly=22 pg= 0.740 ids= 410 TEE1=-0.023 TEE2= 0.056 TEE3= 0.081  TEE4= 0.058
rank=  5 Lx=Ly=22 pg= 0.750 ids= 389 TEE1=-0.143 TEE2=-0.056 TEE3= 0.045  TEE4= 0.174
rank=  7 Lx=Ly=22 pg= 0.750 ids= 391 TEE1=-0.064 TEE2= 0.010 TEE3= 0.043  TEE4= 0.043
rank= 75 Lx=Ly=22 pg= 0.740 ids= 459 TEE1=-0.105 TEE2= 0.010 TEE3= 0.110  TEE4= 0.155
rank= 57 Lx=Ly=22 pg= 0.740 ids= 441 TEE1=-0.062 TEE2= 0.031 TEE3= 0.045  TEE4= 0.041
rank= 11 Lx=Ly=22 pg= 0.750 ids= 395 TEE1=-0.176 TEE2=-0.031 TEE3= 0.095  TEE4= 0.165
rank= 18 Lx=Ly=22 pg= 0.730 ids= 402 TEE1=-0.041 TEE2= 0.014 TEE3= 0.074  TEE4= 0.116
rank=105 Lx=Ly=22 pg= 0.760 ids= 489 TEE1=-0.271 TEE2=-0.138 TEE3=-0.023  TEE4= 0.130
rank=108 Lx=Ly=22 pg= 0.760 ids= 492 TEE1=-0.145 TEE2= 0.010 TEE3= 0.072  TEE4= 0.079
rank= 46 Lx=Ly=22 pg= 0.750 ids= 430 TEE1=-0.070 TEE2= 0.054 TEE3= 0.085  TEE4= 0.103
rank= 96 Lx=Ly=22 pg= 0.770 ids= 480 TEE1=-0.289 TEE2=-0.169 TEE3=-0.062  TEE4= 0.010
rank=111 Lx=Ly=22 pg= 0.760 ids= 495 TEE1=-0.192 TEE2=-0.064 TEE3= 0.004  TEE4= 0.118
rank= 74 Lx=Ly=22 pg= 0.740 ids= 458 TEE1=-0.180 TEE2=-0.041 TEE3= 0.052  TEE4= 0.060
rank= 41 Lx=Ly=22 pg= 0.750 ids= 425 TEE1=-0.079 TEE2=-0.004 TEE3= 0.050  TEE4= 0.087
rank= 97 Lx=Ly=22 pg= 0.770 ids= 481 TEE1=-0.159 TEE2= 0.000 TEE3= 0.050  TEE4= 0.068
rank= 37 Lx=Ly=22 pg= 0.750 ids= 421 TEE1=-0.190 TEE2=-0.130 TEE3=-0.041  TEE4= 0.050
rank=114 Lx=Ly=22 pg= 0.810 ids= 498 TEE1=-0.434 TEE2=-0.364 TEE3=-0.304  TEE4=-0.167
rank=113 Lx=Ly=22 pg= 0.810 ids= 497 TEE1=-0.463 TEE2=-0.370 TEE3=-0.258  TEE4=-0.157
rank= 56 Lx=Ly=22 pg= 0.740 ids= 440 TEE1=-0.136 TEE2=-0.062 TEE3= 0.021  TEE4= 0.035
rank= 33 Lx=Ly=22 pg= 0.750 ids= 417 TEE1=-0.169 TEE2=-0.043 TEE3= 0.048  TEE4= 0.081
rank= 53 Lx=Ly=22 pg= 0.740 ids= 437 TEE1=-0.120 TEE2= 0.008 TEE3= 0.083  TEE4= 0.140
rank= 55 Lx=Ly=22 pg= 0.740 ids= 439 TEE1=-0.134 TEE2=-0.033 TEE3= 0.021  TEE4= 0.027
rank= 87 Lx=Ly=22 pg= 0.740 ids= 471 TEE1=-0.037 TEE2= 0.058 TEE3= 0.062  TEE4= 0.052
rank= 39 Lx=Ly=22 pg= 0.750 ids= 423 TEE1=-0.240 TEE2=-0.112 TEE3=-0.017  TEE4= 0.023
rank= 24 Lx=Ly=22 pg= 0.740 ids= 408 TEE1=-0.048 TEE2=-0.004 TEE3= 0.025  TEE4= 0.035
rank=101 Lx=Ly=22 pg= 0.770 ids= 485 TEE1=-0.304 TEE2=-0.279 TEE3=-0.219  TEE4=-0.132
rank= 71 Lx=Ly=22 pg= 0.750 ids= 455 TEE1=-0.041 TEE2= 0.031 TEE3= 0.070  TEE4= 0.103
rank= 58 Lx=Ly=22 pg= 0.740 ids= 442 TEE1=-0.035 TEE2= 0.031 TEE3= 0.054  TEE4= 0.076
rank= 50 Lx=Ly=22 pg= 0.740 ids= 434 TEE1=-0.159 TEE2= 0.017 TEE3= 0.118  TEE4= 0.176
rank= 73 Lx=Ly=22 pg= 0.740 ids= 457 TEE1=-0.052 TEE2= 0.060 TEE3= 0.120  TEE4= 0.149
rank= 59 Lx=Ly=22 pg= 0.740 ids= 443 TEE1=-0.056 TEE2= 0.021 TEE3= 0.033  TEE4= 0.039
rank= 69 Lx=Ly=22 pg= 0.750 ids= 453 TEE1=-0.184 TEE2=-0.054 TEE3= 0.039  TEE4= 0.124
rank=  3 Lx=Ly=22 pg= 0.760 ids= 387 TEE1=-0.161 TEE2=-0.019 TEE3= 0.124  TEE4= 0.186
rank=109 Lx=Ly=22 pg= 0.760 ids= 493 TEE1=-0.202 TEE2=-0.097 TEE3= 0.029  TEE4= 0.163
rank= 95 Lx=Ly=22 pg= 0.730 ids= 479 TEE1=-0.171 TEE2=-0.033 TEE3= 0.037  TEE4= 0.058
rank=107 Lx=Ly=22 pg= 0.770 ids= 491 TEE1=-0.103 TEE2= 0.050 TEE3= 0.076  TEE4= 0.091
rank=103 Lx=Ly=22 pg= 0.770 ids= 487 TEE1=-0.240 TEE2=-0.107 TEE3=-0.041  TEE4= 0.031
rank= 15 Lx=Ly=22 pg= 0.750 ids= 399 TEE1=-0.110 TEE2= 0.004 TEE3= 0.031  TEE4= 0.045
rank=112 Lx=Ly=22 pg= 0.820 ids= 496 TEE1=-0.589 TEE2=-0.653 TEE3=-0.597  TEE4=-0.494
rank= 28 Lx=Ly=22 pg= 0.740 ids= 412 TEE1=-0.112 TEE2= 0.012 TEE3= 0.039  TEE4= 0.054
rank= 62 Lx=Ly=22 pg= 0.740 ids= 446 TEE1=-0.079 TEE2=-0.017 TEE3= 0.023  TEE4= 0.027
rank=115 Lx=Ly=22 pg= 0.810 ids= 499 TEE1=-0.498 TEE2=-0.479 TEE3=-0.384  TEE4=-0.231
rank= 47 Lx=Ly=22 pg= 0.750 ids= 431 TEE1=-0.118 TEE2=-0.019 TEE3= 0.072  TEE4= 0.122
rank= 43 Lx=Ly=22 pg= 0.750 ids= 427 TEE1=-0.132 TEE2=-0.010 TEE3= 0.035  TEE4= 0.023
rank=  6 Lx=Ly=22 pg= 0.750 ids= 390 TEE1=-0.140 TEE2= 0.054 TEE3= 0.114  TEE4= 0.159
rank=110 Lx=Ly=22 pg= 0.770 ids= 494 TEE1=-0.285 TEE2=-0.171 TEE3=-0.054  TEE4= 0.058
rank= 25 Lx=Ly=22 pg= 0.750 ids= 409 TEE1=-0.225 TEE2=-0.147 TEE3=-0.017  TEE4= 0.027
rank= 66 Lx=Ly=22 pg= 0.740 ids= 450 TEE1=-0.091 TEE2=-0.017 TEE3= 0.021  TEE4= 0.050
rank= 52 Lx=Ly=22 pg= 0.740 ids= 436 TEE1= 0.025 TEE2= 0.087 TEE3= 0.105  TEE4= 0.122
rank= 78 Lx=Ly=22 pg= 0.740 ids= 462 TEE1=-0.052 TEE2= 0.008 TEE3= 0.068  TEE4= 0.107
rank=100 Lx=Ly=22 pg= 0.780 ids= 484 TEE1=-0.211 TEE2=-0.112 TEE3=-0.056  TEE4= 0.000
rank= 51 Lx=Ly=22 pg= 0.750 ids= 435 TEE1= 0.023 TEE2= 0.037 TEE3= 0.056  TEE4= 0.043
rank= 19 Lx=Ly=22 pg= 0.740 ids= 403 TEE1=-0.048 TEE2= 0.017 TEE3= 0.045  TEE4= 0.037
rank= 20 Lx=Ly=22 pg= 0.740 ids= 404 TEE1=-0.126 TEE2=-0.002 TEE3= 0.027  TEE4= 0.050
rank= 60 Lx=Ly=22 pg= 0.740 ids= 444 TEE1=-0.116 TEE2= 0.000 TEE3= 0.054  TEE4= 0.076
rank=106 Lx=Ly=22 pg= 0.770 ids= 490 TEE1=-0.188 TEE2=-0.054 TEE3= 0.008  TEE4= 0.033
rank= 80 Lx=Ly=22 pg= 0.730 ids= 464 TEE1=-0.076 TEE2= 0.002 TEE3= 0.039  TEE4= 0.072
rank= 94 Lx=Ly=22 pg= 0.730 ids= 478 TEE1=-0.128 TEE2=-0.006 TEE3= 0.019  TEE4= 0.023
rank= 86 Lx=Ly=22 pg= 0.730 ids= 470 TEE1=-0.012 TEE2= 0.017 TEE3= 0.033  TEE4= 0.025
rank= 89 Lx=Ly=22 pg= 0.740 ids= 473 TEE1=-0.058 TEE2= 0.033 TEE3= 0.066  TEE4= 0.054
rank= 38 Lx=Ly=22 pg= 0.750 ids= 422 TEE1=-0.178 TEE2=-0.056 TEE3= 0.031  TEE4= 0.103
rank= 88 Lx=Ly=22 pg= 0.730 ids= 472 TEE1=-0.107 TEE2=-0.062 TEE3= 0.002  TEE4= 0.025
rank= 23 Lx=Ly=22 pg= 0.740 ids= 407 TEE1=-0.008 TEE2= 0.029 TEE3= 0.033  TEE4= 0.021
rank= 35 Lx=Ly=22 pg= 0.760 ids= 419 TEE1=-0.329 TEE2=-0.207 TEE3=-0.048  TEE4= 0.058
rank= 84 Lx=Ly=22 pg= 0.730 ids= 468 TEE1=-0.099 TEE2= 0.017 TEE3= 0.060  TEE4= 0.052
rank= 12 Lx=Ly=22 pg= 0.760 ids= 396 TEE1=-0.153 TEE2=-0.039 TEE3= 0.097  TEE4= 0.145
rank= 63 Lx=Ly=22 pg= 0.740 ids= 447 TEE1=-0.157 TEE2=-0.058 TEE3= 0.000  TEE4= 0.041
rank=  9 Lx=Ly=22 pg= 0.750 ids= 393 TEE1=-0.196 TEE2=-0.041 TEE3= 0.079  TEE4= 0.140
rank= 13 Lx=Ly=22 pg= 0.750 ids= 397 TEE1=-0.157 TEE2=-0.048 TEE3= 0.041  TEE4= 0.074
rank=114 Lx=Ly=22 pg= 0.820 ids= 498 TEE1=-0.541 TEE2=-0.498 TEE3=-0.407  TEE4=-0.345
rank=113 Lx=Ly=22 pg= 0.820 ids= 497 TEE1=-0.661 TEE2=-0.717 TEE3=-0.680  TEE4=-0.591
rank=104 Lx=Ly=22 pg= 0.770 ids= 488 TEE1=-0.205 TEE2=-0.120 TEE3=-0.002  TEE4= 0.153
rank=102 Lx=Ly=22 pg= 0.780 ids= 486 TEE1=-0.360 TEE2=-0.219 TEE3=-0.089  TEE4= 0.110
rank= 17 Lx=Ly=22 pg= 0.740 ids= 401 TEE1= 0.019 TEE2= 0.017 TEE3= 0.014  TEE4= 0.008
rank=  8 Lx=Ly=22 pg= 0.760 ids= 392 TEE1=-0.190 TEE2=-0.039 TEE3= 0.079  TEE4= 0.153
rank= 79 Lx=Ly=22 pg= 0.740 ids= 463 TEE1= 0.021 TEE2= 0.056 TEE3= 0.097  TEE4= 0.110
rank= 81 Lx=Ly=22 pg= 0.740 ids= 465 TEE1=-0.182 TEE2=-0.019 TEE3= 0.072  TEE4= 0.151
rank= 85 Lx=Ly=22 pg= 0.740 ids= 469 TEE1=-0.110 TEE2=-0.017 TEE3= 0.052  TEE4= 0.050
rank= 77 Lx=Ly=22 pg= 0.740 ids= 461 TEE1=-0.095 TEE2= 0.010 TEE3= 0.066  TEE4= 0.079
rank= 49 Lx=Ly=22 pg= 0.750 ids= 433 TEE1=-0.114 TEE2= 0.006 TEE3= 0.039  TEE4= 0.060
rank= 14 Lx=Ly=22 pg= 0.760 ids= 398 TEE1=-0.207 TEE2=-0.099 TEE3= 0.045  TEE4= 0.140
rank= 82 Lx=Ly=22 pg= 0.740 ids= 466 TEE1=-0.165 TEE2=-0.031 TEE3= 0.054  TEE4= 0.079
rank= 99 Lx=Ly=22 pg= 0.780 ids= 483 TEE1=-0.366 TEE2=-0.202 TEE3=-0.105  TEE4= 0.006
rank=  4 Lx=Ly=22 pg= 0.750 ids= 388 TEE1=-0.076 TEE2= 0.045 TEE3= 0.076  TEE4= 0.068
rank= 61 Lx=Ly=22 pg= 0.740 ids= 445 TEE1=-0.045 TEE2= 0.012 TEE3= 0.023  TEE4= 0.008
rank= 98 Lx=Ly=22 pg= 0.780 ids= 482 TEE1=-0.306 TEE2=-0.258 TEE3=-0.180  TEE4=-0.087
rank= 54 Lx=Ly=22 pg= 0.740 ids= 438 TEE1=-0.213 TEE2=-0.060 TEE3= 0.048  TEE4= 0.097
rank= 68 Lx=Ly=22 pg= 0.740 ids= 452 TEE1=-0.025 TEE2= 0.029 TEE3= 0.076  TEE4= 0.112
rank= 65 Lx=Ly=22 pg= 0.760 ids= 449 TEE1=-0.130 TEE2= 0.004 TEE3= 0.060  TEE4= 0.089
rank=112 Lx=Ly=22 pg= 0.830 ids= 496 TEE1=-0.653 TEE2=-0.698 TEE3=-0.680  TEE4=-0.587
rank=  0 Lx=Ly=22 pg= 0.750 ids= 384 TEE1=-0.169 TEE2=-0.029 TEE3= 0.031  TEE4= 0.060
rank= 16 Lx=Ly=22 pg= 0.740 ids= 400 TEE1=-0.091 TEE2= 0.008 TEE3= 0.062  TEE4= 0.087
rank=108 Lx=Ly=22 pg= 0.770 ids= 492 TEE1=-0.246 TEE2=-0.019 TEE3= 0.054  TEE4= 0.095
rank= 31 Lx=Ly=22 pg= 0.750 ids= 415 TEE1=-0.205 TEE2=-0.064 TEE3= 0.008  TEE4= 0.060
rank=105 Lx=Ly=22 pg= 0.770 ids= 489 TEE1=-0.331 TEE2=-0.229 TEE3=-0.087  TEE4= 0.099
rank=115 Lx=Ly=22 pg= 0.820 ids= 499 TEE1=-0.525 TEE2=-0.589 TEE3=-0.556  TEE4=-0.469
rank= 32 Lx=Ly=22 pg= 0.750 ids= 416 TEE1=-0.256 TEE2=-0.151 TEE3=-0.037  TEE4= 0.087
rank= 30 Lx=Ly=22 pg= 0.750 ids= 414 TEE1=-0.081 TEE2= 0.048 TEE3= 0.107  TEE4= 0.107
rank= 21 Lx=Ly=22 pg= 0.740 ids= 405 TEE1=-0.167 TEE2=-0.068 TEE3=-0.010  TEE4= 0.008
rank= 96 Lx=Ly=22 pg= 0.780 ids= 480 TEE1=-0.318 TEE2=-0.180 TEE3=-0.089  TEE4=-0.012
rank= 70 Lx=Ly=22 pg= 0.740 ids= 454 TEE1=-0.155 TEE2=-0.023 TEE3= 0.017  TEE4= 0.041
rank= 27 Lx=Ly=22 pg= 0.750 ids= 411 TEE1=-0.184 TEE2=-0.056 TEE3= 0.019  TEE4= 0.064
rank= 22 Lx=Ly=22 pg= 0.740 ids= 406 TEE1=-0.120 TEE2=-0.027 TEE3= 0.074  TEE4= 0.118
rank= 45 Lx=Ly=22 pg= 0.760 ids= 429 TEE1=-0.107 TEE2= 0.027 TEE3= 0.070  TEE4= 0.114
rank= 93 Lx=Ly=22 pg= 0.740 ids= 477 TEE1=-0.120 TEE2= 0.000 TEE3= 0.066  TEE4= 0.097
rank=111 Lx=Ly=22 pg= 0.770 ids= 495 TEE1=-0.198 TEE2=-0.008 TEE3= 0.105  TEE4= 0.163
rank= 92 Lx=Ly=22 pg= 0.730 ids= 476 TEE1=-0.134 TEE2= 0.019 TEE3= 0.072  TEE4= 0.076
rank= 97 Lx=Ly=22 pg= 0.780 ids= 481 TEE1=-0.289 TEE2=-0.171 TEE3=-0.031  TEE4= 0.081
rank= 90 Lx=Ly=22 pg= 0.730 ids= 474 TEE1=-0.068 TEE2=-0.029 TEE3=-0.004  TEE4= 0.017
rank= 42 Lx=Ly=22 pg= 0.760 ids= 426 TEE1=-0.180 TEE2=-0.076 TEE3=-0.010  TEE4= 0.052
rank= 67 Lx=Ly=22 pg= 0.760 ids= 451 TEE1=-0.138 TEE2= 0.035 TEE3= 0.087  TEE4= 0.122
rank= 10 Lx=Ly=22 pg= 0.760 ids= 394 TEE1=-0.174 TEE2= 0.014 TEE3= 0.112  TEE4= 0.169
rank= 34 Lx=Ly=22 pg= 0.750 ids= 418 TEE1=-0.048 TEE2= 0.021 TEE3= 0.058  TEE4= 0.070
rank= 40 Lx=Ly=22 pg= 0.760 ids= 424 TEE1=-0.219 TEE2=-0.118 TEE3=-0.027  TEE4= 0.027
rank= 36 Lx=Ly=22 pg= 0.750 ids= 420 TEE1=-0.097 TEE2=-0.010 TEE3= 0.041  TEE4= 0.064
rank= 83 Lx=Ly=22 pg= 0.750 ids= 467 TEE1=-0.256 TEE2=-0.130 TEE3=-0.033  TEE4= 0.021
rank=101 Lx=Ly=22 pg= 0.780 ids= 485 TEE1=-0.264 TEE2=-0.118 TEE3=-0.037  TEE4= 0.052
rank= 91 Lx=Ly=22 pg= 0.740 ids= 475 TEE1=-0.107 TEE2= 0.000 TEE3= 0.064  TEE4= 0.072
rank= 29 Lx=Ly=22 pg= 0.750 ids= 413 TEE1=-0.238 TEE2=-0.085 TEE3= 0.048  TEE4= 0.128
rank=  2 Lx=Ly=22 pg= 0.760 ids= 386 TEE1=-0.252 TEE2=-0.066 TEE3= 0.035  TEE4= 0.052
rank= 72 Lx=Ly=22 pg= 0.740 ids= 456 TEE1=-0.140 TEE2=-0.050 TEE3= 0.002  TEE4= 0.031
rank= 76 Lx=Ly=22 pg= 0.740 ids= 460 TEE1=-0.161 TEE2=-0.021 TEE3= 0.054  TEE4= 0.093
rank= 48 Lx=Ly=22 pg= 0.750 ids= 432 TEE1= 0.010 TEE2= 0.068 TEE3= 0.087  TEE4= 0.070
rank= 64 Lx=Ly=22 pg= 0.750 ids= 448 TEE1=-0.165 TEE2=-0.070 TEE3= 0.021  TEE4= 0.085
rank= 44 Lx=Ly=22 pg= 0.760 ids= 428 TEE1=-0.180 TEE2=-0.058 TEE3= 0.043  TEE4= 0.093
rank=  1 Lx=Ly=22 pg= 0.760 ids= 385 TEE1=-0.267 TEE2=-0.186 TEE3=-0.107  TEE4=-0.029
rank= 26 Lx=Ly=22 pg= 0.750 ids= 410 TEE1=-0.176 TEE2=-0.058 TEE3=-0.004  TEE4= 0.027
rank=109 Lx=Ly=22 pg= 0.770 ids= 493 TEE1=-0.209 TEE2=-0.097 TEE3= 0.000  TEE4= 0.147
rank=107 Lx=Ly=22 pg= 0.780 ids= 491 TEE1=-0.182 TEE2=-0.058 TEE3= 0.019  TEE4= 0.074
rank=  7 Lx=Ly=22 pg= 0.760 ids= 391 TEE1=-0.180 TEE2=-0.052 TEE3= 0.052  TEE4= 0.101
rank=  5 Lx=Ly=22 pg= 0.760 ids= 389 TEE1=-0.103 TEE2= 0.035 TEE3= 0.085  TEE4= 0.105
rank= 75 Lx=Ly=22 pg= 0.750 ids= 459 TEE1=-0.171 TEE2= 0.004 TEE3= 0.045  TEE4= 0.087
rank=103 Lx=Ly=22 pg= 0.780 ids= 487 TEE1=-0.351 TEE2=-0.188 TEE3=-0.037  TEE4= 0.010
rank=113 Lx=Ly=22 pg= 0.830 ids= 497 TEE1=-0.655 TEE2=-0.713 TEE3=-0.684  TEE4=-0.624
rank= 11 Lx=Ly=22 pg= 0.760 ids= 395 TEE1=-0.167 TEE2=-0.134 TEE3=-0.010  TEE4= 0.087
rank=114 Lx=Ly=22 pg= 0.830 ids= 498 TEE1=-0.729 TEE2=-0.795 TEE3=-0.787  TEE4=-0.764
rank= 57 Lx=Ly=22 pg= 0.750 ids= 441 TEE1=-0.157 TEE2=-0.054 TEE3= 0.037  TEE4= 0.107
rank= 46 Lx=Ly=22 pg= 0.760 ids= 430 TEE1=-0.215 TEE2=-0.039 TEE3= 0.029  TEE4= 0.039
rank= 18 Lx=Ly=22 pg= 0.740 ids= 402 TEE1=-0.155 TEE2=-0.031 TEE3= 0.025  TEE4= 0.039
rank=110 Lx=Ly=22 pg= 0.780 ids= 494 TEE1=-0.395 TEE2=-0.341 TEE3=-0.223  TEE4=-0.064
rank= 41 Lx=Ly=22 pg= 0.760 ids= 425 TEE1=-0.219 TEE2=-0.136 TEE3=-0.064  TEE4=-0.004
rank= 74 Lx=Ly=22 pg= 0.750 ids= 458 TEE1=-0.138 TEE2=-0.045 TEE3= 0.019  TEE4= 0.060
rank=100 Lx=Ly=22 pg= 0.790 ids= 484 TEE1=-0.329 TEE2=-0.192 TEE3=-0.056  TEE4= 0.116
rank= 37 Lx=Ly=22 pg= 0.760 ids= 421 TEE1=-0.198 TEE2=-0.023 TEE3= 0.093  TEE4= 0.184
rank=112 Lx=Ly=22 pg= 0.840 ids= 496 TEE1=-0.671 TEE2=-0.758 TEE3=-0.736  TEE4=-0.715
rank=106 Lx=Ly=22 pg= 0.780 ids= 490 TEE1=-0.238 TEE2=-0.180 TEE3=-0.083  TEE4= 0.062
rank= 33 Lx=Ly=22 pg= 0.760 ids= 417 TEE1=-0.178 TEE2=-0.031 TEE3= 0.079  TEE4= 0.153
rank= 56 Lx=Ly=22 pg= 0.750 ids= 440 TEE1=-0.143 TEE2= 0.031 TEE3= 0.103  TEE4= 0.128
rank=115 Lx=Ly=22 pg= 0.830 ids= 499 TEE1=-0.539 TEE2=-0.593 TEE3=-0.585  TEE4=-0.502
rank= 55 Lx=Ly=22 pg= 0.750 ids= 439 TEE1=-0.079 TEE2=-0.035 TEE3= 0.043  TEE4= 0.112
rank= 53 Lx=Ly=22 pg= 0.750 ids= 437 TEE1=-0.068 TEE2= 0.068 TEE3= 0.120  TEE4= 0.128
rank= 39 Lx=Ly=22 pg= 0.760 ids= 423 TEE1=-0.213 TEE2=-0.099 TEE3=-0.010  TEE4= 0.058
rank= 24 Lx=Ly=22 pg= 0.750 ids= 408 TEE1=-0.134 TEE2=-0.021 TEE3= 0.037  TEE4= 0.099
rank= 87 Lx=Ly=22 pg= 0.750 ids= 471 TEE1=-0.157 TEE2=-0.019 TEE3= 0.070  TEE4= 0.105
rank= 71 Lx=Ly=22 pg= 0.760 ids= 455 TEE1=-0.240 TEE2=-0.124 TEE3=-0.029  TEE4= 0.066
rank= 58 Lx=Ly=22 pg= 0.750 ids= 442 TEE1= 0.014 TEE2= 0.122 TEE3= 0.161  TEE4= 0.196
rank= 50 Lx=Ly=22 pg= 0.750 ids= 434 TEE1=-0.140 TEE2=-0.037 TEE3= 0.029  TEE4= 0.050
rank=  3 Lx=Ly=22 pg= 0.770 ids= 387 TEE1=-0.163 TEE2=-0.033 TEE3= 0.027  TEE4= 0.027
rank= 73 Lx=Ly=22 pg= 0.750 ids= 457 TEE1=-0.184 TEE2=-0.012 TEE3= 0.056  TEE4= 0.064
rank= 59 Lx=Ly=22 pg= 0.750 ids= 443 TEE1=-0.083 TEE2= 0.008 TEE3= 0.074  TEE4= 0.202
rank= 69 Lx=Ly=22 pg= 0.760 ids= 453 TEE1=-0.052 TEE2= 0.021 TEE3= 0.041  TEE4= 0.054
rank= 15 Lx=Ly=22 pg= 0.760 ids= 399 TEE1=-0.136 TEE2=-0.019 TEE3= 0.029  TEE4= 0.048
rank= 95 Lx=Ly=22 pg= 0.740 ids= 479 TEE1=-0.157 TEE2=-0.021 TEE3= 0.083  TEE4= 0.120
rank=104 Lx=Ly=22 pg= 0.780 ids= 488 TEE1=-0.180 TEE2=-0.074 TEE3= 0.025  TEE4= 0.120
rank=102 Lx=Ly=22 pg= 0.790 ids= 486 TEE1=-0.411 TEE2=-0.403 TEE3=-0.302  TEE4=-0.097
rank= 28 Lx=Ly=22 pg= 0.750 ids= 412 TEE1=-0.155 TEE2=-0.012 TEE3= 0.054  TEE4= 0.062
rank= 47 Lx=Ly=22 pg= 0.760 ids= 431 TEE1=-0.153 TEE2=-0.062 TEE3= 0.025  TEE4= 0.027
rank= 62 Lx=Ly=22 pg= 0.750 ids= 446 TEE1=-0.097 TEE2= 0.023 TEE3= 0.093  TEE4= 0.105
rank= 43 Lx=Ly=22 pg= 0.760 ids= 427 TEE1=-0.132 TEE2= 0.014 TEE3= 0.058  TEE4= 0.085
rank=  6 Lx=Ly=22 pg= 0.760 ids= 390 TEE1=-0.188 TEE2=-0.112 TEE3=-0.048  TEE4=-0.004
rank= 99 Lx=Ly=22 pg= 0.790 ids= 483 TEE1=-0.318 TEE2=-0.219 TEE3=-0.128  TEE4= 0.008
rank= 25 Lx=Ly=22 pg= 0.760 ids= 409 TEE1=-0.250 TEE2=-0.120 TEE3=-0.043  TEE4= 0.017
rank= 98 Lx=Ly=22 pg= 0.790 ids= 482 TEE1=-0.285 TEE2=-0.215 TEE3=-0.105  TEE4= 0.025
rank= 66 Lx=Ly=22 pg= 0.750 ids= 450 TEE1=-0.159 TEE2=-0.017 TEE3= 0.033  TEE4= 0.037
rank= 52 Lx=Ly=22 pg= 0.750 ids= 436 TEE1=-0.097 TEE2= 0.045 TEE3= 0.097  TEE4= 0.097
rank= 78 Lx=Ly=22 pg= 0.750 ids= 462 TEE1=-0.056 TEE2= 0.019 TEE3= 0.050  TEE4= 0.050
rank= 51 Lx=Ly=22 pg= 0.760 ids= 435 TEE1=-0.126 TEE2=-0.050 TEE3= 0.006  TEE4= 0.031
rank=113 Lx=Ly=22 pg= 0.840 ids= 497 TEE1=-0.603 TEE2=-0.657 TEE3=-0.632  TEE4=-0.585
rank=114 Lx=Ly=22 pg= 0.840 ids= 498 TEE1=-0.628 TEE2=-0.647 TEE3=-0.632  TEE4=-0.616
rank= 19 Lx=Ly=22 pg= 0.750 ids= 403 TEE1=-0.229 TEE2=-0.093 TEE3=-0.010  TEE4= 0.006
rank= 20 Lx=Ly=22 pg= 0.750 ids= 404 TEE1=-0.081 TEE2=-0.019 TEE3= 0.006  TEE4= 0.029
rank= 60 Lx=Ly=22 pg= 0.750 ids= 444 TEE1=-0.124 TEE2=-0.014 TEE3= 0.027  TEE4= 0.027
rank=108 Lx=Ly=22 pg= 0.780 ids= 492 TEE1=-0.300 TEE2=-0.163 TEE3=-0.039  TEE4= 0.043
rank=105 Lx=Ly=22 pg= 0.780 ids= 489 TEE1=-0.357 TEE2=-0.180 TEE3=-0.031  TEE4= 0.074
rank= 89 Lx=Ly=22 pg= 0.750 ids= 473 TEE1=-0.105 TEE2=-0.027 TEE3= 0.033  TEE4= 0.064
rank= 94 Lx=Ly=22 pg= 0.740 ids= 478 TEE1=-0.010 TEE2= 0.012 TEE3= 0.023  TEE4= 0.014
rank= 80 Lx=Ly=22 pg= 0.740 ids= 464 TEE1=-0.122 TEE2=-0.014 TEE3= 0.039  TEE4= 0.039
rank= 86 Lx=Ly=22 pg= 0.740 ids= 470 TEE1=-0.095 TEE2=-0.035 TEE3= 0.012  TEE4= 0.039
rank= 35 Lx=Ly=22 pg= 0.770 ids= 419 TEE1=-0.186 TEE2=-0.087 TEE3=-0.025  TEE4= 0.039
rank= 38 Lx=Ly=22 pg= 0.760 ids= 422 TEE1=-0.240 TEE2=-0.124 TEE3=-0.014  TEE4= 0.043
rank= 96 Lx=Ly=22 pg= 0.790 ids= 480 TEE1=-0.310 TEE2=-0.163 TEE3=-0.025  TEE4= 0.043
rank= 23 Lx=Ly=22 pg= 0.750 ids= 407 TEE1=-0.103 TEE2=-0.017 TEE3= 0.010  TEE4= 0.033
rank= 12 Lx=Ly=22 pg= 0.770 ids= 396 TEE1=-0.254 TEE2=-0.136 TEE3=-0.008  TEE4= 0.101
rank= 63 Lx=Ly=22 pg= 0.750 ids= 447 TEE1=-0.155 TEE2=-0.048 TEE3= 0.019  TEE4= 0.050
rank=  9 Lx=Ly=22 pg= 0.760 ids= 393 TEE1=-0.054 TEE2= 0.050 TEE3= 0.089  TEE4= 0.076
rank= 88 Lx=Ly=22 pg= 0.740 ids= 472 TEE1=-0.060 TEE2= 0.064 TEE3= 0.074  TEE4= 0.079
rank= 13 Lx=Ly=22 pg= 0.760 ids= 397 TEE1=-0.155 TEE2=-0.035 TEE3= 0.060  TEE4= 0.097
rank=111 Lx=Ly=22 pg= 0.780 ids= 495 TEE1=-0.397 TEE2=-0.384 TEE3=-0.277  TEE4=-0.093
rank= 84 Lx=Ly=22 pg= 0.740 ids= 468 TEE1=-0.045 TEE2= 0.035 TEE3= 0.048  TEE4= 0.054
rank= 97 Lx=Ly=22 pg= 0.790 ids= 481 TEE1=-0.275 TEE2=-0.147 TEE3= 0.008  TEE4= 0.149
rank=112 Lx=Ly=22 pg= 0.850 ids= 496 TEE1=-0.647 TEE2=-0.715 TEE3=-0.694  TEE4=-0.647
rank=115 Lx=Ly=22 pg= 0.840 ids= 499 TEE1=-0.643 TEE2=-0.707 TEE3=-0.671  TEE4=-0.614
rank=  8 Lx=Ly=22 pg= 0.770 ids= 392 TEE1=-0.198 TEE2=-0.134 TEE3=-0.031  TEE4= 0.014
rank= 17 Lx=Ly=22 pg= 0.750 ids= 401 TEE1=-0.271 TEE2=-0.145 TEE3=-0.006  TEE4= 0.035
rank= 49 Lx=Ly=22 pg= 0.760 ids= 433 TEE1=-0.196 TEE2=-0.093 TEE3=-0.029  TEE4= 0.062
rank= 79 Lx=Ly=22 pg= 0.750 ids= 463 TEE1=-0.227 TEE2=-0.130 TEE3=-0.010  TEE4= 0.041
rank=101 Lx=Ly=22 pg= 0.790 ids= 485 TEE1=-0.341 TEE2=-0.236 TEE3=-0.132  TEE4= 0.043
rank= 14 Lx=Ly=22 pg= 0.770 ids= 398 TEE1=-0.326 TEE2=-0.171 TEE3=-0.060  TEE4= 0.010
rank= 77 Lx=Ly=22 pg= 0.750 ids= 461 TEE1=-0.271 TEE2=-0.140 TEE3=-0.066  TEE4=-0.037
rank= 81 Lx=Ly=22 pg= 0.750 ids= 465 TEE1=-0.147 TEE2=-0.048 TEE3= 0.000  TEE4=-0.008
rank= 85 Lx=Ly=22 pg= 0.750 ids= 469 TEE1=-0.081 TEE2= 0.000 TEE3= 0.056  TEE4= 0.033
rank=  4 Lx=Ly=22 pg= 0.760 ids= 388 TEE1=-0.231 TEE2=-0.116 TEE3=-0.019  TEE4= 0.070
rank= 61 Lx=Ly=22 pg= 0.750 ids= 445 TEE1=-0.105 TEE2=-0.002 TEE3= 0.066  TEE4= 0.128
rank= 82 Lx=Ly=22 pg= 0.750 ids= 466 TEE1=-0.128 TEE2=-0.019 TEE3= 0.031  TEE4= 0.066
rank= 54 Lx=Ly=22 pg= 0.750 ids= 438 TEE1=-0.130 TEE2=-0.048 TEE3= 0.017  TEE4= 0.045
rank= 68 Lx=Ly=22 pg= 0.750 ids= 452 TEE1=-0.136 TEE2=-0.033 TEE3= 0.027  TEE4= 0.050
rank= 65 Lx=Ly=22 pg= 0.770 ids= 449 TEE1=-0.159 TEE2=-0.050 TEE3= 0.054  TEE4= 0.118
rank=109 Lx=Ly=22 pg= 0.780 ids= 493 TEE1=-0.355 TEE2=-0.215 TEE3=-0.064  TEE4= 0.043
rank=107 Lx=Ly=22 pg= 0.790 ids= 491 TEE1=-0.281 TEE2=-0.138 TEE3=-0.004  TEE4= 0.087
rank=103 Lx=Ly=22 pg= 0.790 ids= 487 TEE1=-0.341 TEE2=-0.244 TEE3=-0.107  TEE4= 0.027
rank=  0 Lx=Ly=22 pg= 0.760 ids= 384 TEE1=-0.240 TEE2=-0.074 TEE3= 0.043  TEE4= 0.112
rank= 16 Lx=Ly=22 pg= 0.750 ids= 400 TEE1=-0.143 TEE2=-0.072 TEE3= 0.021  TEE4= 0.058
rank= 32 Lx=Ly=22 pg= 0.760 ids= 416 TEE1=-0.178 TEE2=-0.070 TEE3= 0.019  TEE4= 0.128
rank= 31 Lx=Ly=22 pg= 0.760 ids= 415 TEE1=-0.188 TEE2=-0.099 TEE3=-0.021  TEE4= 0.048
rank= 30 Lx=Ly=22 pg= 0.760 ids= 414 TEE1=-0.151 TEE2= 0.000 TEE3= 0.089  TEE4= 0.138
rank= 21 Lx=Ly=22 pg= 0.750 ids= 405 TEE1=-0.205 TEE2=-0.033 TEE3= 0.037  TEE4= 0.052
rank= 45 Lx=Ly=22 pg= 0.770 ids= 429 TEE1=-0.178 TEE2=-0.087 TEE3= 0.033  TEE4= 0.155
rank=110 Lx=Ly=22 pg= 0.790 ids= 494 TEE1=-0.426 TEE2=-0.388 TEE3=-0.258  TEE4=-0.029
rank= 22 Lx=Ly=22 pg= 0.750 ids= 406 TEE1=-0.043 TEE2= 0.006 TEE3= 0.035  TEE4= 0.041
rank= 27 Lx=Ly=22 pg= 0.760 ids= 411 TEE1=-0.153 TEE2=-0.019 TEE3= 0.056  TEE4= 0.056
rank= 70 Lx=Ly=22 pg= 0.750 ids= 454 TEE1=-0.140 TEE2=-0.023 TEE3= 0.066  TEE4= 0.118
rank= 93 Lx=Ly=22 pg= 0.750 ids= 477 TEE1=-0.151 TEE2=-0.037 TEE3= 0.039  TEE4= 0.060
rank=100 Lx=Ly=22 pg= 0.800 ids= 484 TEE1=-0.421 TEE2=-0.281 TEE3=-0.083  TEE4=-0.004
rank= 42 Lx=Ly=22 pg= 0.770 ids= 426 TEE1=-0.033 TEE2= 0.025 TEE3= 0.081  TEE4= 0.062
rank= 67 Lx=Ly=22 pg= 0.770 ids= 451 TEE1=-0.211 TEE2=-0.099 TEE3=-0.010  TEE4= 0.019
rank= 92 Lx=Ly=22 pg= 0.740 ids= 476 TEE1=-0.070 TEE2=-0.035 TEE3= 0.008  TEE4= 0.012
rank=113 Lx=Ly=22 pg= 0.850 ids= 497 TEE1=-0.694 TEE2=-0.802 TEE3=-0.787  TEE4=-0.814
rank= 10 Lx=Ly=22 pg= 0.770 ids= 394 TEE1=-0.124 TEE2=-0.014 TEE3= 0.052  TEE4= 0.066
rank=114 Lx=Ly=22 pg= 0.850 ids= 498 TEE1=-0.719 TEE2=-0.822 TEE3=-0.808  TEE4=-0.793
rank= 90 Lx=Ly=22 pg= 0.740 ids= 474 TEE1=-0.012 TEE2= 0.039 TEE3= 0.039  TEE4= 0.033
rank= 34 Lx=Ly=22 pg= 0.760 ids= 418 TEE1=-0.221 TEE2=-0.153 TEE3=-0.076  TEE4= 0.008
rank= 40 Lx=Ly=22 pg= 0.770 ids= 424 TEE1=-0.240 TEE2=-0.072 TEE3= 0.014  TEE4= 0.052
rank=106 Lx=Ly=22 pg= 0.790 ids= 490 TEE1=-0.372 TEE2=-0.277 TEE3=-0.161  TEE4= 0.004
rank= 36 Lx=Ly=22 pg= 0.760 ids= 420 TEE1=-0.107 TEE2= 0.033 TEE3= 0.064  TEE4= 0.058
rank= 83 Lx=Ly=22 pg= 0.760 ids= 467 TEE1=-0.062 TEE2= 0.021 TEE3= 0.050  TEE4= 0.064
rank= 29 Lx=Ly=22 pg= 0.760 ids= 413 TEE1=-0.205 TEE2=-0.097 TEE3=-0.039  TEE4= 0.012
rank=  2 Lx=Ly=22 pg= 0.770 ids= 386 TEE1=-0.225 TEE2=-0.079 TEE3= 0.021  TEE4= 0.045
rank= 91 Lx=Ly=22 pg= 0.750 ids= 475 TEE1=-0.136 TEE2=-0.052 TEE3= 0.012  TEE4= 0.050
rank= 48 Lx=Ly=22 pg= 0.760 ids= 432 TEE1=-0.155 TEE2=-0.056 TEE3= 0.033  TEE4= 0.095
rank= 44 Lx=Ly=22 pg= 0.770 ids= 428 TEE1=-0.335 TEE2=-0.165 TEE3=-0.033  TEE4= 0.048
rank= 64 Lx=Ly=22 pg= 0.760 ids= 448 TEE1=-0.262 TEE2=-0.223 TEE3=-0.132  TEE4=-0.037
rank=  1 Lx=Ly=22 pg= 0.770 ids= 385 TEE1=-0.298 TEE2=-0.194 TEE3=-0.079  TEE4= 0.097
rank= 72 Lx=Ly=22 pg= 0.750 ids= 456 TEE1=-0.103 TEE2= 0.033 TEE3= 0.050  TEE4= 0.037
rank= 76 Lx=Ly=22 pg= 0.750 ids= 460 TEE1=-0.008 TEE2= 0.029 TEE3= 0.031  TEE4= 0.031
rank= 26 Lx=Ly=22 pg= 0.760 ids= 410 TEE1=-0.275 TEE2=-0.114 TEE3=-0.023  TEE4= 0.103
rank= 11 Lx=Ly=22 pg= 0.770 ids= 395 TEE1=-0.165 TEE2=-0.039 TEE3= 0.027  TEE4= 0.058
rank=  7 Lx=Ly=22 pg= 0.770 ids= 391 TEE1=-0.192 TEE2=-0.043 TEE3= 0.043  TEE4= 0.066
rank=  5 Lx=Ly=22 pg= 0.770 ids= 389 TEE1=-0.329 TEE2=-0.198 TEE3=-0.060  TEE4= 0.056
rank= 75 Lx=Ly=22 pg= 0.760 ids= 459 TEE1=-0.112 TEE2= 0.017 TEE3= 0.052  TEE4= 0.058
rank=104 Lx=Ly=22 pg= 0.790 ids= 488 TEE1=-0.368 TEE2=-0.295 TEE3=-0.207  TEE4=-0.079
rank= 57 Lx=Ly=22 pg= 0.760 ids= 441 TEE1=-0.149 TEE2=-0.041 TEE3= 0.008  TEE4= 0.014
rank=112 Lx=Ly=22 pg= 0.860 ids= 496 TEE1=-0.769 TEE2=-0.849 TEE3=-0.857  TEE4=-0.847
rank=115 Lx=Ly=22 pg= 0.850 ids= 499 TEE1=-0.545 TEE2=-0.550 TEE3=-0.486  TEE4=-0.293
rank= 46 Lx=Ly=22 pg= 0.770 ids= 430 TEE1=-0.341 TEE2=-0.188 TEE3=-0.033  TEE4= 0.039
rank=102 Lx=Ly=22 pg= 0.800 ids= 486 TEE1=-0.442 TEE2=-0.457 TEE3=-0.378  TEE4=-0.254
rank= 18 Lx=Ly=22 pg= 0.750 ids= 402 TEE1=-0.138 TEE2=-0.062 TEE3= 0.000  TEE4= 0.031
rank= 99 Lx=Ly=22 pg= 0.800 ids= 483 TEE1=-0.514 TEE2=-0.517 TEE3=-0.457  TEE4=-0.331
rank= 41 Lx=Ly=22 pg= 0.770 ids= 425 TEE1=-0.252 TEE2=-0.176 TEE3=-0.052  TEE4= 0.083
rank= 98 Lx=Ly=22 pg= 0.800 ids= 482 TEE1=-0.403 TEE2=-0.324 TEE3=-0.223  TEE4=-0.128
rank= 74 Lx=Ly=22 pg= 0.760 ids= 458 TEE1=-0.087 TEE2=-0.006 TEE3= 0.079  TEE4= 0.089
rank= 37 Lx=Ly=22 pg= 0.770 ids= 421 TEE1=-0.283 TEE2=-0.180 TEE3=-0.041  TEE4= 0.079
rank= 33 Lx=Ly=22 pg= 0.770 ids= 417 TEE1=-0.264 TEE2=-0.153 TEE3=-0.048  TEE4= 0.048
rank=108 Lx=Ly=22 pg= 0.790 ids= 492 TEE1=-0.339 TEE2=-0.287 TEE3=-0.188  TEE4=-0.045
rank= 56 Lx=Ly=22 pg= 0.760 ids= 440 TEE1=-0.244 TEE2=-0.140 TEE3=-0.023  TEE4= 0.110
rank= 39 Lx=Ly=22 pg= 0.770 ids= 423 TEE1=-0.293 TEE2=-0.169 TEE3=-0.064  TEE4= 0.095
rank=105 Lx=Ly=22 pg= 0.790 ids= 489 TEE1=-0.279 TEE2=-0.178 TEE3=-0.033  TEE4= 0.070
rank= 55 Lx=Ly=22 pg= 0.760 ids= 439 TEE1=-0.050 TEE2= 0.012 TEE3= 0.066  TEE4= 0.089
rank= 53 Lx=Ly=22 pg= 0.760 ids= 437 TEE1=-0.118 TEE2=-0.023 TEE3= 0.027  TEE4= 0.066
rank= 24 Lx=Ly=22 pg= 0.760 ids= 408 TEE1=-0.184 TEE2=-0.045 TEE3= 0.045  TEE4= 0.093
rank= 87 Lx=Ly=22 pg= 0.760 ids= 471 TEE1=-0.143 TEE2= 0.012 TEE3= 0.083  TEE4= 0.105
rank= 71 Lx=Ly=22 pg= 0.770 ids= 455 TEE1=-0.275 TEE2=-0.153 TEE3=-0.085  TEE4=-0.039
rank= 58 Lx=Ly=22 pg= 0.760 ids= 442 TEE1=-0.064 TEE2= 0.027 TEE3= 0.064  TEE4= 0.097
rank=  3 Lx=Ly=22 pg= 0.780 ids= 387 TEE1=-0.384 TEE2=-0.306 TEE3=-0.194  TEE4=-0.017
rank= 96 Lx=Ly=22 pg= 0.800 ids= 480 TEE1=-0.564 TEE2=-0.564 TEE3=-0.475  TEE4=-0.366
rank= 50 Lx=Ly=22 pg= 0.760 ids= 434 TEE1=-0.184 TEE2=-0.066 TEE3= 0.008  TEE4= 0.103
rank= 73 Lx=Ly=22 pg= 0.760 ids= 457 TEE1=-0.112 TEE2=-0.072 TEE3= 0.000  TEE4= 0.058
rank= 69 Lx=Ly=22 pg= 0.770 ids= 453 TEE1=-0.238 TEE2=-0.211 TEE3=-0.085  TEE4= 0.091
rank= 59 Lx=Ly=22 pg= 0.760 ids= 443 TEE1=-0.176 TEE2=-0.110 TEE3=-0.037  TEE4= 0.025
rank= 15 Lx=Ly=22 pg= 0.770 ids= 399 TEE1=-0.339 TEE2=-0.273 TEE3=-0.174  TEE4=-0.045
rank= 97 Lx=Ly=22 pg= 0.800 ids= 481 TEE1=-0.521 TEE2=-0.537 TEE3=-0.436  TEE4=-0.333
rank=111 Lx=Ly=22 pg= 0.790 ids= 495 TEE1=-0.490 TEE2=-0.467 TEE3=-0.366  TEE4=-0.233
rank=113 Lx=Ly=22 pg= 0.860 ids= 497 TEE1=-0.698 TEE2=-0.773 TEE3=-0.762  TEE4=-0.727
rank=114 Lx=Ly=22 pg= 0.860 ids= 498 TEE1=-0.816 TEE2=-0.884 TEE3=-0.874  TEE4=-0.899
rank= 95 Lx=Ly=22 pg= 0.750 ids= 479 TEE1=-0.161 TEE2=-0.021 TEE3= 0.070  TEE4= 0.151
rank= 47 Lx=Ly=22 pg= 0.770 ids= 431 TEE1=-0.229 TEE2=-0.072 TEE3= 0.025  TEE4= 0.083
rank= 28 Lx=Ly=22 pg= 0.760 ids= 412 TEE1=-0.252 TEE2=-0.122 TEE3=-0.012  TEE4= 0.017
rank= 43 Lx=Ly=22 pg= 0.770 ids= 427 TEE1=-0.205 TEE2=-0.091 TEE3=-0.004  TEE4= 0.074
rank=  6 Lx=Ly=22 pg= 0.770 ids= 390 TEE1=-0.310 TEE2=-0.163 TEE3=-0.017  TEE4= 0.091
rank= 62 Lx=Ly=22 pg= 0.760 ids= 446 TEE1=-0.244 TEE2=-0.190 TEE3=-0.085  TEE4= 0.008
rank=101 Lx=Ly=22 pg= 0.800 ids= 485 TEE1=-0.419 TEE2=-0.298 TEE3=-0.171  TEE4=-0.050
rank= 25 Lx=Ly=22 pg= 0.770 ids= 409 TEE1=-0.277 TEE2=-0.192 TEE3=-0.056  TEE4= 0.085
rank= 66 Lx=Ly=22 pg= 0.760 ids= 450 TEE1=-0.174 TEE2= 0.012 TEE3= 0.095  TEE4= 0.132
rank= 52 Lx=Ly=22 pg= 0.760 ids= 436 TEE1=-0.188 TEE2=-0.033 TEE3= 0.056  TEE4= 0.074
rank= 51 Lx=Ly=22 pg= 0.770 ids= 435 TEE1=-0.202 TEE2=-0.087 TEE3=-0.021  TEE4= 0.031
rank= 78 Lx=Ly=22 pg= 0.760 ids= 462 TEE1=-0.132 TEE2=-0.012 TEE3= 0.037  TEE4= 0.060
rank=107 Lx=Ly=22 pg= 0.800 ids= 491 TEE1=-0.498 TEE2=-0.455 TEE3=-0.324  TEE4=-0.143
rank=109 Lx=Ly=22 pg= 0.790 ids= 493 TEE1=-0.347 TEE2=-0.281 TEE3=-0.190  TEE4=-0.076
rank=103 Lx=Ly=22 pg= 0.800 ids= 487 TEE1=-0.411 TEE2=-0.341 TEE3=-0.213  TEE4=-0.052
rank=112 Lx=Ly=22 pg= 0.870 ids= 496 TEE1=-0.775 TEE2=-0.866 TEE3=-0.849  TEE4=-0.829
rank=115 Lx=Ly=22 pg= 0.860 ids= 499 TEE1=-0.781 TEE2=-0.880 TEE3=-0.880  TEE4=-0.853
rank= 20 Lx=Ly=22 pg= 0.760 ids= 404 TEE1=-0.221 TEE2=-0.062 TEE3= 0.039  TEE4= 0.107
rank= 19 Lx=Ly=22 pg= 0.760 ids= 403 TEE1=-0.215 TEE2=-0.039 TEE3= 0.058  TEE4= 0.112
rank= 60 Lx=Ly=22 pg= 0.760 ids= 444 TEE1=-0.236 TEE2=-0.068 TEE3= 0.072  TEE4= 0.110
rank= 89 Lx=Ly=22 pg= 0.760 ids= 473 TEE1=-0.064 TEE2= 0.025 TEE3= 0.087  TEE4= 0.101
rank= 38 Lx=Ly=22 pg= 0.770 ids= 422 TEE1=-0.378 TEE2=-0.217 TEE3=-0.103  TEE4= 0.039
rank= 35 Lx=Ly=22 pg= 0.780 ids= 419 TEE1=-0.279 TEE2=-0.062 TEE3= 0.043  TEE4= 0.153
rank= 94 Lx=Ly=22 pg= 0.750 ids= 478 TEE1=-0.155 TEE2= 0.035 TEE3= 0.079  TEE4= 0.099
rank=110 Lx=Ly=22 pg= 0.800 ids= 494 TEE1=-0.376 TEE2=-0.324 TEE3=-0.207  TEE4=-0.045
rank= 12 Lx=Ly=22 pg= 0.780 ids= 396 TEE1=-0.289 TEE2=-0.169 TEE3=-0.039  TEE4=-0.008
rank= 80 Lx=Ly=22 pg= 0.750 ids= 464 TEE1=-0.062 TEE2= 0.006 TEE3= 0.017  TEE4= 0.023
rank=  9 Lx=Ly=22 pg= 0.770 ids= 393 TEE1=-0.339 TEE2=-0.279 TEE3=-0.167  TEE4=-0.070
rank= 86 Lx=Ly=22 pg= 0.750 ids= 470 TEE1=-0.074 TEE2= 0.006 TEE3= 0.056  TEE4= 0.068
rank= 23 Lx=Ly=22 pg= 0.760 ids= 407 TEE1=-0.097 TEE2=-0.010 TEE3= 0.062  TEE4= 0.091
rank= 13 Lx=Ly=22 pg= 0.770 ids= 397 TEE1=-0.240 TEE2=-0.112 TEE3= 0.023  TEE4= 0.126
rank= 63 Lx=Ly=22 pg= 0.760 ids= 447 TEE1=-0.271 TEE2=-0.147 TEE3=-0.031  TEE4= 0.074
rank=100 Lx=Ly=22 pg= 0.810 ids= 484 TEE1=-0.514 TEE2=-0.529 TEE3=-0.426  TEE4=-0.215
rank= 88 Lx=Ly=22 pg= 0.750 ids= 472 TEE1=-0.023 TEE2= 0.033 TEE3= 0.066  TEE4= 0.052
rank= 84 Lx=Ly=22 pg= 0.750 ids= 468 TEE1=-0.110 TEE2= 0.004 TEE3= 0.033  TEE4= 0.058
rank=  8 Lx=Ly=22 pg= 0.780 ids= 392 TEE1=-0.341 TEE2=-0.238 TEE3=-0.157  TEE4=-0.060
rank=106 Lx=Ly=22 pg= 0.800 ids= 490 TEE1=-0.430 TEE2=-0.279 TEE3=-0.093  TEE4= 0.060
rank= 17 Lx=Ly=22 pg= 0.760 ids= 401 TEE1=-0.264 TEE2=-0.072 TEE3= 0.060  TEE4= 0.190
rank= 49 Lx=Ly=22 pg= 0.770 ids= 433 TEE1=-0.246 TEE2=-0.099 TEE3=-0.008  TEE4= 0.062
rank= 14 Lx=Ly=22 pg= 0.780 ids= 398 TEE1=-0.395 TEE2=-0.360 TEE3=-0.267  TEE4=-0.056
rank= 79 Lx=Ly=22 pg= 0.760 ids= 463 TEE1=-0.120 TEE2= 0.017 TEE3= 0.095  TEE4= 0.155
rank=  4 Lx=Ly=22 pg= 0.770 ids= 388 TEE1=-0.196 TEE2=-0.043 TEE3= 0.033  TEE4= 0.062
rank= 77 Lx=Ly=22 pg= 0.760 ids= 461 TEE1=-0.167 TEE2=-0.039 TEE3= 0.029  TEE4= 0.058
rank= 81 Lx=Ly=22 pg= 0.760 ids= 465 TEE1=-0.182 TEE2=-0.062 TEE3= 0.027  TEE4= 0.050
rank= 85 Lx=Ly=22 pg= 0.760 ids= 469 TEE1=-0.081 TEE2= 0.000 TEE3= 0.031  TEE4= 0.031
rank= 61 Lx=Ly=22 pg= 0.760 ids= 445 TEE1=-0.211 TEE2=-0.093 TEE3= 0.000  TEE4= 0.116
rank= 82 Lx=Ly=22 pg= 0.760 ids= 466 TEE1=-0.155 TEE2=-0.110 TEE3=-0.054  TEE4= 0.004
rank= 65 Lx=Ly=22 pg= 0.780 ids= 449 TEE1=-0.333 TEE2=-0.256 TEE3=-0.171  TEE4=-0.056
rank= 68 Lx=Ly=22 pg= 0.760 ids= 452 TEE1=-0.182 TEE2=-0.056 TEE3= 0.025  TEE4= 0.060
rank= 54 Lx=Ly=22 pg= 0.760 ids= 438 TEE1=-0.248 TEE2=-0.101 TEE3=-0.004  TEE4= 0.062
rank=113 Lx=Ly=22 pg= 0.870 ids= 497 TEE1=-0.725 TEE2=-0.818 TEE3=-0.814  TEE4=-0.771
rank=104 Lx=Ly=22 pg= 0.800 ids= 488 TEE1=-0.428 TEE2=-0.260 TEE3=-0.089  TEE4= 0.079
rank=114 Lx=Ly=22 pg= 0.870 ids= 498 TEE1=-0.725 TEE2=-0.826 TEE3=-0.806  TEE4=-0.802
rank=  0 Lx=Ly=22 pg= 0.770 ids= 384 TEE1=-0.130 TEE2=-0.019 TEE3= 0.041  TEE4= 0.058
rank= 32 Lx=Ly=22 pg= 0.770 ids= 416 TEE1=-0.207 TEE2=-0.068 TEE3= 0.014  TEE4= 0.083
rank= 16 Lx=Ly=22 pg= 0.760 ids= 400 TEE1=-0.207 TEE2=-0.134 TEE3=-0.062  TEE4= 0.027
rank=102 Lx=Ly=22 pg= 0.810 ids= 486 TEE1=-0.459 TEE2=-0.432 TEE3=-0.322  TEE4=-0.140
rank= 31 Lx=Ly=22 pg= 0.770 ids= 415 TEE1=-0.360 TEE2=-0.227 TEE3=-0.085  TEE4= 0.035
rank= 45 Lx=Ly=22 pg= 0.780 ids= 429 TEE1=-0.260 TEE2=-0.171 TEE3=-0.037  TEE4= 0.151
rank= 99 Lx=Ly=22 pg= 0.810 ids= 483 TEE1=-0.506 TEE2=-0.459 TEE3=-0.345  TEE4=-0.223
rank= 30 Lx=Ly=22 pg= 0.770 ids= 414 TEE1=-0.147 TEE2=-0.017 TEE3= 0.062  TEE4= 0.114
rank= 21 Lx=Ly=22 pg= 0.760 ids= 405 TEE1=-0.190 TEE2=-0.056 TEE3= 0.050  TEE4= 0.054
rank= 98 Lx=Ly=22 pg= 0.810 ids= 482 TEE1=-0.539 TEE2=-0.512 TEE3=-0.452  TEE4=-0.314
rank= 22 Lx=Ly=22 pg= 0.760 ids= 406 TEE1=-0.157 TEE2=-0.021 TEE3= 0.072  TEE4= 0.081
rank= 27 Lx=Ly=22 pg= 0.770 ids= 411 TEE1=-0.316 TEE2=-0.219 TEE3=-0.081  TEE4= 0.147
rank= 70 Lx=Ly=22 pg= 0.760 ids= 454 TEE1=-0.097 TEE2= 0.035 TEE3= 0.095  TEE4= 0.074
rank= 93 Lx=Ly=22 pg= 0.760 ids= 477 TEE1=-0.169 TEE2=-0.060 TEE3= 0.037  TEE4= 0.103
rank= 42 Lx=Ly=22 pg= 0.780 ids= 426 TEE1=-0.326 TEE2=-0.190 TEE3=-0.039  TEE4= 0.062
rank= 67 Lx=Ly=22 pg= 0.780 ids= 451 TEE1=-0.337 TEE2=-0.202 TEE3=-0.017  TEE4= 0.112
rank= 10 Lx=Ly=22 pg= 0.780 ids= 394 TEE1=-0.333 TEE2=-0.229 TEE3=-0.116  TEE4= 0.017
rank=115 Lx=Ly=22 pg= 0.870 ids= 499 TEE1=-0.787 TEE2=-0.855 TEE3=-0.851  TEE4=-0.839
rank=112 Lx=Ly=22 pg= 0.880 ids= 496 TEE1=-0.789 TEE2=-0.884 TEE3=-0.876  TEE4=-0.864
rank= 34 Lx=Ly=22 pg= 0.770 ids= 418 TEE1=-0.169 TEE2=-0.006 TEE3= 0.081  TEE4= 0.101
rank= 40 Lx=Ly=22 pg= 0.780 ids= 424 TEE1=-0.291 TEE2=-0.099 TEE3= 0.014  TEE4= 0.103
rank= 92 Lx=Ly=22 pg= 0.750 ids= 476 TEE1=-0.093 TEE2=-0.025 TEE3= 0.021  TEE4= 0.029
rank= 90 Lx=Ly=22 pg= 0.750 ids= 474 TEE1=-0.140 TEE2=-0.066 TEE3= 0.004  TEE4= 0.079
rank=108 Lx=Ly=22 pg= 0.800 ids= 492 TEE1=-0.417 TEE2=-0.335 TEE3=-0.211  TEE4=-0.014
rank= 36 Lx=Ly=22 pg= 0.770 ids= 420 TEE1=-0.285 TEE2=-0.118 TEE3= 0.014  TEE4= 0.089
rank=105 Lx=Ly=22 pg= 0.800 ids= 489 TEE1=-0.517 TEE2=-0.463 TEE3=-0.335  TEE4=-0.138
rank= 83 Lx=Ly=22 pg= 0.770 ids= 467 TEE1=-0.223 TEE2=-0.165 TEE3=-0.037  TEE4= 0.087
rank=  2 Lx=Ly=22 pg= 0.780 ids= 386 TEE1=-0.221 TEE2=-0.130 TEE3=-0.062  TEE4=-0.004
rank= 29 Lx=Ly=22 pg= 0.770 ids= 413 TEE1=-0.233 TEE2=-0.091 TEE3= 0.019  TEE4= 0.236
rank= 91 Lx=Ly=22 pg= 0.760 ids= 475 TEE1=-0.190 TEE2=-0.056 TEE3= 0.074  TEE4= 0.138
rank= 96 Lx=Ly=22 pg= 0.810 ids= 480 TEE1=-0.506 TEE2=-0.477 TEE3=-0.362  TEE4=-0.128
rank= 48 Lx=Ly=22 pg= 0.770 ids= 432 TEE1=-0.155 TEE2=-0.064 TEE3= 0.027  TEE4= 0.043
rank= 44 Lx=Ly=22 pg= 0.780 ids= 428 TEE1=-0.269 TEE2=-0.140 TEE3=-0.076  TEE4= 0.025
rank=  1 Lx=Ly=22 pg= 0.780 ids= 385 TEE1=-0.215 TEE2=-0.114 TEE3=-0.045  TEE4= 0.023
rank= 64 Lx=Ly=22 pg= 0.770 ids= 448 TEE1=-0.240 TEE2=-0.143 TEE3=-0.048  TEE4= 0.023
rank= 11 Lx=Ly=22 pg= 0.780 ids= 395 TEE1=-0.269 TEE2=-0.283 TEE3=-0.229  TEE4=-0.169
rank= 26 Lx=Ly=22 pg= 0.770 ids= 410 TEE1=-0.190 TEE2=-0.099 TEE3= 0.012  TEE4= 0.116
rank= 76 Lx=Ly=22 pg= 0.760 ids= 460 TEE1=-0.153 TEE2=-0.010 TEE3= 0.045  TEE4= 0.054
rank= 72 Lx=Ly=22 pg= 0.760 ids= 456 TEE1=-0.225 TEE2=-0.089 TEE3=-0.023  TEE4= 0.095
rank=  7 Lx=Ly=22 pg= 0.780 ids= 391 TEE1=-0.364 TEE2=-0.302 TEE3=-0.157  TEE4=-0.037
rank= 97 Lx=Ly=22 pg= 0.810 ids= 481 TEE1=-0.554 TEE2=-0.512 TEE3=-0.444  TEE4=-0.300
rank=  5 Lx=Ly=22 pg= 0.780 ids= 389 TEE1=-0.337 TEE2=-0.269 TEE3=-0.194  TEE4=-0.083
rank= 75 Lx=Ly=22 pg= 0.770 ids= 459 TEE1=-0.262 TEE2=-0.045 TEE3= 0.037  TEE4= 0.120
rank= 57 Lx=Ly=22 pg= 0.770 ids= 441 TEE1=-0.207 TEE2=-0.068 TEE3= 0.052  TEE4= 0.083
rank=111 Lx=Ly=22 pg= 0.800 ids= 495 TEE1=-0.424 TEE2=-0.395 TEE3=-0.281  TEE4=-0.058
rank= 46 Lx=Ly=22 pg= 0.780 ids= 430 TEE1=-0.161 TEE2=-0.072 TEE3= 0.029  TEE4= 0.110
rank= 41 Lx=Ly=22 pg= 0.780 ids= 425 TEE1=-0.298 TEE2=-0.200 TEE3=-0.138  TEE4=-0.027
rank=101 Lx=Ly=22 pg= 0.810 ids= 485 TEE1=-0.382 TEE2=-0.318 TEE3=-0.200  TEE4=-0.060
rank= 18 Lx=Ly=22 pg= 0.760 ids= 402 TEE1=-0.302 TEE2=-0.196 TEE3=-0.062  TEE4= 0.093
rank=113 Lx=Ly=22 pg= 0.880 ids= 497 TEE1=-0.756 TEE2=-0.866 TEE3=-0.866  TEE4=-0.872
rank= 37 Lx=Ly=22 pg= 0.780 ids= 421 TEE1=-0.339 TEE2=-0.227 TEE3=-0.060  TEE4= 0.089
rank= 74 Lx=Ly=22 pg= 0.770 ids= 458 TEE1=-0.161 TEE2=-0.058 TEE3= 0.058  TEE4= 0.132
rank=107 Lx=Ly=22 pg= 0.810 ids= 491 TEE1=-0.490 TEE2=-0.415 TEE3=-0.314  TEE4=-0.099
rank=114 Lx=Ly=22 pg= 0.880 ids= 498 TEE1=-0.822 TEE2=-0.888 TEE3=-0.882  TEE4=-0.876
rank=109 Lx=Ly=22 pg= 0.800 ids= 493 TEE1=-0.440 TEE2=-0.364 TEE3=-0.271  TEE4=-0.128
rank=103 Lx=Ly=22 pg= 0.810 ids= 487 TEE1=-0.533 TEE2=-0.545 TEE3=-0.479  TEE4=-0.345
rank= 33 Lx=Ly=22 pg= 0.780 ids= 417 TEE1=-0.273 TEE2=-0.097 TEE3=-0.021  TEE4= 0.010
rank= 56 Lx=Ly=22 pg= 0.770 ids= 440 TEE1=-0.260 TEE2=-0.118 TEE3=-0.019  TEE4= 0.041
rank= 39 Lx=Ly=22 pg= 0.780 ids= 423 TEE1=-0.244 TEE2=-0.151 TEE3=-0.064  TEE4= 0.050
rank= 55 Lx=Ly=22 pg= 0.770 ids= 439 TEE1=-0.178 TEE2= 0.004 TEE3= 0.136  TEE4= 0.207
rank= 24 Lx=Ly=22 pg= 0.770 ids= 408 TEE1=-0.258 TEE2=-0.167 TEE3=-0.072  TEE4= 0.017
rank= 53 Lx=Ly=22 pg= 0.770 ids= 437 TEE1=-0.271 TEE2=-0.143 TEE3=-0.021  TEE4= 0.050
rank= 71 Lx=Ly=22 pg= 0.780 ids= 455 TEE1=-0.333 TEE2=-0.236 TEE3=-0.132  TEE4= 0.027
rank=  3 Lx=Ly=22 pg= 0.790 ids= 387 TEE1=-0.531 TEE2=-0.494 TEE3=-0.393  TEE4=-0.260
rank= 87 Lx=Ly=22 pg= 0.770 ids= 471 TEE1=-0.285 TEE2=-0.132 TEE3= 0.023  TEE4= 0.081
rank=110 Lx=Ly=22 pg= 0.810 ids= 494 TEE1=-0.457 TEE2=-0.440 TEE3=-0.357  TEE4=-0.219
rank= 58 Lx=Ly=22 pg= 0.770 ids= 442 TEE1=-0.289 TEE2=-0.188 TEE3=-0.043  TEE4= 0.000
rank= 15 Lx=Ly=22 pg= 0.780 ids= 399 TEE1=-0.298 TEE2=-0.209 TEE3=-0.072  TEE4= 0.076
rank= 50 Lx=Ly=22 pg= 0.770 ids= 434 TEE1=-0.277 TEE2=-0.167 TEE3=-0.072  TEE4= 0.006
rank= 69 Lx=Ly=22 pg= 0.780 ids= 453 TEE1=-0.258 TEE2=-0.174 TEE3=-0.095  TEE4= 0.004
rank= 73 Lx=Ly=22 pg= 0.770 ids= 457 TEE1=-0.200 TEE2=-0.060 TEE3= 0.091  TEE4= 0.240
rank= 59 Lx=Ly=22 pg= 0.770 ids= 443 TEE1=-0.143 TEE2=-0.012 TEE3= 0.043  TEE4= 0.093
rank=100 Lx=Ly=22 pg= 0.820 ids= 484 TEE1=-0.556 TEE2=-0.591 TEE3=-0.543  TEE4=-0.411
rank=115 Lx=Ly=22 pg= 0.880 ids= 499 TEE1=-0.802 TEE2=-0.880 TEE3=-0.880  TEE4=-0.876
rank=112 Lx=Ly=22 pg= 0.890 ids= 496 TEE1=-0.820 TEE2=-0.915 TEE3=-0.919  TEE4=-0.942
rank=106 Lx=Ly=22 pg= 0.810 ids= 490 TEE1=-0.419 TEE2=-0.347 TEE3=-0.200  TEE4=-0.033
rank= 47 Lx=Ly=22 pg= 0.780 ids= 431 TEE1=-0.401 TEE2=-0.233 TEE3=-0.072  TEE4=-0.017
rank= 95 Lx=Ly=22 pg= 0.760 ids= 479 TEE1=-0.281 TEE2=-0.155 TEE3=-0.025  TEE4= 0.128
rank= 43 Lx=Ly=22 pg= 0.780 ids= 427 TEE1=-0.388 TEE2=-0.376 TEE3=-0.250  TEE4=-0.134
rank=  6 Lx=Ly=22 pg= 0.780 ids= 390 TEE1=-0.306 TEE2=-0.219 TEE3=-0.097  TEE4= 0.066
rank= 28 Lx=Ly=22 pg= 0.770 ids= 412 TEE1=-0.143 TEE2= 0.035 TEE3= 0.085  TEE4= 0.107
rank= 62 Lx=Ly=22 pg= 0.770 ids= 446 TEE1=-0.211 TEE2=-0.095 TEE3=-0.014  TEE4= 0.025
rank= 25 Lx=Ly=22 pg= 0.780 ids= 409 TEE1=-0.308 TEE2=-0.225 TEE3=-0.110  TEE4= 0.008
rank= 66 Lx=Ly=22 pg= 0.770 ids= 450 TEE1=-0.240 TEE2=-0.174 TEE3=-0.060  TEE4= 0.012
rank= 52 Lx=Ly=22 pg= 0.770 ids= 436 TEE1=-0.269 TEE2=-0.095 TEE3= 0.052  TEE4= 0.252
rank= 51 Lx=Ly=22 pg= 0.780 ids= 435 TEE1=-0.345 TEE2=-0.207 TEE3=-0.083  TEE4= 0.031
rank=104 Lx=Ly=22 pg= 0.810 ids= 488 TEE1=-0.525 TEE2=-0.527 TEE3=-0.461  TEE4=-0.310
rank= 78 Lx=Ly=22 pg= 0.770 ids= 462 TEE1=-0.262 TEE2=-0.163 TEE3=-0.079  TEE4= 0.012
rank= 20 Lx=Ly=22 pg= 0.770 ids= 404 TEE1=-0.267 TEE2=-0.143 TEE3=-0.021  TEE4= 0.002
rank=102 Lx=Ly=22 pg= 0.820 ids= 486 TEE1=-0.570 TEE2=-0.568 TEE3=-0.500  TEE4=-0.380
rank= 19 Lx=Ly=22 pg= 0.770 ids= 403 TEE1=-0.312 TEE2=-0.161 TEE3=-0.058  TEE4= 0.014
rank= 60 Lx=Ly=22 pg= 0.770 ids= 444 TEE1=-0.126 TEE2=-0.019 TEE3= 0.101  TEE4= 0.200
rank= 89 Lx=Ly=22 pg= 0.770 ids= 473 TEE1=-0.314 TEE2=-0.161 TEE3=-0.043  TEE4= 0.122
rank= 35 Lx=Ly=22 pg= 0.790 ids= 419 TEE1=-0.366 TEE2=-0.277 TEE3=-0.174  TEE4=-0.039
rank= 38 Lx=Ly=22 pg= 0.780 ids= 422 TEE1=-0.260 TEE2=-0.138 TEE3=-0.014  TEE4= 0.060
rank= 99 Lx=Ly=22 pg= 0.820 ids= 483 TEE1=-0.486 TEE2=-0.452 TEE3=-0.368  TEE4=-0.192
rank= 12 Lx=Ly=22 pg= 0.790 ids= 396 TEE1=-0.413 TEE2=-0.335 TEE3=-0.229  TEE4=-0.056
rank=  9 Lx=Ly=22 pg= 0.780 ids= 393 TEE1=-0.271 TEE2=-0.147 TEE3=-0.068  TEE4= 0.050
rank= 98 Lx=Ly=22 pg= 0.820 ids= 482 TEE1=-0.531 TEE2=-0.531 TEE3=-0.442  TEE4=-0.289
rank= 94 Lx=Ly=22 pg= 0.760 ids= 478 TEE1=-0.149 TEE2=-0.062 TEE3= 0.019  TEE4= 0.087
rank= 13 Lx=Ly=22 pg= 0.780 ids= 397 TEE1=-0.436 TEE2=-0.411 TEE3=-0.250  TEE4=-0.029
rank= 63 Lx=Ly=22 pg= 0.770 ids= 447 TEE1=-0.186 TEE2=-0.083 TEE3= 0.027  TEE4= 0.099
rank= 23 Lx=Ly=22 pg= 0.770 ids= 407 TEE1=-0.136 TEE2= 0.029 TEE3= 0.153  TEE4= 0.256
rank=113 Lx=Ly=22 pg= 0.890 ids= 497 TEE1=-0.826 TEE2=-0.921 TEE3=-0.921  TEE4=-0.950
rank= 80 Lx=Ly=22 pg= 0.760 ids= 464 TEE1=-0.236 TEE2=-0.035 TEE3= 0.066  TEE4= 0.136
rank= 86 Lx=Ly=22 pg= 0.760 ids= 470 TEE1=-0.194 TEE2=-0.033 TEE3= 0.076  TEE4= 0.126
rank= 88 Lx=Ly=22 pg= 0.760 ids= 472 TEE1=-0.151 TEE2=-0.041 TEE3= 0.031  TEE4= 0.068
rank=114 Lx=Ly=22 pg= 0.890 ids= 498 TEE1=-0.864 TEE2=-0.971 TEE3=-0.977  TEE4=-0.983
rank=  8 Lx=Ly=22 pg= 0.790 ids= 392 TEE1=-0.295 TEE2=-0.215 TEE3=-0.122  TEE4=-0.025
rank= 84 Lx=Ly=22 pg= 0.760 ids= 468 TEE1=-0.120 TEE2= 0.019 TEE3= 0.072  TEE4= 0.076
rank=108 Lx=Ly=22 pg= 0.810 ids= 492 TEE1=-0.496 TEE2=-0.494 TEE3=-0.407  TEE4=-0.267
rank= 14 Lx=Ly=22 pg= 0.790 ids= 398 TEE1=-0.378 TEE2=-0.262 TEE3=-0.126  TEE4= 0.043
rank= 49 Lx=Ly=22 pg= 0.780 ids= 433 TEE1=-0.314 TEE2=-0.198 TEE3=-0.043  TEE4= 0.012
rank= 17 Lx=Ly=22 pg= 0.770 ids= 401 TEE1=-0.176 TEE2=-0.033 TEE3= 0.087  TEE4= 0.145
rank=  4 Lx=Ly=22 pg= 0.780 ids= 388 TEE1=-0.254 TEE2=-0.079 TEE3= 0.037  TEE4= 0.159
rank= 79 Lx=Ly=22 pg= 0.770 ids= 463 TEE1=-0.271 TEE2=-0.120 TEE3= 0.010  TEE4= 0.128
rank=105 Lx=Ly=22 pg= 0.810 ids= 489 TEE1=-0.477 TEE2=-0.488 TEE3=-0.399  TEE4=-0.275
rank= 77 Lx=Ly=22 pg= 0.770 ids= 461 TEE1=-0.188 TEE2=-0.023 TEE3= 0.056  TEE4= 0.122
rank= 61 Lx=Ly=22 pg= 0.770 ids= 445 TEE1=-0.256 TEE2=-0.062 TEE3= 0.058  TEE4= 0.134
rank= 85 Lx=Ly=22 pg= 0.770 ids= 469 TEE1=-0.060 TEE2= 0.052 TEE3= 0.085  TEE4= 0.095
rank= 81 Lx=Ly=22 pg= 0.770 ids= 465 TEE1=-0.329 TEE2=-0.192 TEE3=-0.068  TEE4= 0.070
rank= 96 Lx=Ly=22 pg= 0.820 ids= 480 TEE1=-0.550 TEE2=-0.595 TEE3=-0.543  TEE4=-0.444
rank= 65 Lx=Ly=22 pg= 0.790 ids= 449 TEE1=-0.355 TEE2=-0.223 TEE3=-0.089  TEE4= 0.060
rank= 82 Lx=Ly=22 pg= 0.770 ids= 466 TEE1=-0.238 TEE2=-0.076 TEE3= 0.014  TEE4= 0.140
rank= 68 Lx=Ly=22 pg= 0.770 ids= 452 TEE1=-0.374 TEE2=-0.219 TEE3=-0.050  TEE4= 0.064
rank= 54 Lx=Ly=22 pg= 0.770 ids= 438 TEE1=-0.231 TEE2=-0.093 TEE3=-0.029  TEE4= 0.062
rank=115 Lx=Ly=22 pg= 0.890 ids= 499 TEE1=-0.814 TEE2=-0.913 TEE3=-0.913  TEE4=-0.897
rank= 97 Lx=Ly=22 pg= 0.820 ids= 481 TEE1=-0.579 TEE2=-0.603 TEE3=-0.525  TEE4=-0.370
rank= 32 Lx=Ly=22 pg= 0.780 ids= 416 TEE1=-0.320 TEE2=-0.163 TEE3=-0.081  TEE4= 0.070
rank=  0 Lx=Ly=22 pg= 0.780 ids= 384 TEE1=-0.267 TEE2=-0.136 TEE3=-0.023  TEE4= 0.122
rank=112 Lx=Ly=22 pg= 0.900 ids= 496 TEE1=-0.880 TEE2=-0.975 TEE3=-0.975  TEE4=-0.981
rank=111 Lx=Ly=22 pg= 0.810 ids= 495 TEE1=-0.490 TEE2=-0.469 TEE3=-0.411  TEE4=-0.254
rank= 16 Lx=Ly=22 pg= 0.770 ids= 400 TEE1=-0.151 TEE2= 0.025 TEE3= 0.132  TEE4= 0.252
rank= 45 Lx=Ly=22 pg= 0.790 ids= 429 TEE1=-0.380 TEE2=-0.341 TEE3=-0.229  TEE4=-0.039
rank= 31 Lx=Ly=22 pg= 0.780 ids= 415 TEE1=-0.285 TEE2=-0.107 TEE3= 0.004  TEE4= 0.052
rank=101 Lx=Ly=22 pg= 0.820 ids= 485 TEE1=-0.508 TEE2=-0.527 TEE3=-0.465  TEE4=-0.329
rank= 30 Lx=Ly=22 pg= 0.780 ids= 414 TEE1=-0.304 TEE2=-0.155 TEE3=-0.058  TEE4= 0.014
rank= 21 Lx=Ly=22 pg= 0.770 ids= 405 TEE1=-0.132 TEE2=-0.025 TEE3= 0.031  TEE4= 0.099
rank= 22 Lx=Ly=22 pg= 0.770 ids= 406 TEE1=-0.287 TEE2=-0.140 TEE3=-0.021  TEE4= 0.095
rank= 27 Lx=Ly=22 pg= 0.780 ids= 411 TEE1=-0.271 TEE2=-0.147 TEE3=-0.048  TEE4= 0.045
rank= 67 Lx=Ly=22 pg= 0.790 ids= 451 TEE1=-0.366 TEE2=-0.308 TEE3=-0.205  TEE4=-0.091
rank= 42 Lx=Ly=22 pg= 0.790 ids= 426 TEE1=-0.341 TEE2=-0.240 TEE3=-0.140  TEE4= 0.008
rank= 93 Lx=Ly=22 pg= 0.770 ids= 477 TEE1=-0.415 TEE2=-0.368 TEE3=-0.285  TEE4=-0.190
rank= 70 Lx=Ly=22 pg= 0.770 ids= 454 TEE1=-0.188 TEE2=-0.039 TEE3= 0.012  TEE4= 0.037
rank= 10 Lx=Ly=22 pg= 0.790 ids= 394 TEE1=-0.279 TEE2=-0.157 TEE3=-0.068  TEE4= 0.002
rank=107 Lx=Ly=22 pg= 0.820 ids= 491 TEE1=-0.519 TEE2=-0.562 TEE3=-0.512  TEE4=-0.353
rank= 34 Lx=Ly=22 pg= 0.780 ids= 418 TEE1=-0.316 TEE2=-0.188 TEE3=-0.054  TEE4= 0.027
rank=109 Lx=Ly=22 pg= 0.810 ids= 493 TEE1=-0.560 TEE2=-0.622 TEE3=-0.554  TEE4=-0.426
rank= 40 Lx=Ly=22 pg= 0.790 ids= 424 TEE1=-0.378 TEE2=-0.295 TEE3=-0.180  TEE4=-0.039
rank=103 Lx=Ly=22 pg= 0.820 ids= 487 TEE1=-0.574 TEE2=-0.626 TEE3=-0.607  TEE4=-0.525
rank= 92 Lx=Ly=22 pg= 0.760 ids= 476 TEE1=-0.143 TEE2=-0.023 TEE3= 0.074  TEE4= 0.147
rank= 36 Lx=Ly=22 pg= 0.780 ids= 420 TEE1=-0.236 TEE2=-0.068 TEE3= 0.052  TEE4= 0.169
rank=110 Lx=Ly=22 pg= 0.820 ids= 494 TEE1=-0.599 TEE2=-0.649 TEE3=-0.595  TEE4=-0.469
rank=  2 Lx=Ly=22 pg= 0.790 ids= 386 TEE1=-0.486 TEE2=-0.428 TEE3=-0.339  TEE4=-0.188
rank= 90 Lx=Ly=22 pg= 0.760 ids= 474 TEE1=-0.190 TEE2=-0.045 TEE3= 0.029  TEE4= 0.076
rank= 83 Lx=Ly=22 pg= 0.780 ids= 467 TEE1=-0.324 TEE2=-0.246 TEE3=-0.134  TEE4= 0.037
rank= 29 Lx=Ly=22 pg= 0.780 ids= 413 TEE1=-0.200 TEE2=-0.037 TEE3= 0.087  TEE4= 0.110
rank= 91 Lx=Ly=22 pg= 0.770 ids= 475 TEE1=-0.198 TEE2=-0.095 TEE3=-0.006  TEE4= 0.039
rank= 48 Lx=Ly=22 pg= 0.780 ids= 432 TEE1=-0.326 TEE2=-0.254 TEE3=-0.147  TEE4=-0.089
rank=100 Lx=Ly=22 pg= 0.830 ids= 484 TEE1=-0.558 TEE2=-0.566 TEE3=-0.523  TEE4=-0.452
rank= 44 Lx=Ly=22 pg= 0.790 ids= 428 TEE1=-0.463 TEE2=-0.438 TEE3=-0.347  TEE4=-0.167
rank=113 Lx=Ly=22 pg= 0.900 ids= 497 TEE1=-0.845 TEE2=-0.934 TEE3=-0.934  TEE4=-0.957
rank=  1 Lx=Ly=22 pg= 0.790 ids= 385 TEE1=-0.514 TEE2=-0.550 TEE3=-0.469  TEE4=-0.302
rank= 11 Lx=Ly=22 pg= 0.790 ids= 395 TEE1=-0.300 TEE2=-0.165 TEE3= 0.006  TEE4= 0.140
rank= 64 Lx=Ly=22 pg= 0.780 ids= 448 TEE1=-0.428 TEE2=-0.306 TEE3=-0.169  TEE4=-0.052
rank=106 Lx=Ly=22 pg= 0.820 ids= 490 TEE1=-0.519 TEE2=-0.533 TEE3=-0.465  TEE4=-0.378
rank=114 Lx=Ly=22 pg= 0.900 ids= 498 TEE1=-0.866 TEE2=-0.946 TEE3=-0.950  TEE4=-0.969
rank= 26 Lx=Ly=22 pg= 0.780 ids= 410 TEE1=-0.326 TEE2=-0.217 TEE3=-0.101  TEE4= 0.017
rank=  7 Lx=Ly=22 pg= 0.790 ids= 391 TEE1=-0.215 TEE2=-0.110 TEE3=-0.035  TEE4= 0.021
rank= 75 Lx=Ly=22 pg= 0.780 ids= 459 TEE1=-0.254 TEE2=-0.130 TEE3=-0.023  TEE4= 0.048
rank=  5 Lx=Ly=22 pg= 0.790 ids= 389 TEE1=-0.401 TEE2=-0.331 TEE3=-0.190  TEE4=-0.062
rank= 57 Lx=Ly=22 pg= 0.780 ids= 441 TEE1=-0.304 TEE2=-0.153 TEE3=-0.031  TEE4= 0.004
rank= 46 Lx=Ly=22 pg= 0.790 ids= 430 TEE1=-0.349 TEE2=-0.273 TEE3=-0.153  TEE4=-0.014
rank= 76 Lx=Ly=22 pg= 0.770 ids= 460 TEE1=-0.260 TEE2=-0.155 TEE3=-0.033  TEE4= 0.048
rank= 72 Lx=Ly=22 pg= 0.770 ids= 456 TEE1=-0.233 TEE2=-0.037 TEE3= 0.074  TEE4= 0.110
rank= 41 Lx=Ly=22 pg= 0.790 ids= 425 TEE1=-0.362 TEE2=-0.215 TEE3=-0.107  TEE4= 0.027
rank=104 Lx=Ly=22 pg= 0.820 ids= 488 TEE1=-0.531 TEE2=-0.566 TEE3=-0.490  TEE4=-0.368
rank= 18 Lx=Ly=22 pg= 0.770 ids= 402 TEE1=-0.231 TEE2=-0.180 TEE3=-0.072  TEE4= 0.066
rank=102 Lx=Ly=22 pg= 0.830 ids= 486 TEE1=-0.628 TEE2=-0.688 TEE3=-0.651  TEE4=-0.589
rank= 37 Lx=Ly=22 pg= 0.790 ids= 421 TEE1=-0.434 TEE2=-0.395 TEE3=-0.295  TEE4=-0.101
rank=115 Lx=Ly=22 pg= 0.900 ids= 499 TEE1=-0.810 TEE2=-0.911 TEE3=-0.915  TEE4=-0.911
rank= 74 Lx=Ly=22 pg= 0.780 ids= 458 TEE1=-0.291 TEE2=-0.194 TEE3=-0.056  TEE4= 0.068
rank= 98 Lx=Ly=22 pg= 0.830 ids= 482 TEE1=-0.610 TEE2=-0.591 TEE3=-0.525  TEE4=-0.347
rank= 33 Lx=Ly=22 pg= 0.790 ids= 417 TEE1=-0.415 TEE2=-0.355 TEE3=-0.223  TEE4=-0.095
rank= 39 Lx=Ly=22 pg= 0.790 ids= 423 TEE1=-0.324 TEE2=-0.188 TEE3=-0.050  TEE4= 0.033
rank= 99 Lx=Ly=22 pg= 0.830 ids= 483 TEE1=-0.603 TEE2=-0.649 TEE3=-0.589  TEE4=-0.539
rank= 56 Lx=Ly=22 pg= 0.780 ids= 440 TEE1=-0.329 TEE2=-0.227 TEE3=-0.081  TEE4= 0.048
rank= 24 Lx=Ly=22 pg= 0.780 ids= 408 TEE1=-0.269 TEE2=-0.174 TEE3=-0.072  TEE4= 0.019
rank=  3 Lx=Ly=22 pg= 0.800 ids= 387 TEE1=-0.471 TEE2=-0.494 TEE3=-0.444  TEE4=-0.310
rank= 55 Lx=Ly=22 pg= 0.780 ids= 439 TEE1=-0.304 TEE2=-0.223 TEE3=-0.093  TEE4= 0.019
rank= 71 Lx=Ly=22 pg= 0.790 ids= 455 TEE1=-0.326 TEE2=-0.151 TEE3=-0.004  TEE4= 0.099
rank= 15 Lx=Ly=22 pg= 0.790 ids= 399 TEE1=-0.436 TEE2=-0.283 TEE3=-0.132  TEE4= 0.095
rank= 53 Lx=Ly=22 pg= 0.780 ids= 437 TEE1=-0.213 TEE2=-0.050 TEE3= 0.043  TEE4= 0.097
rank= 87 Lx=Ly=22 pg= 0.780 ids= 471 TEE1=-0.351 TEE2=-0.244 TEE3=-0.089  TEE4= 0.072
rank=108 Lx=Ly=22 pg= 0.820 ids= 492 TEE1=-0.591 TEE2=-0.647 TEE3=-0.579  TEE4=-0.479
rank= 50 Lx=Ly=22 pg= 0.780 ids= 434 TEE1=-0.347 TEE2=-0.267 TEE3=-0.159  TEE4=-0.031
rank= 58 Lx=Ly=22 pg= 0.780 ids= 442 TEE1=-0.200 TEE2=-0.116 TEE3=-0.002  TEE4= 0.124
rank= 69 Lx=Ly=22 pg= 0.790 ids= 453 TEE1=-0.314 TEE2=-0.258 TEE3=-0.128  TEE4=-0.029
rank= 73 Lx=Ly=22 pg= 0.780 ids= 457 TEE1=-0.415 TEE2=-0.304 TEE3=-0.147  TEE4= 0.025
rank= 59 Lx=Ly=22 pg= 0.780 ids= 443 TEE1=-0.267 TEE2=-0.143 TEE3=-0.037  TEE4= 0.058
rank= 96 Lx=Ly=22 pg= 0.830 ids= 480 TEE1=-0.657 TEE2=-0.682 TEE3=-0.626  TEE4=-0.523
rank=105 Lx=Ly=22 pg= 0.820 ids= 489 TEE1=-0.616 TEE2=-0.671 TEE3=-0.669  TEE4=-0.597
rank= 47 Lx=Ly=22 pg= 0.790 ids= 431 TEE1=-0.264 TEE2=-0.213 TEE3=-0.103  TEE4= 0.008
rank=  6 Lx=Ly=22 pg= 0.790 ids= 390 TEE1=-0.376 TEE2=-0.308 TEE3=-0.182  TEE4=-0.052
rank= 43 Lx=Ly=22 pg= 0.790 ids= 427 TEE1=-0.219 TEE2=-0.064 TEE3= 0.035  TEE4= 0.039
rank= 95 Lx=Ly=22 pg= 0.770 ids= 479 TEE1=-0.229 TEE2=-0.089 TEE3= 0.023  TEE4= 0.101
rank= 28 Lx=Ly=22 pg= 0.780 ids= 412 TEE1=-0.339 TEE2=-0.200 TEE3=-0.052  TEE4= 0.081
rank= 62 Lx=Ly=22 pg= 0.780 ids= 446 TEE1=-0.215 TEE2=-0.169 TEE3=-0.081  TEE4= 0.060
rank= 97 Lx=Ly=22 pg= 0.830 ids= 481 TEE1=-0.620 TEE2=-0.657 TEE3=-0.616  TEE4=-0.475
rank=111 Lx=Ly=22 pg= 0.820 ids= 495 TEE1=-0.548 TEE2=-0.591 TEE3=-0.525  TEE4=-0.415
rank= 25 Lx=Ly=22 pg= 0.790 ids= 409 TEE1=-0.393 TEE2=-0.355 TEE3=-0.188  TEE4= 0.025
rank= 66 Lx=Ly=22 pg= 0.780 ids= 450 TEE1=-0.312 TEE2=-0.174 TEE3=-0.072  TEE4= 0.107
rank= 51 Lx=Ly=22 pg= 0.790 ids= 435 TEE1=-0.357 TEE2=-0.242 TEE3=-0.122  TEE4= 0.006
rank= 52 Lx=Ly=22 pg= 0.780 ids= 436 TEE1=-0.262 TEE2=-0.112 TEE3=-0.012  TEE4= 0.027
rank=101 Lx=Ly=22 pg= 0.830 ids= 485 TEE1=-0.620 TEE2=-0.674 TEE3=-0.647  TEE4=-0.479
rank= 78 Lx=Ly=22 pg= 0.780 ids= 462 TEE1=-0.273 TEE2=-0.134 TEE3=-0.002  TEE4= 0.120
rank= 20 Lx=Ly=22 pg= 0.780 ids= 404 TEE1=-0.157 TEE2=-0.050 TEE3= 0.045  TEE4= 0.076
rank=107 Lx=Ly=22 pg= 0.830 ids= 491 TEE1=-0.620 TEE2=-0.702 TEE3=-0.688  TEE4=-0.640
rank= 35 Lx=Ly=22 pg= 0.800 ids= 419 TEE1=-0.498 TEE2=-0.442 TEE3=-0.357  TEE4=-0.176
rank= 60 Lx=Ly=22 pg= 0.780 ids= 444 TEE1=-0.283 TEE2=-0.134 TEE3=-0.058  TEE4= 0.052
rank= 19 Lx=Ly=22 pg= 0.780 ids= 403 TEE1=-0.300 TEE2=-0.169 TEE3=-0.048  TEE4= 0.048
rank=103 Lx=Ly=22 pg= 0.830 ids= 487 TEE1=-0.640 TEE2=-0.709 TEE3=-0.711  TEE4=-0.645
rank=110 Lx=Ly=22 pg= 0.830 ids= 494 TEE1=-0.640 TEE2=-0.698 TEE3=-0.663  TEE4=-0.581
rank= 89 Lx=Ly=22 pg= 0.780 ids= 473 TEE1=-0.384 TEE2=-0.337 TEE3=-0.211  TEE4=-0.056
rank= 38 Lx=Ly=22 pg= 0.790 ids= 422 TEE1=-0.339 TEE2=-0.207 TEE3=-0.103  TEE4=-0.012
rank=109 Lx=Ly=22 pg= 0.820 ids= 493 TEE1=-0.545 TEE2=-0.541 TEE3=-0.457  TEE4=-0.287
rank= 12 Lx=Ly=22 pg= 0.800 ids= 396 TEE1=-0.380 TEE2=-0.314 TEE3=-0.229  TEE4=-0.145
rank=  9 Lx=Ly=22 pg= 0.790 ids= 393 TEE1=-0.382 TEE2=-0.273 TEE3=-0.188  TEE4=-0.068
rank= 13 Lx=Ly=22 pg= 0.790 ids= 397 TEE1=-0.388 TEE2=-0.304 TEE3=-0.163  TEE4=-0.025
rank= 94 Lx=Ly=22 pg= 0.770 ids= 478 TEE1=-0.337 TEE2=-0.223 TEE3=-0.056  TEE4= 0.097
rank=100 Lx=Ly=22 pg= 0.840 ids= 484 TEE1=-0.556 TEE2=-0.601 TEE3=-0.558  TEE4=-0.498
rank= 63 Lx=Ly=22 pg= 0.780 ids= 447 TEE1=-0.304 TEE2=-0.192 TEE3=-0.083  TEE4= 0.004
rank= 23 Lx=Ly=22 pg= 0.780 ids= 407 TEE1=-0.360 TEE2=-0.273 TEE3=-0.140  TEE4= 0.012
rank=106 Lx=Ly=22 pg= 0.830 ids= 490 TEE1=-0.618 TEE2=-0.680 TEE3=-0.653  TEE4=-0.529
rank= 80 Lx=Ly=22 pg= 0.770 ids= 464 TEE1=-0.186 TEE2=-0.043 TEE3= 0.048  TEE4= 0.070
rank=  8 Lx=Ly=22 pg= 0.800 ids= 392 TEE1=-0.469 TEE2=-0.403 TEE3=-0.291  TEE4=-0.194
rank= 86 Lx=Ly=22 pg= 0.770 ids= 470 TEE1=-0.190 TEE2=-0.033 TEE3= 0.064  TEE4= 0.126
rank= 14 Lx=Ly=22 pg= 0.800 ids= 398 TEE1=-0.494 TEE2=-0.463 TEE3=-0.386  TEE4=-0.231
rank= 88 Lx=Ly=22 pg= 0.770 ids= 472 TEE1=-0.151 TEE2=-0.025 TEE3= 0.054  TEE4= 0.124
rank= 49 Lx=Ly=22 pg= 0.790 ids= 433 TEE1=-0.331 TEE2=-0.198 TEE3=-0.091  TEE4=-0.002
rank= 17 Lx=Ly=22 pg= 0.780 ids= 401 TEE1=-0.351 TEE2=-0.229 TEE3=-0.091  TEE4= 0.132
rank=  4 Lx=Ly=22 pg= 0.790 ids= 388 TEE1=-0.337 TEE2=-0.221 TEE3=-0.101  TEE4= 0.008
rank= 84 Lx=Ly=22 pg= 0.770 ids= 468 TEE1=-0.219 TEE2=-0.076 TEE3= 0.023  TEE4= 0.085
rank= 79 Lx=Ly=22 pg= 0.780 ids= 463 TEE1=-0.405 TEE2=-0.339 TEE3=-0.217  TEE4=-0.074
rank=104 Lx=Ly=22 pg= 0.830 ids= 488 TEE1=-0.622 TEE2=-0.636 TEE3=-0.599  TEE4=-0.512
rank= 77 Lx=Ly=22 pg= 0.780 ids= 461 TEE1=-0.372 TEE2=-0.240 TEE3=-0.076  TEE4= 0.087
rank= 65 Lx=Ly=22 pg= 0.800 ids= 449 TEE1=-0.397 TEE2=-0.314 TEE3=-0.209  TEE4=-0.101
rank= 61 Lx=Ly=22 pg= 0.780 ids= 445 TEE1=-0.252 TEE2=-0.128 TEE3= 0.023  TEE4= 0.202
rank= 81 Lx=Ly=22 pg= 0.780 ids= 465 TEE1=-0.236 TEE2=-0.149 TEE3=-0.062  TEE4= 0.012
rank= 85 Lx=Ly=22 pg= 0.780 ids= 469 TEE1=-0.343 TEE2=-0.267 TEE3=-0.157  TEE4=-0.052
rank=102 Lx=Ly=22 pg= 0.840 ids= 486 TEE1=-0.680 TEE2=-0.717 TEE3=-0.709  TEE4=-0.676
rank= 82 Lx=Ly=22 pg= 0.780 ids= 466 TEE1=-0.236 TEE2=-0.124 TEE3=-0.031  TEE4= 0.025
rank= 68 Lx=Ly=22 pg= 0.780 ids= 452 TEE1=-0.397 TEE2=-0.258 TEE3=-0.128  TEE4=-0.039
rank= 32 Lx=Ly=22 pg= 0.790 ids= 416 TEE1=-0.382 TEE2=-0.364 TEE3=-0.260  TEE4=-0.103
rank=  0 Lx=Ly=22 pg= 0.790 ids= 384 TEE1=-0.372 TEE2=-0.285 TEE3=-0.143  TEE4=-0.004
rank= 54 Lx=Ly=22 pg= 0.780 ids= 438 TEE1=-0.318 TEE2=-0.163 TEE3=-0.054  TEE4= 0.066
rank= 98 Lx=Ly=22 pg= 0.840 ids= 482 TEE1=-0.700 TEE2=-0.738 TEE3=-0.700  TEE4=-0.634
rank= 16 Lx=Ly=22 pg= 0.780 ids= 400 TEE1=-0.444 TEE2=-0.368 TEE3=-0.221  TEE4=-0.045
rank= 45 Lx=Ly=22 pg= 0.800 ids= 429 TEE1=-0.424 TEE2=-0.432 TEE3=-0.335  TEE4=-0.174
rank= 31 Lx=Ly=22 pg= 0.790 ids= 415 TEE1=-0.357 TEE2=-0.271 TEE3=-0.188  TEE4=-0.068
rank= 99 Lx=Ly=22 pg= 0.840 ids= 483 TEE1=-0.736 TEE2=-0.849 TEE3=-0.833  TEE4=-0.779
rank= 30 Lx=Ly=22 pg= 0.790 ids= 414 TEE1=-0.310 TEE2=-0.215 TEE3=-0.099  TEE4=-0.064
rank= 21 Lx=Ly=22 pg= 0.780 ids= 405 TEE1=-0.264 TEE2=-0.091 TEE3= 0.043  TEE4= 0.182
rank=108 Lx=Ly=22 pg= 0.830 ids= 492 TEE1=-0.566 TEE2=-0.638 TEE3=-0.576  TEE4=-0.498
rank= 22 Lx=Ly=22 pg= 0.780 ids= 406 TEE1=-0.188 TEE2=-0.064 TEE3= 0.019  TEE4= 0.043
rank= 67 Lx=Ly=22 pg= 0.800 ids= 451 TEE1=-0.411 TEE2=-0.302 TEE3=-0.184  TEE4=-0.029
rank= 27 Lx=Ly=22 pg= 0.790 ids= 411 TEE1=-0.397 TEE2=-0.341 TEE3=-0.207  TEE4=-0.060
rank= 42 Lx=Ly=22 pg= 0.800 ids= 426 TEE1=-0.424 TEE2=-0.351 TEE3=-0.221  TEE4=-0.110
rank= 93 Lx=Ly=22 pg= 0.780 ids= 477 TEE1=-0.337 TEE2=-0.190 TEE3=-0.033  TEE4= 0.124
rank= 10 Lx=Ly=22 pg= 0.800 ids= 394 TEE1=-0.514 TEE2=-0.568 TEE3=-0.471  TEE4=-0.318
rank= 34 Lx=Ly=22 pg= 0.790 ids= 418 TEE1=-0.316 TEE2=-0.227 TEE3=-0.140  TEE4=-0.008
rank= 70 Lx=Ly=22 pg= 0.780 ids= 454 TEE1=-0.320 TEE2=-0.207 TEE3=-0.062  TEE4= 0.068
rank= 96 Lx=Ly=22 pg= 0.840 ids= 480 TEE1=-0.694 TEE2=-0.779 TEE3=-0.756  TEE4=-0.752
rank=105 Lx=Ly=22 pg= 0.830 ids= 489 TEE1=-0.624 TEE2=-0.669 TEE3=-0.634  TEE4=-0.638
rank= 40 Lx=Ly=22 pg= 0.800 ids= 424 TEE1=-0.413 TEE2=-0.326 TEE3=-0.219  TEE4=-0.045
rank=  2 Lx=Ly=22 pg= 0.800 ids= 386 TEE1=-0.409 TEE2=-0.289 TEE3=-0.157  TEE4=-0.056
rank= 36 Lx=Ly=22 pg= 0.790 ids= 420 TEE1=-0.349 TEE2=-0.252 TEE3=-0.147  TEE4=-0.041
rank= 83 Lx=Ly=22 pg= 0.790 ids= 467 TEE1=-0.248 TEE2=-0.112 TEE3=-0.023  TEE4= 0.031
rank= 92 Lx=Ly=22 pg= 0.770 ids= 476 TEE1=-0.163 TEE2=-0.052 TEE3= 0.050  TEE4= 0.124
rank= 90 Lx=Ly=22 pg= 0.770 ids= 474 TEE1=-0.163 TEE2=-0.076 TEE3=-0.008  TEE4= 0.058
rank= 29 Lx=Ly=22 pg= 0.790 ids= 413 TEE1=-0.347 TEE2=-0.207 TEE3=-0.070  TEE4= 0.002
rank= 97 Lx=Ly=22 pg= 0.840 ids= 481 TEE1=-0.669 TEE2=-0.736 TEE3=-0.723  TEE4=-0.645
rank= 48 Lx=Ly=22 pg= 0.790 ids= 432 TEE1=-0.390 TEE2=-0.347 TEE3=-0.202  TEE4=-0.019
rank= 11 Lx=Ly=22 pg= 0.800 ids= 395 TEE1=-0.428 TEE2=-0.357 TEE3=-0.267  TEE4=-0.145
rank= 91 Lx=Ly=22 pg= 0.780 ids= 475 TEE1=-0.225 TEE2=-0.122 TEE3=-0.056  TEE4= 0.066
rank= 44 Lx=Ly=22 pg= 0.800 ids= 428 TEE1=-0.419 TEE2=-0.335 TEE3=-0.242  TEE4=-0.192
rank=111 Lx=Ly=22 pg= 0.830 ids= 495 TEE1=-0.659 TEE2=-0.705 TEE3=-0.634  TEE4=-0.554
rank=  1 Lx=Ly=22 pg= 0.800 ids= 385 TEE1=-0.452 TEE2=-0.419 TEE3=-0.308  TEE4=-0.186
rank=101 Lx=Ly=22 pg= 0.840 ids= 485 TEE1=-0.659 TEE2=-0.756 TEE3=-0.746  TEE4=-0.676
rank= 64 Lx=Ly=22 pg= 0.790 ids= 448 TEE1=-0.388 TEE2=-0.306 TEE3=-0.196  TEE4= 0.039
rank=  7 Lx=Ly=22 pg= 0.800 ids= 391 TEE1=-0.310 TEE2=-0.134 TEE3= 0.004  TEE4= 0.095
rank= 75 Lx=Ly=22 pg= 0.790 ids= 459 TEE1=-0.401 TEE2=-0.310 TEE3=-0.219  TEE4=-0.145
rank= 26 Lx=Ly=22 pg= 0.790 ids= 410 TEE1=-0.401 TEE2=-0.312 TEE3=-0.211  TEE4=-0.163
rank=  5 Lx=Ly=22 pg= 0.800 ids= 389 TEE1=-0.461 TEE2=-0.351 TEE3=-0.182  TEE4=-0.076
rank= 57 Lx=Ly=22 pg= 0.790 ids= 441 TEE1=-0.302 TEE2=-0.190 TEE3=-0.050  TEE4= 0.062
rank= 46 Lx=Ly=22 pg= 0.800 ids= 430 TEE1=-0.535 TEE2=-0.500 TEE3=-0.417  TEE4=-0.271
rank= 41 Lx=Ly=22 pg= 0.800 ids= 425 TEE1=-0.455 TEE2=-0.384 TEE3=-0.267  TEE4=-0.050
rank= 76 Lx=Ly=22 pg= 0.780 ids= 460 TEE1=-0.357 TEE2=-0.223 TEE3=-0.118  TEE4=-0.045
rank=107 Lx=Ly=22 pg= 0.840 ids= 491 TEE1=-0.620 TEE2=-0.626 TEE3=-0.558  TEE4=-0.469
rank= 72 Lx=Ly=22 pg= 0.780 ids= 456 TEE1=-0.326 TEE2=-0.238 TEE3=-0.157  TEE4=-0.087
rank=110 Lx=Ly=22 pg= 0.840 ids= 494 TEE1=-0.676 TEE2=-0.777 TEE3=-0.767  TEE4=-0.783
rank=109 Lx=Ly=22 pg= 0.830 ids= 493 TEE1=-0.698 TEE2=-0.771 TEE3=-0.746  TEE4=-0.723
rank=103 Lx=Ly=22 pg= 0.840 ids= 487 TEE1=-0.614 TEE2=-0.661 TEE3=-0.638  TEE4=-0.512
rank= 18 Lx=Ly=22 pg= 0.780 ids= 402 TEE1=-0.306 TEE2=-0.184 TEE3=-0.074  TEE4= 0.087
rank= 37 Lx=Ly=22 pg= 0.800 ids= 421 TEE1=-0.512 TEE2=-0.494 TEE3=-0.376  TEE4=-0.219
rank=100 Lx=Ly=22 pg= 0.850 ids= 484 TEE1=-0.694 TEE2=-0.752 TEE3=-0.729  TEE4=-0.707
rank=106 Lx=Ly=22 pg= 0.840 ids= 490 TEE1=-0.589 TEE2=-0.686 TEE3=-0.663  TEE4=-0.632
rank= 74 Lx=Ly=22 pg= 0.790 ids= 458 TEE1=-0.405 TEE2=-0.386 TEE3=-0.273  TEE4=-0.165
rank= 33 Lx=Ly=22 pg= 0.800 ids= 417 TEE1=-0.514 TEE2=-0.523 TEE3=-0.426  TEE4=-0.202
rank= 39 Lx=Ly=22 pg= 0.800 ids= 423 TEE1=-0.411 TEE2=-0.306 TEE3=-0.120  TEE4= 0.010
rank= 15 Lx=Ly=22 pg= 0.800 ids= 399 TEE1=-0.475 TEE2=-0.477 TEE3=-0.421  TEE4=-0.242
rank=  3 Lx=Ly=22 pg= 0.810 ids= 387 TEE1=-0.579 TEE2=-0.595 TEE3=-0.523  TEE4=-0.364
rank= 56 Lx=Ly=22 pg= 0.790 ids= 440 TEE1=-0.477 TEE2=-0.421 TEE3=-0.267  TEE4=-0.056
rank= 24 Lx=Ly=22 pg= 0.790 ids= 408 TEE1=-0.426 TEE2=-0.320 TEE3=-0.238  TEE4=-0.110
rank= 71 Lx=Ly=22 pg= 0.800 ids= 455 TEE1=-0.506 TEE2=-0.492 TEE3=-0.355  TEE4=-0.188
rank= 55 Lx=Ly=22 pg= 0.790 ids= 439 TEE1=-0.347 TEE2=-0.238 TEE3=-0.116  TEE4= 0.000
rank=104 Lx=Ly=22 pg= 0.840 ids= 488 TEE1=-0.653 TEE2=-0.696 TEE3=-0.682  TEE4=-0.630
rank= 53 Lx=Ly=22 pg= 0.790 ids= 437 TEE1=-0.368 TEE2=-0.233 TEE3=-0.095  TEE4=-0.031
rank= 87 Lx=Ly=22 pg= 0.790 ids= 471 TEE1=-0.457 TEE2=-0.364 TEE3=-0.188  TEE4=-0.004
rank= 50 Lx=Ly=22 pg= 0.790 ids= 434 TEE1=-0.314 TEE2=-0.219 TEE3=-0.074  TEE4= 0.064
rank= 69 Lx=Ly=22 pg= 0.800 ids= 453 TEE1=-0.483 TEE2=-0.362 TEE3=-0.163  TEE4=-0.027
rank= 58 Lx=Ly=22 pg= 0.790 ids= 442 TEE1=-0.498 TEE2=-0.481 TEE3=-0.388  TEE4=-0.184
rank= 73 Lx=Ly=22 pg= 0.790 ids= 457 TEE1=-0.316 TEE2=-0.231 TEE3=-0.143  TEE4=-0.033
rank= 59 Lx=Ly=22 pg= 0.790 ids= 443 TEE1=-0.178 TEE2=-0.048 TEE3= 0.085  TEE4= 0.136
rank=102 Lx=Ly=22 pg= 0.850 ids= 486 TEE1=-0.698 TEE2=-0.760 TEE3=-0.746  TEE4=-0.717
rank= 47 Lx=Ly=22 pg= 0.800 ids= 431 TEE1=-0.355 TEE2=-0.283 TEE3=-0.132  TEE4= 0.050
rank=  6 Lx=Ly=22 pg= 0.800 ids= 390 TEE1=-0.477 TEE2=-0.407 TEE3=-0.287  TEE4=-0.079
rank= 98 Lx=Ly=22 pg= 0.850 ids= 482 TEE1=-0.640 TEE2=-0.702 TEE3=-0.665  TEE4=-0.651
rank= 43 Lx=Ly=22 pg= 0.800 ids= 427 TEE1=-0.405 TEE2=-0.283 TEE3=-0.103  TEE4= 0.064
rank= 95 Lx=Ly=22 pg= 0.780 ids= 479 TEE1=-0.099 TEE2= 0.000 TEE3= 0.056  TEE4= 0.070
rank= 28 Lx=Ly=22 pg= 0.790 ids= 412 TEE1=-0.343 TEE2=-0.211 TEE3=-0.068  TEE4= 0.076
rank= 99 Lx=Ly=22 pg= 0.850 ids= 483 TEE1=-0.692 TEE2=-0.756 TEE3=-0.742  TEE4=-0.709
rank= 62 Lx=Ly=22 pg= 0.790 ids= 446 TEE1=-0.370 TEE2=-0.188 TEE3=-0.017  TEE4= 0.155
rank= 25 Lx=Ly=22 pg= 0.800 ids= 409 TEE1=-0.537 TEE2=-0.508 TEE3=-0.411  TEE4=-0.279
rank=108 Lx=Ly=22 pg= 0.840 ids= 492 TEE1=-0.630 TEE2=-0.731 TEE3=-0.705  TEE4=-0.680
rank= 51 Lx=Ly=22 pg= 0.800 ids= 435 TEE1=-0.421 TEE2=-0.378 TEE3=-0.289  TEE4=-0.066
rank= 66 Lx=Ly=22 pg= 0.790 ids= 450 TEE1=-0.378 TEE2=-0.293 TEE3=-0.190  TEE4=-0.039
rank= 52 Lx=Ly=22 pg= 0.790 ids= 436 TEE1=-0.273 TEE2=-0.174 TEE3=-0.091  TEE4= 0.000
rank= 78 Lx=Ly=22 pg= 0.790 ids= 462 TEE1=-0.463 TEE2=-0.446 TEE3=-0.393  TEE4=-0.215
rank= 20 Lx=Ly=22 pg= 0.790 ids= 404 TEE1=-0.357 TEE2=-0.302 TEE3=-0.184  TEE4=-0.064
rank=105 Lx=Ly=22 pg= 0.840 ids= 489 TEE1=-0.576 TEE2=-0.603 TEE3=-0.587  TEE4=-0.543
rank= 96 Lx=Ly=22 pg= 0.850 ids= 480 TEE1=-0.682 TEE2=-0.767 TEE3=-0.744  TEE4=-0.713
rank= 35 Lx=Ly=22 pg= 0.810 ids= 419 TEE1=-0.543 TEE2=-0.479 TEE3=-0.366  TEE4=-0.213
rank= 12 Lx=Ly=22 pg= 0.810 ids= 396 TEE1=-0.461 TEE2=-0.452 TEE3=-0.395  TEE4=-0.246
rank=  9 Lx=Ly=22 pg= 0.800 ids= 393 TEE1=-0.417 TEE2=-0.304 TEE3=-0.151  TEE4=-0.035
rank= 60 Lx=Ly=22 pg= 0.790 ids= 444 TEE1=-0.250 TEE2=-0.062 TEE3= 0.070  TEE4= 0.118
rank= 19 Lx=Ly=22 pg= 0.790 ids= 403 TEE1=-0.405 TEE2=-0.368 TEE3=-0.254  TEE4=-0.128
rank= 89 Lx=Ly=22 pg= 0.790 ids= 473 TEE1=-0.403 TEE2=-0.283 TEE3=-0.174  TEE4=-0.045
rank= 38 Lx=Ly=22 pg= 0.800 ids= 422 TEE1=-0.572 TEE2=-0.572 TEE3=-0.461  TEE4=-0.258
rank= 13 Lx=Ly=22 pg= 0.800 ids= 397 TEE1=-0.492 TEE2=-0.434 TEE3=-0.339  TEE4=-0.155
rank= 97 Lx=Ly=22 pg= 0.850 ids= 481 TEE1=-0.711 TEE2=-0.781 TEE3=-0.771  TEE4=-0.733
rank=111 Lx=Ly=22 pg= 0.840 ids= 495 TEE1=-0.645 TEE2=-0.725 TEE3=-0.707  TEE4=-0.705
rank= 63 Lx=Ly=22 pg= 0.790 ids= 447 TEE1=-0.440 TEE2=-0.407 TEE3=-0.300  TEE4=-0.165
rank= 94 Lx=Ly=22 pg= 0.780 ids= 478 TEE1=-0.378 TEE2=-0.254 TEE3=-0.079  TEE4= 0.064
rank= 23 Lx=Ly=22 pg= 0.790 ids= 407 TEE1=-0.473 TEE2=-0.432 TEE3=-0.372  TEE4=-0.205
rank=101 Lx=Ly=22 pg= 0.850 ids= 485 TEE1=-0.616 TEE2=-0.698 TEE3=-0.645  TEE4=-0.605
rank=  8 Lx=Ly=22 pg= 0.810 ids= 392 TEE1=-0.630 TEE2=-0.688 TEE3=-0.649  TEE4=-0.556
rank= 80 Lx=Ly=22 pg= 0.780 ids= 464 TEE1=-0.275 TEE2=-0.122 TEE3=-0.014  TEE4= 0.074
rank= 14 Lx=Ly=22 pg= 0.810 ids= 398 TEE1=-0.568 TEE2=-0.564 TEE3=-0.463  TEE4=-0.335
rank= 49 Lx=Ly=22 pg= 0.800 ids= 433 TEE1=-0.494 TEE2=-0.331 TEE3=-0.194  TEE4=-0.087
rank=107 Lx=Ly=22 pg= 0.850 ids= 491 TEE1=-0.709 TEE2=-0.806 TEE3=-0.764  TEE4=-0.742
rank=  4 Lx=Ly=22 pg= 0.800 ids= 388 TEE1=-0.376 TEE2=-0.312 TEE3=-0.217  TEE4=-0.002
rank= 86 Lx=Ly=22 pg= 0.780 ids= 470 TEE1=-0.184 TEE2=-0.076 TEE3= 0.027  TEE4= 0.083
rank= 17 Lx=Ly=22 pg= 0.790 ids= 401 TEE1=-0.339 TEE2=-0.180 TEE3=-0.008  TEE4= 0.110
rank= 88 Lx=Ly=22 pg= 0.780 ids= 472 TEE1=-0.444 TEE2=-0.351 TEE3=-0.209  TEE4=-0.029
rank=110 Lx=Ly=22 pg= 0.850 ids= 494 TEE1=-0.659 TEE2=-0.787 TEE3=-0.777  TEE4=-0.810
rank= 79 Lx=Ly=22 pg= 0.790 ids= 463 TEE1=-0.401 TEE2=-0.316 TEE3=-0.205  TEE4=-0.021
rank=109 Lx=Ly=22 pg= 0.840 ids= 493 TEE1=-0.659 TEE2=-0.787 TEE3=-0.777  TEE4=-0.791
rank= 65 Lx=Ly=22 pg= 0.810 ids= 449 TEE1=-0.424 TEE2=-0.353 TEE3=-0.225  TEE4=-0.054
rank= 84 Lx=Ly=22 pg= 0.780 ids= 468 TEE1=-0.264 TEE2=-0.171 TEE3=-0.079  TEE4=-0.010
rank= 61 Lx=Ly=22 pg= 0.790 ids= 445 TEE1=-0.417 TEE2=-0.326 TEE3=-0.205  TEE4=-0.033
rank= 77 Lx=Ly=22 pg= 0.790 ids= 461 TEE1=-0.351 TEE2=-0.300 TEE3=-0.140  TEE4=-0.039
rank= 32 Lx=Ly=22 pg= 0.800 ids= 416 TEE1=-0.508 TEE2=-0.498 TEE3=-0.421  TEE4=-0.267
rank=103 Lx=Ly=22 pg= 0.850 ids= 487 TEE1=-0.680 TEE2=-0.773 TEE3=-0.767  TEE4=-0.713
rank= 81 Lx=Ly=22 pg= 0.790 ids= 465 TEE1=-0.461 TEE2=-0.343 TEE3=-0.209  TEE4=-0.048
rank= 85 Lx=Ly=22 pg= 0.790 ids= 469 TEE1=-0.355 TEE2=-0.279 TEE3=-0.138  TEE4= 0.025
rank=100 Lx=Ly=22 pg= 0.860 ids= 484 TEE1=-0.738 TEE2=-0.826 TEE3=-0.820  TEE4=-0.845
rank= 68 Lx=Ly=22 pg= 0.790 ids= 452 TEE1=-0.238 TEE2=-0.196 TEE3=-0.134  TEE4=-0.068
rank= 82 Lx=Ly=22 pg= 0.790 ids= 466 TEE1=-0.432 TEE2=-0.362 TEE3=-0.221  TEE4=-0.029
rank=106 Lx=Ly=22 pg= 0.850 ids= 490 TEE1=-0.694 TEE2=-0.795 TEE3=-0.793  TEE4=-0.791
rank= 45 Lx=Ly=22 pg= 0.810 ids= 429 TEE1=-0.370 TEE2=-0.349 TEE3=-0.262  TEE4=-0.122
rank=  0 Lx=Ly=22 pg= 0.800 ids= 384 TEE1=-0.504 TEE2=-0.452 TEE3=-0.390  TEE4=-0.291
rank= 54 Lx=Ly=22 pg= 0.790 ids= 438 TEE1=-0.424 TEE2=-0.434 TEE3=-0.318  TEE4=-0.202
rank= 16 Lx=Ly=22 pg= 0.790 ids= 400 TEE1=-0.479 TEE2=-0.486 TEE3=-0.395  TEE4=-0.202
rank= 31 Lx=Ly=22 pg= 0.800 ids= 415 TEE1=-0.455 TEE2=-0.444 TEE3=-0.322  TEE4=-0.140
rank=104 Lx=Ly=22 pg= 0.850 ids= 488 TEE1=-0.597 TEE2=-0.599 TEE3=-0.568  TEE4=-0.502
rank= 30 Lx=Ly=22 pg= 0.800 ids= 414 TEE1=-0.525 TEE2=-0.452 TEE3=-0.304  TEE4=-0.157
rank= 21 Lx=Ly=22 pg= 0.790 ids= 405 TEE1=-0.438 TEE2=-0.395 TEE3=-0.271  TEE4=-0.045
rank= 67 Lx=Ly=22 pg= 0.810 ids= 451 TEE1=-0.607 TEE2=-0.657 TEE3=-0.591  TEE4=-0.473
rank= 42 Lx=Ly=22 pg= 0.810 ids= 426 TEE1=-0.502 TEE2=-0.488 TEE3=-0.390  TEE4=-0.171
rank= 22 Lx=Ly=22 pg= 0.790 ids= 406 TEE1=-0.448 TEE2=-0.403 TEE3=-0.293  TEE4=-0.149
rank= 27 Lx=Ly=22 pg= 0.800 ids= 411 TEE1=-0.428 TEE2=-0.364 TEE3=-0.242  TEE4=-0.105
rank=102 Lx=Ly=22 pg= 0.860 ids= 486 TEE1=-0.686 TEE2=-0.777 TEE3=-0.771  TEE4=-0.791
rank= 93 Lx=Ly=22 pg= 0.790 ids= 477 TEE1=-0.421 TEE2=-0.341 TEE3=-0.229  TEE4=-0.122
rank= 34 Lx=Ly=22 pg= 0.800 ids= 418 TEE1=-0.492 TEE2=-0.419 TEE3=-0.298  TEE4=-0.171
rank= 10 Lx=Ly=22 pg= 0.810 ids= 394 TEE1=-0.403 TEE2=-0.300 TEE3=-0.163  TEE4= 0.056
rank= 40 Lx=Ly=22 pg= 0.810 ids= 424 TEE1=-0.467 TEE2=-0.502 TEE3=-0.436  TEE4=-0.287
rank= 70 Lx=Ly=22 pg= 0.790 ids= 454 TEE1=-0.351 TEE2=-0.256 TEE3=-0.159  TEE4=-0.006
rank= 98 Lx=Ly=22 pg= 0.860 ids= 482 TEE1=-0.688 TEE2=-0.785 TEE3=-0.777  TEE4=-0.748
rank=  2 Lx=Ly=22 pg= 0.810 ids= 386 TEE1=-0.494 TEE2=-0.450 TEE3=-0.360  TEE4=-0.215
rank= 36 Lx=Ly=22 pg= 0.800 ids= 420 TEE1=-0.374 TEE2=-0.298 TEE3=-0.169  TEE4=-0.056
rank= 83 Lx=Ly=22 pg= 0.800 ids= 467 TEE1=-0.357 TEE2=-0.256 TEE3=-0.161  TEE4=-0.006
rank= 99 Lx=Ly=22 pg= 0.860 ids= 483 TEE1=-0.707 TEE2=-0.814 TEE3=-0.810  TEE4=-0.839
rank= 11 Lx=Ly=22 pg= 0.810 ids= 395 TEE1=-0.591 TEE2=-0.614 TEE3=-0.595  TEE4=-0.500
rank= 29 Lx=Ly=22 pg= 0.800 ids= 413 TEE1=-0.455 TEE2=-0.432 TEE3=-0.337  TEE4=-0.180
rank= 92 Lx=Ly=22 pg= 0.780 ids= 476 TEE1=-0.351 TEE2=-0.293 TEE3=-0.155  TEE4=-0.021
rank= 48 Lx=Ly=22 pg= 0.800 ids= 432 TEE1=-0.353 TEE2=-0.366 TEE3=-0.322  TEE4=-0.221
rank= 90 Lx=Ly=22 pg= 0.780 ids= 474 TEE1=-0.271 TEE2=-0.149 TEE3=-0.045  TEE4= 0.060
rank=  1 Lx=Ly=22 pg= 0.810 ids= 385 TEE1=-0.483 TEE2=-0.492 TEE3=-0.421  TEE4=-0.331
rank= 44 Lx=Ly=22 pg= 0.810 ids= 428 TEE1=-0.585 TEE2=-0.620 TEE3=-0.552  TEE4=-0.430
rank= 91 Lx=Ly=22 pg= 0.790 ids= 475 TEE1=-0.407 TEE2=-0.295 TEE3=-0.169  TEE4=-0.031
rank=108 Lx=Ly=22 pg= 0.850 ids= 492 TEE1=-0.709 TEE2=-0.785 TEE3=-0.762  TEE4=-0.715
rank=  7 Lx=Ly=22 pg= 0.810 ids= 391 TEE1=-0.452 TEE2=-0.393 TEE3=-0.308  TEE4=-0.167
rank= 75 Lx=Ly=22 pg= 0.800 ids= 459 TEE1=-0.341 TEE2=-0.221 TEE3=-0.124  TEE4=-0.017
rank= 64 Lx=Ly=22 pg= 0.800 ids= 448 TEE1=-0.469 TEE2=-0.459 TEE3=-0.380  TEE4=-0.151
rank= 46 Lx=Ly=22 pg= 0.810 ids= 430 TEE1=-0.494 TEE2=-0.492 TEE3=-0.415  TEE4=-0.221
rank=  5 Lx=Ly=22 pg= 0.810 ids= 389 TEE1=-0.436 TEE2=-0.337 TEE3=-0.192  TEE4=-0.004
rank= 57 Lx=Ly=22 pg= 0.800 ids= 441 TEE1=-0.529 TEE2=-0.432 TEE3=-0.316  TEE4=-0.213
rank= 26 Lx=Ly=22 pg= 0.800 ids= 410 TEE1=-0.434 TEE2=-0.370 TEE3=-0.252  TEE4=-0.085
rank= 41 Lx=Ly=22 pg= 0.810 ids= 425 TEE1=-0.537 TEE2=-0.616 TEE3=-0.570  TEE4=-0.529
rank=105 Lx=Ly=22 pg= 0.850 ids= 489 TEE1=-0.686 TEE2=-0.812 TEE3=-0.800  TEE4=-0.750
rank= 96 Lx=Ly=22 pg= 0.860 ids= 480 TEE1=-0.789 TEE2=-0.864 TEE3=-0.872  TEE4=-0.857
rank= 76 Lx=Ly=22 pg= 0.790 ids= 460 TEE1=-0.324 TEE2=-0.196 TEE3=-0.076  TEE4= 0.056
rank= 72 Lx=Ly=22 pg= 0.790 ids= 456 TEE1=-0.407 TEE2=-0.223 TEE3=-0.070  TEE4= 0.033
rank= 37 Lx=Ly=22 pg= 0.810 ids= 421 TEE1=-0.388 TEE2=-0.248 TEE3=-0.112  TEE4= 0.097
rank= 97 Lx=Ly=22 pg= 0.860 ids= 481 TEE1=-0.775 TEE2=-0.851 TEE3=-0.857  TEE4=-0.839
rank= 18 Lx=Ly=22 pg= 0.790 ids= 402 TEE1=-0.302 TEE2=-0.157 TEE3=-0.093  TEE4=-0.027
rank=111 Lx=Ly=22 pg= 0.850 ids= 495 TEE1=-0.692 TEE2=-0.812 TEE3=-0.804  TEE4=-0.820
rank=101 Lx=Ly=22 pg= 0.860 ids= 485 TEE1=-0.746 TEE2=-0.829 TEE3=-0.826  TEE4=-0.822
rank= 33 Lx=Ly=22 pg= 0.810 ids= 417 TEE1=-0.512 TEE2=-0.477 TEE3=-0.388  TEE4=-0.248
rank= 74 Lx=Ly=22 pg= 0.800 ids= 458 TEE1=-0.434 TEE2=-0.428 TEE3=-0.322  TEE4=-0.114
rank= 15 Lx=Ly=22 pg= 0.810 ids= 399 TEE1=-0.417 TEE2=-0.304 TEE3=-0.174  TEE4=-0.006
rank=  3 Lx=Ly=22 pg= 0.820 ids= 387 TEE1=-0.576 TEE2=-0.564 TEE3=-0.479  TEE4=-0.368
rank= 39 Lx=Ly=22 pg= 0.810 ids= 423 TEE1=-0.455 TEE2=-0.411 TEE3=-0.314  TEE4=-0.138
rank=107 Lx=Ly=22 pg= 0.860 ids= 491 TEE1=-0.727 TEE2=-0.818 TEE3=-0.814  TEE4=-0.826
rank= 56 Lx=Ly=22 pg= 0.800 ids= 440 TEE1=-0.572 TEE2=-0.618 TEE3=-0.562  TEE4=-0.430
rank= 24 Lx=Ly=22 pg= 0.800 ids= 408 TEE1=-0.428 TEE2=-0.360 TEE3=-0.262  TEE4=-0.124
rank= 71 Lx=Ly=22 pg= 0.810 ids= 455 TEE1=-0.492 TEE2=-0.479 TEE3=-0.405  TEE4=-0.236
rank=110 Lx=Ly=22 pg= 0.860 ids= 494 TEE1=-0.748 TEE2=-0.851 TEE3=-0.829  TEE4=-0.802
rank= 55 Lx=Ly=22 pg= 0.800 ids= 439 TEE1=-0.351 TEE2=-0.207 TEE3=-0.052  TEE4= 0.085
rank= 50 Lx=Ly=22 pg= 0.800 ids= 434 TEE1=-0.411 TEE2=-0.407 TEE3=-0.318  TEE4=-0.223
rank=109 Lx=Ly=22 pg= 0.850 ids= 493 TEE1=-0.700 TEE2=-0.779 TEE3=-0.764  TEE4=-0.729
rank= 53 Lx=Ly=22 pg= 0.800 ids= 437 TEE1=-0.345 TEE2=-0.250 TEE3=-0.097  TEE4= 0.033
rank= 87 Lx=Ly=22 pg= 0.800 ids= 471 TEE1=-0.409 TEE2=-0.316 TEE3=-0.190  TEE4= 0.052
rank= 69 Lx=Ly=22 pg= 0.810 ids= 453 TEE1=-0.525 TEE2=-0.477 TEE3=-0.368  TEE4=-0.233
rank= 58 Lx=Ly=22 pg= 0.800 ids= 442 TEE1=-0.502 TEE2=-0.486 TEE3=-0.376  TEE4=-0.238
rank= 73 Lx=Ly=22 pg= 0.800 ids= 457 TEE1=-0.388 TEE2=-0.335 TEE3=-0.219  TEE4=-0.066
rank= 59 Lx=Ly=22 pg= 0.800 ids= 443 TEE1=-0.473 TEE2=-0.430 TEE3=-0.345  TEE4=-0.178
rank=103 Lx=Ly=22 pg= 0.860 ids= 487 TEE1=-0.777 TEE2=-0.909 TEE3=-0.911  TEE4=-0.915
rank=100 Lx=Ly=22 pg= 0.870 ids= 484 TEE1=-0.781 TEE2=-0.866 TEE3=-0.857  TEE4=-0.860
rank=106 Lx=Ly=22 pg= 0.860 ids= 490 TEE1=-0.715 TEE2=-0.804 TEE3=-0.775  TEE4=-0.750
rank= 47 Lx=Ly=22 pg= 0.810 ids= 431 TEE1=-0.477 TEE2=-0.473 TEE3=-0.353  TEE4=-0.174
rank=  6 Lx=Ly=22 pg= 0.810 ids= 390 TEE1=-0.525 TEE2=-0.570 TEE3=-0.517  TEE4=-0.459
rank= 43 Lx=Ly=22 pg= 0.810 ids= 427 TEE1=-0.558 TEE2=-0.560 TEE3=-0.457  TEE4=-0.310
rank= 28 Lx=Ly=22 pg= 0.800 ids= 412 TEE1=-0.417 TEE2=-0.364 TEE3=-0.273  TEE4=-0.021
rank= 95 Lx=Ly=22 pg= 0.790 ids= 479 TEE1=-0.421 TEE2=-0.403 TEE3=-0.308  TEE4=-0.188
rank= 62 Lx=Ly=22 pg= 0.800 ids= 446 TEE1=-0.407 TEE2=-0.355 TEE3=-0.225  TEE4=-0.085
rank=104 Lx=Ly=22 pg= 0.860 ids= 488 TEE1=-0.750 TEE2=-0.899 TEE3=-0.903  TEE4=-0.884
rank= 25 Lx=Ly=22 pg= 0.810 ids= 409 TEE1=-0.519 TEE2=-0.533 TEE3=-0.442  TEE4=-0.295
rank= 51 Lx=Ly=22 pg= 0.810 ids= 435 TEE1=-0.535 TEE2=-0.539 TEE3=-0.419  TEE4=-0.254
rank= 52 Lx=Ly=22 pg= 0.800 ids= 436 TEE1=-0.506 TEE2=-0.471 TEE3=-0.364  TEE4=-0.186
rank= 66 Lx=Ly=22 pg= 0.800 ids= 450 TEE1=-0.492 TEE2=-0.512 TEE3=-0.430  TEE4=-0.221
rank=102 Lx=Ly=22 pg= 0.870 ids= 486 TEE1=-0.756 TEE2=-0.849 TEE3=-0.833  TEE4=-0.841
rank= 35 Lx=Ly=22 pg= 0.820 ids= 419 TEE1=-0.620 TEE2=-0.702 TEE3=-0.651  TEE4=-0.531
rank= 20 Lx=Ly=22 pg= 0.800 ids= 404 TEE1=-0.483 TEE2=-0.419 TEE3=-0.298  TEE4=-0.074
rank= 78 Lx=Ly=22 pg= 0.800 ids= 462 TEE1=-0.481 TEE2=-0.444 TEE3=-0.378  TEE4=-0.207
rank= 98 Lx=Ly=22 pg= 0.870 ids= 482 TEE1=-0.733 TEE2=-0.806 TEE3=-0.793  TEE4=-0.773
rank= 12 Lx=Ly=22 pg= 0.820 ids= 396 TEE1=-0.579 TEE2=-0.597 TEE3=-0.537  TEE4=-0.442
rank=  9 Lx=Ly=22 pg= 0.810 ids= 393 TEE1=-0.519 TEE2=-0.477 TEE3=-0.409  TEE4=-0.211
rank= 38 Lx=Ly=22 pg= 0.810 ids= 422 TEE1=-0.552 TEE2=-0.558 TEE3=-0.479  TEE4=-0.372
rank= 60 Lx=Ly=22 pg= 0.800 ids= 444 TEE1=-0.376 TEE2=-0.337 TEE3=-0.229  TEE4=-0.056
rank= 89 Lx=Ly=22 pg= 0.800 ids= 473 TEE1=-0.409 TEE2=-0.254 TEE3=-0.157  TEE4=-0.039
rank= 13 Lx=Ly=22 pg= 0.810 ids= 397 TEE1=-0.459 TEE2=-0.384 TEE3=-0.262  TEE4=-0.097
rank= 19 Lx=Ly=22 pg= 0.800 ids= 403 TEE1=-0.492 TEE2=-0.442 TEE3=-0.295  TEE4=-0.112
rank= 99 Lx=Ly=22 pg= 0.870 ids= 483 TEE1=-0.748 TEE2=-0.872 TEE3=-0.874  TEE4=-0.897
rank=108 Lx=Ly=22 pg= 0.860 ids= 492 TEE1=-0.709 TEE2=-0.855 TEE3=-0.860  TEE4=-0.868
rank= 63 Lx=Ly=22 pg= 0.800 ids= 447 TEE1=-0.376 TEE2=-0.271 TEE3=-0.153  TEE4=-0.019
rank=  8 Lx=Ly=22 pg= 0.820 ids= 392 TEE1=-0.603 TEE2=-0.702 TEE3=-0.671  TEE4=-0.572
rank= 94 Lx=Ly=22 pg= 0.790 ids= 478 TEE1=-0.355 TEE2=-0.271 TEE3=-0.159  TEE4=-0.045
rank= 23 Lx=Ly=22 pg= 0.800 ids= 407 TEE1=-0.407 TEE2=-0.300 TEE3=-0.184  TEE4= 0.033
rank= 14 Lx=Ly=22 pg= 0.820 ids= 398 TEE1=-0.438 TEE2=-0.366 TEE3=-0.260  TEE4=-0.070
rank= 49 Lx=Ly=22 pg= 0.810 ids= 433 TEE1=-0.581 TEE2=-0.595 TEE3=-0.529  TEE4=-0.479
rank=  4 Lx=Ly=22 pg= 0.810 ids= 388 TEE1=-0.523 TEE2=-0.533 TEE3=-0.455  TEE4=-0.341
rank= 80 Lx=Ly=22 pg= 0.790 ids= 464 TEE1=-0.310 TEE2=-0.190 TEE3=-0.074  TEE4= 0.056
rank=105 Lx=Ly=22 pg= 0.860 ids= 489 TEE1=-0.647 TEE2=-0.719 TEE3=-0.715  TEE4=-0.752
rank= 17 Lx=Ly=22 pg= 0.800 ids= 401 TEE1=-0.494 TEE2=-0.500 TEE3=-0.393  TEE4=-0.213
rank= 96 Lx=Ly=22 pg= 0.870 ids= 480 TEE1=-0.835 TEE2=-0.924 TEE3=-0.919  TEE4=-0.926
rank= 86 Lx=Ly=22 pg= 0.790 ids= 470 TEE1=-0.411 TEE2=-0.300 TEE3=-0.171  TEE4= 0.019
rank= 65 Lx=Ly=22 pg= 0.820 ids= 449 TEE1=-0.574 TEE2=-0.510 TEE3=-0.364  TEE4=-0.182
rank= 79 Lx=Ly=22 pg= 0.800 ids= 463 TEE1=-0.357 TEE2=-0.349 TEE3=-0.262  TEE4=-0.157
rank= 88 Lx=Ly=22 pg= 0.790 ids= 472 TEE1=-0.242 TEE2=-0.180 TEE3=-0.091  TEE4=-0.058
rank= 61 Lx=Ly=22 pg= 0.800 ids= 445 TEE1=-0.446 TEE2=-0.374 TEE3=-0.264  TEE4=-0.136
rank= 32 Lx=Ly=22 pg= 0.810 ids= 416 TEE1=-0.390 TEE2=-0.366 TEE3=-0.277  TEE4=-0.151
rank= 77 Lx=Ly=22 pg= 0.800 ids= 461 TEE1=-0.382 TEE2=-0.347 TEE3=-0.229  TEE4=-0.060
rank= 97 Lx=Ly=22 pg= 0.870 ids= 481 TEE1=-0.762 TEE2=-0.847 TEE3=-0.851  TEE4=-0.824
rank= 84 Lx=Ly=22 pg= 0.790 ids= 468 TEE1=-0.428 TEE2=-0.415 TEE3=-0.316  TEE4=-0.157
rank= 45 Lx=Ly=22 pg= 0.820 ids= 429 TEE1=-0.579 TEE2=-0.620 TEE3=-0.581  TEE4=-0.483
rank=111 Lx=Ly=22 pg= 0.860 ids= 495 TEE1=-0.781 TEE2=-0.895 TEE3=-0.890  TEE4=-0.890
rank= 81 Lx=Ly=22 pg= 0.800 ids= 465 TEE1=-0.448 TEE2=-0.440 TEE3=-0.341  TEE4=-0.223
rank= 68 Lx=Ly=22 pg= 0.800 ids= 452 TEE1=-0.545 TEE2=-0.550 TEE3=-0.488  TEE4=-0.310
rank=  0 Lx=Ly=22 pg= 0.810 ids= 384 TEE1=-0.500 TEE2=-0.510 TEE3=-0.430  TEE4=-0.192
rank= 85 Lx=Ly=22 pg= 0.800 ids= 469 TEE1=-0.337 TEE2=-0.254 TEE3=-0.118  TEE4= 0.029
rank=101 Lx=Ly=22 pg= 0.870 ids= 485 TEE1=-0.783 TEE2=-0.876 TEE3=-0.884  TEE4=-0.897
rank= 82 Lx=Ly=22 pg= 0.800 ids= 466 TEE1=-0.479 TEE2=-0.450 TEE3=-0.335  TEE4=-0.178
rank= 16 Lx=Ly=22 pg= 0.800 ids= 400 TEE1=-0.337 TEE2=-0.271 TEE3=-0.151  TEE4=-0.060
rank= 54 Lx=Ly=22 pg= 0.800 ids= 438 TEE1=-0.479 TEE2=-0.465 TEE3=-0.362  TEE4=-0.192
rank=107 Lx=Ly=22 pg= 0.870 ids= 491 TEE1=-0.769 TEE2=-0.880 TEE3=-0.878  TEE4=-0.853
rank= 31 Lx=Ly=22 pg= 0.810 ids= 415 TEE1=-0.428 TEE2=-0.415 TEE3=-0.353  TEE4=-0.103
rank=110 Lx=Ly=22 pg= 0.870 ids= 494 TEE1=-0.762 TEE2=-0.853 TEE3=-0.847  TEE4=-0.837
rank= 67 Lx=Ly=22 pg= 0.820 ids= 451 TEE1=-0.566 TEE2=-0.618 TEE3=-0.568  TEE4=-0.477
rank= 30 Lx=Ly=22 pg= 0.810 ids= 414 TEE1=-0.531 TEE2=-0.465 TEE3=-0.353  TEE4=-0.186
rank= 42 Lx=Ly=22 pg= 0.820 ids= 426 TEE1=-0.595 TEE2=-0.649 TEE3=-0.593  TEE4=-0.444
rank= 21 Lx=Ly=22 pg= 0.800 ids= 405 TEE1=-0.386 TEE2=-0.279 TEE3=-0.196  TEE4=-0.019
rank=109 Lx=Ly=22 pg= 0.860 ids= 493 TEE1=-0.740 TEE2=-0.839 TEE3=-0.814  TEE4=-0.833
rank= 22 Lx=Ly=22 pg= 0.800 ids= 406 TEE1=-0.413 TEE2=-0.246 TEE3=-0.087  TEE4= 0.027
rank= 27 Lx=Ly=22 pg= 0.810 ids= 411 TEE1=-0.471 TEE2=-0.461 TEE3=-0.388  TEE4=-0.184
rank= 34 Lx=Ly=22 pg= 0.810 ids= 418 TEE1=-0.498 TEE2=-0.498 TEE3=-0.397  TEE4=-0.221
rank=106 Lx=Ly=22 pg= 0.870 ids= 490 TEE1=-0.705 TEE2=-0.767 TEE3=-0.742  TEE4=-0.707
rank= 93 Lx=Ly=22 pg= 0.800 ids= 477 TEE1=-0.479 TEE2=-0.380 TEE3=-0.213  TEE4=-0.070
rank=100 Lx=Ly=22 pg= 0.880 ids= 484 TEE1=-0.862 TEE2=-0.955 TEE3=-0.955  TEE4=-0.975
rank= 10 Lx=Ly=22 pg= 0.820 ids= 394 TEE1=-0.545 TEE2=-0.537 TEE3=-0.473  TEE4=-0.362
rank=103 Lx=Ly=22 pg= 0.870 ids= 487 TEE1=-0.798 TEE2=-0.903 TEE3=-0.905  TEE4=-0.919
rank= 40 Lx=Ly=22 pg= 0.820 ids= 424 TEE1=-0.574 TEE2=-0.612 TEE3=-0.581  TEE4=-0.533
rank=  2 Lx=Ly=22 pg= 0.820 ids= 386 TEE1=-0.628 TEE2=-0.698 TEE3=-0.645  TEE4=-0.541
rank= 70 Lx=Ly=22 pg= 0.800 ids= 454 TEE1=-0.376 TEE2=-0.248 TEE3=-0.076  TEE4= 0.043
rank= 36 Lx=Ly=22 pg= 0.810 ids= 420 TEE1=-0.417 TEE2=-0.366 TEE3=-0.264  TEE4=-0.134
rank= 83 Lx=Ly=22 pg= 0.810 ids= 467 TEE1=-0.537 TEE2=-0.521 TEE3=-0.448  TEE4=-0.326
rank= 11 Lx=Ly=22 pg= 0.820 ids= 395 TEE1=-0.531 TEE2=-0.560 TEE3=-0.512  TEE4=-0.399
rank=104 Lx=Ly=22 pg= 0.870 ids= 488 TEE1=-0.700 TEE2=-0.808 TEE3=-0.800  TEE4=-0.795
rank= 48 Lx=Ly=22 pg= 0.810 ids= 432 TEE1=-0.512 TEE2=-0.545 TEE3=-0.498  TEE4=-0.331
rank=  1 Lx=Ly=22 pg= 0.820 ids= 385 TEE1=-0.626 TEE2=-0.694 TEE3=-0.647  TEE4=-0.570
rank= 29 Lx=Ly=22 pg= 0.810 ids= 413 TEE1=-0.541 TEE2=-0.529 TEE3=-0.430  TEE4=-0.260
rank= 44 Lx=Ly=22 pg= 0.820 ids= 428 TEE1=-0.589 TEE2=-0.624 TEE3=-0.568  TEE4=-0.448
rank= 92 Lx=Ly=22 pg= 0.790 ids= 476 TEE1=-0.388 TEE2=-0.252 TEE3=-0.095  TEE4= 0.050
rank= 91 Lx=Ly=22 pg= 0.800 ids= 475 TEE1=-0.399 TEE2=-0.277 TEE3=-0.157  TEE4=-0.039
rank= 90 Lx=Ly=22 pg= 0.790 ids= 474 TEE1=-0.481 TEE2=-0.374 TEE3=-0.250  TEE4=-0.017
rank= 46 Lx=Ly=22 pg= 0.820 ids= 430 TEE1=-0.533 TEE2=-0.492 TEE3=-0.393  TEE4=-0.285
rank= 75 Lx=Ly=22 pg= 0.810 ids= 459 TEE1=-0.502 TEE2=-0.461 TEE3=-0.380  TEE4=-0.231
rank= 41 Lx=Ly=22 pg= 0.820 ids= 425 TEE1=-0.539 TEE2=-0.605 TEE3=-0.566  TEE4=-0.455
rank=  7 Lx=Ly=22 pg= 0.820 ids= 391 TEE1=-0.506 TEE2=-0.486 TEE3=-0.393  TEE4=-0.223
rank= 57 Lx=Ly=22 pg= 0.810 ids= 441 TEE1=-0.442 TEE2=-0.390 TEE3=-0.275  TEE4=-0.064
rank=102 Lx=Ly=22 pg= 0.880 ids= 486 TEE1=-0.762 TEE2=-0.860 TEE3=-0.868  TEE4=-0.826
rank= 64 Lx=Ly=22 pg= 0.810 ids= 448 TEE1=-0.521 TEE2=-0.521 TEE3=-0.450  TEE4=-0.262
rank=  5 Lx=Ly=22 pg= 0.820 ids= 389 TEE1=-0.610 TEE2=-0.651 TEE3=-0.620  TEE4=-0.562
rank= 26 Lx=Ly=22 pg= 0.810 ids= 410 TEE1=-0.512 TEE2=-0.548 TEE3=-0.496  TEE4=-0.345
rank= 98 Lx=Ly=22 pg= 0.880 ids= 482 TEE1=-0.802 TEE2=-0.876 TEE3=-0.876  TEE4=-0.897
rank= 76 Lx=Ly=22 pg= 0.800 ids= 460 TEE1=-0.479 TEE2=-0.459 TEE3=-0.378  TEE4=-0.223
rank= 37 Lx=Ly=22 pg= 0.820 ids= 421 TEE1=-0.562 TEE2=-0.523 TEE3=-0.413  TEE4=-0.314
rank= 72 Lx=Ly=22 pg= 0.800 ids= 456 TEE1=-0.541 TEE2=-0.554 TEE3=-0.498  TEE4=-0.395
rank= 99 Lx=Ly=22 pg= 0.880 ids= 483 TEE1=-0.756 TEE2=-0.837 TEE3=-0.835  TEE4=-0.857
rank= 18 Lx=Ly=22 pg= 0.800 ids= 402 TEE1=-0.318 TEE2=-0.262 TEE3=-0.157  TEE4= 0.010
rank=108 Lx=Ly=22 pg= 0.870 ids= 492 TEE1=-0.717 TEE2=-0.777 TEE3=-0.783  TEE4=-0.771
rank= 33 Lx=Ly=22 pg= 0.820 ids= 417 TEE1=-0.500 TEE2=-0.490 TEE3=-0.415  TEE4=-0.306
rank= 15 Lx=Ly=22 pg= 0.820 ids= 399 TEE1=-0.510 TEE2=-0.525 TEE3=-0.467  TEE4=-0.370
rank=  3 Lx=Ly=22 pg= 0.830 ids= 387 TEE1=-0.599 TEE2=-0.614 TEE3=-0.589  TEE4=-0.483
rank= 74 Lx=Ly=22 pg= 0.810 ids= 458 TEE1=-0.504 TEE2=-0.508 TEE3=-0.436  TEE4=-0.271
rank= 39 Lx=Ly=22 pg= 0.820 ids= 423 TEE1=-0.620 TEE2=-0.661 TEE3=-0.618  TEE4=-0.523
rank=105 Lx=Ly=22 pg= 0.870 ids= 489 TEE1=-0.733 TEE2=-0.845 TEE3=-0.841  TEE4=-0.808
rank= 56 Lx=Ly=22 pg= 0.810 ids= 440 TEE1=-0.504 TEE2=-0.541 TEE3=-0.481  TEE4=-0.355
rank= 24 Lx=Ly=22 pg= 0.810 ids= 408 TEE1=-0.556 TEE2=-0.535 TEE3=-0.461  TEE4=-0.287
rank= 71 Lx=Ly=22 pg= 0.820 ids= 455 TEE1=-0.514 TEE2=-0.545 TEE3=-0.502  TEE4=-0.390
rank= 96 Lx=Ly=22 pg= 0.880 ids= 480 TEE1=-0.771 TEE2=-0.888 TEE3=-0.882  TEE4=-0.886
rank= 55 Lx=Ly=22 pg= 0.810 ids= 439 TEE1=-0.438 TEE2=-0.378 TEE3=-0.318  TEE4=-0.124
rank= 50 Lx=Ly=22 pg= 0.810 ids= 434 TEE1=-0.508 TEE2=-0.448 TEE3=-0.355  TEE4=-0.194
rank= 69 Lx=Ly=22 pg= 0.820 ids= 453 TEE1=-0.640 TEE2=-0.667 TEE3=-0.589  TEE4=-0.496
rank= 58 Lx=Ly=22 pg= 0.810 ids= 442 TEE1=-0.357 TEE2=-0.236 TEE3=-0.126  TEE4= 0.027
rank= 87 Lx=Ly=22 pg= 0.810 ids= 471 TEE1=-0.556 TEE2=-0.614 TEE3=-0.564  TEE4=-0.440
rank= 53 Lx=Ly=22 pg= 0.810 ids= 437 TEE1=-0.562 TEE2=-0.558 TEE3=-0.471  TEE4=-0.331
rank= 73 Lx=Ly=22 pg= 0.810 ids= 457 TEE1=-0.498 TEE2=-0.483 TEE3=-0.339  TEE4=-0.194
rank= 97 Lx=Ly=22 pg= 0.880 ids= 481 TEE1=-0.771 TEE2=-0.876 TEE3=-0.886  TEE4=-0.907
rank= 59 Lx=Ly=22 pg= 0.810 ids= 443 TEE1=-0.504 TEE2=-0.486 TEE3=-0.421  TEE4=-0.277
rank=  6 Lx=Ly=22 pg= 0.820 ids= 390 TEE1=-0.558 TEE2=-0.554 TEE3=-0.459  TEE4=-0.316
rank=111 Lx=Ly=22 pg= 0.870 ids= 495 TEE1=-0.781 TEE2=-0.851 TEE3=-0.837  TEE4=-0.810
rank= 47 Lx=Ly=22 pg= 0.820 ids= 431 TEE1=-0.564 TEE2=-0.634 TEE3=-0.616  TEE4=-0.494
rank=101 Lx=Ly=22 pg= 0.880 ids= 485 TEE1=-0.795 TEE2=-0.876 TEE3=-0.872  TEE4=-0.855
rank= 43 Lx=Ly=22 pg= 0.820 ids= 427 TEE1=-0.576 TEE2=-0.638 TEE3=-0.581  TEE4=-0.463
rank=107 Lx=Ly=22 pg= 0.880 ids= 491 TEE1=-0.791 TEE2=-0.893 TEE3=-0.897  TEE4=-0.876
rank= 28 Lx=Ly=22 pg= 0.810 ids= 412 TEE1=-0.525 TEE2=-0.579 TEE3=-0.508  TEE4=-0.378
rank=110 Lx=Ly=22 pg= 0.880 ids= 494 TEE1=-0.802 TEE2=-0.930 TEE3=-0.930  TEE4=-0.944
rank= 95 Lx=Ly=22 pg= 0.800 ids= 479 TEE1=-0.448 TEE2=-0.386 TEE3=-0.320  TEE4=-0.225
rank= 25 Lx=Ly=22 pg= 0.820 ids= 409 TEE1=-0.616 TEE2=-0.649 TEE3=-0.610  TEE4=-0.543
rank= 62 Lx=Ly=22 pg= 0.810 ids= 446 TEE1=-0.500 TEE2=-0.517 TEE3=-0.479  TEE4=-0.314
rank= 51 Lx=Ly=22 pg= 0.820 ids= 435 TEE1=-0.523 TEE2=-0.570 TEE3=-0.523  TEE4=-0.374
rank=109 Lx=Ly=22 pg= 0.870 ids= 493 TEE1=-0.746 TEE2=-0.849 TEE3=-0.845  TEE4=-0.837
rank= 52 Lx=Ly=22 pg= 0.810 ids= 436 TEE1=-0.601 TEE2=-0.630 TEE3=-0.579  TEE4=-0.430
rank= 66 Lx=Ly=22 pg= 0.810 ids= 450 TEE1=-0.488 TEE2=-0.448 TEE3=-0.380  TEE4=-0.337
rank=106 Lx=Ly=22 pg= 0.880 ids= 490 TEE1=-0.795 TEE2=-0.882 TEE3=-0.888  TEE4=-0.919
rank= 35 Lx=Ly=22 pg= 0.830 ids= 419 TEE1=-0.566 TEE2=-0.574 TEE3=-0.508  TEE4=-0.384
rank=100 Lx=Ly=22 pg= 0.890 ids= 484 TEE1=-0.860 TEE2=-0.952 TEE3=-0.959  TEE4=-0.959
rank= 12 Lx=Ly=22 pg= 0.830 ids= 396 TEE1=-0.663 TEE2=-0.742 TEE3=-0.738  TEE4=-0.740
rank= 20 Lx=Ly=22 pg= 0.810 ids= 404 TEE1=-0.477 TEE2=-0.455 TEE3=-0.337  TEE4=-0.143
rank=  9 Lx=Ly=22 pg= 0.820 ids= 393 TEE1=-0.525 TEE2=-0.529 TEE3=-0.432  TEE4=-0.275
rank= 78 Lx=Ly=22 pg= 0.810 ids= 462 TEE1=-0.349 TEE2=-0.242 TEE3=-0.116  TEE4=-0.014
rank=103 Lx=Ly=22 pg= 0.880 ids= 487 TEE1=-0.750 TEE2=-0.868 TEE3=-0.862  TEE4=-0.857
rank= 38 Lx=Ly=22 pg= 0.820 ids= 422 TEE1=-0.583 TEE2=-0.612 TEE3=-0.498  TEE4=-0.324
rank= 13 Lx=Ly=22 pg= 0.820 ids= 397 TEE1=-0.545 TEE2=-0.548 TEE3=-0.502  TEE4=-0.397
rank= 60 Lx=Ly=22 pg= 0.810 ids= 444 TEE1=-0.519 TEE2=-0.548 TEE3=-0.490  TEE4=-0.337
rank= 89 Lx=Ly=22 pg= 0.810 ids= 473 TEE1=-0.585 TEE2=-0.599 TEE3=-0.535  TEE4=-0.360
rank= 19 Lx=Ly=22 pg= 0.810 ids= 403 TEE1=-0.603 TEE2=-0.649 TEE3=-0.581  TEE4=-0.494
rank=104 Lx=Ly=22 pg= 0.880 ids= 488 TEE1=-0.785 TEE2=-0.870 TEE3=-0.874  TEE4=-0.903
rank=  8 Lx=Ly=22 pg= 0.830 ids= 392 TEE1=-0.614 TEE2=-0.684 TEE3=-0.649  TEE4=-0.614
rank= 63 Lx=Ly=22 pg= 0.810 ids= 447 TEE1=-0.599 TEE2=-0.603 TEE3=-0.527  TEE4=-0.322
rank= 23 Lx=Ly=22 pg= 0.810 ids= 407 TEE1=-0.498 TEE2=-0.512 TEE3=-0.481  TEE4=-0.388
rank= 94 Lx=Ly=22 pg= 0.800 ids= 478 TEE1=-0.380 TEE2=-0.269 TEE3=-0.093  TEE4= 0.070
rank= 14 Lx=Ly=22 pg= 0.830 ids= 398 TEE1=-0.579 TEE2=-0.649 TEE3=-0.612  TEE4=-0.543
rank=102 Lx=Ly=22 pg= 0.890 ids= 486 TEE1=-0.862 TEE2=-0.940 TEE3=-0.936  TEE4=-0.930
rank= 49 Lx=Ly=22 pg= 0.820 ids= 433 TEE1=-0.585 TEE2=-0.649 TEE3=-0.634  TEE4=-0.558
rank=  4 Lx=Ly=22 pg= 0.820 ids= 388 TEE1=-0.558 TEE2=-0.601 TEE3=-0.583  TEE4=-0.512
rank= 98 Lx=Ly=22 pg= 0.890 ids= 482 TEE1=-0.862 TEE2=-0.946 TEE3=-0.934  TEE4=-0.934
rank= 80 Lx=Ly=22 pg= 0.800 ids= 464 TEE1=-0.483 TEE2=-0.459 TEE3=-0.360  TEE4=-0.151
rank= 17 Lx=Ly=22 pg= 0.810 ids= 401 TEE1=-0.556 TEE2=-0.574 TEE3=-0.486  TEE4=-0.329
rank= 65 Lx=Ly=22 pg= 0.830 ids= 449 TEE1=-0.595 TEE2=-0.649 TEE3=-0.607  TEE4=-0.562
rank= 79 Lx=Ly=22 pg= 0.810 ids= 463 TEE1=-0.552 TEE2=-0.502 TEE3=-0.415  TEE4=-0.233
rank= 32 Lx=Ly=22 pg= 0.820 ids= 416 TEE1=-0.583 TEE2=-0.628 TEE3=-0.593  TEE4=-0.519
rank= 86 Lx=Ly=22 pg= 0.800 ids= 470 TEE1=-0.399 TEE2=-0.304 TEE3=-0.192  TEE4=-0.070
rank= 61 Lx=Ly=22 pg= 0.810 ids= 445 TEE1=-0.566 TEE2=-0.583 TEE3=-0.506  TEE4=-0.362
rank= 88 Lx=Ly=22 pg= 0.800 ids= 472 TEE1=-0.362 TEE2=-0.310 TEE3=-0.244  TEE4=-0.085
rank= 99 Lx=Ly=22 pg= 0.890 ids= 483 TEE1=-0.781 TEE2=-0.860 TEE3=-0.853  TEE4=-0.837
rank= 45 Lx=Ly=22 pg= 0.830 ids= 429 TEE1=-0.632 TEE2=-0.711 TEE3=-0.692  TEE4=-0.535
rank= 77 Lx=Ly=22 pg= 0.810 ids= 461 TEE1=-0.537 TEE2=-0.630 TEE3=-0.564  TEE4=-0.440
rank=108 Lx=Ly=22 pg= 0.880 ids= 492 TEE1=-0.810 TEE2=-0.895 TEE3=-0.886  TEE4=-0.872
rank=  0 Lx=Ly=22 pg= 0.820 ids= 384 TEE1=-0.607 TEE2=-0.558 TEE3=-0.446  TEE4=-0.242
rank= 68 Lx=Ly=22 pg= 0.810 ids= 452 TEE1=-0.407 TEE2=-0.316 TEE3=-0.202  TEE4=-0.085
rank= 84 Lx=Ly=22 pg= 0.800 ids= 468 TEE1=-0.374 TEE2=-0.326 TEE3=-0.269  TEE4=-0.087
rank= 85 Lx=Ly=22 pg= 0.810 ids= 469 TEE1=-0.496 TEE2=-0.442 TEE3=-0.318  TEE4=-0.114
rank= 81 Lx=Ly=22 pg= 0.810 ids= 465 TEE1=-0.525 TEE2=-0.517 TEE3=-0.442  TEE4=-0.341
rank= 16 Lx=Ly=22 pg= 0.810 ids= 400 TEE1=-0.312 TEE2=-0.163 TEE3=-0.048  TEE4= 0.097
rank= 82 Lx=Ly=22 pg= 0.810 ids= 466 TEE1=-0.434 TEE2=-0.357 TEE3=-0.236  TEE4=-0.095
rank= 54 Lx=Ly=22 pg= 0.810 ids= 438 TEE1=-0.601 TEE2=-0.632 TEE3=-0.543  TEE4=-0.461
rank= 31 Lx=Ly=22 pg= 0.820 ids= 415 TEE1=-0.585 TEE2=-0.614 TEE3=-0.543  TEE4=-0.388
rank=105 Lx=Ly=22 pg= 0.880 ids= 489 TEE1=-0.835 TEE2=-0.913 TEE3=-0.911  TEE4=-0.919
rank= 67 Lx=Ly=22 pg= 0.830 ids= 451 TEE1=-0.624 TEE2=-0.661 TEE3=-0.626  TEE4=-0.560
rank= 96 Lx=Ly=22 pg= 0.890 ids= 480 TEE1=-0.853 TEE2=-0.919 TEE3=-0.921  TEE4=-0.942
rank= 42 Lx=Ly=22 pg= 0.830 ids= 426 TEE1=-0.733 TEE2=-0.853 TEE3=-0.851  TEE4=-0.851
rank= 30 Lx=Ly=22 pg= 0.820 ids= 414 TEE1=-0.548 TEE2=-0.591 TEE3=-0.552  TEE4=-0.426
rank= 21 Lx=Ly=22 pg= 0.810 ids= 405 TEE1=-0.459 TEE2=-0.459 TEE3=-0.386  TEE4=-0.258
rank= 22 Lx=Ly=22 pg= 0.810 ids= 406 TEE1=-0.519 TEE2=-0.537 TEE3=-0.477  TEE4=-0.353
rank= 97 Lx=Ly=22 pg= 0.890 ids= 481 TEE1=-0.829 TEE2=-0.901 TEE3=-0.909  TEE4=-0.907
rank= 27 Lx=Ly=22 pg= 0.820 ids= 411 TEE1=-0.572 TEE2=-0.595 TEE3=-0.533  TEE4=-0.409
rank= 34 Lx=Ly=22 pg= 0.820 ids= 418 TEE1=-0.531 TEE2=-0.589 TEE3=-0.537  TEE4=-0.419
rank=111 Lx=Ly=22 pg= 0.880 ids= 495 TEE1=-0.754 TEE2=-0.874 TEE3=-0.876  TEE4=-0.870
rank= 10 Lx=Ly=22 pg= 0.830 ids= 394 TEE1=-0.587 TEE2=-0.599 TEE3=-0.519  TEE4=-0.409
rank= 93 Lx=Ly=22 pg= 0.810 ids= 477 TEE1=-0.512 TEE2=-0.533 TEE3=-0.488  TEE4=-0.233
rank=101 Lx=Ly=22 pg= 0.890 ids= 485 TEE1=-0.855 TEE2=-0.938 TEE3=-0.934  TEE4=-0.952
rank= 40 Lx=Ly=22 pg= 0.830 ids= 424 TEE1=-0.628 TEE2=-0.682 TEE3=-0.645  TEE4=-0.585
rank=  2 Lx=Ly=22 pg= 0.830 ids= 386 TEE1=-0.661 TEE2=-0.700 TEE3=-0.659  TEE4=-0.529
rank= 36 Lx=Ly=22 pg= 0.820 ids= 420 TEE1=-0.572 TEE2=-0.583 TEE3=-0.496  TEE4=-0.351
rank= 11 Lx=Ly=22 pg= 0.830 ids= 395 TEE1=-0.653 TEE2=-0.781 TEE3=-0.746  TEE4=-0.723
rank= 70 Lx=Ly=22 pg= 0.810 ids= 454 TEE1=-0.558 TEE2=-0.568 TEE3=-0.510  TEE4=-0.364
rank=107 Lx=Ly=22 pg= 0.890 ids= 491 TEE1=-0.804 TEE2=-0.874 TEE3=-0.872  TEE4=-0.882
rank= 83 Lx=Ly=22 pg= 0.820 ids= 467 TEE1=-0.537 TEE2=-0.543 TEE3=-0.502  TEE4=-0.349
rank=110 Lx=Ly=22 pg= 0.890 ids= 494 TEE1=-0.833 TEE2=-0.934 TEE3=-0.936  TEE4=-0.946
rank=  1 Lx=Ly=22 pg= 0.830 ids= 385 TEE1=-0.655 TEE2=-0.729 TEE3=-0.715  TEE4=-0.725
rank= 48 Lx=Ly=22 pg= 0.820 ids= 432 TEE1=-0.597 TEE2=-0.620 TEE3=-0.583  TEE4=-0.488
rank= 29 Lx=Ly=22 pg= 0.820 ids= 413 TEE1=-0.545 TEE2=-0.599 TEE3=-0.548  TEE4=-0.393
rank= 44 Lx=Ly=22 pg= 0.830 ids= 428 TEE1=-0.564 TEE2=-0.630 TEE3=-0.597  TEE4=-0.523
rank= 41 Lx=Ly=22 pg= 0.830 ids= 425 TEE1=-0.612 TEE2=-0.711 TEE3=-0.688  TEE4=-0.651
rank= 91 Lx=Ly=22 pg= 0.810 ids= 475 TEE1=-0.616 TEE2=-0.643 TEE3=-0.618  TEE4=-0.498
rank=109 Lx=Ly=22 pg= 0.880 ids= 493 TEE1=-0.756 TEE2=-0.857 TEE3=-0.860  TEE4=-0.901
rank= 46 Lx=Ly=22 pg= 0.830 ids= 430 TEE1=-0.618 TEE2=-0.632 TEE3=-0.568  TEE4=-0.409
rank=  7 Lx=Ly=22 pg= 0.830 ids= 391 TEE1=-0.610 TEE2=-0.595 TEE3=-0.564  TEE4=-0.479
rank= 75 Lx=Ly=22 pg= 0.820 ids= 459 TEE1=-0.548 TEE2=-0.552 TEE3=-0.452  TEE4=-0.291
rank= 92 Lx=Ly=22 pg= 0.800 ids= 476 TEE1=-0.459 TEE2=-0.457 TEE3=-0.331  TEE4=-0.079
rank= 57 Lx=Ly=22 pg= 0.820 ids= 441 TEE1=-0.525 TEE2=-0.517 TEE3=-0.438  TEE4=-0.318
rank= 90 Lx=Ly=22 pg= 0.800 ids= 474 TEE1=-0.426 TEE2=-0.312 TEE3=-0.153  TEE4=-0.052
rank=106 Lx=Ly=22 pg= 0.890 ids= 490 TEE1=-0.804 TEE2=-0.915 TEE3=-0.924  TEE4=-0.930
rank=  5 Lx=Ly=22 pg= 0.830 ids= 389 TEE1=-0.657 TEE2=-0.655 TEE3=-0.601  TEE4=-0.535
rank= 64 Lx=Ly=22 pg= 0.820 ids= 448 TEE1=-0.570 TEE2=-0.583 TEE3=-0.531  TEE4=-0.467
rank= 26 Lx=Ly=22 pg= 0.820 ids= 410 TEE1=-0.558 TEE2=-0.605 TEE3=-0.587  TEE4=-0.517
rank=100 Lx=Ly=22 pg= 0.900 ids= 484 TEE1=-0.841 TEE2=-0.924 TEE3=-0.930  TEE4=-0.959
rank=103 Lx=Ly=22 pg= 0.890 ids= 487 TEE1=-0.806 TEE2=-0.897 TEE3=-0.895  TEE4=-0.895
rank= 37 Lx=Ly=22 pg= 0.830 ids= 421 TEE1=-0.599 TEE2=-0.634 TEE3=-0.601  TEE4=-0.498
rank=104 Lx=Ly=22 pg= 0.890 ids= 488 TEE1=-0.769 TEE2=-0.868 TEE3=-0.864  TEE4=-0.839
rank= 76 Lx=Ly=22 pg= 0.810 ids= 460 TEE1=-0.510 TEE2=-0.529 TEE3=-0.469  TEE4=-0.378
rank= 72 Lx=Ly=22 pg= 0.810 ids= 456 TEE1=-0.562 TEE2=-0.552 TEE3=-0.496  TEE4=-0.331
rank= 15 Lx=Ly=22 pg= 0.830 ids= 399 TEE1=-0.680 TEE2=-0.752 TEE3=-0.744  TEE4=-0.725
rank=102 Lx=Ly=22 pg= 0.900 ids= 486 TEE1=-0.845 TEE2=-0.932 TEE3=-0.919  TEE4=-0.928
rank= 18 Lx=Ly=22 pg= 0.810 ids= 402 TEE1=-0.517 TEE2=-0.475 TEE3=-0.351  TEE4=-0.182
rank= 33 Lx=Ly=22 pg= 0.830 ids= 417 TEE1=-0.630 TEE2=-0.661 TEE3=-0.628  TEE4=-0.533
rank=  3 Lx=Ly=22 pg= 0.840 ids= 387 TEE1=-0.570 TEE2=-0.620 TEE3=-0.581  TEE4=-0.523
rank= 98 Lx=Ly=22 pg= 0.900 ids= 482 TEE1=-0.814 TEE2=-0.907 TEE3=-0.903  TEE4=-0.890
rank= 39 Lx=Ly=22 pg= 0.830 ids= 423 TEE1=-0.579 TEE2=-0.640 TEE3=-0.585  TEE4=-0.486
rank= 74 Lx=Ly=22 pg= 0.820 ids= 458 TEE1=-0.574 TEE2=-0.585 TEE3=-0.504  TEE4=-0.376
rank= 56 Lx=Ly=22 pg= 0.820 ids= 440 TEE1=-0.564 TEE2=-0.585 TEE3=-0.514  TEE4=-0.436
rank= 24 Lx=Ly=22 pg= 0.820 ids= 408 TEE1=-0.632 TEE2=-0.698 TEE3=-0.682  TEE4=-0.626
rank= 71 Lx=Ly=22 pg= 0.830 ids= 455 TEE1=-0.665 TEE2=-0.742 TEE3=-0.690  TEE4=-0.653
rank= 50 Lx=Ly=22 pg= 0.820 ids= 434 TEE1=-0.665 TEE2=-0.702 TEE3=-0.653  TEE4=-0.533
rank=108 Lx=Ly=22 pg= 0.890 ids= 492 TEE1=-0.783 TEE2=-0.870 TEE3=-0.870  TEE4=-0.882
rank= 55 Lx=Ly=22 pg= 0.820 ids= 439 TEE1=-0.527 TEE2=-0.463 TEE3=-0.368  TEE4=-0.178
rank= 69 Lx=Ly=22 pg= 0.830 ids= 453 TEE1=-0.574 TEE2=-0.595 TEE3=-0.558  TEE4=-0.388
rank= 58 Lx=Ly=22 pg= 0.820 ids= 442 TEE1=-0.519 TEE2=-0.537 TEE3=-0.459  TEE4=-0.349
rank= 73 Lx=Ly=22 pg= 0.820 ids= 457 TEE1=-0.531 TEE2=-0.510 TEE3=-0.409  TEE4=-0.246
rank= 87 Lx=Ly=22 pg= 0.820 ids= 471 TEE1=-0.529 TEE2=-0.531 TEE3=-0.463  TEE4=-0.312
rank= 99 Lx=Ly=22 pg= 0.900 ids= 483 TEE1=-0.845 TEE2=-0.919 TEE3=-0.926  TEE4=-0.936
rank= 53 Lx=Ly=22 pg= 0.820 ids= 437 TEE1=-0.560 TEE2=-0.618 TEE3=-0.581  TEE4=-0.459
rank=  6 Lx=Ly=22 pg= 0.830 ids= 390 TEE1=-0.655 TEE2=-0.731 TEE3=-0.705  TEE4=-0.688
rank= 59 Lx=Ly=22 pg= 0.820 ids= 443 TEE1=-0.531 TEE2=-0.581 TEE3=-0.527  TEE4=-0.421
rank= 96 Lx=Ly=22 pg= 0.900 ids= 480 TEE1=-0.874 TEE2=-0.969 TEE3=-0.969  TEE4=-0.983
rank= 47 Lx=Ly=22 pg= 0.830 ids= 431 TEE1=-0.552 TEE2=-0.576 TEE3=-0.550  TEE4=-0.492
rank= 43 Lx=Ly=22 pg= 0.830 ids= 427 TEE1=-0.618 TEE2=-0.649 TEE3=-0.607  TEE4=-0.488
rank=105 Lx=Ly=22 pg= 0.890 ids= 489 TEE1=-0.777 TEE2=-0.870 TEE3=-0.864  TEE4=-0.872
rank= 28 Lx=Ly=22 pg= 0.820 ids= 412 TEE1=-0.628 TEE2=-0.719 TEE3=-0.676  TEE4=-0.564
rank=110 Lx=Ly=22 pg= 0.900 ids= 494 TEE1=-0.857 TEE2=-0.926 TEE3=-0.934  TEE4=-0.952
rank= 95 Lx=Ly=22 pg= 0.810 ids= 479 TEE1=-0.535 TEE2=-0.583 TEE3=-0.521  TEE4=-0.312
rank= 25 Lx=Ly=22 pg= 0.830 ids= 409 TEE1=-0.607 TEE2=-0.647 TEE3=-0.587  TEE4=-0.459
rank= 51 Lx=Ly=22 pg= 0.830 ids= 435 TEE1=-0.612 TEE2=-0.696 TEE3=-0.659  TEE4=-0.560
rank= 97 Lx=Ly=22 pg= 0.900 ids= 481 TEE1=-0.849 TEE2=-0.930 TEE3=-0.932  TEE4=-0.948
rank= 62 Lx=Ly=22 pg= 0.820 ids= 446 TEE1=-0.597 TEE2=-0.653 TEE3=-0.583  TEE4=-0.459
rank=101 Lx=Ly=22 pg= 0.900 ids= 485 TEE1=-0.835 TEE2=-0.936 TEE3=-0.934  TEE4=-0.957
rank= 52 Lx=Ly=22 pg= 0.820 ids= 436 TEE1=-0.659 TEE2=-0.713 TEE3=-0.692  TEE4=-0.643
rank= 66 Lx=Ly=22 pg= 0.820 ids= 450 TEE1=-0.564 TEE2=-0.601 TEE3=-0.562  TEE4=-0.475
rank=111 Lx=Ly=22 pg= 0.890 ids= 495 TEE1=-0.779 TEE2=-0.872 TEE3=-0.862  TEE4=-0.860
rank=106 Lx=Ly=22 pg= 0.900 ids= 490 TEE1=-0.812 TEE2=-0.924 TEE3=-0.932  TEE4=-0.946
rank= 35 Lx=Ly=22 pg= 0.840 ids= 419 TEE1=-0.626 TEE2=-0.719 TEE3=-0.723  TEE4=-0.750
rank= 12 Lx=Ly=22 pg= 0.840 ids= 396 TEE1=-0.630 TEE2=-0.665 TEE3=-0.640  TEE4=-0.554
rank=  9 Lx=Ly=22 pg= 0.830 ids= 393 TEE1=-0.591 TEE2=-0.676 TEE3=-0.640  TEE4=-0.605
rank= 20 Lx=Ly=22 pg= 0.820 ids= 404 TEE1=-0.568 TEE2=-0.605 TEE3=-0.554  TEE4=-0.450
rank=107 Lx=Ly=22 pg= 0.900 ids= 491 TEE1=-0.905 TEE2=-0.988 TEE3=-0.990  TEE4=-0.994
rank= 38 Lx=Ly=22 pg= 0.830 ids= 422 TEE1=-0.671 TEE2=-0.758 TEE3=-0.733  TEE4=-0.707
rank= 78 Lx=Ly=22 pg= 0.820 ids= 462 TEE1=-0.473 TEE2=-0.467 TEE3=-0.390  TEE4=-0.345
rank= 13 Lx=Ly=22 pg= 0.830 ids= 397 TEE1=-0.605 TEE2=-0.678 TEE3=-0.665  TEE4=-0.618
rank=104 Lx=Ly=22 pg= 0.900 ids= 488 TEE1=-0.839 TEE2=-0.928 TEE3=-0.930  TEE4=-0.938
rank= 60 Lx=Ly=22 pg= 0.820 ids= 444 TEE1=-0.591 TEE2=-0.671 TEE3=-0.651  TEE4=-0.537
rank= 89 Lx=Ly=22 pg= 0.820 ids= 473 TEE1=-0.488 TEE2=-0.488 TEE3=-0.378  TEE4=-0.211
rank=109 Lx=Ly=22 pg= 0.890 ids= 493 TEE1=-0.779 TEE2=-0.855 TEE3=-0.860  TEE4=-0.895
rank= 19 Lx=Ly=22 pg= 0.820 ids= 403 TEE1=-0.576 TEE2=-0.651 TEE3=-0.616  TEE4=-0.508
rank=103 Lx=Ly=22 pg= 0.900 ids= 487 TEE1=-0.866 TEE2=-0.936 TEE3=-0.944  TEE4=-0.938
rank=  8 Lx=Ly=22 pg= 0.840 ids= 392 TEE1=-0.653 TEE2=-0.729 TEE3=-0.696  TEE4=-0.616
rank= 63 Lx=Ly=22 pg= 0.820 ids= 447 TEE1=-0.496 TEE2=-0.514 TEE3=-0.469  TEE4=-0.310
rank= 14 Lx=Ly=22 pg= 0.840 ids= 398 TEE1=-0.667 TEE2=-0.767 TEE3=-0.750  TEE4=-0.663
rank= 23 Lx=Ly=22 pg= 0.820 ids= 407 TEE1=-0.587 TEE2=-0.620 TEE3=-0.554  TEE4=-0.393
rank= 94 Lx=Ly=22 pg= 0.810 ids= 478 TEE1=-0.531 TEE2=-0.537 TEE3=-0.409  TEE4=-0.167
rank=  4 Lx=Ly=22 pg= 0.830 ids= 388 TEE1=-0.574 TEE2=-0.570 TEE3=-0.519  TEE4=-0.390
rank= 49 Lx=Ly=22 pg= 0.830 ids= 433 TEE1=-0.593 TEE2=-0.674 TEE3=-0.674  TEE4=-0.579
rank=108 Lx=Ly=22 pg= 0.900 ids= 492 TEE1=-0.812 TEE2=-0.905 TEE3=-0.915  TEE4=-0.930
rank= 65 Lx=Ly=22 pg= 0.840 ids= 449 TEE1=-0.581 TEE2=-0.638 TEE3=-0.607  TEE4=-0.500
rank= 17 Lx=Ly=22 pg= 0.820 ids= 401 TEE1=-0.560 TEE2=-0.537 TEE3=-0.450  TEE4=-0.386
rank= 32 Lx=Ly=22 pg= 0.830 ids= 416 TEE1=-0.651 TEE2=-0.711 TEE3=-0.676  TEE4=-0.587
rank= 80 Lx=Ly=22 pg= 0.810 ids= 464 TEE1=-0.560 TEE2=-0.595 TEE3=-0.545  TEE4=-0.455
rank= 79 Lx=Ly=22 pg= 0.820 ids= 463 TEE1=-0.523 TEE2=-0.554 TEE3=-0.506  TEE4=-0.409
rank= 45 Lx=Ly=22 pg= 0.840 ids= 429 TEE1=-0.674 TEE2=-0.746 TEE3=-0.736  TEE4=-0.684
rank= 61 Lx=Ly=22 pg= 0.820 ids= 445 TEE1=-0.603 TEE2=-0.572 TEE3=-0.469  TEE4=-0.310
rank= 77 Lx=Ly=22 pg= 0.820 ids= 461 TEE1=-0.568 TEE2=-0.601 TEE3=-0.548  TEE4=-0.415
rank= 88 Lx=Ly=22 pg= 0.810 ids= 472 TEE1=-0.413 TEE2=-0.316 TEE3=-0.184  TEE4=-0.058
rank= 86 Lx=Ly=22 pg= 0.810 ids= 470 TEE1=-0.477 TEE2=-0.442 TEE3=-0.285  TEE4=-0.155
rank=  0 Lx=Ly=22 pg= 0.830 ids= 384 TEE1=-0.690 TEE2=-0.764 TEE3=-0.754  TEE4=-0.713
rank= 68 Lx=Ly=22 pg= 0.820 ids= 452 TEE1=-0.628 TEE2=-0.680 TEE3=-0.632  TEE4=-0.519
rank=105 Lx=Ly=22 pg= 0.900 ids= 489 TEE1=-0.862 TEE2=-0.946 TEE3=-0.957  TEE4=-0.965
rank= 16 Lx=Ly=22 pg= 0.820 ids= 400 TEE1=-0.564 TEE2=-0.626 TEE3=-0.593  TEE4=-0.548
rank= 81 Lx=Ly=22 pg= 0.820 ids= 465 TEE1=-0.591 TEE2=-0.589 TEE3=-0.527  TEE4=-0.397
rank= 85 Lx=Ly=22 pg= 0.820 ids= 469 TEE1=-0.638 TEE2=-0.665 TEE3=-0.593  TEE4=-0.483
rank= 84 Lx=Ly=22 pg= 0.810 ids= 468 TEE1=-0.527 TEE2=-0.517 TEE3=-0.419  TEE4=-0.252
rank= 82 Lx=Ly=22 pg= 0.820 ids= 466 TEE1=-0.479 TEE2=-0.461 TEE3=-0.390  TEE4=-0.258
rank= 31 Lx=Ly=22 pg= 0.830 ids= 415 TEE1=-0.632 TEE2=-0.653 TEE3=-0.591  TEE4=-0.548
rank= 54 Lx=Ly=22 pg= 0.820 ids= 438 TEE1=-0.533 TEE2=-0.548 TEE3=-0.448  TEE4=-0.258
rank= 67 Lx=Ly=22 pg= 0.840 ids= 451 TEE1=-0.686 TEE2=-0.729 TEE3=-0.690  TEE4=-0.661
rank=111 Lx=Ly=22 pg= 0.900 ids= 495 TEE1=-0.829 TEE2=-0.926 TEE3=-0.924  TEE4=-0.955
rank= 42 Lx=Ly=22 pg= 0.840 ids= 426 TEE1=-0.649 TEE2=-0.733 TEE3=-0.702  TEE4=-0.647
rank= 30 Lx=Ly=22 pg= 0.830 ids= 414 TEE1=-0.696 TEE2=-0.793 TEE3=-0.767  TEE4=-0.727
rank= 21 Lx=Ly=22 pg= 0.820 ids= 405 TEE1=-0.651 TEE2=-0.634 TEE3=-0.579  TEE4=-0.541
rank= 22 Lx=Ly=22 pg= 0.820 ids= 406 TEE1=-0.589 TEE2=-0.671 TEE3=-0.676  TEE4=-0.624
rank= 34 Lx=Ly=22 pg= 0.830 ids= 418 TEE1=-0.657 TEE2=-0.717 TEE3=-0.692  TEE4=-0.634
rank= 27 Lx=Ly=22 pg= 0.830 ids= 411 TEE1=-0.643 TEE2=-0.740 TEE3=-0.715  TEE4=-0.655
rank=109 Lx=Ly=22 pg= 0.900 ids= 493 TEE1=-0.812 TEE2=-0.913 TEE3=-0.913  TEE4=-0.930
rank= 40 Lx=Ly=22 pg= 0.840 ids= 424 TEE1=-0.680 TEE2=-0.742 TEE3=-0.721  TEE4=-0.686
rank= 10 Lx=Ly=22 pg= 0.840 ids= 394 TEE1=-0.618 TEE2=-0.678 TEE3=-0.649  TEE4=-0.574
rank=  2 Lx=Ly=22 pg= 0.840 ids= 386 TEE1=-0.740 TEE2=-0.824 TEE3=-0.814  TEE4=-0.789
rank= 93 Lx=Ly=22 pg= 0.820 ids= 477 TEE1=-0.545 TEE2=-0.552 TEE3=-0.477  TEE4=-0.382
rank= 36 Lx=Ly=22 pg= 0.830 ids= 420 TEE1=-0.622 TEE2=-0.736 TEE3=-0.707  TEE4=-0.692
rank= 11 Lx=Ly=22 pg= 0.840 ids= 395 TEE1=-0.622 TEE2=-0.775 TEE3=-0.750  TEE4=-0.680
rank= 70 Lx=Ly=22 pg= 0.820 ids= 454 TEE1=-0.610 TEE2=-0.647 TEE3=-0.589  TEE4=-0.455
rank= 83 Lx=Ly=22 pg= 0.830 ids= 467 TEE1=-0.640 TEE2=-0.731 TEE3=-0.723  TEE4=-0.682
rank=  1 Lx=Ly=22 pg= 0.840 ids= 385 TEE1=-0.595 TEE2=-0.684 TEE3=-0.630  TEE4=-0.531
rank= 48 Lx=Ly=22 pg= 0.830 ids= 432 TEE1=-0.560 TEE2=-0.585 TEE3=-0.543  TEE4=-0.415
rank= 44 Lx=Ly=22 pg= 0.840 ids= 428 TEE1=-0.603 TEE2=-0.645 TEE3=-0.585  TEE4=-0.481
rank= 41 Lx=Ly=22 pg= 0.840 ids= 425 TEE1=-0.574 TEE2=-0.647 TEE3=-0.601  TEE4=-0.500
rank= 29 Lx=Ly=22 pg= 0.830 ids= 413 TEE1=-0.702 TEE2=-0.754 TEE3=-0.711  TEE4=-0.705
rank= 46 Lx=Ly=22 pg= 0.840 ids= 430 TEE1=-0.705 TEE2=-0.791 TEE3=-0.783  TEE4=-0.719
rank= 75 Lx=Ly=22 pg= 0.830 ids= 459 TEE1=-0.636 TEE2=-0.705 TEE3=-0.674  TEE4=-0.599
rank=  7 Lx=Ly=22 pg= 0.840 ids= 391 TEE1=-0.574 TEE2=-0.556 TEE3=-0.531  TEE4=-0.455
rank= 91 Lx=Ly=22 pg= 0.820 ids= 475 TEE1=-0.535 TEE2=-0.583 TEE3=-0.500  TEE4=-0.386
rank= 57 Lx=Ly=22 pg= 0.830 ids= 441 TEE1=-0.643 TEE2=-0.711 TEE3=-0.696  TEE4=-0.632
rank=  5 Lx=Ly=22 pg= 0.840 ids= 389 TEE1=-0.707 TEE2=-0.779 TEE3=-0.756  TEE4=-0.729
rank= 64 Lx=Ly=22 pg= 0.830 ids= 448 TEE1=-0.523 TEE2=-0.566 TEE3=-0.504  TEE4=-0.457
rank= 26 Lx=Ly=22 pg= 0.830 ids= 410 TEE1=-0.634 TEE2=-0.678 TEE3=-0.612  TEE4=-0.512
rank= 92 Lx=Ly=22 pg= 0.810 ids= 476 TEE1=-0.424 TEE2=-0.395 TEE3=-0.310  TEE4=-0.149
rank= 90 Lx=Ly=22 pg= 0.810 ids= 474 TEE1=-0.452 TEE2=-0.421 TEE3=-0.341  TEE4=-0.126
rank= 37 Lx=Ly=22 pg= 0.840 ids= 421 TEE1=-0.665 TEE2=-0.723 TEE3=-0.676  TEE4=-0.634
rank= 15 Lx=Ly=22 pg= 0.840 ids= 399 TEE1=-0.700 TEE2=-0.779 TEE3=-0.758  TEE4=-0.729
rank= 76 Lx=Ly=22 pg= 0.820 ids= 460 TEE1=-0.508 TEE2=-0.467 TEE3=-0.415  TEE4=-0.281
rank= 33 Lx=Ly=22 pg= 0.840 ids= 417 TEE1=-0.591 TEE2=-0.638 TEE3=-0.603  TEE4=-0.512
rank=  3 Lx=Ly=22 pg= 0.850 ids= 387 TEE1=-0.669 TEE2=-0.733 TEE3=-0.731  TEE4=-0.717
rank= 72 Lx=Ly=22 pg= 0.820 ids= 456 TEE1=-0.562 TEE2=-0.605 TEE3=-0.545  TEE4=-0.477
rank= 18 Lx=Ly=22 pg= 0.820 ids= 402 TEE1=-0.597 TEE2=-0.649 TEE3=-0.616  TEE4=-0.548
rank= 39 Lx=Ly=22 pg= 0.840 ids= 423 TEE1=-0.700 TEE2=-0.742 TEE3=-0.696  TEE4=-0.607
rank= 74 Lx=Ly=22 pg= 0.830 ids= 458 TEE1=-0.624 TEE2=-0.653 TEE3=-0.585  TEE4=-0.510
rank= 56 Lx=Ly=22 pg= 0.830 ids= 440 TEE1=-0.564 TEE2=-0.603 TEE3=-0.570  TEE4=-0.541
rank= 24 Lx=Ly=22 pg= 0.830 ids= 408 TEE1=-0.643 TEE2=-0.678 TEE3=-0.651  TEE4=-0.570
rank= 71 Lx=Ly=22 pg= 0.840 ids= 455 TEE1=-0.636 TEE2=-0.721 TEE3=-0.686  TEE4=-0.632
rank= 50 Lx=Ly=22 pg= 0.830 ids= 434 TEE1=-0.576 TEE2=-0.634 TEE3=-0.589  TEE4=-0.519
rank= 55 Lx=Ly=22 pg= 0.830 ids= 439 TEE1=-0.659 TEE2=-0.742 TEE3=-0.709  TEE4=-0.671
rank= 69 Lx=Ly=22 pg= 0.840 ids= 453 TEE1=-0.581 TEE2=-0.674 TEE3=-0.684  TEE4=-0.676
rank=  6 Lx=Ly=22 pg= 0.840 ids= 390 TEE1=-0.612 TEE2=-0.696 TEE3=-0.690  TEE4=-0.682
rank= 58 Lx=Ly=22 pg= 0.830 ids= 442 TEE1=-0.556 TEE2=-0.595 TEE3=-0.554  TEE4=-0.465
rank= 73 Lx=Ly=22 pg= 0.830 ids= 457 TEE1=-0.581 TEE2=-0.599 TEE3=-0.556  TEE4=-0.459
rank= 87 Lx=Ly=22 pg= 0.830 ids= 471 TEE1=-0.603 TEE2=-0.674 TEE3=-0.655  TEE4=-0.562
rank= 59 Lx=Ly=22 pg= 0.830 ids= 443 TEE1=-0.560 TEE2=-0.593 TEE3=-0.556  TEE4=-0.496
rank= 53 Lx=Ly=22 pg= 0.830 ids= 437 TEE1=-0.591 TEE2=-0.643 TEE3=-0.593  TEE4=-0.490
rank= 47 Lx=Ly=22 pg= 0.840 ids= 431 TEE1=-0.690 TEE2=-0.769 TEE3=-0.719  TEE4=-0.686
rank= 43 Lx=Ly=22 pg= 0.840 ids= 427 TEE1=-0.707 TEE2=-0.748 TEE3=-0.736  TEE4=-0.680
rank= 28 Lx=Ly=22 pg= 0.830 ids= 412 TEE1=-0.585 TEE2=-0.653 TEE3=-0.626  TEE4=-0.519
rank= 25 Lx=Ly=22 pg= 0.840 ids= 409 TEE1=-0.645 TEE2=-0.744 TEE3=-0.731  TEE4=-0.669
rank= 51 Lx=Ly=22 pg= 0.840 ids= 435 TEE1=-0.696 TEE2=-0.783 TEE3=-0.771  TEE4=-0.754
rank= 95 Lx=Ly=22 pg= 0.820 ids= 479 TEE1=-0.610 TEE2=-0.630 TEE3=-0.585  TEE4=-0.500
rank= 66 Lx=Ly=22 pg= 0.830 ids= 450 TEE1=-0.599 TEE2=-0.655 TEE3=-0.597  TEE4=-0.500
rank= 62 Lx=Ly=22 pg= 0.830 ids= 446 TEE1=-0.659 TEE2=-0.715 TEE3=-0.682  TEE4=-0.624
rank= 52 Lx=Ly=22 pg= 0.830 ids= 436 TEE1=-0.601 TEE2=-0.653 TEE3=-0.599  TEE4=-0.508
rank= 12 Lx=Ly=22 pg= 0.850 ids= 396 TEE1=-0.684 TEE2=-0.767 TEE3=-0.746  TEE4=-0.682
rank= 35 Lx=Ly=22 pg= 0.850 ids= 419 TEE1=-0.671 TEE2=-0.779 TEE3=-0.781  TEE4=-0.738
rank=  9 Lx=Ly=22 pg= 0.840 ids= 393 TEE1=-0.653 TEE2=-0.762 TEE3=-0.752  TEE4=-0.707
rank= 20 Lx=Ly=22 pg= 0.830 ids= 404 TEE1=-0.562 TEE2=-0.591 TEE3=-0.537  TEE4=-0.432
rank= 13 Lx=Ly=22 pg= 0.840 ids= 397 TEE1=-0.725 TEE2=-0.814 TEE3=-0.793  TEE4=-0.750
rank= 38 Lx=Ly=22 pg= 0.840 ids= 422 TEE1=-0.620 TEE2=-0.688 TEE3=-0.674  TEE4=-0.593
rank= 78 Lx=Ly=22 pg= 0.830 ids= 462 TEE1=-0.579 TEE2=-0.620 TEE3=-0.610  TEE4=-0.523
rank= 60 Lx=Ly=22 pg= 0.830 ids= 444 TEE1=-0.634 TEE2=-0.694 TEE3=-0.667  TEE4=-0.622
rank= 89 Lx=Ly=22 pg= 0.830 ids= 473 TEE1=-0.640 TEE2=-0.698 TEE3=-0.674  TEE4=-0.620
rank= 19 Lx=Ly=22 pg= 0.830 ids= 403 TEE1=-0.607 TEE2=-0.661 TEE3=-0.649  TEE4=-0.581
rank=  8 Lx=Ly=22 pg= 0.850 ids= 392 TEE1=-0.690 TEE2=-0.779 TEE3=-0.750  TEE4=-0.760
rank= 14 Lx=Ly=22 pg= 0.850 ids= 398 TEE1=-0.643 TEE2=-0.740 TEE3=-0.729  TEE4=-0.694
rank= 63 Lx=Ly=22 pg= 0.830 ids= 447 TEE1=-0.636 TEE2=-0.723 TEE3=-0.713  TEE4=-0.719
rank=  4 Lx=Ly=22 pg= 0.840 ids= 388 TEE1=-0.612 TEE2=-0.709 TEE3=-0.667  TEE4=-0.649
rank= 23 Lx=Ly=22 pg= 0.830 ids= 407 TEE1=-0.612 TEE2=-0.626 TEE3=-0.545  TEE4=-0.457
rank= 94 Lx=Ly=22 pg= 0.820 ids= 478 TEE1=-0.539 TEE2=-0.508 TEE3=-0.409  TEE4=-0.262
rank= 49 Lx=Ly=22 pg= 0.840 ids= 433 TEE1=-0.630 TEE2=-0.678 TEE3=-0.663  TEE4=-0.589
rank= 65 Lx=Ly=22 pg= 0.850 ids= 449 TEE1=-0.740 TEE2=-0.847 TEE3=-0.843  TEE4=-0.847
rank= 32 Lx=Ly=22 pg= 0.840 ids= 416 TEE1=-0.667 TEE2=-0.760 TEE3=-0.750  TEE4=-0.678
rank= 17 Lx=Ly=22 pg= 0.830 ids= 401 TEE1=-0.657 TEE2=-0.711 TEE3=-0.684  TEE4=-0.593
rank= 45 Lx=Ly=22 pg= 0.850 ids= 429 TEE1=-0.723 TEE2=-0.837 TEE3=-0.812  TEE4=-0.802
rank= 80 Lx=Ly=22 pg= 0.820 ids= 464 TEE1=-0.523 TEE2=-0.552 TEE3=-0.444  TEE4=-0.240
rank= 79 Lx=Ly=22 pg= 0.830 ids= 463 TEE1=-0.603 TEE2=-0.626 TEE3=-0.576  TEE4=-0.500
rank= 61 Lx=Ly=22 pg= 0.830 ids= 445 TEE1=-0.667 TEE2=-0.752 TEE3=-0.746  TEE4=-0.742
rank= 77 Lx=Ly=22 pg= 0.830 ids= 461 TEE1=-0.593 TEE2=-0.574 TEE3=-0.527  TEE4=-0.432
rank=  0 Lx=Ly=22 pg= 0.840 ids= 384 TEE1=-0.630 TEE2=-0.707 TEE3=-0.671  TEE4=-0.591
rank= 88 Lx=Ly=22 pg= 0.820 ids= 472 TEE1=-0.665 TEE2=-0.723 TEE3=-0.671  TEE4=-0.576
rank= 86 Lx=Ly=22 pg= 0.820 ids= 470 TEE1=-0.512 TEE2=-0.599 TEE3=-0.560  TEE4=-0.428
rank= 68 Lx=Ly=22 pg= 0.830 ids= 452 TEE1=-0.566 TEE2=-0.572 TEE3=-0.533  TEE4=-0.407
rank= 16 Lx=Ly=22 pg= 0.830 ids= 400 TEE1=-0.514 TEE2=-0.533 TEE3=-0.496  TEE4=-0.409
rank= 81 Lx=Ly=22 pg= 0.830 ids= 465 TEE1=-0.572 TEE2=-0.605 TEE3=-0.543  TEE4=-0.424
rank= 85 Lx=Ly=22 pg= 0.830 ids= 469 TEE1=-0.587 TEE2=-0.665 TEE3=-0.618  TEE4=-0.533
rank= 67 Lx=Ly=22 pg= 0.850 ids= 451 TEE1=-0.752 TEE2=-0.837 TEE3=-0.831  TEE4=-0.833
rank= 84 Lx=Ly=22 pg= 0.820 ids= 468 TEE1=-0.579 TEE2=-0.607 TEE3=-0.556  TEE4=-0.463
rank= 31 Lx=Ly=22 pg= 0.840 ids= 415 TEE1=-0.669 TEE2=-0.787 TEE3=-0.775  TEE4=-0.767
rank= 82 Lx=Ly=22 pg= 0.830 ids= 466 TEE1=-0.556 TEE2=-0.537 TEE3=-0.469  TEE4=-0.382
rank= 54 Lx=Ly=22 pg= 0.830 ids= 438 TEE1=-0.667 TEE2=-0.775 TEE3=-0.752  TEE4=-0.707
rank= 42 Lx=Ly=22 pg= 0.850 ids= 426 TEE1=-0.651 TEE2=-0.705 TEE3=-0.682  TEE4=-0.579
rank= 30 Lx=Ly=22 pg= 0.840 ids= 414 TEE1=-0.607 TEE2=-0.655 TEE3=-0.614  TEE4=-0.498
rank= 21 Lx=Ly=22 pg= 0.830 ids= 405 TEE1=-0.583 TEE2=-0.610 TEE3=-0.583  TEE4=-0.434
rank= 34 Lx=Ly=22 pg= 0.840 ids= 418 TEE1=-0.640 TEE2=-0.680 TEE3=-0.634  TEE4=-0.510
rank= 22 Lx=Ly=22 pg= 0.830 ids= 406 TEE1=-0.647 TEE2=-0.725 TEE3=-0.682  TEE4=-0.601
rank= 27 Lx=Ly=22 pg= 0.840 ids= 411 TEE1=-0.614 TEE2=-0.632 TEE3=-0.603  TEE4=-0.486
rank= 40 Lx=Ly=22 pg= 0.850 ids= 424 TEE1=-0.702 TEE2=-0.767 TEE3=-0.750  TEE4=-0.756
rank=  2 Lx=Ly=22 pg= 0.850 ids= 386 TEE1=-0.723 TEE2=-0.812 TEE3=-0.804  TEE4=-0.744
rank= 10 Lx=Ly=22 pg= 0.850 ids= 394 TEE1=-0.680 TEE2=-0.800 TEE3=-0.793  TEE4=-0.738
rank= 11 Lx=Ly=22 pg= 0.850 ids= 395 TEE1=-0.669 TEE2=-0.733 TEE3=-0.690  TEE4=-0.659
rank= 93 Lx=Ly=22 pg= 0.830 ids= 477 TEE1=-0.667 TEE2=-0.717 TEE3=-0.707  TEE4=-0.651
rank= 36 Lx=Ly=22 pg= 0.840 ids= 420 TEE1=-0.682 TEE2=-0.754 TEE3=-0.736  TEE4=-0.731
rank= 83 Lx=Ly=22 pg= 0.840 ids= 467 TEE1=-0.645 TEE2=-0.682 TEE3=-0.661  TEE4=-0.616
rank= 70 Lx=Ly=22 pg= 0.830 ids= 454 TEE1=-0.579 TEE2=-0.583 TEE3=-0.548  TEE4=-0.521
rank=  1 Lx=Ly=22 pg= 0.850 ids= 385 TEE1=-0.663 TEE2=-0.744 TEE3=-0.725  TEE4=-0.721
rank= 41 Lx=Ly=22 pg= 0.850 ids= 425 TEE1=-0.674 TEE2=-0.789 TEE3=-0.775  TEE4=-0.808
rank= 48 Lx=Ly=22 pg= 0.840 ids= 432 TEE1=-0.711 TEE2=-0.777 TEE3=-0.748  TEE4=-0.707
rank= 44 Lx=Ly=22 pg= 0.850 ids= 428 TEE1=-0.667 TEE2=-0.736 TEE3=-0.719  TEE4=-0.696
rank= 29 Lx=Ly=22 pg= 0.840 ids= 413 TEE1=-0.705 TEE2=-0.754 TEE3=-0.725  TEE4=-0.680
rank= 46 Lx=Ly=22 pg= 0.850 ids= 430 TEE1=-0.711 TEE2=-0.812 TEE3=-0.808  TEE4=-0.754
rank=  7 Lx=Ly=22 pg= 0.850 ids= 391 TEE1=-0.698 TEE2=-0.785 TEE3=-0.769  TEE4=-0.767
rank= 75 Lx=Ly=22 pg= 0.840 ids= 459 TEE1=-0.661 TEE2=-0.744 TEE3=-0.748  TEE4=-0.719
rank= 57 Lx=Ly=22 pg= 0.840 ids= 441 TEE1=-0.694 TEE2=-0.742 TEE3=-0.717  TEE4=-0.628
rank= 91 Lx=Ly=22 pg= 0.830 ids= 475 TEE1=-0.581 TEE2=-0.593 TEE3=-0.548  TEE4=-0.457
rank=  5 Lx=Ly=22 pg= 0.850 ids= 389 TEE1=-0.694 TEE2=-0.738 TEE3=-0.717  TEE4=-0.640
rank= 64 Lx=Ly=22 pg= 0.840 ids= 448 TEE1=-0.665 TEE2=-0.750 TEE3=-0.742  TEE4=-0.719
rank= 26 Lx=Ly=22 pg= 0.840 ids= 410 TEE1=-0.651 TEE2=-0.750 TEE3=-0.744  TEE4=-0.769
rank= 92 Lx=Ly=22 pg= 0.820 ids= 476 TEE1=-0.572 TEE2=-0.597 TEE3=-0.508  TEE4=-0.370
rank= 90 Lx=Ly=22 pg= 0.820 ids= 474 TEE1=-0.572 TEE2=-0.583 TEE3=-0.498  TEE4=-0.362
rank= 37 Lx=Ly=22 pg= 0.850 ids= 421 TEE1=-0.655 TEE2=-0.705 TEE3=-0.678  TEE4=-0.595
rank= 15 Lx=Ly=22 pg= 0.850 ids= 399 TEE1=-0.603 TEE2=-0.692 TEE3=-0.657  TEE4=-0.529
rank=  3 Lx=Ly=22 pg= 0.860 ids= 387 TEE1=-0.692 TEE2=-0.742 TEE3=-0.709  TEE4=-0.659
rank= 33 Lx=Ly=22 pg= 0.850 ids= 417 TEE1=-0.702 TEE2=-0.798 TEE3=-0.771  TEE4=-0.742
rank= 76 Lx=Ly=22 pg= 0.830 ids= 460 TEE1=-0.674 TEE2=-0.777 TEE3=-0.742  TEE4=-0.750
rank= 39 Lx=Ly=22 pg= 0.850 ids= 423 TEE1=-0.742 TEE2=-0.833 TEE3=-0.808  TEE4=-0.787
rank= 72 Lx=Ly=22 pg= 0.830 ids= 456 TEE1=-0.610 TEE2=-0.665 TEE3=-0.614  TEE4=-0.562
rank= 18 Lx=Ly=22 pg= 0.830 ids= 402 TEE1=-0.585 TEE2=-0.682 TEE3=-0.647  TEE4=-0.568
rank= 74 Lx=Ly=22 pg= 0.840 ids= 458 TEE1=-0.535 TEE2=-0.626 TEE3=-0.587  TEE4=-0.533
rank= 71 Lx=Ly=22 pg= 0.850 ids= 455 TEE1=-0.719 TEE2=-0.773 TEE3=-0.738  TEE4=-0.700
rank= 56 Lx=Ly=22 pg= 0.840 ids= 440 TEE1=-0.696 TEE2=-0.775 TEE3=-0.771  TEE4=-0.746
rank= 24 Lx=Ly=22 pg= 0.840 ids= 408 TEE1=-0.593 TEE2=-0.626 TEE3=-0.599  TEE4=-0.560
rank= 50 Lx=Ly=22 pg= 0.840 ids= 434 TEE1=-0.599 TEE2=-0.680 TEE3=-0.645  TEE4=-0.574
rank=  6 Lx=Ly=22 pg= 0.850 ids= 390 TEE1=-0.684 TEE2=-0.754 TEE3=-0.742  TEE4=-0.707
rank= 69 Lx=Ly=22 pg= 0.850 ids= 453 TEE1=-0.647 TEE2=-0.729 TEE3=-0.696  TEE4=-0.649
rank= 55 Lx=Ly=22 pg= 0.840 ids= 439 TEE1=-0.651 TEE2=-0.736 TEE3=-0.694  TEE4=-0.674
rank= 73 Lx=Ly=22 pg= 0.840 ids= 457 TEE1=-0.647 TEE2=-0.686 TEE3=-0.651  TEE4=-0.593
rank= 58 Lx=Ly=22 pg= 0.840 ids= 442 TEE1=-0.651 TEE2=-0.674 TEE3=-0.640  TEE4=-0.581
rank= 59 Lx=Ly=22 pg= 0.840 ids= 443 TEE1=-0.523 TEE2=-0.560 TEE3=-0.525  TEE4=-0.368
rank= 87 Lx=Ly=22 pg= 0.840 ids= 471 TEE1=-0.661 TEE2=-0.742 TEE3=-0.736  TEE4=-0.760
rank= 47 Lx=Ly=22 pg= 0.850 ids= 431 TEE1=-0.717 TEE2=-0.829 TEE3=-0.818  TEE4=-0.816
rank= 53 Lx=Ly=22 pg= 0.840 ids= 437 TEE1=-0.581 TEE2=-0.628 TEE3=-0.591  TEE4=-0.500
rank= 43 Lx=Ly=22 pg= 0.850 ids= 427 TEE1=-0.688 TEE2=-0.779 TEE3=-0.760  TEE4=-0.694
rank= 28 Lx=Ly=22 pg= 0.840 ids= 412 TEE1=-0.669 TEE2=-0.746 TEE3=-0.729  TEE4=-0.711
rank= 25 Lx=Ly=22 pg= 0.850 ids= 409 TEE1=-0.663 TEE2=-0.756 TEE3=-0.758  TEE4=-0.725
rank= 51 Lx=Ly=22 pg= 0.850 ids= 435 TEE1=-0.707 TEE2=-0.831 TEE3=-0.798  TEE4=-0.738
rank= 95 Lx=Ly=22 pg= 0.830 ids= 479 TEE1=-0.655 TEE2=-0.744 TEE3=-0.738  TEE4=-0.682
rank= 66 Lx=Ly=22 pg= 0.840 ids= 450 TEE1=-0.655 TEE2=-0.752 TEE3=-0.731  TEE4=-0.649
rank= 52 Lx=Ly=22 pg= 0.840 ids= 436 TEE1=-0.694 TEE2=-0.746 TEE3=-0.721  TEE4=-0.684
rank= 12 Lx=Ly=22 pg= 0.860 ids= 396 TEE1=-0.760 TEE2=-0.862 TEE3=-0.847  TEE4=-0.860
rank= 62 Lx=Ly=22 pg= 0.840 ids= 446 TEE1=-0.653 TEE2=-0.727 TEE3=-0.680  TEE4=-0.548
rank= 35 Lx=Ly=22 pg= 0.860 ids= 419 TEE1=-0.709 TEE2=-0.808 TEE3=-0.820  TEE4=-0.783
rank=  9 Lx=Ly=22 pg= 0.850 ids= 393 TEE1=-0.769 TEE2=-0.855 TEE3=-0.849  TEE4=-0.841
rank= 20 Lx=Ly=22 pg= 0.840 ids= 404 TEE1=-0.694 TEE2=-0.771 TEE3=-0.756  TEE4=-0.731
rank= 38 Lx=Ly=22 pg= 0.850 ids= 422 TEE1=-0.750 TEE2=-0.874 TEE3=-0.870  TEE4=-0.862
rank= 13 Lx=Ly=22 pg= 0.850 ids= 397 TEE1=-0.655 TEE2=-0.676 TEE3=-0.657  TEE4=-0.597
rank= 78 Lx=Ly=22 pg= 0.840 ids= 462 TEE1=-0.595 TEE2=-0.612 TEE3=-0.531  TEE4=-0.415
rank= 60 Lx=Ly=22 pg= 0.840 ids= 444 TEE1=-0.665 TEE2=-0.742 TEE3=-0.725  TEE4=-0.653
rank= 89 Lx=Ly=22 pg= 0.840 ids= 473 TEE1=-0.649 TEE2=-0.684 TEE3=-0.640  TEE4=-0.539
rank=  8 Lx=Ly=22 pg= 0.860 ids= 392 TEE1=-0.686 TEE2=-0.775 TEE3=-0.754  TEE4=-0.723
rank= 19 Lx=Ly=22 pg= 0.840 ids= 403 TEE1=-0.674 TEE2=-0.748 TEE3=-0.707  TEE4=-0.620
rank= 14 Lx=Ly=22 pg= 0.860 ids= 398 TEE1=-0.727 TEE2=-0.845 TEE3=-0.851  TEE4=-0.841
rank= 63 Lx=Ly=22 pg= 0.840 ids= 447 TEE1=-0.614 TEE2=-0.632 TEE3=-0.589  TEE4=-0.512
rank=  4 Lx=Ly=22 pg= 0.850 ids= 388 TEE1=-0.587 TEE2=-0.665 TEE3=-0.651  TEE4=-0.607
rank= 49 Lx=Ly=22 pg= 0.850 ids= 433 TEE1=-0.690 TEE2=-0.773 TEE3=-0.754  TEE4=-0.748
rank= 23 Lx=Ly=22 pg= 0.840 ids= 407 TEE1=-0.636 TEE2=-0.723 TEE3=-0.709  TEE4=-0.680
rank= 94 Lx=Ly=22 pg= 0.830 ids= 478 TEE1=-0.634 TEE2=-0.694 TEE3=-0.665  TEE4=-0.597
rank= 65 Lx=Ly=22 pg= 0.860 ids= 449 TEE1=-0.746 TEE2=-0.841 TEE3=-0.835  TEE4=-0.866
rank= 32 Lx=Ly=22 pg= 0.850 ids= 416 TEE1=-0.719 TEE2=-0.785 TEE3=-0.756  TEE4=-0.713
rank= 45 Lx=Ly=22 pg= 0.860 ids= 429 TEE1=-0.717 TEE2=-0.824 TEE3=-0.816  TEE4=-0.835
rank= 17 Lx=Ly=22 pg= 0.840 ids= 401 TEE1=-0.669 TEE2=-0.762 TEE3=-0.756  TEE4=-0.721
rank= 79 Lx=Ly=22 pg= 0.840 ids= 463 TEE1=-0.618 TEE2=-0.717 TEE3=-0.686  TEE4=-0.576
rank= 80 Lx=Ly=22 pg= 0.830 ids= 464 TEE1=-0.665 TEE2=-0.742 TEE3=-0.729  TEE4=-0.647
rank= 61 Lx=Ly=22 pg= 0.840 ids= 445 TEE1=-0.653 TEE2=-0.727 TEE3=-0.715  TEE4=-0.686
rank=  0 Lx=Ly=22 pg= 0.850 ids= 384 TEE1=-0.696 TEE2=-0.777 TEE3=-0.748  TEE4=-0.709
rank= 77 Lx=Ly=22 pg= 0.840 ids= 461 TEE1=-0.630 TEE2=-0.729 TEE3=-0.707  TEE4=-0.696
rank= 68 Lx=Ly=22 pg= 0.840 ids= 452 TEE1=-0.684 TEE2=-0.773 TEE3=-0.748  TEE4=-0.754
rank= 88 Lx=Ly=22 pg= 0.830 ids= 472 TEE1=-0.630 TEE2=-0.711 TEE3=-0.688  TEE4=-0.589
rank= 16 Lx=Ly=22 pg= 0.840 ids= 400 TEE1=-0.632 TEE2=-0.709 TEE3=-0.674  TEE4=-0.616
rank= 86 Lx=Ly=22 pg= 0.830 ids= 470 TEE1=-0.572 TEE2=-0.587 TEE3=-0.512  TEE4=-0.407
rank= 67 Lx=Ly=22 pg= 0.860 ids= 451 TEE1=-0.702 TEE2=-0.789 TEE3=-0.789  TEE4=-0.773
rank= 81 Lx=Ly=22 pg= 0.840 ids= 465 TEE1=-0.674 TEE2=-0.688 TEE3=-0.616  TEE4=-0.488
rank= 85 Lx=Ly=22 pg= 0.840 ids= 469 TEE1=-0.630 TEE2=-0.655 TEE3=-0.634  TEE4=-0.545
rank= 42 Lx=Ly=22 pg= 0.860 ids= 426 TEE1=-0.748 TEE2=-0.884 TEE3=-0.882  TEE4=-0.882
rank= 31 Lx=Ly=22 pg= 0.850 ids= 415 TEE1=-0.640 TEE2=-0.707 TEE3=-0.705  TEE4=-0.715
rank= 84 Lx=Ly=22 pg= 0.830 ids= 468 TEE1=-0.612 TEE2=-0.632 TEE3=-0.560  TEE4=-0.428
rank= 82 Lx=Ly=22 pg= 0.840 ids= 466 TEE1=-0.640 TEE2=-0.700 TEE3=-0.657  TEE4=-0.587
rank= 54 Lx=Ly=22 pg= 0.840 ids= 438 TEE1=-0.616 TEE2=-0.663 TEE3=-0.620  TEE4=-0.541
rank= 30 Lx=Ly=22 pg= 0.850 ids= 414 TEE1=-0.700 TEE2=-0.779 TEE3=-0.773  TEE4=-0.787
rank= 21 Lx=Ly=22 pg= 0.840 ids= 405 TEE1=-0.719 TEE2=-0.762 TEE3=-0.756  TEE4=-0.729
rank= 34 Lx=Ly=22 pg= 0.850 ids= 418 TEE1=-0.674 TEE2=-0.758 TEE3=-0.717  TEE4=-0.688
rank= 40 Lx=Ly=22 pg= 0.860 ids= 424 TEE1=-0.725 TEE2=-0.849 TEE3=-0.855  TEE4=-0.866
rank= 22 Lx=Ly=22 pg= 0.840 ids= 406 TEE1=-0.632 TEE2=-0.709 TEE3=-0.690  TEE4=-0.576
rank=  2 Lx=Ly=22 pg= 0.860 ids= 386 TEE1=-0.744 TEE2=-0.851 TEE3=-0.837  TEE4=-0.860
rank= 27 Lx=Ly=22 pg= 0.850 ids= 411 TEE1=-0.738 TEE2=-0.829 TEE3=-0.837  TEE4=-0.845
rank= 11 Lx=Ly=22 pg= 0.860 ids= 395 TEE1=-0.700 TEE2=-0.795 TEE3=-0.802  TEE4=-0.818
rank= 10 Lx=Ly=22 pg= 0.860 ids= 394 TEE1=-0.651 TEE2=-0.742 TEE3=-0.723  TEE4=-0.661
rank= 36 Lx=Ly=22 pg= 0.850 ids= 420 TEE1=-0.616 TEE2=-0.698 TEE3=-0.713  TEE4=-0.705
rank= 93 Lx=Ly=22 pg= 0.840 ids= 477 TEE1=-0.622 TEE2=-0.694 TEE3=-0.659  TEE4=-0.572
rank= 83 Lx=Ly=22 pg= 0.850 ids= 467 TEE1=-0.643 TEE2=-0.705 TEE3=-0.669  TEE4=-0.576
rank= 41 Lx=Ly=22 pg= 0.860 ids= 425 TEE1=-0.767 TEE2=-0.829 TEE3=-0.806  TEE4=-0.783
rank=  1 Lx=Ly=22 pg= 0.860 ids= 385 TEE1=-0.758 TEE2=-0.857 TEE3=-0.845  TEE4=-0.853
rank= 70 Lx=Ly=22 pg= 0.840 ids= 454 TEE1=-0.610 TEE2=-0.709 TEE3=-0.694  TEE4=-0.634
rank= 48 Lx=Ly=22 pg= 0.850 ids= 432 TEE1=-0.733 TEE2=-0.816 TEE3=-0.806  TEE4=-0.787
rank= 44 Lx=Ly=22 pg= 0.860 ids= 428 TEE1=-0.760 TEE2=-0.870 TEE3=-0.872  TEE4=-0.876
rank= 46 Lx=Ly=22 pg= 0.860 ids= 430 TEE1=-0.690 TEE2=-0.779 TEE3=-0.748  TEE4=-0.721
rank= 29 Lx=Ly=22 pg= 0.850 ids= 413 TEE1=-0.748 TEE2=-0.849 TEE3=-0.837  TEE4=-0.777
rank= 75 Lx=Ly=22 pg= 0.850 ids= 459 TEE1=-0.686 TEE2=-0.773 TEE3=-0.752  TEE4=-0.692
rank=  7 Lx=Ly=22 pg= 0.860 ids= 391 TEE1=-0.729 TEE2=-0.785 TEE3=-0.756  TEE4=-0.731
rank= 57 Lx=Ly=22 pg= 0.850 ids= 441 TEE1=-0.678 TEE2=-0.752 TEE3=-0.744  TEE4=-0.752
rank=  5 Lx=Ly=22 pg= 0.860 ids= 389 TEE1=-0.725 TEE2=-0.816 TEE3=-0.800  TEE4=-0.787
rank= 64 Lx=Ly=22 pg= 0.850 ids= 448 TEE1=-0.671 TEE2=-0.771 TEE3=-0.773  TEE4=-0.713
rank= 91 Lx=Ly=22 pg= 0.840 ids= 475 TEE1=-0.731 TEE2=-0.814 TEE3=-0.791  TEE4=-0.736
rank= 26 Lx=Ly=22 pg= 0.850 ids= 410 TEE1=-0.665 TEE2=-0.785 TEE3=-0.779  TEE4=-0.754
rank= 37 Lx=Ly=22 pg= 0.860 ids= 421 TEE1=-0.802 TEE2=-0.884 TEE3=-0.882  TEE4=-0.911
rank= 92 Lx=Ly=22 pg= 0.830 ids= 476 TEE1=-0.566 TEE2=-0.589 TEE3=-0.514  TEE4=-0.411
rank= 15 Lx=Ly=22 pg= 0.860 ids= 399 TEE1=-0.669 TEE2=-0.754 TEE3=-0.740  TEE4=-0.775
rank= 90 Lx=Ly=22 pg= 0.830 ids= 474 TEE1=-0.568 TEE2=-0.620 TEE3=-0.583  TEE4=-0.430
rank=  3 Lx=Ly=22 pg= 0.870 ids= 387 TEE1=-0.787 TEE2=-0.855 TEE3=-0.864  TEE4=-0.849
rank= 33 Lx=Ly=22 pg= 0.860 ids= 417 TEE1=-0.733 TEE2=-0.841 TEE3=-0.824  TEE4=-0.798
rank= 76 Lx=Ly=22 pg= 0.840 ids= 460 TEE1=-0.696 TEE2=-0.769 TEE3=-0.756  TEE4=-0.694
rank= 39 Lx=Ly=22 pg= 0.860 ids= 423 TEE1=-0.789 TEE2=-0.932 TEE3=-0.928  TEE4=-0.913
rank= 72 Lx=Ly=22 pg= 0.840 ids= 456 TEE1=-0.599 TEE2=-0.640 TEE3=-0.579  TEE4=-0.492
rank= 18 Lx=Ly=22 pg= 0.840 ids= 402 TEE1=-0.564 TEE2=-0.576 TEE3=-0.510  TEE4=-0.397
rank= 71 Lx=Ly=22 pg= 0.860 ids= 455 TEE1=-0.727 TEE2=-0.816 TEE3=-0.814  TEE4=-0.804
rank= 74 Lx=Ly=22 pg= 0.850 ids= 458 TEE1=-0.698 TEE2=-0.816 TEE3=-0.814  TEE4=-0.795
rank= 24 Lx=Ly=22 pg= 0.850 ids= 408 TEE1=-0.700 TEE2=-0.804 TEE3=-0.785  TEE4=-0.762
rank= 56 Lx=Ly=22 pg= 0.850 ids= 440 TEE1=-0.684 TEE2=-0.738 TEE3=-0.690  TEE4=-0.667
rank= 50 Lx=Ly=22 pg= 0.850 ids= 434 TEE1=-0.709 TEE2=-0.812 TEE3=-0.808  TEE4=-0.820
rank=  6 Lx=Ly=22 pg= 0.860 ids= 390 TEE1=-0.793 TEE2=-0.866 TEE3=-0.868  TEE4=-0.862
rank= 69 Lx=Ly=22 pg= 0.860 ids= 453 TEE1=-0.719 TEE2=-0.829 TEE3=-0.818  TEE4=-0.824
rank= 55 Lx=Ly=22 pg= 0.850 ids= 439 TEE1=-0.663 TEE2=-0.752 TEE3=-0.742  TEE4=-0.719
rank= 73 Lx=Ly=22 pg= 0.850 ids= 457 TEE1=-0.688 TEE2=-0.748 TEE3=-0.727  TEE4=-0.657
rank= 59 Lx=Ly=22 pg= 0.850 ids= 443 TEE1=-0.686 TEE2=-0.804 TEE3=-0.806  TEE4=-0.824
rank= 58 Lx=Ly=22 pg= 0.850 ids= 442 TEE1=-0.686 TEE2=-0.820 TEE3=-0.818  TEE4=-0.816
rank= 47 Lx=Ly=22 pg= 0.860 ids= 431 TEE1=-0.750 TEE2=-0.855 TEE3=-0.853  TEE4=-0.862
rank= 87 Lx=Ly=22 pg= 0.850 ids= 471 TEE1=-0.690 TEE2=-0.781 TEE3=-0.760  TEE4=-0.738
rank= 53 Lx=Ly=22 pg= 0.850 ids= 437 TEE1=-0.640 TEE2=-0.700 TEE3=-0.661  TEE4=-0.564
rank= 43 Lx=Ly=22 pg= 0.860 ids= 427 TEE1=-0.754 TEE2=-0.857 TEE3=-0.860  TEE4=-0.897
rank= 25 Lx=Ly=22 pg= 0.860 ids= 409 TEE1=-0.762 TEE2=-0.841 TEE3=-0.829  TEE4=-0.785
rank= 28 Lx=Ly=22 pg= 0.850 ids= 412 TEE1=-0.661 TEE2=-0.738 TEE3=-0.715  TEE4=-0.690
rank= 51 Lx=Ly=22 pg= 0.860 ids= 435 TEE1=-0.711 TEE2=-0.756 TEE3=-0.731  TEE4=-0.622
rank= 66 Lx=Ly=22 pg= 0.850 ids= 450 TEE1=-0.762 TEE2=-0.826 TEE3=-0.822  TEE4=-0.795
rank= 12 Lx=Ly=22 pg= 0.870 ids= 396 TEE1=-0.777 TEE2=-0.895 TEE3=-0.893  TEE4=-0.919
rank= 35 Lx=Ly=22 pg= 0.870 ids= 419 TEE1=-0.802 TEE2=-0.901 TEE3=-0.909  TEE4=-0.901
rank= 95 Lx=Ly=22 pg= 0.840 ids= 479 TEE1=-0.692 TEE2=-0.800 TEE3=-0.789  TEE4=-0.773
rank=  9 Lx=Ly=22 pg= 0.860 ids= 393 TEE1=-0.696 TEE2=-0.810 TEE3=-0.804  TEE4=-0.798
rank= 52 Lx=Ly=22 pg= 0.850 ids= 436 TEE1=-0.694 TEE2=-0.744 TEE3=-0.729  TEE4=-0.705
rank= 62 Lx=Ly=22 pg= 0.850 ids= 446 TEE1=-0.682 TEE2=-0.762 TEE3=-0.733  TEE4=-0.688
rank= 13 Lx=Ly=22 pg= 0.860 ids= 397 TEE1=-0.713 TEE2=-0.777 TEE3=-0.760  TEE4=-0.678
rank= 20 Lx=Ly=22 pg= 0.850 ids= 404 TEE1=-0.715 TEE2=-0.800 TEE3=-0.781  TEE4=-0.742
rank= 38 Lx=Ly=22 pg= 0.860 ids= 422 TEE1=-0.779 TEE2=-0.907 TEE3=-0.911  TEE4=-0.905
rank= 78 Lx=Ly=22 pg= 0.850 ids= 462 TEE1=-0.696 TEE2=-0.812 TEE3=-0.804  TEE4=-0.789
rank= 89 Lx=Ly=22 pg= 0.850 ids= 473 TEE1=-0.686 TEE2=-0.736 TEE3=-0.700  TEE4=-0.684
rank= 60 Lx=Ly=22 pg= 0.850 ids= 444 TEE1=-0.688 TEE2=-0.785 TEE3=-0.773  TEE4=-0.756
rank=  8 Lx=Ly=22 pg= 0.870 ids= 392 TEE1=-0.711 TEE2=-0.802 TEE3=-0.812  TEE4=-0.773
rank= 19 Lx=Ly=22 pg= 0.850 ids= 403 TEE1=-0.783 TEE2=-0.874 TEE3=-0.864  TEE4=-0.839
rank= 14 Lx=Ly=22 pg= 0.870 ids= 398 TEE1=-0.748 TEE2=-0.851 TEE3=-0.845  TEE4=-0.849
rank=  4 Lx=Ly=22 pg= 0.860 ids= 388 TEE1=-0.702 TEE2=-0.769 TEE3=-0.752  TEE4=-0.736
rank= 63 Lx=Ly=22 pg= 0.850 ids= 447 TEE1=-0.725 TEE2=-0.841 TEE3=-0.818  TEE4=-0.812
rank= 49 Lx=Ly=22 pg= 0.860 ids= 433 TEE1=-0.690 TEE2=-0.702 TEE3=-0.653  TEE4=-0.616
rank= 32 Lx=Ly=22 pg= 0.860 ids= 416 TEE1=-0.709 TEE2=-0.814 TEE3=-0.808  TEE4=-0.804
rank= 94 Lx=Ly=22 pg= 0.840 ids= 478 TEE1=-0.649 TEE2=-0.690 TEE3=-0.657  TEE4=-0.574
rank= 23 Lx=Ly=22 pg= 0.850 ids= 407 TEE1=-0.688 TEE2=-0.771 TEE3=-0.758  TEE4=-0.725
rank= 65 Lx=Ly=22 pg= 0.870 ids= 449 TEE1=-0.723 TEE2=-0.824 TEE3=-0.824  TEE4=-0.826
rank= 45 Lx=Ly=22 pg= 0.870 ids= 429 TEE1=-0.820 TEE2=-0.932 TEE3=-0.940  TEE4=-0.963
rank= 17 Lx=Ly=22 pg= 0.850 ids= 401 TEE1=-0.581 TEE2=-0.651 TEE3=-0.630  TEE4=-0.589
rank= 79 Lx=Ly=22 pg= 0.850 ids= 463 TEE1=-0.684 TEE2=-0.769 TEE3=-0.764  TEE4=-0.700
rank= 61 Lx=Ly=22 pg= 0.850 ids= 445 TEE1=-0.725 TEE2=-0.826 TEE3=-0.831  TEE4=-0.831
rank= 80 Lx=Ly=22 pg= 0.840 ids= 464 TEE1=-0.690 TEE2=-0.806 TEE3=-0.804  TEE4=-0.760
rank=  0 Lx=Ly=22 pg= 0.860 ids= 384 TEE1=-0.746 TEE2=-0.837 TEE3=-0.818  TEE4=-0.808
rank= 77 Lx=Ly=22 pg= 0.850 ids= 461 TEE1=-0.715 TEE2=-0.793 TEE3=-0.795  TEE4=-0.814
rank= 68 Lx=Ly=22 pg= 0.850 ids= 452 TEE1=-0.692 TEE2=-0.822 TEE3=-0.810  TEE4=-0.833
rank= 16 Lx=Ly=22 pg= 0.850 ids= 400 TEE1=-0.674 TEE2=-0.729 TEE3=-0.702  TEE4=-0.684
rank= 88 Lx=Ly=22 pg= 0.840 ids= 472 TEE1=-0.620 TEE2=-0.694 TEE3=-0.678  TEE4=-0.579
rank= 86 Lx=Ly=22 pg= 0.840 ids= 470 TEE1=-0.667 TEE2=-0.746 TEE3=-0.719  TEE4=-0.665
rank= 67 Lx=Ly=22 pg= 0.870 ids= 451 TEE1=-0.773 TEE2=-0.864 TEE3=-0.868  TEE4=-0.899
rank= 42 Lx=Ly=22 pg= 0.870 ids= 426 TEE1=-0.837 TEE2=-0.934 TEE3=-0.940  TEE4=-0.959
rank= 81 Lx=Ly=22 pg= 0.850 ids= 465 TEE1=-0.678 TEE2=-0.777 TEE3=-0.760  TEE4=-0.696
rank= 85 Lx=Ly=22 pg= 0.850 ids= 469 TEE1=-0.661 TEE2=-0.729 TEE3=-0.715  TEE4=-0.630
rank= 31 Lx=Ly=22 pg= 0.860 ids= 415 TEE1=-0.740 TEE2=-0.843 TEE3=-0.833  TEE4=-0.816
rank= 54 Lx=Ly=22 pg= 0.850 ids= 438 TEE1=-0.721 TEE2=-0.800 TEE3=-0.779  TEE4=-0.700
rank= 84 Lx=Ly=22 pg= 0.840 ids= 468 TEE1=-0.647 TEE2=-0.731 TEE3=-0.719  TEE4=-0.632
rank= 82 Lx=Ly=22 pg= 0.850 ids= 466 TEE1=-0.682 TEE2=-0.756 TEE3=-0.727  TEE4=-0.676
rank= 34 Lx=Ly=22 pg= 0.860 ids= 418 TEE1=-0.709 TEE2=-0.820 TEE3=-0.804  TEE4=-0.779
rank= 30 Lx=Ly=22 pg= 0.860 ids= 414 TEE1=-0.740 TEE2=-0.777 TEE3=-0.758  TEE4=-0.746
rank= 21 Lx=Ly=22 pg= 0.850 ids= 405 TEE1=-0.692 TEE2=-0.808 TEE3=-0.810  TEE4=-0.826
rank= 11 Lx=Ly=22 pg= 0.870 ids= 395 TEE1=-0.748 TEE2=-0.835 TEE3=-0.835  TEE4=-0.882
rank= 40 Lx=Ly=22 pg= 0.870 ids= 424 TEE1=-0.750 TEE2=-0.870 TEE3=-0.866  TEE4=-0.839
rank=  2 Lx=Ly=22 pg= 0.870 ids= 386 TEE1=-0.748 TEE2=-0.866 TEE3=-0.868  TEE4=-0.890
rank= 22 Lx=Ly=22 pg= 0.850 ids= 406 TEE1=-0.676 TEE2=-0.738 TEE3=-0.733  TEE4=-0.705
rank= 27 Lx=Ly=22 pg= 0.860 ids= 411 TEE1=-0.740 TEE2=-0.820 TEE3=-0.812  TEE4=-0.783
rank= 10 Lx=Ly=22 pg= 0.870 ids= 394 TEE1=-0.721 TEE2=-0.789 TEE3=-0.783  TEE4=-0.791
rank= 36 Lx=Ly=22 pg= 0.860 ids= 420 TEE1=-0.798 TEE2=-0.868 TEE3=-0.866  TEE4=-0.855
rank= 93 Lx=Ly=22 pg= 0.850 ids= 477 TEE1=-0.719 TEE2=-0.822 TEE3=-0.808  TEE4=-0.806
rank= 41 Lx=Ly=22 pg= 0.870 ids= 425 TEE1=-0.721 TEE2=-0.779 TEE3=-0.762  TEE4=-0.709
rank=  1 Lx=Ly=22 pg= 0.870 ids= 385 TEE1=-0.705 TEE2=-0.798 TEE3=-0.777  TEE4=-0.764
rank= 83 Lx=Ly=22 pg= 0.860 ids= 467 TEE1=-0.771 TEE2=-0.876 TEE3=-0.876  TEE4=-0.884
rank= 70 Lx=Ly=22 pg= 0.850 ids= 454 TEE1=-0.777 TEE2=-0.893 TEE3=-0.876  TEE4=-0.878
rank= 48 Lx=Ly=22 pg= 0.860 ids= 432 TEE1=-0.729 TEE2=-0.829 TEE3=-0.810  TEE4=-0.787
rank= 44 Lx=Ly=22 pg= 0.870 ids= 428 TEE1=-0.746 TEE2=-0.860 TEE3=-0.872  TEE4=-0.909
rank= 46 Lx=Ly=22 pg= 0.870 ids= 430 TEE1=-0.711 TEE2=-0.795 TEE3=-0.771  TEE4=-0.748
rank= 29 Lx=Ly=22 pg= 0.860 ids= 413 TEE1=-0.698 TEE2=-0.800 TEE3=-0.791  TEE4=-0.804
rank= 75 Lx=Ly=22 pg= 0.860 ids= 459 TEE1=-0.674 TEE2=-0.733 TEE3=-0.688  TEE4=-0.636
rank= 57 Lx=Ly=22 pg= 0.860 ids= 441 TEE1=-0.705 TEE2=-0.814 TEE3=-0.822  TEE4=-0.855
rank=  7 Lx=Ly=22 pg= 0.870 ids= 391 TEE1=-0.793 TEE2=-0.874 TEE3=-0.872  TEE4=-0.886
rank=  5 Lx=Ly=22 pg= 0.870 ids= 389 TEE1=-0.678 TEE2=-0.783 TEE3=-0.779  TEE4=-0.781
rank= 64 Lx=Ly=22 pg= 0.860 ids= 448 TEE1=-0.725 TEE2=-0.833 TEE3=-0.835  TEE4=-0.872
rank= 91 Lx=Ly=22 pg= 0.850 ids= 475 TEE1=-0.688 TEE2=-0.769 TEE3=-0.740  TEE4=-0.671
rank= 26 Lx=Ly=22 pg= 0.860 ids= 410 TEE1=-0.736 TEE2=-0.812 TEE3=-0.800  TEE4=-0.804
rank= 37 Lx=Ly=22 pg= 0.870 ids= 421 TEE1=-0.777 TEE2=-0.870 TEE3=-0.870  TEE4=-0.878
rank= 15 Lx=Ly=22 pg= 0.870 ids= 399 TEE1=-0.713 TEE2=-0.831 TEE3=-0.829  TEE4=-0.837
rank= 92 Lx=Ly=22 pg= 0.840 ids= 476 TEE1=-0.626 TEE2=-0.707 TEE3=-0.684  TEE4=-0.628
rank= 90 Lx=Ly=22 pg= 0.840 ids= 474 TEE1=-0.692 TEE2=-0.785 TEE3=-0.773  TEE4=-0.709
rank=  3 Lx=Ly=22 pg= 0.880 ids= 387 TEE1=-0.793 TEE2=-0.890 TEE3=-0.893  TEE4=-0.895
rank= 33 Lx=Ly=22 pg= 0.870 ids= 417 TEE1=-0.738 TEE2=-0.851 TEE3=-0.843  TEE4=-0.845
rank= 39 Lx=Ly=22 pg= 0.870 ids= 423 TEE1=-0.717 TEE2=-0.744 TEE3=-0.700  TEE4=-0.638
rank= 76 Lx=Ly=22 pg= 0.850 ids= 460 TEE1=-0.698 TEE2=-0.779 TEE3=-0.771  TEE4=-0.769
rank= 72 Lx=Ly=22 pg= 0.850 ids= 456 TEE1=-0.696 TEE2=-0.723 TEE3=-0.696  TEE4=-0.684
rank= 18 Lx=Ly=22 pg= 0.850 ids= 402 TEE1=-0.705 TEE2=-0.754 TEE3=-0.729  TEE4=-0.723
rank= 71 Lx=Ly=22 pg= 0.870 ids= 455 TEE1=-0.723 TEE2=-0.814 TEE3=-0.798  TEE4=-0.789
rank=  6 Lx=Ly=22 pg= 0.870 ids= 390 TEE1=-0.769 TEE2=-0.849 TEE3=-0.849  TEE4=-0.845
rank= 24 Lx=Ly=22 pg= 0.860 ids= 408 TEE1=-0.715 TEE2=-0.826 TEE3=-0.835  TEE4=-0.876
rank= 56 Lx=Ly=22 pg= 0.860 ids= 440 TEE1=-0.767 TEE2=-0.849 TEE3=-0.853  TEE4=-0.872
rank= 74 Lx=Ly=22 pg= 0.860 ids= 458 TEE1=-0.767 TEE2=-0.860 TEE3=-0.847  TEE4=-0.878
rank= 50 Lx=Ly=22 pg= 0.860 ids= 434 TEE1=-0.684 TEE2=-0.775 TEE3=-0.773  TEE4=-0.762
rank= 69 Lx=Ly=22 pg= 0.870 ids= 453 TEE1=-0.760 TEE2=-0.880 TEE3=-0.882  TEE4=-0.915
rank= 73 Lx=Ly=22 pg= 0.860 ids= 457 TEE1=-0.713 TEE2=-0.814 TEE3=-0.820  TEE4=-0.820
rank= 55 Lx=Ly=22 pg= 0.860 ids= 439 TEE1=-0.731 TEE2=-0.806 TEE3=-0.802  TEE4=-0.800
rank= 59 Lx=Ly=22 pg= 0.860 ids= 443 TEE1=-0.787 TEE2=-0.895 TEE3=-0.895  TEE4=-0.866
rank= 47 Lx=Ly=22 pg= 0.870 ids= 431 TEE1=-0.746 TEE2=-0.804 TEE3=-0.802  TEE4=-0.785
rank= 58 Lx=Ly=22 pg= 0.860 ids= 442 TEE1=-0.736 TEE2=-0.831 TEE3=-0.822  TEE4=-0.798
rank= 87 Lx=Ly=22 pg= 0.860 ids= 471 TEE1=-0.754 TEE2=-0.870 TEE3=-0.878  TEE4=-0.882
rank= 43 Lx=Ly=22 pg= 0.870 ids= 427 TEE1=-0.744 TEE2=-0.831 TEE3=-0.818  TEE4=-0.831
rank= 53 Lx=Ly=22 pg= 0.860 ids= 437 TEE1=-0.729 TEE2=-0.831 TEE3=-0.810  TEE4=-0.775
rank= 25 Lx=Ly=22 pg= 0.870 ids= 409 TEE1=-0.686 TEE2=-0.791 TEE3=-0.800  TEE4=-0.775
rank= 51 Lx=Ly=22 pg= 0.870 ids= 435 TEE1=-0.795 TEE2=-0.886 TEE3=-0.870  TEE4=-0.872
rank= 28 Lx=Ly=22 pg= 0.860 ids= 412 TEE1=-0.746 TEE2=-0.851 TEE3=-0.849  TEE4=-0.839
rank= 12 Lx=Ly=22 pg= 0.880 ids= 396 TEE1=-0.746 TEE2=-0.831 TEE3=-0.829  TEE4=-0.826
rank= 66 Lx=Ly=22 pg= 0.860 ids= 450 TEE1=-0.698 TEE2=-0.798 TEE3=-0.787  TEE4=-0.748
rank= 35 Lx=Ly=22 pg= 0.880 ids= 419 TEE1=-0.777 TEE2=-0.868 TEE3=-0.868  TEE4=-0.888
rank=  9 Lx=Ly=22 pg= 0.870 ids= 393 TEE1=-0.781 TEE2=-0.884 TEE3=-0.866  TEE4=-0.870
rank= 52 Lx=Ly=22 pg= 0.860 ids= 436 TEE1=-0.754 TEE2=-0.843 TEE3=-0.843  TEE4=-0.845
rank= 95 Lx=Ly=22 pg= 0.850 ids= 479 TEE1=-0.674 TEE2=-0.740 TEE3=-0.729  TEE4=-0.721
rank= 62 Lx=Ly=22 pg= 0.860 ids= 446 TEE1=-0.711 TEE2=-0.808 TEE3=-0.812  TEE4=-0.787
rank= 13 Lx=Ly=22 pg= 0.870 ids= 397 TEE1=-0.698 TEE2=-0.787 TEE3=-0.775  TEE4=-0.736
rank= 38 Lx=Ly=22 pg= 0.870 ids= 422 TEE1=-0.800 TEE2=-0.890 TEE3=-0.886  TEE4=-0.857
rank= 20 Lx=Ly=22 pg= 0.860 ids= 404 TEE1=-0.680 TEE2=-0.777 TEE3=-0.744  TEE4=-0.665
rank= 78 Lx=Ly=22 pg= 0.860 ids= 462 TEE1=-0.665 TEE2=-0.750 TEE3=-0.709  TEE4=-0.649
rank=  8 Lx=Ly=22 pg= 0.880 ids= 392 TEE1=-0.773 TEE2=-0.884 TEE3=-0.878  TEE4=-0.903
rank= 89 Lx=Ly=22 pg= 0.860 ids= 473 TEE1=-0.707 TEE2=-0.789 TEE3=-0.781  TEE4=-0.800
rank= 60 Lx=Ly=22 pg= 0.860 ids= 444 TEE1=-0.754 TEE2=-0.868 TEE3=-0.855  TEE4=-0.833
rank= 14 Lx=Ly=22 pg= 0.880 ids= 398 TEE1=-0.758 TEE2=-0.855 TEE3=-0.851  TEE4=-0.826
rank= 19 Lx=Ly=22 pg= 0.860 ids= 403 TEE1=-0.742 TEE2=-0.824 TEE3=-0.818  TEE4=-0.769
rank=  4 Lx=Ly=22 pg= 0.870 ids= 388 TEE1=-0.767 TEE2=-0.874 TEE3=-0.874  TEE4=-0.870
rank= 63 Lx=Ly=22 pg= 0.860 ids= 447 TEE1=-0.686 TEE2=-0.769 TEE3=-0.736  TEE4=-0.688
rank= 49 Lx=Ly=22 pg= 0.870 ids= 433 TEE1=-0.702 TEE2=-0.779 TEE3=-0.767  TEE4=-0.717
rank= 32 Lx=Ly=22 pg= 0.870 ids= 416 TEE1=-0.727 TEE2=-0.814 TEE3=-0.814  TEE4=-0.824
rank= 65 Lx=Ly=22 pg= 0.880 ids= 449 TEE1=-0.789 TEE2=-0.917 TEE3=-0.924  TEE4=-0.948
rank= 94 Lx=Ly=22 pg= 0.850 ids= 478 TEE1=-0.678 TEE2=-0.783 TEE3=-0.798  TEE4=-0.806
rank= 23 Lx=Ly=22 pg= 0.860 ids= 407 TEE1=-0.769 TEE2=-0.860 TEE3=-0.853  TEE4=-0.853
rank= 45 Lx=Ly=22 pg= 0.880 ids= 429 TEE1=-0.806 TEE2=-0.905 TEE3=-0.895  TEE4=-0.890
rank= 17 Lx=Ly=22 pg= 0.860 ids= 401 TEE1=-0.589 TEE2=-0.674 TEE3=-0.657  TEE4=-0.576
rank= 79 Lx=Ly=22 pg= 0.860 ids= 463 TEE1=-0.767 TEE2=-0.855 TEE3=-0.835  TEE4=-0.826
rank=  0 Lx=Ly=22 pg= 0.870 ids= 384 TEE1=-0.791 TEE2=-0.860 TEE3=-0.845  TEE4=-0.837
rank= 61 Lx=Ly=22 pg= 0.860 ids= 445 TEE1=-0.709 TEE2=-0.781 TEE3=-0.764  TEE4=-0.810
rank= 80 Lx=Ly=22 pg= 0.850 ids= 464 TEE1=-0.667 TEE2=-0.779 TEE3=-0.756  TEE4=-0.678
rank= 68 Lx=Ly=22 pg= 0.860 ids= 452 TEE1=-0.773 TEE2=-0.847 TEE3=-0.816  TEE4=-0.781
rank= 77 Lx=Ly=22 pg= 0.860 ids= 461 TEE1=-0.678 TEE2=-0.764 TEE3=-0.752  TEE4=-0.744
rank= 16 Lx=Ly=22 pg= 0.860 ids= 400 TEE1=-0.729 TEE2=-0.833 TEE3=-0.808  TEE4=-0.808
rank= 67 Lx=Ly=22 pg= 0.880 ids= 451 TEE1=-0.777 TEE2=-0.862 TEE3=-0.849  TEE4=-0.866
rank= 88 Lx=Ly=22 pg= 0.850 ids= 472 TEE1=-0.723 TEE2=-0.810 TEE3=-0.789  TEE4=-0.746
rank= 42 Lx=Ly=22 pg= 0.880 ids= 426 TEE1=-0.783 TEE2=-0.909 TEE3=-0.917  TEE4=-0.924
rank= 86 Lx=Ly=22 pg= 0.850 ids= 470 TEE1=-0.678 TEE2=-0.742 TEE3=-0.729  TEE4=-0.684
rank= 31 Lx=Ly=22 pg= 0.870 ids= 415 TEE1=-0.775 TEE2=-0.876 TEE3=-0.874  TEE4=-0.860
rank= 81 Lx=Ly=22 pg= 0.860 ids= 465 TEE1=-0.760 TEE2=-0.851 TEE3=-0.860  TEE4=-0.853
rank= 85 Lx=Ly=22 pg= 0.860 ids= 469 TEE1=-0.781 TEE2=-0.826 TEE3=-0.806  TEE4=-0.800
rank= 34 Lx=Ly=22 pg= 0.870 ids= 418 TEE1=-0.702 TEE2=-0.769 TEE3=-0.756  TEE4=-0.781
rank= 11 Lx=Ly=22 pg= 0.880 ids= 395 TEE1=-0.756 TEE2=-0.849 TEE3=-0.849  TEE4=-0.812
rank= 30 Lx=Ly=22 pg= 0.870 ids= 414 TEE1=-0.779 TEE2=-0.849 TEE3=-0.833  TEE4=-0.822
rank= 40 Lx=Ly=22 pg= 0.880 ids= 424 TEE1=-0.777 TEE2=-0.882 TEE3=-0.888  TEE4=-0.890
rank= 54 Lx=Ly=22 pg= 0.860 ids= 438 TEE1=-0.744 TEE2=-0.789 TEE3=-0.764  TEE4=-0.698
rank=  2 Lx=Ly=22 pg= 0.880 ids= 386 TEE1=-0.804 TEE2=-0.905 TEE3=-0.899  TEE4=-0.878
rank= 21 Lx=Ly=22 pg= 0.860 ids= 405 TEE1=-0.702 TEE2=-0.785 TEE3=-0.798  TEE4=-0.802
rank= 84 Lx=Ly=22 pg= 0.850 ids= 468 TEE1=-0.634 TEE2=-0.680 TEE3=-0.651  TEE4=-0.618
rank= 82 Lx=Ly=22 pg= 0.860 ids= 466 TEE1=-0.740 TEE2=-0.835 TEE3=-0.835  TEE4=-0.789
rank= 22 Lx=Ly=22 pg= 0.860 ids= 406 TEE1=-0.702 TEE2=-0.775 TEE3=-0.752  TEE4=-0.694
rank= 27 Lx=Ly=22 pg= 0.870 ids= 411 TEE1=-0.733 TEE2=-0.853 TEE3=-0.847  TEE4=-0.862
rank= 10 Lx=Ly=22 pg= 0.880 ids= 394 TEE1=-0.818 TEE2=-0.919 TEE3=-0.926  TEE4=-0.946
rank= 36 Lx=Ly=22 pg= 0.870 ids= 420 TEE1=-0.771 TEE2=-0.855 TEE3=-0.843  TEE4=-0.820
rank= 41 Lx=Ly=22 pg= 0.880 ids= 425 TEE1=-0.775 TEE2=-0.880 TEE3=-0.886  TEE4=-0.903
rank= 93 Lx=Ly=22 pg= 0.860 ids= 477 TEE1=-0.709 TEE2=-0.802 TEE3=-0.795  TEE4=-0.793
rank=  1 Lx=Ly=22 pg= 0.880 ids= 385 TEE1=-0.798 TEE2=-0.872 TEE3=-0.853  TEE4=-0.839
rank= 83 Lx=Ly=22 pg= 0.870 ids= 467 TEE1=-0.781 TEE2=-0.866 TEE3=-0.864  TEE4=-0.835
rank= 48 Lx=Ly=22 pg= 0.870 ids= 432 TEE1=-0.738 TEE2=-0.818 TEE3=-0.800  TEE4=-0.829
rank= 70 Lx=Ly=22 pg= 0.860 ids= 454 TEE1=-0.771 TEE2=-0.899 TEE3=-0.899  TEE4=-0.913
rank= 44 Lx=Ly=22 pg= 0.880 ids= 428 TEE1=-0.849 TEE2=-0.940 TEE3=-0.942  TEE4=-0.961
rank= 46 Lx=Ly=22 pg= 0.880 ids= 430 TEE1=-0.793 TEE2=-0.913 TEE3=-0.911  TEE4=-0.919
rank= 57 Lx=Ly=22 pg= 0.870 ids= 441 TEE1=-0.750 TEE2=-0.886 TEE3=-0.882  TEE4=-0.888
rank= 75 Lx=Ly=22 pg= 0.870 ids= 459 TEE1=-0.725 TEE2=-0.814 TEE3=-0.802  TEE4=-0.779
rank= 29 Lx=Ly=22 pg= 0.870 ids= 413 TEE1=-0.715 TEE2=-0.822 TEE3=-0.820  TEE4=-0.835
rank=  7 Lx=Ly=22 pg= 0.880 ids= 391 TEE1=-0.839 TEE2=-0.924 TEE3=-0.924  TEE4=-0.932
rank=  5 Lx=Ly=22 pg= 0.880 ids= 389 TEE1=-0.779 TEE2=-0.880 TEE3=-0.884  TEE4=-0.886
rank= 64 Lx=Ly=22 pg= 0.870 ids= 448 TEE1=-0.756 TEE2=-0.864 TEE3=-0.872  TEE4=-0.880
rank= 91 Lx=Ly=22 pg= 0.860 ids= 475 TEE1=-0.698 TEE2=-0.779 TEE3=-0.758  TEE4=-0.762
rank= 26 Lx=Ly=22 pg= 0.870 ids= 410 TEE1=-0.789 TEE2=-0.907 TEE3=-0.909  TEE4=-0.940
rank= 37 Lx=Ly=22 pg= 0.880 ids= 421 TEE1=-0.740 TEE2=-0.818 TEE3=-0.771  TEE4=-0.738
rank= 15 Lx=Ly=22 pg= 0.880 ids= 399 TEE1=-0.758 TEE2=-0.851 TEE3=-0.853  TEE4=-0.884
rank=  3 Lx=Ly=22 pg= 0.890 ids= 387 TEE1=-0.839 TEE2=-0.917 TEE3=-0.919  TEE4=-0.926
rank= 92 Lx=Ly=22 pg= 0.850 ids= 476 TEE1=-0.688 TEE2=-0.793 TEE3=-0.785  TEE4=-0.764
rank= 33 Lx=Ly=22 pg= 0.880 ids= 417 TEE1=-0.791 TEE2=-0.897 TEE3=-0.905  TEE4=-0.942
rank= 90 Lx=Ly=22 pg= 0.850 ids= 474 TEE1=-0.702 TEE2=-0.783 TEE3=-0.764  TEE4=-0.725
rank= 39 Lx=Ly=22 pg= 0.880 ids= 423 TEE1=-0.829 TEE2=-0.926 TEE3=-0.924  TEE4=-0.944
rank= 76 Lx=Ly=22 pg= 0.860 ids= 460 TEE1=-0.725 TEE2=-0.806 TEE3=-0.793  TEE4=-0.831
rank= 71 Lx=Ly=22 pg= 0.880 ids= 455 TEE1=-0.806 TEE2=-0.928 TEE3=-0.932  TEE4=-0.921
rank=  6 Lx=Ly=22 pg= 0.880 ids= 390 TEE1=-0.760 TEE2=-0.868 TEE3=-0.870  TEE4=-0.860
rank= 72 Lx=Ly=22 pg= 0.860 ids= 456 TEE1=-0.775 TEE2=-0.870 TEE3=-0.868  TEE4=-0.884
rank= 18 Lx=Ly=22 pg= 0.860 ids= 402 TEE1=-0.742 TEE2=-0.826 TEE3=-0.822  TEE4=-0.853
rank= 24 Lx=Ly=22 pg= 0.870 ids= 408 TEE1=-0.760 TEE2=-0.870 TEE3=-0.870  TEE4=-0.884
rank= 50 Lx=Ly=22 pg= 0.870 ids= 434 TEE1=-0.731 TEE2=-0.845 TEE3=-0.839  TEE4=-0.845
rank= 56 Lx=Ly=22 pg= 0.870 ids= 440 TEE1=-0.752 TEE2=-0.860 TEE3=-0.870  TEE4=-0.899
rank= 74 Lx=Ly=22 pg= 0.870 ids= 458 TEE1=-0.725 TEE2=-0.833 TEE3=-0.839  TEE4=-0.847
rank= 69 Lx=Ly=22 pg= 0.880 ids= 453 TEE1=-0.787 TEE2=-0.890 TEE3=-0.901  TEE4=-0.917
rank= 73 Lx=Ly=22 pg= 0.870 ids= 457 TEE1=-0.729 TEE2=-0.820 TEE3=-0.789  TEE4=-0.758
rank= 55 Lx=Ly=22 pg= 0.870 ids= 439 TEE1=-0.762 TEE2=-0.855 TEE3=-0.851  TEE4=-0.824
rank= 47 Lx=Ly=22 pg= 0.880 ids= 431 TEE1=-0.760 TEE2=-0.860 TEE3=-0.862  TEE4=-0.857
rank= 59 Lx=Ly=22 pg= 0.870 ids= 443 TEE1=-0.764 TEE2=-0.866 TEE3=-0.876  TEE4=-0.895
rank= 58 Lx=Ly=22 pg= 0.870 ids= 442 TEE1=-0.791 TEE2=-0.890 TEE3=-0.886  TEE4=-0.905
rank= 43 Lx=Ly=22 pg= 0.880 ids= 427 TEE1=-0.744 TEE2=-0.806 TEE3=-0.810  TEE4=-0.831
rank= 87 Lx=Ly=22 pg= 0.870 ids= 471 TEE1=-0.779 TEE2=-0.880 TEE3=-0.874  TEE4=-0.876
rank= 53 Lx=Ly=22 pg= 0.870 ids= 437 TEE1=-0.798 TEE2=-0.915 TEE3=-0.924  TEE4=-0.924
rank= 25 Lx=Ly=22 pg= 0.880 ids= 409 TEE1=-0.812 TEE2=-0.866 TEE3=-0.870  TEE4=-0.868
rank= 12 Lx=Ly=22 pg= 0.890 ids= 396 TEE1=-0.814 TEE2=-0.907 TEE3=-0.897  TEE4=-0.878
rank= 51 Lx=Ly=22 pg= 0.880 ids= 435 TEE1=-0.783 TEE2=-0.880 TEE3=-0.864  TEE4=-0.860
rank= 66 Lx=Ly=22 pg= 0.870 ids= 450 TEE1=-0.754 TEE2=-0.876 TEE3=-0.876  TEE4=-0.907
rank= 35 Lx=Ly=22 pg= 0.890 ids= 419 TEE1=-0.808 TEE2=-0.919 TEE3=-0.909  TEE4=-0.930
rank=  9 Lx=Ly=22 pg= 0.880 ids= 393 TEE1=-0.779 TEE2=-0.853 TEE3=-0.857  TEE4=-0.857
rank= 28 Lx=Ly=22 pg= 0.870 ids= 412 TEE1=-0.775 TEE2=-0.872 TEE3=-0.853  TEE4=-0.862
rank= 52 Lx=Ly=22 pg= 0.870 ids= 436 TEE1=-0.781 TEE2=-0.886 TEE3=-0.886  TEE4=-0.905
rank= 95 Lx=Ly=22 pg= 0.860 ids= 479 TEE1=-0.754 TEE2=-0.845 TEE3=-0.835  TEE4=-0.851
rank= 13 Lx=Ly=22 pg= 0.880 ids= 397 TEE1=-0.795 TEE2=-0.882 TEE3=-0.886  TEE4=-0.886
rank= 62 Lx=Ly=22 pg= 0.870 ids= 446 TEE1=-0.762 TEE2=-0.884 TEE3=-0.882  TEE4=-0.895
rank= 38 Lx=Ly=22 pg= 0.880 ids= 422 TEE1=-0.767 TEE2=-0.872 TEE3=-0.886  TEE4=-0.911
rank= 20 Lx=Ly=22 pg= 0.870 ids= 404 TEE1=-0.773 TEE2=-0.882 TEE3=-0.874  TEE4=-0.899
rank= 78 Lx=Ly=22 pg= 0.870 ids= 462 TEE1=-0.729 TEE2=-0.829 TEE3=-0.824  TEE4=-0.785
rank=  8 Lx=Ly=22 pg= 0.890 ids= 392 TEE1=-0.783 TEE2=-0.864 TEE3=-0.855  TEE4=-0.857
rank= 89 Lx=Ly=22 pg= 0.870 ids= 473 TEE1=-0.773 TEE2=-0.893 TEE3=-0.888  TEE4=-0.876
rank= 60 Lx=Ly=22 pg= 0.870 ids= 444 TEE1=-0.688 TEE2=-0.795 TEE3=-0.802  TEE4=-0.738
rank= 14 Lx=Ly=22 pg= 0.890 ids= 398 TEE1=-0.798 TEE2=-0.899 TEE3=-0.903  TEE4=-0.924
rank=  4 Lx=Ly=22 pg= 0.880 ids= 388 TEE1=-0.818 TEE2=-0.890 TEE3=-0.893  TEE4=-0.884
rank= 19 Lx=Ly=22 pg= 0.870 ids= 403 TEE1=-0.779 TEE2=-0.851 TEE3=-0.847  TEE4=-0.831
rank= 32 Lx=Ly=22 pg= 0.880 ids= 416 TEE1=-0.783 TEE2=-0.893 TEE3=-0.893  TEE4=-0.934
rank= 65 Lx=Ly=22 pg= 0.890 ids= 449 TEE1=-0.808 TEE2=-0.915 TEE3=-0.905  TEE4=-0.895
rank= 49 Lx=Ly=22 pg= 0.880 ids= 433 TEE1=-0.742 TEE2=-0.853 TEE3=-0.845  TEE4=-0.798
rank= 63 Lx=Ly=22 pg= 0.870 ids= 447 TEE1=-0.771 TEE2=-0.849 TEE3=-0.835  TEE4=-0.810
rank= 45 Lx=Ly=22 pg= 0.890 ids= 429 TEE1=-0.826 TEE2=-0.893 TEE3=-0.897  TEE4=-0.932
rank= 94 Lx=Ly=22 pg= 0.860 ids= 478 TEE1=-0.756 TEE2=-0.820 TEE3=-0.810  TEE4=-0.802
rank= 23 Lx=Ly=22 pg= 0.870 ids= 407 TEE1=-0.789 TEE2=-0.864 TEE3=-0.860  TEE4=-0.895
rank= 17 Lx=Ly=22 pg= 0.870 ids= 401 TEE1=-0.775 TEE2=-0.860 TEE3=-0.847  TEE4=-0.816
rank= 79 Lx=Ly=22 pg= 0.870 ids= 463 TEE1=-0.738 TEE2=-0.841 TEE3=-0.837  TEE4=-0.857
rank=  0 Lx=Ly=22 pg= 0.880 ids= 384 TEE1=-0.727 TEE2=-0.839 TEE3=-0.843  TEE4=-0.864
rank= 61 Lx=Ly=22 pg= 0.870 ids= 445 TEE1=-0.717 TEE2=-0.804 TEE3=-0.800  TEE4=-0.783
rank= 68 Lx=Ly=22 pg= 0.870 ids= 452 TEE1=-0.731 TEE2=-0.829 TEE3=-0.816  TEE4=-0.791
rank= 80 Lx=Ly=22 pg= 0.860 ids= 464 TEE1=-0.736 TEE2=-0.835 TEE3=-0.820  TEE4=-0.773
rank= 77 Lx=Ly=22 pg= 0.870 ids= 461 TEE1=-0.798 TEE2=-0.901 TEE3=-0.895  TEE4=-0.905
rank= 16 Lx=Ly=22 pg= 0.870 ids= 400 TEE1=-0.779 TEE2=-0.926 TEE3=-0.928  TEE4=-0.936
rank= 67 Lx=Ly=22 pg= 0.890 ids= 451 TEE1=-0.829 TEE2=-0.907 TEE3=-0.911  TEE4=-0.901
rank= 42 Lx=Ly=22 pg= 0.890 ids= 426 TEE1=-0.785 TEE2=-0.897 TEE3=-0.899  TEE4=-0.901
rank= 88 Lx=Ly=22 pg= 0.860 ids= 472 TEE1=-0.709 TEE2=-0.769 TEE3=-0.754  TEE4=-0.775
rank= 86 Lx=Ly=22 pg= 0.860 ids= 470 TEE1=-0.738 TEE2=-0.798 TEE3=-0.758  TEE4=-0.713
rank= 31 Lx=Ly=22 pg= 0.880 ids= 415 TEE1=-0.791 TEE2=-0.895 TEE3=-0.890  TEE4=-0.870
rank= 81 Lx=Ly=22 pg= 0.870 ids= 465 TEE1=-0.798 TEE2=-0.876 TEE3=-0.872  TEE4=-0.893
rank= 11 Lx=Ly=22 pg= 0.890 ids= 395 TEE1=-0.808 TEE2=-0.915 TEE3=-0.924  TEE4=-0.934
rank= 85 Lx=Ly=22 pg= 0.870 ids= 469 TEE1=-0.756 TEE2=-0.837 TEE3=-0.831  TEE4=-0.810
rank= 34 Lx=Ly=22 pg= 0.880 ids= 418 TEE1=-0.783 TEE2=-0.905 TEE3=-0.903  TEE4=-0.907
rank= 40 Lx=Ly=22 pg= 0.890 ids= 424 TEE1=-0.806 TEE2=-0.888 TEE3=-0.895  TEE4=-0.895
rank=  2 Lx=Ly=22 pg= 0.890 ids= 386 TEE1=-0.789 TEE2=-0.874 TEE3=-0.872  TEE4=-0.864
rank= 30 Lx=Ly=22 pg= 0.880 ids= 414 TEE1=-0.798 TEE2=-0.888 TEE3=-0.895  TEE4=-0.915
rank= 54 Lx=Ly=22 pg= 0.870 ids= 438 TEE1=-0.750 TEE2=-0.847 TEE3=-0.843  TEE4=-0.855
rank= 21 Lx=Ly=22 pg= 0.870 ids= 405 TEE1=-0.719 TEE2=-0.802 TEE3=-0.793  TEE4=-0.779
rank= 22 Lx=Ly=22 pg= 0.870 ids= 406 TEE1=-0.793 TEE2=-0.890 TEE3=-0.888  TEE4=-0.880
rank= 10 Lx=Ly=22 pg= 0.890 ids= 394 TEE1=-0.754 TEE2=-0.876 TEE3=-0.882  TEE4=-0.911
rank= 27 Lx=Ly=22 pg= 0.880 ids= 411 TEE1=-0.764 TEE2=-0.847 TEE3=-0.824  TEE4=-0.822
rank= 82 Lx=Ly=22 pg= 0.870 ids= 466 TEE1=-0.760 TEE2=-0.839 TEE3=-0.835  TEE4=-0.779
rank= 36 Lx=Ly=22 pg= 0.880 ids= 420 TEE1=-0.773 TEE2=-0.890 TEE3=-0.886  TEE4=-0.893
rank= 84 Lx=Ly=22 pg= 0.860 ids= 468 TEE1=-0.756 TEE2=-0.849 TEE3=-0.839  TEE4=-0.849
rank= 41 Lx=Ly=22 pg= 0.890 ids= 425 TEE1=-0.829 TEE2=-0.897 TEE3=-0.888  TEE4=-0.884
rank= 93 Lx=Ly=22 pg= 0.870 ids= 477 TEE1=-0.758 TEE2=-0.849 TEE3=-0.839  TEE4=-0.837
rank=  1 Lx=Ly=22 pg= 0.890 ids= 385 TEE1=-0.820 TEE2=-0.907 TEE3=-0.905  TEE4=-0.930
rank= 83 Lx=Ly=22 pg= 0.880 ids= 467 TEE1=-0.775 TEE2=-0.851 TEE3=-0.826  TEE4=-0.798
rank= 48 Lx=Ly=22 pg= 0.880 ids= 432 TEE1=-0.769 TEE2=-0.868 TEE3=-0.860  TEE4=-0.839
rank= 44 Lx=Ly=22 pg= 0.890 ids= 428 TEE1=-0.851 TEE2=-0.959 TEE3=-0.957  TEE4=-0.959
rank= 70 Lx=Ly=22 pg= 0.870 ids= 454 TEE1=-0.754 TEE2=-0.845 TEE3=-0.847  TEE4=-0.878
rank= 46 Lx=Ly=22 pg= 0.890 ids= 430 TEE1=-0.756 TEE2=-0.826 TEE3=-0.835  TEE4=-0.839
rank= 57 Lx=Ly=22 pg= 0.880 ids= 441 TEE1=-0.754 TEE2=-0.835 TEE3=-0.822  TEE4=-0.787
rank= 75 Lx=Ly=22 pg= 0.880 ids= 459 TEE1=-0.758 TEE2=-0.895 TEE3=-0.899  TEE4=-0.934
rank= 29 Lx=Ly=22 pg= 0.880 ids= 413 TEE1=-0.787 TEE2=-0.855 TEE3=-0.847  TEE4=-0.849
rank=  7 Lx=Ly=22 pg= 0.890 ids= 391 TEE1=-0.829 TEE2=-0.913 TEE3=-0.924  TEE4=-0.930
rank=  5 Lx=Ly=22 pg= 0.890 ids= 389 TEE1=-0.833 TEE2=-0.928 TEE3=-0.930  TEE4=-0.940
rank= 64 Lx=Ly=22 pg= 0.880 ids= 448 TEE1=-0.775 TEE2=-0.890 TEE3=-0.903  TEE4=-0.909
rank= 37 Lx=Ly=22 pg= 0.890 ids= 421 TEE1=-0.878 TEE2=-0.944 TEE3=-0.946  TEE4=-0.959
rank= 15 Lx=Ly=22 pg= 0.890 ids= 399 TEE1=-0.874 TEE2=-0.946 TEE3=-0.938  TEE4=-0.965
rank= 91 Lx=Ly=22 pg= 0.870 ids= 475 TEE1=-0.717 TEE2=-0.843 TEE3=-0.849  TEE4=-0.849
rank= 26 Lx=Ly=22 pg= 0.880 ids= 410 TEE1=-0.750 TEE2=-0.831 TEE3=-0.822  TEE4=-0.812
rank=  3 Lx=Ly=22 pg= 0.900 ids= 387 TEE1=-0.806 TEE2=-0.899 TEE3=-0.905  TEE4=-0.915
rank= 33 Lx=Ly=22 pg= 0.890 ids= 417 TEE1=-0.773 TEE2=-0.874 TEE3=-0.880  TEE4=-0.915
rank= 39 Lx=Ly=22 pg= 0.890 ids= 423 TEE1=-0.808 TEE2=-0.895 TEE3=-0.895  TEE4=-0.924
rank= 92 Lx=Ly=22 pg= 0.860 ids= 476 TEE1=-0.777 TEE2=-0.851 TEE3=-0.843  TEE4=-0.841
rank= 90 Lx=Ly=22 pg= 0.860 ids= 474 TEE1=-0.690 TEE2=-0.760 TEE3=-0.764  TEE4=-0.719
rank= 76 Lx=Ly=22 pg= 0.870 ids= 460 TEE1=-0.756 TEE2=-0.876 TEE3=-0.880  TEE4=-0.897
rank=  6 Lx=Ly=22 pg= 0.890 ids= 390 TEE1=-0.847 TEE2=-0.955 TEE3=-0.946  TEE4=-0.952
rank= 71 Lx=Ly=22 pg= 0.890 ids= 455 TEE1=-0.808 TEE2=-0.899 TEE3=-0.907  TEE4=-0.930
rank= 50 Lx=Ly=22 pg= 0.880 ids= 434 TEE1=-0.721 TEE2=-0.808 TEE3=-0.808  TEE4=-0.818
rank= 24 Lx=Ly=22 pg= 0.880 ids= 408 TEE1=-0.795 TEE2=-0.874 TEE3=-0.870  TEE4=-0.884
rank= 18 Lx=Ly=22 pg= 0.870 ids= 402 TEE1=-0.785 TEE2=-0.860 TEE3=-0.857  TEE4=-0.847
rank= 72 Lx=Ly=22 pg= 0.870 ids= 456 TEE1=-0.758 TEE2=-0.847 TEE3=-0.820  TEE4=-0.791
rank= 69 Lx=Ly=22 pg= 0.890 ids= 453 TEE1=-0.839 TEE2=-0.926 TEE3=-0.909  TEE4=-0.930
rank= 56 Lx=Ly=22 pg= 0.880 ids= 440 TEE1=-0.808 TEE2=-0.890 TEE3=-0.893  TEE4=-0.913
rank= 74 Lx=Ly=22 pg= 0.880 ids= 458 TEE1=-0.795 TEE2=-0.888 TEE3=-0.890  TEE4=-0.907
rank= 73 Lx=Ly=22 pg= 0.880 ids= 457 TEE1=-0.777 TEE2=-0.860 TEE3=-0.860  TEE4=-0.880
rank= 55 Lx=Ly=22 pg= 0.880 ids= 439 TEE1=-0.789 TEE2=-0.905 TEE3=-0.917  TEE4=-0.926
rank= 47 Lx=Ly=22 pg= 0.890 ids= 431 TEE1=-0.829 TEE2=-0.946 TEE3=-0.948  TEE4=-0.971
rank= 59 Lx=Ly=22 pg= 0.880 ids= 443 TEE1=-0.798 TEE2=-0.899 TEE3=-0.909  TEE4=-0.928
rank= 58 Lx=Ly=22 pg= 0.880 ids= 442 TEE1=-0.731 TEE2=-0.814 TEE3=-0.800  TEE4=-0.756
rank= 43 Lx=Ly=22 pg= 0.890 ids= 427 TEE1=-0.826 TEE2=-0.921 TEE3=-0.915  TEE4=-0.895
rank= 87 Lx=Ly=22 pg= 0.880 ids= 471 TEE1=-0.748 TEE2=-0.866 TEE3=-0.866  TEE4=-0.857
rank= 53 Lx=Ly=22 pg= 0.880 ids= 437 TEE1=-0.824 TEE2=-0.919 TEE3=-0.932  TEE4=-0.942
rank= 12 Lx=Ly=22 pg= 0.900 ids= 396 TEE1=-0.824 TEE2=-0.905 TEE3=-0.905  TEE4=-0.915
rank= 25 Lx=Ly=22 pg= 0.890 ids= 409 TEE1=-0.837 TEE2=-0.905 TEE3=-0.911  TEE4=-0.944
rank= 66 Lx=Ly=22 pg= 0.880 ids= 450 TEE1=-0.785 TEE2=-0.866 TEE3=-0.860  TEE4=-0.866
rank= 35 Lx=Ly=22 pg= 0.900 ids= 419 TEE1=-0.886 TEE2=-0.975 TEE3=-0.975  TEE4=-0.988
rank=  9 Lx=Ly=22 pg= 0.890 ids= 393 TEE1=-0.779 TEE2=-0.880 TEE3=-0.884  TEE4=-0.901
rank= 51 Lx=Ly=22 pg= 0.890 ids= 435 TEE1=-0.806 TEE2=-0.911 TEE3=-0.913  TEE4=-0.934
rank= 28 Lx=Ly=22 pg= 0.880 ids= 412 TEE1=-0.764 TEE2=-0.806 TEE3=-0.798  TEE4=-0.781
rank= 52 Lx=Ly=22 pg= 0.880 ids= 436 TEE1=-0.746 TEE2=-0.849 TEE3=-0.841  TEE4=-0.874
rank= 13 Lx=Ly=22 pg= 0.890 ids= 397 TEE1=-0.822 TEE2=-0.899 TEE3=-0.895  TEE4=-0.860
rank= 38 Lx=Ly=22 pg= 0.890 ids= 422 TEE1=-0.785 TEE2=-0.911 TEE3=-0.917  TEE4=-0.897
rank= 95 Lx=Ly=22 pg= 0.870 ids= 479 TEE1=-0.702 TEE2=-0.798 TEE3=-0.781  TEE4=-0.791
rank= 62 Lx=Ly=22 pg= 0.880 ids= 446 TEE1=-0.787 TEE2=-0.884 TEE3=-0.890  TEE4=-0.884
rank=  8 Lx=Ly=22 pg= 0.900 ids= 392 TEE1=-0.812 TEE2=-0.936 TEE3=-0.938  TEE4=-0.965
rank= 20 Lx=Ly=22 pg= 0.880 ids= 404 TEE1=-0.777 TEE2=-0.874 TEE3=-0.868  TEE4=-0.888
rank= 14 Lx=Ly=22 pg= 0.900 ids= 398 TEE1=-0.822 TEE2=-0.913 TEE3=-0.915  TEE4=-0.928
rank= 78 Lx=Ly=22 pg= 0.880 ids= 462 TEE1=-0.779 TEE2=-0.866 TEE3=-0.864  TEE4=-0.855
rank=  4 Lx=Ly=22 pg= 0.890 ids= 388 TEE1=-0.822 TEE2=-0.930 TEE3=-0.932  TEE4=-0.942
rank= 89 Lx=Ly=22 pg= 0.880 ids= 473 TEE1=-0.837 TEE2=-0.934 TEE3=-0.934  TEE4=-0.948
rank= 60 Lx=Ly=22 pg= 0.880 ids= 444 TEE1=-0.800 TEE2=-0.911 TEE3=-0.907  TEE4=-0.909
rank= 32 Lx=Ly=22 pg= 0.890 ids= 416 TEE1=-0.795 TEE2=-0.882 TEE3=-0.876  TEE4=-0.899
rank= 19 Lx=Ly=22 pg= 0.880 ids= 403 TEE1=-0.773 TEE2=-0.855 TEE3=-0.864  TEE4=-0.874
rank= 65 Lx=Ly=22 pg= 0.900 ids= 449 TEE1=-0.818 TEE2=-0.895 TEE3=-0.901  TEE4=-0.924
rank= 49 Lx=Ly=22 pg= 0.890 ids= 433 TEE1=-0.795 TEE2=-0.921 TEE3=-0.928  TEE4=-0.948
rank= 63 Lx=Ly=22 pg= 0.880 ids= 447 TEE1=-0.760 TEE2=-0.845 TEE3=-0.849  TEE4=-0.835
rank= 45 Lx=Ly=22 pg= 0.900 ids= 429 TEE1=-0.822 TEE2=-0.921 TEE3=-0.932  TEE4=-0.957
rank=  0 Lx=Ly=22 pg= 0.890 ids= 384 TEE1=-0.820 TEE2=-0.895 TEE3=-0.882  TEE4=-0.857
rank= 94 Lx=Ly=22 pg= 0.870 ids= 478 TEE1=-0.729 TEE2=-0.802 TEE3=-0.783  TEE4=-0.787
rank= 23 Lx=Ly=22 pg= 0.880 ids= 407 TEE1=-0.798 TEE2=-0.921 TEE3=-0.903  TEE4=-0.899
rank= 10 Lx=Ly=22 pg= 0.900 ids= 394 TEE1=-0.826 TEE2=-0.909 TEE3=-0.913  TEE4=-0.930
rank= 17 Lx=Ly=22 pg= 0.880 ids= 401 TEE1=-0.837 TEE2=-0.903 TEE3=-0.899  TEE4=-0.919
rank= 79 Lx=Ly=22 pg= 0.880 ids= 463 TEE1=-0.795 TEE2=-0.911 TEE3=-0.919  TEE4=-0.946
rank= 67 Lx=Ly=22 pg= 0.900 ids= 451 TEE1=-0.822 TEE2=-0.926 TEE3=-0.932  TEE4=-0.938
rank= 61 Lx=Ly=22 pg= 0.880 ids= 445 TEE1=-0.752 TEE2=-0.833 TEE3=-0.839  TEE4=-0.822
rank=  1 Lx=Ly=22 pg= 0.900 ids= 385 TEE1=-0.886 TEE2=-0.969 TEE3=-0.967  TEE4=-0.971
rank= 68 Lx=Ly=22 pg= 0.880 ids= 452 TEE1=-0.777 TEE2=-0.868 TEE3=-0.860  TEE4=-0.872
rank= 16 Lx=Ly=22 pg= 0.880 ids= 400 TEE1=-0.857 TEE2=-0.930 TEE3=-0.938  TEE4=-0.948
rank= 80 Lx=Ly=22 pg= 0.870 ids= 464 TEE1=-0.723 TEE2=-0.822 TEE3=-0.808  TEE4=-0.804
rank= 77 Lx=Ly=22 pg= 0.880 ids= 461 TEE1=-0.764 TEE2=-0.868 TEE3=-0.876  TEE4=-0.868
rank=  2 Lx=Ly=22 pg= 0.900 ids= 386 TEE1=-0.837 TEE2=-0.915 TEE3=-0.921  TEE4=-0.919
rank= 42 Lx=Ly=22 pg= 0.900 ids= 426 TEE1=-0.855 TEE2=-0.926 TEE3=-0.915  TEE4=-0.936
rank=  5 Lx=Ly=22 pg= 0.900 ids= 389 TEE1=-0.868 TEE2=-0.967 TEE3=-0.965  TEE4=-0.965
rank=  7 Lx=Ly=22 pg= 0.900 ids= 391 TEE1=-0.822 TEE2=-0.909 TEE3=-0.917  TEE4=-0.940
rank= 11 Lx=Ly=22 pg= 0.900 ids= 395 TEE1=-0.849 TEE2=-0.946 TEE3=-0.959  TEE4=-0.973
rank= 88 Lx=Ly=22 pg= 0.870 ids= 472 TEE1=-0.748 TEE2=-0.820 TEE3=-0.812  TEE4=-0.847
rank= 31 Lx=Ly=22 pg= 0.890 ids= 415 TEE1=-0.800 TEE2=-0.913 TEE3=-0.905  TEE4=-0.907
rank= 86 Lx=Ly=22 pg= 0.870 ids= 470 TEE1=-0.775 TEE2=-0.890 TEE3=-0.895  TEE4=-0.926
rank= 41 Lx=Ly=22 pg= 0.900 ids= 425 TEE1=-0.810 TEE2=-0.899 TEE3=-0.897  TEE4=-0.897
rank= 40 Lx=Ly=22 pg= 0.900 ids= 424 TEE1=-0.822 TEE2=-0.928 TEE3=-0.932  TEE4=-0.955
rank= 34 Lx=Ly=22 pg= 0.890 ids= 418 TEE1=-0.779 TEE2=-0.853 TEE3=-0.862  TEE4=-0.857
rank= 85 Lx=Ly=22 pg= 0.880 ids= 469 TEE1=-0.725 TEE2=-0.810 TEE3=-0.789  TEE4=-0.769
rank= 81 Lx=Ly=22 pg= 0.880 ids= 465 TEE1=-0.800 TEE2=-0.901 TEE3=-0.905  TEE4=-0.915
rank= 30 Lx=Ly=22 pg= 0.890 ids= 414 TEE1=-0.793 TEE2=-0.878 TEE3=-0.880  TEE4=-0.886
rank= 22 Lx=Ly=22 pg= 0.880 ids= 406 TEE1=-0.754 TEE2=-0.845 TEE3=-0.837  TEE4=-0.835
rank= 21 Lx=Ly=22 pg= 0.880 ids= 405 TEE1=-0.787 TEE2=-0.886 TEE3=-0.897  TEE4=-0.911
rank= 37 Lx=Ly=22 pg= 0.900 ids= 421 TEE1=-0.841 TEE2=-0.934 TEE3=-0.934  TEE4=-0.950
rank=  6 Lx=Ly=22 pg= 0.900 ids= 390 TEE1=-0.814 TEE2=-0.888 TEE3=-0.890  TEE4=-0.907
rank= 36 Lx=Ly=22 pg= 0.890 ids= 420 TEE1=-0.779 TEE2=-0.864 TEE3=-0.864  TEE4=-0.864
rank= 27 Lx=Ly=22 pg= 0.890 ids= 411 TEE1=-0.816 TEE2=-0.913 TEE3=-0.913  TEE4=-0.940
rank= 54 Lx=Ly=22 pg= 0.880 ids= 438 TEE1=-0.775 TEE2=-0.860 TEE3=-0.855  TEE4=-0.853
rank= 15 Lx=Ly=22 pg= 0.900 ids= 399 TEE1=-0.822 TEE2=-0.907 TEE3=-0.901  TEE4=-0.917
rank= 44 Lx=Ly=22 pg= 0.900 ids= 428 TEE1=-0.849 TEE2=-0.936 TEE3=-0.936  TEE4=-0.928
rank= 46 Lx=Ly=22 pg= 0.900 ids= 430 TEE1=-0.901 TEE2=-0.973 TEE3=-0.971  TEE4=-0.973
rank= 33 Lx=Ly=22 pg= 0.900 ids= 417 TEE1=-0.833 TEE2=-0.930 TEE3=-0.942  TEE4=-0.940
rank= 82 Lx=Ly=22 pg= 0.880 ids= 466 TEE1=-0.816 TEE2=-0.907 TEE3=-0.903  TEE4=-0.921
rank= 39 Lx=Ly=22 pg= 0.900 ids= 423 TEE1=-0.845 TEE2=-0.944 TEE3=-0.942  TEE4=-0.950
rank= 84 Lx=Ly=22 pg= 0.870 ids= 468 TEE1=-0.756 TEE2=-0.855 TEE3=-0.835  TEE4=-0.793
rank= 93 Lx=Ly=22 pg= 0.880 ids= 477 TEE1=-0.711 TEE2=-0.814 TEE3=-0.808  TEE4=-0.775
rank= 83 Lx=Ly=22 pg= 0.890 ids= 467 TEE1=-0.800 TEE2=-0.913 TEE3=-0.917  TEE4=-0.942
rank= 48 Lx=Ly=22 pg= 0.890 ids= 432 TEE1=-0.868 TEE2=-0.959 TEE3=-0.963  TEE4=-0.981
rank= 71 Lx=Ly=22 pg= 0.900 ids= 455 TEE1=-0.795 TEE2=-0.895 TEE3=-0.880  TEE4=-0.870
rank= 75 Lx=Ly=22 pg= 0.890 ids= 459 TEE1=-0.820 TEE2=-0.911 TEE3=-0.909  TEE4=-0.936
rank= 29 Lx=Ly=22 pg= 0.890 ids= 413 TEE1=-0.806 TEE2=-0.876 TEE3=-0.870  TEE4=-0.843
rank= 69 Lx=Ly=22 pg= 0.900 ids= 453 TEE1=-0.829 TEE2=-0.915 TEE3=-0.924  TEE4=-0.948
rank= 57 Lx=Ly=22 pg= 0.890 ids= 441 TEE1=-0.808 TEE2=-0.905 TEE3=-0.909  TEE4=-0.926
rank= 26 Lx=Ly=22 pg= 0.890 ids= 410 TEE1=-0.843 TEE2=-0.909 TEE3=-0.909  TEE4=-0.924
rank= 70 Lx=Ly=22 pg= 0.880 ids= 454 TEE1=-0.727 TEE2=-0.835 TEE3=-0.822  TEE4=-0.837
rank= 47 Lx=Ly=22 pg= 0.900 ids= 431 TEE1=-0.804 TEE2=-0.932 TEE3=-0.930  TEE4=-0.924
rank= 43 Lx=Ly=22 pg= 0.900 ids= 427 TEE1=-0.816 TEE2=-0.928 TEE3=-0.938  TEE4=-0.948
rank= 64 Lx=Ly=22 pg= 0.890 ids= 448 TEE1=-0.804 TEE2=-0.895 TEE3=-0.897  TEE4=-0.893
rank=  4 Lx=Ly=22 pg= 0.900 ids= 388 TEE1=-0.841 TEE2=-0.921 TEE3=-0.917  TEE4=-0.907
rank=  9 Lx=Ly=22 pg= 0.900 ids= 393 TEE1=-0.884 TEE2=-0.928 TEE3=-0.930  TEE4=-0.940
rank= 91 Lx=Ly=22 pg= 0.880 ids= 475 TEE1=-0.783 TEE2=-0.895 TEE3=-0.895  TEE4=-0.893
rank= 13 Lx=Ly=22 pg= 0.900 ids= 397 TEE1=-0.833 TEE2=-0.930 TEE3=-0.930  TEE4=-0.946
rank=  0 Lx=Ly=22 pg= 0.900 ids= 384 TEE1=-0.837 TEE2=-0.917 TEE3=-0.915  TEE4=-0.938
rank= 24 Lx=Ly=22 pg= 0.890 ids= 408 TEE1=-0.831 TEE2=-0.897 TEE3=-0.895  TEE4=-0.888
rank= 73 Lx=Ly=22 pg= 0.890 ids= 457 TEE1=-0.857 TEE2=-0.915 TEE3=-0.907  TEE4=-0.911
rank= 18 Lx=Ly=22 pg= 0.880 ids= 402 TEE1=-0.820 TEE2=-0.899 TEE3=-0.899  TEE4=-0.915
rank= 55 Lx=Ly=22 pg= 0.890 ids= 439 TEE1=-0.843 TEE2=-0.946 TEE3=-0.942  TEE4=-0.946
rank= 59 Lx=Ly=22 pg= 0.890 ids= 443 TEE1=-0.781 TEE2=-0.866 TEE3=-0.855  TEE4=-0.822
rank= 92 Lx=Ly=22 pg= 0.870 ids= 476 TEE1=-0.682 TEE2=-0.816 TEE3=-0.814  TEE4=-0.756
rank= 90 Lx=Ly=22 pg= 0.870 ids= 474 TEE1=-0.742 TEE2=-0.814 TEE3=-0.806  TEE4=-0.762
rank= 53 Lx=Ly=22 pg= 0.890 ids= 437 TEE1=-0.822 TEE2=-0.893 TEE3=-0.895  TEE4=-0.919
rank= 38 Lx=Ly=22 pg= 0.900 ids= 422 TEE1=-0.851 TEE2=-0.940 TEE3=-0.950  TEE4=-0.952
rank= 28 Lx=Ly=22 pg= 0.890 ids= 412 TEE1=-0.812 TEE2=-0.907 TEE3=-0.907  TEE4=-0.919
rank= 25 Lx=Ly=22 pg= 0.900 ids= 409 TEE1=-0.839 TEE2=-0.924 TEE3=-0.928  TEE4=-0.932
rank= 76 Lx=Ly=22 pg= 0.880 ids= 460 TEE1=-0.756 TEE2=-0.857 TEE3=-0.853  TEE4=-0.874
rank= 51 Lx=Ly=22 pg= 0.900 ids= 435 TEE1=-0.847 TEE2=-0.932 TEE3=-0.928  TEE4=-0.936
rank= 50 Lx=Ly=22 pg= 0.890 ids= 434 TEE1=-0.816 TEE2=-0.890 TEE3=-0.893  TEE4=-0.903
rank= 32 Lx=Ly=22 pg= 0.900 ids= 416 TEE1=-0.847 TEE2=-0.946 TEE3=-0.944  TEE4=-0.948
rank= 56 Lx=Ly=22 pg= 0.890 ids= 440 TEE1=-0.826 TEE2=-0.917 TEE3=-0.930  TEE4=-0.959
rank= 20 Lx=Ly=22 pg= 0.890 ids= 404 TEE1=-0.750 TEE2=-0.860 TEE3=-0.866  TEE4=-0.905
rank= 72 Lx=Ly=22 pg= 0.880 ids= 456 TEE1=-0.781 TEE2=-0.841 TEE3=-0.822  TEE4=-0.785
rank= 74 Lx=Ly=22 pg= 0.890 ids= 458 TEE1=-0.767 TEE2=-0.866 TEE3=-0.843  TEE4=-0.837
rank= 58 Lx=Ly=22 pg= 0.890 ids= 442 TEE1=-0.837 TEE2=-0.938 TEE3=-0.950  TEE4=-0.948
rank= 49 Lx=Ly=22 pg= 0.900 ids= 433 TEE1=-0.810 TEE2=-0.897 TEE3=-0.909  TEE4=-0.928
rank= 19 Lx=Ly=22 pg= 0.890 ids= 403 TEE1=-0.806 TEE2=-0.909 TEE3=-0.911  TEE4=-0.938
rank= 63 Lx=Ly=22 pg= 0.890 ids= 447 TEE1=-0.833 TEE2=-0.926 TEE3=-0.921  TEE4=-0.952
rank= 87 Lx=Ly=22 pg= 0.890 ids= 471 TEE1=-0.847 TEE2=-0.938 TEE3=-0.936  TEE4=-0.938
rank= 79 Lx=Ly=22 pg= 0.890 ids= 463 TEE1=-0.824 TEE2=-0.907 TEE3=-0.909  TEE4=-0.932
rank= 23 Lx=Ly=22 pg= 0.890 ids= 407 TEE1=-0.845 TEE2=-0.946 TEE3=-0.952  TEE4=-0.969
rank= 34 Lx=Ly=22 pg= 0.900 ids= 418 TEE1=-0.845 TEE2=-0.950 TEE3=-0.942  TEE4=-0.950
rank= 61 Lx=Ly=22 pg= 0.890 ids= 445 TEE1=-0.826 TEE2=-0.930 TEE3=-0.942  TEE4=-0.952
rank= 17 Lx=Ly=22 pg= 0.890 ids= 401 TEE1=-0.804 TEE2=-0.878 TEE3=-0.870  TEE4=-0.872
rank= 77 Lx=Ly=22 pg= 0.890 ids= 461 TEE1=-0.853 TEE2=-0.940 TEE3=-0.936  TEE4=-0.926
rank= 52 Lx=Ly=22 pg= 0.890 ids= 436 TEE1=-0.806 TEE2=-0.926 TEE3=-0.932  TEE4=-0.969
rank= 36 Lx=Ly=22 pg= 0.900 ids= 420 TEE1=-0.841 TEE2=-0.930 TEE3=-0.928  TEE4=-0.946
rank= 16 Lx=Ly=22 pg= 0.890 ids= 400 TEE1=-0.802 TEE2=-0.905 TEE3=-0.893  TEE4=-0.909
rank= 62 Lx=Ly=22 pg= 0.890 ids= 446 TEE1=-0.795 TEE2=-0.919 TEE3=-0.924  TEE4=-0.926
rank= 31 Lx=Ly=22 pg= 0.900 ids= 415 TEE1=-0.833 TEE2=-0.934 TEE3=-0.924  TEE4=-0.924
rank= 66 Lx=Ly=22 pg= 0.890 ids= 450 TEE1=-0.847 TEE2=-0.924 TEE3=-0.926  TEE4=-0.938
rank= 27 Lx=Ly=22 pg= 0.900 ids= 411 TEE1=-0.816 TEE2=-0.944 TEE3=-0.952  TEE4=-0.955
rank= 60 Lx=Ly=22 pg= 0.890 ids= 444 TEE1=-0.804 TEE2=-0.909 TEE3=-0.913  TEE4=-0.915
rank= 95 Lx=Ly=22 pg= 0.880 ids= 479 TEE1=-0.756 TEE2=-0.839 TEE3=-0.822  TEE4=-0.777
rank= 21 Lx=Ly=22 pg= 0.890 ids= 405 TEE1=-0.787 TEE2=-0.909 TEE3=-0.917  TEE4=-0.921
rank= 30 Lx=Ly=22 pg= 0.900 ids= 414 TEE1=-0.831 TEE2=-0.921 TEE3=-0.919  TEE4=-0.930
rank= 29 Lx=Ly=22 pg= 0.900 ids= 413 TEE1=-0.814 TEE2=-0.915 TEE3=-0.928  TEE4=-0.946
rank= 22 Lx=Ly=22 pg= 0.890 ids= 406 TEE1=-0.853 TEE2=-0.950 TEE3=-0.946  TEE4=-0.959
rank= 89 Lx=Ly=22 pg= 0.890 ids= 473 TEE1=-0.804 TEE2=-0.872 TEE3=-0.884  TEE4=-0.901
rank= 78 Lx=Ly=22 pg= 0.890 ids= 462 TEE1=-0.824 TEE2=-0.897 TEE3=-0.876  TEE4=-0.872
rank= 57 Lx=Ly=22 pg= 0.900 ids= 441 TEE1=-0.804 TEE2=-0.874 TEE3=-0.870  TEE4=-0.899
rank= 75 Lx=Ly=22 pg= 0.900 ids= 459 TEE1=-0.860 TEE2=-0.940 TEE3=-0.942  TEE4=-0.957
rank= 26 Lx=Ly=22 pg= 0.900 ids= 410 TEE1=-0.841 TEE2=-0.926 TEE3=-0.926  TEE4=-0.950
rank= 55 Lx=Ly=22 pg= 0.900 ids= 439 TEE1=-0.874 TEE2=-0.969 TEE3=-0.967  TEE4=-0.971
rank= 54 Lx=Ly=22 pg= 0.890 ids= 438 TEE1=-0.814 TEE2=-0.903 TEE3=-0.895  TEE4=-0.876
rank= 53 Lx=Ly=22 pg= 0.900 ids= 437 TEE1=-0.841 TEE2=-0.926 TEE3=-0.930  TEE4=-0.950
rank= 59 Lx=Ly=22 pg= 0.900 ids= 443 TEE1=-0.851 TEE2=-0.950 TEE3=-0.948  TEE4=-0.959
rank= 24 Lx=Ly=22 pg= 0.900 ids= 408 TEE1=-0.802 TEE2=-0.919 TEE3=-0.911  TEE4=-0.921
rank= 73 Lx=Ly=22 pg= 0.900 ids= 457 TEE1=-0.804 TEE2=-0.895 TEE3=-0.888  TEE4=-0.911
rank= 94 Lx=Ly=22 pg= 0.880 ids= 478 TEE1=-0.680 TEE2=-0.804 TEE3=-0.800  TEE4=-0.818
rank= 48 Lx=Ly=22 pg= 0.900 ids= 432 TEE1=-0.837 TEE2=-0.921 TEE3=-0.921  TEE4=-0.936
rank= 18 Lx=Ly=22 pg= 0.890 ids= 402 TEE1=-0.820 TEE2=-0.897 TEE3=-0.901  TEE4=-0.886
rank= 28 Lx=Ly=22 pg= 0.900 ids= 412 TEE1=-0.814 TEE2=-0.911 TEE3=-0.911  TEE4=-0.924
rank= 68 Lx=Ly=22 pg= 0.890 ids= 452 TEE1=-0.787 TEE2=-0.882 TEE3=-0.874  TEE4=-0.895
rank= 19 Lx=Ly=22 pg= 0.900 ids= 403 TEE1=-0.866 TEE2=-0.955 TEE3=-0.952  TEE4=-0.961
rank= 63 Lx=Ly=22 pg= 0.900 ids= 447 TEE1=-0.845 TEE2=-0.921 TEE3=-0.917  TEE4=-0.893
rank= 85 Lx=Ly=22 pg= 0.890 ids= 469 TEE1=-0.789 TEE2=-0.886 TEE3=-0.890  TEE4=-0.905
rank= 20 Lx=Ly=22 pg= 0.900 ids= 404 TEE1=-0.853 TEE2=-0.973 TEE3=-0.979  TEE4=-0.990
rank= 81 Lx=Ly=22 pg= 0.890 ids= 465 TEE1=-0.829 TEE2=-0.909 TEE3=-0.890  TEE4=-0.895
rank= 80 Lx=Ly=22 pg= 0.880 ids= 464 TEE1=-0.810 TEE2=-0.926 TEE3=-0.915  TEE4=-0.926
rank= 23 Lx=Ly=22 pg= 0.900 ids= 407 TEE1=-0.831 TEE2=-0.924 TEE3=-0.921  TEE4=-0.936
rank= 61 Lx=Ly=22 pg= 0.900 ids= 445 TEE1=-0.824 TEE2=-0.926 TEE3=-0.930  TEE4=-0.952
rank= 17 Lx=Ly=22 pg= 0.900 ids= 401 TEE1=-0.849 TEE2=-0.915 TEE3=-0.924  TEE4=-0.928
rank= 50 Lx=Ly=22 pg= 0.900 ids= 434 TEE1=-0.826 TEE2=-0.886 TEE3=-0.888  TEE4=-0.868
rank= 93 Lx=Ly=22 pg= 0.890 ids= 477 TEE1=-0.851 TEE2=-0.934 TEE3=-0.932  TEE4=-0.955
rank= 79 Lx=Ly=22 pg= 0.900 ids= 463 TEE1=-0.820 TEE2=-0.884 TEE3=-0.884  TEE4=-0.870
rank= 88 Lx=Ly=22 pg= 0.880 ids= 472 TEE1=-0.806 TEE2=-0.884 TEE3=-0.876  TEE4=-0.876
rank= 83 Lx=Ly=22 pg= 0.900 ids= 467 TEE1=-0.853 TEE2=-0.959 TEE3=-0.967  TEE4=-0.967
rank= 56 Lx=Ly=22 pg= 0.900 ids= 440 TEE1=-0.837 TEE2=-0.924 TEE3=-0.921  TEE4=-0.926
rank= 77 Lx=Ly=22 pg= 0.900 ids= 461 TEE1=-0.806 TEE2=-0.895 TEE3=-0.893  TEE4=-0.899
rank= 86 Lx=Ly=22 pg= 0.880 ids= 470 TEE1=-0.746 TEE2=-0.798 TEE3=-0.800  TEE4=-0.822
rank= 16 Lx=Ly=22 pg= 0.900 ids= 400 TEE1=-0.824 TEE2=-0.905 TEE3=-0.901  TEE4=-0.909
rank= 58 Lx=Ly=22 pg= 0.900 ids= 442 TEE1=-0.787 TEE2=-0.888 TEE3=-0.893  TEE4=-0.890
rank= 21 Lx=Ly=22 pg= 0.900 ids= 405 TEE1=-0.882 TEE2=-0.950 TEE3=-0.961  TEE4=-0.957
rank= 91 Lx=Ly=22 pg= 0.890 ids= 475 TEE1=-0.849 TEE2=-0.913 TEE3=-0.905  TEE4=-0.893
rank= 52 Lx=Ly=22 pg= 0.900 ids= 436 TEE1=-0.855 TEE2=-0.969 TEE3=-0.969  TEE4=-0.973
rank= 22 Lx=Ly=22 pg= 0.900 ids= 406 TEE1=-0.862 TEE2=-0.942 TEE3=-0.936  TEE4=-0.944
rank= 62 Lx=Ly=22 pg= 0.900 ids= 446 TEE1=-0.789 TEE2=-0.862 TEE3=-0.866  TEE4=-0.878
rank= 82 Lx=Ly=22 pg= 0.890 ids= 466 TEE1=-0.837 TEE2=-0.915 TEE3=-0.915  TEE4=-0.911
rank= 60 Lx=Ly=22 pg= 0.900 ids= 444 TEE1=-0.816 TEE2=-0.911 TEE3=-0.893  TEE4=-0.897
rank= 84 Lx=Ly=22 pg= 0.880 ids= 468 TEE1=-0.802 TEE2=-0.905 TEE3=-0.909  TEE4=-0.919
rank= 87 Lx=Ly=22 pg= 0.900 ids= 471 TEE1=-0.839 TEE2=-0.926 TEE3=-0.928  TEE4=-0.936
rank= 70 Lx=Ly=22 pg= 0.890 ids= 454 TEE1=-0.843 TEE2=-0.915 TEE3=-0.915  TEE4=-0.940
rank= 64 Lx=Ly=22 pg= 0.900 ids= 448 TEE1=-0.849 TEE2=-0.944 TEE3=-0.946  TEE4=-0.952
rank= 54 Lx=Ly=22 pg= 0.900 ids= 438 TEE1=-0.864 TEE2=-0.950 TEE3=-0.950  TEE4=-0.957
rank= 18 Lx=Ly=22 pg= 0.900 ids= 402 TEE1=-0.845 TEE2=-0.940 TEE3=-0.940  TEE4=-0.963
rank= 95 Lx=Ly=22 pg= 0.890 ids= 479 TEE1=-0.769 TEE2=-0.878 TEE3=-0.876  TEE4=-0.874
rank= 89 Lx=Ly=22 pg= 0.900 ids= 473 TEE1=-0.829 TEE2=-0.897 TEE3=-0.890  TEE4=-0.901
rank= 92 Lx=Ly=22 pg= 0.880 ids= 476 TEE1=-0.824 TEE2=-0.926 TEE3=-0.932  TEE4=-0.948
rank= 90 Lx=Ly=22 pg= 0.880 ids= 474 TEE1=-0.771 TEE2=-0.888 TEE3=-0.895  TEE4=-0.911
rank= 85 Lx=Ly=22 pg= 0.900 ids= 469 TEE1=-0.833 TEE2=-0.942 TEE3=-0.944  TEE4=-0.967
rank= 81 Lx=Ly=22 pg= 0.900 ids= 465 TEE1=-0.851 TEE2=-0.932 TEE3=-0.932  TEE4=-0.934
rank= 76 Lx=Ly=22 pg= 0.890 ids= 460 TEE1=-0.793 TEE2=-0.860 TEE3=-0.868  TEE4=-0.872
rank= 93 Lx=Ly=22 pg= 0.900 ids= 477 TEE1=-0.837 TEE2=-0.944 TEE3=-0.946  TEE4=-0.961
rank= 74 Lx=Ly=22 pg= 0.900 ids= 458 TEE1=-0.874 TEE2=-0.950 TEE3=-0.952  TEE4=-0.971
rank= 72 Lx=Ly=22 pg= 0.890 ids= 456 TEE1=-0.824 TEE2=-0.938 TEE3=-0.946  TEE4=-0.963
rank= 66 Lx=Ly=22 pg= 0.900 ids= 450 TEE1=-0.822 TEE2=-0.926 TEE3=-0.930  TEE4=-0.955
rank= 91 Lx=Ly=22 pg= 0.900 ids= 475 TEE1=-0.862 TEE2=-0.924 TEE3=-0.919  TEE4=-0.932
rank= 78 Lx=Ly=22 pg= 0.900 ids= 462 TEE1=-0.845 TEE2=-0.934 TEE3=-0.934  TEE4=-0.919
rank= 95 Lx=Ly=22 pg= 0.900 ids= 479 TEE1=-0.868 TEE2=-0.967 TEE3=-0.969  TEE4=-0.983
rank= 68 Lx=Ly=22 pg= 0.900 ids= 452 TEE1=-0.841 TEE2=-0.938 TEE3=-0.934  TEE4=-0.942
rank= 70 Lx=Ly=22 pg= 0.900 ids= 454 TEE1=-0.806 TEE2=-0.893 TEE3=-0.895  TEE4=-0.866
rank= 94 Lx=Ly=22 pg= 0.890 ids= 478 TEE1=-0.841 TEE2=-0.930 TEE3=-0.917  TEE4=-0.921
rank= 80 Lx=Ly=22 pg= 0.890 ids= 464 TEE1=-0.808 TEE2=-0.911 TEE3=-0.915  TEE4=-0.928
rank= 88 Lx=Ly=22 pg= 0.890 ids= 472 TEE1=-0.769 TEE2=-0.824 TEE3=-0.822  TEE4=-0.808
rank= 86 Lx=Ly=22 pg= 0.890 ids= 470 TEE1=-0.785 TEE2=-0.890 TEE3=-0.901  TEE4=-0.890
rank= 76 Lx=Ly=22 pg= 0.900 ids= 460 TEE1=-0.824 TEE2=-0.909 TEE3=-0.897  TEE4=-0.909
rank= 72 Lx=Ly=22 pg= 0.900 ids= 456 TEE1=-0.857 TEE2=-0.959 TEE3=-0.961  TEE4=-0.975
rank= 82 Lx=Ly=22 pg= 0.900 ids= 466 TEE1=-0.843 TEE2=-0.946 TEE3=-0.948  TEE4=-0.967
rank= 84 Lx=Ly=22 pg= 0.890 ids= 468 TEE1=-0.802 TEE2=-0.905 TEE3=-0.909  TEE4=-0.903
rank= 92 Lx=Ly=22 pg= 0.890 ids= 476 TEE1=-0.795 TEE2=-0.884 TEE3=-0.884  TEE4=-0.905
rank= 90 Lx=Ly=22 pg= 0.890 ids= 474 TEE1=-0.814 TEE2=-0.899 TEE3=-0.907  TEE4=-0.932
rank= 80 Lx=Ly=22 pg= 0.900 ids= 464 TEE1=-0.847 TEE2=-0.928 TEE3=-0.928  TEE4=-0.950
rank= 94 Lx=Ly=22 pg= 0.900 ids= 478 TEE1=-0.841 TEE2=-0.938 TEE3=-0.936  TEE4=-0.944
rank= 86 Lx=Ly=22 pg= 0.900 ids= 470 TEE1=-0.866 TEE2=-0.957 TEE3=-0.955  TEE4=-0.948
rank= 88 Lx=Ly=22 pg= 0.900 ids= 472 TEE1=-0.874 TEE2=-0.977 TEE3=-0.981  TEE4=-0.986
rank= 84 Lx=Ly=22 pg= 0.900 ids= 468 TEE1=-0.837 TEE2=-0.930 TEE3=-0.930  TEE4=-0.946
rank= 92 Lx=Ly=22 pg= 0.900 ids= 476 TEE1=-0.845 TEE2=-0.936 TEE3=-0.940  TEE4=-0.930
rank= 90 Lx=Ly=22 pg= 0.900 ids= 474 TEE1=-0.822 TEE2=-0.924 TEE3=-0.917  TEE4=-0.907
Lx=22, pg=0.700 :
  TEE1: ave=-0.0037 ± 0.0015, var=0.0012
  TEE2: ave=0.0263 ± 0.0010, var=0.0005
  TEE3: ave=0.0388 ± 0.0010, var=0.0005
  TEE3: ave=0.0374 ± 0.0012, var=0.0007
Lx=22, pg=0.710 :
  TEE1: ave=-0.0190 ± 0.0017, var=0.0014
  TEE2: ave=0.0247 ± 0.0011, var=0.0006
  TEE3: ave=0.0428 ± 0.0011, var=0.0006
  TEE3: ave=0.0451 ± 0.0013, var=0.0009
Lx=22, pg=0.720 :
  TEE1: ave=-0.0366 ± 0.0019, var=0.0018
  TEE2: ave=0.0204 ± 0.0013, var=0.0008
  TEE3: ave=0.0465 ± 0.0013, var=0.0008
  TEE3: ave=0.0525 ± 0.0016, var=0.0013
Lx=22, pg=0.730 :
  TEE1: ave=-0.0649 ± 0.0022, var=0.0024
  TEE2: ave=0.0114 ± 0.0015, var=0.0011
  TEE3: ave=0.0481 ± 0.0014, var=0.0009
  TEE3: ave=0.0599 ± 0.0018, var=0.0016
Lx=22, pg=0.740 :
  TEE1: ave=-0.0937 ± 0.0024, var=0.0028
  TEE2: ave=-0.0019 ± 0.0017, var=0.0015
  TEE3: ave=0.0463 ± 0.0014, var=0.0010
  TEE3: ave=0.0679 ± 0.0018, var=0.0017
Lx=22, pg=0.750 :
  TEE1: ave=-0.1324 ± 0.0026, var=0.0034
  TEE2: ave=-0.0235 ± 0.0023, var=0.0025
  TEE3: ave=0.0405 ± 0.0018, var=0.0016
  TEE3: ave=0.0760 ± 0.0020, var=0.0020
Lx=22, pg=0.760 :
  TEE1: ave=-0.1756 ± 0.0028, var=0.0039
  TEE2: ave=-0.0585 ± 0.0026, var=0.0035
  TEE3: ave=0.0238 ± 0.0022, var=0.0023
  TEE3: ave=0.0787 ± 0.0023, var=0.0026
Lx=22, pg=0.770 :
  TEE1: ave=-0.2363 ± 0.0030, var=0.0044
  TEE2: ave=-0.1124 ± 0.0033, var=0.0055
  TEE3: ave=-0.0098 ± 0.0029, var=0.0042
  TEE3: ave=0.0703 ± 0.0028, var=0.0039
Lx=22, pg=0.780 :
  TEE1: ave=-0.3012 ± 0.0030, var=0.0045
  TEE2: ave=-0.1849 ± 0.0038, var=0.0071
  TEE3: ave=-0.0681 ± 0.0037, var=0.0068
  TEE3: ave=0.0452 ± 0.0033, var=0.0053
Lx=22, pg=0.790 :
  TEE1: ave=-0.3654 ± 0.0030, var=0.0044
  TEE2: ave=-0.2680 ± 0.0042, var=0.0087
  TEE3: ave=-0.1496 ± 0.0044, var=0.0098
  TEE3: ave=-0.0128 ± 0.0041, var=0.0082
Lx=22, pg=0.800 :
  TEE1: ave=-0.4378 ± 0.0028, var=0.0039
  TEE2: ave=-0.3783 ± 0.0044, var=0.0096
  TEE3: ave=-0.2686 ± 0.0051, var=0.0131
  TEE3: ave=-0.1164 ± 0.0052, var=0.0137
Lx=22, pg=0.810 :
  TEE1: ave=-0.5053 ± 0.0025, var=0.0031
  TEE2: ave=-0.4897 ± 0.0041, var=0.0083
  TEE3: ave=-0.4049 ± 0.0050, var=0.0123
  TEE3: ave=-0.2570 ± 0.0058, var=0.0169
Lx=22, pg=0.820 :
  TEE1: ave=-0.5669 ± 0.0021, var=0.0023
  TEE2: ave=-0.5935 ± 0.0033, var=0.0056
  TEE3: ave=-0.5355 ± 0.0042, var=0.0086
  TEE3: ave=-0.4203 ± 0.0055, var=0.0152
Lx=22, pg=0.830 :
  TEE1: ave=-0.6163 ± 0.0019, var=0.0018
  TEE2: ave=-0.6702 ± 0.0027, var=0.0038
  TEE3: ave=-0.6330 ± 0.0033, var=0.0054
  TEE3: ave=-0.5511 ± 0.0046, var=0.0106
Lx=22, pg=0.840 :
  TEE1: ave=-0.6544 ± 0.0018, var=0.0016
  TEE2: ave=-0.7246 ± 0.0025, var=0.0031
  TEE3: ave=-0.6991 ± 0.0029, var=0.0043
  TEE3: ave=-0.6458 ± 0.0040, var=0.0079
Lx=22, pg=0.850 :
  TEE1: ave=-0.6892 ± 0.0018, var=0.0015
  TEE2: ave=-0.7726 ± 0.0023, var=0.0027
  TEE3: ave=-0.7561 ± 0.0027, var=0.0036
  TEE3: ave=-0.7280 ± 0.0036, var=0.0065
Lx=22, pg=0.860 :
  TEE1: ave=-0.7272 ± 0.0016, var=0.0012
  TEE2: ave=-0.8189 ± 0.0020, var=0.0020
  TEE3: ave=-0.8095 ± 0.0023, var=0.0026
  TEE3: ave=-0.7966 ± 0.0031, var=0.0048
Lx=22, pg=0.870 :
  TEE1: ave=-0.7550 ± 0.0015, var=0.0012
  TEE2: ave=-0.8493 ± 0.0018, var=0.0016
  TEE3: ave=-0.8437 ± 0.0020, var=0.0020
  TEE3: ave=-0.8391 ± 0.0027, var=0.0036
Lx=22, pg=0.880 :
  TEE1: ave=-0.7838 ± 0.0014, var=0.0010
  TEE2: ave=-0.8791 ± 0.0016, var=0.0013
  TEE3: ave=-0.8762 ± 0.0018, var=0.0016
  TEE3: ave=-0.8800 ± 0.0022, var=0.0024
Lx=22, pg=0.890 :
  TEE1: ave=-0.8127 ± 0.0012, var=0.0008
  TEE2: ave=-0.9059 ± 0.0013, var=0.0008
  TEE3: ave=-0.9053 ± 0.0014, var=0.0010
  TEE3: ave=-0.9124 ± 0.0016, var=0.0013
Lx=22, pg=0.900 :
  TEE1: ave=-0.8362 ± 0.0012, var=0.0007
  TEE2: ave=-0.9274 ± 0.0011, var=0.0006
  TEE3: ave=-0.9282 ± 0.0012, var=0.0007
  TEE3: ave=-0.9363 ± 0.0014, var=0.0010
px= 0.0 Np= 21 Nd= 500 NT= 14520 time= 44457
done
Abort(0) on node 0 (rank 0 in comm 0): application called MPI_Abort(MPI_COMM_WORLD, 0) - process 0
slurmstepd: error: *** STEP 2637615.0 ON c18u06n3 CANCELLED AT 2025-08-22T17:45:34 ***
srun: Job step aborted: Waiting up to 42 seconds for job step to finish.
srun: error: c18u06n3: tasks 2,4,6,9,36,98: Killed
srun: Terminating StepId=2637615.0
srun: error: c18u06n3: tasks 0-1,3,5,7-8,10-35,37-97,99-127: Killed
